Price,Adj Close,Close,High,Low,Open,Volume
Ticker,ADANIPORTS.NS,ADANIPORTS.NS,ADANIPORTS.NS,ADANIPORTS.NS,ADANIPORTS.NS,ADANIPORTS.NS
Datetime,,,,,,
2026-04-23 03:45:00+00:00,1572.4000244140625,1572.4000244140625,1577.800048828125,1567.199951171875,1575.199951171875,0
2026-04-23 03:46:00+00:00,1569.0,1569.0,1573.300048828125,1566.699951171875,1573.199951171875,26537
2026-04-23 03:47:00+00:00,1570.9000244140625,1570.9000244140625,1573.0,1569.0999755859375,1569.0999755859375,11341
2026-04-23 03:48:00+00:00,1571.800048828125,1571.800048828125,1571.800048828125,1568.199951171875,1570.5999755859375,18251
2026-04-23 03:49:00+00:00,1571.699951171875,1571.699951171875,1572.5999755859375,1571.5999755859375,1571.5999755859375,11740
2026-04-23 03:50:00+00:00,1578.0,1578.0,1578.0,1572.9000244140625,1572.9000244140625,14380
2026-04-23 03:51:00+00:00,1578.199951171875,1578.199951171875,1578.699951171875,1577.199951171875,1578.699951171875,5142
2026-04-23 03:52:00+00:00,1575.0,1575.0,1577.9000244140625,1575.0,1577.9000244140625,9945
2026-04-23 03:53:00+00:00,1577.199951171875,1577.199951171875,1577.800048828125,1573.5999755859375,1574.300048828125,30836
2026-04-23 03:54:00+00:00,1576.800048828125,1576.800048828125,1578.699951171875,1576.0999755859375,1577.9000244140625,11098
2026-04-23 03:55:00+00:00,1575.0,1575.0,1576.699951171875,1575.0,1576.699951171875,4890
2026-04-23 03:56:00+00:00,1575.800048828125,1575.800048828125,1576.800048828125,1575.199951171875,1575.199951171875,2836
2026-04-23 03:57:00+00:00,1577.800048828125,1577.800048828125,1577.9000244140625,1576.0,1576.5,4403
2026-04-23 03:58:00+00:00,1579.5,1579.5,1581.0,1577.4000244140625,1577.699951171875,27169
2026-04-23 03:59:00+00:00,1578.300048828125,1578.300048828125,1579.699951171875,1578.199951171875,1579.5,4740
2026-04-23 04:00:00+00:00,1578.699951171875,1578.699951171875,1578.699951171875,1576.699951171875,1577.699951171875,5396
2026-04-23 04:01:00+00:00,1578.0,1578.0,1581.199951171875,1578.0,1578.5,8906
2026-04-23 04:02:00+00:00,1578.0,1578.0,1578.699951171875,1577.699951171875,1578.699951171875,2393
2026-04-23 04:03:00+00:00,1574.0,1574.0,1577.5999755859375,1574.0,1577.5999755859375,6504
2026-04-23 04:04:00+00:00,1573.0999755859375,1573.0999755859375,1574.300048828125,1571.800048828125,1571.800048828125,8687
2026-04-23 04:05:00+00:00,1574.800048828125,1574.800048828125,1576.0,1573.0999755859375,1573.0999755859375,7255
2026-04-23 04:06:00+00:00,1575.699951171875,1575.699951171875,1575.800048828125,1574.0,1574.5999755859375,1944
2026-04-23 04:07:00+00:00,1576.699951171875,1576.699951171875,1577.4000244140625,1575.199951171875,1575.199951171875,2878
2026-04-23 04:08:00+00:00,1578.0,1578.0,1578.0,1575.0,1576.300048828125,4559
2026-04-23 04:09:00+00:00,1577.5999755859375,1577.5999755859375,1579.0,1577.199951171875,1578.0,4830
2026-04-23 04:10:00+00:00,1577.699951171875,1577.699951171875,1578.0,1576.199951171875,1578.0,2222
2026-04-23 04:11:00+00:00,1579.0,1579.0,1579.0,1577.5,1577.699951171875,1805
2026-04-23 04:12:00+00:00,1579.800048828125,1579.800048828125,1579.800048828125,1578.5,1578.5,1406
2026-04-23 04:13:00+00:00,1579.9000244140625,1579.9000244140625,1581.199951171875,1579.9000244140625,1580.199951171875,5678
2026-04-23 04:14:00+00:00,1578.800048828125,1578.800048828125,1579.5999755859375,1578.4000244140625,1579.5,3754
2026-04-23 04:15:00+00:00,1579.4000244140625,1579.4000244140625,1579.4000244140625,1578.5,1579.300048828125,2197
2026-04-23 04:16:00+00:00,1579.199951171875,1579.199951171875,1579.5999755859375,1579.199951171875,1579.199951171875,1392
2026-04-23 04:17:00+00:00,1579.699951171875,1579.699951171875,1580.699951171875,1579.699951171875,1579.9000244140625,2238
2026-04-23 04:18:00+00:00,1579.699951171875,1579.699951171875,1579.9000244140625,1579.0999755859375,1579.0999755859375,4957
2026-04-23 04:19:00+00:00,1579.300048828125,1579.300048828125,1580.5,1579.300048828125,1580.0999755859375,1541
2026-04-23 04:20:00+00:00,1580.800048828125,1580.800048828125,1581.199951171875,1579.9000244140625,1580.300048828125,2286
2026-04-23 04:21:00+00:00,1582.0999755859375,1582.0999755859375,1582.800048828125,1580.800048828125,1580.800048828125,6150
2026-04-23 04:22:00+00:00,1583.199951171875,1583.199951171875,1583.199951171875,1582.300048828125,1582.4000244140625,2917
2026-04-23 04:23:00+00:00,1582.5999755859375,1582.5999755859375,1583.5999755859375,1582.5,1582.9000244140625,4189
2026-04-23 04:24:00+00:00,1581.0,1581.0,1583.0,1581.0,1582.5999755859375,3638
2026-04-23 04:25:00+00:00,1581.4000244140625,1581.4000244140625,1582.0,1581.0,1581.300048828125,1087
2026-04-23 04:26:00+00:00,1581.800048828125,1581.800048828125,1581.800048828125,1581.0,1581.0999755859375,1649
2026-04-23 04:27:00+00:00,1582.0,1582.0,1582.5999755859375,1581.5999755859375,1582.0999755859375,1661
2026-04-23 04:28:00+00:00,1580.199951171875,1580.199951171875,1581.9000244140625,1580.199951171875,1581.9000244140625,3900
2026-04-23 04:29:00+00:00,1580.0999755859375,1580.0999755859375,1580.699951171875,1580.0999755859375,1580.699951171875,550
2026-04-23 04:30:00+00:00,1580.0,1580.0,1580.699951171875,1580.0,1580.699951171875,2107
2026-04-23 04:31:00+00:00,1581.0999755859375,1581.0999755859375,1581.800048828125,1580.4000244140625,1580.5,1522
2026-04-23 04:32:00+00:00,1581.199951171875,1581.199951171875,1582.0,1581.199951171875,1581.199951171875,850
2026-04-23 04:33:00+00:00,1581.800048828125,1581.800048828125,1581.9000244140625,1581.300048828125,1581.300048828125,1062
2026-04-23 04:34:00+00:00,1581.9000244140625,1581.9000244140625,1581.9000244140625,1581.0,1581.9000244140625,1244
2026-04-23 04:35:00+00:00,1582.4000244140625,1582.4000244140625,1582.9000244140625,1582.0,1582.800048828125,3407
2026-04-23 04:36:00+00:00,1582.300048828125,1582.300048828125,1582.5999755859375,1582.0999755859375,1582.4000244140625,1508
2026-04-23 04:37:00+00:00,1580.0999755859375,1580.0999755859375,1582.300048828125,1580.0999755859375,1581.699951171875,3850
2026-04-23 04:38:00+00:00,1580.800048828125,1580.800048828125,1580.800048828125,1580.0999755859375,1580.0999755859375,1156
2026-04-23 04:39:00+00:00,1580.800048828125,1580.800048828125,1581.4000244140625,1580.5999755859375,1581.0,1135
2026-04-23 04:40:00+00:00,1580.4000244140625,1580.4000244140625,1580.800048828125,1580.0,1580.5999755859375,1928
2026-04-23 04:41:00+00:00,1580.300048828125,1580.300048828125,1580.5999755859375,1579.300048828125,1579.5999755859375,923
2026-04-23 04:42:00+00:00,1579.199951171875,1579.199951171875,1580.699951171875,1579.0,1580.699951171875,1823
2026-04-23 04:43:00+00:00,1579.199951171875,1579.199951171875,1579.5999755859375,1578.5999755859375,1579.0,608
2026-04-23 04:44:00+00:00,1579.699951171875,1579.699951171875,1580.300048828125,1578.800048828125,1579.199951171875,733
2026-04-23 04:45:00+00:00,1578.5999755859375,1578.5999755859375,1580.4000244140625,1578.5999755859375,1580.0999755859375,1313
2026-04-23 04:46:00+00:00,1579.9000244140625,1579.9000244140625,1579.9000244140625,1579.0,1579.0999755859375,546
2026-04-23 04:47:00+00:00,1579.5,1579.5,1579.9000244140625,1579.0,1579.9000244140625,938
2026-04-23 04:48:00+00:00,1579.9000244140625,1579.9000244140625,1579.9000244140625,1579.5,1579.5,947
2026-04-23 04:49:00+00:00,1581.199951171875,1581.199951171875,1581.5999755859375,1579.800048828125,1579.800048828125,2356
2026-04-23 04:50:00+00:00,1582.199951171875,1582.199951171875,1583.0,1581.5999755859375,1581.5999755859375,2820
2026-04-23 04:51:00+00:00,1581.9000244140625,1581.9000244140625,1582.800048828125,1581.9000244140625,1582.0,778
2026-04-23 04:52:00+00:00,1581.9000244140625,1581.9000244140625,1582.0999755859375,1581.4000244140625,1581.4000244140625,485
2026-04-23 04:53:00+00:00,1581.800048828125,1581.800048828125,1582.0999755859375,1581.800048828125,1581.9000244140625,2107
2026-04-23 04:54:00+00:00,1581.699951171875,1581.699951171875,1581.699951171875,1581.4000244140625,1581.5,271
2026-04-23 04:55:00+00:00,1581.5999755859375,1581.5999755859375,1581.9000244140625,1581.0,1581.800048828125,1680
2026-04-23 04:56:00+00:00,1582.300048828125,1582.300048828125,1582.300048828125,1581.5,1582.0,805
2026-04-23 04:57:00+00:00,1582.699951171875,1582.699951171875,1582.800048828125,1582.0,1582.0,560
2026-04-23 04:58:00+00:00,1583.0,1583.0,1583.0,1582.5999755859375,1582.699951171875,661
2026-04-23 04:59:00+00:00,1582.5999755859375,1582.5999755859375,1583.0,1582.5999755859375,1583.0,1654
2026-04-23 05:00:00+00:00,1582.5999755859375,1582.5999755859375,1582.5999755859375,1582.199951171875,1582.5999755859375,1937
2026-04-23 05:01:00+00:00,1582.4000244140625,1582.4000244140625,1582.9000244140625,1582.199951171875,1582.199951171875,3284
2026-04-23 05:02:00+00:00,1581.9000244140625,1581.9000244140625,1583.9000244140625,1581.5,1582.699951171875,6120
2026-04-23 05:03:00+00:00,1580.5,1580.5,1581.9000244140625,1580.5,1581.9000244140625,1144
2026-04-23 05:04:00+00:00,1580.0,1580.0,1581.9000244140625,1579.300048828125,1580.800048828125,2605
2026-04-23 05:05:00+00:00,1579.9000244140625,1579.9000244140625,1580.5,1579.5999755859375,1579.800048828125,572
2026-04-23 05:06:00+00:00,1579.199951171875,1579.199951171875,1580.0,1579.199951171875,1579.9000244140625,1357
2026-04-23 05:07:00+00:00,1579.0,1579.0,1579.199951171875,1578.0,1579.199951171875,3549
2026-04-23 05:08:00+00:00,1578.699951171875,1578.699951171875,1579.0,1578.199951171875,1578.699951171875,731
2026-04-23 05:09:00+00:00,1578.5999755859375,1578.5999755859375,1579.0999755859375,1578.5999755859375,1578.699951171875,655
2026-04-23 05:10:00+00:00,1578.699951171875,1578.699951171875,1579.0,1578.5999755859375,1579.0,871
2026-04-23 05:11:00+00:00,1579.5,1579.5,1579.5,1578.300048828125,1578.5999755859375,2299
2026-04-23 05:12:00+00:00,1579.9000244140625,1579.9000244140625,1580.0,1579.5,1580.0,1027
2026-04-23 05:13:00+00:00,1581.9000244140625,1581.9000244140625,1581.9000244140625,1580.5,1580.5,2917
2026-04-23 05:14:00+00:00,1580.699951171875,1580.699951171875,1581.9000244140625,1580.5999755859375,1581.9000244140625,1913
2026-04-23 05:15:00+00:00,1578.800048828125,1578.800048828125,1580.699951171875,1578.699951171875,1580.699951171875,9654
2026-04-23 05:16:00+00:00,1580.699951171875,1580.699951171875,1581.199951171875,1578.9000244140625,1579.4000244140625,1417
2026-04-23 05:17:00+00:00,1582.5,1582.5,1582.5,1580.0,1580.4000244140625,4100
2026-04-23 05:18:00+00:00,1583.199951171875,1583.199951171875,1583.4000244140625,1582.199951171875,1582.4000244140625,3057
2026-04-23 05:19:00+00:00,1584.0999755859375,1584.0999755859375,1584.5,1582.5999755859375,1582.5999755859375,6461
2026-04-23 05:20:00+00:00,1584.0999755859375,1584.0999755859375,1584.800048828125,1584.0,1584.0,713
2026-04-23 05:21:00+00:00,1586.0,1586.0,1586.0,1584.0,1584.0999755859375,8372
2026-04-23 05:22:00+00:00,1587.699951171875,1587.699951171875,1588.0,1587.0,1587.0,12393
2026-04-23 05:23:00+00:00,1587.9000244140625,1587.9000244140625,1588.0,1586.4000244140625,1587.9000244140625,3712
2026-04-23 05:24:00+00:00,1587.699951171875,1587.699951171875,1588.0,1586.699951171875,1587.5,1251
2026-04-23 05:25:00+00:00,1587.5,1587.5,1587.800048828125,1587.0,1587.800048828125,2521
2026-04-23 05:26:00+00:00,1586.5,1586.5,1587.300048828125,1586.300048828125,1587.0,1966
2026-04-23 05:27:00+00:00,1587.0,1587.0,1587.199951171875,1586.0999755859375,1586.5,3053
2026-04-23 05:28:00+00:00,1586.0999755859375,1586.0999755859375,1586.9000244140625,1583.699951171875,1586.9000244140625,60804
2026-04-23 05:29:00+00:00,1586.300048828125,1586.300048828125,1586.4000244140625,1585.199951171875,1585.800048828125,1670
2026-04-23 05:30:00+00:00,1586.5999755859375,1586.5999755859375,1587.0,1585.800048828125,1586.0999755859375,3749
2026-04-23 05:31:00+00:00,1588.9000244140625,1588.9000244140625,1589.4000244140625,1586.699951171875,1587.0,64081
2026-04-23 05:32:00+00:00,1588.199951171875,1588.199951171875,1589.0,1587.800048828125,1588.9000244140625,5452
2026-04-23 05:33:00+00:00,1588.800048828125,1588.800048828125,1589.0,1586.0,1588.4000244140625,65114
2026-04-23 05:34:00+00:00,1592.0999755859375,1592.0999755859375,1592.699951171875,1589.0,1589.199951171875,12813
2026-04-23 05:35:00+00:00,1590.5,1590.5,1592.699951171875,1590.5,1592.0999755859375,15679
2026-04-23 05:36:00+00:00,1589.0999755859375,1589.0999755859375,1590.5,1588.0999755859375,1590.5,5309
2026-04-23 05:37:00+00:00,1589.9000244140625,1589.9000244140625,1590.0,1589.0,1589.0999755859375,3180
2026-04-23 05:38:00+00:00,1589.5999755859375,1589.5999755859375,1590.0,1589.5999755859375,1589.9000244140625,2067
2026-04-23 05:39:00+00:00,1588.699951171875,1588.699951171875,1589.4000244140625,1588.199951171875,1589.199951171875,2184
2026-04-23 05:40:00+00:00,1588.0999755859375,1588.0999755859375,1588.800048828125,1587.5,1588.699951171875,4543
2026-04-23 05:41:00+00:00,1587.0999755859375,1587.0999755859375,1588.199951171875,1587.0999755859375,1588.199951171875,1890
2026-04-23 05:42:00+00:00,1586.0999755859375,1586.0999755859375,1586.800048828125,1586.0999755859375,1586.800048828125,1030
2026-04-23 05:43:00+00:00,1585.699951171875,1585.699951171875,1585.699951171875,1585.0,1585.5,7600
2026-04-23 05:44:00+00:00,1585.0,1585.0,1585.699951171875,1584.699951171875,1585.699951171875,1397
2026-04-23 05:45:00+00:00,1585.300048828125,1585.300048828125,1585.5,1584.5999755859375,1585.0,1098
2026-04-23 05:46:00+00:00,1586.0,1586.0,1586.5,1585.199951171875,1585.199951171875,1256
2026-04-23 05:47:00+00:00,1586.5,1586.5,1586.699951171875,1585.5,1585.5,1204
2026-04-23 05:48:00+00:00,1586.5,1586.5,1586.5999755859375,1586.0,1586.5,193
2026-04-23 05:49:00+00:00,1586.800048828125,1586.800048828125,1587.0,1586.0,1586.5,2035
2026-04-23 05:50:00+00:00,1586.699951171875,1586.699951171875,1587.0,1586.300048828125,1586.5999755859375,328
2026-04-23 05:51:00+00:00,1587.5999755859375,1587.5999755859375,1587.9000244140625,1586.5,1586.699951171875,2727
2026-04-23 05:52:00+00:00,1587.5999755859375,1587.5999755859375,1587.800048828125,1587.199951171875,1587.5999755859375,4286
2026-04-23 05:53:00+00:00,1587.0,1587.0,1588.0,1586.300048828125,1587.800048828125,3275
2026-04-23 05:54:00+00:00,1587.0,1587.0,1587.199951171875,1586.300048828125,1586.9000244140625,5173
2026-04-23 05:55:00+00:00,1587.5,1587.5,1587.5,1586.5,1587.0,1452
2026-04-23 05:56:00+00:00,1587.199951171875,1587.199951171875,1588.0,1586.699951171875,1587.4000244140625,1190
2026-04-23 05:57:00+00:00,1587.5999755859375,1587.5999755859375,1587.5999755859375,1586.5,1587.199951171875,969
2026-04-23 05:58:00+00:00,1587.699951171875,1587.699951171875,1588.0,1586.699951171875,1586.699951171875,1395
2026-04-23 05:59:00+00:00,1587.800048828125,1587.800048828125,1588.0,1587.699951171875,1588.0,691
2026-04-23 06:00:00+00:00,1588.0,1588.0,1588.0,1587.9000244140625,1587.9000244140625,781
2026-04-23 06:01:00+00:00,1588.0,1588.0,1588.199951171875,1588.0,1588.0,1786
2026-04-23 06:02:00+00:00,1588.0,1588.0,1588.0,1588.0,1588.0,3945
2026-04-23 06:03:00+00:00,1587.5,1587.5,1588.199951171875,1587.0,1588.0,8147
2026-04-23 06:04:00+00:00,1588.0,1588.0,1588.0,1587.5,1587.5999755859375,2603
2026-04-23 06:05:00+00:00,1589.199951171875,1589.199951171875,1589.199951171875,1587.4000244140625,1588.0,15943
2026-04-23 06:06:00+00:00,1589.699951171875,1589.699951171875,1590.9000244140625,1588.0,1589.199951171875,27355
2026-04-23 06:07:00+00:00,1590.699951171875,1590.699951171875,1591.0999755859375,1590.199951171875,1590.199951171875,7163
2026-04-23 06:08:00+00:00,1593.800048828125,1593.800048828125,1593.9000244140625,1590.5999755859375,1590.699951171875,8183
2026-04-23 06:09:00+00:00,1595.800048828125,1595.800048828125,1596.0,1593.0999755859375,1593.9000244140625,19870
2026-04-23 06:10:00+00:00,1596.5,1596.5,1596.9000244140625,1595.5,1596.0,12787
2026-04-23 06:11:00+00:00,1598.0999755859375,1598.0999755859375,1598.0999755859375,1596.300048828125,1596.5,6692
2026-04-23 06:12:00+00:00,1596.800048828125,1596.800048828125,1598.5,1596.699951171875,1598.5,17737
2026-04-23 06:13:00+00:00,1597.0,1597.0,1598.5,1596.800048828125,1597.0,15180
2026-04-23 06:14:00+00:00,1597.0,1597.0,1598.5,1596.9000244140625,1597.0,12262
2026-04-23 06:15:00+00:00,1598.800048828125,1598.800048828125,1599.199951171875,1597.0,1597.0,11925
2026-04-23 06:16:00+00:00,1599.0,1599.0,1600.0,1598.800048828125,1598.800048828125,6407
2026-04-23 06:17:00+00:00,1600.0,1600.0,1600.0,1599.199951171875,1599.199951171875,5044
2026-04-23 06:18:00+00:00,1601.300048828125,1601.300048828125,1601.5999755859375,1599.5999755859375,1600.0,5050
2026-04-23 06:19:00+00:00,1602.5999755859375,1602.5999755859375,1603.0,1601.300048828125,1601.5999755859375,8085
2026-04-23 06:20:00+00:00,1602.0,1602.0,1603.300048828125,1601.5999755859375,1602.699951171875,7633
2026-04-23 06:21:00+00:00,1603.5,1603.5,1603.5,1602.0,1602.0,5503
2026-04-23 06:22:00+00:00,1603.0,1603.0,1603.4000244140625,1602.800048828125,1603.300048828125,2388
2026-04-23 06:23:00+00:00,1603.5,1603.5,1604.300048828125,1603.0999755859375,1603.0999755859375,4733
2026-04-23 06:24:00+00:00,1607.0,1607.0,1607.0,1604.300048828125,1604.5999755859375,17879
2026-04-23 06:25:00+00:00,1607.5,1607.5,1607.9000244140625,1606.300048828125,1607.0,9680
2026-04-23 06:26:00+00:00,1606.5,1606.5,1608.0,1606.5,1607.5,11653
2026-04-23 06:27:00+00:00,1608.199951171875,1608.199951171875,1608.699951171875,1606.5999755859375,1606.9000244140625,5745
2026-04-23 06:28:00+00:00,1608.5,1608.5,1609.0,1607.800048828125,1608.199951171875,9856
2026-04-23 06:29:00+00:00,1610.5,1610.5,1610.5,1608.5,1608.5999755859375,15308
2026-04-23 06:30:00+00:00,1608.699951171875,1608.699951171875,1610.699951171875,1608.0999755859375,1610.5,10673
2026-04-23 06:31:00+00:00,1608.9000244140625,1608.9000244140625,1609.0,1606.9000244140625,1608.699951171875,8204
2026-04-23 06:32:00+00:00,1606.5999755859375,1606.5999755859375,1608.9000244140625,1605.300048828125,1608.9000244140625,12797
2026-04-23 06:33:00+00:00,1609.199951171875,1609.199951171875,1609.5999755859375,1607.0,1607.0,8369
2026-04-23 06:34:00+00:00,1605.699951171875,1605.699951171875,1609.300048828125,1605.0,1609.300048828125,10505
2026-04-23 06:35:00+00:00,1606.5999755859375,1606.5999755859375,1607.9000244140625,1605.199951171875,1605.9000244140625,13852
2026-04-23 06:36:00+00:00,1604.699951171875,1604.699951171875,1607.5,1604.4000244140625,1606.9000244140625,7768
2026-04-23 06:37:00+00:00,1604.5,1604.5,1605.0999755859375,1603.199951171875,1605.0999755859375,6238
2026-04-23 06:38:00+00:00,1603.4000244140625,1603.4000244140625,1605.300048828125,1603.300048828125,1604.4000244140625,15864
2026-04-23 06:39:00+00:00,1602.5999755859375,1602.5999755859375,1603.300048828125,1602.0,1603.300048828125,5577
2026-04-23 06:40:00+00:00,1603.0,1603.0,1603.699951171875,1602.199951171875,1602.199951171875,4201
2026-04-23 06:41:00+00:00,1603.699951171875,1603.699951171875,1604.300048828125,1603.199951171875,1603.5,1480
2026-04-23 06:42:00+00:00,1603.5999755859375,1603.5999755859375,1604.0999755859375,1603.5,1603.699951171875,2341
2026-04-23 06:43:00+00:00,1602.4000244140625,1602.4000244140625,1603.4000244140625,1602.0,1603.4000244140625,7136
2026-04-23 06:44:00+00:00,1603.0,1603.0,1603.699951171875,1602.5999755859375,1602.5999755859375,2082
2026-04-23 06:45:00+00:00,1602.699951171875,1602.699951171875,1603.0,1602.0999755859375,1602.5999755859375,3494
2026-04-23 06:46:00+00:00,1602.699951171875,1602.699951171875,1603.0,1602.199951171875,1602.4000244140625,2093
2026-04-23 06:47:00+00:00,1601.300048828125,1601.300048828125,1603.300048828125,1601.300048828125,1603.300048828125,8303
2026-04-23 06:48:00+00:00,1602.0,1602.0,1602.0,1601.300048828125,1601.4000244140625,3465
2026-04-23 06:49:00+00:00,1600.0,1600.0,1602.0,1600.0,1602.0,6715
2026-04-23 06:50:00+00:00,1600.0999755859375,1600.0999755859375,1600.699951171875,1599.5,1600.300048828125,2508
2026-04-23 06:51:00+00:00,1600.199951171875,1600.199951171875,1600.5999755859375,1599.9000244140625,1600.5999755859375,3211
2026-04-23 06:52:00+00:00,1601.9000244140625,1601.9000244140625,1601.9000244140625,1600.0,1600.0999755859375,4120
2026-04-23 06:53:00+00:00,1602.0999755859375,1602.0999755859375,1602.800048828125,1602.0,1602.0,1700
2026-04-23 06:54:00+00:00,1601.5999755859375,1601.5999755859375,1603.0999755859375,1601.0999755859375,1602.5999755859375,2851
2026-04-23 06:55:00+00:00,1600.9000244140625,1600.9000244140625,1601.5999755859375,1600.300048828125,1601.5999755859375,3832
2026-04-23 06:56:00+00:00,1601.199951171875,1601.199951171875,1601.300048828125,1600.199951171875,1600.9000244140625,2805
2026-04-23 06:57:00+00:00,1599.199951171875,1599.199951171875,1600.699951171875,1599.199951171875,1600.699951171875,2118
2026-04-23 06:58:00+00:00,1599.5999755859375,1599.5999755859375,1600.4000244140625,1599.5,1600.0,6759
2026-04-23 06:59:00+00:00,1600.0,1600.0,1600.0,1599.5,1600.0,2918
2026-04-23 07:00:00+00:00,1600.199951171875,1600.199951171875,1600.5,1600.0,1600.4000244140625,2026
2026-04-23 07:01:00+00:00,1600.5,1600.5,1600.5,1600.199951171875,1600.4000244140625,3025
2026-04-23 07:02:00+00:00,1600.5,1600.5,1600.699951171875,1599.800048828125,1600.5,3772
2026-04-23 07:03:00+00:00,1601.0,1601.0,1601.5999755859375,1599.9000244140625,1600.300048828125,4625
2026-04-23 07:04:00+00:00,1600.699951171875,1600.699951171875,1600.800048828125,1600.199951171875,1600.800048828125,1998
2026-04-23 07:05:00+00:00,1599.9000244140625,1599.9000244140625,1601.300048828125,1599.9000244140625,1600.699951171875,5066
2026-04-23 07:06:00+00:00,1600.5,1600.5,1600.800048828125,1599.699951171875,1599.699951171875,5323
2026-04-23 07:07:00+00:00,1601.0999755859375,1601.0999755859375,1602.300048828125,1600.5999755859375,1600.800048828125,3166
2026-04-23 07:08:00+00:00,1601.699951171875,1601.699951171875,1602.0999755859375,1601.300048828125,1601.5999755859375,1464
2026-04-23 07:09:00+00:00,1602.0,1602.0,1602.4000244140625,1601.4000244140625,1602.199951171875,3112
2026-04-23 07:10:00+00:00,1602.5,1602.5,1603.199951171875,1601.5,1602.0,3959
2026-04-23 07:11:00+00:00,1602.800048828125,1602.800048828125,1602.9000244140625,1601.300048828125,1601.5999755859375,10409
2026-04-23 07:12:00+00:00,1602.0999755859375,1602.0999755859375,1602.5999755859375,1601.5,1602.5999755859375,1487
2026-04-23 07:13:00+00:00,1601.699951171875,1601.699951171875,1602.300048828125,1601.699951171875,1602.0,1549
2026-04-23 07:14:00+00:00,1600.9000244140625,1600.9000244140625,1602.0,1600.9000244140625,1602.0,1880
2026-04-23 07:15:00+00:00,1601.0,1601.0,1601.4000244140625,1601.0,1601.4000244140625,1010
2026-04-23 07:16:00+00:00,1600.199951171875,1600.199951171875,1601.5,1600.199951171875,1601.0,2281
2026-04-23 07:17:00+00:00,1600.9000244140625,1600.9000244140625,1601.4000244140625,1600.4000244140625,1600.4000244140625,1162
2026-04-23 07:18:00+00:00,1600.0,1600.0,1601.4000244140625,1600.0,1601.0999755859375,2486
2026-04-23 07:19:00+00:00,1600.5,1600.5,1600.800048828125,1600.0,1600.199951171875,1833
2026-04-23 07:20:00+00:00,1599.4000244140625,1599.4000244140625,1600.699951171875,1599.4000244140625,1600.5,1413
2026-04-23 07:21:00+00:00,1599.0999755859375,1599.0999755859375,1600.0,1599.0,1599.4000244140625,2540
2026-04-23 07:22:00+00:00,1600.699951171875,1600.699951171875,1601.0,1599.5999755859375,1599.5999755859375,1107
2026-04-23 07:23:00+00:00,1600.5,1600.5,1601.0,1600.5,1600.800048828125,1823
2026-04-23 07:24:00+00:00,1601.4000244140625,1601.4000244140625,1601.4000244140625,1600.4000244140625,1600.4000244140625,1908
2026-04-23 07:25:00+00:00,1602.0,1602.0,1603.4000244140625,1601.199951171875,1601.4000244140625,6240
2026-04-23 07:26:00+00:00,1604.300048828125,1604.300048828125,1605.0,1601.0,1602.0,33698
2026-04-23 07:27:00+00:00,1603.199951171875,1603.199951171875,1604.4000244140625,1602.699951171875,1604.4000244140625,2922
2026-04-23 07:28:00+00:00,1604.300048828125,1604.300048828125,1604.300048828125,1603.199951171875,1603.199951171875,1358
2026-04-23 07:29:00+00:00,1604.0,1604.0,1604.4000244140625,1603.5,1604.4000244140625,1688
2026-04-23 07:30:00+00:00,1601.800048828125,1601.800048828125,1604.0,1601.800048828125,1604.0,3878
2026-04-23 07:31:00+00:00,1599.5,1599.5,1602.4000244140625,1599.199951171875,1602.300048828125,6022
2026-04-23 07:32:00+00:00,1601.0999755859375,1601.0999755859375,1601.0999755859375,1599.5999755859375,1599.699951171875,3445
2026-04-23 07:33:00+00:00,1601.4000244140625,1601.4000244140625,1601.4000244140625,1600.300048828125,1600.699951171875,903
2026-04-23 07:34:00+00:00,1601.300048828125,1601.300048828125,1601.5999755859375,1601.0,1601.5999755859375,4989
2026-04-23 07:35:00+00:00,1602.300048828125,1602.300048828125,1602.9000244140625,1601.199951171875,1601.300048828125,3257
2026-04-23 07:36:00+00:00,1601.4000244140625,1601.4000244140625,1602.9000244140625,1601.4000244140625,1602.9000244140625,1238
2026-04-23 07:37:00+00:00,1601.5,1601.5,1602.300048828125,1600.199951171875,1601.9000244140625,1804
2026-04-23 07:38:00+00:00,1601.9000244140625,1601.9000244140625,1601.9000244140625,1600.4000244140625,1601.5,1322
2026-04-23 07:39:00+00:00,1602.800048828125,1602.800048828125,1602.9000244140625,1601.0999755859375,1601.699951171875,2875
2026-04-23 07:40:00+00:00,1603.199951171875,1603.199951171875,1603.4000244140625,1602.5,1602.800048828125,1509
2026-04-23 07:41:00+00:00,1604.0,1604.0,1604.0,1603.0,1603.199951171875,2654
2026-04-23 07:42:00+00:00,1604.199951171875,1604.199951171875,1604.699951171875,1603.5,1603.699951171875,1416
2026-04-23 07:43:00+00:00,1603.5,1603.5,1604.699951171875,1603.199951171875,1604.199951171875,3180
2026-04-23 07:44:00+00:00,1602.5999755859375,1602.5999755859375,1603.699951171875,1602.5999755859375,1603.699951171875,2450
2026-04-23 07:45:00+00:00,1603.699951171875,1603.699951171875,1603.699951171875,1602.5,1603.0,1807
2026-04-23 07:46:00+00:00,1602.9000244140625,1602.9000244140625,1603.0,1602.0,1602.9000244140625,2604
2026-04-23 07:47:00+00:00,1603.4000244140625,1603.4000244140625,1603.699951171875,1602.5999755859375,1602.9000244140625,1008
2026-04-23 07:48:00+00:00,1604.0,1604.0,1604.0,1603.0999755859375,1603.4000244140625,1494
2026-04-23 07:49:00+00:00,1604.0,1604.0,1605.0,1603.699951171875,1604.699951171875,5871
2026-04-23 07:50:00+00:00,1604.800048828125,1604.800048828125,1605.5999755859375,1604.0,1604.0,5435
2026-04-23 07:51:00+00:00,1605.300048828125,1605.300048828125,1605.699951171875,1604.5,1605.199951171875,3653
2026-04-23 07:52:00+00:00,1607.0,1607.0,1607.0,1604.699951171875,1605.4000244140625,6187
2026-04-23 07:53:00+00:00,1607.0999755859375,1607.0999755859375,1607.300048828125,1606.300048828125,1607.300048828125,5042
2026-04-23 07:54:00+00:00,1606.9000244140625,1606.9000244140625,1607.5,1606.5999755859375,1607.199951171875,4730
2026-04-23 07:55:00+00:00,1605.5999755859375,1605.5999755859375,1607.5,1605.5999755859375,1606.9000244140625,9929
2026-04-23 07:56:00+00:00,1604.0,1604.0,1605.0,1604.0,1604.300048828125,4342
2026-04-23 07:57:00+00:00,1605.0,1605.0,1605.0999755859375,1604.0,1604.4000244140625,13606
2026-04-23 07:58:00+00:00,1606.0,1606.0,1606.4000244140625,1604.699951171875,1605.0,2693
2026-04-23 07:59:00+00:00,1605.5,1605.5,1606.300048828125,1605.0,1606.0,1700
2026-04-23 08:00:00+00:00,1605.0,1605.0,1605.699951171875,1604.0,1605.300048828125,2369
2026-04-23 08:01:00+00:00,1603.0999755859375,1603.0999755859375,1605.4000244140625,1603.0999755859375,1605.4000244140625,829
2026-04-23 08:02:00+00:00,1603.0,1603.0,1604.5999755859375,1603.0,1603.5,1939
2026-04-23 08:03:00+00:00,1604.0,1604.0,1604.0,1603.0,1603.5,2143
2026-04-23 08:04:00+00:00,1604.0999755859375,1604.0999755859375,1604.5,1603.5999755859375,1604.0,739
2026-04-23 08:05:00+00:00,1603.800048828125,1603.800048828125,1604.4000244140625,1603.5,1604.0,1325
2026-04-23 08:06:00+00:00,1602.800048828125,1602.800048828125,1604.0,1602.699951171875,1603.800048828125,2971
2026-04-23 08:07:00+00:00,1602.5,1602.5,1602.800048828125,1602.4000244140625,1602.5,1048
2026-04-23 08:08:00+00:00,1600.9000244140625,1600.9000244140625,1602.5,1600.199951171875,1602.5,2710
2026-04-23 08:09:00+00:00,1601.0,1601.0,1601.199951171875,1600.199951171875,1600.199951171875,2401
2026-04-23 08:10:00+00:00,1603.0,1603.0,1603.0,1600.5999755859375,1601.0,4130
2026-04-23 08:11:00+00:00,1601.699951171875,1601.699951171875,1603.4000244140625,1601.4000244140625,1603.4000244140625,3943
2026-04-23 08:12:00+00:00,1602.0999755859375,1602.0999755859375,1602.5999755859375,1602.0,1602.4000244140625,246
2026-04-23 08:13:00+00:00,1603.4000244140625,1603.4000244140625,1603.4000244140625,1602.0999755859375,1602.5,1105
2026-04-23 08:14:00+00:00,1603.300048828125,1603.300048828125,1603.9000244140625,1602.9000244140625,1603.0,446
2026-04-23 08:15:00+00:00,1603.9000244140625,1603.9000244140625,1603.9000244140625,1602.800048828125,1603.300048828125,2073
2026-04-23 08:16:00+00:00,1603.300048828125,1603.300048828125,1604.0,1603.300048828125,1603.9000244140625,705
2026-04-23 08:17:00+00:00,1602.699951171875,1602.699951171875,1603.5999755859375,1602.300048828125,1603.300048828125,350
2026-04-23 08:18:00+00:00,1603.0,1603.0,1603.300048828125,1602.5,1602.699951171875,307
2026-04-23 08:19:00+00:00,1602.5,1602.5,1602.699951171875,1602.0,1602.4000244140625,2751
2026-04-23 08:20:00+00:00,1602.9000244140625,1602.9000244140625,1603.0,1602.0,1602.5,2322
2026-04-23 08:21:00+00:00,1603.0,1603.0,1603.5,1602.4000244140625,1603.0,8800
2026-04-23 08:22:00+00:00,1602.9000244140625,1602.9000244140625,1603.5,1602.5999755859375,1603.0,882
2026-04-23 08:23:00+00:00,1601.699951171875,1601.699951171875,1603.4000244140625,1601.699951171875,1603.4000244140625,1108
2026-04-23 08:24:00+00:00,1602.699951171875,1602.699951171875,1602.699951171875,1601.300048828125,1601.5,2414
2026-04-23 08:25:00+00:00,1603.300048828125,1603.300048828125,1603.5,1602.699951171875,1602.699951171875,700
2026-04-23 08:26:00+00:00,1603.9000244140625,1603.9000244140625,1603.9000244140625,1602.800048828125,1602.800048828125,408
2026-04-23 08:27:00+00:00,1603.800048828125,1603.800048828125,1603.9000244140625,1602.800048828125,1603.800048828125,3008
2026-04-23 08:28:00+00:00,1602.4000244140625,1602.4000244140625,1604.0,1602.4000244140625,1603.699951171875,2187
2026-04-23 08:29:00+00:00,1603.5,1603.5,1603.5,1602.300048828125,1602.800048828125,177
2026-04-23 08:30:00+00:00,1602.199951171875,1602.199951171875,1603.5,1602.199951171875,1602.699951171875,1774
2026-04-23 08:31:00+00:00,1602.699951171875,1602.699951171875,1603.199951171875,1602.5999755859375,1602.5999755859375,2627
2026-04-23 08:32:00+00:00,1602.800048828125,1602.800048828125,1603.0,1602.199951171875,1602.699951171875,2279
2026-04-23 08:33:00+00:00,1602.0,1602.0,1602.300048828125,1601.5999755859375,1601.5999755859375,1084
2026-04-23 08:34:00+00:00,1602.4000244140625,1602.4000244140625,1602.5999755859375,1601.800048828125,1602.0,435
2026-04-23 08:35:00+00:00,1601.5,1601.5,1602.300048828125,1601.5,1602.300048828125,1649
2026-04-23 08:36:00+00:00,1601.0999755859375,1601.0999755859375,1602.300048828125,1601.0999755859375,1601.9000244140625,1669
2026-04-23 08:37:00+00:00,1601.0,1601.0,1602.0,1601.0,1601.300048828125,2067
2026-04-23 08:38:00+00:00,1601.5999755859375,1601.5999755859375,1602.0,1601.199951171875,1601.699951171875,1163
2026-04-23 08:39:00+00:00,1602.0999755859375,1602.0999755859375,1602.5,1602.0,1602.4000244140625,1668
2026-04-23 08:40:00+00:00,1599.800048828125,1599.800048828125,1601.800048828125,1599.800048828125,1601.800048828125,4929
2026-04-23 08:41:00+00:00,1600.0999755859375,1600.0999755859375,1600.5999755859375,1599.0,1600.0999755859375,4712
2026-04-23 08:42:00+00:00,1600.4000244140625,1600.4000244140625,1601.4000244140625,1599.5999755859375,1599.5999755859375,689
2026-04-23 08:43:00+00:00,1600.4000244140625,1600.4000244140625,1601.0,1600.300048828125,1600.4000244140625,974
2026-04-23 08:44:00+00:00,1599.300048828125,1599.300048828125,1600.5,1599.0999755859375,1600.300048828125,1882
2026-04-23 08:45:00+00:00,1599.0,1599.0,1599.5999755859375,1599.0,1599.5,1224
2026-04-23 08:46:00+00:00,1599.800048828125,1599.800048828125,1599.800048828125,1599.0,1599.5,2684
2026-04-23 08:47:00+00:00,1600.0,1600.0,1600.0,1599.199951171875,1599.199951171875,861
2026-04-23 08:48:00+00:00,1599.5999755859375,1599.5999755859375,1600.0,1599.199951171875,1600.0,370
2026-04-23 08:49:00+00:00,1599.0,1599.0,1599.5999755859375,1599.0,1599.5999755859375,7950
2026-04-23 08:50:00+00:00,1596.9000244140625,1596.9000244140625,1597.5,1595.0999755859375,1597.300048828125,10899
2026-04-23 08:51:00+00:00,1596.0,1596.0,1598.199951171875,1596.0,1597.4000244140625,1842
2026-04-23 08:52:00+00:00,1597.0,1597.0,1597.4000244140625,1596.0,1596.0999755859375,2041
2026-04-23 08:53:00+00:00,1598.699951171875,1598.699951171875,1599.199951171875,1596.5999755859375,1597.5999755859375,1610
2026-04-23 08:54:00+00:00,1596.800048828125,1596.800048828125,1599.0999755859375,1596.5,1598.699951171875,857
2026-04-23 08:55:00+00:00,1596.199951171875,1596.199951171875,1596.800048828125,1595.9000244140625,1596.800048828125,2655
2026-04-23 08:56:00+00:00,1596.5999755859375,1596.5999755859375,1596.800048828125,1596.5,1596.800048828125,1624
2026-04-23 08:57:00+00:00,1597.4000244140625,1597.4000244140625,1597.4000244140625,1596.5,1596.800048828125,1992
2026-04-23 08:58:00+00:00,1596.800048828125,1596.800048828125,1597.300048828125,1596.5999755859375,1597.300048828125,553
2026-04-23 08:59:00+00:00,1595.5,1595.5,1596.9000244140625,1595.5,1596.9000244140625,488
2026-04-23 09:00:00+00:00,1597.5,1597.5,1597.5,1595.5,1595.699951171875,2496
2026-04-23 09:01:00+00:00,1596.199951171875,1596.199951171875,1597.800048828125,1596.199951171875,1596.699951171875,879
2026-04-23 09:02:00+00:00,1596.5,1596.5,1596.699951171875,1595.699951171875,1596.699951171875,889
2026-04-23 09:03:00+00:00,1593.0999755859375,1593.0999755859375,1595.0,1592.5,1594.199951171875,7651
2026-04-23 09:04:00+00:00,1592.5999755859375,1592.5999755859375,1593.5999755859375,1592.300048828125,1593.5999755859375,3483
2026-04-23 09:05:00+00:00,1592.800048828125,1592.800048828125,1593.5999755859375,1591.4000244140625,1592.5999755859375,6344
2026-04-23 09:06:00+00:00,1595.699951171875,1595.699951171875,1595.699951171875,1593.0,1593.4000244140625,1781
2026-04-23 09:07:00+00:00,1594.5999755859375,1594.5999755859375,1596.0,1594.4000244140625,1595.5,2400
2026-04-23 09:08:00+00:00,1595.0,1595.0,1595.5999755859375,1594.0999755859375,1595.4000244140625,2121
2026-04-23 09:09:00+00:00,1594.800048828125,1594.800048828125,1595.5,1594.0999755859375,1595.4000244140625,1880
2026-04-23 09:10:00+00:00,1593.300048828125,1593.300048828125,1594.800048828125,1593.0,1594.800048828125,1814
2026-04-23 09:11:00+00:00,1594.300048828125,1594.300048828125,1594.800048828125,1592.0,1593.199951171875,6875
2026-04-23 09:12:00+00:00,1594.0999755859375,1594.0999755859375,1594.800048828125,1593.0,1594.699951171875,1620
2026-04-23 09:13:00+00:00,1593.0999755859375,1593.0999755859375,1594.5999755859375,1593.0999755859375,1594.5999755859375,1608
2026-04-23 09:14:00+00:00,1594.0,1594.0,1594.5,1593.0,1593.5999755859375,613
2026-04-23 09:15:00+00:00,1595.0,1595.0,1595.0,1593.5,1594.0,1201
2026-04-23 09:16:00+00:00,1594.9000244140625,1594.9000244140625,1596.0,1594.0999755859375,1595.199951171875,4186
2026-04-23 09:17:00+00:00,1600.0,1600.0,1600.4000244140625,1595.5999755859375,1595.5999755859375,19804
2026-04-23 09:18:00+00:00,1600.4000244140625,1600.4000244140625,1601.0,1600.0999755859375,1600.199951171875,5729
2026-04-23 09:19:00+00:00,1600.699951171875,1600.699951171875,1601.699951171875,1600.0999755859375,1600.800048828125,5471
2026-04-23 09:20:00+00:00,1602.0,1602.0,1602.0,1600.9000244140625,1601.0,1596
2026-04-23 09:21:00+00:00,1600.199951171875,1600.199951171875,1602.5,1600.199951171875,1602.5,4969
2026-04-23 09:22:00+00:00,1600.800048828125,1600.800048828125,1601.0,1600.0,1600.0999755859375,7738
2026-04-23 09:23:00+00:00,1600.0,1600.0,1600.5,1600.0,1600.199951171875,5666
2026-04-23 09:24:00+00:00,1600.0,1600.0,1600.0999755859375,1599.199951171875,1600.0999755859375,203186
2026-04-23 09:25:00+00:00,1600.300048828125,1600.300048828125,1600.800048828125,1599.199951171875,1599.5,4746
2026-04-23 09:26:00+00:00,1601.0,1601.0,1601.699951171875,1600.0,1600.800048828125,7716
2026-04-23 09:27:00+00:00,1600.4000244140625,1600.4000244140625,1601.5,1600.0999755859375,1601.5,1167
2026-04-23 09:28:00+00:00,1600.5999755859375,1600.5999755859375,1601.300048828125,1600.199951171875,1600.699951171875,2327
2026-04-23 09:29:00+00:00,1600.800048828125,1600.800048828125,1600.9000244140625,1599.800048828125,1600.0,11565
2026-04-23 09:30:00+00:00,1600.5999755859375,1600.5999755859375,1601.800048828125,1600.5999755859375,1600.800048828125,4310
2026-04-23 09:31:00+00:00,1602.0,1602.0,1603.0,1600.800048828125,1600.800048828125,11181
2026-04-23 09:32:00+00:00,1602.0999755859375,1602.0999755859375,1602.9000244140625,1602.0,1602.0,3482
2026-04-23 09:33:00+00:00,1602.0,1602.0,1602.0999755859375,1601.4000244140625,1602.0999755859375,1737
2026-04-23 09:34:00+00:00,1600.5,1600.5,1601.9000244140625,1600.5,1601.800048828125,4875
2026-04-23 09:35:00+00:00,1601.199951171875,1601.199951171875,1601.300048828125,1600.9000244140625,1601.0,2607
2026-04-23 09:36:00+00:00,1601.0,1601.0,1601.199951171875,1601.0,1601.199951171875,4214
2026-04-23 09:37:00+00:00,1600.800048828125,1600.800048828125,1601.0,1600.300048828125,1601.0,1657
2026-04-23 09:38:00+00:00,1601.0,1601.0,1601.0,1600.5999755859375,1600.699951171875,2489
2026-04-23 09:39:00+00:00,1600.699951171875,1600.699951171875,1601.199951171875,1600.5999755859375,1600.9000244140625,3538
2026-04-23 09:40:00+00:00,1601.0,1601.0,1601.800048828125,1600.9000244140625,1601.0999755859375,5530
2026-04-23 09:41:00+00:00,1600.4000244140625,1600.4000244140625,1601.699951171875,1600.4000244140625,1601.4000244140625,15216
2026-04-23 09:42:00+00:00,1600.199951171875,1600.199951171875,1600.4000244140625,1600.0,1600.4000244140625,6847
2026-04-23 09:43:00+00:00,1600.0999755859375,1600.0999755859375,1600.300048828125,1600.0,1600.300048828125,30455
2026-04-23 09:44:00+00:00,1600.800048828125,1600.800048828125,1601.4000244140625,1600.0,1600.0,6626
2026-04-23 09:45:00+00:00,1600.800048828125,1600.800048828125,1601.699951171875,1600.0,1600.300048828125,15808
2026-04-23 09:46:00+00:00,1600.300048828125,1600.300048828125,1600.800048828125,1600.0999755859375,1600.800048828125,5726
2026-04-23 09:47:00+00:00,1600.0999755859375,1600.0999755859375,1600.4000244140625,1600.0,1600.300048828125,2584
2026-04-23 09:48:00+00:00,1600.0,1600.0,1600.4000244140625,1599.699951171875,1600.0,46228
2026-04-23 09:49:00+00:00,1601.199951171875,1601.199951171875,1601.199951171875,1600.0,1600.0,20696
2026-04-23 09:50:00+00:00,1603.0,1603.0,1603.0,1600.800048828125,1601.699951171875,19448
2026-04-23 09:51:00+00:00,1602.9000244140625,1602.9000244140625,1604.800048828125,1602.0,1602.300048828125,66432
2026-04-23 09:52:00+00:00,1602.199951171875,1602.199951171875,1605.199951171875,1602.0999755859375,1603.0999755859375,58968
2026-04-23 09:53:00+00:00,1601.300048828125,1601.300048828125,1603.699951171875,1601.300048828125,1602.199951171875,8196
2026-04-23 09:54:00+00:00,1601.300048828125,1601.300048828125,1602.199951171875,1601.0999755859375,1602.199951171875,5534
2026-04-23 09:55:00+00:00,1602.0,1602.0,1603.5999755859375,1601.300048828125,1602.0,11003
2026-04-23 09:56:00+00:00,1601.9000244140625,1601.9000244140625,1602.5,1601.0,1602.5,14741
2026-04-23 09:57:00+00:00,1602.800048828125,1602.800048828125,1604.0,1601.9000244140625,1601.9000244140625,20342
2026-04-23 09:58:00+00:00,1605.0999755859375,1605.0999755859375,1606.0999755859375,1603.0999755859375,1605.0,50519
2026-04-23 09:59:00+00:00,1610.0,1610.0,1610.0,1603.9000244140625,1605.0,50766
2026-04-24 03:45:00+00:00,1612.5999755859375,1612.5999755859375,1616.0,1606.9000244140625,1606.9000244140625,0
2026-04-24 03:46:00+00:00,1606.0999755859375,1606.0999755859375,1611.0999755859375,1605.0,1609.0,44152
2026-04-24 03:47:00+00:00,1602.199951171875,1602.199951171875,1605.9000244140625,1600.0999755859375,1605.9000244140625,31058
2026-04-24 03:48:00+00:00,1604.0999755859375,1604.0999755859375,1604.4000244140625,1602.0,1602.0,9855
2026-04-24 03:49:00+00:00,1600.5,1600.5,1606.300048828125,1600.5,1606.300048828125,22657
2026-04-24 03:50:00+00:00,1596.9000244140625,1596.9000244140625,1599.800048828125,1596.199951171875,1599.800048828125,12326
2026-04-24 03:51:00+00:00,1597.0,1597.0,1597.5999755859375,1595.9000244140625,1595.9000244140625,8598
2026-04-24 03:52:00+00:00,1600.4000244140625,1600.4000244140625,1600.4000244140625,1597.5999755859375,1597.5999755859375,8488
2026-04-24 03:53:00+00:00,1599.9000244140625,1599.9000244140625,1601.699951171875,1599.5,1601.699951171875,7537
2026-04-24 03:54:00+00:00,1598.9000244140625,1598.9000244140625,1600.5999755859375,1598.5999755859375,1600.199951171875,4177
2026-04-24 03:55:00+00:00,1596.800048828125,1596.800048828125,1598.5,1596.4000244140625,1598.5,7837
2026-04-24 03:56:00+00:00,1597.5,1597.5,1597.699951171875,1596.5,1596.5,2069
2026-04-24 03:57:00+00:00,1598.4000244140625,1598.4000244140625,1599.5,1597.300048828125,1597.300048828125,5552
2026-04-24 03:58:00+00:00,1599.0999755859375,1599.0999755859375,1599.199951171875,1598.0999755859375,1598.300048828125,1469
2026-04-24 03:59:00+00:00,1597.300048828125,1597.300048828125,1598.5999755859375,1597.199951171875,1598.0,2182
2026-04-24 04:00:00+00:00,1595.800048828125,1595.800048828125,1597.699951171875,1595.800048828125,1595.9000244140625,9387
2026-04-24 04:01:00+00:00,1596.5999755859375,1596.5999755859375,1598.0,1596.5999755859375,1597.0,2467
2026-04-24 04:02:00+00:00,1593.5999755859375,1593.5999755859375,1596.5,1593.5,1596.5,8433
2026-04-24 04:03:00+00:00,1594.199951171875,1594.199951171875,1595.300048828125,1594.0999755859375,1595.0,7431
2026-04-24 04:04:00+00:00,1593.199951171875,1593.199951171875,1596.0,1593.199951171875,1596.0,5610
2026-04-24 04:05:00+00:00,1595.699951171875,1595.699951171875,1595.699951171875,1593.300048828125,1593.5999755859375,6586
2026-04-24 04:06:00+00:00,1592.5,1592.5,1594.699951171875,1592.5,1594.5999755859375,5312
2026-04-24 04:07:00+00:00,1594.0,1594.0,1594.5999755859375,1592.4000244140625,1592.4000244140625,7090
2026-04-24 04:08:00+00:00,1593.699951171875,1593.699951171875,1594.199951171875,1592.9000244140625,1593.5999755859375,2267
2026-04-24 04:09:00+00:00,1591.4000244140625,1591.4000244140625,1593.699951171875,1591.0,1593.699951171875,8994
2026-04-24 04:10:00+00:00,1593.0,1593.0,1593.0,1589.0999755859375,1590.699951171875,12583
2026-04-24 04:11:00+00:00,1593.5,1593.5,1593.5,1591.5,1592.0,3064
2026-04-24 04:12:00+00:00,1596.5,1596.5,1596.5,1593.5,1593.5,5869
2026-04-24 04:13:00+00:00,1595.199951171875,1595.199951171875,1595.800048828125,1594.5999755859375,1595.699951171875,4351
2026-04-24 04:14:00+00:00,1595.0,1595.0,1595.699951171875,1594.699951171875,1595.699951171875,1980
2026-04-24 04:15:00+00:00,1593.0999755859375,1593.0999755859375,1594.0999755859375,1593.0999755859375,1594.0999755859375,2246
2026-04-24 04:16:00+00:00,1595.300048828125,1595.300048828125,1595.300048828125,1593.699951171875,1593.699951171875,2909
2026-04-24 04:17:00+00:00,1595.5,1595.5,1596.4000244140625,1595.5,1596.300048828125,4019
2026-04-24 04:18:00+00:00,1596.0,1596.0,1596.9000244140625,1595.699951171875,1596.0,2883
2026-04-24 04:19:00+00:00,1595.199951171875,1595.199951171875,1596.0,1595.0999755859375,1595.5,9736
2026-04-24 04:20:00+00:00,1594.699951171875,1594.699951171875,1596.5999755859375,1594.699951171875,1596.0,1711
2026-04-24 04:21:00+00:00,1598.9000244140625,1598.9000244140625,1598.9000244140625,1594.5999755859375,1594.5999755859375,5651
2026-04-24 04:22:00+00:00,1598.199951171875,1598.199951171875,1598.699951171875,1597.800048828125,1597.800048828125,13458
2026-04-24 04:23:00+00:00,1596.9000244140625,1596.9000244140625,1597.9000244140625,1596.9000244140625,1597.4000244140625,4255
2026-04-24 04:24:00+00:00,1595.0999755859375,1595.0999755859375,1597.0,1595.0,1597.0,2361
2026-04-24 04:25:00+00:00,1595.4000244140625,1595.4000244140625,1595.4000244140625,1593.5999755859375,1595.0,4294
2026-04-24 04:26:00+00:00,1593.9000244140625,1593.9000244140625,1596.0999755859375,1593.9000244140625,1595.699951171875,3190
2026-04-24 04:27:00+00:00,1594.0,1594.0,1594.699951171875,1593.800048828125,1593.800048828125,3846
2026-04-24 04:28:00+00:00,1595.0,1595.0,1595.4000244140625,1593.0999755859375,1593.0999755859375,6413
2026-04-24 04:29:00+00:00,1593.5999755859375,1593.5999755859375,1595.5,1593.5999755859375,1594.800048828125,4346
2026-04-24 04:30:00+00:00,1594.5,1594.5,1594.5,1592.4000244140625,1593.0,2617
2026-04-24 04:31:00+00:00,1596.0,1596.0,1596.0,1594.0999755859375,1595.0,1951
2026-04-24 04:32:00+00:00,1594.0,1594.0,1595.4000244140625,1594.0,1595.4000244140625,1840
2026-04-24 04:33:00+00:00,1596.0,1596.0,1596.0999755859375,1595.199951171875,1595.5,1315
2026-04-24 04:34:00+00:00,1595.5999755859375,1595.5999755859375,1596.0,1595.5,1595.9000244140625,1128
2026-04-24 04:35:00+00:00,1597.0999755859375,1597.0999755859375,1597.4000244140625,1595.5,1595.5,3023
2026-04-24 04:36:00+00:00,1598.4000244140625,1598.4000244140625,1598.699951171875,1597.0,1597.4000244140625,3115
2026-04-24 04:37:00+00:00,1597.800048828125,1597.800048828125,1598.4000244140625,1597.699951171875,1598.4000244140625,620
2026-04-24 04:38:00+00:00,1598.4000244140625,1598.4000244140625,1598.4000244140625,1597.199951171875,1597.199951171875,3475
2026-04-24 04:39:00+00:00,1598.0999755859375,1598.0999755859375,1599.0,1597.5999755859375,1597.5999755859375,13068
2026-04-24 04:40:00+00:00,1597.4000244140625,1597.4000244140625,1598.4000244140625,1596.800048828125,1597.699951171875,23370
2026-04-24 04:41:00+00:00,1597.4000244140625,1597.4000244140625,1598.300048828125,1596.699951171875,1597.5999755859375,5458
2026-04-24 04:42:00+00:00,1596.0,1596.0,1598.0,1595.5999755859375,1597.800048828125,9588
2026-04-24 04:43:00+00:00,1594.4000244140625,1594.4000244140625,1597.0999755859375,1594.0,1596.199951171875,21469
2026-04-24 04:44:00+00:00,1593.0,1593.0,1594.4000244140625,1593.0,1594.4000244140625,4791
2026-04-24 04:45:00+00:00,1594.0,1594.0,1594.300048828125,1592.699951171875,1592.800048828125,6310
2026-04-24 04:46:00+00:00,1592.0999755859375,1592.0999755859375,1595.5999755859375,1592.0999755859375,1594.0,8557
2026-04-24 04:47:00+00:00,1593.4000244140625,1593.4000244140625,1593.4000244140625,1591.9000244140625,1592.699951171875,4630
2026-04-24 04:48:00+00:00,1591.5999755859375,1591.5999755859375,1592.699951171875,1590.4000244140625,1592.0999755859375,8283
2026-04-24 04:49:00+00:00,1589.300048828125,1589.300048828125,1592.0,1589.300048828125,1591.0,19088
2026-04-24 04:50:00+00:00,1589.199951171875,1589.199951171875,1590.5999755859375,1589.199951171875,1589.9000244140625,4773
2026-04-24 04:51:00+00:00,1590.199951171875,1590.199951171875,1590.5999755859375,1589.5,1590.5999755859375,3711
2026-04-24 04:52:00+00:00,1589.4000244140625,1589.4000244140625,1590.199951171875,1589.0,1590.199951171875,7409
2026-04-24 04:53:00+00:00,1588.5,1588.5,1589.199951171875,1587.5999755859375,1589.199951171875,17278
2026-04-24 04:54:00+00:00,1586.699951171875,1586.699951171875,1589.5999755859375,1586.699951171875,1588.300048828125,8789
2026-04-24 04:55:00+00:00,1590.0,1590.0,1590.0,1586.699951171875,1587.4000244140625,9401
2026-04-24 04:56:00+00:00,1589.0999755859375,1589.0999755859375,1590.0,1589.0,1589.0999755859375,7548
2026-04-24 04:57:00+00:00,1589.0,1589.0,1589.5999755859375,1588.300048828125,1589.0999755859375,8499
2026-04-24 04:58:00+00:00,1588.800048828125,1588.800048828125,1589.5,1588.300048828125,1588.9000244140625,4376
2026-04-24 04:59:00+00:00,1587.4000244140625,1587.4000244140625,1588.699951171875,1587.4000244140625,1588.4000244140625,6028
2026-04-24 05:00:00+00:00,1586.699951171875,1586.699951171875,1587.0,1586.5,1586.5999755859375,8706
2026-04-24 05:01:00+00:00,1587.0999755859375,1587.0999755859375,1587.300048828125,1586.5,1587.300048828125,5556
2026-04-24 05:02:00+00:00,1586.0999755859375,1586.0999755859375,1586.800048828125,1585.5999755859375,1586.800048828125,9060
2026-04-24 05:03:00+00:00,1586.0,1586.0,1587.5,1585.800048828125,1586.0999755859375,6683
2026-04-24 05:04:00+00:00,1587.0999755859375,1587.0999755859375,1587.300048828125,1585.9000244140625,1586.5999755859375,4134
2026-04-24 05:05:00+00:00,1586.4000244140625,1586.4000244140625,1587.300048828125,1586.0,1587.0999755859375,4214
2026-04-24 05:06:00+00:00,1585.800048828125,1585.800048828125,1586.4000244140625,1584.0999755859375,1586.4000244140625,10990
2026-04-24 05:07:00+00:00,1585.699951171875,1585.699951171875,1587.4000244140625,1585.199951171875,1585.5999755859375,4269
2026-04-24 05:08:00+00:00,1585.9000244140625,1585.9000244140625,1586.699951171875,1585.4000244140625,1586.300048828125,2431
2026-04-24 05:09:00+00:00,1584.800048828125,1584.800048828125,1585.9000244140625,1584.800048828125,1585.9000244140625,2737
2026-04-24 05:10:00+00:00,1586.4000244140625,1586.4000244140625,1586.4000244140625,1585.199951171875,1585.4000244140625,2886
2026-04-24 05:11:00+00:00,1585.199951171875,1585.199951171875,1586.4000244140625,1585.0,1586.4000244140625,2054
2026-04-24 05:12:00+00:00,1584.0,1584.0,1585.199951171875,1583.0,1585.0,7684
2026-04-24 05:13:00+00:00,1583.5999755859375,1583.5999755859375,1584.0,1582.9000244140625,1583.5999755859375,4423
2026-04-24 05:14:00+00:00,1582.300048828125,1582.300048828125,1583.5,1582.0,1582.699951171875,6125
2026-04-24 05:15:00+00:00,1582.699951171875,1582.699951171875,1583.0,1580.5999755859375,1582.300048828125,32515
2026-04-24 05:16:00+00:00,1583.0999755859375,1583.0999755859375,1584.0,1582.300048828125,1583.0,4512
2026-04-24 05:17:00+00:00,1583.300048828125,1583.300048828125,1584.300048828125,1582.0999755859375,1583.9000244140625,9422
2026-04-24 05:18:00+00:00,1583.0,1583.0,1583.300048828125,1582.0,1583.300048828125,1931
2026-04-24 05:19:00+00:00,1582.199951171875,1582.199951171875,1582.699951171875,1582.199951171875,1582.699951171875,4897
2026-04-24 05:20:00+00:00,1579.800048828125,1579.800048828125,1580.199951171875,1578.800048828125,1579.300048828125,9008
2026-04-24 05:21:00+00:00,1579.300048828125,1579.300048828125,1580.5999755859375,1579.0,1579.9000244140625,4430
2026-04-24 05:22:00+00:00,1579.4000244140625,1579.4000244140625,1579.800048828125,1578.800048828125,1579.5,3470
2026-04-24 05:23:00+00:00,1577.5,1577.5,1579.5999755859375,1577.5,1579.300048828125,21596
2026-04-24 05:24:00+00:00,1578.5999755859375,1578.5999755859375,1579.0999755859375,1577.699951171875,1578.0,7140
2026-04-24 05:25:00+00:00,1579.199951171875,1579.199951171875,1579.4000244140625,1578.4000244140625,1578.5999755859375,2762
2026-04-24 05:26:00+00:00,1579.699951171875,1579.699951171875,1580.0999755859375,1578.5,1579.199951171875,6753
2026-04-24 05:27:00+00:00,1578.4000244140625,1578.4000244140625,1580.300048828125,1578.4000244140625,1580.0,7190
2026-04-24 05:28:00+00:00,1579.0,1579.0,1579.699951171875,1578.4000244140625,1578.4000244140625,2601
2026-04-24 05:29:00+00:00,1579.0,1579.0,1579.0999755859375,1578.4000244140625,1579.0999755859375,2578
2026-04-24 05:30:00+00:00,1575.699951171875,1575.699951171875,1579.0,1575.699951171875,1579.0,14575
2026-04-24 05:31:00+00:00,1576.0999755859375,1576.0999755859375,1577.5999755859375,1575.699951171875,1575.699951171875,5235
2026-04-24 05:32:00+00:00,1575.9000244140625,1575.9000244140625,1577.0,1575.5,1576.5,3256
2026-04-24 05:33:00+00:00,1576.0999755859375,1576.0999755859375,1576.800048828125,1576.0999755859375,1576.5,1668
2026-04-24 05:34:00+00:00,1575.199951171875,1575.199951171875,1577.0,1575.199951171875,1576.699951171875,9411
2026-04-24 05:35:00+00:00,1576.800048828125,1576.800048828125,1577.0,1576.199951171875,1576.199951171875,3237
2026-04-24 05:36:00+00:00,1577.4000244140625,1577.4000244140625,1577.800048828125,1576.800048828125,1577.0,4314
2026-04-24 05:37:00+00:00,1575.9000244140625,1575.9000244140625,1577.300048828125,1575.9000244140625,1577.300048828125,2240
2026-04-24 05:38:00+00:00,1576.0,1576.0,1577.199951171875,1575.800048828125,1576.0,3781
2026-04-24 05:39:00+00:00,1575.0,1575.0,1576.4000244140625,1575.0,1576.0,3585
2026-04-24 05:40:00+00:00,1575.0999755859375,1575.0999755859375,1575.9000244140625,1575.0,1575.0,1453
2026-04-24 05:41:00+00:00,1574.9000244140625,1574.9000244140625,1575.5999755859375,1573.800048828125,1575.0999755859375,5473
2026-04-24 05:42:00+00:00,1574.0,1574.0,1575.0,1573.5,1574.4000244140625,4537
2026-04-24 05:43:00+00:00,1574.4000244140625,1574.4000244140625,1574.4000244140625,1573.5999755859375,1573.5999755859375,2051
2026-04-24 05:44:00+00:00,1574.0999755859375,1574.0999755859375,1574.5,1573.5999755859375,1574.199951171875,1654
2026-04-24 05:45:00+00:00,1573.9000244140625,1573.9000244140625,1574.5,1573.0,1574.0999755859375,5031
2026-04-24 05:46:00+00:00,1573.9000244140625,1573.9000244140625,1574.0999755859375,1573.0,1574.0,2836
2026-04-24 05:47:00+00:00,1573.9000244140625,1573.9000244140625,1574.0999755859375,1572.9000244140625,1573.9000244140625,2773
2026-04-24 05:48:00+00:00,1574.0999755859375,1574.0999755859375,1574.5999755859375,1573.300048828125,1573.300048828125,5177
2026-04-24 05:49:00+00:00,1575.0,1575.0,1575.0,1573.5,1573.5,2397
2026-04-24 05:50:00+00:00,1575.800048828125,1575.800048828125,1575.9000244140625,1574.4000244140625,1574.9000244140625,5106
2026-04-24 05:51:00+00:00,1575.800048828125,1575.800048828125,1576.699951171875,1575.199951171875,1575.800048828125,3695
2026-04-24 05:52:00+00:00,1576.199951171875,1576.199951171875,1577.0,1575.4000244140625,1575.9000244140625,4603
2026-04-24 05:53:00+00:00,1576.4000244140625,1576.4000244140625,1576.800048828125,1576.0999755859375,1576.800048828125,2839
2026-04-24 05:54:00+00:00,1575.800048828125,1575.800048828125,1576.5999755859375,1575.300048828125,1576.4000244140625,6545
2026-04-24 05:55:00+00:00,1577.0,1577.0,1577.699951171875,1575.800048828125,1576.0999755859375,2637
2026-04-24 05:56:00+00:00,1577.4000244140625,1577.4000244140625,1578.9000244140625,1577.0999755859375,1577.5,6715
2026-04-24 05:57:00+00:00,1577.5,1577.5,1577.699951171875,1576.300048828125,1577.699951171875,4806
2026-04-24 05:58:00+00:00,1577.4000244140625,1577.4000244140625,1577.5999755859375,1576.5999755859375,1576.5999755859375,2616
2026-04-24 05:59:00+00:00,1576.9000244140625,1576.9000244140625,1577.4000244140625,1576.199951171875,1577.4000244140625,2695
2026-04-24 06:00:00+00:00,1577.4000244140625,1577.4000244140625,1578.4000244140625,1576.9000244140625,1576.9000244140625,4153
2026-04-24 06:01:00+00:00,1578.300048828125,1578.300048828125,1578.4000244140625,1577.5,1578.199951171875,4099
2026-04-24 06:02:00+00:00,1578.4000244140625,1578.4000244140625,1578.5,1577.5999755859375,1578.300048828125,1286
2026-04-24 06:03:00+00:00,1578.5,1578.5,1579.300048828125,1578.0,1578.5999755859375,4935
2026-04-24 06:04:00+00:00,1577.0999755859375,1577.0999755859375,1578.9000244140625,1577.0999755859375,1578.9000244140625,5945
2026-04-24 06:05:00+00:00,1577.4000244140625,1577.4000244140625,1578.0999755859375,1576.699951171875,1577.699951171875,5060
2026-04-24 06:06:00+00:00,1577.199951171875,1577.199951171875,1578.0,1576.4000244140625,1576.4000244140625,3247
2026-04-24 06:07:00+00:00,1576.4000244140625,1576.4000244140625,1577.199951171875,1575.9000244140625,1577.199951171875,3269
2026-04-24 06:08:00+00:00,1575.699951171875,1575.699951171875,1576.5,1575.0999755859375,1576.5,3967
2026-04-24 06:09:00+00:00,1574.5999755859375,1574.5999755859375,1576.199951171875,1574.0999755859375,1576.199951171875,5279
2026-04-24 06:10:00+00:00,1573.699951171875,1573.699951171875,1575.300048828125,1573.0,1575.300048828125,5399
2026-04-24 06:11:00+00:00,1574.199951171875,1574.199951171875,1574.199951171875,1573.300048828125,1574.199951171875,2522
2026-04-24 06:12:00+00:00,1573.5,1573.5,1574.199951171875,1573.4000244140625,1574.0999755859375,1157
2026-04-24 06:13:00+00:00,1574.5,1574.5,1575.300048828125,1573.5,1573.5,5617
2026-04-24 06:14:00+00:00,1574.4000244140625,1574.4000244140625,1575.199951171875,1573.9000244140625,1574.800048828125,4285
2026-04-24 06:15:00+00:00,1574.199951171875,1574.199951171875,1574.699951171875,1573.5,1574.699951171875,5355
2026-04-24 06:16:00+00:00,1574.5,1574.5,1574.5,1574.199951171875,1574.5,46
2026-04-24 06:17:00+00:00,1574.300048828125,1574.300048828125,1574.5,1574.300048828125,1574.5,535
2026-04-24 06:18:00+00:00,1573.199951171875,1573.199951171875,1574.300048828125,1573.199951171875,1574.0,1244
2026-04-24 06:19:00+00:00,1573.4000244140625,1573.4000244140625,1573.800048828125,1573.0,1573.5,1183
2026-04-24 06:20:00+00:00,1573.199951171875,1573.199951171875,1573.300048828125,1572.5,1573.300048828125,1412
2026-04-24 06:21:00+00:00,1572.5999755859375,1572.5999755859375,1573.199951171875,1572.5999755859375,1572.9000244140625,888
2026-04-24 06:22:00+00:00,1572.5999755859375,1572.5999755859375,1572.5999755859375,1571.699951171875,1572.5,6071
2026-04-24 06:23:00+00:00,1572.800048828125,1572.800048828125,1573.0,1572.300048828125,1573.0,1258
2026-04-24 06:24:00+00:00,1573.4000244140625,1573.4000244140625,1573.699951171875,1573.0,1573.199951171875,385
2026-04-24 06:25:00+00:00,1573.699951171875,1573.699951171875,1573.800048828125,1572.9000244140625,1573.5,991
2026-04-24 06:26:00+00:00,1573.5,1573.5,1574.0,1573.5,1573.9000244140625,587
2026-04-24 06:27:00+00:00,1573.0999755859375,1573.0999755859375,1573.0999755859375,1572.0,1572.5999755859375,1251
2026-04-24 06:28:00+00:00,1572.300048828125,1572.300048828125,1573.0999755859375,1572.0,1572.5999755859375,440
2026-04-24 06:29:00+00:00,1571.800048828125,1571.800048828125,1572.4000244140625,1571.199951171875,1572.4000244140625,1738
2026-04-24 06:30:00+00:00,1570.4000244140625,1570.4000244140625,1571.300048828125,1570.0,1571.0,2391
2026-04-24 06:31:00+00:00,1570.5999755859375,1570.5999755859375,1571.0999755859375,1569.300048828125,1570.0,7674
2026-04-24 06:32:00+00:00,1571.5,1571.5,1571.5,1570.4000244140625,1571.4000244140625,916
2026-04-24 06:33:00+00:00,1570.4000244140625,1570.4000244140625,1571.300048828125,1570.0999755859375,1571.300048828125,769
2026-04-24 06:34:00+00:00,1571.0,1571.0,1571.0,1569.699951171875,1570.4000244140625,2166
2026-04-24 06:35:00+00:00,1571.0,1571.0,1571.199951171875,1570.0,1570.5,7968
2026-04-24 06:36:00+00:00,1571.4000244140625,1571.4000244140625,1571.4000244140625,1570.300048828125,1571.199951171875,11961
2026-04-24 06:37:00+00:00,1570.5,1570.5,1572.4000244140625,1570.5,1571.0999755859375,13656
2026-04-24 06:38:00+00:00,1572.5999755859375,1572.5999755859375,1572.800048828125,1570.5,1570.5,14264
2026-04-24 06:39:00+00:00,1573.800048828125,1573.800048828125,1573.800048828125,1571.5999755859375,1573.0,12165
2026-04-24 06:40:00+00:00,1573.5,1573.5,1574.0,1572.800048828125,1573.800048828125,1430
2026-04-24 06:41:00+00:00,1573.300048828125,1573.300048828125,1574.300048828125,1573.0999755859375,1574.300048828125,2641
2026-04-24 06:42:00+00:00,1574.4000244140625,1574.4000244140625,1574.4000244140625,1573.5,1573.699951171875,2192
2026-04-24 06:43:00+00:00,1575.0,1575.0,1575.0,1574.0,1574.699951171875,4481
2026-04-24 06:44:00+00:00,1575.0,1575.0,1575.199951171875,1574.300048828125,1575.0,7326
2026-04-24 06:45:00+00:00,1573.300048828125,1573.300048828125,1575.4000244140625,1573.300048828125,1575.0,2215
2026-04-24 06:46:00+00:00,1572.5,1572.5,1574.300048828125,1572.5,1573.4000244140625,783
2026-04-24 06:47:00+00:00,1573.300048828125,1573.300048828125,1573.699951171875,1572.5999755859375,1572.5999755859375,1605
2026-04-24 06:48:00+00:00,1574.199951171875,1574.199951171875,1574.5,1573.0999755859375,1573.4000244140625,1730
2026-04-24 06:49:00+00:00,1573.5,1573.5,1574.5999755859375,1573.4000244140625,1573.4000244140625,535
2026-04-24 06:50:00+00:00,1573.0,1573.0,1574.0,1572.4000244140625,1574.0,753
2026-04-24 06:51:00+00:00,1573.4000244140625,1573.4000244140625,1573.4000244140625,1572.4000244140625,1572.9000244140625,428
2026-04-24 06:52:00+00:00,1571.5999755859375,1571.5999755859375,1573.300048828125,1571.5999755859375,1573.300048828125,1751
2026-04-24 06:53:00+00:00,1571.0999755859375,1571.0999755859375,1571.5,1570.9000244140625,1571.5,639
2026-04-24 06:54:00+00:00,1570.800048828125,1570.800048828125,1570.800048828125,1570.199951171875,1570.699951171875,2040
2026-04-24 06:55:00+00:00,1569.4000244140625,1569.4000244140625,1571.0,1569.4000244140625,1570.699951171875,1643
2026-04-24 06:56:00+00:00,1569.800048828125,1569.800048828125,1570.300048828125,1569.4000244140625,1569.9000244140625,1601
2026-04-24 06:57:00+00:00,1569.9000244140625,1569.9000244140625,1570.199951171875,1568.800048828125,1570.199951171875,1606
2026-04-24 06:58:00+00:00,1570.4000244140625,1570.4000244140625,1570.4000244140625,1569.4000244140625,1569.5999755859375,3069
2026-04-24 06:59:00+00:00,1569.699951171875,1569.699951171875,1571.300048828125,1569.5999755859375,1570.4000244140625,368
2026-04-24 07:00:00+00:00,1569.699951171875,1569.699951171875,1570.0,1569.0,1570.0,1365
2026-04-24 07:01:00+00:00,1569.199951171875,1569.199951171875,1569.699951171875,1569.0,1569.4000244140625,839
2026-04-24 07:02:00+00:00,1570.0,1570.0,1570.0,1569.0,1569.699951171875,1484
2026-04-24 07:03:00+00:00,1570.9000244140625,1570.9000244140625,1570.9000244140625,1569.5,1569.800048828125,1107
2026-04-24 07:04:00+00:00,1570.4000244140625,1570.4000244140625,1570.9000244140625,1570.0999755859375,1570.800048828125,1516
2026-04-24 07:05:00+00:00,1570.199951171875,1570.199951171875,1570.800048828125,1570.199951171875,1570.5999755859375,1095
2026-04-24 07:06:00+00:00,1571.5999755859375,1571.5999755859375,1572.0999755859375,1570.300048828125,1570.9000244140625,1489
2026-04-24 07:07:00+00:00,1571.800048828125,1571.800048828125,1572.4000244140625,1571.5999755859375,1572.199951171875,1824
2026-04-24 07:08:00+00:00,1573.0,1573.0,1573.0999755859375,1571.699951171875,1572.199951171875,2281
2026-04-24 07:09:00+00:00,1573.0,1573.0,1573.0999755859375,1572.199951171875,1572.5,911
2026-04-24 07:10:00+00:00,1572.199951171875,1572.199951171875,1572.800048828125,1571.9000244140625,1572.4000244140625,1023
2026-04-24 07:11:00+00:00,1572.5999755859375,1572.5999755859375,1573.0,1572.0999755859375,1572.199951171875,868
2026-04-24 07:12:00+00:00,1572.199951171875,1572.199951171875,1572.800048828125,1572.0,1572.800048828125,338
2026-04-24 07:13:00+00:00,1571.300048828125,1571.300048828125,1572.4000244140625,1570.5,1572.300048828125,495
2026-04-24 07:14:00+00:00,1570.0,1570.0,1571.5,1570.0,1571.0,1124
2026-04-24 07:15:00+00:00,1570.9000244140625,1570.9000244140625,1571.0999755859375,1569.699951171875,1569.699951171875,1331
2026-04-24 07:16:00+00:00,1571.800048828125,1571.800048828125,1571.800048828125,1570.9000244140625,1571.0,488
2026-04-24 07:17:00+00:00,1572.5,1572.5,1572.5,1571.5999755859375,1572.199951171875,777
2026-04-24 07:18:00+00:00,1572.0,1572.0,1573.0,1572.0,1572.4000244140625,2813
2026-04-24 07:19:00+00:00,1569.199951171875,1569.199951171875,1571.699951171875,1569.0,1571.4000244140625,3444
2026-04-24 07:20:00+00:00,1569.0,1569.0,1570.300048828125,1569.0,1569.699951171875,2029
2026-04-24 07:21:00+00:00,1567.0999755859375,1567.0999755859375,1569.5999755859375,1567.0,1569.4000244140625,6087
2026-04-24 07:22:00+00:00,1569.4000244140625,1569.4000244140625,1569.5,1567.0,1567.0,5124
2026-04-24 07:23:00+00:00,1570.4000244140625,1570.4000244140625,1570.800048828125,1569.9000244140625,1570.0,2660
2026-04-24 07:24:00+00:00,1570.0999755859375,1570.0999755859375,1570.0999755859375,1569.0,1569.300048828125,3204
2026-04-24 07:25:00+00:00,1570.0,1570.0,1570.0,1569.199951171875,1569.199951171875,2233
2026-04-24 07:26:00+00:00,1571.699951171875,1571.699951171875,1571.800048828125,1570.0,1570.0,3819
2026-04-24 07:27:00+00:00,1570.5,1570.5,1572.5,1570.5,1570.800048828125,3207
2026-04-24 07:28:00+00:00,1570.4000244140625,1570.4000244140625,1570.5,1569.5,1570.300048828125,3605
2026-04-24 07:29:00+00:00,1569.199951171875,1569.199951171875,1570.300048828125,1569.199951171875,1570.199951171875,2430
2026-04-24 07:30:00+00:00,1567.699951171875,1567.699951171875,1570.0,1567.5,1570.0,2483
2026-04-24 07:31:00+00:00,1567.5,1567.5,1568.800048828125,1566.800048828125,1568.0999755859375,4791
2026-04-24 07:32:00+00:00,1566.4000244140625,1566.4000244140625,1567.5999755859375,1566.4000244140625,1567.0999755859375,2620
2026-04-24 07:33:00+00:00,1565.199951171875,1565.199951171875,1566.0,1565.0,1565.300048828125,3216
2026-04-24 07:34:00+00:00,1565.300048828125,1565.300048828125,1565.800048828125,1565.0,1565.800048828125,1943
2026-04-24 07:35:00+00:00,1563.5,1563.5,1565.0,1563.199951171875,1565.0,8063
2026-04-24 07:36:00+00:00,1563.300048828125,1563.300048828125,1564.199951171875,1563.199951171875,1564.0,2571
2026-04-24 07:37:00+00:00,1563.5999755859375,1563.5999755859375,1564.5999755859375,1563.5999755859375,1563.5999755859375,6326
2026-04-24 07:38:00+00:00,1562.699951171875,1562.699951171875,1564.5,1562.699951171875,1564.4000244140625,4263
2026-04-24 07:39:00+00:00,1562.699951171875,1562.699951171875,1563.199951171875,1562.0,1563.199951171875,6422
2026-04-24 07:40:00+00:00,1561.699951171875,1561.699951171875,1562.5,1561.0,1562.5,9759
2026-04-24 07:41:00+00:00,1561.5999755859375,1561.5999755859375,1562.0,1561.0999755859375,1562.0,4753
2026-04-24 07:42:00+00:00,1561.199951171875,1561.199951171875,1562.0,1561.0,1561.699951171875,4764
2026-04-24 07:43:00+00:00,1560.9000244140625,1560.9000244140625,1561.699951171875,1560.199951171875,1561.5999755859375,7387
2026-04-24 07:44:00+00:00,1559.9000244140625,1559.9000244140625,1561.0999755859375,1558.5999755859375,1560.9000244140625,13999
2026-04-24 07:45:00+00:00,1559.199951171875,1559.199951171875,1561.300048828125,1559.0999755859375,1560.0,7565
2026-04-24 07:46:00+00:00,1559.199951171875,1559.199951171875,1560.5,1558.800048828125,1559.199951171875,3643
2026-04-24 07:47:00+00:00,1558.9000244140625,1558.9000244140625,1559.5,1558.0999755859375,1559.0999755859375,8722
2026-04-24 07:48:00+00:00,1559.199951171875,1559.199951171875,1559.800048828125,1558.4000244140625,1559.0,17736
2026-04-24 07:49:00+00:00,1559.4000244140625,1559.4000244140625,1559.4000244140625,1557.4000244140625,1558.5999755859375,16594
2026-04-24 07:50:00+00:00,1559.0999755859375,1559.0999755859375,1561.5,1559.0,1559.4000244140625,10894
2026-04-24 07:51:00+00:00,1557.4000244140625,1557.4000244140625,1559.699951171875,1557.0999755859375,1559.699951171875,7625
2026-04-24 07:52:00+00:00,1558.4000244140625,1558.4000244140625,1560.0,1557.4000244140625,1558.0,9534
2026-04-24 07:53:00+00:00,1557.5,1557.5,1558.699951171875,1556.9000244140625,1558.699951171875,7793
2026-04-24 07:54:00+00:00,1557.5999755859375,1557.5999755859375,1557.699951171875,1556.5999755859375,1557.0999755859375,6314
2026-04-24 07:55:00+00:00,1559.0,1559.0,1560.0,1556.9000244140625,1557.699951171875,7567
2026-04-24 07:56:00+00:00,1561.300048828125,1561.300048828125,1561.300048828125,1559.0,1559.0999755859375,4751
2026-04-24 07:57:00+00:00,1561.0,1561.0,1561.5,1561.0,1561.300048828125,2216
2026-04-24 07:58:00+00:00,1561.300048828125,1561.300048828125,1561.300048828125,1561.0,1561.199951171875,2777
2026-04-24 07:59:00+00:00,1562.300048828125,1562.300048828125,1562.300048828125,1561.4000244140625,1561.4000244140625,3508
2026-04-24 08:00:00+00:00,1560.5,1560.5,1561.9000244140625,1560.5,1561.9000244140625,4964
2026-04-24 08:01:00+00:00,1560.300048828125,1560.300048828125,1561.5,1560.300048828125,1560.800048828125,6855
2026-04-24 08:02:00+00:00,1559.800048828125,1559.800048828125,1561.0,1558.800048828125,1561.0,5961
2026-04-24 08:03:00+00:00,1559.800048828125,1559.800048828125,1560.199951171875,1559.0,1559.0999755859375,6762
2026-04-24 08:04:00+00:00,1559.0,1559.0,1560.0,1558.5999755859375,1560.0,2537
2026-04-24 08:05:00+00:00,1559.9000244140625,1559.9000244140625,1560.199951171875,1558.800048828125,1558.800048828125,4821
2026-04-24 08:06:00+00:00,1559.199951171875,1559.199951171875,1560.0,1559.199951171875,1559.300048828125,2275
2026-04-24 08:07:00+00:00,1559.5999755859375,1559.5999755859375,1560.0999755859375,1559.0,1559.0,4225
2026-04-24 08:08:00+00:00,1559.5,1559.5,1560.300048828125,1558.5999755859375,1559.5,7970
2026-04-24 08:09:00+00:00,1559.699951171875,1559.699951171875,1559.9000244140625,1558.5999755859375,1559.300048828125,2366
2026-04-24 08:10:00+00:00,1560.0,1560.0,1560.300048828125,1559.199951171875,1559.699951171875,3798
2026-04-24 08:11:00+00:00,1560.0999755859375,1560.0999755859375,1560.4000244140625,1559.5,1559.9000244140625,5235
2026-04-24 08:12:00+00:00,1560.0999755859375,1560.0999755859375,1560.0999755859375,1559.5,1559.800048828125,2368
2026-04-24 08:13:00+00:00,1559.4000244140625,1559.4000244140625,1560.0,1558.699951171875,1560.0,2628
2026-04-24 08:14:00+00:00,1559.300048828125,1559.300048828125,1559.9000244140625,1558.5,1559.199951171875,4342
2026-04-24 08:15:00+00:00,1559.9000244140625,1559.9000244140625,1559.9000244140625,1559.300048828125,1559.300048828125,2907
2026-04-24 08:16:00+00:00,1561.199951171875,1561.199951171875,1561.800048828125,1560.0,1560.0,4245
2026-04-24 08:17:00+00:00,1560.5,1560.5,1561.5,1560.0999755859375,1560.9000244140625,2681
2026-04-24 08:18:00+00:00,1560.0,1560.0,1560.699951171875,1559.5999755859375,1560.5,3106
2026-04-24 08:19:00+00:00,1560.0,1560.0,1560.800048828125,1560.0,1560.199951171875,4106
2026-04-24 08:20:00+00:00,1560.9000244140625,1560.9000244140625,1561.0999755859375,1560.0999755859375,1560.0999755859375,1960
2026-04-24 08:21:00+00:00,1561.4000244140625,1561.4000244140625,1561.800048828125,1560.9000244140625,1561.0,4571
2026-04-24 08:22:00+00:00,1561.5,1561.5,1561.800048828125,1560.800048828125,1561.199951171875,1867
2026-04-24 08:23:00+00:00,1560.5,1560.5,1561.5,1560.0999755859375,1561.5,1544
2026-04-24 08:24:00+00:00,1561.199951171875,1561.199951171875,1561.699951171875,1560.5,1560.5,3271
2026-04-24 08:25:00+00:00,1560.800048828125,1560.800048828125,1561.699951171875,1560.800048828125,1561.0999755859375,2881
2026-04-24 08:26:00+00:00,1560.0,1560.0,1560.5999755859375,1559.300048828125,1560.5999755859375,3209
2026-04-24 08:27:00+00:00,1558.800048828125,1558.800048828125,1560.0,1558.699951171875,1560.0,1868
2026-04-24 08:28:00+00:00,1561.4000244140625,1561.4000244140625,1561.4000244140625,1558.300048828125,1558.300048828125,5261
2026-04-24 08:29:00+00:00,1560.9000244140625,1560.9000244140625,1561.0,1560.300048828125,1561.0,4418
2026-04-24 08:30:00+00:00,1562.199951171875,1562.199951171875,1562.199951171875,1560.300048828125,1560.9000244140625,6549
2026-04-24 08:31:00+00:00,1562.0999755859375,1562.0999755859375,1562.800048828125,1560.9000244140625,1561.5,6155
2026-04-24 08:32:00+00:00,1562.800048828125,1562.800048828125,1562.9000244140625,1561.9000244140625,1561.9000244140625,7561
2026-04-24 08:33:00+00:00,1564.0999755859375,1564.0999755859375,1565.4000244140625,1563.0,1563.0,10388
2026-04-24 08:34:00+00:00,1565.800048828125,1565.800048828125,1565.800048828125,1564.199951171875,1564.5999755859375,5106
2026-04-24 08:35:00+00:00,1564.300048828125,1564.300048828125,1566.0,1564.0,1565.5,4405
2026-04-24 08:36:00+00:00,1562.300048828125,1562.300048828125,1564.699951171875,1562.0999755859375,1564.699951171875,4775
2026-04-24 08:37:00+00:00,1564.300048828125,1564.300048828125,1564.300048828125,1562.0,1563.0999755859375,5086
2026-04-24 08:38:00+00:00,1565.9000244140625,1565.9000244140625,1566.0,1564.0999755859375,1564.699951171875,2781
2026-04-24 08:39:00+00:00,1566.9000244140625,1566.9000244140625,1567.800048828125,1565.9000244140625,1565.9000244140625,5824
2026-04-24 08:40:00+00:00,1566.5999755859375,1566.5999755859375,1567.199951171875,1566.5999755859375,1566.800048828125,3971
2026-04-24 08:41:00+00:00,1568.5999755859375,1568.5999755859375,1568.9000244140625,1566.199951171875,1566.199951171875,6269
2026-04-24 08:42:00+00:00,1570.5,1570.5,1570.5999755859375,1569.0,1569.5,13225
2026-04-24 08:43:00+00:00,1570.0,1570.0,1570.5,1569.0,1569.5,5174
2026-04-24 08:44:00+00:00,1568.5,1568.5,1570.0999755859375,1568.300048828125,1570.0999755859375,1950
2026-04-24 08:45:00+00:00,1568.0,1568.0,1569.5999755859375,1568.0,1568.5,3399
2026-04-24 08:46:00+00:00,1570.0,1570.0,1570.300048828125,1567.4000244140625,1568.0999755859375,6723
2026-04-24 08:47:00+00:00,1571.5999755859375,1571.5999755859375,1572.0,1569.4000244140625,1570.0,9823
2026-04-24 08:48:00+00:00,1572.0,1572.0,1572.0,1570.699951171875,1571.5999755859375,3636
2026-04-24 08:49:00+00:00,1572.0,1572.0,1572.0,1571.4000244140625,1571.800048828125,1929
2026-04-24 08:50:00+00:00,1572.300048828125,1572.300048828125,1572.4000244140625,1571.300048828125,1571.5,5803
2026-04-24 08:51:00+00:00,1572.9000244140625,1572.9000244140625,1572.9000244140625,1572.0,1572.300048828125,4917
2026-04-24 08:52:00+00:00,1576.199951171875,1576.199951171875,1576.5999755859375,1573.5,1573.9000244140625,11371
2026-04-24 08:53:00+00:00,1575.800048828125,1575.800048828125,1576.5999755859375,1575.0,1576.199951171875,23150
2026-04-24 08:54:00+00:00,1575.4000244140625,1575.4000244140625,1576.5,1575.0,1575.300048828125,6353
2026-04-24 08:55:00+00:00,1575.5999755859375,1575.5999755859375,1576.5999755859375,1574.5999755859375,1575.699951171875,5894
2026-04-24 08:56:00+00:00,1575.199951171875,1575.199951171875,1576.9000244140625,1575.0,1575.5999755859375,3825
2026-04-24 08:57:00+00:00,1574.800048828125,1574.800048828125,1575.199951171875,1574.0,1575.0,8371
2026-04-24 08:58:00+00:00,1574.5999755859375,1574.5999755859375,1574.9000244140625,1574.0999755859375,1574.800048828125,2406
2026-04-24 08:59:00+00:00,1575.800048828125,1575.800048828125,1575.800048828125,1574.699951171875,1575.0,6569
2026-04-24 09:00:00+00:00,1577.9000244140625,1577.9000244140625,1578.0,1575.5999755859375,1575.5999755859375,6727
2026-04-24 09:01:00+00:00,1579.300048828125,1579.300048828125,1579.5,1578.0,1579.5,10921
2026-04-24 09:02:00+00:00,1579.0,1579.0,1579.5,1577.5999755859375,1579.199951171875,12279
2026-04-24 09:03:00+00:00,1579.800048828125,1579.800048828125,1580.0,1578.5,1578.5,21304
2026-04-24 09:04:00+00:00,1579.800048828125,1579.800048828125,1580.0,1579.0,1579.699951171875,5249
2026-04-24 09:05:00+00:00,1583.5,1583.5,1583.5999755859375,1579.699951171875,1579.800048828125,20908
2026-04-24 09:06:00+00:00,1586.199951171875,1586.199951171875,1586.4000244140625,1583.4000244140625,1583.5999755859375,24793
2026-04-24 09:07:00+00:00,1582.5999755859375,1582.5999755859375,1586.300048828125,1581.4000244140625,1586.300048828125,26083
2026-04-24 09:08:00+00:00,1581.300048828125,1581.300048828125,1582.5999755859375,1580.0999755859375,1582.5999755859375,9830
2026-04-24 09:09:00+00:00,1580.0,1580.0,1582.0,1580.0,1581.5999755859375,4183
2026-04-24 09:10:00+00:00,1580.4000244140625,1580.4000244140625,1581.0,1580.0,1580.5999755859375,5594
2026-04-24 09:11:00+00:00,1580.800048828125,1580.800048828125,1581.0999755859375,1580.300048828125,1580.4000244140625,8386
2026-04-24 09:12:00+00:00,1582.9000244140625,1582.9000244140625,1583.5999755859375,1580.9000244140625,1580.9000244140625,6229
2026-04-24 09:13:00+00:00,1582.0,1582.0,1582.9000244140625,1581.699951171875,1582.9000244140625,5232
2026-04-24 09:14:00+00:00,1583.699951171875,1583.699951171875,1583.800048828125,1581.800048828125,1582.0999755859375,5376
2026-04-24 09:15:00+00:00,1583.800048828125,1583.800048828125,1584.199951171875,1583.5,1583.699951171875,9478
2026-04-24 09:16:00+00:00,1581.800048828125,1581.800048828125,1583.800048828125,1581.5,1583.800048828125,6652
2026-04-24 09:17:00+00:00,1581.699951171875,1581.699951171875,1582.699951171875,1581.4000244140625,1581.9000244140625,2179
2026-04-24 09:18:00+00:00,1581.0,1581.0,1581.699951171875,1581.0,1581.4000244140625,5073
2026-04-24 09:19:00+00:00,1583.699951171875,1583.699951171875,1583.9000244140625,1581.5999755859375,1581.5999755859375,6123
2026-04-24 09:20:00+00:00,1585.199951171875,1585.199951171875,1585.199951171875,1583.0999755859375,1583.9000244140625,9040
2026-04-24 09:21:00+00:00,1586.0,1586.0,1586.199951171875,1585.0999755859375,1585.699951171875,5414
2026-04-24 09:22:00+00:00,1581.0999755859375,1581.0999755859375,1586.0,1579.800048828125,1586.0,20023
2026-04-24 09:23:00+00:00,1580.5999755859375,1580.5999755859375,1582.0,1580.4000244140625,1581.4000244140625,3196
2026-04-24 09:24:00+00:00,1580.699951171875,1580.699951171875,1581.0,1580.0,1580.800048828125,3767
2026-04-24 09:25:00+00:00,1579.300048828125,1579.300048828125,1580.9000244140625,1579.0999755859375,1580.9000244140625,9635
2026-04-24 09:26:00+00:00,1579.9000244140625,1579.9000244140625,1580.699951171875,1579.9000244140625,1580.699951171875,4476
2026-04-24 09:27:00+00:00,1580.5,1580.5,1581.0,1580.0,1580.9000244140625,6177
2026-04-24 09:28:00+00:00,1582.0,1582.0,1582.0,1580.4000244140625,1580.800048828125,3771
2026-04-24 09:29:00+00:00,1580.199951171875,1580.199951171875,1581.800048828125,1580.0,1581.800048828125,6045
2026-04-24 09:30:00+00:00,1579.5999755859375,1579.5999755859375,1580.199951171875,1578.0,1580.0999755859375,5655
2026-04-24 09:31:00+00:00,1578.300048828125,1578.300048828125,1579.5,1578.300048828125,1579.300048828125,5153
2026-04-24 09:32:00+00:00,1578.300048828125,1578.300048828125,1578.300048828125,1577.0,1577.4000244140625,12140
2026-04-24 09:33:00+00:00,1579.4000244140625,1579.4000244140625,1580.699951171875,1578.800048828125,1578.9000244140625,9568
2026-04-24 09:34:00+00:00,1580.199951171875,1580.199951171875,1580.5,1578.800048828125,1579.4000244140625,5545
2026-04-24 09:35:00+00:00,1581.4000244140625,1581.4000244140625,1581.699951171875,1579.0,1579.9000244140625,9032
2026-04-24 09:36:00+00:00,1582.5,1582.5,1582.800048828125,1581.4000244140625,1581.4000244140625,9011
2026-04-24 09:37:00+00:00,1584.800048828125,1584.800048828125,1584.9000244140625,1582.5,1582.5,15582
2026-04-24 09:38:00+00:00,1584.5999755859375,1584.5999755859375,1587.300048828125,1583.5999755859375,1584.9000244140625,14099
2026-04-24 09:39:00+00:00,1584.4000244140625,1584.4000244140625,1585.0999755859375,1584.199951171875,1584.5999755859375,4549
2026-04-24 09:40:00+00:00,1582.9000244140625,1582.9000244140625,1585.300048828125,1581.9000244140625,1585.0,12488
2026-04-24 09:41:00+00:00,1583.199951171875,1583.199951171875,1583.5,1582.199951171875,1582.800048828125,7888
2026-04-24 09:42:00+00:00,1582.4000244140625,1582.4000244140625,1584.0,1581.9000244140625,1583.199951171875,8438
2026-04-24 09:43:00+00:00,1583.300048828125,1583.300048828125,1583.5999755859375,1582.4000244140625,1582.4000244140625,4718
2026-04-24 09:44:00+00:00,1583.300048828125,1583.300048828125,1583.5999755859375,1582.9000244140625,1583.300048828125,4289
2026-04-24 09:45:00+00:00,1585.300048828125,1585.300048828125,1585.300048828125,1584.5,1585.300048828125,18183
2026-04-24 09:46:00+00:00,1584.9000244140625,1584.9000244140625,1585.5,1584.5999755859375,1585.0999755859375,8459
2026-04-24 09:47:00+00:00,1586.4000244140625,1586.4000244140625,1586.5999755859375,1584.9000244140625,1584.9000244140625,10274
2026-04-24 09:48:00+00:00,1584.4000244140625,1584.4000244140625,1586.0999755859375,1583.9000244140625,1586.0999755859375,10281
2026-04-24 09:49:00+00:00,1586.0,1586.0,1586.199951171875,1583.5999755859375,1583.800048828125,10201
2026-04-24 09:50:00+00:00,1584.800048828125,1584.800048828125,1585.800048828125,1584.300048828125,1585.800048828125,10895
2026-04-24 09:51:00+00:00,1585.699951171875,1585.699951171875,1585.699951171875,1584.5,1584.5,11230
2026-04-24 09:52:00+00:00,1585.5999755859375,1585.5999755859375,1585.699951171875,1585.0,1585.0,6726
2026-04-24 09:53:00+00:00,1587.800048828125,1587.800048828125,1587.800048828125,1585.0,1585.0,10993
2026-04-24 09:54:00+00:00,1589.5,1589.5,1589.5,1587.800048828125,1588.0,9606
2026-04-24 09:55:00+00:00,1588.699951171875,1588.699951171875,1591.0,1588.0999755859375,1591.0,21370
2026-04-24 09:56:00+00:00,1588.5999755859375,1588.5999755859375,1589.9000244140625,1588.5,1588.699951171875,4781
2026-04-24 09:57:00+00:00,1589.0,1589.0,1589.9000244140625,1589.0,1589.9000244140625,7910
2026-04-24 09:58:00+00:00,1590.199951171875,1590.199951171875,1591.699951171875,1589.0,1589.0,31354
2026-04-24 09:59:00+00:00,1590.0,1590.0,1590.0,1585.0,1588.5,13571
2026-04-27 03:45:00+00:00,1609.800048828125,1609.800048828125,1609.800048828125,1600.800048828125,1600.800048828125,0
2026-04-27 03:46:00+00:00,1614.5,1614.5,1615.800048828125,1609.800048828125,1609.800048828125,81692
2026-04-27 03:47:00+00:00,1616.9000244140625,1616.9000244140625,1618.699951171875,1613.0,1616.0,55042
2026-04-27 03:48:00+00:00,1619.800048828125,1619.800048828125,1622.300048828125,1617.4000244140625,1617.4000244140625,96672
2026-04-27 03:49:00+00:00,1621.199951171875,1621.199951171875,1622.0,1619.699951171875,1620.199951171875,37327
2026-04-27 03:50:00+00:00,1623.699951171875,1623.699951171875,1626.5999755859375,1621.800048828125,1621.800048828125,76810
2026-04-27 03:51:00+00:00,1625.0,1625.0,1626.9000244140625,1621.5,1624.0,56044
2026-04-27 03:52:00+00:00,1624.0,1624.0,1625.0,1623.300048828125,1625.0,23801
2026-04-27 03:53:00+00:00,1625.0,1625.0,1625.0,1623.300048828125,1624.0999755859375,31595
2026-04-27 03:54:00+00:00,1624.9000244140625,1624.9000244140625,1627.0,1624.199951171875,1625.0,30895
2026-04-27 03:55:00+00:00,1626.4000244140625,1626.4000244140625,1628.0,1623.5999755859375,1624.300048828125,43596
2026-04-27 03:56:00+00:00,1625.5,1625.5,1626.9000244140625,1625.0999755859375,1626.300048828125,20422
2026-04-27 03:57:00+00:00,1623.800048828125,1623.800048828125,1625.5999755859375,1623.800048828125,1625.5,20299
2026-04-27 03:58:00+00:00,1623.0,1623.0,1624.800048828125,1622.199951171875,1623.199951171875,17894
2026-04-27 03:59:00+00:00,1624.0,1624.0,1624.300048828125,1622.5,1622.800048828125,17530
2026-04-27 04:00:00+00:00,1627.5,1627.5,1627.5,1624.800048828125,1624.800048828125,46423
2026-04-27 04:01:00+00:00,1633.199951171875,1633.199951171875,1633.5999755859375,1628.5999755859375,1628.5999755859375,53123
2026-04-27 04:02:00+00:00,1633.699951171875,1633.699951171875,1634.0,1631.5,1632.5999755859375,34368
2026-04-27 04:03:00+00:00,1633.0,1633.0,1633.9000244140625,1630.9000244140625,1632.5,27505
2026-04-27 04:04:00+00:00,1632.0,1632.0,1635.0,1631.0,1633.5,54325
2026-04-27 04:05:00+00:00,1636.699951171875,1636.699951171875,1638.699951171875,1631.9000244140625,1631.9000244140625,46443
2026-04-27 04:06:00+00:00,1637.0,1637.0,1637.800048828125,1635.5999755859375,1635.800048828125,40643
2026-04-27 04:07:00+00:00,1633.0999755859375,1633.0999755859375,1637.5,1632.800048828125,1637.0,43872
2026-04-27 04:08:00+00:00,1634.0,1634.0,1634.4000244140625,1632.0,1633.0,12280
2026-04-27 04:09:00+00:00,1633.0,1633.0,1634.4000244140625,1632.5999755859375,1633.699951171875,15243
2026-04-27 04:10:00+00:00,1634.199951171875,1634.199951171875,1634.699951171875,1632.800048828125,1633.0,10962
2026-04-27 04:11:00+00:00,1629.300048828125,1629.300048828125,1633.5,1629.300048828125,1633.5,28216
2026-04-27 04:12:00+00:00,1632.300048828125,1632.300048828125,1632.9000244140625,1629.4000244140625,1629.9000244140625,8417
2026-04-27 04:13:00+00:00,1633.800048828125,1633.800048828125,1634.0999755859375,1631.199951171875,1631.5999755859375,22677
2026-04-27 04:14:00+00:00,1634.9000244140625,1634.9000244140625,1635.0,1633.5999755859375,1633.5999755859375,6495
2026-04-27 04:15:00+00:00,1634.9000244140625,1634.9000244140625,1634.9000244140625,1633.0,1634.0999755859375,9806
2026-04-27 04:16:00+00:00,1636.9000244140625,1636.9000244140625,1636.9000244140625,1634.5999755859375,1635.0,19907
2026-04-27 04:17:00+00:00,1637.5,1637.5,1637.5,1635.0,1636.5,16661
2026-04-27 04:18:00+00:00,1640.4000244140625,1640.4000244140625,1641.0,1636.5999755859375,1637.4000244140625,65909
2026-04-27 04:19:00+00:00,1637.4000244140625,1637.4000244140625,1640.800048828125,1637.4000244140625,1640.800048828125,17912
2026-04-27 04:20:00+00:00,1638.5999755859375,1638.5999755859375,1639.0,1637.4000244140625,1638.0,9222
2026-04-27 04:21:00+00:00,1640.300048828125,1640.300048828125,1641.5999755859375,1638.5,1639.5,37808
2026-04-27 04:22:00+00:00,1638.800048828125,1638.800048828125,1640.5999755859375,1638.800048828125,1640.5,10427
2026-04-27 04:23:00+00:00,1635.5999755859375,1635.5999755859375,1638.0,1634.300048828125,1638.0,12675
2026-04-27 04:24:00+00:00,1635.9000244140625,1635.9000244140625,1636.0,1635.0,1635.4000244140625,8446
2026-04-27 04:25:00+00:00,1636.5,1636.5,1636.5,1635.0,1636.0,6158
2026-04-27 04:26:00+00:00,1635.5,1635.5,1636.5999755859375,1635.0999755859375,1636.4000244140625,6065
2026-04-27 04:27:00+00:00,1635.0,1635.0,1635.800048828125,1633.4000244140625,1635.5,16721
2026-04-27 04:28:00+00:00,1634.5,1634.5,1635.9000244140625,1634.5,1635.5,3789
2026-04-27 04:29:00+00:00,1635.300048828125,1635.300048828125,1635.800048828125,1634.5,1634.5,3747
2026-04-27 04:30:00+00:00,1635.9000244140625,1635.9000244140625,1636.0999755859375,1635.300048828125,1635.300048828125,4476
2026-04-27 04:31:00+00:00,1635.0999755859375,1635.0999755859375,1635.5,1633.5,1635.5,9303
2026-04-27 04:32:00+00:00,1633.199951171875,1633.199951171875,1634.300048828125,1633.0,1634.199951171875,13642
2026-04-27 04:33:00+00:00,1632.0,1632.0,1634.0,1631.199951171875,1633.0,13434
2026-04-27 04:34:00+00:00,1631.5,1631.5,1632.0999755859375,1631.0,1632.0,4451
2026-04-27 04:35:00+00:00,1632.199951171875,1632.199951171875,1633.0,1631.0,1631.0,5692
2026-04-27 04:36:00+00:00,1634.699951171875,1634.699951171875,1634.699951171875,1631.699951171875,1633.5,5109
2026-04-27 04:37:00+00:00,1633.199951171875,1633.199951171875,1635.0,1633.199951171875,1634.699951171875,6603
2026-04-27 04:38:00+00:00,1632.800048828125,1632.800048828125,1634.0,1632.4000244140625,1633.5,3046
2026-04-27 04:39:00+00:00,1631.5999755859375,1631.5999755859375,1633.0,1631.5999755859375,1633.0,3287
2026-04-27 04:40:00+00:00,1630.800048828125,1630.800048828125,1632.0,1630.199951171875,1632.0,6154
2026-04-27 04:41:00+00:00,1630.300048828125,1630.300048828125,1630.9000244140625,1630.0999755859375,1630.9000244140625,4603
2026-04-27 04:42:00+00:00,1630.300048828125,1630.300048828125,1631.0,1630.0999755859375,1631.0,6135
2026-04-27 04:43:00+00:00,1630.0,1630.0,1630.800048828125,1630.0,1630.800048828125,5230
2026-04-27 04:44:00+00:00,1629.4000244140625,1629.4000244140625,1630.199951171875,1629.199951171875,1630.199951171875,12393
2026-04-27 04:45:00+00:00,1634.4000244140625,1634.4000244140625,1635.0,1630.0999755859375,1630.0999755859375,9856
2026-04-27 04:46:00+00:00,1635.9000244140625,1635.9000244140625,1636.0999755859375,1633.5999755859375,1633.5999755859375,7901
2026-04-27 04:47:00+00:00,1634.0,1634.0,1636.300048828125,1633.699951171875,1635.9000244140625,5854
2026-04-27 04:48:00+00:00,1633.699951171875,1633.699951171875,1635.300048828125,1632.5,1633.699951171875,7888
2026-04-27 04:49:00+00:00,1634.199951171875,1634.199951171875,1634.699951171875,1633.5,1634.199951171875,5046
2026-04-27 04:50:00+00:00,1633.0,1633.0,1634.5,1632.5999755859375,1634.5,4829
2026-04-27 04:51:00+00:00,1632.5,1632.5,1633.0,1632.4000244140625,1632.4000244140625,3015
2026-04-27 04:52:00+00:00,1633.0999755859375,1633.0999755859375,1633.4000244140625,1632.0999755859375,1632.4000244140625,2391
2026-04-27 04:53:00+00:00,1633.4000244140625,1633.4000244140625,1633.9000244140625,1633.0,1633.9000244140625,2922
2026-04-27 04:54:00+00:00,1633.5,1633.5,1634.4000244140625,1632.699951171875,1633.4000244140625,2444
2026-04-27 04:55:00+00:00,1634.0,1634.0,1635.0,1633.699951171875,1634.0,3296
2026-04-27 04:56:00+00:00,1634.800048828125,1634.800048828125,1634.800048828125,1633.0,1633.5999755859375,4485
2026-04-27 04:57:00+00:00,1633.800048828125,1633.800048828125,1634.800048828125,1633.800048828125,1634.800048828125,3775
2026-04-27 04:58:00+00:00,1635.9000244140625,1635.9000244140625,1636.0,1633.300048828125,1633.800048828125,7486
2026-04-27 04:59:00+00:00,1637.699951171875,1637.699951171875,1638.0,1635.4000244140625,1635.9000244140625,17662
2026-04-27 05:00:00+00:00,1638.5,1638.5,1640.0,1638.199951171875,1639.4000244140625,14367
2026-04-27 05:01:00+00:00,1636.5999755859375,1636.5999755859375,1640.0,1636.5999755859375,1638.5,7537
2026-04-27 05:02:00+00:00,1637.0,1637.0,1637.4000244140625,1636.199951171875,1637.4000244140625,2893
2026-04-27 05:03:00+00:00,1637.0,1637.0,1637.0,1636.4000244140625,1637.0,2567
2026-04-27 05:04:00+00:00,1639.199951171875,1639.199951171875,1639.199951171875,1636.9000244140625,1637.0,9303
2026-04-27 05:05:00+00:00,1638.800048828125,1638.800048828125,1639.199951171875,1638.199951171875,1639.199951171875,4835
2026-04-27 05:06:00+00:00,1639.5,1639.5,1639.5999755859375,1638.0,1638.9000244140625,4185
2026-04-27 05:07:00+00:00,1639.300048828125,1639.300048828125,1639.699951171875,1639.0,1639.5,3923
2026-04-27 05:08:00+00:00,1639.5999755859375,1639.5999755859375,1639.9000244140625,1639.0,1639.300048828125,5365
2026-04-27 05:09:00+00:00,1640.699951171875,1640.699951171875,1641.0,1640.0,1640.0,13132
2026-04-27 05:10:00+00:00,1639.199951171875,1639.199951171875,1640.0999755859375,1639.199951171875,1639.9000244140625,5110
2026-04-27 05:11:00+00:00,1639.9000244140625,1639.9000244140625,1639.9000244140625,1639.4000244140625,1639.4000244140625,1470
2026-04-27 05:12:00+00:00,1640.800048828125,1640.800048828125,1641.0,1639.9000244140625,1639.9000244140625,5158
2026-04-27 05:13:00+00:00,1642.300048828125,1642.300048828125,1642.300048828125,1640.0,1640.9000244140625,18270
2026-04-27 05:14:00+00:00,1641.5,1641.5,1642.199951171875,1641.199951171875,1641.5,11556
2026-04-27 05:15:00+00:00,1640.199951171875,1640.199951171875,1642.300048828125,1640.199951171875,1641.5,5374
2026-04-27 05:16:00+00:00,1641.699951171875,1641.699951171875,1642.0,1640.0,1640.199951171875,7304
2026-04-27 05:17:00+00:00,1642.0,1642.0,1642.5,1641.0,1642.0,6353
2026-04-27 05:18:00+00:00,1643.4000244140625,1643.4000244140625,1644.0,1641.800048828125,1641.9000244140625,20811
2026-04-27 05:19:00+00:00,1642.0,1642.0,1644.0,1642.0,1644.0,6798
2026-04-27 05:20:00+00:00,1641.800048828125,1641.800048828125,1642.4000244140625,1641.5,1642.4000244140625,7036
2026-04-27 05:21:00+00:00,1639.199951171875,1639.199951171875,1642.0,1638.699951171875,1642.0,7319
2026-04-27 05:22:00+00:00,1639.5,1639.5,1640.4000244140625,1638.0,1639.0999755859375,5036
2026-04-27 05:23:00+00:00,1640.300048828125,1640.300048828125,1640.4000244140625,1639.199951171875,1639.4000244140625,2222
2026-04-27 05:24:00+00:00,1641.300048828125,1641.300048828125,1641.300048828125,1640.300048828125,1640.699951171875,2746
2026-04-27 05:25:00+00:00,1641.699951171875,1641.699951171875,1641.699951171875,1641.0,1641.0,2783
2026-04-27 05:26:00+00:00,1642.9000244140625,1642.9000244140625,1643.9000244140625,1642.800048828125,1642.800048828125,7763
2026-04-27 05:27:00+00:00,1643.0999755859375,1643.0999755859375,1643.300048828125,1642.4000244140625,1642.800048828125,6957
2026-04-27 05:28:00+00:00,1642.300048828125,1642.300048828125,1644.699951171875,1642.300048828125,1643.0,13364
2026-04-27 05:29:00+00:00,1643.0999755859375,1643.0999755859375,1643.800048828125,1641.800048828125,1641.800048828125,3515
2026-04-27 05:30:00+00:00,1643.0,1643.0,1643.800048828125,1642.800048828125,1643.699951171875,3503
2026-04-27 05:31:00+00:00,1643.4000244140625,1643.4000244140625,1643.5,1642.4000244140625,1643.0,4467
2026-04-27 05:32:00+00:00,1643.699951171875,1643.699951171875,1644.0,1643.699951171875,1643.699951171875,3135
2026-04-27 05:33:00+00:00,1644.0999755859375,1644.0999755859375,1644.5999755859375,1643.699951171875,1643.9000244140625,11165
2026-04-27 05:34:00+00:00,1645.5,1645.5,1645.800048828125,1645.5,1645.699951171875,19168
2026-04-27 05:35:00+00:00,1646.0,1646.0,1646.699951171875,1645.0999755859375,1645.0999755859375,13462
2026-04-27 05:36:00+00:00,1643.0999755859375,1643.0999755859375,1646.300048828125,1643.0999755859375,1646.300048828125,7072
2026-04-27 05:37:00+00:00,1644.4000244140625,1644.4000244140625,1644.4000244140625,1642.5999755859375,1643.5,7729
2026-04-27 05:38:00+00:00,1642.5999755859375,1642.5999755859375,1644.800048828125,1642.5999755859375,1644.4000244140625,3767
2026-04-27 05:39:00+00:00,1643.5999755859375,1643.5999755859375,1643.5999755859375,1642.5,1643.199951171875,7474
2026-04-27 05:40:00+00:00,1644.5,1644.5,1645.0,1643.9000244140625,1643.9000244140625,2900
2026-04-27 05:41:00+00:00,1643.5999755859375,1643.5999755859375,1644.800048828125,1643.5999755859375,1644.5,1589
2026-04-27 05:42:00+00:00,1646.300048828125,1646.300048828125,1646.300048828125,1643.5999755859375,1643.800048828125,14197
2026-04-27 05:43:00+00:00,1647.0,1647.0,1647.0,1645.5,1645.800048828125,9376
2026-04-27 05:44:00+00:00,1648.800048828125,1648.800048828125,1648.9000244140625,1647.0,1647.0,12904
2026-04-27 05:45:00+00:00,1648.199951171875,1648.199951171875,1649.4000244140625,1648.199951171875,1648.4000244140625,14558
2026-04-27 05:46:00+00:00,1649.300048828125,1649.300048828125,1649.5,1648.0999755859375,1648.800048828125,10053
2026-04-27 05:47:00+00:00,1649.5999755859375,1649.5999755859375,1649.800048828125,1649.199951171875,1649.199951171875,7391
2026-04-27 05:48:00+00:00,1649.0,1649.0,1649.5999755859375,1648.800048828125,1649.199951171875,7637
2026-04-27 05:49:00+00:00,1647.199951171875,1647.199951171875,1649.199951171875,1647.0,1648.800048828125,11517
2026-04-27 05:50:00+00:00,1645.699951171875,1645.699951171875,1647.0,1645.699951171875,1647.0,13586
2026-04-27 05:51:00+00:00,1646.5,1646.5,1646.5,1644.4000244140625,1645.5,6838
2026-04-27 05:52:00+00:00,1646.699951171875,1646.699951171875,1647.199951171875,1645.5,1646.5999755859375,14824
2026-04-27 05:53:00+00:00,1647.5999755859375,1647.5999755859375,1648.5999755859375,1645.9000244140625,1646.0,17711
2026-04-27 05:54:00+00:00,1645.800048828125,1645.800048828125,1647.199951171875,1645.300048828125,1647.199951171875,8078
2026-04-27 05:55:00+00:00,1645.0999755859375,1645.0999755859375,1646.9000244140625,1644.5999755859375,1646.0,12771
2026-04-27 05:56:00+00:00,1644.9000244140625,1644.9000244140625,1645.199951171875,1643.5,1644.5,6571
2026-04-27 05:57:00+00:00,1645.300048828125,1645.300048828125,1645.300048828125,1643.800048828125,1644.9000244140625,5700
2026-04-27 05:58:00+00:00,1643.800048828125,1643.800048828125,1645.800048828125,1643.800048828125,1645.699951171875,4733
2026-04-27 05:59:00+00:00,1643.199951171875,1643.199951171875,1644.300048828125,1643.0999755859375,1644.300048828125,2513
2026-04-27 06:00:00+00:00,1643.5,1643.5,1643.800048828125,1643.199951171875,1643.800048828125,1807
2026-04-27 06:01:00+00:00,1640.5999755859375,1640.5999755859375,1643.5999755859375,1640.5999755859375,1643.5999755859375,16704
2026-04-27 06:02:00+00:00,1639.5999755859375,1639.5999755859375,1641.0,1639.5999755859375,1640.800048828125,17870
2026-04-27 06:03:00+00:00,1639.199951171875,1639.199951171875,1640.0,1638.4000244140625,1639.300048828125,7800
2026-04-27 06:04:00+00:00,1639.5999755859375,1639.5999755859375,1639.9000244140625,1638.800048828125,1639.0999755859375,3901
2026-04-27 06:05:00+00:00,1638.5999755859375,1638.5999755859375,1640.300048828125,1636.5,1640.0,14266
2026-04-27 06:06:00+00:00,1638.800048828125,1638.800048828125,1639.699951171875,1638.0,1638.5999755859375,13207
2026-04-27 06:07:00+00:00,1637.0999755859375,1637.0999755859375,1638.9000244140625,1637.0999755859375,1638.699951171875,3098
2026-04-27 06:08:00+00:00,1637.0,1637.0,1637.5,1637.0,1637.0999755859375,5152
2026-04-27 06:09:00+00:00,1637.5,1637.5,1639.199951171875,1636.5999755859375,1637.300048828125,6745
2026-04-27 06:10:00+00:00,1637.5999755859375,1637.5999755859375,1637.9000244140625,1635.800048828125,1637.5,18488
2026-04-27 06:11:00+00:00,1636.300048828125,1636.300048828125,1638.4000244140625,1636.300048828125,1637.5999755859375,5047
2026-04-27 06:12:00+00:00,1635.699951171875,1635.699951171875,1636.300048828125,1635.199951171875,1636.300048828125,6656
2026-04-27 06:13:00+00:00,1635.800048828125,1635.800048828125,1636.199951171875,1635.5999755859375,1635.5999755859375,4246
2026-04-27 06:14:00+00:00,1635.4000244140625,1635.4000244140625,1635.5,1634.4000244140625,1635.199951171875,12083
2026-04-27 06:15:00+00:00,1633.5,1633.5,1635.0999755859375,1633.199951171875,1635.0999755859375,7193
2026-04-27 06:16:00+00:00,1632.699951171875,1632.699951171875,1633.5,1632.199951171875,1633.4000244140625,4513
2026-04-27 06:17:00+00:00,1633.5999755859375,1633.5999755859375,1633.9000244140625,1632.4000244140625,1633.0999755859375,4312
2026-04-27 06:18:00+00:00,1633.5999755859375,1633.5999755859375,1634.699951171875,1633.5,1634.5,2949
2026-04-27 06:19:00+00:00,1634.5,1634.5,1634.5,1633.5,1633.5,1730
2026-04-27 06:20:00+00:00,1633.199951171875,1633.199951171875,1634.0,1633.199951171875,1634.0,4396
2026-04-27 06:21:00+00:00,1633.0999755859375,1633.0999755859375,1633.9000244140625,1633.0,1633.4000244140625,2043
2026-04-27 06:22:00+00:00,1633.199951171875,1633.199951171875,1633.199951171875,1632.300048828125,1633.0,8714
2026-04-27 06:23:00+00:00,1633.0999755859375,1633.0999755859375,1633.0999755859375,1632.5,1633.0,1389
2026-04-27 06:24:00+00:00,1632.300048828125,1632.300048828125,1633.0999755859375,1632.0999755859375,1633.0999755859375,4210
2026-04-27 06:25:00+00:00,1632.199951171875,1632.199951171875,1632.5,1632.0999755859375,1632.5,3322
2026-04-27 06:26:00+00:00,1630.300048828125,1630.300048828125,1632.300048828125,1630.199951171875,1632.300048828125,16612
2026-04-27 06:27:00+00:00,1630.199951171875,1630.199951171875,1630.4000244140625,1629.4000244140625,1630.300048828125,8992
2026-04-27 06:28:00+00:00,1629.0,1629.0,1630.199951171875,1628.5,1630.199951171875,13869
2026-04-27 06:29:00+00:00,1628.800048828125,1628.800048828125,1629.9000244140625,1628.199951171875,1629.800048828125,21306
2026-04-27 06:30:00+00:00,1627.699951171875,1627.699951171875,1629.0,1627.699951171875,1628.800048828125,9797
2026-04-27 06:31:00+00:00,1628.0,1628.0,1628.5,1627.5999755859375,1628.4000244140625,2598
2026-04-27 06:32:00+00:00,1627.699951171875,1627.699951171875,1627.9000244140625,1627.0,1627.5999755859375,4646
2026-04-27 06:33:00+00:00,1627.9000244140625,1627.9000244140625,1628.0,1627.0,1627.699951171875,3096
2026-04-27 06:34:00+00:00,1628.800048828125,1628.800048828125,1628.800048828125,1627.5999755859375,1627.5999755859375,3683
2026-04-27 06:35:00+00:00,1628.9000244140625,1628.9000244140625,1629.0,1628.0999755859375,1628.5,3485
2026-04-27 06:36:00+00:00,1629.0,1629.0,1629.0,1628.800048828125,1629.0,3911
2026-04-27 06:37:00+00:00,1628.5999755859375,1628.5999755859375,1629.0999755859375,1627.800048828125,1629.0,6446
2026-04-27 06:38:00+00:00,1628.199951171875,1628.199951171875,1628.5,1627.800048828125,1628.4000244140625,2218
2026-04-27 06:39:00+00:00,1628.0,1628.0,1628.4000244140625,1627.800048828125,1628.4000244140625,1543
2026-04-27 06:40:00+00:00,1628.5,1628.5,1628.5,1627.800048828125,1628.0,1065
2026-04-27 06:41:00+00:00,1628.199951171875,1628.199951171875,1628.5999755859375,1628.0,1628.5,1271
2026-04-27 06:42:00+00:00,1628.9000244140625,1628.9000244140625,1628.9000244140625,1628.0,1628.0,1478
2026-04-27 06:43:00+00:00,1629.0,1629.0,1629.0,1628.5,1628.800048828125,1740
2026-04-27 06:44:00+00:00,1628.300048828125,1628.300048828125,1628.9000244140625,1628.0999755859375,1628.4000244140625,2424
2026-04-27 06:45:00+00:00,1627.4000244140625,1627.4000244140625,1628.300048828125,1626.5,1628.300048828125,11457
2026-04-27 06:46:00+00:00,1627.5,1627.5,1627.5,1627.4000244140625,1627.4000244140625,1729
2026-04-27 06:47:00+00:00,1628.5,1628.5,1628.5999755859375,1626.699951171875,1627.199951171875,5052
2026-04-27 06:48:00+00:00,1628.800048828125,1628.800048828125,1629.199951171875,1628.4000244140625,1628.800048828125,8163
2026-04-27 06:49:00+00:00,1626.5,1626.5,1629.0,1626.5,1629.0,8294
2026-04-27 06:50:00+00:00,1625.0999755859375,1625.0999755859375,1626.5999755859375,1623.9000244140625,1626.5,17096
2026-04-27 06:51:00+00:00,1625.0,1625.0,1625.300048828125,1624.300048828125,1624.5,4561
2026-04-27 06:52:00+00:00,1624.0999755859375,1624.0999755859375,1625.0,1624.0999755859375,1624.9000244140625,3499
2026-04-27 06:53:00+00:00,1625.699951171875,1625.699951171875,1626.0,1624.0999755859375,1624.800048828125,6333
2026-04-27 06:54:00+00:00,1625.0,1625.0,1625.800048828125,1624.0,1625.800048828125,4767
2026-04-27 06:55:00+00:00,1623.300048828125,1623.300048828125,1625.0,1623.0999755859375,1625.0,254375
2026-04-27 06:56:00+00:00,1624.9000244140625,1624.9000244140625,1625.0,1622.5999755859375,1623.5999755859375,44065
2026-04-27 06:57:00+00:00,1622.699951171875,1622.699951171875,1624.4000244140625,1622.5,1624.4000244140625,3593
2026-04-27 06:58:00+00:00,1622.800048828125,1622.800048828125,1623.0,1621.0999755859375,1622.300048828125,6086
2026-04-27 06:59:00+00:00,1622.5999755859375,1622.5999755859375,1622.800048828125,1622.0,1622.800048828125,3200
2026-04-27 07:00:00+00:00,1623.5,1623.5,1623.5,1621.5,1622.4000244140625,3657
2026-04-27 07:01:00+00:00,1624.9000244140625,1624.9000244140625,1625.0,1622.9000244140625,1622.9000244140625,5041
2026-04-27 07:02:00+00:00,1624.5,1624.5,1625.0,1624.199951171875,1625.0,7409
2026-04-27 07:03:00+00:00,1624.800048828125,1624.800048828125,1625.0,1624.5,1624.5,2858
2026-04-27 07:04:00+00:00,1625.5999755859375,1625.5999755859375,1625.699951171875,1624.800048828125,1625.0,10072
2026-04-27 07:05:00+00:00,1627.0999755859375,1627.0999755859375,1627.199951171875,1625.5,1625.5,4907
2026-04-27 07:06:00+00:00,1628.5,1628.5,1628.800048828125,1626.5,1626.800048828125,2731
2026-04-27 07:07:00+00:00,1628.5999755859375,1628.5999755859375,1629.0,1628.0999755859375,1628.300048828125,4356
2026-04-27 07:08:00+00:00,1627.0,1627.0,1628.5,1627.0,1628.5,4058
2026-04-27 07:09:00+00:00,1626.4000244140625,1626.4000244140625,1628.5999755859375,1626.0,1627.300048828125,4040
2026-04-27 07:10:00+00:00,1627.199951171875,1627.199951171875,1627.4000244140625,1626.5,1626.5,1847
2026-04-27 07:11:00+00:00,1625.199951171875,1625.199951171875,1627.0,1625.0,1627.0,2399
2026-04-27 07:12:00+00:00,1625.0,1625.0,1625.300048828125,1624.0,1625.0,4547
2026-04-27 07:13:00+00:00,1625.800048828125,1625.800048828125,1625.800048828125,1624.5999755859375,1625.0,3447
2026-04-27 07:14:00+00:00,1624.199951171875,1624.199951171875,1626.0,1624.199951171875,1625.699951171875,4992
2026-04-27 07:15:00+00:00,1625.5,1625.5,1625.5999755859375,1625.199951171875,1625.300048828125,1120
2026-04-27 07:16:00+00:00,1624.9000244140625,1624.9000244140625,1625.0,1624.0,1624.800048828125,2535
2026-04-27 07:17:00+00:00,1625.0,1625.0,1626.0,1624.5999755859375,1625.9000244140625,3139
2026-04-27 07:18:00+00:00,1626.0,1626.0,1626.0,1625.0,1625.0,1075
2026-04-27 07:19:00+00:00,1625.699951171875,1625.699951171875,1626.0,1625.0,1626.0,3041
2026-04-27 07:20:00+00:00,1626.4000244140625,1626.4000244140625,1628.0999755859375,1624.199951171875,1625.0,8238
2026-04-27 07:21:00+00:00,1628.0,1628.0,1628.0,1626.0,1627.0999755859375,4376
2026-04-27 07:22:00+00:00,1628.0,1628.0,1628.800048828125,1627.800048828125,1628.0,5715
2026-04-27 07:23:00+00:00,1627.0999755859375,1627.0999755859375,1628.0,1626.699951171875,1627.9000244140625,2998
2026-04-27 07:24:00+00:00,1627.300048828125,1627.300048828125,1627.699951171875,1626.9000244140625,1627.0999755859375,2639
2026-04-27 07:25:00+00:00,1627.300048828125,1627.300048828125,1627.699951171875,1627.0,1627.699951171875,3104
2026-04-27 07:26:00+00:00,1627.0,1627.0,1627.699951171875,1626.5,1627.300048828125,3966
2026-04-27 07:27:00+00:00,1627.9000244140625,1627.9000244140625,1628.0,1627.0,1627.0999755859375,2650
2026-04-27 07:28:00+00:00,1627.9000244140625,1627.9000244140625,1628.0,1627.800048828125,1628.0,763
2026-04-27 07:29:00+00:00,1628.9000244140625,1628.9000244140625,1629.0,1627.5,1627.9000244140625,4892
2026-04-27 07:30:00+00:00,1628.199951171875,1628.199951171875,1629.0,1628.0,1628.9000244140625,4054
2026-04-27 07:31:00+00:00,1627.300048828125,1627.300048828125,1628.199951171875,1627.0,1627.5999755859375,2441
2026-04-27 07:32:00+00:00,1627.699951171875,1627.699951171875,1628.199951171875,1626.800048828125,1627.300048828125,1026
2026-04-27 07:33:00+00:00,1628.0999755859375,1628.0999755859375,1628.0999755859375,1626.9000244140625,1627.699951171875,760
2026-04-27 07:34:00+00:00,1628.4000244140625,1628.4000244140625,1628.699951171875,1627.5999755859375,1628.0999755859375,1593
2026-04-27 07:35:00+00:00,1628.0,1628.0,1628.5,1627.5999755859375,1628.4000244140625,3185
2026-04-27 07:36:00+00:00,1628.300048828125,1628.300048828125,1628.300048828125,1627.300048828125,1627.4000244140625,1586
2026-04-27 07:37:00+00:00,1627.800048828125,1627.800048828125,1628.5,1627.800048828125,1628.300048828125,1698
2026-04-27 07:38:00+00:00,1628.4000244140625,1628.4000244140625,1628.4000244140625,1628.0,1628.0,891
2026-04-27 07:39:00+00:00,1628.300048828125,1628.300048828125,1628.4000244140625,1627.5,1628.4000244140625,2169
2026-04-27 07:40:00+00:00,1628.199951171875,1628.199951171875,1628.5,1628.0,1628.4000244140625,287
2026-04-27 07:41:00+00:00,1628.199951171875,1628.199951171875,1628.199951171875,1628.0,1628.199951171875,1860
2026-04-27 07:42:00+00:00,1627.199951171875,1627.199951171875,1628.0,1627.0,1627.199951171875,3377
2026-04-27 07:43:00+00:00,1628.5,1628.5,1628.5,1627.199951171875,1627.9000244140625,623
2026-04-27 07:44:00+00:00,1629.0,1629.0,1629.0,1628.0,1628.0,1254
2026-04-27 07:45:00+00:00,1629.300048828125,1629.300048828125,1629.300048828125,1628.699951171875,1628.9000244140625,19674
2026-04-27 07:46:00+00:00,1629.0,1629.0,1629.5999755859375,1628.800048828125,1629.300048828125,3533
2026-04-27 07:47:00+00:00,1628.9000244140625,1628.9000244140625,1629.5999755859375,1628.9000244140625,1629.5,5651
2026-04-27 07:48:00+00:00,1628.5999755859375,1628.5999755859375,1629.5,1628.0,1629.5,1433
2026-04-27 07:49:00+00:00,1629.0,1629.0,1629.0,1628.300048828125,1628.300048828125,743
2026-04-27 07:50:00+00:00,1628.4000244140625,1628.4000244140625,1629.0,1627.699951171875,1628.800048828125,2806
2026-04-27 07:51:00+00:00,1628.0,1628.0,1628.5,1627.699951171875,1628.5,604
2026-04-27 07:52:00+00:00,1628.4000244140625,1628.4000244140625,1628.5,1627.9000244140625,1627.9000244140625,956
2026-04-27 07:53:00+00:00,1627.5,1627.5,1628.300048828125,1627.5,1628.300048828125,1556
2026-04-27 07:54:00+00:00,1627.5,1627.5,1627.5,1626.699951171875,1627.5,2304
2026-04-27 07:55:00+00:00,1626.5,1626.5,1627.5,1626.4000244140625,1627.300048828125,2595
2026-04-27 07:56:00+00:00,1626.0,1626.0,1627.0,1626.0,1627.0,5130
2026-04-27 07:57:00+00:00,1625.0,1625.0,1626.699951171875,1624.9000244140625,1626.0,16641
2026-04-27 07:58:00+00:00,1625.0,1625.0,1625.0,1624.4000244140625,1624.4000244140625,2436
2026-04-27 07:59:00+00:00,1624.300048828125,1624.300048828125,1625.0,1624.300048828125,1625.0,5652
2026-04-27 08:00:00+00:00,1625.0,1625.0,1625.0,1624.5999755859375,1624.800048828125,2113
2026-04-27 08:01:00+00:00,1624.199951171875,1624.199951171875,1624.9000244140625,1624.199951171875,1624.800048828125,2777
2026-04-27 08:02:00+00:00,1624.699951171875,1624.699951171875,1624.9000244140625,1623.699951171875,1624.0,4948
2026-04-27 08:03:00+00:00,1624.0,1624.0,1624.5999755859375,1624.0,1624.4000244140625,913
2026-04-27 08:04:00+00:00,1624.5999755859375,1624.5999755859375,1624.5999755859375,1623.800048828125,1624.0,2036
2026-04-27 08:05:00+00:00,1623.800048828125,1623.800048828125,1624.699951171875,1623.800048828125,1624.5999755859375,4853
2026-04-27 08:06:00+00:00,1625.0,1625.0,1625.0,1623.699951171875,1624.0,3210
2026-04-27 08:07:00+00:00,1625.0,1625.0,1625.0,1624.5,1625.0,3130
2026-04-27 08:08:00+00:00,1625.0,1625.0,1625.0,1624.5,1625.0,1044
2026-04-27 08:09:00+00:00,1625.800048828125,1625.800048828125,1625.800048828125,1625.0,1625.0,17182
2026-04-27 08:10:00+00:00,1627.199951171875,1627.199951171875,1627.800048828125,1625.800048828125,1625.800048828125,3105
2026-04-27 08:11:00+00:00,1627.300048828125,1627.300048828125,1627.5,1626.4000244140625,1627.0,3344
2026-04-27 08:12:00+00:00,1627.5,1627.5,1627.9000244140625,1626.5,1627.300048828125,2321
2026-04-27 08:13:00+00:00,1627.0,1627.0,1627.800048828125,1627.0,1627.300048828125,1187
2026-04-27 08:14:00+00:00,1627.199951171875,1627.199951171875,1627.9000244140625,1627.199951171875,1627.300048828125,3923
2026-04-27 08:15:00+00:00,1628.800048828125,1628.800048828125,1629.0,1626.699951171875,1627.199951171875,5335
2026-04-27 08:16:00+00:00,1628.9000244140625,1628.9000244140625,1629.0,1628.5,1628.699951171875,1963
2026-04-27 08:17:00+00:00,1629.0,1629.0,1629.0,1628.0,1628.9000244140625,2452
2026-04-27 08:18:00+00:00,1627.5,1627.5,1628.5999755859375,1626.800048828125,1628.5,57520
2026-04-27 08:19:00+00:00,1625.800048828125,1625.800048828125,1627.699951171875,1625.4000244140625,1627.699951171875,6525
2026-04-27 08:20:00+00:00,1624.699951171875,1624.699951171875,1626.300048828125,1624.0,1625.800048828125,11620
2026-04-27 08:21:00+00:00,1623.5,1623.5,1625.0,1622.9000244140625,1624.5,7987
2026-04-27 08:22:00+00:00,1625.0,1625.0,1625.0,1623.0,1623.5,2302
2026-04-27 08:23:00+00:00,1625.199951171875,1625.199951171875,1625.199951171875,1624.4000244140625,1624.4000244140625,3725
2026-04-27 08:24:00+00:00,1625.199951171875,1625.199951171875,1625.4000244140625,1624.9000244140625,1624.9000244140625,3403
2026-04-27 08:25:00+00:00,1625.199951171875,1625.199951171875,1625.199951171875,1624.9000244140625,1625.0,11323
2026-04-27 08:26:00+00:00,1624.9000244140625,1624.9000244140625,1625.0999755859375,1624.4000244140625,1624.5,3493
2026-04-27 08:27:00+00:00,1625.0,1625.0,1625.0,1624.5,1624.5,1642
2026-04-27 08:28:00+00:00,1625.5999755859375,1625.5999755859375,1626.699951171875,1624.300048828125,1624.800048828125,37901
2026-04-27 08:29:00+00:00,1624.199951171875,1624.199951171875,1625.800048828125,1624.199951171875,1624.9000244140625,13860
2026-04-27 08:30:00+00:00,1625.0,1625.0,1625.0,1624.0999755859375,1624.0999755859375,10963
2026-04-27 08:31:00+00:00,1624.0999755859375,1624.0999755859375,1625.0,1624.0999755859375,1624.800048828125,1480
2026-04-27 08:32:00+00:00,1624.699951171875,1624.699951171875,1624.800048828125,1624.0,1624.4000244140625,1248
2026-04-27 08:33:00+00:00,1624.699951171875,1624.699951171875,1624.800048828125,1624.199951171875,1624.4000244140625,1529
2026-04-27 08:34:00+00:00,1625.0,1625.0,1625.0,1624.199951171875,1624.4000244140625,892
2026-04-27 08:35:00+00:00,1625.5999755859375,1625.5999755859375,1626.0,1624.5,1624.699951171875,36667
2026-04-27 08:36:00+00:00,1625.5999755859375,1625.5999755859375,1626.0,1625.199951171875,1625.800048828125,1880
2026-04-27 08:37:00+00:00,1625.5,1625.5,1625.699951171875,1625.0,1625.199951171875,2597
2026-04-27 08:38:00+00:00,1625.9000244140625,1625.9000244140625,1625.9000244140625,1624.800048828125,1625.300048828125,1272
2026-04-27 08:39:00+00:00,1626.300048828125,1626.300048828125,1627.300048828125,1625.5999755859375,1625.5999755859375,3267
2026-04-27 08:40:00+00:00,1627.0,1627.0,1627.0,1625.800048828125,1626.5,1211
2026-04-27 08:41:00+00:00,1626.199951171875,1626.199951171875,1626.699951171875,1625.5,1626.699951171875,3344
2026-04-27 08:42:00+00:00,1626.0999755859375,1626.0999755859375,1626.199951171875,1625.0,1626.199951171875,2645
2026-04-27 08:43:00+00:00,1625.9000244140625,1625.9000244140625,1626.0,1625.4000244140625,1626.0,1251
2026-04-27 08:44:00+00:00,1625.0999755859375,1625.0999755859375,1625.9000244140625,1625.0999755859375,1625.9000244140625,3394
2026-04-27 08:45:00+00:00,1625.0,1625.0,1625.0999755859375,1624.699951171875,1624.9000244140625,1214
2026-04-27 08:46:00+00:00,1624.0,1624.0,1625.0,1623.5,1625.0,3637
2026-04-27 08:47:00+00:00,1624.9000244140625,1624.9000244140625,1624.9000244140625,1623.800048828125,1624.0,2187
2026-04-27 08:48:00+00:00,1624.800048828125,1624.800048828125,1624.9000244140625,1623.9000244140625,1624.9000244140625,1026
2026-04-27 08:49:00+00:00,1624.5999755859375,1624.5999755859375,1624.800048828125,1624.199951171875,1624.800048828125,1078
2026-04-27 08:50:00+00:00,1625.0,1625.0,1625.0,1624.0,1624.0,9059
2026-04-27 08:51:00+00:00,1625.0,1625.0,1625.0,1624.4000244140625,1625.0,13938
2026-04-27 08:52:00+00:00,1624.800048828125,1624.800048828125,1625.0,1624.199951171875,1624.5999755859375,1432
2026-04-27 08:53:00+00:00,1625.0,1625.0,1625.0,1624.0,1624.199951171875,8003
2026-04-27 08:54:00+00:00,1626.800048828125,1626.800048828125,1627.0,1624.9000244140625,1625.0,36257
2026-04-27 08:55:00+00:00,1627.0,1627.0,1627.5999755859375,1626.5,1626.5999755859375,5679
2026-04-27 08:56:00+00:00,1627.300048828125,1627.300048828125,1628.0,1625.9000244140625,1626.5,6851
2026-04-27 08:57:00+00:00,1628.699951171875,1628.699951171875,1628.699951171875,1627.0999755859375,1627.199951171875,4869
2026-04-27 08:58:00+00:00,1628.0,1628.0,1628.699951171875,1627.9000244140625,1628.4000244140625,3028
2026-04-27 08:59:00+00:00,1627.0,1627.0,1628.0,1627.0,1627.800048828125,1599
2026-04-27 09:00:00+00:00,1626.5999755859375,1626.5999755859375,1627.5,1626.0,1627.5,3500
2026-04-27 09:01:00+00:00,1625.699951171875,1625.699951171875,1627.5,1625.699951171875,1627.0,3810
2026-04-27 09:02:00+00:00,1626.5999755859375,1626.5999755859375,1626.9000244140625,1625.5,1625.699951171875,11521
2026-04-27 09:03:00+00:00,1627.800048828125,1627.800048828125,1628.0,1626.300048828125,1626.300048828125,2506
2026-04-27 09:04:00+00:00,1627.699951171875,1627.699951171875,1627.699951171875,1626.9000244140625,1627.5999755859375,1954
2026-04-27 09:05:00+00:00,1627.5,1627.5,1628.0,1626.800048828125,1627.5999755859375,3360
2026-04-27 09:06:00+00:00,1627.4000244140625,1627.4000244140625,1627.699951171875,1626.699951171875,1627.5,2542
2026-04-27 09:07:00+00:00,1627.0999755859375,1627.0999755859375,1627.9000244140625,1626.5999755859375,1626.9000244140625,3868
2026-04-27 09:08:00+00:00,1627.699951171875,1627.699951171875,1627.800048828125,1627.0999755859375,1627.0999755859375,2410
2026-04-27 09:09:00+00:00,1627.9000244140625,1627.9000244140625,1628.0,1627.0,1628.0,15098
2026-04-27 09:10:00+00:00,1626.5,1626.5,1628.0,1626.5,1627.300048828125,8067
2026-04-27 09:11:00+00:00,1628.699951171875,1628.699951171875,1628.9000244140625,1626.300048828125,1626.5,5148
2026-04-27 09:12:00+00:00,1630.800048828125,1630.800048828125,1631.0,1628.199951171875,1628.800048828125,16995
2026-04-27 09:13:00+00:00,1629.300048828125,1629.300048828125,1631.0999755859375,1627.5,1630.300048828125,42807
2026-04-27 09:14:00+00:00,1629.4000244140625,1629.4000244140625,1630.4000244140625,1628.5,1628.5,5065
2026-04-27 09:15:00+00:00,1630.5,1630.5,1630.699951171875,1628.9000244140625,1629.4000244140625,2704
2026-04-27 09:16:00+00:00,1632.4000244140625,1632.4000244140625,1632.5,1629.800048828125,1630.0,8182
2026-04-27 09:17:00+00:00,1631.4000244140625,1631.4000244140625,1632.5999755859375,1631.0,1632.5,5852
2026-04-27 09:18:00+00:00,1632.0,1632.0,1632.0,1631.0,1631.4000244140625,1575
2026-04-27 09:19:00+00:00,1631.800048828125,1631.800048828125,1631.800048828125,1631.0,1631.0999755859375,7037
2026-04-27 09:20:00+00:00,1631.300048828125,1631.300048828125,1631.800048828125,1630.699951171875,1631.800048828125,9545
2026-04-27 09:21:00+00:00,1631.199951171875,1631.199951171875,1631.4000244140625,1630.5,1630.699951171875,2256
2026-04-27 09:22:00+00:00,1630.0999755859375,1630.0999755859375,1631.4000244140625,1629.0,1631.4000244140625,7496
2026-04-27 09:23:00+00:00,1629.699951171875,1629.699951171875,1630.5999755859375,1629.0,1630.0999755859375,7513
2026-04-27 09:24:00+00:00,1628.9000244140625,1628.9000244140625,1630.0,1628.300048828125,1629.699951171875,1960
2026-04-27 09:25:00+00:00,1629.0999755859375,1629.0999755859375,1632.0,1628.5999755859375,1629.0,7518
2026-04-27 09:26:00+00:00,1629.0,1629.0,1630.0999755859375,1628.4000244140625,1629.199951171875,4079
2026-04-27 09:27:00+00:00,1630.5,1630.5,1630.800048828125,1629.0999755859375,1629.0999755859375,2888
2026-04-27 09:28:00+00:00,1630.5999755859375,1630.5999755859375,1631.0,1629.9000244140625,1630.199951171875,2396
2026-04-27 09:29:00+00:00,1630.0999755859375,1630.0999755859375,1630.800048828125,1629.5,1630.0999755859375,3455
2026-04-27 09:30:00+00:00,1627.800048828125,1627.800048828125,1630.4000244140625,1627.800048828125,1630.4000244140625,6799
2026-04-27 09:31:00+00:00,1628.300048828125,1628.300048828125,1629.4000244140625,1628.300048828125,1629.4000244140625,1838
2026-04-27 09:32:00+00:00,1629.0999755859375,1629.0999755859375,1629.0999755859375,1627.800048828125,1628.699951171875,4817
2026-04-27 09:33:00+00:00,1629.5,1629.5,1630.0,1629.0999755859375,1629.0999755859375,3691
2026-04-27 09:34:00+00:00,1631.9000244140625,1631.9000244140625,1631.9000244140625,1629.4000244140625,1629.4000244140625,5720
2026-04-27 09:35:00+00:00,1630.9000244140625,1630.9000244140625,1631.9000244140625,1630.199951171875,1631.0999755859375,2303
2026-04-27 09:36:00+00:00,1630.0999755859375,1630.0999755859375,1630.9000244140625,1629.800048828125,1630.9000244140625,1667
2026-04-27 09:37:00+00:00,1630.0,1630.0,1630.5,1630.0,1630.300048828125,1504
2026-04-27 09:38:00+00:00,1630.4000244140625,1630.4000244140625,1630.4000244140625,1629.699951171875,1630.4000244140625,2034
2026-04-27 09:39:00+00:00,1629.800048828125,1629.800048828125,1630.4000244140625,1629.5,1630.4000244140625,2210
2026-04-27 09:40:00+00:00,1629.300048828125,1629.300048828125,1629.5999755859375,1629.199951171875,1629.300048828125,21695
2026-04-27 09:41:00+00:00,1629.800048828125,1629.800048828125,1629.800048828125,1628.699951171875,1628.9000244140625,5928
2026-04-27 09:42:00+00:00,1629.5999755859375,1629.5999755859375,1630.0,1629.5999755859375,1629.9000244140625,3198
2026-04-27 09:43:00+00:00,1630.0,1630.0,1630.199951171875,1629.9000244140625,1630.0,4406
2026-04-27 09:44:00+00:00,1630.0,1630.0,1630.4000244140625,1629.5,1629.9000244140625,6493
2026-04-27 09:45:00+00:00,1628.800048828125,1628.800048828125,1629.9000244140625,1628.0,1629.300048828125,17227
2026-04-27 09:46:00+00:00,1628.800048828125,1628.800048828125,1629.0999755859375,1628.300048828125,1628.300048828125,10689
2026-04-27 09:47:00+00:00,1628.4000244140625,1628.4000244140625,1629.0999755859375,1628.199951171875,1629.0999755859375,6406
2026-04-27 09:48:00+00:00,1627.0,1627.0,1628.4000244140625,1627.0,1628.4000244140625,14831
2026-04-27 09:49:00+00:00,1627.0,1627.0,1627.5999755859375,1626.5999755859375,1627.4000244140625,26813
2026-04-27 09:50:00+00:00,1628.5999755859375,1628.5999755859375,1628.9000244140625,1626.5999755859375,1626.5999755859375,43746
2026-04-27 09:51:00+00:00,1629.0,1629.0,1629.5,1627.5999755859375,1628.699951171875,15440
2026-04-27 09:52:00+00:00,1629.0,1629.0,1629.5999755859375,1628.5,1629.5,3524
2026-04-27 09:53:00+00:00,1629.5,1629.5,1629.5,1629.0,1629.0999755859375,5421
2026-04-27 09:54:00+00:00,1629.0,1629.0,1629.5,1628.699951171875,1629.199951171875,7596
2026-04-27 09:55:00+00:00,1628.0999755859375,1628.0999755859375,1629.300048828125,1627.5999755859375,1629.300048828125,13153
2026-04-27 09:56:00+00:00,1628.699951171875,1628.699951171875,1629.0999755859375,1627.699951171875,1627.699951171875,3696
2026-04-27 09:57:00+00:00,1628.0,1628.0,1628.699951171875,1627.5999755859375,1628.5,9700
2026-04-27 09:58:00+00:00,1628.4000244140625,1628.4000244140625,1629.4000244140625,1628.0,1628.699951171875,8503
2026-04-27 09:59:00+00:00,1628.0,1628.0,1629.0,1627.0,1628.300048828125,10552
2026-04-28 03:45:00+00:00,1630.0,1630.0,1630.199951171875,1625.5,1628.5,0
2026-04-28 03:46:00+00:00,1638.0999755859375,1638.0999755859375,1639.800048828125,1629.5,1630.9000244140625,66924
2026-04-28 03:47:00+00:00,1641.300048828125,1641.300048828125,1641.300048828125,1636.0,1637.4000244140625,25207
2026-04-28 03:48:00+00:00,1644.800048828125,1644.800048828125,1644.800048828125,1639.9000244140625,1641.5,30884
2026-04-28 03:49:00+00:00,1643.300048828125,1643.300048828125,1646.4000244140625,1642.5,1644.5,48135
2026-04-28 03:50:00+00:00,1640.0999755859375,1640.0999755859375,1644.0,1638.5,1643.5,22812
2026-04-28 03:51:00+00:00,1641.5,1641.5,1642.5,1640.0999755859375,1640.5,6822
2026-04-28 03:52:00+00:00,1642.9000244140625,1642.9000244140625,1644.0,1641.300048828125,1641.300048828125,7850
2026-04-28 03:53:00+00:00,1640.0999755859375,1640.0999755859375,1642.5,1640.0999755859375,1642.5,9687
2026-04-28 03:54:00+00:00,1639.9000244140625,1639.9000244140625,1641.5,1639.800048828125,1640.300048828125,37171
2026-04-28 03:55:00+00:00,1642.800048828125,1642.800048828125,1643.4000244140625,1640.0,1640.0,21369
2026-04-28 03:56:00+00:00,1642.9000244140625,1642.9000244140625,1644.0,1642.300048828125,1642.5,6884
2026-04-28 03:57:00+00:00,1642.0,1642.0,1642.9000244140625,1640.5,1642.9000244140625,14294
2026-04-28 03:58:00+00:00,1640.0,1640.0,1641.5,1639.5,1641.5,5705
2026-04-28 03:59:00+00:00,1638.9000244140625,1638.9000244140625,1640.5999755859375,1638.9000244140625,1640.0,20024
2026-04-28 04:00:00+00:00,1638.0999755859375,1638.0999755859375,1639.0,1638.0999755859375,1638.9000244140625,6419
2026-04-28 04:01:00+00:00,1638.699951171875,1638.699951171875,1639.300048828125,1638.0999755859375,1638.0999755859375,7220
2026-04-28 04:02:00+00:00,1640.4000244140625,1640.4000244140625,1641.0,1639.300048828125,1639.300048828125,4509
2026-04-28 04:03:00+00:00,1641.699951171875,1641.699951171875,1642.199951171875,1640.199951171875,1640.300048828125,3198
2026-04-28 04:04:00+00:00,1640.4000244140625,1640.4000244140625,1642.800048828125,1640.4000244140625,1642.0,8093
2026-04-28 04:05:00+00:00,1642.5,1642.5,1642.9000244140625,1640.0,1640.4000244140625,4787
2026-04-28 04:06:00+00:00,1644.5,1644.5,1644.5,1641.699951171875,1641.9000244140625,9299
2026-04-28 04:07:00+00:00,1646.0999755859375,1646.0999755859375,1646.800048828125,1645.800048828125,1645.9000244140625,15548
2026-04-28 04:08:00+00:00,1643.699951171875,1643.699951171875,1648.0,1643.699951171875,1646.300048828125,43143
2026-04-28 04:09:00+00:00,1643.0,1643.0,1643.9000244140625,1642.5,1643.9000244140625,7464
2026-04-28 04:10:00+00:00,1643.699951171875,1643.699951171875,1645.800048828125,1642.5,1643.0,9499
2026-04-28 04:11:00+00:00,1640.5999755859375,1640.5999755859375,1643.5999755859375,1640.300048828125,1643.5999755859375,4981
2026-04-28 04:12:00+00:00,1636.5999755859375,1636.5999755859375,1641.5,1636.5999755859375,1641.0,18728
2026-04-28 04:13:00+00:00,1638.199951171875,1638.199951171875,1639.199951171875,1636.5,1637.0,8888
2026-04-28 04:14:00+00:00,1636.5999755859375,1636.5999755859375,1639.199951171875,1636.0,1638.199951171875,17901
2026-04-28 04:15:00+00:00,1639.0,1639.0,1639.300048828125,1637.699951171875,1638.0999755859375,6619
2026-04-28 04:16:00+00:00,1640.199951171875,1640.199951171875,1642.300048828125,1639.5999755859375,1639.5999755859375,4418
2026-04-28 04:17:00+00:00,1639.699951171875,1639.699951171875,1640.699951171875,1639.0,1640.699951171875,13423
2026-04-28 04:18:00+00:00,1637.0999755859375,1637.0999755859375,1639.5,1637.0999755859375,1639.5,3400
2026-04-28 04:19:00+00:00,1636.699951171875,1636.699951171875,1637.0,1636.0,1636.4000244140625,5854
2026-04-28 04:20:00+00:00,1637.800048828125,1637.800048828125,1637.800048828125,1636.300048828125,1637.0,4483
2026-04-28 04:21:00+00:00,1638.5999755859375,1638.5999755859375,1638.5999755859375,1637.0,1637.0,2899
2026-04-28 04:22:00+00:00,1639.199951171875,1639.199951171875,1639.199951171875,1638.300048828125,1638.300048828125,5879
2026-04-28 04:23:00+00:00,1639.4000244140625,1639.4000244140625,1639.5,1638.4000244140625,1638.9000244140625,2144
2026-04-28 04:24:00+00:00,1638.0,1638.0,1639.300048828125,1637.800048828125,1639.300048828125,3172
2026-04-28 04:25:00+00:00,1638.800048828125,1638.800048828125,1638.800048828125,1637.0,1638.5,927
2026-04-28 04:26:00+00:00,1638.199951171875,1638.199951171875,1638.9000244140625,1638.0,1638.5,2494
2026-04-28 04:27:00+00:00,1637.5,1637.5,1638.5999755859375,1637.4000244140625,1638.0,2323
2026-04-28 04:28:00+00:00,1637.699951171875,1637.699951171875,1637.800048828125,1637.0999755859375,1637.5,3694
2026-04-28 04:29:00+00:00,1637.300048828125,1637.300048828125,1637.800048828125,1637.0999755859375,1637.699951171875,1057
2026-04-28 04:30:00+00:00,1637.4000244140625,1637.4000244140625,1638.5,1637.4000244140625,1637.800048828125,4213
2026-04-28 04:31:00+00:00,1637.0,1637.0,1638.300048828125,1637.0,1638.300048828125,1613
2026-04-28 04:32:00+00:00,1639.0,1639.0,1639.0999755859375,1637.0999755859375,1637.0999755859375,7689
2026-04-28 04:33:00+00:00,1640.4000244140625,1640.4000244140625,1640.5,1639.5,1639.5,4440
2026-04-28 04:34:00+00:00,1639.699951171875,1639.699951171875,1640.5,1639.699951171875,1640.4000244140625,1797
2026-04-28 04:35:00+00:00,1637.800048828125,1637.800048828125,1640.0,1637.800048828125,1640.0,15368
2026-04-28 04:36:00+00:00,1637.9000244140625,1637.9000244140625,1638.5999755859375,1637.4000244140625,1637.699951171875,2498
2026-04-28 04:37:00+00:00,1637.5,1637.5,1638.0,1637.0,1637.5,4839
2026-04-28 04:38:00+00:00,1638.0,1638.0,1638.0,1637.0999755859375,1638.0,1820
2026-04-28 04:39:00+00:00,1636.9000244140625,1636.9000244140625,1637.800048828125,1636.699951171875,1637.800048828125,3291
2026-04-28 04:40:00+00:00,1636.9000244140625,1636.9000244140625,1637.0,1636.5999755859375,1636.800048828125,6024
2026-04-28 04:41:00+00:00,1637.0,1637.0,1637.0,1636.300048828125,1636.300048828125,1065
2026-04-28 04:42:00+00:00,1636.5,1636.5,1636.9000244140625,1636.300048828125,1636.9000244140625,5250
2026-04-28 04:43:00+00:00,1636.5,1636.5,1636.5,1636.0,1636.0,1394
2026-04-28 04:44:00+00:00,1636.4000244140625,1636.4000244140625,1636.5,1634.800048828125,1636.0,11299
2026-04-28 04:45:00+00:00,1635.4000244140625,1635.4000244140625,1636.5,1635.199951171875,1636.300048828125,1992
2026-04-28 04:46:00+00:00,1636.199951171875,1636.199951171875,1636.4000244140625,1635.800048828125,1635.9000244140625,2325
2026-04-28 04:47:00+00:00,1636.0,1636.0,1636.0999755859375,1635.5999755859375,1636.0999755859375,1247
2026-04-28 04:48:00+00:00,1634.5999755859375,1634.5999755859375,1636.0,1634.199951171875,1635.9000244140625,5266
2026-04-28 04:49:00+00:00,1630.800048828125,1630.800048828125,1634.199951171875,1630.300048828125,1634.199951171875,21296
2026-04-28 04:50:00+00:00,1632.300048828125,1632.300048828125,1633.0,1630.5999755859375,1631.300048828125,5612
2026-04-28 04:51:00+00:00,1632.5,1632.5,1632.800048828125,1631.699951171875,1632.199951171875,3553
2026-04-28 04:52:00+00:00,1634.0,1634.0,1634.0999755859375,1632.5,1632.800048828125,1342
2026-04-28 04:53:00+00:00,1632.0,1632.0,1634.0999755859375,1631.5999755859375,1634.0,5431
2026-04-28 04:54:00+00:00,1633.5,1633.5,1633.5,1631.199951171875,1632.199951171875,2143
2026-04-28 04:55:00+00:00,1633.4000244140625,1633.4000244140625,1633.800048828125,1633.0,1633.5999755859375,831
2026-04-28 04:56:00+00:00,1635.5,1635.5,1636.0,1633.300048828125,1633.4000244140625,6061
2026-04-28 04:57:00+00:00,1633.9000244140625,1633.9000244140625,1635.300048828125,1633.9000244140625,1635.199951171875,2425
2026-04-28 04:58:00+00:00,1633.800048828125,1633.800048828125,1634.300048828125,1633.4000244140625,1634.300048828125,1446
2026-04-28 04:59:00+00:00,1634.4000244140625,1634.4000244140625,1634.4000244140625,1633.300048828125,1633.699951171875,599
2026-04-28 05:00:00+00:00,1635.0,1635.0,1635.300048828125,1634.199951171875,1634.4000244140625,907
2026-04-28 05:01:00+00:00,1634.5,1634.5,1635.199951171875,1634.300048828125,1635.0,1385
2026-04-28 05:02:00+00:00,1634.0999755859375,1634.0999755859375,1634.5,1633.4000244140625,1634.5,1486
2026-04-28 05:03:00+00:00,1634.300048828125,1634.300048828125,1634.300048828125,1633.5999755859375,1634.0,2342
2026-04-28 05:04:00+00:00,1634.300048828125,1634.300048828125,1634.300048828125,1633.5999755859375,1634.199951171875,665
2026-04-28 05:05:00+00:00,1633.0999755859375,1633.0999755859375,1634.300048828125,1633.0999755859375,1634.300048828125,1230
2026-04-28 05:06:00+00:00,1633.5999755859375,1633.5999755859375,1634.199951171875,1633.5999755859375,1634.199951171875,478
2026-04-28 05:07:00+00:00,1631.4000244140625,1631.4000244140625,1634.5999755859375,1631.4000244140625,1634.0,4367
2026-04-28 05:08:00+00:00,1632.0999755859375,1632.0999755859375,1632.5,1631.9000244140625,1632.0999755859375,800
2026-04-28 05:09:00+00:00,1633.0999755859375,1633.0999755859375,1633.300048828125,1632.300048828125,1632.4000244140625,2450
2026-04-28 05:10:00+00:00,1630.699951171875,1630.699951171875,1634.0,1630.699951171875,1633.699951171875,3924
2026-04-28 05:11:00+00:00,1630.699951171875,1630.699951171875,1631.4000244140625,1630.0,1631.0999755859375,5311
2026-04-28 05:12:00+00:00,1630.199951171875,1630.199951171875,1630.9000244140625,1629.199951171875,1630.699951171875,7756
2026-04-28 05:13:00+00:00,1631.699951171875,1631.699951171875,1632.300048828125,1630.0,1630.199951171875,2300
2026-04-28 05:14:00+00:00,1631.699951171875,1631.699951171875,1632.0,1631.699951171875,1632.0,923
2026-04-28 05:15:00+00:00,1633.4000244140625,1633.4000244140625,1633.4000244140625,1631.699951171875,1632.0,1653
2026-04-28 05:16:00+00:00,1632.199951171875,1632.199951171875,1634.800048828125,1632.199951171875,1633.4000244140625,2558
2026-04-28 05:17:00+00:00,1632.800048828125,1632.800048828125,1633.199951171875,1632.0999755859375,1632.199951171875,1134
2026-04-28 05:18:00+00:00,1631.699951171875,1631.699951171875,1632.800048828125,1631.699951171875,1632.699951171875,2225
2026-04-28 05:19:00+00:00,1633.0,1633.0,1633.0,1631.699951171875,1632.300048828125,2166
2026-04-28 05:20:00+00:00,1633.300048828125,1633.300048828125,1633.4000244140625,1632.300048828125,1633.0,699
2026-04-28 05:21:00+00:00,1633.0,1633.0,1633.199951171875,1632.199951171875,1633.199951171875,773
2026-04-28 05:22:00+00:00,1631.699951171875,1631.699951171875,1633.0,1631.699951171875,1633.0,10384
2026-04-28 05:23:00+00:00,1633.0,1633.0,1633.0,1632.0,1632.0,466
2026-04-28 05:24:00+00:00,1634.800048828125,1634.800048828125,1634.800048828125,1632.800048828125,1633.0,1914
2026-04-28 05:25:00+00:00,1633.5999755859375,1633.5999755859375,1635.0,1633.5999755859375,1634.5999755859375,2068
2026-04-28 05:26:00+00:00,1632.800048828125,1632.800048828125,1633.5999755859375,1632.4000244140625,1633.199951171875,5126
2026-04-28 05:27:00+00:00,1632.699951171875,1632.699951171875,1633.199951171875,1632.199951171875,1632.9000244140625,1776
2026-04-28 05:28:00+00:00,1632.9000244140625,1632.9000244140625,1633.699951171875,1632.4000244140625,1633.0,2160
2026-04-28 05:29:00+00:00,1631.800048828125,1631.800048828125,1633.0,1631.0999755859375,1632.800048828125,2643
2026-04-28 05:30:00+00:00,1631.5,1631.5,1632.199951171875,1631.5,1631.800048828125,734
2026-04-28 05:31:00+00:00,1631.0,1631.0,1631.5999755859375,1631.0,1631.5999755859375,939
2026-04-28 05:32:00+00:00,1630.800048828125,1630.800048828125,1631.5999755859375,1630.0999755859375,1631.5,1617
2026-04-28 05:33:00+00:00,1630.800048828125,1630.800048828125,1631.4000244140625,1630.5,1630.800048828125,1848
2026-04-28 05:34:00+00:00,1630.9000244140625,1630.9000244140625,1631.4000244140625,1630.9000244140625,1630.9000244140625,1785
2026-04-28 05:35:00+00:00,1630.0,1630.0,1631.199951171875,1630.0,1630.699951171875,3670
2026-04-28 05:36:00+00:00,1629.0999755859375,1629.0999755859375,1630.0,1628.5999755859375,1629.9000244140625,6260
2026-04-28 05:37:00+00:00,1628.0999755859375,1628.0999755859375,1629.5999755859375,1627.800048828125,1629.5999755859375,9176
2026-04-28 05:38:00+00:00,1628.800048828125,1628.800048828125,1629.0,1627.699951171875,1628.0999755859375,3705
2026-04-28 05:39:00+00:00,1629.5,1629.5,1629.5,1628.699951171875,1629.199951171875,2073
2026-04-28 05:40:00+00:00,1628.4000244140625,1628.4000244140625,1629.5999755859375,1628.4000244140625,1629.5,1214
2026-04-28 05:41:00+00:00,1628.199951171875,1628.199951171875,1628.800048828125,1628.199951171875,1628.800048828125,2687
2026-04-28 05:42:00+00:00,1628.300048828125,1628.300048828125,1628.800048828125,1627.800048828125,1627.800048828125,2000
2026-04-28 05:43:00+00:00,1628.0999755859375,1628.0999755859375,1628.5,1628.0999755859375,1628.300048828125,1761
2026-04-28 05:44:00+00:00,1628.9000244140625,1628.9000244140625,1629.0,1628.0,1628.0,4547
2026-04-28 05:45:00+00:00,1629.0,1629.0,1629.300048828125,1628.800048828125,1628.9000244140625,2086
2026-04-28 05:46:00+00:00,1629.0999755859375,1629.0999755859375,1629.4000244140625,1628.800048828125,1629.0999755859375,1544
2026-04-28 05:47:00+00:00,1628.0,1628.0,1628.300048828125,1627.300048828125,1628.0,4907
2026-04-28 05:48:00+00:00,1628.5999755859375,1628.5999755859375,1628.9000244140625,1627.4000244140625,1628.199951171875,2084
2026-04-28 05:49:00+00:00,1628.0999755859375,1628.0999755859375,1628.699951171875,1627.800048828125,1628.5999755859375,1741
2026-04-28 05:50:00+00:00,1627.4000244140625,1627.4000244140625,1628.300048828125,1627.0,1628.300048828125,1714
2026-04-28 05:51:00+00:00,1627.0999755859375,1627.0999755859375,1628.0999755859375,1627.0,1627.699951171875,4428
2026-04-28 05:52:00+00:00,1627.4000244140625,1627.4000244140625,1627.9000244140625,1627.199951171875,1627.5,1659
2026-04-28 05:53:00+00:00,1627.300048828125,1627.300048828125,1627.699951171875,1627.199951171875,1627.5999755859375,2390
2026-04-28 05:54:00+00:00,1627.4000244140625,1627.4000244140625,1627.699951171875,1626.699951171875,1627.5999755859375,5127
2026-04-28 05:55:00+00:00,1627.0,1627.0,1627.5,1626.699951171875,1627.5,4803
2026-04-28 05:56:00+00:00,1627.0,1627.0,1627.4000244140625,1626.699951171875,1627.0999755859375,3490
2026-04-28 05:57:00+00:00,1626.0999755859375,1626.0999755859375,1626.800048828125,1626.0,1626.300048828125,10864
2026-04-28 05:58:00+00:00,1625.800048828125,1625.800048828125,1626.5,1625.5999755859375,1626.5,10802
2026-04-28 05:59:00+00:00,1625.4000244140625,1625.4000244140625,1627.0,1625.4000244140625,1626.5,32649
2026-04-28 06:00:00+00:00,1625.0,1625.0,1625.9000244140625,1625.0,1625.9000244140625,11723
2026-04-28 06:01:00+00:00,1627.300048828125,1627.300048828125,1627.300048828125,1625.0999755859375,1625.300048828125,3870
2026-04-28 06:02:00+00:00,1626.9000244140625,1626.9000244140625,1627.5,1626.0999755859375,1627.5,2835
2026-04-28 06:03:00+00:00,1627.4000244140625,1627.4000244140625,1627.4000244140625,1626.199951171875,1627.0999755859375,3437
2026-04-28 06:04:00+00:00,1626.4000244140625,1626.4000244140625,1627.4000244140625,1625.300048828125,1627.4000244140625,56064
2026-04-28 06:05:00+00:00,1626.0,1626.0,1627.199951171875,1625.0999755859375,1626.699951171875,6783
2026-04-28 06:06:00+00:00,1627.0999755859375,1627.0999755859375,1627.0999755859375,1626.300048828125,1626.4000244140625,18335
2026-04-28 06:07:00+00:00,1628.0,1628.0,1629.5,1626.0,1626.0,12173
2026-04-28 06:08:00+00:00,1627.0999755859375,1627.0999755859375,1628.0,1626.5,1628.0,13312
2026-04-28 06:09:00+00:00,1629.199951171875,1629.199951171875,1629.9000244140625,1627.0999755859375,1627.5,17774
2026-04-28 06:10:00+00:00,1628.800048828125,1628.800048828125,1629.4000244140625,1628.800048828125,1629.4000244140625,1308
2026-04-28 06:11:00+00:00,1627.9000244140625,1627.9000244140625,1629.4000244140625,1627.5,1628.699951171875,54845
2026-04-28 06:12:00+00:00,1626.800048828125,1626.800048828125,1628.5,1626.199951171875,1628.5,5344
2026-04-28 06:13:00+00:00,1627.0999755859375,1627.0999755859375,1627.5,1626.800048828125,1626.800048828125,48080
2026-04-28 06:14:00+00:00,1628.699951171875,1628.699951171875,1628.699951171875,1627.0999755859375,1627.199951171875,2176
2026-04-28 06:15:00+00:00,1628.0,1628.0,1629.699951171875,1628.0,1628.800048828125,4309
2026-04-28 06:16:00+00:00,1628.5999755859375,1628.5999755859375,1629.199951171875,1627.5,1627.800048828125,3586
2026-04-28 06:17:00+00:00,1628.199951171875,1628.199951171875,1629.0,1628.199951171875,1628.800048828125,1899
2026-04-28 06:18:00+00:00,1628.0,1628.0,1628.699951171875,1627.9000244140625,1628.0999755859375,2468
2026-04-28 06:19:00+00:00,1630.9000244140625,1630.9000244140625,1630.9000244140625,1627.9000244140625,1627.9000244140625,6958
2026-04-28 06:20:00+00:00,1631.300048828125,1631.300048828125,1631.5999755859375,1630.800048828125,1630.9000244140625,8885
2026-04-28 06:21:00+00:00,1630.5,1630.5,1631.300048828125,1630.5,1631.199951171875,1939
2026-04-28 06:22:00+00:00,1631.5,1631.5,1631.9000244140625,1630.5,1630.699951171875,4812
2026-04-28 06:23:00+00:00,1631.300048828125,1631.300048828125,1632.0,1631.0,1631.5999755859375,5731
2026-04-28 06:24:00+00:00,1631.0,1631.0,1631.5,1631.0,1631.4000244140625,2578
2026-04-28 06:25:00+00:00,1631.800048828125,1631.800048828125,1632.0,1630.300048828125,1631.199951171875,5183
2026-04-28 06:26:00+00:00,1631.800048828125,1631.800048828125,1631.800048828125,1630.199951171875,1631.5,2636
2026-04-28 06:27:00+00:00,1632.5,1632.5,1633.0999755859375,1631.5999755859375,1632.4000244140625,5051
2026-04-28 06:28:00+00:00,1631.199951171875,1631.199951171875,1632.5,1631.199951171875,1632.0999755859375,2268
2026-04-28 06:29:00+00:00,1631.699951171875,1631.699951171875,1632.0999755859375,1631.0999755859375,1631.5,2765
2026-04-28 06:30:00+00:00,1632.5,1632.5,1632.5,1630.0,1631.5,4642
2026-04-28 06:31:00+00:00,1631.4000244140625,1631.4000244140625,1632.4000244140625,1631.4000244140625,1632.4000244140625,2788
2026-04-28 06:32:00+00:00,1630.5999755859375,1630.5999755859375,1631.5,1630.5,1631.300048828125,2156
2026-04-28 06:33:00+00:00,1632.5999755859375,1632.5999755859375,1633.4000244140625,1630.199951171875,1630.199951171875,5550
2026-04-28 06:34:00+00:00,1632.5999755859375,1632.5999755859375,1633.199951171875,1632.5999755859375,1632.800048828125,2015
2026-04-28 06:35:00+00:00,1632.199951171875,1632.199951171875,1632.4000244140625,1631.199951171875,1632.0999755859375,3295
2026-04-28 06:36:00+00:00,1631.199951171875,1631.199951171875,1632.0,1631.199951171875,1632.0,1620
2026-04-28 06:37:00+00:00,1630.9000244140625,1630.9000244140625,1632.199951171875,1630.9000244140625,1631.9000244140625,2017
2026-04-28 06:38:00+00:00,1631.9000244140625,1631.9000244140625,1632.199951171875,1630.9000244140625,1630.9000244140625,1144
2026-04-28 06:39:00+00:00,1631.0,1631.0,1632.0999755859375,1631.0,1631.5999755859375,1620
2026-04-28 06:40:00+00:00,1632.0,1632.0,1632.0,1631.0,1631.300048828125,2524
2026-04-28 06:41:00+00:00,1631.4000244140625,1631.4000244140625,1632.0,1631.300048828125,1631.9000244140625,1815
2026-04-28 06:42:00+00:00,1631.300048828125,1631.300048828125,1631.5,1630.9000244140625,1631.4000244140625,1672
2026-04-28 06:43:00+00:00,1631.5999755859375,1631.5999755859375,1631.5999755859375,1631.300048828125,1631.5999755859375,1982
2026-04-28 06:44:00+00:00,1631.5,1631.5,1631.699951171875,1631.199951171875,1631.5,1319
2026-04-28 06:45:00+00:00,1631.199951171875,1631.199951171875,1631.5999755859375,1631.0,1631.4000244140625,1513
2026-04-28 06:46:00+00:00,1630.800048828125,1630.800048828125,1631.4000244140625,1630.699951171875,1630.699951171875,3570
2026-04-28 06:47:00+00:00,1631.199951171875,1631.199951171875,1631.199951171875,1630.800048828125,1631.0,1274
2026-04-28 06:48:00+00:00,1631.4000244140625,1631.4000244140625,1631.4000244140625,1630.9000244140625,1631.199951171875,1403
2026-04-28 06:49:00+00:00,1630.9000244140625,1630.9000244140625,1631.4000244140625,1630.800048828125,1631.4000244140625,3352
2026-04-28 06:50:00+00:00,1630.4000244140625,1630.4000244140625,1631.0999755859375,1630.4000244140625,1630.9000244140625,1011
2026-04-28 06:51:00+00:00,1630.0,1630.0,1630.800048828125,1629.5,1630.5,4389
2026-04-28 06:52:00+00:00,1627.5,1627.5,1629.9000244140625,1627.0,1629.9000244140625,5730
2026-04-28 06:53:00+00:00,1627.9000244140625,1627.9000244140625,1628.800048828125,1627.4000244140625,1627.4000244140625,3979
2026-04-28 06:54:00+00:00,1628.699951171875,1628.699951171875,1629.300048828125,1628.300048828125,1628.5999755859375,3076
2026-04-28 06:55:00+00:00,1629.0,1629.0,1629.800048828125,1628.4000244140625,1629.300048828125,2161
2026-04-28 06:56:00+00:00,1629.5,1629.5,1629.5,1628.0999755859375,1628.800048828125,2049
2026-04-28 06:57:00+00:00,1630.9000244140625,1630.9000244140625,1632.0,1629.4000244140625,1629.5,16717
2026-04-28 06:58:00+00:00,1629.5999755859375,1629.5999755859375,1631.0,1629.0999755859375,1631.0,377
2026-04-28 06:59:00+00:00,1628.300048828125,1628.300048828125,1629.5,1628.199951171875,1629.5,1167
2026-04-28 07:00:00+00:00,1627.699951171875,1627.699951171875,1628.300048828125,1627.4000244140625,1628.300048828125,1697
2026-04-28 07:01:00+00:00,1627.4000244140625,1627.4000244140625,1627.699951171875,1627.4000244140625,1627.699951171875,3661
2026-04-28 07:02:00+00:00,1627.300048828125,1627.300048828125,1627.5,1627.0,1627.5,1565
2026-04-28 07:03:00+00:00,1627.9000244140625,1627.9000244140625,1628.0999755859375,1627.0,1627.0,5168
2026-04-28 07:04:00+00:00,1628.300048828125,1628.300048828125,1628.800048828125,1627.4000244140625,1627.699951171875,6743
2026-04-28 07:05:00+00:00,1629.4000244140625,1629.4000244140625,1629.699951171875,1628.0,1628.699951171875,1374
2026-04-28 07:06:00+00:00,1628.5999755859375,1628.5999755859375,1629.5,1628.4000244140625,1629.4000244140625,2382
2026-04-28 07:07:00+00:00,1628.300048828125,1628.300048828125,1629.0,1628.199951171875,1629.0,769
2026-04-28 07:08:00+00:00,1628.699951171875,1628.699951171875,1629.0,1628.199951171875,1628.300048828125,1290
2026-04-28 07:09:00+00:00,1628.0,1628.0,1628.9000244140625,1628.0,1628.800048828125,2209
2026-04-28 07:10:00+00:00,1628.0999755859375,1628.0999755859375,1628.5,1627.4000244140625,1628.0,2012
2026-04-28 07:11:00+00:00,1628.0999755859375,1628.0999755859375,1628.0999755859375,1627.4000244140625,1628.0999755859375,1035
2026-04-28 07:12:00+00:00,1628.699951171875,1628.699951171875,1628.800048828125,1628.0,1628.0,3879
2026-04-28 07:13:00+00:00,1629.0,1629.0,1629.0,1627.300048828125,1628.699951171875,2086
2026-04-28 07:14:00+00:00,1629.800048828125,1629.800048828125,1630.0,1629.0,1629.0,1958
2026-04-28 07:15:00+00:00,1629.5,1629.5,1629.9000244140625,1629.0999755859375,1629.800048828125,875
2026-04-28 07:16:00+00:00,1628.5999755859375,1628.5999755859375,1629.5,1628.5999755859375,1629.5,1864
2026-04-28 07:17:00+00:00,1628.199951171875,1628.199951171875,1628.5,1627.199951171875,1628.0,1455
2026-04-28 07:18:00+00:00,1627.699951171875,1627.699951171875,1628.5,1627.699951171875,1628.4000244140625,1877
2026-04-28 07:19:00+00:00,1627.5999755859375,1627.5999755859375,1628.0,1627.4000244140625,1627.699951171875,1500
2026-04-28 07:20:00+00:00,1627.0,1627.0,1627.5999755859375,1627.0,1627.5,1306
2026-04-28 07:21:00+00:00,1628.0,1628.0,1628.0,1627.0,1627.300048828125,2060
2026-04-28 07:22:00+00:00,1627.800048828125,1627.800048828125,1628.0,1627.199951171875,1627.199951171875,607
2026-04-28 07:23:00+00:00,1627.5,1627.5,1627.800048828125,1627.0,1627.5,4230
2026-04-28 07:24:00+00:00,1626.800048828125,1626.800048828125,1627.5999755859375,1626.699951171875,1627.5999755859375,1446
2026-04-28 07:25:00+00:00,1627.800048828125,1627.800048828125,1628.0,1627.4000244140625,1627.4000244140625,2289
2026-04-28 07:26:00+00:00,1627.4000244140625,1627.4000244140625,1628.0,1626.699951171875,1627.800048828125,3775
2026-04-28 07:27:00+00:00,1626.300048828125,1626.300048828125,1627.5999755859375,1626.0,1626.9000244140625,3253
2026-04-28 07:28:00+00:00,1626.4000244140625,1626.4000244140625,1626.5,1626.0,1626.300048828125,1545
2026-04-28 07:29:00+00:00,1626.300048828125,1626.300048828125,1626.5,1626.0,1626.4000244140625,1516
2026-04-28 07:30:00+00:00,1627.0,1627.0,1627.0,1626.300048828125,1626.300048828125,3605
2026-04-28 07:31:00+00:00,1626.4000244140625,1626.4000244140625,1627.300048828125,1626.4000244140625,1627.0999755859375,11396
2026-04-28 07:32:00+00:00,1627.0,1627.0,1627.0999755859375,1626.0999755859375,1626.4000244140625,2289
2026-04-28 07:33:00+00:00,1627.0,1627.0,1627.199951171875,1626.699951171875,1627.0,1673
2026-04-28 07:34:00+00:00,1626.699951171875,1626.699951171875,1627.0999755859375,1626.0999755859375,1627.0999755859375,1362
2026-04-28 07:35:00+00:00,1627.0999755859375,1627.0999755859375,1627.0999755859375,1626.5,1626.800048828125,1050
2026-04-28 07:36:00+00:00,1627.4000244140625,1627.4000244140625,1627.800048828125,1626.300048828125,1627.0,3121
2026-04-28 07:37:00+00:00,1627.5999755859375,1627.5999755859375,1627.699951171875,1627.5,1627.699951171875,1251
2026-04-28 07:38:00+00:00,1628.0999755859375,1628.0999755859375,1628.0999755859375,1627.5999755859375,1627.699951171875,1852
2026-04-28 07:39:00+00:00,1628.0,1628.0,1628.199951171875,1627.9000244140625,1628.199951171875,2250
2026-04-28 07:40:00+00:00,1628.0,1628.0,1628.0999755859375,1627.0999755859375,1628.0,1684
2026-04-28 07:41:00+00:00,1627.9000244140625,1627.9000244140625,1628.0,1627.5999755859375,1628.0,1224
2026-04-28 07:42:00+00:00,1628.0,1628.0,1628.0999755859375,1627.9000244140625,1628.0,3014
2026-04-28 07:43:00+00:00,1627.300048828125,1627.300048828125,1628.0,1627.300048828125,1628.0,1040
2026-04-28 07:44:00+00:00,1627.199951171875,1627.199951171875,1627.699951171875,1627.199951171875,1627.699951171875,622
2026-04-28 07:45:00+00:00,1627.300048828125,1627.300048828125,1627.5999755859375,1627.199951171875,1627.4000244140625,842
2026-04-28 07:46:00+00:00,1627.800048828125,1627.800048828125,1628.0,1627.0999755859375,1627.4000244140625,1522
2026-04-28 07:47:00+00:00,1628.699951171875,1628.699951171875,1628.699951171875,1627.5999755859375,1628.0,1905
2026-04-28 07:48:00+00:00,1628.199951171875,1628.199951171875,1628.699951171875,1628.0999755859375,1628.699951171875,1722
2026-04-28 07:49:00+00:00,1628.300048828125,1628.300048828125,1628.4000244140625,1627.800048828125,1628.0999755859375,1529
2026-04-28 07:50:00+00:00,1628.4000244140625,1628.4000244140625,1628.699951171875,1628.0999755859375,1628.4000244140625,3387
2026-04-28 07:51:00+00:00,1628.300048828125,1628.300048828125,1628.5999755859375,1627.5,1628.300048828125,1047
2026-04-28 07:52:00+00:00,1628.5,1628.5,1629.0,1628.4000244140625,1628.5,1558
2026-04-28 07:53:00+00:00,1630.0,1630.0,1630.0,1628.699951171875,1628.800048828125,2309
2026-04-28 07:54:00+00:00,1629.699951171875,1629.699951171875,1630.0,1629.4000244140625,1629.4000244140625,1923
2026-04-28 07:55:00+00:00,1629.300048828125,1629.300048828125,1629.800048828125,1629.300048828125,1629.5999755859375,1154
2026-04-28 07:56:00+00:00,1629.5,1629.5,1629.800048828125,1629.300048828125,1629.4000244140625,871
2026-04-28 07:57:00+00:00,1629.800048828125,1629.800048828125,1629.800048828125,1629.300048828125,1629.300048828125,3585
2026-04-28 07:58:00+00:00,1631.300048828125,1631.300048828125,1631.300048828125,1629.199951171875,1629.699951171875,3794
2026-04-28 07:59:00+00:00,1630.4000244140625,1630.4000244140625,1631.5999755859375,1630.199951171875,1631.0999755859375,3853
2026-04-28 08:00:00+00:00,1628.0,1628.0,1630.199951171875,1628.0,1630.199951171875,2557
2026-04-28 08:01:00+00:00,1628.5,1628.5,1629.0,1628.0999755859375,1628.699951171875,2180
2026-04-28 08:02:00+00:00,1628.5999755859375,1628.5999755859375,1628.800048828125,1628.0999755859375,1628.699951171875,1592
2026-04-28 08:03:00+00:00,1627.5999755859375,1627.5999755859375,1628.199951171875,1627.5,1628.199951171875,2035
2026-04-28 08:04:00+00:00,1628.9000244140625,1628.9000244140625,1628.9000244140625,1627.5,1627.5999755859375,2047
2026-04-28 08:05:00+00:00,1626.800048828125,1626.800048828125,1628.800048828125,1626.800048828125,1628.800048828125,5228
2026-04-28 08:06:00+00:00,1627.699951171875,1627.699951171875,1627.699951171875,1626.5,1626.699951171875,7080
2026-04-28 08:07:00+00:00,1627.300048828125,1627.300048828125,1628.5,1627.199951171875,1628.199951171875,979
2026-04-28 08:08:00+00:00,1627.0999755859375,1627.0999755859375,1627.300048828125,1626.9000244140625,1627.300048828125,1513
2026-04-28 08:09:00+00:00,1626.800048828125,1626.800048828125,1627.300048828125,1626.4000244140625,1626.800048828125,9735
2026-04-28 08:10:00+00:00,1626.800048828125,1626.800048828125,1627.0999755859375,1626.5999755859375,1626.699951171875,2346
2026-04-28 08:11:00+00:00,1628.0,1628.0,1628.5,1627.5,1627.5,1319
2026-04-28 08:12:00+00:00,1628.199951171875,1628.199951171875,1628.5,1627.5,1627.9000244140625,2723
2026-04-28 08:13:00+00:00,1627.300048828125,1627.300048828125,1628.5,1627.300048828125,1628.300048828125,3639
2026-04-28 08:14:00+00:00,1627.0999755859375,1627.0999755859375,1628.300048828125,1626.4000244140625,1627.9000244140625,4052
2026-04-28 08:15:00+00:00,1627.199951171875,1627.199951171875,1627.4000244140625,1626.4000244140625,1626.5999755859375,3427
2026-04-28 08:16:00+00:00,1627.699951171875,1627.699951171875,1627.800048828125,1626.4000244140625,1627.0,4829
2026-04-28 08:17:00+00:00,1627.699951171875,1627.699951171875,1628.0999755859375,1627.199951171875,1628.0999755859375,2948
2026-04-28 08:18:00+00:00,1627.4000244140625,1627.4000244140625,1627.699951171875,1626.4000244140625,1627.699951171875,3117
2026-04-28 08:19:00+00:00,1627.5,1627.5,1627.800048828125,1627.0,1627.0,5598
2026-04-28 08:20:00+00:00,1626.300048828125,1626.300048828125,1627.5999755859375,1626.300048828125,1627.5999755859375,4834
2026-04-28 08:21:00+00:00,1627.4000244140625,1627.4000244140625,1628.0,1626.699951171875,1627.5,5730
2026-04-28 08:22:00+00:00,1627.699951171875,1627.699951171875,1628.699951171875,1627.300048828125,1628.199951171875,3783
2026-04-28 08:23:00+00:00,1628.5,1628.5,1628.9000244140625,1627.699951171875,1628.5,4109
2026-04-28 08:24:00+00:00,1628.300048828125,1628.300048828125,1629.0999755859375,1628.0999755859375,1628.5,4983
2026-04-28 08:25:00+00:00,1630.0,1630.0,1630.0,1628.5,1629.0,10859
2026-04-28 08:26:00+00:00,1630.9000244140625,1630.9000244140625,1631.300048828125,1630.199951171875,1630.5999755859375,6634
2026-04-28 08:27:00+00:00,1628.9000244140625,1628.9000244140625,1630.800048828125,1628.0999755859375,1630.800048828125,10440
2026-04-28 08:28:00+00:00,1629.800048828125,1629.800048828125,1630.5,1628.4000244140625,1629.0999755859375,4203
2026-04-28 08:29:00+00:00,1628.4000244140625,1628.4000244140625,1629.9000244140625,1628.4000244140625,1629.699951171875,3340
2026-04-28 08:30:00+00:00,1627.800048828125,1627.800048828125,1629.0999755859375,1627.5999755859375,1629.0999755859375,4087
2026-04-28 08:31:00+00:00,1629.0,1629.0,1629.0,1626.800048828125,1626.9000244140625,3990
2026-04-28 08:32:00+00:00,1628.4000244140625,1628.4000244140625,1628.5999755859375,1627.5,1628.5999755859375,3441
2026-04-28 08:33:00+00:00,1628.4000244140625,1628.4000244140625,1629.0999755859375,1627.5999755859375,1628.4000244140625,9084
2026-04-28 08:34:00+00:00,1628.9000244140625,1628.9000244140625,1629.300048828125,1628.0999755859375,1629.0999755859375,4867
2026-04-28 08:35:00+00:00,1628.0999755859375,1628.0999755859375,1628.9000244140625,1627.0999755859375,1628.699951171875,4769
2026-04-28 08:36:00+00:00,1628.800048828125,1628.800048828125,1628.800048828125,1627.5,1628.0999755859375,5359
2026-04-28 08:37:00+00:00,1628.4000244140625,1628.4000244140625,1628.9000244140625,1627.5,1628.4000244140625,4887
2026-04-28 08:38:00+00:00,1628.0999755859375,1628.0999755859375,1629.0,1627.5,1628.0,5029
2026-04-28 08:39:00+00:00,1629.0999755859375,1629.0999755859375,1629.4000244140625,1627.800048828125,1628.9000244140625,5015
2026-04-28 08:40:00+00:00,1628.4000244140625,1628.4000244140625,1629.0999755859375,1627.699951171875,1629.0999755859375,4524
2026-04-28 08:41:00+00:00,1627.9000244140625,1627.9000244140625,1628.699951171875,1627.5,1628.5999755859375,4522
2026-04-28 08:42:00+00:00,1629.0,1629.0,1629.0,1627.300048828125,1628.0999755859375,6475
2026-04-28 08:43:00+00:00,1630.5999755859375,1630.5999755859375,1630.699951171875,1628.699951171875,1628.699951171875,7516
2026-04-28 08:44:00+00:00,1628.5999755859375,1628.5999755859375,1630.5999755859375,1627.5,1630.5,6357
2026-04-28 08:45:00+00:00,1628.0999755859375,1628.0999755859375,1629.300048828125,1627.4000244140625,1628.699951171875,5844
2026-04-28 08:46:00+00:00,1628.5999755859375,1628.5999755859375,1628.5999755859375,1627.199951171875,1628.0999755859375,5665
2026-04-28 08:47:00+00:00,1628.4000244140625,1628.4000244140625,1628.5,1627.4000244140625,1628.5,3815
2026-04-28 08:48:00+00:00,1628.800048828125,1628.800048828125,1628.800048828125,1627.5,1628.4000244140625,4561
2026-04-28 08:49:00+00:00,1629.699951171875,1629.699951171875,1629.800048828125,1628.800048828125,1628.9000244140625,6223
2026-04-28 08:50:00+00:00,1630.300048828125,1630.300048828125,1631.0,1629.199951171875,1629.5,8417
2026-04-28 08:51:00+00:00,1632.699951171875,1632.699951171875,1633.0,1630.300048828125,1630.4000244140625,7590
2026-04-28 08:52:00+00:00,1633.199951171875,1633.199951171875,1633.5,1632.0999755859375,1632.800048828125,6259
2026-04-28 08:53:00+00:00,1634.0999755859375,1634.0999755859375,1634.4000244140625,1632.300048828125,1633.0999755859375,8799
2026-04-28 08:54:00+00:00,1632.800048828125,1632.800048828125,1633.5999755859375,1631.800048828125,1633.0999755859375,7021
2026-04-28 08:55:00+00:00,1632.699951171875,1632.699951171875,1633.300048828125,1631.800048828125,1632.800048828125,4879
2026-04-28 08:56:00+00:00,1630.0,1630.0,1632.9000244140625,1630.0,1632.699951171875,5720
2026-04-28 08:57:00+00:00,1631.699951171875,1631.699951171875,1631.9000244140625,1630.0,1630.300048828125,7675
2026-04-28 08:58:00+00:00,1633.300048828125,1633.300048828125,1633.4000244140625,1632.0,1632.0,6134
2026-04-28 08:59:00+00:00,1634.800048828125,1634.800048828125,1634.800048828125,1633.0,1633.300048828125,11452
2026-04-28 09:00:00+00:00,1637.0,1637.0,1637.0,1634.5999755859375,1634.800048828125,19624
2026-04-28 09:01:00+00:00,1639.5,1639.5,1639.699951171875,1636.699951171875,1637.199951171875,44119
2026-04-28 09:02:00+00:00,1637.199951171875,1637.199951171875,1640.0,1636.9000244140625,1639.5999755859375,26420
2026-04-28 09:03:00+00:00,1637.0,1637.0,1638.4000244140625,1636.699951171875,1637.199951171875,9553
2026-04-28 09:04:00+00:00,1637.9000244140625,1637.9000244140625,1638.5999755859375,1636.699951171875,1637.9000244140625,11220
2026-04-28 09:05:00+00:00,1637.5,1637.5,1638.0,1636.199951171875,1637.9000244140625,69059
2026-04-28 09:06:00+00:00,1638.199951171875,1638.199951171875,1639.4000244140625,1637.0999755859375,1637.9000244140625,55011
2026-04-28 09:07:00+00:00,1637.4000244140625,1637.4000244140625,1637.800048828125,1636.5,1637.5,3083
2026-04-28 09:08:00+00:00,1637.699951171875,1637.699951171875,1637.800048828125,1636.5,1637.300048828125,6091
2026-04-28 09:09:00+00:00,1638.4000244140625,1638.4000244140625,1638.5999755859375,1636.800048828125,1637.5999755859375,6543
2026-04-28 09:10:00+00:00,1638.5,1638.5,1639.0,1637.800048828125,1637.800048828125,2501
2026-04-28 09:11:00+00:00,1638.199951171875,1638.199951171875,1639.0999755859375,1637.699951171875,1637.699951171875,4448
2026-04-28 09:12:00+00:00,1639.0,1639.0,1639.9000244140625,1638.300048828125,1638.9000244140625,7886
2026-04-28 09:13:00+00:00,1638.5,1638.5,1639.300048828125,1638.300048828125,1639.300048828125,4794
2026-04-28 09:14:00+00:00,1640.0,1640.0,1640.0999755859375,1638.5,1638.5,8763
2026-04-28 09:15:00+00:00,1640.9000244140625,1640.9000244140625,1640.9000244140625,1639.300048828125,1639.300048828125,14468
2026-04-28 09:16:00+00:00,1640.0,1640.0,1641.0,1639.5999755859375,1641.0,6894
2026-04-28 09:17:00+00:00,1639.800048828125,1639.800048828125,1640.699951171875,1639.5999755859375,1640.0,5516
2026-04-28 09:18:00+00:00,1640.0,1640.0,1640.800048828125,1639.4000244140625,1639.800048828125,5976
2026-04-28 09:19:00+00:00,1640.0999755859375,1640.0999755859375,1640.800048828125,1639.5999755859375,1640.0,6961
2026-04-28 09:20:00+00:00,1641.5999755859375,1641.5999755859375,1641.5999755859375,1640.0,1640.0999755859375,5984
2026-04-28 09:21:00+00:00,1641.300048828125,1641.300048828125,1642.0,1640.800048828125,1641.4000244140625,5333
2026-04-28 09:22:00+00:00,1640.800048828125,1640.800048828125,1642.4000244140625,1640.800048828125,1642.4000244140625,18644
2026-04-28 09:23:00+00:00,1641.699951171875,1641.699951171875,1642.0,1640.5999755859375,1641.199951171875,2943
2026-04-28 09:24:00+00:00,1642.4000244140625,1642.4000244140625,1642.4000244140625,1641.0,1641.5,6719
2026-04-28 09:25:00+00:00,1642.0,1642.0,1642.4000244140625,1642.0,1642.4000244140625,4167
2026-04-28 09:26:00+00:00,1643.300048828125,1643.300048828125,1643.300048828125,1642.0999755859375,1642.4000244140625,9144
2026-04-28 09:27:00+00:00,1643.199951171875,1643.199951171875,1643.300048828125,1642.199951171875,1643.0999755859375,3699
2026-04-28 09:28:00+00:00,1643.199951171875,1643.199951171875,1643.5,1642.0999755859375,1643.199951171875,14442
2026-04-28 09:29:00+00:00,1642.5,1642.5,1643.5,1642.0999755859375,1643.4000244140625,4286
2026-04-28 09:30:00+00:00,1638.800048828125,1638.800048828125,1642.699951171875,1638.5999755859375,1642.5999755859375,10672
2026-04-28 09:31:00+00:00,1638.0,1638.0,1638.800048828125,1637.0,1638.300048828125,14246
2026-04-28 09:32:00+00:00,1637.4000244140625,1637.4000244140625,1638.9000244140625,1636.800048828125,1638.4000244140625,7101
2026-04-28 09:33:00+00:00,1636.800048828125,1636.800048828125,1637.4000244140625,1636.0,1637.199951171875,8086
2026-04-28 09:34:00+00:00,1635.699951171875,1635.699951171875,1636.9000244140625,1635.0,1636.699951171875,16450
2026-04-28 09:35:00+00:00,1637.699951171875,1637.699951171875,1637.699951171875,1635.0999755859375,1635.5,11412
2026-04-28 09:36:00+00:00,1637.5,1637.5,1637.5999755859375,1636.5999755859375,1637.4000244140625,13439
2026-04-28 09:37:00+00:00,1636.9000244140625,1636.9000244140625,1637.5,1636.0999755859375,1637.5,11327
2026-04-28 09:38:00+00:00,1636.5,1636.5,1637.199951171875,1636.0,1637.199951171875,5660
2026-04-28 09:39:00+00:00,1638.300048828125,1638.300048828125,1638.300048828125,1636.199951171875,1636.5,14617
2026-04-28 09:40:00+00:00,1638.199951171875,1638.199951171875,1638.199951171875,1637.0,1637.5,10996
2026-04-28 09:41:00+00:00,1638.0,1638.0,1638.5,1637.699951171875,1638.0,7135
2026-04-28 09:42:00+00:00,1638.0999755859375,1638.0999755859375,1638.0999755859375,1637.0999755859375,1638.0,9995
2026-04-28 09:43:00+00:00,1637.5,1637.5,1638.800048828125,1637.5,1638.0999755859375,15209
2026-04-28 09:44:00+00:00,1636.800048828125,1636.800048828125,1638.5999755859375,1636.800048828125,1637.5999755859375,5638
2026-04-28 09:45:00+00:00,1637.5,1637.5,1638.0,1636.800048828125,1637.300048828125,10931
2026-04-28 09:46:00+00:00,1637.699951171875,1637.699951171875,1638.0,1636.800048828125,1636.800048828125,5719
2026-04-28 09:47:00+00:00,1637.9000244140625,1637.9000244140625,1638.0,1637.5999755859375,1637.5999755859375,9005
2026-04-28 09:48:00+00:00,1637.4000244140625,1637.4000244140625,1638.0,1637.4000244140625,1638.0,27198
2026-04-28 09:49:00+00:00,1637.5,1637.5,1638.0,1637.4000244140625,1638.0,5525
2026-04-28 09:50:00+00:00,1637.699951171875,1637.699951171875,1637.800048828125,1637.5,1637.800048828125,7979
2026-04-28 09:51:00+00:00,1637.4000244140625,1637.4000244140625,1637.699951171875,1637.4000244140625,1637.699951171875,6130
2026-04-28 09:52:00+00:00,1637.5999755859375,1637.5999755859375,1637.9000244140625,1637.4000244140625,1637.800048828125,6291
2026-04-28 09:53:00+00:00,1637.5999755859375,1637.5999755859375,1637.699951171875,1637.4000244140625,1637.4000244140625,6110
2026-04-28 09:54:00+00:00,1637.5,1637.5,1637.800048828125,1637.4000244140625,1637.5999755859375,11508
2026-04-28 09:55:00+00:00,1639.5,1639.5,1639.5999755859375,1636.9000244140625,1636.9000244140625,19873
2026-04-28 09:56:00+00:00,1639.0999755859375,1639.0999755859375,1639.699951171875,1639.0,1639.5,4470
2026-04-28 09:57:00+00:00,1637.9000244140625,1637.9000244140625,1639.800048828125,1637.0,1639.0,9170
2026-04-28 09:58:00+00:00,1638.5999755859375,1638.5999755859375,1639.699951171875,1636.9000244140625,1637.5999755859375,12026
2026-04-28 09:59:00+00:00,1637.5999755859375,1637.5999755859375,1639.0,1636.4000244140625,1637.699951171875,16865
2026-04-29 03:45:00+00:00,1654.9000244140625,1654.9000244140625,1656.5,1645.0,1645.0,0
2026-04-29 03:46:00+00:00,1651.300048828125,1651.300048828125,1655.5999755859375,1650.0999755859375,1653.199951171875,19114
2026-04-29 03:47:00+00:00,1652.199951171875,1652.199951171875,1653.4000244140625,1650.199951171875,1650.5999755859375,21767
2026-04-29 03:48:00+00:00,1648.0999755859375,1648.0999755859375,1652.699951171875,1647.5999755859375,1652.300048828125,14661
2026-04-29 03:49:00+00:00,1648.0999755859375,1648.0999755859375,1648.800048828125,1648.0,1648.800048828125,9663
2026-04-29 03:50:00+00:00,1653.4000244140625,1653.4000244140625,1654.5999755859375,1651.0,1651.0,23325
2026-04-29 03:51:00+00:00,1655.800048828125,1655.800048828125,1655.800048828125,1651.300048828125,1653.0,16005
2026-04-29 03:52:00+00:00,1652.699951171875,1652.699951171875,1656.300048828125,1651.800048828125,1656.300048828125,8858
2026-04-29 03:53:00+00:00,1651.4000244140625,1651.4000244140625,1653.0999755859375,1649.300048828125,1652.699951171875,10339
2026-04-29 03:54:00+00:00,1649.199951171875,1649.199951171875,1651.4000244140625,1649.199951171875,1651.0999755859375,4239
2026-04-29 03:55:00+00:00,1652.0,1652.0,1652.0,1648.199951171875,1650.0,9816
2026-04-29 03:56:00+00:00,1654.9000244140625,1654.9000244140625,1654.9000244140625,1653.4000244140625,1653.5999755859375,5411
2026-04-29 03:57:00+00:00,1655.5999755859375,1655.5999755859375,1658.9000244140625,1654.300048828125,1654.800048828125,19487
2026-04-29 03:58:00+00:00,1654.9000244140625,1654.9000244140625,1655.699951171875,1654.0999755859375,1655.5,4745
2026-04-29 03:59:00+00:00,1654.699951171875,1654.699951171875,1654.9000244140625,1654.199951171875,1654.199951171875,3580
2026-04-29 04:00:00+00:00,1652.300048828125,1652.300048828125,1655.0,1652.300048828125,1654.800048828125,5737
2026-04-29 04:01:00+00:00,1654.800048828125,1654.800048828125,1654.9000244140625,1652.300048828125,1652.300048828125,7803
2026-04-29 04:02:00+00:00,1657.0999755859375,1657.0999755859375,1657.800048828125,1654.199951171875,1654.199951171875,10965
2026-04-29 04:03:00+00:00,1654.0,1654.0,1656.5999755859375,1654.0,1656.5999755859375,4311
2026-04-29 04:04:00+00:00,1653.0,1653.0,1654.199951171875,1652.9000244140625,1654.199951171875,2623
2026-04-29 04:05:00+00:00,1653.0,1653.0,1653.4000244140625,1652.5999755859375,1653.0,5111
2026-04-29 04:06:00+00:00,1652.0999755859375,1652.0999755859375,1652.0999755859375,1650.4000244140625,1651.9000244140625,4519
2026-04-29 04:07:00+00:00,1651.0999755859375,1651.0999755859375,1652.0,1651.0999755859375,1652.0,1645
2026-04-29 04:08:00+00:00,1651.0,1651.0,1651.800048828125,1650.5,1651.5,3820
2026-04-29 04:09:00+00:00,1651.300048828125,1651.300048828125,1651.4000244140625,1650.699951171875,1650.699951171875,4098
2026-04-29 04:10:00+00:00,1652.0999755859375,1652.0999755859375,1652.0999755859375,1651.300048828125,1651.5999755859375,4033
2026-04-29 04:11:00+00:00,1651.4000244140625,1651.4000244140625,1652.300048828125,1651.4000244140625,1652.0999755859375,1797
2026-04-29 04:12:00+00:00,1651.4000244140625,1651.4000244140625,1651.9000244140625,1651.4000244140625,1651.800048828125,1055
2026-04-29 04:13:00+00:00,1651.5999755859375,1651.5999755859375,1652.300048828125,1651.4000244140625,1651.4000244140625,3054
2026-04-29 04:14:00+00:00,1650.9000244140625,1650.9000244140625,1651.199951171875,1650.5,1650.5,4468
2026-04-29 04:15:00+00:00,1652.199951171875,1652.199951171875,1653.5999755859375,1651.0,1651.0,8946
2026-04-29 04:16:00+00:00,1651.800048828125,1651.800048828125,1652.5999755859375,1651.5,1652.0,441
2026-04-29 04:17:00+00:00,1652.0,1652.0,1652.800048828125,1652.0,1652.300048828125,3368
2026-04-29 04:18:00+00:00,1651.5,1651.5,1653.0,1651.5,1652.699951171875,4978
2026-04-29 04:19:00+00:00,1651.4000244140625,1651.4000244140625,1651.9000244140625,1651.4000244140625,1651.4000244140625,2563
2026-04-29 04:20:00+00:00,1651.199951171875,1651.199951171875,1651.9000244140625,1650.4000244140625,1651.9000244140625,1829
2026-04-29 04:21:00+00:00,1651.5,1651.5,1651.5,1651.0,1651.300048828125,2062
2026-04-29 04:22:00+00:00,1652.0,1652.0,1652.0,1651.0,1651.5,2071
2026-04-29 04:23:00+00:00,1651.800048828125,1651.800048828125,1652.199951171875,1651.300048828125,1651.5,1409
2026-04-29 04:24:00+00:00,1651.0999755859375,1651.0999755859375,1651.9000244140625,1651.0,1651.9000244140625,1531
2026-04-29 04:25:00+00:00,1651.300048828125,1651.300048828125,1651.5,1650.5,1650.5,2324
2026-04-29 04:26:00+00:00,1651.0,1651.0,1651.300048828125,1650.5,1651.199951171875,543
2026-04-29 04:27:00+00:00,1647.5999755859375,1647.5999755859375,1651.300048828125,1647.5999755859375,1650.699951171875,10797
2026-04-29 04:28:00+00:00,1646.4000244140625,1646.4000244140625,1648.0999755859375,1646.0999755859375,1648.0999755859375,9117
2026-04-29 04:29:00+00:00,1648.0,1648.0,1648.0,1646.4000244140625,1647.0,4113
2026-04-29 04:30:00+00:00,1648.199951171875,1648.199951171875,1648.199951171875,1648.0,1648.0,2352
2026-04-29 04:31:00+00:00,1648.9000244140625,1648.9000244140625,1649.199951171875,1647.300048828125,1648.0,4161
2026-04-29 04:32:00+00:00,1648.300048828125,1648.300048828125,1649.0999755859375,1648.300048828125,1648.699951171875,4312
2026-04-29 04:33:00+00:00,1649.699951171875,1649.699951171875,1650.4000244140625,1649.0,1649.0,3371
2026-04-29 04:34:00+00:00,1650.0,1650.0,1650.0,1648.0999755859375,1648.0999755859375,3881
2026-04-29 04:35:00+00:00,1649.5999755859375,1649.5999755859375,1650.800048828125,1649.0999755859375,1649.300048828125,5124
2026-04-29 04:36:00+00:00,1649.0999755859375,1649.0999755859375,1650.0,1648.0999755859375,1649.0999755859375,2294
2026-04-29 04:37:00+00:00,1649.0999755859375,1649.0999755859375,1649.800048828125,1649.0,1649.800048828125,1332
2026-04-29 04:38:00+00:00,1648.9000244140625,1648.9000244140625,1649.0999755859375,1648.5999755859375,1648.800048828125,1765
2026-04-29 04:39:00+00:00,1645.800048828125,1645.800048828125,1648.9000244140625,1645.699951171875,1648.9000244140625,10561
2026-04-29 04:40:00+00:00,1648.4000244140625,1648.4000244140625,1648.4000244140625,1645.800048828125,1646.0999755859375,3187
2026-04-29 04:41:00+00:00,1648.5,1648.5,1649.300048828125,1648.5,1649.0999755859375,3084
2026-04-29 04:42:00+00:00,1647.5,1647.5,1648.5,1646.5999755859375,1648.5,4153
2026-04-29 04:43:00+00:00,1648.699951171875,1648.699951171875,1648.9000244140625,1647.0,1647.5,1990
2026-04-29 04:44:00+00:00,1648.9000244140625,1648.9000244140625,1649.5999755859375,1648.4000244140625,1648.9000244140625,1373
2026-04-29 04:45:00+00:00,1648.5,1648.5,1649.300048828125,1648.5,1649.0,3294
2026-04-29 04:46:00+00:00,1649.699951171875,1649.699951171875,1649.699951171875,1648.800048828125,1648.800048828125,6780
2026-04-29 04:47:00+00:00,1650.4000244140625,1650.4000244140625,1650.5,1649.300048828125,1649.300048828125,7103
2026-04-29 04:48:00+00:00,1649.199951171875,1649.199951171875,1650.5,1648.800048828125,1650.5,3436
2026-04-29 04:49:00+00:00,1647.5,1647.5,1649.0,1647.5,1649.0,3656
2026-04-29 04:50:00+00:00,1648.300048828125,1648.300048828125,1648.5999755859375,1647.199951171875,1647.199951171875,3230
2026-04-29 04:51:00+00:00,1648.5,1648.5,1648.699951171875,1647.199951171875,1648.699951171875,2382
2026-04-29 04:52:00+00:00,1647.5999755859375,1647.5999755859375,1648.5,1647.0999755859375,1648.5,3530
2026-04-29 04:53:00+00:00,1647.4000244140625,1647.4000244140625,1647.5999755859375,1646.5999755859375,1647.5999755859375,1875
2026-04-29 04:54:00+00:00,1647.199951171875,1647.199951171875,1647.4000244140625,1646.800048828125,1647.4000244140625,1408
2026-04-29 04:55:00+00:00,1647.699951171875,1647.699951171875,1647.699951171875,1646.5999755859375,1646.9000244140625,2556
2026-04-29 04:56:00+00:00,1648.199951171875,1648.199951171875,1648.300048828125,1647.699951171875,1647.699951171875,1867
2026-04-29 04:57:00+00:00,1648.0999755859375,1648.0999755859375,1648.699951171875,1647.800048828125,1648.699951171875,4538
2026-04-29 04:58:00+00:00,1648.0999755859375,1648.0999755859375,1648.800048828125,1647.5,1648.0999755859375,3166
2026-04-29 04:59:00+00:00,1649.0,1649.0,1649.199951171875,1648.0999755859375,1648.5,1323
2026-04-29 05:00:00+00:00,1648.199951171875,1648.199951171875,1649.0,1647.699951171875,1649.0,3960
2026-04-29 05:01:00+00:00,1648.199951171875,1648.199951171875,1648.9000244140625,1648.199951171875,1648.4000244140625,2301
2026-04-29 05:02:00+00:00,1647.800048828125,1647.800048828125,1648.199951171875,1647.699951171875,1648.199951171875,1556
2026-04-29 05:03:00+00:00,1647.0999755859375,1647.0999755859375,1648.0999755859375,1647.0999755859375,1647.9000244140625,2605
2026-04-29 05:04:00+00:00,1647.699951171875,1647.699951171875,1647.699951171875,1647.199951171875,1647.300048828125,519
2026-04-29 05:05:00+00:00,1647.5,1647.5,1647.699951171875,1647.5,1647.5,1015
2026-04-29 05:06:00+00:00,1647.5,1647.5,1647.699951171875,1647.199951171875,1647.699951171875,695
2026-04-29 05:07:00+00:00,1648.0999755859375,1648.0999755859375,1648.0999755859375,1647.300048828125,1647.4000244140625,3312
2026-04-29 05:08:00+00:00,1648.199951171875,1648.199951171875,1648.199951171875,1647.800048828125,1648.0999755859375,3045
2026-04-29 05:09:00+00:00,1648.0999755859375,1648.0999755859375,1648.5,1647.5,1647.9000244140625,1472
2026-04-29 05:10:00+00:00,1649.0999755859375,1649.0999755859375,1649.5,1648.0,1648.0,4312
2026-04-29 05:11:00+00:00,1650.0,1650.0,1650.4000244140625,1650.0,1650.0,7436
2026-04-29 05:12:00+00:00,1653.5,1653.5,1653.5,1649.5,1649.5,12737
2026-04-29 05:13:00+00:00,1659.9000244140625,1659.9000244140625,1660.9000244140625,1653.800048828125,1653.800048828125,83902
2026-04-29 05:14:00+00:00,1664.0,1664.0,1664.0,1659.800048828125,1659.9000244140625,23977
2026-04-29 05:15:00+00:00,1662.800048828125,1662.800048828125,1666.5,1662.0,1664.0,61602
2026-04-29 05:16:00+00:00,1660.300048828125,1660.300048828125,1663.800048828125,1660.300048828125,1662.800048828125,11388
2026-04-29 05:17:00+00:00,1661.0999755859375,1661.0999755859375,1661.300048828125,1660.199951171875,1660.5,8457
2026-04-29 05:18:00+00:00,1663.4000244140625,1663.4000244140625,1663.699951171875,1661.0,1661.5,14041
2026-04-29 05:19:00+00:00,1662.800048828125,1662.800048828125,1663.699951171875,1662.0,1663.4000244140625,6815
2026-04-29 05:20:00+00:00,1663.0,1663.0,1664.5999755859375,1662.5,1663.5,9314
2026-04-29 05:21:00+00:00,1664.0,1664.0,1664.699951171875,1662.0,1663.5,10504
2026-04-29 05:22:00+00:00,1668.5999755859375,1668.5999755859375,1669.5,1663.800048828125,1664.5999755859375,28798
2026-04-29 05:23:00+00:00,1671.0,1671.0,1671.800048828125,1669.0,1669.4000244140625,31423
2026-04-29 05:24:00+00:00,1668.9000244140625,1668.9000244140625,1671.5999755859375,1668.5,1671.0,22551
2026-04-29 05:25:00+00:00,1670.9000244140625,1670.9000244140625,1671.0,1668.5,1669.5,5070
2026-04-29 05:26:00+00:00,1668.300048828125,1668.300048828125,1671.199951171875,1668.199951171875,1670.699951171875,21416
2026-04-29 05:27:00+00:00,1668.5999755859375,1668.5999755859375,1669.300048828125,1668.0999755859375,1668.800048828125,7278
2026-04-29 05:28:00+00:00,1667.199951171875,1667.199951171875,1668.5999755859375,1666.0999755859375,1668.5999755859375,10753
2026-04-29 05:29:00+00:00,1665.699951171875,1665.699951171875,1667.5,1665.0999755859375,1666.4000244140625,4935
2026-04-29 05:30:00+00:00,1665.5,1665.5,1666.0,1665.0,1665.800048828125,4976
2026-04-29 05:31:00+00:00,1668.300048828125,1668.300048828125,1668.699951171875,1667.0,1667.9000244140625,13925
2026-04-29 05:32:00+00:00,1668.699951171875,1668.699951171875,1668.9000244140625,1667.9000244140625,1668.199951171875,3385
2026-04-29 05:33:00+00:00,1669.5,1669.5,1669.5999755859375,1668.9000244140625,1669.0999755859375,1549
2026-04-29 05:34:00+00:00,1667.199951171875,1667.199951171875,1669.4000244140625,1667.199951171875,1669.4000244140625,12633
2026-04-29 05:35:00+00:00,1668.4000244140625,1668.4000244140625,1668.5999755859375,1666.4000244140625,1668.0,3113
2026-04-29 05:36:00+00:00,1667.0,1667.0,1669.0,1666.5,1668.4000244140625,3248
2026-04-29 05:37:00+00:00,1666.9000244140625,1666.9000244140625,1667.5,1666.5,1667.0,1140
2026-04-29 05:38:00+00:00,1669.0,1669.0,1669.0,1666.4000244140625,1666.699951171875,2964
2026-04-29 05:39:00+00:00,1669.300048828125,1669.300048828125,1670.5999755859375,1668.300048828125,1668.9000244140625,23200
2026-04-29 05:40:00+00:00,1669.0999755859375,1669.0999755859375,1670.699951171875,1668.5,1669.5999755859375,10313
2026-04-29 05:41:00+00:00,1668.800048828125,1668.800048828125,1668.800048828125,1668.0,1668.699951171875,1530
2026-04-29 05:42:00+00:00,1667.9000244140625,1667.9000244140625,1669.4000244140625,1667.9000244140625,1668.800048828125,3697
2026-04-29 05:43:00+00:00,1667.0,1667.0,1668.5,1667.0,1668.300048828125,1135
2026-04-29 05:44:00+00:00,1668.300048828125,1668.300048828125,1668.5999755859375,1667.4000244140625,1667.4000244140625,2190
2026-04-29 05:45:00+00:00,1667.0999755859375,1667.0999755859375,1668.0999755859375,1666.699951171875,1668.0999755859375,1324
2026-04-29 05:46:00+00:00,1666.199951171875,1666.199951171875,1667.699951171875,1666.199951171875,1667.0,2706
2026-04-29 05:47:00+00:00,1667.0999755859375,1667.0999755859375,1667.199951171875,1666.300048828125,1667.0,1509
2026-04-29 05:48:00+00:00,1668.0999755859375,1668.0999755859375,1668.199951171875,1663.800048828125,1667.0,57954
2026-04-29 05:49:00+00:00,1667.199951171875,1667.199951171875,1668.199951171875,1666.4000244140625,1668.0,2800
2026-04-29 05:50:00+00:00,1667.199951171875,1667.199951171875,1667.699951171875,1666.9000244140625,1667.699951171875,1861
2026-04-29 05:51:00+00:00,1666.9000244140625,1666.9000244140625,1667.4000244140625,1666.5999755859375,1667.199951171875,3836
2026-04-29 05:52:00+00:00,1666.4000244140625,1666.4000244140625,1666.9000244140625,1664.0,1666.9000244140625,54184
2026-04-29 05:53:00+00:00,1664.5,1664.5,1666.9000244140625,1664.5,1666.4000244140625,7778
2026-04-29 05:54:00+00:00,1664.699951171875,1664.699951171875,1665.0,1664.199951171875,1665.0,4493
2026-04-29 05:55:00+00:00,1664.300048828125,1664.300048828125,1664.699951171875,1663.5999755859375,1664.699951171875,2273
2026-04-29 05:56:00+00:00,1665.9000244140625,1665.9000244140625,1666.4000244140625,1663.699951171875,1664.300048828125,9126
2026-04-29 05:57:00+00:00,1664.0999755859375,1664.0999755859375,1666.0999755859375,1664.0999755859375,1666.0999755859375,6377
2026-04-29 05:58:00+00:00,1664.9000244140625,1664.9000244140625,1664.9000244140625,1664.0,1664.4000244140625,2492
2026-04-29 05:59:00+00:00,1663.0999755859375,1663.0999755859375,1663.9000244140625,1663.0999755859375,1663.9000244140625,5434
2026-04-29 06:00:00+00:00,1663.0,1663.0,1663.5999755859375,1662.800048828125,1663.4000244140625,5360
2026-04-29 06:01:00+00:00,1664.5,1664.5,1664.800048828125,1663.0,1663.5999755859375,2121
2026-04-29 06:02:00+00:00,1664.0,1664.0,1664.800048828125,1663.199951171875,1664.800048828125,2643
2026-04-29 06:03:00+00:00,1663.800048828125,1663.800048828125,1664.9000244140625,1663.199951171875,1663.199951171875,2049
2026-04-29 06:04:00+00:00,1663.699951171875,1663.699951171875,1664.9000244140625,1663.300048828125,1663.800048828125,2327
2026-04-29 06:05:00+00:00,1663.5999755859375,1663.5999755859375,1664.0999755859375,1663.300048828125,1664.0999755859375,654
2026-04-29 06:06:00+00:00,1663.0,1663.0,1663.5,1663.0,1663.5,2043
2026-04-29 06:07:00+00:00,1664.0999755859375,1664.0999755859375,1664.9000244140625,1663.0,1663.4000244140625,6342
2026-04-29 06:08:00+00:00,1663.800048828125,1663.800048828125,1664.4000244140625,1663.0,1664.199951171875,2776
2026-04-29 06:09:00+00:00,1663.9000244140625,1663.9000244140625,1664.0999755859375,1663.800048828125,1664.0999755859375,671
2026-04-29 06:10:00+00:00,1664.300048828125,1664.300048828125,1664.5999755859375,1663.9000244140625,1663.9000244140625,1952
2026-04-29 06:11:00+00:00,1665.0,1665.0,1665.0,1664.300048828125,1664.800048828125,1578
2026-04-29 06:12:00+00:00,1664.4000244140625,1664.4000244140625,1665.0,1664.199951171875,1665.0,468
2026-04-29 06:13:00+00:00,1665.800048828125,1665.800048828125,1665.800048828125,1664.199951171875,1664.4000244140625,49980
2026-04-29 06:14:00+00:00,1667.5,1667.5,1669.5,1667.0999755859375,1668.0,9914
2026-04-29 06:15:00+00:00,1665.0999755859375,1665.0999755859375,1668.5,1665.0999755859375,1668.0,8224
2026-04-29 06:16:00+00:00,1663.0999755859375,1663.0999755859375,1665.5999755859375,1663.0,1665.5999755859375,3625
2026-04-29 06:17:00+00:00,1663.9000244140625,1663.9000244140625,1664.0999755859375,1663.5,1664.0,2038
2026-04-29 06:18:00+00:00,1664.300048828125,1664.300048828125,1664.300048828125,1663.5999755859375,1663.9000244140625,1767
2026-04-29 06:19:00+00:00,1662.5,1662.5,1664.5999755859375,1662.199951171875,1664.0999755859375,7857
2026-04-29 06:20:00+00:00,1663.199951171875,1663.199951171875,1663.199951171875,1662.0999755859375,1663.199951171875,1652
2026-04-29 06:21:00+00:00,1662.800048828125,1662.800048828125,1663.199951171875,1662.5,1663.0999755859375,808
2026-04-29 06:22:00+00:00,1662.5,1662.5,1662.800048828125,1662.5,1662.800048828125,1048
2026-04-29 06:23:00+00:00,1663.0999755859375,1663.0999755859375,1663.199951171875,1662.699951171875,1662.699951171875,975
2026-04-29 06:24:00+00:00,1663.5999755859375,1663.5999755859375,1663.5999755859375,1662.699951171875,1663.199951171875,1797
2026-04-29 06:25:00+00:00,1661.5999755859375,1661.5999755859375,1663.5999755859375,1661.0999755859375,1663.5999755859375,4933
2026-04-29 06:26:00+00:00,1662.4000244140625,1662.4000244140625,1662.4000244140625,1661.0999755859375,1661.5999755859375,2717
2026-04-29 06:27:00+00:00,1662.800048828125,1662.800048828125,1663.0,1662.4000244140625,1662.4000244140625,722
2026-04-29 06:28:00+00:00,1662.5999755859375,1662.5999755859375,1663.0,1662.5,1662.699951171875,1419
2026-04-29 06:29:00+00:00,1662.4000244140625,1662.4000244140625,1663.0,1662.4000244140625,1662.9000244140625,855
2026-04-29 06:30:00+00:00,1662.199951171875,1662.199951171875,1662.9000244140625,1662.199951171875,1662.4000244140625,1429
2026-04-29 06:31:00+00:00,1663.0,1663.0,1663.5,1662.0,1662.300048828125,4346
2026-04-29 06:32:00+00:00,1662.9000244140625,1662.9000244140625,1663.0999755859375,1662.199951171875,1663.0,1237
2026-04-29 06:33:00+00:00,1663.300048828125,1663.300048828125,1663.300048828125,1662.199951171875,1662.9000244140625,1859
2026-04-29 06:34:00+00:00,1665.0,1665.0,1665.0,1663.5,1663.5,5423
2026-04-29 06:35:00+00:00,1663.5,1663.5,1665.0,1663.0999755859375,1664.800048828125,3562
2026-04-29 06:36:00+00:00,1664.0,1664.0,1664.0999755859375,1662.5,1663.5,2833
2026-04-29 06:37:00+00:00,1664.4000244140625,1664.4000244140625,1664.699951171875,1663.9000244140625,1664.0,1220
2026-04-29 06:38:00+00:00,1664.300048828125,1664.300048828125,1664.4000244140625,1663.699951171875,1664.4000244140625,1144
2026-04-29 06:39:00+00:00,1664.9000244140625,1664.9000244140625,1665.0,1664.199951171875,1664.300048828125,1444
2026-04-29 06:40:00+00:00,1665.0999755859375,1665.0999755859375,1667.0,1664.9000244140625,1664.9000244140625,14303
2026-04-29 06:41:00+00:00,1666.0,1666.0,1666.199951171875,1665.0,1665.0,6059
2026-04-29 06:42:00+00:00,1665.5,1665.5,1665.5,1664.300048828125,1665.5,2146
2026-04-29 06:43:00+00:00,1665.0,1665.0,1665.5,1664.4000244140625,1665.5,2913
2026-04-29 06:44:00+00:00,1665.0,1665.0,1666.0999755859375,1664.9000244140625,1665.0,11990
2026-04-29 06:45:00+00:00,1665.0,1665.0,1665.5,1664.9000244140625,1665.0,2802
2026-04-29 06:46:00+00:00,1665.300048828125,1665.300048828125,1665.5,1665.0,1665.4000244140625,4403
2026-04-29 06:47:00+00:00,1666.699951171875,1666.699951171875,1666.699951171875,1665.0,1665.5,6994
2026-04-29 06:48:00+00:00,1666.5999755859375,1666.5999755859375,1666.800048828125,1666.300048828125,1666.699951171875,2389
2026-04-29 06:49:00+00:00,1667.0,1667.0,1667.5,1666.4000244140625,1666.800048828125,4417
2026-04-29 06:50:00+00:00,1667.0,1667.0,1668.0,1666.9000244140625,1667.0,1445
2026-04-29 06:51:00+00:00,1665.9000244140625,1665.9000244140625,1666.9000244140625,1665.5,1666.4000244140625,1548
2026-04-29 06:52:00+00:00,1666.699951171875,1666.699951171875,1666.699951171875,1665.0,1665.9000244140625,2297
2026-04-29 06:53:00+00:00,1666.5,1666.5,1666.699951171875,1666.0,1666.699951171875,957
2026-04-29 06:54:00+00:00,1667.0999755859375,1667.0999755859375,1667.300048828125,1666.699951171875,1667.0,1236
2026-04-29 06:55:00+00:00,1666.9000244140625,1666.9000244140625,1667.199951171875,1666.5,1667.0999755859375,695
2026-04-29 06:56:00+00:00,1668.300048828125,1668.300048828125,1668.5,1666.4000244140625,1666.800048828125,2354
2026-04-29 06:57:00+00:00,1668.199951171875,1668.199951171875,1668.199951171875,1667.5,1668.0999755859375,1654
2026-04-29 06:58:00+00:00,1667.5,1667.5,1668.199951171875,1666.5,1668.199951171875,1988
2026-04-29 06:59:00+00:00,1667.0,1667.0,1667.699951171875,1666.0,1667.300048828125,2373
2026-04-29 07:00:00+00:00,1666.5,1666.5,1667.0,1666.4000244140625,1667.0,417
2026-04-29 07:01:00+00:00,1665.5999755859375,1665.5999755859375,1666.5,1665.199951171875,1666.5,1372
2026-04-29 07:02:00+00:00,1666.0,1666.0,1666.0,1665.199951171875,1665.199951171875,1489
2026-04-29 07:03:00+00:00,1665.5,1665.5,1666.0,1665.199951171875,1666.0,638
2026-04-29 07:04:00+00:00,1665.800048828125,1665.800048828125,1666.0999755859375,1665.300048828125,1665.5,1049
2026-04-29 07:05:00+00:00,1666.4000244140625,1666.4000244140625,1666.5,1665.5999755859375,1666.0999755859375,1298
2026-04-29 07:06:00+00:00,1666.0,1666.0,1666.4000244140625,1665.300048828125,1666.4000244140625,1513
2026-04-29 07:07:00+00:00,1665.0,1665.0,1666.0,1665.0,1666.0,766
2026-04-29 07:08:00+00:00,1665.9000244140625,1665.9000244140625,1666.5,1665.5,1665.5,4686
2026-04-29 07:09:00+00:00,1665.9000244140625,1665.9000244140625,1666.5,1665.9000244140625,1666.4000244140625,1088
2026-04-29 07:10:00+00:00,1666.0,1666.0,1666.0,1665.5999755859375,1666.0,912
2026-04-29 07:11:00+00:00,1666.0,1666.0,1666.0,1665.800048828125,1666.0,1250
2026-04-29 07:12:00+00:00,1665.0999755859375,1665.0999755859375,1666.0,1665.0999755859375,1666.0,677
2026-04-29 07:13:00+00:00,1665.0,1665.0,1665.699951171875,1664.4000244140625,1665.699951171875,6369
2026-04-29 07:14:00+00:00,1665.0999755859375,1665.0999755859375,1665.0999755859375,1664.699951171875,1665.0,709
2026-04-29 07:15:00+00:00,1666.0,1666.0,1666.0,1665.0999755859375,1665.0999755859375,3516
2026-04-29 07:16:00+00:00,1665.800048828125,1665.800048828125,1666.0,1665.199951171875,1666.0,583
2026-04-29 07:17:00+00:00,1666.0,1666.0,1666.0,1665.4000244140625,1666.0,595
2026-04-29 07:18:00+00:00,1665.699951171875,1665.699951171875,1666.0,1665.300048828125,1666.0,623
2026-04-29 07:19:00+00:00,1665.699951171875,1665.699951171875,1666.0,1665.0999755859375,1665.699951171875,846
2026-04-29 07:20:00+00:00,1666.0,1666.0,1666.0999755859375,1665.800048828125,1666.0,3291
2026-04-29 07:21:00+00:00,1666.0,1666.0,1666.0,1665.800048828125,1666.0,1665
2026-04-29 07:22:00+00:00,1666.5,1666.5,1666.5,1665.800048828125,1666.0,7870
2026-04-29 07:23:00+00:00,1666.4000244140625,1666.4000244140625,1666.5,1666.0999755859375,1666.5,2181
2026-04-29 07:24:00+00:00,1666.4000244140625,1666.4000244140625,1666.5,1666.0,1666.300048828125,1490
2026-04-29 07:25:00+00:00,1666.4000244140625,1666.4000244140625,1666.800048828125,1666.300048828125,1666.5,5489
2026-04-29 07:26:00+00:00,1666.0,1666.0,1668.0,1666.0,1666.800048828125,5573
2026-04-29 07:27:00+00:00,1666.0,1666.0,1666.9000244140625,1665.5999755859375,1666.800048828125,1324
2026-04-29 07:28:00+00:00,1665.5,1665.5,1666.0,1664.300048828125,1666.0,2971
2026-04-29 07:29:00+00:00,1664.5999755859375,1664.5999755859375,1665.5999755859375,1664.300048828125,1665.5999755859375,2305
2026-04-29 07:30:00+00:00,1664.300048828125,1664.300048828125,1665.199951171875,1664.0999755859375,1664.699951171875,1957
2026-04-29 07:31:00+00:00,1664.5999755859375,1664.5999755859375,1664.5999755859375,1664.0999755859375,1664.4000244140625,878
2026-04-29 07:32:00+00:00,1663.800048828125,1663.800048828125,1664.5999755859375,1663.800048828125,1664.5999755859375,797
2026-04-29 07:33:00+00:00,1664.5999755859375,1664.5999755859375,1664.800048828125,1664.0999755859375,1664.199951171875,2228
2026-04-29 07:34:00+00:00,1664.5,1664.5,1664.9000244140625,1664.4000244140625,1664.5999755859375,980
2026-04-29 07:35:00+00:00,1664.5,1664.5,1664.800048828125,1664.0999755859375,1664.699951171875,884
2026-04-29 07:36:00+00:00,1665.0,1665.0,1665.0,1664.199951171875,1664.5,1788
2026-04-29 07:37:00+00:00,1665.199951171875,1665.199951171875,1665.300048828125,1664.699951171875,1665.0,3157
2026-04-29 07:38:00+00:00,1665.9000244140625,1665.9000244140625,1666.0,1665.300048828125,1665.300048828125,2951
2026-04-29 07:39:00+00:00,1665.0,1665.0,1665.9000244140625,1664.4000244140625,1665.800048828125,3168
2026-04-29 07:40:00+00:00,1664.9000244140625,1664.9000244140625,1665.199951171875,1664.300048828125,1665.0,3502
2026-04-29 07:41:00+00:00,1664.300048828125,1664.300048828125,1664.9000244140625,1664.0,1664.9000244140625,1633
2026-04-29 07:42:00+00:00,1663.0999755859375,1663.0999755859375,1664.199951171875,1663.0,1664.199951171875,2243
2026-04-29 07:43:00+00:00,1663.5,1663.5,1663.5,1663.0,1663.4000244140625,2794
2026-04-29 07:44:00+00:00,1663.800048828125,1663.800048828125,1663.800048828125,1663.5,1663.5,752
2026-04-29 07:45:00+00:00,1663.699951171875,1663.699951171875,1664.0,1663.699951171875,1663.800048828125,1647
2026-04-29 07:46:00+00:00,1663.199951171875,1663.199951171875,1663.699951171875,1663.0999755859375,1663.699951171875,2215
2026-04-29 07:47:00+00:00,1663.5,1663.5,1663.5,1663.300048828125,1663.5,580
2026-04-29 07:48:00+00:00,1663.5,1663.5,1663.5,1663.199951171875,1663.199951171875,957
2026-04-29 07:49:00+00:00,1663.5,1663.5,1663.5,1663.4000244140625,1663.4000244140625,1628
2026-04-29 07:50:00+00:00,1663.300048828125,1663.300048828125,1663.5,1663.300048828125,1663.5,1567
2026-04-29 07:51:00+00:00,1663.0,1663.0,1663.5,1662.4000244140625,1663.4000244140625,2977
2026-04-29 07:52:00+00:00,1662.699951171875,1662.699951171875,1663.0,1662.300048828125,1663.0,2053
2026-04-29 07:53:00+00:00,1663.0,1663.0,1663.0,1662.0999755859375,1663.0,2137
2026-04-29 07:54:00+00:00,1662.5,1662.5,1663.0,1661.5999755859375,1663.0,3233
2026-04-29 07:55:00+00:00,1663.699951171875,1663.699951171875,1664.0,1661.9000244140625,1662.5,13934
2026-04-29 07:56:00+00:00,1663.0,1663.0,1664.300048828125,1662.699951171875,1663.800048828125,2601
2026-04-29 07:57:00+00:00,1663.300048828125,1663.300048828125,1663.699951171875,1662.699951171875,1663.5999755859375,1255
2026-04-29 07:58:00+00:00,1663.5,1663.5,1663.699951171875,1662.800048828125,1663.5,1458
2026-04-29 07:59:00+00:00,1662.5999755859375,1662.5999755859375,1663.5,1662.5999755859375,1663.5,626
2026-04-29 08:00:00+00:00,1663.300048828125,1663.300048828125,1663.4000244140625,1662.9000244140625,1663.0,769
2026-04-29 08:01:00+00:00,1663.9000244140625,1663.9000244140625,1664.0999755859375,1663.0999755859375,1663.300048828125,1599
2026-04-29 08:02:00+00:00,1663.300048828125,1663.300048828125,1664.4000244140625,1663.300048828125,1664.0,2328
2026-04-29 08:03:00+00:00,1663.0,1663.0,1663.4000244140625,1662.5,1663.300048828125,1407
2026-04-29 08:04:00+00:00,1663.5,1663.5,1663.5,1662.5,1662.5,3216
2026-04-29 08:05:00+00:00,1662.9000244140625,1662.9000244140625,1663.800048828125,1662.5,1663.5,2510
2026-04-29 08:06:00+00:00,1663.0999755859375,1663.0999755859375,1663.5,1662.9000244140625,1663.0,1382
2026-04-29 08:07:00+00:00,1660.699951171875,1660.699951171875,1663.0999755859375,1660.5,1663.0999755859375,20019
2026-04-29 08:08:00+00:00,1658.800048828125,1658.800048828125,1660.0,1657.9000244140625,1659.0,8482
2026-04-29 08:09:00+00:00,1658.699951171875,1658.699951171875,1659.0,1658.300048828125,1659.0,1361
2026-04-29 08:10:00+00:00,1658.5,1658.5,1659.199951171875,1658.5,1659.199951171875,1938
2026-04-29 08:11:00+00:00,1658.0999755859375,1658.0999755859375,1658.800048828125,1658.0,1658.5,2343
2026-04-29 08:12:00+00:00,1658.5999755859375,1658.5999755859375,1658.699951171875,1658.0,1658.5,3054
2026-04-29 08:13:00+00:00,1658.0,1658.0,1658.699951171875,1657.5,1658.699951171875,3439
2026-04-29 08:14:00+00:00,1657.800048828125,1657.800048828125,1658.0,1657.300048828125,1657.800048828125,2557
2026-04-29 08:15:00+00:00,1657.0999755859375,1657.0999755859375,1657.800048828125,1657.0999755859375,1657.800048828125,9052
2026-04-29 08:16:00+00:00,1656.800048828125,1656.800048828125,1657.0,1655.5999755859375,1656.0,10420
2026-04-29 08:17:00+00:00,1656.0,1656.0,1657.0999755859375,1656.0,1656.699951171875,3023
2026-04-29 08:18:00+00:00,1654.0,1654.0,1655.9000244140625,1654.0,1655.5999755859375,5001
2026-04-29 08:19:00+00:00,1654.4000244140625,1654.4000244140625,1654.5,1653.800048828125,1654.0999755859375,2873
2026-04-29 08:20:00+00:00,1655.9000244140625,1655.9000244140625,1655.9000244140625,1654.5,1654.5,3721
2026-04-29 08:21:00+00:00,1656.0999755859375,1656.0999755859375,1656.0999755859375,1655.699951171875,1656.0,13883
2026-04-29 08:22:00+00:00,1658.199951171875,1658.199951171875,1658.4000244140625,1657.5999755859375,1657.800048828125,7782
2026-04-29 08:23:00+00:00,1658.699951171875,1658.699951171875,1659.4000244140625,1658.4000244140625,1658.4000244140625,2352
2026-04-29 08:24:00+00:00,1658.300048828125,1658.300048828125,1659.0999755859375,1658.0,1659.0,2647
2026-04-29 08:25:00+00:00,1659.300048828125,1659.300048828125,1659.5,1658.300048828125,1658.300048828125,3065
2026-04-29 08:26:00+00:00,1659.5999755859375,1659.5999755859375,1659.9000244140625,1659.300048828125,1659.800048828125,1746
2026-04-29 08:27:00+00:00,1658.800048828125,1658.800048828125,1659.5,1658.300048828125,1659.5,429
2026-04-29 08:28:00+00:00,1659.0,1659.0,1659.0,1658.699951171875,1658.800048828125,1712
2026-04-29 08:29:00+00:00,1658.0999755859375,1658.0999755859375,1659.0,1657.800048828125,1659.0,2757
2026-04-29 08:30:00+00:00,1658.5999755859375,1658.5999755859375,1658.5999755859375,1656.5,1657.800048828125,4011
2026-04-29 08:31:00+00:00,1658.199951171875,1658.199951171875,1658.5999755859375,1657.199951171875,1658.5999755859375,7313
2026-04-29 08:32:00+00:00,1658.199951171875,1658.199951171875,1658.199951171875,1657.300048828125,1658.0,1738
2026-04-29 08:33:00+00:00,1654.5,1654.5,1659.0,1654.5,1658.5999755859375,9797
2026-04-29 08:34:00+00:00,1655.9000244140625,1655.9000244140625,1656.199951171875,1655.0,1655.300048828125,4147
2026-04-29 08:35:00+00:00,1656.199951171875,1656.199951171875,1657.199951171875,1655.0999755859375,1656.300048828125,3692
2026-04-29 08:36:00+00:00,1658.0,1658.0,1658.0,1656.199951171875,1656.800048828125,1135
2026-04-29 08:37:00+00:00,1658.0,1658.0,1658.199951171875,1657.0,1658.0,3585
2026-04-29 08:38:00+00:00,1657.4000244140625,1657.4000244140625,1658.5999755859375,1657.4000244140625,1658.199951171875,1370
2026-04-29 08:39:00+00:00,1657.300048828125,1657.300048828125,1658.199951171875,1656.800048828125,1657.4000244140625,3645
2026-04-29 08:40:00+00:00,1657.9000244140625,1657.9000244140625,1658.0999755859375,1657.0,1658.0,1447
2026-04-29 08:41:00+00:00,1658.800048828125,1658.800048828125,1658.800048828125,1656.5999755859375,1658.0,9315
2026-04-29 08:42:00+00:00,1658.4000244140625,1658.4000244140625,1659.5,1657.300048828125,1658.800048828125,3733
2026-04-29 08:43:00+00:00,1659.199951171875,1659.199951171875,1659.4000244140625,1658.4000244140625,1659.199951171875,1665
2026-04-29 08:44:00+00:00,1660.199951171875,1660.199951171875,1660.5,1658.9000244140625,1659.199951171875,4656
2026-04-29 08:45:00+00:00,1660.4000244140625,1660.4000244140625,1660.9000244140625,1660.199951171875,1660.5,4645
2026-04-29 08:46:00+00:00,1660.699951171875,1660.699951171875,1660.9000244140625,1660.0999755859375,1660.9000244140625,1172
2026-04-29 08:47:00+00:00,1659.699951171875,1659.699951171875,1660.5999755859375,1659.199951171875,1660.5999755859375,2845
2026-04-29 08:48:00+00:00,1659.4000244140625,1659.4000244140625,1659.699951171875,1658.5999755859375,1659.699951171875,1820
2026-04-29 08:49:00+00:00,1659.0999755859375,1659.0999755859375,1659.300048828125,1658.9000244140625,1659.300048828125,2982
2026-04-29 08:50:00+00:00,1658.800048828125,1658.800048828125,1659.0999755859375,1658.699951171875,1658.800048828125,2049
2026-04-29 08:51:00+00:00,1657.9000244140625,1657.9000244140625,1658.699951171875,1657.0999755859375,1658.699951171875,4365
2026-04-29 08:52:00+00:00,1658.300048828125,1658.300048828125,1658.4000244140625,1657.0999755859375,1658.199951171875,4136
2026-04-29 08:53:00+00:00,1660.5999755859375,1660.5999755859375,1660.699951171875,1658.0,1658.0999755859375,2368
2026-04-29 08:54:00+00:00,1661.0,1661.0,1661.199951171875,1660.300048828125,1660.5999755859375,2047
2026-04-29 08:55:00+00:00,1659.800048828125,1659.800048828125,1660.699951171875,1658.800048828125,1660.699951171875,2369
2026-04-29 08:56:00+00:00,1659.699951171875,1659.699951171875,1659.800048828125,1659.0,1659.800048828125,1118
2026-04-29 08:57:00+00:00,1659.800048828125,1659.800048828125,1659.9000244140625,1658.800048828125,1659.699951171875,8212
2026-04-29 08:58:00+00:00,1660.0,1660.0,1660.0,1659.300048828125,1659.800048828125,2156
2026-04-29 08:59:00+00:00,1659.300048828125,1659.300048828125,1660.300048828125,1658.5999755859375,1660.0,2005
2026-04-29 09:00:00+00:00,1659.0999755859375,1659.0999755859375,1659.300048828125,1658.0999755859375,1659.300048828125,2037
2026-04-29 09:01:00+00:00,1659.4000244140625,1659.4000244140625,1660.0,1659.199951171875,1659.199951171875,4293
2026-04-29 09:02:00+00:00,1659.0999755859375,1659.0999755859375,1659.5,1658.4000244140625,1659.5,8030
2026-04-29 09:03:00+00:00,1657.800048828125,1657.800048828125,1659.0999755859375,1657.699951171875,1659.0,14581
2026-04-29 09:04:00+00:00,1657.0,1657.0,1658.199951171875,1657.0,1658.0,8949
2026-04-29 09:05:00+00:00,1657.0,1657.0,1657.300048828125,1656.0,1657.0,6604
2026-04-29 09:06:00+00:00,1657.0,1657.0,1657.0,1656.0999755859375,1657.0,6643
2026-04-29 09:07:00+00:00,1657.0,1657.0,1657.0,1655.699951171875,1657.0,6332
2026-04-29 09:08:00+00:00,1657.5,1657.5,1657.5,1656.800048828125,1657.0,10839
2026-04-29 09:09:00+00:00,1657.699951171875,1657.699951171875,1657.800048828125,1657.0,1657.5,3971
2026-04-29 09:10:00+00:00,1657.9000244140625,1657.9000244140625,1658.0,1657.5999755859375,1657.699951171875,5358
2026-04-29 09:11:00+00:00,1659.0,1659.0,1659.0,1658.0,1658.0,10388
2026-04-29 09:12:00+00:00,1658.800048828125,1658.800048828125,1659.0,1658.4000244140625,1659.0,2837
2026-04-29 09:13:00+00:00,1659.0,1659.0,1659.699951171875,1658.5,1659.5,7948
2026-04-29 09:14:00+00:00,1661.300048828125,1661.300048828125,1661.300048828125,1658.4000244140625,1659.0,17163
2026-04-29 09:15:00+00:00,1661.300048828125,1661.300048828125,1661.5999755859375,1660.300048828125,1661.300048828125,4352
2026-04-29 09:16:00+00:00,1661.0,1661.0,1661.800048828125,1660.5999755859375,1661.5999755859375,4926
2026-04-29 09:17:00+00:00,1661.5999755859375,1661.5999755859375,1661.5999755859375,1659.699951171875,1660.4000244140625,8347
2026-04-29 09:18:00+00:00,1662.4000244140625,1662.4000244140625,1662.800048828125,1660.9000244140625,1661.5999755859375,6062
2026-04-29 09:19:00+00:00,1662.9000244140625,1662.9000244140625,1662.9000244140625,1660.9000244140625,1662.4000244140625,9988
2026-04-29 09:20:00+00:00,1662.0999755859375,1662.0999755859375,1663.0,1661.0,1663.0,5470
2026-04-29 09:21:00+00:00,1664.0,1664.0,1664.0,1662.9000244140625,1662.9000244140625,7154
2026-04-29 09:22:00+00:00,1665.5,1665.5,1665.9000244140625,1663.9000244140625,1664.300048828125,9055
2026-04-29 09:23:00+00:00,1665.5,1665.5,1666.0,1665.199951171875,1666.0,6713
2026-04-29 09:24:00+00:00,1666.0,1666.0,1666.0,1665.0,1665.199951171875,7677
2026-04-29 09:25:00+00:00,1667.699951171875,1667.699951171875,1667.699951171875,1665.199951171875,1666.0,9795
2026-04-29 09:26:00+00:00,1667.800048828125,1667.800048828125,1668.300048828125,1666.800048828125,1667.9000244140625,11223
2026-04-29 09:27:00+00:00,1666.0999755859375,1666.0999755859375,1667.9000244140625,1666.0,1667.699951171875,7122
2026-04-29 09:28:00+00:00,1665.800048828125,1665.800048828125,1666.4000244140625,1665.0,1666.0999755859375,7808
2026-04-29 09:29:00+00:00,1663.800048828125,1663.800048828125,1665.9000244140625,1663.199951171875,1665.5999755859375,10158
2026-04-29 09:30:00+00:00,1664.300048828125,1664.300048828125,1665.4000244140625,1663.199951171875,1664.300048828125,12104
2026-04-29 09:31:00+00:00,1666.5999755859375,1666.5999755859375,1667.4000244140625,1664.300048828125,1664.300048828125,14046
2026-04-29 09:32:00+00:00,1666.4000244140625,1666.4000244140625,1666.9000244140625,1665.800048828125,1666.4000244140625,7850
2026-04-29 09:33:00+00:00,1666.4000244140625,1666.4000244140625,1666.699951171875,1665.800048828125,1665.800048828125,8543
2026-04-29 09:34:00+00:00,1665.699951171875,1665.699951171875,1666.4000244140625,1665.4000244140625,1665.9000244140625,11461
2026-04-29 09:35:00+00:00,1665.5,1665.5,1666.5,1665.0999755859375,1665.699951171875,7866
2026-04-29 09:36:00+00:00,1664.9000244140625,1664.9000244140625,1666.300048828125,1664.300048828125,1666.0999755859375,10235
2026-04-29 09:37:00+00:00,1665.0,1665.0,1665.9000244140625,1664.699951171875,1665.0,5841
2026-04-29 09:38:00+00:00,1664.0999755859375,1664.0999755859375,1666.0,1663.5,1665.0,9850
2026-04-29 09:39:00+00:00,1661.300048828125,1661.300048828125,1664.9000244140625,1661.300048828125,1663.5999755859375,13884
2026-04-29 09:40:00+00:00,1662.5,1662.5,1662.9000244140625,1661.0999755859375,1661.4000244140625,15228
2026-04-29 09:41:00+00:00,1662.0,1662.0,1663.0,1661.5999755859375,1662.5,6712
2026-04-29 09:42:00+00:00,1662.699951171875,1662.699951171875,1662.9000244140625,1661.5999755859375,1662.300048828125,12196
2026-04-29 09:43:00+00:00,1663.5999755859375,1663.5999755859375,1663.9000244140625,1661.800048828125,1662.199951171875,22495
2026-04-29 09:44:00+00:00,1660.9000244140625,1660.9000244140625,1663.800048828125,1660.5999755859375,1662.9000244140625,15240
2026-04-29 09:45:00+00:00,1660.300048828125,1660.300048828125,1661.0999755859375,1659.4000244140625,1660.5999755859375,30285
2026-04-29 09:46:00+00:00,1659.5999755859375,1659.5999755859375,1661.0,1658.5999755859375,1660.4000244140625,24087
2026-04-29 09:47:00+00:00,1659.4000244140625,1659.4000244140625,1660.5,1658.5999755859375,1659.5,16986
2026-04-29 09:48:00+00:00,1659.199951171875,1659.199951171875,1660.5,1658.699951171875,1660.0,12122
2026-04-29 09:49:00+00:00,1659.300048828125,1659.300048828125,1660.0,1659.199951171875,1659.300048828125,8411
2026-04-29 09:50:00+00:00,1658.800048828125,1658.800048828125,1659.5,1658.4000244140625,1659.5,12681
2026-04-29 09:51:00+00:00,1659.300048828125,1659.300048828125,1660.0,1658.800048828125,1658.9000244140625,12517
2026-04-29 09:52:00+00:00,1659.199951171875,1659.199951171875,1660.4000244140625,1659.199951171875,1659.300048828125,13177
2026-04-29 09:53:00+00:00,1658.9000244140625,1658.9000244140625,1660.0,1658.4000244140625,1659.199951171875,14262
2026-04-29 09:54:00+00:00,1658.5999755859375,1658.5999755859375,1660.0,1658.5,1659.199951171875,14968
2026-04-29 09:55:00+00:00,1658.300048828125,1658.300048828125,1659.5999755859375,1657.0,1658.5999755859375,20714
2026-04-29 09:56:00+00:00,1656.199951171875,1656.199951171875,1658.199951171875,1656.199951171875,1657.5,11053
2026-04-29 09:57:00+00:00,1657.5999755859375,1657.5999755859375,1658.699951171875,1656.699951171875,1657.0,9858
2026-04-29 09:58:00+00:00,1660.0,1660.0,1660.0,1657.5999755859375,1658.5999755859375,12544
2026-04-29 09:59:00+00:00,1655.0,1655.0,1659.0999755859375,1651.0999755859375,1658.699951171875,17916
2026-04-30 03:45:00+00:00,1628.300048828125,1628.300048828125,1631.300048828125,1614.300048828125,1627.9000244140625,0
2026-04-30 03:46:00+00:00,1632.5999755859375,1632.5999755859375,1635.199951171875,1625.199951171875,1630.199951171875,60992
2026-04-30 03:47:00+00:00,1631.0999755859375,1631.0999755859375,1633.9000244140625,1629.0,1630.0,27249
2026-04-30 03:48:00+00:00,1629.9000244140625,1629.9000244140625,1633.699951171875,1629.0,1632.4000244140625,22490
2026-04-30 03:49:00+00:00,1627.0,1627.0,1630.5999755859375,1626.4000244140625,1630.5999755859375,20547
2026-04-30 03:50:00+00:00,1627.800048828125,1627.800048828125,1628.800048828125,1626.0,1627.199951171875,16860
2026-04-30 03:51:00+00:00,1626.5999755859375,1626.5999755859375,1628.699951171875,1625.0,1627.300048828125,11844
2026-04-30 03:52:00+00:00,1625.5999755859375,1625.5999755859375,1628.4000244140625,1625.0,1626.9000244140625,16155
2026-04-30 03:53:00+00:00,1630.199951171875,1630.199951171875,1631.5999755859375,1626.5,1626.5,13621
2026-04-30 03:54:00+00:00,1629.9000244140625,1629.9000244140625,1634.0999755859375,1628.9000244140625,1631.0,18871
2026-04-30 03:55:00+00:00,1631.199951171875,1631.199951171875,1631.199951171875,1627.0999755859375,1630.0,24378
2026-04-30 03:56:00+00:00,1632.9000244140625,1632.9000244140625,1633.0,1629.4000244140625,1631.0,14614
2026-04-30 03:57:00+00:00,1632.699951171875,1632.699951171875,1633.800048828125,1631.9000244140625,1632.4000244140625,14531
2026-04-30 03:58:00+00:00,1635.0,1635.0,1636.0999755859375,1632.5,1633.0,32293
2026-04-30 03:59:00+00:00,1635.199951171875,1635.199951171875,1637.300048828125,1634.699951171875,1637.300048828125,17939
2026-04-30 04:00:00+00:00,1628.9000244140625,1628.9000244140625,1637.0,1628.9000244140625,1635.0,24114
2026-04-30 04:01:00+00:00,1627.699951171875,1627.699951171875,1630.300048828125,1626.0,1629.0999755859375,12737
2026-04-30 04:02:00+00:00,1629.5999755859375,1629.5999755859375,1630.0,1627.300048828125,1627.5,18052
2026-04-30 04:03:00+00:00,1626.5,1626.5,1628.800048828125,1625.0,1628.5,15007
2026-04-30 04:04:00+00:00,1628.5999755859375,1628.5999755859375,1628.5999755859375,1624.800048828125,1626.300048828125,10074
2026-04-30 04:05:00+00:00,1629.0,1629.0,1629.4000244140625,1626.0,1628.5999755859375,27255
2026-04-30 04:06:00+00:00,1628.199951171875,1628.199951171875,1629.300048828125,1624.4000244140625,1629.0999755859375,18775
2026-04-30 04:07:00+00:00,1628.699951171875,1628.699951171875,1629.199951171875,1627.0,1628.300048828125,6542
2026-04-30 04:08:00+00:00,1628.5,1628.5,1628.699951171875,1627.300048828125,1627.699951171875,6176
2026-04-30 04:09:00+00:00,1626.300048828125,1626.300048828125,1627.9000244140625,1624.5,1627.9000244140625,10613
2026-04-30 04:10:00+00:00,1626.300048828125,1626.300048828125,1626.5,1623.5,1625.800048828125,18730
2026-04-30 04:11:00+00:00,1627.4000244140625,1627.4000244140625,1629.800048828125,1626.0,1626.699951171875,12785
2026-04-30 04:12:00+00:00,1626.800048828125,1626.800048828125,1629.9000244140625,1626.199951171875,1627.800048828125,7865
2026-04-30 04:13:00+00:00,1624.699951171875,1624.699951171875,1626.4000244140625,1623.699951171875,1626.4000244140625,16347
2026-04-30 04:14:00+00:00,1626.0,1626.0,1626.0,1624.0999755859375,1624.0999755859375,46227
2026-04-30 04:15:00+00:00,1624.0,1624.0,1627.0,1623.5,1625.0,21337
2026-04-30 04:16:00+00:00,1625.699951171875,1625.699951171875,1627.5999755859375,1624.0,1624.0,19809
2026-04-30 04:17:00+00:00,1625.699951171875,1625.699951171875,1627.0,1625.0,1625.9000244140625,10705
2026-04-30 04:18:00+00:00,1624.5999755859375,1624.5999755859375,1625.699951171875,1622.199951171875,1625.699951171875,12411
2026-04-30 04:19:00+00:00,1624.4000244140625,1624.4000244140625,1626.0,1623.5,1624.9000244140625,14727
2026-04-30 04:20:00+00:00,1623.0,1623.0,1625.0,1622.300048828125,1624.199951171875,18239
2026-04-30 04:21:00+00:00,1621.5999755859375,1621.5999755859375,1622.5,1621.0999755859375,1622.0999755859375,29379
2026-04-30 04:22:00+00:00,1620.5999755859375,1620.5999755859375,1623.5,1618.0,1622.199951171875,25047
2026-04-30 04:23:00+00:00,1620.0999755859375,1620.0999755859375,1621.5999755859375,1618.0,1621.4000244140625,34068
2026-04-30 04:24:00+00:00,1620.800048828125,1620.800048828125,1621.9000244140625,1619.4000244140625,1620.0,9541
2026-04-30 04:25:00+00:00,1620.0,1620.0,1621.0,1619.5,1620.699951171875,17853
2026-04-30 04:26:00+00:00,1620.4000244140625,1620.4000244140625,1621.0,1620.300048828125,1620.800048828125,17815
2026-04-30 04:27:00+00:00,1619.300048828125,1619.300048828125,1620.4000244140625,1618.5,1620.4000244140625,30195
2026-04-30 04:28:00+00:00,1618.199951171875,1618.199951171875,1620.0,1618.199951171875,1620.0,7874
2026-04-30 04:29:00+00:00,1616.0999755859375,1616.0999755859375,1617.9000244140625,1616.0999755859375,1617.9000244140625,12974
2026-04-30 04:30:00+00:00,1611.0,1611.0,1616.300048828125,1611.0,1616.0,25683
2026-04-30 04:31:00+00:00,1610.0,1610.0,1611.0,1607.4000244140625,1611.0,22090
2026-04-30 04:32:00+00:00,1613.0,1613.0,1613.699951171875,1609.5999755859375,1609.699951171875,17666
2026-04-30 04:33:00+00:00,1613.800048828125,1613.800048828125,1614.800048828125,1612.0999755859375,1613.0999755859375,12808
2026-04-30 04:34:00+00:00,1611.0999755859375,1611.0999755859375,1614.5,1611.0,1614.199951171875,6548
2026-04-30 04:35:00+00:00,1615.5,1615.5,1617.300048828125,1610.5999755859375,1610.5999755859375,22750
2026-04-30 04:36:00+00:00,1614.4000244140625,1614.4000244140625,1616.300048828125,1613.199951171875,1615.5999755859375,36281
2026-04-30 04:37:00+00:00,1612.199951171875,1612.199951171875,1613.199951171875,1611.0999755859375,1612.9000244140625,41662
2026-04-30 04:38:00+00:00,1611.5999755859375,1611.5999755859375,1612.800048828125,1611.0999755859375,1612.800048828125,19102
2026-04-30 04:39:00+00:00,1612.199951171875,1612.199951171875,1612.199951171875,1610.0999755859375,1611.0999755859375,31082
2026-04-30 04:40:00+00:00,1612.0999755859375,1612.0999755859375,1612.9000244140625,1610.199951171875,1612.0,26501
2026-04-30 04:41:00+00:00,1610.4000244140625,1610.4000244140625,1612.699951171875,1610.300048828125,1612.5,24097
2026-04-30 04:42:00+00:00,1610.5999755859375,1610.5999755859375,1611.300048828125,1610.0999755859375,1610.5,18605
2026-04-30 04:43:00+00:00,1613.4000244140625,1613.4000244140625,1613.699951171875,1610.199951171875,1610.199951171875,5953
2026-04-30 04:44:00+00:00,1613.199951171875,1613.199951171875,1613.5,1612.5,1613.4000244140625,4904
2026-04-30 04:45:00+00:00,1616.0999755859375,1616.0999755859375,1616.5999755859375,1611.699951171875,1613.199951171875,33244
2026-04-30 04:46:00+00:00,1616.199951171875,1616.199951171875,1617.800048828125,1615.699951171875,1616.0,7680
2026-04-30 04:47:00+00:00,1614.4000244140625,1614.4000244140625,1616.199951171875,1614.0999755859375,1616.199951171875,16273
2026-04-30 04:48:00+00:00,1617.4000244140625,1617.4000244140625,1617.699951171875,1614.4000244140625,1614.4000244140625,5433
2026-04-30 04:49:00+00:00,1618.5,1618.5,1618.699951171875,1616.9000244140625,1616.9000244140625,6941
2026-04-30 04:50:00+00:00,1616.0,1616.0,1618.4000244140625,1616.0,1618.4000244140625,6277
2026-04-30 04:51:00+00:00,1616.300048828125,1616.300048828125,1617.0999755859375,1615.300048828125,1616.199951171875,4876
2026-04-30 04:52:00+00:00,1616.5,1616.5,1617.199951171875,1615.699951171875,1616.699951171875,4074
2026-04-30 04:53:00+00:00,1615.0,1615.0,1617.0,1615.0,1616.5,3582
2026-04-30 04:54:00+00:00,1616.0,1616.0,1616.0,1614.0999755859375,1615.4000244140625,4599
2026-04-30 04:55:00+00:00,1615.5999755859375,1615.5999755859375,1617.0,1615.0,1616.0,5650
2026-04-30 04:56:00+00:00,1615.199951171875,1615.199951171875,1616.0,1615.0999755859375,1615.199951171875,3558
2026-04-30 04:57:00+00:00,1616.199951171875,1616.199951171875,1616.199951171875,1615.0999755859375,1615.9000244140625,2819
2026-04-30 04:58:00+00:00,1615.699951171875,1615.699951171875,1616.9000244140625,1615.5,1615.5999755859375,2265
2026-04-30 04:59:00+00:00,1616.9000244140625,1616.9000244140625,1616.9000244140625,1615.699951171875,1616.4000244140625,2141
2026-04-30 05:00:00+00:00,1616.800048828125,1616.800048828125,1617.0,1616.0,1616.5,5804
2026-04-30 05:01:00+00:00,1619.199951171875,1619.199951171875,1619.5999755859375,1618.800048828125,1619.0,5644
2026-04-30 05:02:00+00:00,1620.0,1620.0,1620.0,1618.5999755859375,1619.199951171875,12056
2026-04-30 05:03:00+00:00,1619.699951171875,1619.699951171875,1620.0,1619.199951171875,1619.5,31956
2026-04-30 05:04:00+00:00,1622.300048828125,1622.300048828125,1622.300048828125,1619.5999755859375,1619.800048828125,59810
2026-04-30 05:05:00+00:00,1624.0,1624.0,1625.0,1622.300048828125,1622.699951171875,4754
2026-04-30 05:06:00+00:00,1625.199951171875,1625.199951171875,1625.199951171875,1624.0,1624.0,8283
2026-04-30 05:07:00+00:00,1627.5999755859375,1627.5999755859375,1627.9000244140625,1624.4000244140625,1625.199951171875,11428
2026-04-30 05:08:00+00:00,1626.5999755859375,1626.5999755859375,1627.800048828125,1626.0,1626.5,6221
2026-04-30 05:09:00+00:00,1627.800048828125,1627.800048828125,1628.9000244140625,1626.699951171875,1626.699951171875,10649
2026-04-30 05:10:00+00:00,1626.4000244140625,1626.4000244140625,1628.0,1626.4000244140625,1627.0999755859375,4527
2026-04-30 05:11:00+00:00,1627.0999755859375,1627.0999755859375,1627.5,1626.300048828125,1627.0,3574
2026-04-30 05:12:00+00:00,1629.4000244140625,1629.4000244140625,1630.0,1628.0999755859375,1628.199951171875,10815
2026-04-30 05:13:00+00:00,1628.9000244140625,1628.9000244140625,1629.5,1628.0999755859375,1629.4000244140625,3923
2026-04-30 05:14:00+00:00,1629.699951171875,1629.699951171875,1630.699951171875,1628.300048828125,1628.9000244140625,9830
2026-04-30 05:15:00+00:00,1628.0,1628.0,1630.699951171875,1628.0,1630.300048828125,6344
2026-04-30 05:16:00+00:00,1628.5,1628.5,1628.800048828125,1628.0,1628.5999755859375,1311
2026-04-30 05:17:00+00:00,1628.5,1628.5,1630.0,1628.0,1628.0,16139
2026-04-30 05:18:00+00:00,1629.0,1629.0,1629.4000244140625,1628.5,1628.5,1790
2026-04-30 05:19:00+00:00,1629.5,1629.5,1630.5,1629.199951171875,1629.199951171875,3247
2026-04-30 05:20:00+00:00,1631.5999755859375,1631.5999755859375,1631.5999755859375,1630.9000244140625,1630.9000244140625,6857
2026-04-30 05:21:00+00:00,1632.699951171875,1632.699951171875,1633.0,1631.300048828125,1631.300048828125,9339
2026-04-30 05:22:00+00:00,1632.5,1632.5,1633.199951171875,1632.0,1632.800048828125,3721
2026-04-30 05:23:00+00:00,1632.699951171875,1632.699951171875,1632.800048828125,1631.800048828125,1632.5,3560
2026-04-30 05:24:00+00:00,1631.0,1631.0,1632.800048828125,1630.0,1632.800048828125,7130
2026-04-30 05:25:00+00:00,1629.699951171875,1629.699951171875,1630.699951171875,1629.4000244140625,1630.0999755859375,3559
2026-04-30 05:26:00+00:00,1629.0,1629.0,1630.0,1629.0,1629.800048828125,1995
2026-04-30 05:27:00+00:00,1629.5,1629.5,1629.5,1628.4000244140625,1629.4000244140625,2083
2026-04-30 05:28:00+00:00,1627.9000244140625,1627.9000244140625,1630.0,1627.199951171875,1630.0,6768
2026-04-30 05:29:00+00:00,1629.0,1629.0,1629.0,1627.800048828125,1627.800048828125,5984
2026-04-30 05:30:00+00:00,1628.0,1628.0,1628.0,1627.199951171875,1627.9000244140625,2375
2026-04-30 05:31:00+00:00,1627.699951171875,1627.699951171875,1628.0,1627.199951171875,1628.0,3336
2026-04-30 05:32:00+00:00,1629.699951171875,1629.699951171875,1630.0,1627.699951171875,1627.699951171875,11904
2026-04-30 05:33:00+00:00,1628.0,1628.0,1629.5,1628.0,1629.4000244140625,2571
2026-04-30 05:34:00+00:00,1627.0,1627.0,1628.800048828125,1626.4000244140625,1628.5,3729
2026-04-30 05:35:00+00:00,1627.9000244140625,1627.9000244140625,1628.5,1626.5,1627.0,3318
2026-04-30 05:36:00+00:00,1629.0,1629.0,1629.9000244140625,1627.9000244140625,1628.5,4429
2026-04-30 05:37:00+00:00,1627.4000244140625,1627.4000244140625,1629.699951171875,1627.199951171875,1628.9000244140625,2302
2026-04-30 05:38:00+00:00,1626.699951171875,1626.699951171875,1627.5,1626.4000244140625,1627.4000244140625,4092
2026-04-30 05:39:00+00:00,1627.800048828125,1627.800048828125,1628.0,1626.5,1627.300048828125,3502
2026-04-30 05:40:00+00:00,1627.199951171875,1627.199951171875,1628.199951171875,1626.5,1627.800048828125,5160
2026-04-30 05:41:00+00:00,1627.0999755859375,1627.0999755859375,1627.0999755859375,1626.5999755859375,1627.0,1486
2026-04-30 05:42:00+00:00,1626.800048828125,1626.800048828125,1627.4000244140625,1626.699951171875,1627.0999755859375,6922
2026-04-30 05:43:00+00:00,1629.199951171875,1629.199951171875,1629.800048828125,1626.9000244140625,1627.300048828125,4356
2026-04-30 05:44:00+00:00,1629.300048828125,1629.300048828125,1629.5,1629.0,1629.5,2018
2026-04-30 05:45:00+00:00,1629.0999755859375,1629.0999755859375,1629.9000244140625,1628.0999755859375,1629.199951171875,6533
2026-04-30 05:46:00+00:00,1631.4000244140625,1631.4000244140625,1631.4000244140625,1628.300048828125,1628.9000244140625,3598
2026-04-30 05:47:00+00:00,1631.0,1631.0,1631.9000244140625,1630.300048828125,1631.9000244140625,9765
2026-04-30 05:48:00+00:00,1630.4000244140625,1630.4000244140625,1631.0999755859375,1630.0999755859375,1630.800048828125,2135
2026-04-30 05:49:00+00:00,1630.4000244140625,1630.4000244140625,1631.0,1630.0999755859375,1630.4000244140625,2762
2026-04-30 05:50:00+00:00,1630.0,1630.0,1630.300048828125,1629.4000244140625,1630.199951171875,4476
2026-04-30 05:51:00+00:00,1630.199951171875,1630.199951171875,1630.9000244140625,1629.5,1629.9000244140625,2743
2026-04-30 05:52:00+00:00,1632.0,1632.0,1632.0,1630.0999755859375,1630.5999755859375,3996
2026-04-30 05:53:00+00:00,1631.9000244140625,1631.9000244140625,1632.300048828125,1631.5,1632.199951171875,4328
2026-04-30 05:54:00+00:00,1633.5999755859375,1633.5999755859375,1633.9000244140625,1631.699951171875,1631.699951171875,6558
2026-04-30 05:55:00+00:00,1632.0,1632.0,1633.699951171875,1631.5,1633.699951171875,7342
2026-04-30 05:56:00+00:00,1632.800048828125,1632.800048828125,1632.9000244140625,1632.0,1632.0,2185
2026-04-30 05:57:00+00:00,1632.800048828125,1632.800048828125,1632.9000244140625,1632.0,1632.9000244140625,5478
2026-04-30 05:58:00+00:00,1631.699951171875,1631.699951171875,1632.800048828125,1631.199951171875,1632.800048828125,6093
2026-04-30 05:59:00+00:00,1633.9000244140625,1633.9000244140625,1633.9000244140625,1631.5,1632.0,2842
2026-04-30 06:00:00+00:00,1634.4000244140625,1634.4000244140625,1634.699951171875,1633.300048828125,1634.0,4443
2026-04-30 06:01:00+00:00,1634.0999755859375,1634.0999755859375,1634.5,1633.0999755859375,1634.5,3231
2026-04-30 06:02:00+00:00,1633.5999755859375,1633.5999755859375,1634.5,1633.4000244140625,1634.5,5257
2026-04-30 06:03:00+00:00,1634.5999755859375,1634.5999755859375,1634.800048828125,1633.699951171875,1633.800048828125,7489
2026-04-30 06:04:00+00:00,1634.5999755859375,1634.5999755859375,1634.800048828125,1634.300048828125,1634.5999755859375,2824
2026-04-30 06:05:00+00:00,1634.5,1634.5,1634.9000244140625,1633.800048828125,1634.5999755859375,5984
2026-04-30 06:06:00+00:00,1635.4000244140625,1635.4000244140625,1635.4000244140625,1634.5,1634.5,4643
2026-04-30 06:07:00+00:00,1634.5,1634.5,1635.300048828125,1634.4000244140625,1635.0999755859375,4481
2026-04-30 06:08:00+00:00,1635.5,1635.5,1637.0,1634.0999755859375,1634.0999755859375,11191
2026-04-30 06:09:00+00:00,1637.800048828125,1637.800048828125,1638.9000244140625,1635.4000244140625,1635.699951171875,13742
2026-04-30 06:10:00+00:00,1634.0999755859375,1634.0999755859375,1637.699951171875,1633.199951171875,1637.199951171875,6135
2026-04-30 06:11:00+00:00,1634.5,1634.5,1634.5,1633.300048828125,1634.199951171875,4108
2026-04-30 06:12:00+00:00,1635.4000244140625,1635.4000244140625,1635.4000244140625,1634.800048828125,1635.0,7998
2026-04-30 06:13:00+00:00,1633.9000244140625,1633.9000244140625,1635.4000244140625,1633.199951171875,1635.4000244140625,5443
2026-04-30 06:14:00+00:00,1634.199951171875,1634.199951171875,1634.9000244140625,1633.199951171875,1634.0999755859375,3206
2026-04-30 06:15:00+00:00,1632.800048828125,1632.800048828125,1634.300048828125,1632.5,1634.300048828125,4819
2026-04-30 06:16:00+00:00,1634.699951171875,1634.699951171875,1635.4000244140625,1633.4000244140625,1633.4000244140625,14363
2026-04-30 06:17:00+00:00,1635.0,1635.0,1635.800048828125,1634.699951171875,1634.699951171875,13325
2026-04-30 06:18:00+00:00,1635.5999755859375,1635.5999755859375,1637.0,1635.0,1635.0,5299
2026-04-30 06:19:00+00:00,1635.5999755859375,1635.5999755859375,1636.4000244140625,1635.0,1636.4000244140625,3713
2026-04-30 06:20:00+00:00,1635.5999755859375,1635.5999755859375,1636.4000244140625,1635.5,1635.5999755859375,4867
2026-04-30 06:21:00+00:00,1635.4000244140625,1635.4000244140625,1635.5,1634.9000244140625,1634.9000244140625,4038
2026-04-30 06:22:00+00:00,1631.199951171875,1631.199951171875,1635.5999755859375,1631.199951171875,1635.5999755859375,5870
2026-04-30 06:23:00+00:00,1631.0,1631.0,1632.5,1630.5999755859375,1631.300048828125,4151
2026-04-30 06:24:00+00:00,1629.300048828125,1629.300048828125,1630.699951171875,1629.199951171875,1630.699951171875,7336
2026-04-30 06:25:00+00:00,1629.0,1629.0,1629.300048828125,1627.300048828125,1629.300048828125,8509
2026-04-30 06:26:00+00:00,1630.0,1630.0,1630.9000244140625,1628.5999755859375,1628.5999755859375,6269
2026-04-30 06:27:00+00:00,1629.4000244140625,1629.4000244140625,1630.199951171875,1628.4000244140625,1630.199951171875,9287
2026-04-30 06:28:00+00:00,1630.0999755859375,1630.0999755859375,1630.0999755859375,1628.300048828125,1629.4000244140625,6007
2026-04-30 06:29:00+00:00,1629.9000244140625,1629.9000244140625,1631.0999755859375,1629.9000244140625,1630.4000244140625,3767
2026-04-30 06:30:00+00:00,1630.5999755859375,1630.5999755859375,1630.800048828125,1629.699951171875,1629.699951171875,2508
2026-04-30 06:31:00+00:00,1630.699951171875,1630.699951171875,1631.199951171875,1629.9000244140625,1629.9000244140625,2897
2026-04-30 06:32:00+00:00,1630.699951171875,1630.699951171875,1630.800048828125,1630.300048828125,1630.699951171875,9045
2026-04-30 06:33:00+00:00,1630.699951171875,1630.699951171875,1631.0,1630.5999755859375,1630.699951171875,3304
2026-04-30 06:34:00+00:00,1631.5,1631.5,1631.699951171875,1630.5999755859375,1630.699951171875,4791
2026-04-30 06:35:00+00:00,1632.199951171875,1632.199951171875,1632.4000244140625,1631.0,1631.0,2480
2026-04-30 06:36:00+00:00,1633.699951171875,1633.699951171875,1633.699951171875,1631.800048828125,1632.199951171875,6312
2026-04-30 06:37:00+00:00,1630.5,1630.5,1631.4000244140625,1630.0999755859375,1631.4000244140625,14385
2026-04-30 06:38:00+00:00,1630.0999755859375,1630.0999755859375,1630.5,1629.199951171875,1630.0,1926
2026-04-30 06:39:00+00:00,1630.5999755859375,1630.5999755859375,1630.9000244140625,1630.4000244140625,1630.4000244140625,2337
2026-04-30 06:40:00+00:00,1630.4000244140625,1630.4000244140625,1631.800048828125,1630.199951171875,1630.5999755859375,14823
2026-04-30 06:41:00+00:00,1631.4000244140625,1631.4000244140625,1632.0,1629.4000244140625,1630.9000244140625,9459
2026-04-30 06:42:00+00:00,1633.0,1633.0,1633.199951171875,1630.0,1630.0,36675
2026-04-30 06:43:00+00:00,1634.5,1634.5,1634.5,1631.9000244140625,1632.699951171875,3573
2026-04-30 06:44:00+00:00,1633.699951171875,1633.699951171875,1635.0,1632.800048828125,1634.199951171875,7262
2026-04-30 06:45:00+00:00,1636.9000244140625,1636.9000244140625,1636.9000244140625,1633.800048828125,1633.800048828125,5374
2026-04-30 06:46:00+00:00,1634.300048828125,1634.300048828125,1637.4000244140625,1633.9000244140625,1636.5,6519
2026-04-30 06:47:00+00:00,1633.300048828125,1633.300048828125,1635.5,1633.300048828125,1634.4000244140625,15316
2026-04-30 06:48:00+00:00,1634.0,1634.0,1635.300048828125,1634.0,1634.0,6538
2026-04-30 06:49:00+00:00,1633.0,1633.0,1635.4000244140625,1633.0,1635.0,21746
2026-04-30 06:50:00+00:00,1634.0999755859375,1634.0999755859375,1634.5,1633.5999755859375,1633.800048828125,2015
2026-04-30 06:51:00+00:00,1636.0,1636.0,1636.5999755859375,1633.699951171875,1634.199951171875,3485
2026-04-30 06:52:00+00:00,1635.0,1635.0,1635.5999755859375,1634.5999755859375,1635.5999755859375,4564
2026-04-30 06:53:00+00:00,1633.5,1633.5,1635.0,1633.5,1634.4000244140625,10547
2026-04-30 06:54:00+00:00,1635.0,1635.0,1635.0,1633.5999755859375,1633.5999755859375,7514
2026-04-30 06:55:00+00:00,1634.0,1634.0,1635.4000244140625,1633.5999755859375,1635.4000244140625,8880
2026-04-30 06:56:00+00:00,1633.800048828125,1633.800048828125,1635.0,1633.800048828125,1634.0,4671
2026-04-30 06:57:00+00:00,1632.4000244140625,1632.4000244140625,1633.0,1632.0999755859375,1632.699951171875,14465
2026-04-30 06:58:00+00:00,1632.5,1632.5,1633.0,1631.699951171875,1632.0,11754
2026-04-30 06:59:00+00:00,1630.800048828125,1630.800048828125,1632.300048828125,1630.800048828125,1632.300048828125,14518
2026-04-30 07:00:00+00:00,1629.5,1629.5,1631.9000244140625,1629.300048828125,1631.5999755859375,5946
2026-04-30 07:01:00+00:00,1629.300048828125,1629.300048828125,1629.800048828125,1628.0,1629.5,4862
2026-04-30 07:02:00+00:00,1628.800048828125,1628.800048828125,1629.0999755859375,1628.0,1629.0,1649
2026-04-30 07:03:00+00:00,1628.300048828125,1628.300048828125,1629.0,1628.199951171875,1628.199951171875,2231
2026-04-30 07:04:00+00:00,1629.0,1629.0,1629.5,1628.5999755859375,1628.5999755859375,2778
2026-04-30 07:05:00+00:00,1628.199951171875,1628.199951171875,1629.800048828125,1628.199951171875,1629.0,2795
2026-04-30 07:06:00+00:00,1629.4000244140625,1629.4000244140625,1629.4000244140625,1628.0,1628.0,1162
2026-04-30 07:07:00+00:00,1628.199951171875,1628.199951171875,1629.800048828125,1628.199951171875,1629.800048828125,2524
2026-04-30 07:08:00+00:00,1629.199951171875,1629.199951171875,1629.5,1628.5999755859375,1628.5999755859375,1882
2026-04-30 07:09:00+00:00,1629.0,1629.0,1629.699951171875,1628.699951171875,1629.0999755859375,1490
2026-04-30 07:10:00+00:00,1629.9000244140625,1629.9000244140625,1630.0,1628.800048828125,1628.800048828125,1727
2026-04-30 07:11:00+00:00,1630.0,1630.0,1630.0,1629.5,1629.9000244140625,1536
2026-04-30 07:12:00+00:00,1630.5,1630.5,1630.5,1629.9000244140625,1630.0,7894
2026-04-30 07:13:00+00:00,1630.0,1630.0,1630.5,1629.9000244140625,1630.5,1788
2026-04-30 07:14:00+00:00,1630.9000244140625,1630.9000244140625,1631.0,1630.0,1630.0,1612
2026-04-30 07:15:00+00:00,1632.300048828125,1632.300048828125,1632.5,1631.0,1631.0,4270
2026-04-30 07:16:00+00:00,1631.4000244140625,1631.4000244140625,1633.0,1630.5,1632.5,3104
2026-04-30 07:17:00+00:00,1632.199951171875,1632.199951171875,1632.199951171875,1631.0999755859375,1631.5,2250
2026-04-30 07:18:00+00:00,1632.9000244140625,1632.9000244140625,1633.5,1631.5,1631.800048828125,3235
2026-04-30 07:19:00+00:00,1632.5,1632.5,1634.0,1632.5,1633.199951171875,3570
2026-04-30 07:20:00+00:00,1632.699951171875,1632.699951171875,1632.9000244140625,1631.9000244140625,1632.5,1968
2026-04-30 07:21:00+00:00,1631.800048828125,1631.800048828125,1633.5,1631.0,1632.699951171875,2654
2026-04-30 07:22:00+00:00,1633.5,1633.5,1633.5999755859375,1632.199951171875,1632.199951171875,2994
2026-04-30 07:23:00+00:00,1633.0,1633.0,1634.0,1632.800048828125,1633.5,2065
2026-04-30 07:24:00+00:00,1634.199951171875,1634.199951171875,1634.5,1632.9000244140625,1633.0,2329
2026-04-30 07:25:00+00:00,1634.4000244140625,1634.4000244140625,1634.5,1633.9000244140625,1634.5,1921
2026-04-30 07:26:00+00:00,1634.0,1634.0,1634.300048828125,1633.800048828125,1634.0,1749
2026-04-30 07:27:00+00:00,1635.300048828125,1635.300048828125,1635.300048828125,1634.199951171875,1634.300048828125,4268
2026-04-30 07:28:00+00:00,1632.800048828125,1632.800048828125,1635.4000244140625,1632.800048828125,1634.9000244140625,2490
2026-04-30 07:29:00+00:00,1633.699951171875,1633.699951171875,1633.800048828125,1631.5,1632.9000244140625,1269
2026-04-30 07:30:00+00:00,1633.4000244140625,1633.4000244140625,1633.5999755859375,1631.800048828125,1633.300048828125,3626
2026-04-30 07:31:00+00:00,1632.9000244140625,1632.9000244140625,1634.199951171875,1632.300048828125,1633.4000244140625,3124
2026-04-30 07:32:00+00:00,1631.5999755859375,1631.5999755859375,1633.4000244140625,1631.300048828125,1633.4000244140625,1325
2026-04-30 07:33:00+00:00,1630.9000244140625,1630.9000244140625,1632.9000244140625,1630.0999755859375,1631.5999755859375,3766
2026-04-30 07:34:00+00:00,1631.9000244140625,1631.9000244140625,1632.699951171875,1630.9000244140625,1630.9000244140625,2015
2026-04-30 07:35:00+00:00,1628.5999755859375,1628.5999755859375,1631.9000244140625,1628.5999755859375,1631.9000244140625,3047
2026-04-30 07:36:00+00:00,1629.199951171875,1629.199951171875,1629.300048828125,1627.0,1627.800048828125,7475
2026-04-30 07:37:00+00:00,1628.5,1628.5,1629.0,1627.0,1628.9000244140625,11457
2026-04-30 07:38:00+00:00,1629.5,1629.5,1630.0,1628.4000244140625,1628.4000244140625,2793
2026-04-30 07:39:00+00:00,1629.199951171875,1629.199951171875,1630.0999755859375,1628.9000244140625,1629.9000244140625,3635
2026-04-30 07:40:00+00:00,1627.5,1627.5,1629.5999755859375,1627.0,1629.300048828125,10396
2026-04-30 07:41:00+00:00,1628.0,1628.0,1629.9000244140625,1627.699951171875,1628.0,4792
2026-04-30 07:42:00+00:00,1628.9000244140625,1628.9000244140625,1629.199951171875,1628.0,1628.5999755859375,1476
2026-04-30 07:43:00+00:00,1627.5,1627.5,1628.5999755859375,1627.0,1628.5999755859375,7190
2026-04-30 07:44:00+00:00,1628.0,1628.0,1628.300048828125,1627.199951171875,1627.5,2243
2026-04-30 07:45:00+00:00,1628.199951171875,1628.199951171875,1628.5,1627.300048828125,1628.0,4356
2026-04-30 07:46:00+00:00,1627.4000244140625,1627.4000244140625,1628.199951171875,1627.0,1628.199951171875,3214
2026-04-30 07:47:00+00:00,1628.199951171875,1628.199951171875,1628.300048828125,1627.0,1627.0999755859375,5280
2026-04-30 07:48:00+00:00,1627.9000244140625,1627.9000244140625,1628.300048828125,1627.4000244140625,1627.9000244140625,6942
2026-04-30 07:49:00+00:00,1627.9000244140625,1627.9000244140625,1627.9000244140625,1627.0,1627.5,1279
2026-04-30 07:50:00+00:00,1627.5999755859375,1627.5999755859375,1628.4000244140625,1627.0,1627.9000244140625,4287
2026-04-30 07:51:00+00:00,1628.0999755859375,1628.0999755859375,1628.199951171875,1627.0,1627.5999755859375,5473
2026-04-30 07:52:00+00:00,1628.199951171875,1628.199951171875,1628.4000244140625,1627.5,1628.199951171875,1684
2026-04-30 07:53:00+00:00,1628.9000244140625,1628.9000244140625,1629.0,1627.9000244140625,1628.0,2985
2026-04-30 07:54:00+00:00,1627.300048828125,1627.300048828125,1629.5,1627.0,1629.0,3832
2026-04-30 07:55:00+00:00,1627.9000244140625,1627.9000244140625,1628.199951171875,1627.0,1627.300048828125,2005
2026-04-30 07:56:00+00:00,1628.4000244140625,1628.4000244140625,1628.699951171875,1627.699951171875,1628.4000244140625,2675
2026-04-30 07:57:00+00:00,1628.0,1628.0,1629.0999755859375,1628.0,1628.4000244140625,2516
2026-04-30 07:58:00+00:00,1628.0999755859375,1628.0999755859375,1628.9000244140625,1628.0,1628.0,1803
2026-04-30 07:59:00+00:00,1627.300048828125,1627.300048828125,1628.0,1627.0999755859375,1627.9000244140625,3279
2026-04-30 08:00:00+00:00,1627.800048828125,1627.800048828125,1627.9000244140625,1627.300048828125,1627.300048828125,3870
2026-04-30 08:01:00+00:00,1627.9000244140625,1627.9000244140625,1628.0,1627.5999755859375,1627.800048828125,2280
2026-04-30 08:02:00+00:00,1627.0999755859375,1627.0999755859375,1628.199951171875,1627.0999755859375,1628.0,2068
2026-04-30 08:03:00+00:00,1629.0999755859375,1629.0999755859375,1629.199951171875,1627.5999755859375,1628.0,1596
2026-04-30 08:04:00+00:00,1628.5,1628.5,1629.199951171875,1628.199951171875,1629.199951171875,2756
2026-04-30 08:05:00+00:00,1628.9000244140625,1628.9000244140625,1630.0,1628.699951171875,1628.699951171875,6749
2026-04-30 08:06:00+00:00,1630.5,1630.5,1630.5,1628.800048828125,1628.9000244140625,5874
2026-04-30 08:07:00+00:00,1631.0,1631.0,1631.0,1630.4000244140625,1630.5,2349
2026-04-30 08:08:00+00:00,1630.5999755859375,1630.5999755859375,1631.0,1629.300048828125,1631.0,3854
2026-04-30 08:09:00+00:00,1630.699951171875,1630.699951171875,1631.0999755859375,1630.300048828125,1630.800048828125,3154
2026-04-30 08:10:00+00:00,1631.300048828125,1631.300048828125,1631.5,1630.0999755859375,1630.699951171875,1974
2026-04-30 08:11:00+00:00,1632.0999755859375,1632.0999755859375,1632.5,1631.300048828125,1631.5,5735
2026-04-30 08:12:00+00:00,1632.699951171875,1632.699951171875,1633.0,1632.699951171875,1632.699951171875,2316
2026-04-30 08:13:00+00:00,1635.0,1635.0,1636.4000244140625,1632.699951171875,1632.699951171875,23116
2026-04-30 08:14:00+00:00,1633.4000244140625,1633.4000244140625,1637.0,1633.0,1635.0,24887
2026-04-30 08:15:00+00:00,1643.0999755859375,1643.0999755859375,1645.0,1631.5999755859375,1634.0999755859375,58472
2026-04-30 08:16:00+00:00,1643.199951171875,1643.199951171875,1647.0,1641.0,1642.699951171875,44095
2026-04-30 08:17:00+00:00,1635.300048828125,1635.300048828125,1643.800048828125,1635.300048828125,1643.5,30623
2026-04-30 08:18:00+00:00,1637.5999755859375,1637.5999755859375,1639.0,1634.300048828125,1635.9000244140625,23302
2026-04-30 08:19:00+00:00,1638.0,1638.0,1639.9000244140625,1637.0999755859375,1637.800048828125,10091
2026-04-30 08:20:00+00:00,1636.699951171875,1636.699951171875,1638.800048828125,1636.0999755859375,1638.199951171875,7846
2026-04-30 08:21:00+00:00,1634.4000244140625,1634.4000244140625,1638.300048828125,1633.9000244140625,1637.5,17551
2026-04-30 08:22:00+00:00,1635.0999755859375,1635.0999755859375,1636.0,1632.0,1634.0,17157
2026-04-30 08:23:00+00:00,1635.0,1635.0,1637.199951171875,1635.0,1635.199951171875,12111
2026-04-30 08:24:00+00:00,1629.4000244140625,1629.4000244140625,1634.9000244140625,1627.800048828125,1634.9000244140625,26660
2026-04-30 08:25:00+00:00,1630.5999755859375,1630.5999755859375,1632.5999755859375,1629.4000244140625,1629.4000244140625,10933
2026-04-30 08:26:00+00:00,1630.199951171875,1630.199951171875,1631.0,1628.5,1630.5999755859375,9682
2026-04-30 08:27:00+00:00,1633.0,1633.0,1633.0,1630.0,1630.5999755859375,9030
2026-04-30 08:28:00+00:00,1636.800048828125,1636.800048828125,1637.0,1632.0999755859375,1632.9000244140625,13192
2026-04-30 08:29:00+00:00,1637.9000244140625,1637.9000244140625,1638.5,1635.800048828125,1636.699951171875,17087
2026-04-30 08:30:00+00:00,1620.0999755859375,1620.0999755859375,1638.0,1618.0999755859375,1637.5999755859375,59086
2026-04-30 08:31:00+00:00,1607.0,1607.0,1621.300048828125,1607.0,1621.0,82891
2026-04-30 08:32:00+00:00,1617.800048828125,1617.800048828125,1619.5999755859375,1601.4000244140625,1605.5,109032
2026-04-30 08:33:00+00:00,1612.800048828125,1612.800048828125,1619.0999755859375,1608.5,1618.5999755859375,47030
2026-04-30 08:34:00+00:00,1615.699951171875,1615.699951171875,1617.199951171875,1613.0,1613.0,21855
2026-04-30 08:35:00+00:00,1614.0999755859375,1614.0999755859375,1616.5999755859375,1613.199951171875,1616.5999755859375,18291
2026-04-30 08:36:00+00:00,1604.699951171875,1604.699951171875,1614.9000244140625,1601.199951171875,1614.0999755859375,52857
2026-04-30 08:37:00+00:00,1606.5,1606.5,1611.0,1602.5999755859375,1605.9000244140625,32071
2026-04-30 08:38:00+00:00,1604.800048828125,1604.800048828125,1607.199951171875,1604.4000244140625,1606.0999755859375,21946
2026-04-30 08:39:00+00:00,1605.0,1605.0,1607.699951171875,1598.0,1605.199951171875,108833
2026-04-30 08:40:00+00:00,1605.4000244140625,1605.4000244140625,1606.9000244140625,1599.9000244140625,1605.5999755859375,41171
2026-04-30 08:41:00+00:00,1604.699951171875,1604.699951171875,1607.199951171875,1602.199951171875,1603.800048828125,28919
2026-04-30 08:42:00+00:00,1602.0,1602.0,1604.9000244140625,1600.0,1604.0999755859375,20191
2026-04-30 08:43:00+00:00,1602.5,1602.5,1606.9000244140625,1602.0,1602.5,14718
2026-04-30 08:44:00+00:00,1600.0,1600.0,1602.699951171875,1598.0,1602.699951171875,37036
2026-04-30 08:45:00+00:00,1605.699951171875,1605.699951171875,1606.0999755859375,1601.0,1601.4000244140625,11972
2026-04-30 08:46:00+00:00,1605.9000244140625,1605.9000244140625,1606.699951171875,1605.5,1606.0,8751
2026-04-30 08:47:00+00:00,1603.199951171875,1603.199951171875,1606.5999755859375,1603.199951171875,1606.0,14065
2026-04-30 08:48:00+00:00,1606.300048828125,1606.300048828125,1607.0,1602.0,1603.800048828125,13687
2026-04-30 08:49:00+00:00,1605.5999755859375,1605.5999755859375,1606.5999755859375,1604.0,1606.4000244140625,6002
2026-04-30 08:50:00+00:00,1607.300048828125,1607.300048828125,1609.0999755859375,1605.199951171875,1605.5999755859375,17084
2026-04-30 08:51:00+00:00,1605.800048828125,1605.800048828125,1607.5,1604.0,1607.300048828125,10762
2026-04-30 08:52:00+00:00,1603.9000244140625,1603.9000244140625,1606.699951171875,1602.9000244140625,1606.0,10054
2026-04-30 08:53:00+00:00,1608.4000244140625,1608.4000244140625,1608.4000244140625,1603.5,1604.0,7459
2026-04-30 08:54:00+00:00,1608.300048828125,1608.300048828125,1609.0,1607.5999755859375,1608.0,6167
2026-04-30 08:55:00+00:00,1607.699951171875,1607.699951171875,1610.5,1607.199951171875,1608.4000244140625,21788
2026-04-30 08:56:00+00:00,1609.0,1609.0,1609.800048828125,1607.199951171875,1607.699951171875,4388
2026-04-30 08:57:00+00:00,1615.5,1615.5,1615.5,1609.0,1609.5,49783
2026-04-30 08:58:00+00:00,1611.0,1611.0,1615.800048828125,1611.0,1615.800048828125,32657
2026-04-30 08:59:00+00:00,1614.699951171875,1614.699951171875,1615.5,1610.699951171875,1611.0,13995
2026-04-30 09:00:00+00:00,1614.5,1614.5,1617.4000244140625,1613.199951171875,1615.5,21722
2026-04-30 09:01:00+00:00,1617.0999755859375,1617.0999755859375,1617.0999755859375,1614.0999755859375,1614.0999755859375,10912
2026-04-30 09:02:00+00:00,1618.0,1618.0,1619.300048828125,1615.5,1617.199951171875,15230
2026-04-30 09:03:00+00:00,1618.5999755859375,1618.5999755859375,1619.0,1616.699951171875,1618.300048828125,10045
2026-04-30 09:04:00+00:00,1620.0999755859375,1620.0999755859375,1620.9000244140625,1618.9000244140625,1619.0,13575
2026-04-30 09:05:00+00:00,1618.199951171875,1618.199951171875,1620.5,1618.199951171875,1620.0,10148
2026-04-30 09:06:00+00:00,1623.0,1623.0,1623.5,1618.5999755859375,1618.5999755859375,24978
2026-04-30 09:07:00+00:00,1626.0,1626.0,1626.0,1622.4000244140625,1622.4000244140625,29438
2026-04-30 09:08:00+00:00,1626.0999755859375,1626.0999755859375,1629.5999755859375,1624.0,1625.300048828125,25786
2026-04-30 09:09:00+00:00,1629.199951171875,1629.199951171875,1630.0,1626.0,1626.800048828125,11972
2026-04-30 09:10:00+00:00,1628.9000244140625,1628.9000244140625,1629.199951171875,1627.4000244140625,1629.199951171875,11290
2026-04-30 09:11:00+00:00,1627.5999755859375,1627.5999755859375,1629.4000244140625,1627.0999755859375,1629.0,8017
2026-04-30 09:12:00+00:00,1630.5999755859375,1630.5999755859375,1630.5999755859375,1627.4000244140625,1627.5,17622
2026-04-30 09:13:00+00:00,1632.0999755859375,1632.0999755859375,1632.800048828125,1630.0,1631.0999755859375,19633
2026-04-30 09:14:00+00:00,1630.300048828125,1630.300048828125,1632.699951171875,1630.0,1632.5,8265
2026-04-30 09:15:00+00:00,1625.199951171875,1625.199951171875,1631.0,1624.9000244140625,1630.5,20404
2026-04-30 09:16:00+00:00,1624.300048828125,1624.300048828125,1625.800048828125,1624.0999755859375,1625.5,13466
2026-04-30 09:17:00+00:00,1624.0,1624.0,1625.5999755859375,1624.0,1624.300048828125,13311
2026-04-30 09:18:00+00:00,1622.5,1622.5,1627.300048828125,1621.699951171875,1627.300048828125,11488
2026-04-30 09:19:00+00:00,1622.300048828125,1622.300048828125,1624.300048828125,1622.199951171875,1623.0,11313
2026-04-30 09:20:00+00:00,1618.5999755859375,1618.5999755859375,1622.5999755859375,1618.5,1622.0999755859375,25543
2026-04-30 09:21:00+00:00,1621.5,1621.5,1621.5999755859375,1618.199951171875,1618.699951171875,16144
2026-04-30 09:22:00+00:00,1621.0,1621.0,1621.699951171875,1619.5999755859375,1621.4000244140625,8217
2026-04-30 09:23:00+00:00,1623.0999755859375,1623.0999755859375,1623.0999755859375,1619.9000244140625,1622.0,8891
2026-04-30 09:24:00+00:00,1622.199951171875,1622.199951171875,1624.0999755859375,1621.9000244140625,1624.0999755859375,8527
2026-04-30 09:25:00+00:00,1621.9000244140625,1621.9000244140625,1622.699951171875,1621.0,1622.199951171875,4943
2026-04-30 09:26:00+00:00,1621.699951171875,1621.699951171875,1622.199951171875,1620.9000244140625,1621.9000244140625,5111
2026-04-30 09:27:00+00:00,1620.9000244140625,1620.9000244140625,1622.4000244140625,1619.300048828125,1621.699951171875,15223
2026-04-30 09:28:00+00:00,1620.0,1620.0,1621.300048828125,1619.699951171875,1620.800048828125,5526
2026-04-30 09:29:00+00:00,1622.800048828125,1622.800048828125,1624.699951171875,1619.5999755859375,1620.5999755859375,52829
2026-04-30 09:30:00+00:00,1625.199951171875,1625.199951171875,1627.0999755859375,1621.4000244140625,1623.4000244140625,56149
2026-04-30 09:31:00+00:00,1630.5,1630.5,1631.300048828125,1623.5999755859375,1625.4000244140625,71488
2026-04-30 09:32:00+00:00,1631.699951171875,1631.699951171875,1632.0,1627.300048828125,1631.0999755859375,55897
2026-04-30 09:33:00+00:00,1635.9000244140625,1635.9000244140625,1636.199951171875,1630.800048828125,1631.5,32532
2026-04-30 09:34:00+00:00,1637.9000244140625,1637.9000244140625,1640.0,1635.9000244140625,1636.199951171875,101542
2026-04-30 09:35:00+00:00,1639.300048828125,1639.300048828125,1640.0,1636.9000244140625,1637.4000244140625,43389
2026-04-30 09:36:00+00:00,1644.9000244140625,1644.9000244140625,1646.5999755859375,1638.199951171875,1639.4000244140625,56175
2026-04-30 09:37:00+00:00,1646.699951171875,1646.699951171875,1647.199951171875,1642.199951171875,1644.5999755859375,54103
2026-04-30 09:38:00+00:00,1647.0,1647.0,1648.0999755859375,1643.199951171875,1646.0,103114
2026-04-30 09:39:00+00:00,1644.5,1644.5,1647.0999755859375,1644.4000244140625,1646.5999755859375,42109
2026-04-30 09:40:00+00:00,1649.800048828125,1649.800048828125,1649.800048828125,1644.5999755859375,1645.0999755859375,100680
2026-04-30 09:41:00+00:00,1648.5,1648.5,1650.0,1648.4000244140625,1649.699951171875,40520
2026-04-30 09:42:00+00:00,1653.800048828125,1653.800048828125,1655.699951171875,1647.9000244140625,1648.0,130030
2026-04-30 09:43:00+00:00,1659.0,1659.0,1659.0,1652.0,1653.800048828125,49818
2026-04-30 09:44:00+00:00,1661.699951171875,1661.699951171875,1662.800048828125,1658.300048828125,1659.0999755859375,83714
2026-04-30 09:45:00+00:00,1673.300048828125,1673.300048828125,1673.300048828125,1659.4000244140625,1661.800048828125,126739
2026-04-30 09:46:00+00:00,1675.199951171875,1675.199951171875,1676.0999755859375,1670.9000244140625,1674.4000244140625,86210
2026-04-30 09:47:00+00:00,1670.9000244140625,1670.9000244140625,1675.5,1670.0,1675.5,41856
2026-04-30 09:48:00+00:00,1671.0,1671.0,1671.800048828125,1663.199951171875,1669.699951171875,66706
2026-04-30 09:49:00+00:00,1668.0999755859375,1668.0999755859375,1675.0,1668.0999755859375,1671.199951171875,108709
2026-04-30 09:50:00+00:00,1671.699951171875,1671.699951171875,1674.0999755859375,1667.300048828125,1668.0999755859375,103762
2026-04-30 09:51:00+00:00,1669.9000244140625,1669.9000244140625,1672.5999755859375,1668.800048828125,1672.300048828125,42045
2026-04-30 09:52:00+00:00,1664.699951171875,1664.699951171875,1670.0,1664.0999755859375,1669.9000244140625,57764
2026-04-30 09:53:00+00:00,1671.5,1671.5,1673.0,1665.5,1665.800048828125,50139
2026-04-30 09:54:00+00:00,1670.4000244140625,1670.4000244140625,1672.0999755859375,1669.199951171875,1671.5,51835
2026-04-30 09:55:00+00:00,1668.199951171875,1668.199951171875,1672.699951171875,1667.5,1670.300048828125,119067
2026-04-30 09:56:00+00:00,1671.5999755859375,1671.5999755859375,1672.9000244140625,1667.699951171875,1668.199951171875,51309
2026-04-30 09:57:00+00:00,1671.5999755859375,1671.5999755859375,1672.0,1669.300048828125,1671.5999755859375,27409
2026-04-30 09:58:00+00:00,1675.9000244140625,1675.9000244140625,1676.0,1670.800048828125,1671.699951171875,58122
2026-04-30 09:59:00+00:00,1657.300048828125,1657.300048828125,1676.0,1657.300048828125,1675.699951171875,24587
