Price,Adj Close,Close,High,Low,Open,Volume
Ticker,BAJFINANCE.NS,BAJFINANCE.NS,BAJFINANCE.NS,BAJFINANCE.NS,BAJFINANCE.NS,BAJFINANCE.NS
Datetime,,,,,,
2026-04-23 03:45:00+00:00,920.0,920.0,929.8499755859375,919.2000122070312,929.8499755859375,0
2026-04-23 03:46:00+00:00,919.4000244140625,919.4000244140625,920.0999755859375,917.1500244140625,919.8499755859375,88060
2026-04-23 03:47:00+00:00,919.2000122070312,919.2000122070312,920.4000244140625,919.0999755859375,919.6500244140625,54029
2026-04-23 03:48:00+00:00,919.2999877929688,919.2999877929688,920.2000122070312,919.0499877929688,919.4500122070312,59223
2026-04-23 03:49:00+00:00,917.8499755859375,917.8499755859375,919.5999755859375,917.5999755859375,919.25,77765
2026-04-23 03:50:00+00:00,921.4500122070312,921.4500122070312,921.5999755859375,917.7999877929688,917.7999877929688,39406
2026-04-23 03:51:00+00:00,920.1500244140625,920.1500244140625,921.75,919.9500122070312,921.5,44150
2026-04-23 03:52:00+00:00,919.25,919.25,920.25,918.2000122070312,920.1500244140625,28841
2026-04-23 03:53:00+00:00,919.5999755859375,919.5999755859375,919.8499755859375,919.2999877929688,919.2999877929688,37105
2026-04-23 03:54:00+00:00,920.0499877929688,920.0499877929688,920.8499755859375,919.5999755859375,919.5999755859375,37169
2026-04-23 03:55:00+00:00,920.7000122070312,920.7000122070312,920.7000122070312,919.4500122070312,920.0,36421
2026-04-23 03:56:00+00:00,921.1500244140625,921.1500244140625,922.4500122070312,920.75,920.7999877929688,48539
2026-04-23 03:57:00+00:00,922.9000244140625,922.9000244140625,922.9000244140625,921.0,921.0499877929688,24036
2026-04-23 03:58:00+00:00,923.4000244140625,923.4000244140625,923.9500122070312,922.9000244140625,923.3499755859375,19422
2026-04-23 03:59:00+00:00,922.5999755859375,922.5999755859375,923.9500122070312,922.4500122070312,923.5,40067
2026-04-23 04:00:00+00:00,922.1500244140625,922.1500244140625,922.8499755859375,921.1500244140625,922.75,47613
2026-04-23 04:01:00+00:00,922.4500122070312,922.4500122070312,924.2000122070312,922.0,922.5,51746
2026-04-23 04:02:00+00:00,922.5999755859375,922.5999755859375,922.7000122070312,921.5,922.4000244140625,27042
2026-04-23 04:03:00+00:00,920.9000244140625,920.9000244140625,922.6500244140625,920.9000244140625,922.4000244140625,23620
2026-04-23 04:04:00+00:00,921.0499877929688,921.0499877929688,921.5,920.6500244140625,920.7000122070312,12888
2026-04-23 04:05:00+00:00,920.9000244140625,920.9000244140625,921.8499755859375,920.7000122070312,920.9500122070312,10831
2026-04-23 04:06:00+00:00,920.4000244140625,920.4000244140625,920.4000244140625,920.0499877929688,920.25,12117
2026-04-23 04:07:00+00:00,920.5999755859375,920.5999755859375,920.5999755859375,920.4000244140625,920.5,14772
2026-04-23 04:08:00+00:00,920.2999877929688,920.2999877929688,920.4500122070312,919.7000122070312,920.4500122070312,28586
2026-04-23 04:09:00+00:00,920.7999877929688,920.7999877929688,921.3499755859375,920.7999877929688,921.0,15954
2026-04-23 04:10:00+00:00,919.6500244140625,919.6500244140625,920.7000122070312,919.0,920.7000122070312,14984
2026-04-23 04:11:00+00:00,921.1500244140625,921.1500244140625,921.1500244140625,920.1500244140625,920.1500244140625,10300
2026-04-23 04:12:00+00:00,920.5499877929688,920.5499877929688,921.75,920.25,921.0499877929688,11560
2026-04-23 04:13:00+00:00,920.5999755859375,920.5999755859375,921.1500244140625,920.5499877929688,920.5499877929688,10143
2026-04-23 04:14:00+00:00,920.0499877929688,920.0499877929688,920.7999877929688,920.0499877929688,920.4000244140625,12008
2026-04-23 04:15:00+00:00,921.2999877929688,921.2999877929688,921.2999877929688,920.0499877929688,920.4500122070312,9098
2026-04-23 04:16:00+00:00,921.0,921.0,921.3499755859375,920.75,921.0,15981
2026-04-23 04:17:00+00:00,921.5,921.5,922.5499877929688,921.5,921.75,32371
2026-04-23 04:18:00+00:00,921.2000122070312,921.2000122070312,921.5499877929688,920.5999755859375,921.2999877929688,16543
2026-04-23 04:19:00+00:00,922.4500122070312,922.4500122070312,922.4500122070312,921.0999755859375,921.2000122070312,9623
2026-04-23 04:20:00+00:00,922.7999877929688,922.7999877929688,924.0,922.0,922.0,42155
2026-04-23 04:21:00+00:00,923.0,923.0,924.2000122070312,922.5999755859375,922.5999755859375,23289
2026-04-23 04:22:00+00:00,923.7999877929688,923.7999877929688,924.0,922.75,922.75,20988
2026-04-23 04:23:00+00:00,924.25,924.25,925.0499877929688,923.75,923.75,22938
2026-04-23 04:24:00+00:00,923.8499755859375,923.8499755859375,924.7000122070312,923.5499877929688,924.25,17300
2026-04-23 04:25:00+00:00,923.8499755859375,923.8499755859375,924.3499755859375,923.25,923.8499755859375,26799
2026-04-23 04:26:00+00:00,924.0,924.0,924.0,923.25,923.9500122070312,13450
2026-04-23 04:27:00+00:00,923.75,923.75,924.5,923.6500244140625,924.0,26924
2026-04-23 04:28:00+00:00,924.0,924.0,924.0,923.2000122070312,923.5999755859375,13623
2026-04-23 04:29:00+00:00,924.0,924.0,924.0999755859375,923.4500122070312,923.7000122070312,11919
2026-04-23 04:30:00+00:00,923.4000244140625,923.4000244140625,924.4000244140625,923.4000244140625,924.0,11939
2026-04-23 04:31:00+00:00,923.1500244140625,923.1500244140625,923.6500244140625,922.5,923.0,11583
2026-04-23 04:32:00+00:00,923.6500244140625,923.6500244140625,923.6500244140625,922.9500122070312,923.1500244140625,6359
2026-04-23 04:33:00+00:00,922.9500122070312,922.9500122070312,924.2999877929688,922.7999877929688,923.9500122070312,17725
2026-04-23 04:34:00+00:00,923.5,923.5,924.2000122070312,923.25,923.25,30099
2026-04-23 04:35:00+00:00,923.6500244140625,923.6500244140625,923.7999877929688,923.0999755859375,923.6500244140625,6117
2026-04-23 04:36:00+00:00,923.0,923.0,923.75,922.9000244140625,923.7000122070312,12624
2026-04-23 04:37:00+00:00,922.0,922.0,923.5,922.0,923.0,7606
2026-04-23 04:38:00+00:00,921.0,921.0,922.0,920.75,922.0,21266
2026-04-23 04:39:00+00:00,920.0999755859375,920.0999755859375,920.7999877929688,919.7000122070312,920.5999755859375,60503
2026-04-23 04:40:00+00:00,919.5999755859375,919.5999755859375,920.4000244140625,919.25,920.4000244140625,23111
2026-04-23 04:41:00+00:00,919.5499877929688,919.5499877929688,920.0,919.4000244140625,919.7000122070312,13318
2026-04-23 04:42:00+00:00,918.5499877929688,918.5499877929688,919.0999755859375,918.2999877929688,919.0999755859375,29510
2026-04-23 04:43:00+00:00,918.0999755859375,918.0999755859375,919.0,918.0499877929688,918.5999755859375,15698
2026-04-23 04:44:00+00:00,919.7999877929688,919.7999877929688,919.8499755859375,917.7000122070312,918.0499877929688,21974
2026-04-23 04:45:00+00:00,917.8499755859375,917.8499755859375,920.0,917.7000122070312,920.0,32962
2026-04-23 04:46:00+00:00,918.0,918.0,918.0,917.7000122070312,917.9000244140625,59427
2026-04-23 04:47:00+00:00,917.75,917.75,918.4000244140625,917.5,917.9500122070312,27278
2026-04-23 04:48:00+00:00,917.5499877929688,917.5499877929688,917.75,917.3499755859375,917.7000122070312,15010
2026-04-23 04:49:00+00:00,917.9500122070312,917.9500122070312,918.1500244140625,917.5,917.5999755859375,17681
2026-04-23 04:50:00+00:00,917.3499755859375,917.3499755859375,918.0,917.0999755859375,918.0,64492
2026-04-23 04:51:00+00:00,917.1500244140625,917.1500244140625,917.7999877929688,917.1500244140625,917.3499755859375,7423
2026-04-23 04:52:00+00:00,917.5,917.5,917.5,917.0999755859375,917.0999755859375,7344
2026-04-23 04:53:00+00:00,917.7999877929688,917.7999877929688,917.9000244140625,917.5999755859375,917.8499755859375,9033
2026-04-23 04:54:00+00:00,917.5,917.5,918.0,917.5,917.9000244140625,9660
2026-04-23 04:55:00+00:00,918.0,918.0,918.0,917.2999877929688,917.3499755859375,9211
2026-04-23 04:56:00+00:00,917.8499755859375,917.8499755859375,918.5999755859375,917.7999877929688,917.7999877929688,29852
2026-04-23 04:57:00+00:00,918.0,918.0,918.3499755859375,917.7999877929688,917.9000244140625,12238
2026-04-23 04:58:00+00:00,917.4500122070312,917.4500122070312,918.0,917.4500122070312,917.8499755859375,11706
2026-04-23 04:59:00+00:00,917.4500122070312,917.4500122070312,917.5499877929688,917.3499755859375,917.4000244140625,5146
2026-04-23 05:00:00+00:00,916.5999755859375,916.5999755859375,917.5,916.5999755859375,917.5,27857
2026-04-23 05:01:00+00:00,916.2999877929688,916.2999877929688,916.8499755859375,916.2999877929688,916.5999755859375,11589
2026-04-23 05:02:00+00:00,916.1500244140625,916.1500244140625,916.5,916.1500244140625,916.4000244140625,16434
2026-04-23 05:03:00+00:00,915.5499877929688,915.5499877929688,916.0499877929688,915.25,916.0499877929688,30755
2026-04-23 05:04:00+00:00,915.7999877929688,915.7999877929688,916.0499877929688,915.3499755859375,915.5999755859375,11380
2026-04-23 05:05:00+00:00,914.8499755859375,914.8499755859375,915.9000244140625,914.1500244140625,915.9000244140625,77474
2026-04-23 05:06:00+00:00,915.25,915.25,915.6500244140625,915.0,915.0999755859375,17516
2026-04-23 05:07:00+00:00,913.8499755859375,913.8499755859375,915.0999755859375,913.8499755859375,915.0,33971
2026-04-23 05:08:00+00:00,913.0999755859375,913.0999755859375,914.75,913.0999755859375,913.5999755859375,17754
2026-04-23 05:09:00+00:00,912.6500244140625,912.6500244140625,913.4000244140625,912.5,913.2999877929688,34562
2026-04-23 05:10:00+00:00,912.7000122070312,912.7000122070312,912.75,912.0999755859375,912.6500244140625,15450
2026-04-23 05:11:00+00:00,913.4000244140625,913.4000244140625,913.5999755859375,912.7000122070312,912.7000122070312,29776
2026-04-23 05:12:00+00:00,913.2999877929688,913.2999877929688,913.5999755859375,912.8499755859375,913.3499755859375,24107
2026-04-23 05:13:00+00:00,913.1500244140625,913.1500244140625,913.4000244140625,912.5999755859375,913.2000122070312,7832
2026-04-23 05:14:00+00:00,913.3499755859375,913.3499755859375,913.5999755859375,913.0,913.0,8567
2026-04-23 05:15:00+00:00,913.6500244140625,913.6500244140625,913.6500244140625,913.2999877929688,913.4000244140625,7532
2026-04-23 05:16:00+00:00,912.0999755859375,912.0999755859375,913.5,912.0999755859375,913.5,23018
2026-04-23 05:17:00+00:00,912.3499755859375,912.3499755859375,912.5,911.3499755859375,912.2999877929688,44503
2026-04-23 05:18:00+00:00,912.25,912.25,912.9000244140625,911.8499755859375,912.0499877929688,27302
2026-04-23 05:19:00+00:00,911.9000244140625,911.9000244140625,912.8499755859375,911.5999755859375,912.2999877929688,14432
2026-04-23 05:20:00+00:00,911.5999755859375,911.5999755859375,911.8499755859375,911.0999755859375,911.5999755859375,9340
2026-04-23 05:21:00+00:00,910.0,910.0,911.9000244140625,909.4000244140625,911.9000244140625,52524
2026-04-23 05:22:00+00:00,909.9000244140625,909.9000244140625,910.5,909.75,910.2000122070312,12300
2026-04-23 05:23:00+00:00,910.5,910.5,910.5,909.5499877929688,910.0,12101
2026-04-23 05:24:00+00:00,910.3499755859375,910.3499755859375,910.5499877929688,910.0499877929688,910.25,29699
2026-04-23 05:25:00+00:00,910.5,910.5,911.9000244140625,910.2000122070312,910.2999877929688,15004
2026-04-23 05:26:00+00:00,910.3499755859375,910.3499755859375,911.0499877929688,910.25,910.5,10655
2026-04-23 05:27:00+00:00,910.3499755859375,910.3499755859375,910.7999877929688,910.0999755859375,910.4000244140625,23634
2026-04-23 05:28:00+00:00,911.1500244140625,911.1500244140625,911.2000122070312,910.2000122070312,910.2999877929688,6840
2026-04-23 05:29:00+00:00,911.25,911.25,911.7999877929688,911.0,911.0,8896
2026-04-23 05:30:00+00:00,912.0499877929688,912.0499877929688,912.0499877929688,911.1500244140625,911.25,81084
2026-04-23 05:31:00+00:00,912.5999755859375,912.5999755859375,912.7000122070312,912.0,912.0,51831
2026-04-23 05:32:00+00:00,912.1500244140625,912.1500244140625,913.2000122070312,912.0499877929688,912.5,13332
2026-04-23 05:33:00+00:00,912.4500122070312,912.4500122070312,912.75,912.0,912.25,7545
2026-04-23 05:34:00+00:00,912.9500122070312,912.9500122070312,913.0499877929688,912.4000244140625,912.5499877929688,10276
2026-04-23 05:35:00+00:00,913.5,913.5,913.5,913.2000122070312,913.2000122070312,9944
2026-04-23 05:36:00+00:00,913.0499877929688,913.0499877929688,913.5,913.0,913.4000244140625,9247
2026-04-23 05:37:00+00:00,913.0,913.0,913.2999877929688,913.0,913.1500244140625,6930
2026-04-23 05:38:00+00:00,913.25,913.25,913.4000244140625,913.0999755859375,913.25,6026
2026-04-23 05:39:00+00:00,913.3499755859375,913.3499755859375,913.7000122070312,913.1500244140625,913.2999877929688,4168
2026-04-23 05:40:00+00:00,913.9000244140625,913.9000244140625,914.0,913.5999755859375,913.5999755859375,9135
2026-04-23 05:41:00+00:00,913.2000122070312,913.2000122070312,914.0,913.0499877929688,913.9000244140625,30465
2026-04-23 05:42:00+00:00,912.5999755859375,912.5999755859375,913.5,912.5,913.4500122070312,26412
2026-04-23 05:43:00+00:00,912.9500122070312,912.9500122070312,913.0499877929688,912.5,912.5,20752
2026-04-23 05:44:00+00:00,912.75,912.75,913.1500244140625,912.7000122070312,913.0499877929688,13839
2026-04-23 05:45:00+00:00,912.75,912.75,913.0,912.5,912.75,13827
2026-04-23 05:46:00+00:00,913.2000122070312,913.2000122070312,913.5,912.7000122070312,912.75,5938
2026-04-23 05:47:00+00:00,913.7999877929688,913.7999877929688,913.9500122070312,913.2000122070312,913.2000122070312,4997
2026-04-23 05:48:00+00:00,913.25,913.25,913.8499755859375,913.0,913.8499755859375,7554
2026-04-23 05:49:00+00:00,913.1500244140625,913.1500244140625,913.5999755859375,913.0,913.3499755859375,6877
2026-04-23 05:50:00+00:00,913.3499755859375,913.3499755859375,913.8499755859375,913.0999755859375,913.1500244140625,7494
2026-04-23 05:51:00+00:00,913.5999755859375,913.5999755859375,913.8499755859375,913.3499755859375,913.4500122070312,3233
2026-04-23 05:52:00+00:00,913.9000244140625,913.9000244140625,914.2000122070312,913.4000244140625,913.5999755859375,7760
2026-04-23 05:53:00+00:00,913.5499877929688,913.5499877929688,914.1500244140625,913.3499755859375,914.1500244140625,21945
2026-04-23 05:54:00+00:00,913.3499755859375,913.3499755859375,913.7000122070312,913.0,913.5999755859375,49771
2026-04-23 05:55:00+00:00,913.5499877929688,913.5499877929688,914.0,912.5,913.2000122070312,119663
2026-04-23 05:56:00+00:00,913.2999877929688,913.2999877929688,913.7999877929688,913.0499877929688,913.5499877929688,16292
2026-04-23 05:57:00+00:00,913.1500244140625,913.1500244140625,913.5,912.5999755859375,913.3499755859375,14474
2026-04-23 05:58:00+00:00,913.2000122070312,913.2000122070312,913.5,913.0,913.4000244140625,20279
2026-04-23 05:59:00+00:00,912.6500244140625,912.6500244140625,913.4000244140625,912.5999755859375,913.2000122070312,12963
2026-04-23 06:00:00+00:00,912.9000244140625,912.9000244140625,913.0,912.5,912.6500244140625,8552
2026-04-23 06:01:00+00:00,913.4000244140625,913.4000244140625,913.4000244140625,912.75,913.0,5450
2026-04-23 06:02:00+00:00,912.0,912.0,913.4000244140625,912.0,913.4000244140625,12079
2026-04-23 06:03:00+00:00,912.4500122070312,912.4500122070312,913.0,911.2999877929688,912.1500244140625,28475
2026-04-23 06:04:00+00:00,912.4500122070312,912.4500122070312,912.7999877929688,912.3499755859375,912.4500122070312,24497
2026-04-23 06:05:00+00:00,912.25,912.25,912.4000244140625,912.0499877929688,912.4000244140625,22265
2026-04-23 06:06:00+00:00,912.4500122070312,912.4500122070312,912.5999755859375,912.25,912.25,13790
2026-04-23 06:07:00+00:00,911.25,911.25,912.3499755859375,911.25,912.25,45387
2026-04-23 06:08:00+00:00,912.6500244140625,912.6500244140625,912.6500244140625,911.2999877929688,911.2999877929688,36309
2026-04-23 06:09:00+00:00,912.5499877929688,912.5499877929688,912.7999877929688,912.5,912.5999755859375,29877
2026-04-23 06:10:00+00:00,912.1500244140625,912.1500244140625,912.5999755859375,911.75,912.5,57220
2026-04-23 06:11:00+00:00,911.0,911.0,912.2999877929688,910.9000244140625,912.0,22577
2026-04-23 06:12:00+00:00,910.6500244140625,910.6500244140625,911.0,910.5499877929688,911.0,9735
2026-04-23 06:13:00+00:00,910.8499755859375,910.8499755859375,911.0999755859375,910.2999877929688,910.5,22234
2026-04-23 06:14:00+00:00,910.7999877929688,910.7999877929688,910.9500122070312,910.5999755859375,910.7000122070312,3908
2026-04-23 06:15:00+00:00,911.0,911.0,911.0,910.5999755859375,910.8499755859375,27794
2026-04-23 06:16:00+00:00,910.5,910.5,911.0499877929688,910.4000244140625,911.0,9259
2026-04-23 06:17:00+00:00,910.5999755859375,910.5999755859375,910.8499755859375,909.7000122070312,910.5999755859375,48811
2026-04-23 06:18:00+00:00,911.25,911.25,911.25,910.3499755859375,910.3499755859375,14984
2026-04-23 06:19:00+00:00,911.0999755859375,911.0999755859375,911.3499755859375,910.9000244140625,910.9000244140625,23002
2026-04-23 06:20:00+00:00,911.1500244140625,911.1500244140625,911.2999877929688,911.0499877929688,911.0499877929688,14796
2026-04-23 06:21:00+00:00,911.25,911.25,911.25,911.0499877929688,911.2000122070312,21977
2026-04-23 06:22:00+00:00,911.25,911.25,911.4000244140625,911.2000122070312,911.2000122070312,54671
2026-04-23 06:23:00+00:00,911.25,911.25,911.5999755859375,911.0999755859375,911.2999877929688,86173
2026-04-23 06:24:00+00:00,910.8499755859375,910.8499755859375,911.25,910.7999877929688,911.1500244140625,51433
2026-04-23 06:25:00+00:00,910.5499877929688,910.5499877929688,911.0,910.5,910.8499755859375,18260
2026-04-23 06:26:00+00:00,910.7000122070312,910.7000122070312,910.9500122070312,910.6500244140625,910.7000122070312,3087
2026-04-23 06:27:00+00:00,911.1500244140625,911.1500244140625,911.4500122070312,910.5999755859375,910.7000122070312,7252
2026-04-23 06:28:00+00:00,911.0999755859375,911.0999755859375,911.25,910.9000244140625,911.0499877929688,9860
2026-04-23 06:29:00+00:00,911.0999755859375,911.0999755859375,911.4000244140625,911.0,911.0999755859375,5038
2026-04-23 06:30:00+00:00,910.5999755859375,910.5999755859375,911.0499877929688,910.5999755859375,911.0499877929688,12895
2026-04-23 06:31:00+00:00,910.2999877929688,910.2999877929688,910.6500244140625,910.2000122070312,910.6500244140625,8582
2026-04-23 06:32:00+00:00,910.7999877929688,910.7999877929688,910.9000244140625,910.7000122070312,910.7000122070312,5189
2026-04-23 06:33:00+00:00,910.6500244140625,910.6500244140625,910.7000122070312,910.5,910.7000122070312,3602
2026-04-23 06:34:00+00:00,910.5,910.5,910.6500244140625,910.5,910.5999755859375,4003
2026-04-23 06:35:00+00:00,910.75,910.75,911.0,910.5,910.6500244140625,3619
2026-04-23 06:36:00+00:00,910.7000122070312,910.7000122070312,911.0999755859375,910.5999755859375,911.0999755859375,5023
2026-04-23 06:37:00+00:00,911.2000122070312,911.2000122070312,911.5,910.4000244140625,910.5,11086
2026-04-23 06:38:00+00:00,911.0499877929688,911.0499877929688,911.2999877929688,911.0,911.1500244140625,3577
2026-04-23 06:39:00+00:00,911.2999877929688,911.2999877929688,911.2999877929688,910.75,911.0999755859375,15033
2026-04-23 06:40:00+00:00,910.6500244140625,910.6500244140625,911.2000122070312,910.5,911.2000122070312,45243
2026-04-23 06:41:00+00:00,911.5,911.5,911.5499877929688,910.5499877929688,910.5499877929688,39315
2026-04-23 06:42:00+00:00,911.25,911.25,911.5499877929688,911.0499877929688,911.5,63496
2026-04-23 06:43:00+00:00,911.2999877929688,911.2999877929688,911.5499877929688,911.0499877929688,911.25,11092
2026-04-23 06:44:00+00:00,911.1500244140625,911.1500244140625,911.5,911.1500244140625,911.3499755859375,8512
2026-04-23 06:45:00+00:00,911.25,911.25,911.4000244140625,911.0999755859375,911.1500244140625,7504
2026-04-23 06:46:00+00:00,911.3499755859375,911.3499755859375,911.4000244140625,911.0,911.0,11047
2026-04-23 06:47:00+00:00,911.25,911.25,911.4000244140625,911.25,911.3499755859375,14136
2026-04-23 06:48:00+00:00,911.2000122070312,911.2000122070312,911.4500122070312,911.2000122070312,911.25,9061
2026-04-23 06:49:00+00:00,910.8499755859375,910.8499755859375,911.25,910.6500244140625,911.25,14877
2026-04-23 06:50:00+00:00,911.1500244140625,911.1500244140625,911.2000122070312,910.7999877929688,911.0,6403
2026-04-23 06:51:00+00:00,911.3499755859375,911.3499755859375,911.4000244140625,911.0499877929688,911.2000122070312,6584
2026-04-23 06:52:00+00:00,911.4000244140625,911.4000244140625,911.4500122070312,911.2000122070312,911.2000122070312,20976
2026-04-23 06:53:00+00:00,911.4500122070312,911.4500122070312,911.4500122070312,911.2000122070312,911.3499755859375,26306
2026-04-23 06:54:00+00:00,911.2999877929688,911.2999877929688,911.5,911.25,911.2999877929688,89604
2026-04-23 06:55:00+00:00,911.0999755859375,911.0999755859375,911.4000244140625,911.0999755859375,911.4000244140625,14824
2026-04-23 06:56:00+00:00,910.3499755859375,910.3499755859375,911.2999877929688,910.3499755859375,911.0999755859375,21193
2026-04-23 06:57:00+00:00,910.5999755859375,910.5999755859375,910.7999877929688,910.2999877929688,910.2999877929688,7152
2026-04-23 06:58:00+00:00,915.5999755859375,915.5999755859375,916.0499877929688,910.3499755859375,910.4500122070312,740248
2026-04-23 06:59:00+00:00,915.9500122070312,915.9500122070312,916.9500122070312,915.5499877929688,915.5499877929688,47733
2026-04-23 07:00:00+00:00,915.5499877929688,915.5499877929688,915.9500122070312,915.1500244140625,915.9000244140625,19502
2026-04-23 07:01:00+00:00,915.1500244140625,915.1500244140625,916.25,915.1500244140625,915.5499877929688,42224
2026-04-23 07:02:00+00:00,914.9500122070312,914.9500122070312,915.3499755859375,914.7000122070312,915.1500244140625,21292
2026-04-23 07:03:00+00:00,916.2000122070312,916.2000122070312,916.2999877929688,915.0,915.0,19847
2026-04-23 07:04:00+00:00,916.25,916.25,916.4000244140625,916.1500244140625,916.2000122070312,6261
2026-04-23 07:05:00+00:00,916.4000244140625,916.4000244140625,916.5,916.25,916.25,10110
2026-04-23 07:06:00+00:00,916.25,916.25,916.5,916.2000122070312,916.2999877929688,19630
2026-04-23 07:07:00+00:00,916.4500122070312,916.4500122070312,916.5,916.3499755859375,916.5,22241
2026-04-23 07:08:00+00:00,917.9500122070312,917.9500122070312,917.9500122070312,916.3499755859375,916.5,75524
2026-04-23 07:09:00+00:00,918.4500122070312,918.4500122070312,918.8499755859375,918.1500244140625,918.4000244140625,46487
2026-04-23 07:10:00+00:00,919.25,919.25,919.8499755859375,918.4500122070312,918.5,38157
2026-04-23 07:11:00+00:00,918.0499877929688,918.0499877929688,919.1500244140625,918.0,919.0499877929688,16471
2026-04-23 07:12:00+00:00,918.1500244140625,918.1500244140625,918.2000122070312,918.0,918.0499877929688,9528
2026-04-23 07:13:00+00:00,918.7000122070312,918.7000122070312,919.0999755859375,918.1500244140625,918.1500244140625,18073
2026-04-23 07:14:00+00:00,919.0,919.0,919.2000122070312,918.5499877929688,918.7000122070312,25830
2026-04-23 07:15:00+00:00,918.3499755859375,918.3499755859375,919.25,918.25,918.9500122070312,12087
2026-04-23 07:16:00+00:00,918.6500244140625,918.6500244140625,918.7999877929688,918.4000244140625,918.4000244140625,9637
2026-04-23 07:17:00+00:00,918.75,918.75,918.7999877929688,918.5,918.6500244140625,6519
2026-04-23 07:18:00+00:00,917.6500244140625,917.6500244140625,918.7999877929688,917.5,918.75,63422
2026-04-23 07:19:00+00:00,917.7999877929688,917.7999877929688,918.0,917.25,917.7000122070312,115569
2026-04-23 07:20:00+00:00,915.7999877929688,915.7999877929688,918.2000122070312,915.75,918.0,34526
2026-04-23 07:21:00+00:00,915.2000122070312,915.2000122070312,915.4500122070312,914.9500122070312,915.4000244140625,133227
2026-04-23 07:22:00+00:00,916.2999877929688,916.2999877929688,916.3499755859375,914.9500122070312,915.0,21409
2026-04-23 07:23:00+00:00,917.1500244140625,917.1500244140625,917.2000122070312,916.2000122070312,916.25,8263
2026-04-23 07:24:00+00:00,917.1500244140625,917.1500244140625,917.25,916.5999755859375,917.1500244140625,10552
2026-04-23 07:25:00+00:00,918.1500244140625,918.1500244140625,918.2000122070312,917.0999755859375,917.2000122070312,8027
2026-04-23 07:26:00+00:00,918.2000122070312,918.2000122070312,918.5,918.0,918.2999877929688,15014
2026-04-23 07:27:00+00:00,918.5999755859375,918.5999755859375,918.7999877929688,918.25,918.3499755859375,13346
2026-04-23 07:28:00+00:00,918.9000244140625,918.9000244140625,919.2000122070312,918.5999755859375,918.6500244140625,13171
2026-04-23 07:29:00+00:00,919.5499877929688,919.5499877929688,919.7999877929688,919.0499877929688,919.0499877929688,20675
2026-04-23 07:30:00+00:00,919.6500244140625,919.6500244140625,919.75,919.0999755859375,919.5,14657
2026-04-23 07:31:00+00:00,919.5999755859375,919.5999755859375,919.8499755859375,919.5999755859375,919.6500244140625,15164
2026-04-23 07:32:00+00:00,918.7000122070312,918.7000122070312,919.4500122070312,918.5999755859375,919.0,20551
2026-04-23 07:33:00+00:00,918.7000122070312,918.7000122070312,918.9000244140625,918.4000244140625,918.7000122070312,13350
2026-04-23 07:34:00+00:00,918.4500122070312,918.4500122070312,918.5,918.1500244140625,918.5,14182
2026-04-23 07:35:00+00:00,918.4500122070312,918.4500122070312,918.4500122070312,918.0,918.25,12860
2026-04-23 07:36:00+00:00,917.4000244140625,917.4000244140625,918.4000244140625,917.1500244140625,918.4000244140625,20985
2026-04-23 07:37:00+00:00,916.9500122070312,916.9500122070312,917.7000122070312,916.3499755859375,917.1500244140625,13517
2026-04-23 07:38:00+00:00,917.0,917.0,917.2999877929688,916.4000244140625,916.9000244140625,11815
2026-04-23 07:39:00+00:00,917.0,917.0,917.25,916.4500122070312,917.0,13979
2026-04-23 07:40:00+00:00,916.75,916.75,917.0,916.3499755859375,917.0,7786
2026-04-23 07:41:00+00:00,918.0499877929688,918.0499877929688,918.2000122070312,916.5499877929688,916.7999877929688,43795
2026-04-23 07:42:00+00:00,918.0,918.0,918.2000122070312,917.5,918.0999755859375,8395
2026-04-23 07:43:00+00:00,918.0499877929688,918.0499877929688,918.1500244140625,917.6500244140625,918.0999755859375,11470
2026-04-23 07:44:00+00:00,918.9000244140625,918.9000244140625,918.9500122070312,918.0,918.0,11473
2026-04-23 07:45:00+00:00,918.5999755859375,918.5999755859375,918.9500122070312,918.5999755859375,918.7999877929688,9322
2026-04-23 07:46:00+00:00,917.8499755859375,917.8499755859375,918.6500244140625,917.8499755859375,918.4500122070312,7740
2026-04-23 07:47:00+00:00,917.5499877929688,917.5499877929688,918.1500244140625,917.25,917.8499755859375,17546
2026-04-23 07:48:00+00:00,917.0,917.0,917.5,916.5999755859375,917.5,12845
2026-04-23 07:49:00+00:00,917.7000122070312,917.7000122070312,917.8499755859375,916.9000244140625,917.0499877929688,26582
2026-04-23 07:50:00+00:00,917.5999755859375,917.5999755859375,917.9000244140625,916.9000244140625,917.7000122070312,24210
2026-04-23 07:51:00+00:00,917.5999755859375,917.5999755859375,917.75,917.4500122070312,917.6500244140625,13766
2026-04-23 07:52:00+00:00,917.1500244140625,917.1500244140625,917.5,916.75,917.5,42745
2026-04-23 07:53:00+00:00,917.5999755859375,917.5999755859375,917.6500244140625,917.0,917.1500244140625,25444
2026-04-23 07:54:00+00:00,917.5999755859375,917.5999755859375,917.8499755859375,917.1500244140625,917.6500244140625,21173
2026-04-23 07:55:00+00:00,917.6500244140625,917.6500244140625,917.7999877929688,917.4000244140625,917.4500122070312,15732
2026-04-23 07:56:00+00:00,917.75,917.75,917.75,917.0499877929688,917.6500244140625,11664
2026-04-23 07:57:00+00:00,918.7999877929688,918.7999877929688,918.9000244140625,917.75,917.7999877929688,12116
2026-04-23 07:58:00+00:00,919.25,919.25,919.3499755859375,918.1500244140625,919.0999755859375,13350
2026-04-23 07:59:00+00:00,919.7000122070312,919.7000122070312,919.8499755859375,919.0,919.0,20710
2026-04-23 08:00:00+00:00,919.0999755859375,919.0999755859375,919.9500122070312,919.0,919.75,10666
2026-04-23 08:01:00+00:00,918.75,918.75,919.25,918.5499877929688,919.0499877929688,9191
2026-04-23 08:02:00+00:00,918.4500122070312,918.4500122070312,918.75,918.0,918.6500244140625,14824
2026-04-23 08:03:00+00:00,918.4500122070312,918.4500122070312,918.9000244140625,918.1500244140625,918.7000122070312,6614
2026-04-23 08:04:00+00:00,917.9000244140625,917.9000244140625,918.5,917.75,918.1500244140625,8059
2026-04-23 08:05:00+00:00,917.5,917.5,918.0,917.2000122070312,917.8499755859375,11114
2026-04-23 08:06:00+00:00,917.6500244140625,917.6500244140625,917.8499755859375,917.3499755859375,917.5999755859375,7203
2026-04-23 08:07:00+00:00,916.0,916.0,917.8499755859375,915.6500244140625,917.6500244140625,31757
2026-04-23 08:08:00+00:00,915.2999877929688,915.2999877929688,915.9000244140625,915.2999877929688,915.8499755859375,13146
2026-04-23 08:09:00+00:00,915.2999877929688,915.2999877929688,915.5,914.9000244140625,915.3499755859375,60405
2026-04-23 08:10:00+00:00,917.2000122070312,917.2000122070312,917.4500122070312,915.2999877929688,915.4000244140625,13942
2026-04-23 08:11:00+00:00,917.0,917.0,917.5,916.5499877929688,917.5,12428
2026-04-23 08:12:00+00:00,917.9000244140625,917.9000244140625,917.9000244140625,916.9500122070312,917.25,15293
2026-04-23 08:13:00+00:00,917.5999755859375,917.5999755859375,918.4000244140625,917.4500122070312,917.7999877929688,12490
2026-04-23 08:14:00+00:00,917.4500122070312,917.4500122070312,917.8499755859375,917.1500244140625,917.8499755859375,6931
2026-04-23 08:15:00+00:00,917.75,917.75,917.75,917.2999877929688,917.7000122070312,11191
2026-04-23 08:16:00+00:00,918.2000122070312,918.2000122070312,918.25,917.7999877929688,918.0,8314
2026-04-23 08:17:00+00:00,918.5499877929688,918.5499877929688,918.5999755859375,918.0,918.2000122070312,7519
2026-04-23 08:18:00+00:00,919.0,919.0,919.0,918.5499877929688,918.5999755859375,14754
2026-04-23 08:19:00+00:00,918.6500244140625,918.6500244140625,919.0,918.0499877929688,918.7999877929688,10498
2026-04-23 08:20:00+00:00,918.9000244140625,918.9000244140625,919.0,918.4500122070312,918.9000244140625,8243
2026-04-23 08:21:00+00:00,919.2999877929688,919.2999877929688,919.2999877929688,918.75,918.7999877929688,10306
2026-04-23 08:22:00+00:00,919.4000244140625,919.4000244140625,919.4000244140625,918.9500122070312,919.2999877929688,7464
2026-04-23 08:23:00+00:00,919.5,919.5,919.5,919.0,919.4000244140625,19712
2026-04-23 08:24:00+00:00,920.0,920.0,920.0,919.3499755859375,919.3499755859375,26408
2026-04-23 08:25:00+00:00,920.5,920.5,920.8499755859375,920.2999877929688,920.2999877929688,12401
2026-04-23 08:26:00+00:00,922.0,922.0,922.0,920.2999877929688,920.5,31698
2026-04-23 08:27:00+00:00,921.6500244140625,921.6500244140625,922.0,921.2999877929688,922.0,11060
2026-04-23 08:28:00+00:00,921.7000122070312,921.7000122070312,921.7999877929688,921.0499877929688,921.6500244140625,12055
2026-04-23 08:29:00+00:00,923.3499755859375,923.3499755859375,923.5999755859375,921.3499755859375,921.5,50337
2026-04-23 08:30:00+00:00,923.6500244140625,923.6500244140625,923.9000244140625,923.0,923.3499755859375,32096
2026-04-23 08:31:00+00:00,923.4000244140625,923.4000244140625,923.5,922.8499755859375,923.2999877929688,11224
2026-04-23 08:32:00+00:00,923.2999877929688,923.2999877929688,923.5,923.0,923.4000244140625,13967
2026-04-23 08:33:00+00:00,923.2999877929688,923.2999877929688,923.4000244140625,923.0,923.2999877929688,10118
2026-04-23 08:34:00+00:00,923.5,923.5,923.5,923.1500244140625,923.4500122070312,20550
2026-04-23 08:35:00+00:00,924.6500244140625,924.6500244140625,924.6500244140625,923.4500122070312,923.5999755859375,20324
2026-04-23 08:36:00+00:00,924.0,924.0,924.75,924.0,924.6500244140625,14127
2026-04-23 08:37:00+00:00,923.8499755859375,923.8499755859375,924.7999877929688,923.8499755859375,924.5,15218
2026-04-23 08:38:00+00:00,923.2000122070312,923.2000122070312,923.5,922.5499877929688,923.5,9234
2026-04-23 08:39:00+00:00,921.9000244140625,921.9000244140625,923.25,921.5499877929688,923.25,12536
2026-04-23 08:40:00+00:00,921.7999877929688,921.7999877929688,922.0999755859375,921.25,922.0499877929688,13283
2026-04-23 08:41:00+00:00,922.8499755859375,922.8499755859375,923.0499877929688,921.7000122070312,922.0499877929688,41601
2026-04-23 08:42:00+00:00,922.7000122070312,922.7000122070312,922.7999877929688,922.1500244140625,922.75,9392
2026-04-23 08:43:00+00:00,921.8499755859375,921.8499755859375,922.6500244140625,921.5499877929688,922.6500244140625,16124
2026-04-23 08:44:00+00:00,921.7000122070312,921.7000122070312,922.4000244140625,921.7000122070312,922.2000122070312,9859
2026-04-23 08:45:00+00:00,921.9000244140625,921.9000244140625,921.9000244140625,921.5999755859375,921.7999877929688,7321
2026-04-23 08:46:00+00:00,922.4500122070312,922.4500122070312,922.4500122070312,921.7999877929688,921.9000244140625,12350
2026-04-23 08:47:00+00:00,922.0,922.0,922.7000122070312,922.0,922.5,7049
2026-04-23 08:48:00+00:00,922.0999755859375,922.0999755859375,922.3499755859375,921.6500244140625,922.3499755859375,7009
2026-04-23 08:49:00+00:00,920.9000244140625,920.9000244140625,922.0499877929688,920.7999877929688,921.9500122070312,13157
2026-04-23 08:50:00+00:00,921.0,921.0,921.2999877929688,920.25,920.4500122070312,23764
2026-04-23 08:51:00+00:00,921.7000122070312,921.7000122070312,921.9000244140625,921.0,921.0,10262
2026-04-23 08:52:00+00:00,921.9500122070312,921.9500122070312,921.9500122070312,920.7999877929688,921.5,49817
2026-04-23 08:53:00+00:00,921.9000244140625,921.9000244140625,922.0499877929688,921.6500244140625,921.9000244140625,4815
2026-04-23 08:54:00+00:00,922.0,922.0,922.2999877929688,921.9000244140625,921.9500122070312,12565
2026-04-23 08:55:00+00:00,921.7000122070312,921.7000122070312,921.9000244140625,921.5999755859375,921.75,6563
2026-04-23 08:56:00+00:00,921.9000244140625,921.9000244140625,921.9000244140625,921.25,921.6500244140625,7819
2026-04-23 08:57:00+00:00,921.5499877929688,921.5499877929688,921.9000244140625,921.2999877929688,921.5499877929688,5892
2026-04-23 08:58:00+00:00,921.9000244140625,921.9000244140625,922.2000122070312,921.0499877929688,921.5999755859375,14890
2026-04-23 08:59:00+00:00,920.4000244140625,920.4000244140625,922.0,920.4000244140625,921.5499877929688,6422
2026-04-23 09:00:00+00:00,920.0,920.0,920.7000122070312,919.7000122070312,920.5,17731
2026-04-23 09:01:00+00:00,920.7000122070312,920.7000122070312,920.7000122070312,919.6500244140625,919.6500244140625,16235
2026-04-23 09:02:00+00:00,920.6500244140625,920.6500244140625,921.0,920.1500244140625,920.6500244140625,11316
2026-04-23 09:03:00+00:00,919.7999877929688,919.7999877929688,920.9500122070312,919.6500244140625,920.9500122070312,9016
2026-04-23 09:04:00+00:00,919.5499877929688,919.5499877929688,920.0,919.2000122070312,919.5499877929688,9139
2026-04-23 09:05:00+00:00,919.5999755859375,919.5999755859375,919.6500244140625,918.7000122070312,919.4500122070312,15285
2026-04-23 09:06:00+00:00,920.25,920.25,920.7999877929688,919.4000244140625,919.5999755859375,26450
2026-04-23 09:07:00+00:00,920.4500122070312,920.4500122070312,920.7000122070312,919.9000244140625,920.1500244140625,5388
2026-04-23 09:08:00+00:00,919.8499755859375,919.8499755859375,921.0,919.6500244140625,920.1500244140625,7545
2026-04-23 09:09:00+00:00,919.9000244140625,919.9000244140625,920.3499755859375,919.7000122070312,920.0,26109
2026-04-23 09:10:00+00:00,918.2000122070312,918.2000122070312,919.9500122070312,918.2000122070312,919.9500122070312,30250
2026-04-23 09:11:00+00:00,919.1500244140625,919.1500244140625,919.25,918.0,918.0999755859375,35147
2026-04-23 09:12:00+00:00,920.25,920.25,920.25,918.5,919.1500244140625,8913
2026-04-23 09:13:00+00:00,919.5,919.5,920.25,919.3499755859375,920.25,8501
2026-04-23 09:14:00+00:00,919.3499755859375,919.3499755859375,919.5,918.9500122070312,919.4500122070312,8803
2026-04-23 09:15:00+00:00,919.8499755859375,919.8499755859375,920.2000122070312,918.9000244140625,919.3499755859375,10234
2026-04-23 09:16:00+00:00,920.25,920.25,920.25,919.5,920.1500244140625,8880
2026-04-23 09:17:00+00:00,921.3499755859375,921.3499755859375,921.5499877929688,920.25,920.25,20104
2026-04-23 09:18:00+00:00,920.4000244140625,920.4000244140625,921.5999755859375,920.3499755859375,921.4000244140625,19318
2026-04-23 09:19:00+00:00,919.75,919.75,920.5499877929688,919.4000244140625,920.4000244140625,6851
2026-04-23 09:20:00+00:00,920.5,920.5,920.5,919.75,919.9500122070312,7868
2026-04-23 09:21:00+00:00,919.5,919.5,920.5,919.1500244140625,920.4500122070312,25136
2026-04-23 09:22:00+00:00,920.2999877929688,920.2999877929688,920.6500244140625,919.3499755859375,919.3499755859375,34442
2026-04-23 09:23:00+00:00,919.5,919.5,920.75,919.2000122070312,920.5999755859375,21735
2026-04-23 09:24:00+00:00,919.9500122070312,919.9500122070312,920.4000244140625,919.2999877929688,919.75,17466
2026-04-23 09:25:00+00:00,920.6500244140625,920.6500244140625,920.6500244140625,919.5,919.9500122070312,13780
2026-04-23 09:26:00+00:00,920.8499755859375,920.8499755859375,921.0,920.5499877929688,920.7999877929688,9457
2026-04-23 09:27:00+00:00,920.7000122070312,920.7000122070312,920.9000244140625,920.0499877929688,920.9000244140625,11263
2026-04-23 09:28:00+00:00,920.0,920.0,920.5999755859375,919.7999877929688,920.5999755859375,13406
2026-04-23 09:29:00+00:00,920.2000122070312,920.2000122070312,920.4000244140625,919.3499755859375,919.8499755859375,8877
2026-04-23 09:30:00+00:00,918.9500122070312,918.9500122070312,920.2000122070312,918.75,919.9500122070312,30071
2026-04-23 09:31:00+00:00,919.2000122070312,919.2000122070312,919.4000244140625,918.9500122070312,918.9500122070312,37569
2026-04-23 09:32:00+00:00,919.75,919.75,920.4000244140625,919.5,919.5,54537
2026-04-23 09:33:00+00:00,920.0,920.0,920.3499755859375,919.2999877929688,919.75,36127
2026-04-23 09:34:00+00:00,919.2000122070312,919.2000122070312,920.0999755859375,919.0,919.9000244140625,35609
2026-04-23 09:35:00+00:00,919.4000244140625,919.4000244140625,919.9000244140625,919.2000122070312,919.4000244140625,35641
2026-04-23 09:36:00+00:00,919.0,919.0,920.0,919.0,919.4000244140625,40582
2026-04-23 09:37:00+00:00,919.0499877929688,919.0499877929688,919.4000244140625,918.9500122070312,919.0499877929688,21611
2026-04-23 09:38:00+00:00,919.0,919.0,919.2000122070312,918.4000244140625,919.0999755859375,32939
2026-04-23 09:39:00+00:00,918.9500122070312,918.9500122070312,919.7000122070312,918.7999877929688,919.0999755859375,35572
2026-04-23 09:40:00+00:00,918.5,918.5,919.25,918.3499755859375,919.0,18183
2026-04-23 09:41:00+00:00,918.75,918.75,919.1500244140625,918.2999877929688,918.5999755859375,22719
2026-04-23 09:42:00+00:00,918.4500122070312,918.4500122070312,918.7999877929688,918.0,918.5999755859375,38473
2026-04-23 09:43:00+00:00,918.9500122070312,918.9500122070312,918.9500122070312,918.0999755859375,918.2000122070312,32945
2026-04-23 09:44:00+00:00,918.0,918.0,919.0,918.0,918.9500122070312,29342
2026-04-23 09:45:00+00:00,918.3499755859375,918.3499755859375,919.0,918.0,918.0999755859375,40994
2026-04-23 09:46:00+00:00,917.0999755859375,917.0999755859375,918.75,917.0999755859375,918.2999877929688,91333
2026-04-23 09:47:00+00:00,917.2000122070312,917.2000122070312,917.5,917.0,917.4500122070312,28704
2026-04-23 09:48:00+00:00,916.75,916.75,916.7999877929688,916.2000122070312,916.6500244140625,36978
2026-04-23 09:49:00+00:00,916.9000244140625,916.9000244140625,917.2000122070312,916.7999877929688,916.7999877929688,26438
2026-04-23 09:50:00+00:00,916.7000122070312,916.7000122070312,916.8499755859375,916.6500244140625,916.8499755859375,47435
2026-04-23 09:51:00+00:00,917.6500244140625,917.6500244140625,917.6500244140625,916.7999877929688,916.7999877929688,48187
2026-04-23 09:52:00+00:00,917.5,917.5,918.2999877929688,917.0,917.5,32746
2026-04-23 09:53:00+00:00,918.0,918.0,918.0,917.2000122070312,917.2000122070312,31855
2026-04-23 09:54:00+00:00,917.7999877929688,917.7999877929688,918.0,917.25,918.0,21326
2026-04-23 09:55:00+00:00,918.2000122070312,918.2000122070312,918.2999877929688,917.5,917.7999877929688,19724
2026-04-23 09:56:00+00:00,917.8499755859375,917.8499755859375,918.3499755859375,915.9500122070312,918.2000122070312,43900
2026-04-23 09:57:00+00:00,917.8499755859375,917.8499755859375,918.25,917.5,918.0,46096
2026-04-23 09:58:00+00:00,917.0,917.0,918.3499755859375,917.0,918.1500244140625,16965
2026-04-23 09:59:00+00:00,917.0,917.0,918.0,916.5,917.0,13884
2026-04-24 03:45:00+00:00,920.5499877929688,920.5499877929688,924.7000122070312,918.9500122070312,920.0,0
2026-04-24 03:46:00+00:00,916.9000244140625,916.9000244140625,918.8499755859375,916.8499755859375,918.4000244140625,55550
2026-04-24 03:47:00+00:00,915.4000244140625,915.4000244140625,917.2999877929688,914.5,916.8499755859375,27483
2026-04-24 03:48:00+00:00,919.8499755859375,919.8499755859375,919.8499755859375,915.25,915.25,33093
2026-04-24 03:49:00+00:00,919.5999755859375,919.5999755859375,920.5499877929688,918.5499877929688,920.25,22022
2026-04-24 03:50:00+00:00,919.2000122070312,919.2000122070312,920.2000122070312,918.9500122070312,920.0,22220
2026-04-24 03:51:00+00:00,918.2000122070312,918.2000122070312,918.7999877929688,918.2000122070312,918.7000122070312,9862
2026-04-24 03:52:00+00:00,918.9000244140625,918.9000244140625,920.0499877929688,918.0499877929688,918.0499877929688,19938
2026-04-24 03:53:00+00:00,919.2999877929688,919.2999877929688,920.0499877929688,919.2999877929688,920.0499877929688,8527
2026-04-24 03:54:00+00:00,918.25,918.25,919.2999877929688,918.25,919.2999877929688,4475
2026-04-24 03:55:00+00:00,916.5,916.5,917.7999877929688,916.5,917.7999877929688,15144
2026-04-24 03:56:00+00:00,917.0,917.0,917.0,916.0499877929688,916.5,9290
2026-04-24 03:57:00+00:00,916.5999755859375,916.5999755859375,917.25,916.5999755859375,917.25,12858
2026-04-24 03:58:00+00:00,915.6500244140625,915.6500244140625,916.5999755859375,915.6500244140625,916.5999755859375,7036
2026-04-24 03:59:00+00:00,915.2999877929688,915.2999877929688,916.25,915.2999877929688,915.75,10943
2026-04-24 04:00:00+00:00,914.4000244140625,914.4000244140625,915.1500244140625,913.8499755859375,915.0499877929688,47593
2026-04-24 04:01:00+00:00,914.5999755859375,914.5999755859375,915.2000122070312,914.2000122070312,914.2000122070312,6434
2026-04-24 04:02:00+00:00,915.0999755859375,915.0999755859375,915.1500244140625,914.6500244140625,914.6500244140625,5524
2026-04-24 04:03:00+00:00,915.0,915.0,915.0999755859375,914.2000122070312,915.0999755859375,13689
2026-04-24 04:04:00+00:00,913.7999877929688,913.7999877929688,915.0,913.7999877929688,915.0,6694
2026-04-24 04:05:00+00:00,914.5499877929688,914.5499877929688,914.5499877929688,913.5,913.7999877929688,9188
2026-04-24 04:06:00+00:00,913.0,913.0,914.4000244140625,913.0,914.4000244140625,6984
2026-04-24 04:07:00+00:00,912.7000122070312,912.7000122070312,913.1500244140625,912.0499877929688,912.0499877929688,10310
2026-04-24 04:08:00+00:00,914.0,914.0,914.0,912.7000122070312,912.7000122070312,5358
2026-04-24 04:09:00+00:00,913.7999877929688,913.7999877929688,914.5,913.7999877929688,914.25,5313
2026-04-24 04:10:00+00:00,913.9500122070312,913.9500122070312,913.9500122070312,913.2999877929688,913.8499755859375,6825
2026-04-24 04:11:00+00:00,913.9500122070312,913.9500122070312,914.0,913.8499755859375,914.0,6440
2026-04-24 04:12:00+00:00,914.5999755859375,914.5999755859375,914.6500244140625,913.6500244140625,913.6500244140625,18247
2026-04-24 04:13:00+00:00,914.2999877929688,914.2999877929688,914.8499755859375,914.2999877929688,914.5499877929688,5403
2026-04-24 04:14:00+00:00,914.9000244140625,914.9000244140625,915.0,914.2000122070312,914.2999877929688,3780
2026-04-24 04:15:00+00:00,912.5499877929688,912.5499877929688,914.5,912.5499877929688,914.5,9279
2026-04-24 04:16:00+00:00,912.2999877929688,912.2999877929688,912.5999755859375,912.2999877929688,912.5,10999
2026-04-24 04:17:00+00:00,912.9500122070312,912.9500122070312,912.9500122070312,912.4000244140625,912.5499877929688,4531
2026-04-24 04:18:00+00:00,913.1500244140625,913.1500244140625,914.4000244140625,912.9500122070312,912.9500122070312,8824
2026-04-24 04:19:00+00:00,914.0,914.0,914.0,913.0,913.2000122070312,9627
2026-04-24 04:20:00+00:00,913.3499755859375,913.3499755859375,914.0499877929688,913.2000122070312,913.9500122070312,3367
2026-04-24 04:21:00+00:00,915.4500122070312,915.4500122070312,915.4500122070312,913.0499877929688,913.3499755859375,9072
2026-04-24 04:22:00+00:00,915.1500244140625,915.1500244140625,915.3499755859375,914.6500244140625,915.1500244140625,4636
2026-04-24 04:23:00+00:00,914.5,914.5,915.0,914.25,915.0,4258
2026-04-24 04:24:00+00:00,913.4000244140625,913.4000244140625,914.5999755859375,912.75,914.5999755859375,12054
2026-04-24 04:25:00+00:00,913.5,913.5,913.5,912.75,913.4000244140625,3993
2026-04-24 04:26:00+00:00,914.0,914.0,914.0,913.5499877929688,913.75,3045
2026-04-24 04:27:00+00:00,914.3499755859375,914.3499755859375,914.3499755859375,914.0,914.0,5513
2026-04-24 04:28:00+00:00,914.0999755859375,914.0999755859375,914.25,913.0,914.25,6552
2026-04-24 04:29:00+00:00,914.0999755859375,914.0999755859375,914.5,913.7999877929688,914.2000122070312,4221
2026-04-24 04:30:00+00:00,915.4500122070312,915.4500122070312,915.5,913.9500122070312,913.9500122070312,7633
2026-04-24 04:31:00+00:00,916.4000244140625,916.4000244140625,916.4000244140625,915.4000244140625,915.6500244140625,6862
2026-04-24 04:32:00+00:00,916.0499877929688,916.0499877929688,917.0,915.8499755859375,916.5,17820
2026-04-24 04:33:00+00:00,916.2999877929688,916.2999877929688,916.7000122070312,915.8499755859375,916.4500122070312,3992
2026-04-24 04:34:00+00:00,916.7000122070312,916.7000122070312,916.7000122070312,915.5,916.3499755859375,8238
2026-04-24 04:35:00+00:00,917.3499755859375,917.3499755859375,918.1500244140625,916.7000122070312,916.7000122070312,33549
2026-04-24 04:36:00+00:00,917.5499877929688,917.5499877929688,917.9000244140625,917.0,917.2000122070312,9689
2026-04-24 04:37:00+00:00,918.0,918.0,918.5,916.9500122070312,917.5,32003
2026-04-24 04:38:00+00:00,918.3499755859375,918.3499755859375,918.5999755859375,917.2000122070312,918.0,9898
2026-04-24 04:39:00+00:00,917.5499877929688,917.5499877929688,918.2999877929688,917.4500122070312,918.2999877929688,5411
2026-04-24 04:40:00+00:00,917.5499877929688,917.5499877929688,918.2000122070312,917.0999755859375,917.5999755859375,24827
2026-04-24 04:41:00+00:00,917.8499755859375,917.8499755859375,917.8499755859375,917.2000122070312,917.5499877929688,4365
2026-04-24 04:42:00+00:00,917.7999877929688,917.7999877929688,917.7999877929688,917.2000122070312,917.7999877929688,5936
2026-04-24 04:43:00+00:00,917.2000122070312,917.2000122070312,918.4000244140625,917.2000122070312,918.0,16035
2026-04-24 04:44:00+00:00,917.7999877929688,917.7999877929688,917.9000244140625,917.4000244140625,917.5499877929688,5344
2026-04-24 04:45:00+00:00,917.8499755859375,917.8499755859375,917.8499755859375,917.1500244140625,917.4000244140625,6237
2026-04-24 04:46:00+00:00,917.9000244140625,917.9000244140625,917.9000244140625,917.5499877929688,917.5499877929688,4348
2026-04-24 04:47:00+00:00,918.0,918.0,918.25,917.5999755859375,918.0,13440
2026-04-24 04:48:00+00:00,918.0,918.0,918.3499755859375,918.0,918.0999755859375,6914
2026-04-24 04:49:00+00:00,917.75,917.75,918.3499755859375,917.7000122070312,918.3499755859375,2266
2026-04-24 04:50:00+00:00,917.3499755859375,917.3499755859375,917.7000122070312,917.3499755859375,917.7000122070312,11992
2026-04-24 04:51:00+00:00,917.6500244140625,917.6500244140625,918.0,917.3499755859375,917.3499755859375,5594
2026-04-24 04:52:00+00:00,917.75,917.75,917.9500122070312,917.5999755859375,917.6500244140625,2848
2026-04-24 04:53:00+00:00,917.5,917.5,917.7000122070312,917.3499755859375,917.7000122070312,2630
2026-04-24 04:54:00+00:00,917.0,917.0,917.5,916.5999755859375,917.4500122070312,4260
2026-04-24 04:55:00+00:00,918.0999755859375,918.0999755859375,918.25,916.5999755859375,917.0999755859375,8018
2026-04-24 04:56:00+00:00,918.0,918.0,918.3499755859375,917.7999877929688,918.0,3094
2026-04-24 04:57:00+00:00,917.0999755859375,917.0999755859375,917.9500122070312,917.0499877929688,917.75,6164
2026-04-24 04:58:00+00:00,917.2999877929688,917.2999877929688,917.7999877929688,916.9500122070312,917.4000244140625,6653
2026-04-24 04:59:00+00:00,917.7999877929688,917.7999877929688,917.9500122070312,917.2000122070312,917.7000122070312,3309
2026-04-24 05:00:00+00:00,917.3499755859375,917.3499755859375,917.5999755859375,917.2999877929688,917.2999877929688,4576
2026-04-24 05:01:00+00:00,915.9000244140625,915.9000244140625,917.5499877929688,915.6500244140625,917.5499877929688,4107
2026-04-24 05:02:00+00:00,916.2000122070312,916.2000122070312,916.3499755859375,915.1500244140625,915.5999755859375,7477
2026-04-24 05:03:00+00:00,916.5499877929688,916.5499877929688,917.3499755859375,916.2999877929688,916.2999877929688,5579
2026-04-24 05:04:00+00:00,916.25,916.25,917.2000122070312,916.25,916.5499877929688,2048
2026-04-24 05:05:00+00:00,916.5,916.5,916.5499877929688,916.3499755859375,916.3499755859375,4094
2026-04-24 05:06:00+00:00,915.5999755859375,915.5999755859375,916.5499877929688,915.0499877929688,916.5499877929688,10744
2026-04-24 05:07:00+00:00,915.5499877929688,915.5499877929688,916.25,915.5499877929688,915.5999755859375,2165
2026-04-24 05:08:00+00:00,914.9500122070312,914.9500122070312,915.8499755859375,914.8499755859375,915.5,8415
2026-04-24 05:09:00+00:00,913.9000244140625,913.9000244140625,915.0,913.0499877929688,914.9500122070312,27449
2026-04-24 05:10:00+00:00,914.0499877929688,914.0499877929688,914.2999877929688,913.0499877929688,913.8499755859375,10447
2026-04-24 05:11:00+00:00,913.7999877929688,913.7999877929688,914.2999877929688,913.5999755859375,914.0499877929688,3333
2026-04-24 05:12:00+00:00,913.2999877929688,913.2999877929688,913.5999755859375,913.0499877929688,913.5999755859375,7744
2026-04-24 05:13:00+00:00,913.3499755859375,913.3499755859375,914.0,913.0499877929688,913.2000122070312,2965
2026-04-24 05:14:00+00:00,913.4000244140625,913.4000244140625,913.7000122070312,913.1500244140625,913.2999877929688,17205
2026-04-24 05:15:00+00:00,913.7000122070312,913.7000122070312,914.0999755859375,913.2000122070312,913.4000244140625,7704
2026-04-24 05:16:00+00:00,913.5,913.5,914.0999755859375,913.25,913.5499877929688,13447
2026-04-24 05:17:00+00:00,913.5,913.5,913.5999755859375,913.0999755859375,913.5999755859375,10374
2026-04-24 05:18:00+00:00,913.3499755859375,913.3499755859375,913.7000122070312,913.25,913.7000122070312,3400
2026-04-24 05:19:00+00:00,913.4000244140625,913.4000244140625,913.75,913.2000122070312,913.5,3798
2026-04-24 05:20:00+00:00,913.5,913.5,914.0,913.25,913.4000244140625,6521
2026-04-24 05:21:00+00:00,913.5,913.5,913.7000122070312,913.3499755859375,913.3499755859375,4895
2026-04-24 05:22:00+00:00,914.0,914.0,914.1500244140625,913.5,913.5,12404
2026-04-24 05:23:00+00:00,913.6500244140625,913.6500244140625,914.4500122070312,913.6500244140625,914.2000122070312,8196
2026-04-24 05:24:00+00:00,913.5499877929688,913.5499877929688,914.0999755859375,913.5499877929688,913.6500244140625,3201
2026-04-24 05:25:00+00:00,913.4500122070312,913.4500122070312,914.0,913.4000244140625,913.8499755859375,2525
2026-04-24 05:26:00+00:00,913.75,913.75,914.0,913.3499755859375,913.5499877929688,2981
2026-04-24 05:27:00+00:00,913.1500244140625,913.1500244140625,913.6500244140625,913.0999755859375,913.5999755859375,2275
2026-04-24 05:28:00+00:00,913.7999877929688,913.7999877929688,913.8499755859375,913.0,913.25,5486
2026-04-24 05:29:00+00:00,912.6500244140625,912.6500244140625,913.7999877929688,912.5499877929688,913.7999877929688,5704
2026-04-24 05:30:00+00:00,912.5999755859375,912.5999755859375,912.7000122070312,912.0,912.6500244140625,12730
2026-04-24 05:31:00+00:00,912.4500122070312,912.4500122070312,912.75,912.2999877929688,912.5,3322
2026-04-24 05:32:00+00:00,913.0499877929688,913.0499877929688,913.4500122070312,912.3499755859375,912.5,4806
2026-04-24 05:33:00+00:00,913.75,913.75,913.75,912.7999877929688,913.0999755859375,5542
2026-04-24 05:34:00+00:00,914.0,914.0,914.5999755859375,913.7000122070312,913.7000122070312,14677
2026-04-24 05:35:00+00:00,914.5,914.5,915.0,913.75,913.75,7482
2026-04-24 05:36:00+00:00,915.3499755859375,915.3499755859375,915.5999755859375,914.5,914.7999877929688,5481
2026-04-24 05:37:00+00:00,914.4500122070312,914.4500122070312,915.4000244140625,914.4500122070312,915.3499755859375,4570
2026-04-24 05:38:00+00:00,914.3499755859375,914.3499755859375,914.6500244140625,913.9500122070312,914.5499877929688,2701
2026-04-24 05:39:00+00:00,913.4500122070312,913.4500122070312,914.5,913.2999877929688,914.1500244140625,3308
2026-04-24 05:40:00+00:00,913.7000122070312,913.7000122070312,914.3499755859375,913.2000122070312,913.5999755859375,4209
2026-04-24 05:41:00+00:00,913.2999877929688,913.2999877929688,913.7000122070312,913.25,913.7000122070312,3064
2026-04-24 05:42:00+00:00,911.8499755859375,911.8499755859375,913.2999877929688,911.25,913.2999877929688,18354
2026-04-24 05:43:00+00:00,911.5,911.5,911.9500122070312,911.1500244140625,911.8499755859375,6112
2026-04-24 05:44:00+00:00,911.9500122070312,911.9500122070312,912.25,911.5,911.5,3472
2026-04-24 05:45:00+00:00,912.0499877929688,912.0499877929688,912.0999755859375,911.5,911.8499755859375,6626
2026-04-24 05:46:00+00:00,911.5,911.5,912.5,911.5,912.2999877929688,3680
2026-04-24 05:47:00+00:00,911.7000122070312,911.7000122070312,912.0,911.5,911.5499877929688,5114
2026-04-24 05:48:00+00:00,912.0499877929688,912.0499877929688,912.25,911.5,911.5,3649
2026-04-24 05:49:00+00:00,912.8499755859375,912.8499755859375,913.0,912.0,912.0499877929688,7753
2026-04-24 05:50:00+00:00,912.75,912.75,913.0,912.5,912.75,3835
2026-04-24 05:51:00+00:00,912.5,912.5,912.7999877929688,912.25,912.7999877929688,3939
2026-04-24 05:52:00+00:00,913.5,913.5,913.7999877929688,913.0,913.0,5864
2026-04-24 05:53:00+00:00,914.1500244140625,914.1500244140625,914.1500244140625,913.0,913.5999755859375,21925
2026-04-24 05:54:00+00:00,914.2000122070312,914.2000122070312,915.9000244140625,914.2000122070312,915.9000244140625,79793
2026-04-24 05:55:00+00:00,915.0,915.0,915.2999877929688,914.0,914.4500122070312,13661
2026-04-24 05:56:00+00:00,915.1500244140625,915.1500244140625,915.5,914.8499755859375,915.0,6072
2026-04-24 05:57:00+00:00,914.8499755859375,914.8499755859375,915.25,914.7999877929688,915.25,3965
2026-04-24 05:58:00+00:00,914.4000244140625,914.4000244140625,915.0499877929688,913.9500122070312,914.9000244140625,5150
2026-04-24 05:59:00+00:00,913.7000122070312,913.7000122070312,914.5499877929688,913.5,914.5499877929688,2919
2026-04-24 06:00:00+00:00,915.2999877929688,915.2999877929688,915.2999877929688,913.7000122070312,913.7000122070312,3609
2026-04-24 06:01:00+00:00,915.5499877929688,915.5499877929688,915.75,915.2000122070312,915.3499755859375,4892
2026-04-24 06:02:00+00:00,915.6500244140625,915.6500244140625,915.7000122070312,915.2000122070312,915.5,2621
2026-04-24 06:03:00+00:00,915.5999755859375,915.5999755859375,915.9000244140625,915.5,915.5,2436
2026-04-24 06:04:00+00:00,915.7999877929688,915.7999877929688,915.7999877929688,915.2999877929688,915.5499877929688,4737
2026-04-24 06:05:00+00:00,915.5499877929688,915.5499877929688,915.75,915.2999877929688,915.4000244140625,3393
2026-04-24 06:06:00+00:00,915.3499755859375,915.3499755859375,915.4000244140625,915.0499877929688,915.0499877929688,2211
2026-04-24 06:07:00+00:00,915.7000122070312,915.7000122070312,915.7000122070312,915.2000122070312,915.2999877929688,5110
2026-04-24 06:08:00+00:00,916.6500244140625,916.6500244140625,916.6500244140625,915.2000122070312,915.7000122070312,7381
2026-04-24 06:09:00+00:00,917.1500244140625,917.1500244140625,917.5,916.5999755859375,916.5999755859375,11133
2026-04-24 06:10:00+00:00,916.6500244140625,916.6500244140625,917.5,916.6500244140625,917.1500244140625,3569
2026-04-24 06:11:00+00:00,916.8499755859375,916.8499755859375,917.0,916.6500244140625,916.6500244140625,3961
2026-04-24 06:12:00+00:00,916.9000244140625,916.9000244140625,916.9000244140625,916.2999877929688,916.7999877929688,5998
2026-04-24 06:13:00+00:00,916.4000244140625,916.4000244140625,917.1500244140625,916.4000244140625,916.8499755859375,8213
2026-04-24 06:14:00+00:00,916.5999755859375,916.5999755859375,916.7999877929688,916.3499755859375,916.4000244140625,4207
2026-04-24 06:15:00+00:00,916.7000122070312,916.7000122070312,916.7000122070312,916.2000122070312,916.5,2424
2026-04-24 06:16:00+00:00,917.0,917.0,917.0,916.5499877929688,916.5499877929688,2801
2026-04-24 06:17:00+00:00,916.2000122070312,916.2000122070312,916.7999877929688,916.2000122070312,916.7999877929688,5948
2026-04-24 06:18:00+00:00,915.6500244140625,915.6500244140625,916.2000122070312,915.5999755859375,916.0499877929688,4092
2026-04-24 06:19:00+00:00,915.6500244140625,915.6500244140625,915.8499755859375,915.25,915.5999755859375,7243
2026-04-24 06:20:00+00:00,915.75,915.75,915.75,915.3499755859375,915.75,1836
2026-04-24 06:21:00+00:00,915.8499755859375,915.8499755859375,915.9500122070312,915.5999755859375,915.5999755859375,5126
2026-04-24 06:22:00+00:00,915.4000244140625,915.4000244140625,915.6500244140625,915.2999877929688,915.5999755859375,3379
2026-04-24 06:23:00+00:00,915.75,915.75,915.9000244140625,915.4000244140625,915.4500122070312,3197
2026-04-24 06:24:00+00:00,915.5,915.5,915.9000244140625,915.5,915.75,1731
2026-04-24 06:25:00+00:00,915.5,915.5,916.0,915.3499755859375,915.5,4255
2026-04-24 06:26:00+00:00,915.5999755859375,915.5999755859375,916.0,915.2999877929688,915.3499755859375,3091
2026-04-24 06:27:00+00:00,916.2000122070312,916.2000122070312,916.4500122070312,916.0999755859375,916.2999877929688,7764
2026-04-24 06:28:00+00:00,915.75,915.75,916.2000122070312,915.5,916.2000122070312,2087
2026-04-24 06:29:00+00:00,915.4500122070312,915.4500122070312,915.6500244140625,915.2000122070312,915.5499877929688,2615
2026-04-24 06:30:00+00:00,915.2999877929688,915.2999877929688,915.7999877929688,915.25,915.7999877929688,1868
2026-04-24 06:31:00+00:00,915.9000244140625,915.9000244140625,915.9000244140625,915.4000244140625,915.4000244140625,2236
2026-04-24 06:32:00+00:00,916.1500244140625,916.1500244140625,916.2000122070312,915.5,915.75,1731
2026-04-24 06:33:00+00:00,916.0499877929688,916.0499877929688,916.25,915.9000244140625,916.0499877929688,2673
2026-04-24 06:34:00+00:00,915.9500122070312,915.9500122070312,916.0,915.4500122070312,915.5499877929688,4096
2026-04-24 06:35:00+00:00,916.0,916.0,916.5999755859375,915.5,915.6500244140625,3728
2026-04-24 06:36:00+00:00,916.0,916.0,916.0,915.5999755859375,915.5999755859375,2038
2026-04-24 06:37:00+00:00,916.0499877929688,916.0499877929688,916.0499877929688,915.6500244140625,915.9500122070312,4701
2026-04-24 06:38:00+00:00,916.25,916.25,916.3499755859375,916.0,916.0999755859375,2226
2026-04-24 06:39:00+00:00,916.0999755859375,916.0999755859375,916.6500244140625,915.7999877929688,916.4000244140625,10921
2026-04-24 06:40:00+00:00,916.5,916.5,916.5,915.5499877929688,915.8499755859375,2351
2026-04-24 06:41:00+00:00,916.2000122070312,916.2000122070312,916.7000122070312,915.5999755859375,916.4500122070312,2577
2026-04-24 06:42:00+00:00,916.0499877929688,916.0499877929688,916.0499877929688,915.5,915.7999877929688,2565
2026-04-24 06:43:00+00:00,915.5499877929688,915.5499877929688,916.2000122070312,915.4500122070312,916.0499877929688,3028
2026-04-24 06:44:00+00:00,915.75,915.75,916.4500122070312,915.4500122070312,915.4500122070312,3074
2026-04-24 06:45:00+00:00,915.2000122070312,915.2000122070312,915.9500122070312,915.2000122070312,915.4500122070312,3294
2026-04-24 06:46:00+00:00,915.3499755859375,915.3499755859375,915.5999755859375,915.1500244140625,915.25,2800
2026-04-24 06:47:00+00:00,916.3499755859375,916.3499755859375,916.3499755859375,915.4500122070312,915.4500122070312,2774
2026-04-24 06:48:00+00:00,915.2000122070312,915.2000122070312,916.4000244140625,915.0999755859375,916.2999877929688,1240
2026-04-24 06:49:00+00:00,916.0499877929688,916.0499877929688,916.25,915.2999877929688,915.4000244140625,4403
2026-04-24 06:50:00+00:00,915.4500122070312,915.4500122070312,916.2000122070312,915.4500122070312,916.2000122070312,2114
2026-04-24 06:51:00+00:00,916.0,916.0,916.0,915.2000122070312,915.4000244140625,3082
2026-04-24 06:52:00+00:00,915.4000244140625,915.4000244140625,915.7999877929688,915.2999877929688,915.5999755859375,1918
2026-04-24 06:53:00+00:00,915.25,915.25,915.4000244140625,915.2000122070312,915.2999877929688,1546
2026-04-24 06:54:00+00:00,914.9000244140625,914.9000244140625,915.2999877929688,914.7999877929688,915.2999877929688,11395
2026-04-24 06:55:00+00:00,914.0499877929688,914.0499877929688,915.2999877929688,914.0499877929688,915.0,22325
2026-04-24 06:56:00+00:00,914.9500122070312,914.9500122070312,915.0999755859375,914.2000122070312,914.2000122070312,42647
2026-04-24 06:57:00+00:00,913.9500122070312,913.9500122070312,914.5499877929688,913.9000244140625,914.5499877929688,43785
2026-04-24 06:58:00+00:00,914.4000244140625,914.4000244140625,914.4000244140625,913.7999877929688,914.0499877929688,2785
2026-04-24 06:59:00+00:00,914.1500244140625,914.1500244140625,915.0499877929688,914.1500244140625,914.4000244140625,2878
2026-04-24 07:00:00+00:00,914.8499755859375,914.8499755859375,914.8499755859375,914.0499877929688,914.2000122070312,3681
2026-04-24 07:01:00+00:00,914.4500122070312,914.4500122070312,914.7999877929688,914.4000244140625,914.4500122070312,2273
2026-04-24 07:02:00+00:00,914.5499877929688,914.5499877929688,914.9000244140625,914.2999877929688,914.4500122070312,7037
2026-04-24 07:03:00+00:00,915.1500244140625,915.1500244140625,915.1500244140625,914.4000244140625,914.7000122070312,11703
2026-04-24 07:04:00+00:00,915.25,915.25,915.25,914.5,915.0,20369
2026-04-24 07:05:00+00:00,914.75,914.75,915.2000122070312,914.75,915.0999755859375,13709
2026-04-24 07:06:00+00:00,915.0,915.0,915.2000122070312,914.5999755859375,915.0,23628
2026-04-24 07:07:00+00:00,915.8499755859375,915.8499755859375,915.8499755859375,915.0,915.0499877929688,3515
2026-04-24 07:08:00+00:00,916.5499877929688,916.5499877929688,916.5499877929688,915.7000122070312,915.7999877929688,4221
2026-04-24 07:09:00+00:00,916.5,916.5,916.6500244140625,916.0,916.6500244140625,5406
2026-04-24 07:10:00+00:00,916.5499877929688,916.5499877929688,916.7000122070312,916.3499755859375,916.7000122070312,2150
2026-04-24 07:11:00+00:00,916.4000244140625,916.4000244140625,916.9000244140625,916.2999877929688,916.5,4392
2026-04-24 07:12:00+00:00,916.5999755859375,916.5999755859375,916.7999877929688,916.3499755859375,916.7999877929688,1874
2026-04-24 07:13:00+00:00,915.5499877929688,915.5499877929688,916.5,915.5499877929688,916.5,4888
2026-04-24 07:14:00+00:00,915.0499877929688,915.0499877929688,915.7000122070312,914.9000244140625,915.7000122070312,10159
2026-04-24 07:15:00+00:00,915.0,915.0,915.1500244140625,914.9000244140625,914.9000244140625,12726
2026-04-24 07:16:00+00:00,915.4000244140625,915.4000244140625,915.5,915.0,915.0999755859375,5554
2026-04-24 07:17:00+00:00,915.9000244140625,915.9000244140625,915.9000244140625,915.2999877929688,915.2999877929688,4213
2026-04-24 07:18:00+00:00,915.7000122070312,915.7000122070312,915.75,915.3499755859375,915.75,3481
2026-04-24 07:19:00+00:00,914.5499877929688,914.5499877929688,915.5999755859375,914.5499877929688,915.5999755859375,7297
2026-04-24 07:20:00+00:00,915.0,915.0,915.0,914.5999755859375,914.5999755859375,2857
2026-04-24 07:21:00+00:00,915.3499755859375,915.3499755859375,915.4000244140625,914.9500122070312,914.9500122070312,10052
2026-04-24 07:22:00+00:00,915.5,915.5,915.5999755859375,915.0499877929688,915.2999877929688,3877
2026-04-24 07:23:00+00:00,915.75,915.75,915.9500122070312,915.25,915.5499877929688,8718
2026-04-24 07:24:00+00:00,915.25,915.25,915.4000244140625,915.0,915.2999877929688,3886
2026-04-24 07:25:00+00:00,915.5499877929688,915.5499877929688,915.5499877929688,915.0,915.2000122070312,2762
2026-04-24 07:26:00+00:00,915.25,915.25,915.5499877929688,915.25,915.5499877929688,2211
2026-04-24 07:27:00+00:00,915.3499755859375,915.3499755859375,915.5,915.2000122070312,915.2000122070312,4720
2026-04-24 07:28:00+00:00,915.0499877929688,915.0499877929688,915.4000244140625,915.0,915.3499755859375,5743
2026-04-24 07:29:00+00:00,915.8499755859375,915.8499755859375,915.8499755859375,915.0,915.0,3799
2026-04-24 07:30:00+00:00,915.1500244140625,915.1500244140625,915.75,915.1500244140625,915.75,2695
2026-04-24 07:31:00+00:00,915.0,915.0,915.0499877929688,914.2999877929688,915.0,35296
2026-04-24 07:32:00+00:00,915.0499877929688,915.0499877929688,915.2000122070312,915.0,915.0499877929688,2421
2026-04-24 07:33:00+00:00,914.6500244140625,914.6500244140625,915.0,914.3499755859375,915.0,37257
2026-04-24 07:34:00+00:00,914.0499877929688,914.0499877929688,914.5499877929688,914.0499877929688,914.4000244140625,5864
2026-04-24 07:35:00+00:00,913.7999877929688,913.7999877929688,914.1500244140625,913.7999877929688,914.0499877929688,7982
2026-04-24 07:36:00+00:00,913.5999755859375,913.5999755859375,914.0499877929688,913.0,914.0499877929688,6400
2026-04-24 07:37:00+00:00,913.2000122070312,913.2000122070312,913.9500122070312,913.1500244140625,913.2999877929688,3216
2026-04-24 07:38:00+00:00,912.7000122070312,912.7000122070312,913.1500244140625,912.5,913.1500244140625,9777
2026-04-24 07:39:00+00:00,912.7999877929688,912.7999877929688,913.0499877929688,912.5499877929688,912.75,5155
2026-04-24 07:40:00+00:00,913.25,913.25,913.25,912.2999877929688,912.2999877929688,10460
2026-04-24 07:41:00+00:00,912.0,912.0,913.7000122070312,912.0,913.2999877929688,18015
2026-04-24 07:42:00+00:00,911.5499877929688,911.5499877929688,912.2000122070312,911.5,912.0,17236
2026-04-24 07:43:00+00:00,911.5999755859375,911.5999755859375,911.9000244140625,911.5499877929688,911.5499877929688,18163
2026-04-24 07:44:00+00:00,911.75,911.75,912.0999755859375,910.5999755859375,911.5499877929688,26438
2026-04-24 07:45:00+00:00,911.25,911.25,912.0,911.25,911.7999877929688,16777
2026-04-24 07:46:00+00:00,911.4500122070312,911.4500122070312,911.5,911.25,911.25,5171
2026-04-24 07:47:00+00:00,911.25,911.25,911.5999755859375,911.2000122070312,911.4000244140625,12236
2026-04-24 07:48:00+00:00,911.5499877929688,911.5499877929688,911.5499877929688,911.2000122070312,911.2000122070312,5733
2026-04-24 07:49:00+00:00,912.25,912.25,912.25,911.5,911.5,20647
2026-04-24 07:50:00+00:00,911.75,911.75,912.0,911.5499877929688,911.5999755859375,5657
2026-04-24 07:51:00+00:00,911.3499755859375,911.3499755859375,911.8499755859375,910.9500122070312,911.8499755859375,13741
2026-04-24 07:52:00+00:00,911.6500244140625,911.6500244140625,912.3499755859375,911.5999755859375,911.5999755859375,10662
2026-04-24 07:53:00+00:00,911.5999755859375,911.5999755859375,912.2000122070312,911.4500122070312,911.4500122070312,3966
2026-04-24 07:54:00+00:00,911.3499755859375,911.3499755859375,911.7000122070312,911.0,911.7000122070312,7881
2026-04-24 07:55:00+00:00,911.2000122070312,911.2000122070312,911.4500122070312,911.0999755859375,911.25,3107
2026-04-24 07:56:00+00:00,911.0999755859375,911.0999755859375,911.4500122070312,911.0,911.25,3295
2026-04-24 07:57:00+00:00,911.1500244140625,911.1500244140625,911.4000244140625,911.0499877929688,911.0499877929688,2144
2026-04-24 07:58:00+00:00,910.75,910.75,911.0999755859375,910.6500244140625,911.0999755859375,4256
2026-04-24 07:59:00+00:00,911.7000122070312,911.7000122070312,911.75,910.7000122070312,910.7999877929688,6275
2026-04-24 08:00:00+00:00,910.75,910.75,911.5,910.7000122070312,911.4000244140625,7713
2026-04-24 08:01:00+00:00,910.5999755859375,910.5999755859375,911.1500244140625,910.5999755859375,910.7000122070312,2164
2026-04-24 08:02:00+00:00,910.7000122070312,910.7000122070312,910.7000122070312,910.5999755859375,910.5999755859375,3895
2026-04-24 08:03:00+00:00,911.0499877929688,911.0499877929688,911.0499877929688,910.5999755859375,910.6500244140625,2618
2026-04-24 08:04:00+00:00,911.5999755859375,911.5999755859375,911.5999755859375,910.6500244140625,910.9500122070312,6691
2026-04-24 08:05:00+00:00,911.0,911.0,911.9000244140625,911.0,911.3499755859375,3240
2026-04-24 08:06:00+00:00,910.5,910.5,911.2000122070312,910.5,911.0,10059
2026-04-24 08:07:00+00:00,910.5999755859375,910.5999755859375,910.5999755859375,910.1500244140625,910.5499877929688,3080
2026-04-24 08:08:00+00:00,910.0999755859375,910.0999755859375,911.0,910.0999755859375,910.6500244140625,4378
2026-04-24 08:09:00+00:00,910.0,910.0,910.4000244140625,910.0,910.0499877929688,24257
2026-04-24 08:10:00+00:00,910.25,910.25,910.3499755859375,910.0,910.0,11637
2026-04-24 08:11:00+00:00,910.0,910.0,910.2999877929688,909.9000244140625,910.2999877929688,15206
2026-04-24 08:12:00+00:00,910.1500244140625,910.1500244140625,910.25,910.0,910.0,4371
2026-04-24 08:13:00+00:00,909.7999877929688,909.7999877929688,910.5,909.7999877929688,910.2999877929688,33057
2026-04-24 08:14:00+00:00,910.8499755859375,910.8499755859375,911.6500244140625,909.8499755859375,909.8499755859375,10085
2026-04-24 08:15:00+00:00,911.75,911.75,912.0,911.0999755859375,911.0999755859375,5587
2026-04-24 08:16:00+00:00,912.5499877929688,912.5499877929688,912.75,911.75,911.75,7069
2026-04-24 08:17:00+00:00,912.2000122070312,912.2000122070312,912.4000244140625,912.0499877929688,912.2999877929688,4852
2026-04-24 08:18:00+00:00,912.0,912.0,912.5499877929688,912.0,912.2000122070312,14520
2026-04-24 08:19:00+00:00,912.0999755859375,912.0999755859375,912.9500122070312,912.0,912.0,6892
2026-04-24 08:20:00+00:00,912.75,912.75,912.75,912.1500244140625,912.1500244140625,2721
2026-04-24 08:21:00+00:00,912.6500244140625,912.6500244140625,913.2000122070312,912.5,913.0,5586
2026-04-24 08:22:00+00:00,912.0,912.0,912.5499877929688,912.0,912.25,3878
2026-04-24 08:23:00+00:00,911.9000244140625,911.9000244140625,912.2999877929688,911.7999877929688,911.9500122070312,2436
2026-04-24 08:24:00+00:00,912.5999755859375,912.5999755859375,912.8499755859375,912.0499877929688,912.0999755859375,7078
2026-04-24 08:25:00+00:00,912.5,912.5,912.5,912.25,912.4500122070312,2764
2026-04-24 08:26:00+00:00,913.2000122070312,913.2000122070312,913.2999877929688,912.5999755859375,912.7999877929688,3667
2026-04-24 08:27:00+00:00,912.0999755859375,912.0999755859375,913.2000122070312,912.0499877929688,913.2000122070312,2387
2026-04-24 08:28:00+00:00,913.2000122070312,913.2000122070312,913.2000122070312,912.0499877929688,912.2000122070312,4570
2026-04-24 08:29:00+00:00,913.0999755859375,913.0999755859375,913.2999877929688,912.7999877929688,913.0999755859375,2970
2026-04-24 08:30:00+00:00,913.0499877929688,913.0499877929688,913.5,912.7000122070312,913.1500244140625,5606
2026-04-24 08:31:00+00:00,913.0499877929688,913.0499877929688,913.3499755859375,912.9000244140625,913.1500244140625,6115
2026-04-24 08:32:00+00:00,913.7000122070312,913.7000122070312,913.75,912.9500122070312,913.0499877929688,1914
2026-04-24 08:33:00+00:00,913.5999755859375,913.5999755859375,913.8499755859375,913.2999877929688,913.5,2155
2026-04-24 08:34:00+00:00,913.4500122070312,913.4500122070312,913.7000122070312,913.0,913.6500244140625,2836
2026-04-24 08:35:00+00:00,913.5,913.5,913.7000122070312,913.0,913.5,5872
2026-04-24 08:36:00+00:00,913.4000244140625,913.4000244140625,914.2000122070312,913.3499755859375,913.3499755859375,13716
2026-04-24 08:37:00+00:00,914.4500122070312,914.4500122070312,914.4500122070312,913.3499755859375,913.3499755859375,28109
2026-04-24 08:38:00+00:00,916.4000244140625,916.4000244140625,916.75,914.3499755859375,914.4000244140625,36846
2026-04-24 08:39:00+00:00,916.0,916.0,916.9000244140625,915.9500122070312,916.4000244140625,6403
2026-04-24 08:40:00+00:00,916.0999755859375,916.0999755859375,916.9000244140625,915.9000244140625,916.0,11247
2026-04-24 08:41:00+00:00,915.75,915.75,916.4000244140625,915.5999755859375,916.0999755859375,4937
2026-04-24 08:42:00+00:00,916.6500244140625,916.6500244140625,916.6500244140625,915.9000244140625,915.9000244140625,9699
2026-04-24 08:43:00+00:00,917.2999877929688,917.2999877929688,917.2999877929688,916.5,916.9000244140625,27674
2026-04-24 08:44:00+00:00,916.6500244140625,916.6500244140625,917.5,916.6500244140625,917.0,13389
2026-04-24 08:45:00+00:00,916.75,916.75,916.75,916.4500122070312,916.5499877929688,11339
2026-04-24 08:46:00+00:00,918.1500244140625,918.1500244140625,918.2999877929688,916.5499877929688,916.75,18835
2026-04-24 08:47:00+00:00,918.0499877929688,918.0499877929688,918.4000244140625,918.0,918.2999877929688,7139
2026-04-24 08:48:00+00:00,918.8499755859375,918.8499755859375,918.9000244140625,917.5,918.0499877929688,10557
2026-04-24 08:49:00+00:00,918.5,918.5,919.2000122070312,918.0499877929688,918.9000244140625,14337
2026-04-24 08:50:00+00:00,918.4500122070312,918.4500122070312,918.7000122070312,918.2999877929688,918.5,4602
2026-04-24 08:51:00+00:00,919.9500122070312,919.9500122070312,919.9500122070312,918.4500122070312,918.4500122070312,20800
2026-04-24 08:52:00+00:00,919.4500122070312,919.4500122070312,920.0,919.4500122070312,919.7999877929688,25960
2026-04-24 08:53:00+00:00,919.5499877929688,919.5499877929688,919.8499755859375,919.0,919.3499755859375,6699
2026-04-24 08:54:00+00:00,918.5,918.5,919.5,918.5,919.4500122070312,6113
2026-04-24 08:55:00+00:00,919.3499755859375,919.3499755859375,919.4500122070312,918.5,918.75,8992
2026-04-24 08:56:00+00:00,919.8499755859375,919.8499755859375,919.9500122070312,919.25,919.4000244140625,7654
2026-04-24 08:57:00+00:00,919.9000244140625,919.9000244140625,919.9000244140625,919.5,919.7000122070312,13967
2026-04-24 08:58:00+00:00,919.9500122070312,919.9500122070312,919.9500122070312,919.75,919.7999877929688,1878
2026-04-24 08:59:00+00:00,920.7999877929688,920.7999877929688,921.0,920.25,920.4000244140625,56370
2026-04-24 09:00:00+00:00,922.7999877929688,922.7999877929688,922.7999877929688,921.0499877929688,921.2999877929688,31009
2026-04-24 09:01:00+00:00,922.2999877929688,922.2999877929688,923.3499755859375,922.0499877929688,922.75,18142
2026-04-24 09:02:00+00:00,921.2000122070312,921.2000122070312,922.7000122070312,921.2000122070312,922.5,14491
2026-04-24 09:03:00+00:00,921.4500122070312,921.4500122070312,922.0,921.2000122070312,921.4500122070312,11911
2026-04-24 09:04:00+00:00,921.5499877929688,921.5499877929688,921.7999877929688,921.3499755859375,921.7999877929688,2040
2026-04-24 09:05:00+00:00,921.6500244140625,921.6500244140625,921.75,921.5,921.5,3791
2026-04-24 09:06:00+00:00,921.6500244140625,921.6500244140625,921.8499755859375,921.5499877929688,921.6500244140625,4165
2026-04-24 09:07:00+00:00,920.5499877929688,920.5499877929688,921.2999877929688,920.0499877929688,921.2999877929688,14866
2026-04-24 09:08:00+00:00,920.4500122070312,920.4500122070312,920.9000244140625,920.25,920.25,6766
2026-04-24 09:09:00+00:00,920.3499755859375,920.3499755859375,920.5499877929688,920.3499755859375,920.5499877929688,2074
2026-04-24 09:10:00+00:00,920.2000122070312,920.2000122070312,920.6500244140625,920.2000122070312,920.2000122070312,14269
2026-04-24 09:11:00+00:00,919.9500122070312,919.9500122070312,920.2000122070312,919.0499877929688,920.1500244140625,8849
2026-04-24 09:12:00+00:00,919.75,919.75,919.9500122070312,919.2999877929688,919.4500122070312,4640
2026-04-24 09:13:00+00:00,920.2000122070312,920.2000122070312,920.2000122070312,919.5,919.7000122070312,5647
2026-04-24 09:14:00+00:00,920.6500244140625,920.6500244140625,920.6500244140625,919.7999877929688,920.0,4891
2026-04-24 09:15:00+00:00,920.5,920.5,920.75,920.4000244140625,920.5499877929688,5911
2026-04-24 09:16:00+00:00,919.6500244140625,919.6500244140625,920.4500122070312,919.3499755859375,920.4500122070312,7901
2026-04-24 09:17:00+00:00,920.0,920.0,920.3499755859375,919.75,919.9500122070312,4214
2026-04-24 09:18:00+00:00,920.3499755859375,920.3499755859375,920.5,920.0,920.0999755859375,14715
2026-04-24 09:19:00+00:00,919.25,919.25,920.3499755859375,919.25,920.3499755859375,34724
2026-04-24 09:20:00+00:00,919.4000244140625,919.4000244140625,919.75,919.25,919.5,3346
2026-04-24 09:21:00+00:00,920.1500244140625,920.1500244140625,920.3499755859375,919.5,919.75,21034
2026-04-24 09:22:00+00:00,919.75,919.75,920.5499877929688,919.75,920.5499877929688,35410
2026-04-24 09:23:00+00:00,920.4500122070312,920.4500122070312,920.7999877929688,920.0999755859375,920.2999877929688,8898
2026-04-24 09:24:00+00:00,920.4500122070312,920.4500122070312,920.7999877929688,920.25,920.4000244140625,7576
2026-04-24 09:25:00+00:00,920.0999755859375,920.0999755859375,920.5999755859375,920.0499877929688,920.5,8614
2026-04-24 09:26:00+00:00,920.9500122070312,920.9500122070312,921.2000122070312,920.5999755859375,920.9500122070312,9346
2026-04-24 09:27:00+00:00,921.5499877929688,921.5499877929688,921.7000122070312,921.0,921.0499877929688,14628
2026-04-24 09:28:00+00:00,921.4000244140625,921.4000244140625,921.7999877929688,921.0999755859375,921.5,10484
2026-04-24 09:29:00+00:00,922.0,922.0,922.0,921.6500244140625,921.8499755859375,9853
2026-04-24 09:30:00+00:00,920.7999877929688,920.7999877929688,921.9500122070312,920.7999877929688,921.2999877929688,40433
2026-04-24 09:31:00+00:00,920.5,920.5,921.0499877929688,920.0,921.0,49156
2026-04-24 09:32:00+00:00,919.8499755859375,919.8499755859375,920.5,919.8499755859375,920.5,24696
2026-04-24 09:33:00+00:00,919.2999877929688,919.2999877929688,920.4500122070312,919.2999877929688,920.0499877929688,27242
2026-04-24 09:34:00+00:00,919.0,919.0,919.8499755859375,919.0,919.3499755859375,50469
2026-04-24 09:35:00+00:00,918.7999877929688,918.7999877929688,919.25,918.0,919.0499877929688,31400
2026-04-24 09:36:00+00:00,920.3499755859375,920.3499755859375,920.6500244140625,918.75,918.7999877929688,22987
2026-04-24 09:37:00+00:00,920.7999877929688,920.7999877929688,921.0,920.3499755859375,920.3499755859375,17533
2026-04-24 09:38:00+00:00,920.7999877929688,920.7999877929688,921.0,920.4500122070312,920.75,15897
2026-04-24 09:39:00+00:00,921.0,921.0,921.0999755859375,920.7999877929688,920.7999877929688,24175
2026-04-24 09:40:00+00:00,920.2000122070312,920.2000122070312,921.3499755859375,920.2000122070312,921.3499755859375,22718
2026-04-24 09:41:00+00:00,920.2000122070312,920.2000122070312,921.0,920.2000122070312,920.3499755859375,17721
2026-04-24 09:42:00+00:00,921.25,921.25,921.4500122070312,920.25,920.25,18688
2026-04-24 09:43:00+00:00,922.2000122070312,922.2000122070312,922.2000122070312,921.2000122070312,921.2000122070312,22045
2026-04-24 09:44:00+00:00,922.9500122070312,922.9500122070312,923.0,922.0999755859375,922.5,29916
2026-04-24 09:45:00+00:00,922.25,922.25,923.0,921.9000244140625,922.8499755859375,25836
2026-04-24 09:46:00+00:00,923.4000244140625,923.4000244140625,923.4000244140625,922.2000122070312,922.4000244140625,32752
2026-04-24 09:47:00+00:00,924.5,924.5,924.5,923.5,923.5,38382
2026-04-24 09:48:00+00:00,923.5,923.5,924.5999755859375,923.5,924.1500244140625,38108
2026-04-24 09:49:00+00:00,923.0499877929688,923.0499877929688,923.2000122070312,922.7999877929688,922.7999877929688,27159
2026-04-24 09:50:00+00:00,922.75,922.75,923.2000122070312,922.5,923.2000122070312,29356
2026-04-24 09:51:00+00:00,922.0999755859375,922.0999755859375,922.4000244140625,922.0999755859375,922.4000244140625,26098
2026-04-24 09:52:00+00:00,922.0499877929688,922.0499877929688,922.1500244140625,922.0499877929688,922.0999755859375,19244
2026-04-24 09:53:00+00:00,922.0999755859375,922.0999755859375,922.0999755859375,922.0,922.0499877929688,20314
2026-04-24 09:54:00+00:00,922.0,922.0,922.8499755859375,922.0,922.2000122070312,45256
2026-04-24 09:55:00+00:00,921.5,921.5,921.9000244140625,920.6500244140625,921.8499755859375,22059
2026-04-24 09:56:00+00:00,921.75,921.75,921.8499755859375,921.0999755859375,921.4500122070312,16713
2026-04-24 09:57:00+00:00,921.7999877929688,921.7999877929688,921.9500122070312,921.7000122070312,921.7000122070312,22394
2026-04-24 09:58:00+00:00,921.9500122070312,921.9500122070312,922.5,921.0999755859375,921.7999877929688,18861
2026-04-24 09:59:00+00:00,923.0,923.0,924.0,921.6500244140625,922.4500122070312,23649
2026-04-27 03:45:00+00:00,922.9000244140625,922.9000244140625,924.7000122070312,919.25,924.7000122070312,0
2026-04-27 03:46:00+00:00,918.9000244140625,918.9000244140625,923.7999877929688,917.0,922.8499755859375,149740
2026-04-27 03:47:00+00:00,917.4500122070312,917.4500122070312,919.5499877929688,916.4000244140625,918.7999877929688,68479
2026-04-27 03:48:00+00:00,919.5499877929688,919.5499877929688,919.9500122070312,917.5,917.5,87806
2026-04-27 03:49:00+00:00,917.8499755859375,917.8499755859375,919.5999755859375,917.7999877929688,919.3499755859375,30656
2026-04-27 03:50:00+00:00,921.3499755859375,921.3499755859375,921.3499755859375,917.8499755859375,917.8499755859375,39307
2026-04-27 03:51:00+00:00,921.7000122070312,921.7000122070312,923.0999755859375,921.5999755859375,921.5999755859375,47118
2026-04-27 03:52:00+00:00,922.0,922.0,922.0,921.0499877929688,921.7000122070312,30343
2026-04-27 03:53:00+00:00,921.9000244140625,921.9000244140625,922.0,920.4000244140625,922.0,50113
2026-04-27 03:54:00+00:00,921.4500122070312,921.4500122070312,922.5,921.1500244140625,921.3499755859375,61896
2026-04-27 03:55:00+00:00,921.2999877929688,921.2999877929688,921.5,920.5999755859375,921.2999877929688,27169
2026-04-27 03:56:00+00:00,918.9500122070312,918.9500122070312,921.2999877929688,918.9500122070312,921.2999877929688,18297
2026-04-27 03:57:00+00:00,920.2000122070312,920.2000122070312,921.25,919.2999877929688,919.2999877929688,20665
2026-04-27 03:58:00+00:00,921.25,921.25,921.5,919.4500122070312,920.4000244140625,27152
2026-04-27 03:59:00+00:00,920.0,920.0,921.75,919.6500244140625,921.0,25612
2026-04-27 04:00:00+00:00,920.25,920.25,920.5499877929688,920.0499877929688,920.5,32319
2026-04-27 04:01:00+00:00,920.3499755859375,920.3499755859375,920.5,919.8499755859375,920.0,8315
2026-04-27 04:02:00+00:00,919.9500122070312,919.9500122070312,920.5499877929688,919.6500244140625,920.5499877929688,10258
2026-04-27 04:03:00+00:00,918.4000244140625,918.4000244140625,919.1500244140625,918.0999755859375,919.1500244140625,21603
2026-04-27 04:04:00+00:00,917.9000244140625,917.9000244140625,918.5499877929688,917.5999755859375,918.25,25018
2026-04-27 04:05:00+00:00,917.5,917.5,918.25,917.5,917.75,12408
2026-04-27 04:06:00+00:00,918.2999877929688,918.2999877929688,918.2999877929688,917.0999755859375,917.0999755859375,12044
2026-04-27 04:07:00+00:00,917.7000122070312,917.7000122070312,918.2999877929688,917.5999755859375,918.2999877929688,26352
2026-04-27 04:08:00+00:00,917.4500122070312,917.4500122070312,917.4500122070312,917.0,917.1500244140625,16931
2026-04-27 04:09:00+00:00,919.9500122070312,919.9500122070312,920.0499877929688,918.1500244140625,918.1500244140625,129067
2026-04-27 04:10:00+00:00,920.7999877929688,920.7999877929688,921.0999755859375,919.75,919.75,16343
2026-04-27 04:11:00+00:00,921.0499877929688,921.0499877929688,921.5,920.5499877929688,920.5499877929688,48092
2026-04-27 04:12:00+00:00,920.1500244140625,920.1500244140625,921.2000122070312,920.0999755859375,921.2000122070312,12278
2026-04-27 04:13:00+00:00,920.2000122070312,920.2000122070312,920.5999755859375,919.75,920.5999755859375,18608
2026-04-27 04:14:00+00:00,919.5,919.5,920.0999755859375,919.2999877929688,920.0499877929688,14593
2026-04-27 04:15:00+00:00,920.0,920.0,920.0,919.3499755859375,919.5499877929688,47735
2026-04-27 04:16:00+00:00,920.0,920.0,920.5499877929688,919.5999755859375,920.5499877929688,23521
2026-04-27 04:17:00+00:00,920.0,920.0,920.0999755859375,919.3499755859375,920.0,27838
2026-04-27 04:18:00+00:00,919.5499877929688,919.5499877929688,920.1500244140625,919.5499877929688,919.7000122070312,39321
2026-04-27 04:19:00+00:00,919.9000244140625,919.9000244140625,920.0,919.7000122070312,919.9000244140625,11814
2026-04-27 04:20:00+00:00,920.5,920.5,920.5,919.75,919.9500122070312,22232
2026-04-27 04:21:00+00:00,919.8499755859375,919.8499755859375,920.5,919.8499755859375,920.5,31421
2026-04-27 04:22:00+00:00,920.7000122070312,920.7000122070312,920.9500122070312,920.2000122070312,920.2000122070312,9622
2026-04-27 04:23:00+00:00,920.8499755859375,920.8499755859375,921.0,920.0,921.0,14050
2026-04-27 04:24:00+00:00,921.5999755859375,921.5999755859375,921.7999877929688,920.8499755859375,921.0,12548
2026-04-27 04:25:00+00:00,919.5499877929688,919.5499877929688,922.4500122070312,919.5499877929688,921.75,122957
2026-04-27 04:26:00+00:00,919.5999755859375,919.5999755859375,920.0,919.5499877929688,919.8499755859375,18798
2026-04-27 04:27:00+00:00,919.75,919.75,919.8499755859375,919.25,919.5999755859375,10308
2026-04-27 04:28:00+00:00,919.2000122070312,919.2000122070312,920.0,919.2000122070312,919.7000122070312,12193
2026-04-27 04:29:00+00:00,919.3499755859375,919.3499755859375,919.3499755859375,919.0,919.25,27467
2026-04-27 04:30:00+00:00,918.8499755859375,918.8499755859375,919.0999755859375,918.7999877929688,919.0499877929688,10444
2026-04-27 04:31:00+00:00,919.25,919.25,919.5,918.5499877929688,919.0499877929688,9567
2026-04-27 04:32:00+00:00,919.25,919.25,919.5,918.8499755859375,919.5,13070
2026-04-27 04:33:00+00:00,919.2999877929688,919.2999877929688,919.4000244140625,918.8499755859375,919.2999877929688,5000
2026-04-27 04:34:00+00:00,919.0499877929688,919.0499877929688,919.2999877929688,918.75,919.2999877929688,5684
2026-04-27 04:35:00+00:00,918.5499877929688,918.5499877929688,918.75,918.4500122070312,918.75,16637
2026-04-27 04:36:00+00:00,917.0999755859375,917.0999755859375,918.6500244140625,916.6500244140625,918.4500122070312,27684
2026-04-27 04:37:00+00:00,917.0999755859375,917.0999755859375,917.7000122070312,916.7000122070312,917.3499755859375,19296
2026-04-27 04:38:00+00:00,918.0,918.0,918.0499877929688,916.75,916.9500122070312,23641
2026-04-27 04:39:00+00:00,917.5999755859375,917.5999755859375,918.2999877929688,917.5499877929688,917.7999877929688,9736
2026-04-27 04:40:00+00:00,917.25,917.25,918.0,917.0999755859375,917.75,8584
2026-04-27 04:41:00+00:00,917.4500122070312,917.4500122070312,917.5499877929688,916.5,917.25,9551
2026-04-27 04:42:00+00:00,916.4000244140625,916.4000244140625,917.3499755859375,916.0499877929688,917.0499877929688,26137
2026-04-27 04:43:00+00:00,915.4000244140625,915.4000244140625,916.75,915.25,916.75,17922
2026-04-27 04:44:00+00:00,913.9500122070312,913.9500122070312,915.4000244140625,913.5,915.3499755859375,26746
2026-04-27 04:45:00+00:00,914.6500244140625,914.6500244140625,914.6500244140625,913.3499755859375,913.75,14776
2026-04-27 04:46:00+00:00,915.25,915.25,915.75,914.6500244140625,914.7000122070312,10957
2026-04-27 04:47:00+00:00,915.4500122070312,915.4500122070312,915.5,914.7999877929688,915.25,8035
2026-04-27 04:48:00+00:00,915.4000244140625,915.4000244140625,915.5,914.8499755859375,915.4000244140625,11021
2026-04-27 04:49:00+00:00,915.9500122070312,915.9500122070312,915.9500122070312,915.2999877929688,915.5999755859375,7967
2026-04-27 04:50:00+00:00,914.75,914.75,915.9500122070312,914.7000122070312,915.9500122070312,9064
2026-04-27 04:51:00+00:00,914.7999877929688,914.7999877929688,915.1500244140625,914.25,914.5,10241
2026-04-27 04:52:00+00:00,914.8499755859375,914.8499755859375,915.25,914.5499877929688,914.75,7246
2026-04-27 04:53:00+00:00,914.1500244140625,914.1500244140625,914.8499755859375,914.0999755859375,914.7999877929688,5597
2026-04-27 04:54:00+00:00,913.25,913.25,914.4000244140625,913.2000122070312,914.1500244140625,16280
2026-04-27 04:55:00+00:00,912.4000244140625,912.4000244140625,913.4000244140625,912.2000122070312,913.2999877929688,21641
2026-04-27 04:56:00+00:00,912.75,912.75,912.75,911.5,912.1500244140625,34006
2026-04-27 04:57:00+00:00,911.0,911.0,912.9500122070312,911.0,912.5999755859375,23006
2026-04-27 04:58:00+00:00,911.5,911.5,912.0,910.5,911.25,25997
2026-04-27 04:59:00+00:00,912.2000122070312,912.2000122070312,912.8499755859375,911.5,911.6500244140625,12952
2026-04-27 05:00:00+00:00,911.4500122070312,911.4500122070312,912.4000244140625,911.0999755859375,912.2000122070312,14248
2026-04-27 05:01:00+00:00,910.5499877929688,910.5499877929688,911.7999877929688,910.1500244140625,911.5,18556
2026-04-27 05:02:00+00:00,909.9500122070312,909.9500122070312,911.7000122070312,909.6500244140625,910.4000244140625,49719
2026-04-27 05:03:00+00:00,910.0,910.0,910.4500122070312,909.75,910.0,12569
2026-04-27 05:04:00+00:00,910.25,910.25,910.3499755859375,909.7999877929688,910.0999755859375,9404
2026-04-27 05:05:00+00:00,910.1500244140625,910.1500244140625,910.5499877929688,909.5,910.25,26797
2026-04-27 05:06:00+00:00,909.3499755859375,909.3499755859375,910.8499755859375,909.3499755859375,910.2000122070312,76457
2026-04-27 05:07:00+00:00,908.9500122070312,908.9500122070312,910.1500244140625,908.3499755859375,909.2999877929688,48028
2026-04-27 05:08:00+00:00,908.75,908.75,909.0,908.4500122070312,908.9500122070312,31408
2026-04-27 05:09:00+00:00,908.9500122070312,908.9500122070312,909.0,908.5499877929688,908.75,41929
2026-04-27 05:10:00+00:00,910.8499755859375,910.8499755859375,911.0999755859375,909.0,909.0,29122
2026-04-27 05:11:00+00:00,911.8499755859375,911.8499755859375,911.9000244140625,910.75,910.8499755859375,9450
2026-04-27 05:12:00+00:00,912.7999877929688,912.7999877929688,913.0499877929688,911.5499877929688,911.8499755859375,9787
2026-04-27 05:13:00+00:00,913.9500122070312,913.9500122070312,914.1500244140625,912.6500244140625,912.6500244140625,25201
2026-04-27 05:14:00+00:00,915.5,915.5,915.6500244140625,913.9000244140625,914.2999877929688,26904
2026-04-27 05:15:00+00:00,915.7000122070312,915.7000122070312,916.3499755859375,914.8499755859375,915.4500122070312,26335
2026-04-27 05:16:00+00:00,916.8499755859375,916.8499755859375,917.0999755859375,915.6500244140625,915.8499755859375,20970
2026-04-27 05:17:00+00:00,917.4000244140625,917.4000244140625,917.4000244140625,916.5,916.7000122070312,21155
2026-04-27 05:18:00+00:00,918.1500244140625,918.1500244140625,918.25,917.1500244140625,917.4000244140625,23071
2026-04-27 05:19:00+00:00,918.2000122070312,918.2000122070312,918.4500122070312,917.7999877929688,917.9000244140625,19232
2026-04-27 05:20:00+00:00,918.5,918.5,919.5999755859375,917.7999877929688,918.1500244140625,30664
2026-04-27 05:21:00+00:00,918.6500244140625,918.6500244140625,919.0999755859375,918.2000122070312,918.5,13108
2026-04-27 05:22:00+00:00,919.75,919.75,919.75,918.8499755859375,918.9000244140625,18484
2026-04-27 05:23:00+00:00,920.0,920.0,920.0,919.3499755859375,919.4000244140625,30166
2026-04-27 05:24:00+00:00,919.75,919.75,920.6500244140625,919.4500122070312,919.9500122070312,154769
2026-04-27 05:25:00+00:00,920.7999877929688,920.7999877929688,920.8499755859375,919.3499755859375,919.75,17879
2026-04-27 05:26:00+00:00,919.6500244140625,919.6500244140625,920.75,919.4500122070312,920.5,13860
2026-04-27 05:27:00+00:00,919.0999755859375,919.0999755859375,919.75,919.0999755859375,919.5,10976
2026-04-27 05:28:00+00:00,919.75,919.75,920.0,919.0,919.0499877929688,12458
2026-04-27 05:29:00+00:00,919.5,919.5,920.0,919.1500244140625,919.75,9146
2026-04-27 05:30:00+00:00,920.2000122070312,920.2000122070312,920.2000122070312,919.25,919.4000244140625,11469
2026-04-27 05:31:00+00:00,919.5,919.5,920.2999877929688,919.5,920.2000122070312,7849
2026-04-27 05:32:00+00:00,919.8499755859375,919.8499755859375,920.0499877929688,919.5499877929688,919.5499877929688,9758
2026-04-27 05:33:00+00:00,920.9000244140625,920.9000244140625,920.9000244140625,919.4500122070312,919.9000244140625,21232
2026-04-27 05:34:00+00:00,921.2000122070312,921.2000122070312,921.75,920.8499755859375,920.8499755859375,22367
2026-04-27 05:35:00+00:00,921.4000244140625,921.4000244140625,921.4000244140625,921.0,921.2999877929688,10320
2026-04-27 05:36:00+00:00,921.25,921.25,921.5,921.0,921.1500244140625,17032
2026-04-27 05:37:00+00:00,921.5499877929688,921.5499877929688,921.5999755859375,921.0,921.0,11380
2026-04-27 05:38:00+00:00,920.5999755859375,920.5999755859375,921.5,920.3499755859375,921.3499755859375,22860
2026-04-27 05:39:00+00:00,920.5,920.5,921.0,919.8499755859375,920.4000244140625,19073
2026-04-27 05:40:00+00:00,921.0,921.0,921.0,920.1500244140625,920.6500244140625,12825
2026-04-27 05:41:00+00:00,921.2999877929688,921.2999877929688,921.5,920.6500244140625,921.0,13414
2026-04-27 05:42:00+00:00,921.5,921.5,921.5,920.8499755859375,921.4500122070312,7244
2026-04-27 05:43:00+00:00,921.7000122070312,921.7000122070312,921.9000244140625,921.1500244140625,921.5,20450
2026-04-27 05:44:00+00:00,922.0,922.0,922.0,921.4000244140625,921.75,24467
2026-04-27 05:45:00+00:00,922.9000244140625,922.9000244140625,922.9000244140625,921.7999877929688,921.7999877929688,23024
2026-04-27 05:46:00+00:00,925.2999877929688,925.2999877929688,925.5999755859375,922.7000122070312,923.0,55160
2026-04-27 05:47:00+00:00,925.1500244140625,925.1500244140625,925.5999755859375,924.9000244140625,925.5,24181
2026-04-27 05:48:00+00:00,924.2000122070312,924.2000122070312,925.0,924.0499877929688,925.0,11739
2026-04-27 05:49:00+00:00,922.9500122070312,922.9500122070312,924.5,922.5,924.5,62501
2026-04-27 05:50:00+00:00,923.7999877929688,923.7999877929688,924.2000122070312,922.5999755859375,922.9500122070312,25224
2026-04-27 05:51:00+00:00,922.4000244140625,922.4000244140625,924.2000122070312,922.25,924.0,9441
2026-04-27 05:52:00+00:00,921.9500122070312,921.9500122070312,922.4000244140625,921.2000122070312,922.2000122070312,15767
2026-04-27 05:53:00+00:00,921.9500122070312,921.9500122070312,922.5999755859375,921.7000122070312,921.9000244140625,41423
2026-04-27 05:54:00+00:00,921.7000122070312,921.7000122070312,922.4000244140625,921.5499877929688,921.75,6437
2026-04-27 05:55:00+00:00,921.6500244140625,921.6500244140625,922.25,921.5999755859375,921.6500244140625,11409
2026-04-27 05:56:00+00:00,921.7000122070312,921.7000122070312,921.9500122070312,921.3499755859375,921.7000122070312,6466
2026-04-27 05:57:00+00:00,922.3499755859375,922.3499755859375,922.3499755859375,921.7000122070312,921.7000122070312,11857
2026-04-27 05:58:00+00:00,922.5999755859375,922.5999755859375,922.8499755859375,922.2000122070312,922.7000122070312,7389
2026-04-27 05:59:00+00:00,922.5499877929688,922.5499877929688,922.9000244140625,922.1500244140625,922.4500122070312,10415
2026-04-27 06:00:00+00:00,922.4500122070312,922.4500122070312,922.5499877929688,922.1500244140625,922.2999877929688,9238
2026-04-27 06:01:00+00:00,922.9500122070312,922.9500122070312,923.0,922.2000122070312,922.4500122070312,9018
2026-04-27 06:02:00+00:00,921.7999877929688,921.7999877929688,922.9000244140625,921.5999755859375,922.5999755859375,22865
2026-04-27 06:03:00+00:00,920.8499755859375,920.8499755859375,921.7000122070312,920.75,921.7000122070312,55376
2026-04-27 06:04:00+00:00,919.8499755859375,919.8499755859375,921.0,919.0999755859375,920.5499877929688,69476
2026-04-27 06:05:00+00:00,919.4000244140625,919.4000244140625,919.6500244140625,918.4000244140625,919.6500244140625,15147
2026-04-27 06:06:00+00:00,919.4000244140625,919.4000244140625,919.9500122070312,919.0499877929688,919.4000244140625,10901
2026-04-27 06:07:00+00:00,918.4500122070312,918.4500122070312,919.4000244140625,918.4500122070312,919.1500244140625,10330
2026-04-27 06:08:00+00:00,917.9500122070312,917.9500122070312,918.8499755859375,917.5999755859375,918.5999755859375,54634
2026-04-27 06:09:00+00:00,918.5999755859375,918.5999755859375,918.9000244140625,917.7000122070312,917.8499755859375,38474
2026-04-27 06:10:00+00:00,918.8499755859375,918.8499755859375,918.9000244140625,918.25,918.5999755859375,94710
2026-04-27 06:11:00+00:00,919.9000244140625,919.9000244140625,919.9000244140625,918.9000244140625,918.9000244140625,23316
2026-04-27 06:12:00+00:00,918.7999877929688,918.7999877929688,919.9000244140625,918.5499877929688,919.9000244140625,17868
2026-04-27 06:13:00+00:00,919.8499755859375,919.8499755859375,919.9000244140625,918.5499877929688,918.5499877929688,22502
2026-04-27 06:14:00+00:00,920.5,920.5,920.9000244140625,919.6500244140625,919.6500244140625,28679
2026-04-27 06:15:00+00:00,920.5499877929688,920.5499877929688,920.9000244140625,919.5999755859375,920.2999877929688,13309
2026-04-27 06:16:00+00:00,920.6500244140625,920.6500244140625,920.6500244140625,919.6500244140625,920.2000122070312,5250
2026-04-27 06:17:00+00:00,920.75,920.75,921.2999877929688,920.0499877929688,920.4000244140625,11485
2026-04-27 06:18:00+00:00,921.5999755859375,921.5999755859375,921.5999755859375,920.1500244140625,920.5,5355
2026-04-27 06:19:00+00:00,921.3499755859375,921.3499755859375,922.0,921.0999755859375,921.5499877929688,10692
2026-04-27 06:20:00+00:00,921.1500244140625,921.1500244140625,921.8499755859375,920.8499755859375,921.3499755859375,19912
2026-04-27 06:21:00+00:00,920.5,920.5,921.3499755859375,920.4000244140625,921.1500244140625,12728
2026-04-27 06:22:00+00:00,920.5499877929688,920.5499877929688,920.7999877929688,920.0,920.4000244140625,8897
2026-04-27 06:23:00+00:00,920.4000244140625,920.4000244140625,920.7999877929688,920.0,920.5,6218
2026-04-27 06:24:00+00:00,920.2999877929688,920.2999877929688,920.4500122070312,919.5,920.4000244140625,10154
2026-04-27 06:25:00+00:00,920.75,920.75,920.9000244140625,920.0499877929688,920.0499877929688,6836
2026-04-27 06:26:00+00:00,920.2999877929688,920.2999877929688,921.0,920.0,920.7999877929688,50520
2026-04-27 06:27:00+00:00,920.3499755859375,920.3499755859375,920.5,919.4500122070312,920.4500122070312,54687
2026-04-27 06:28:00+00:00,920.5,920.5,920.7000122070312,919.9000244140625,920.0999755859375,9870
2026-04-27 06:29:00+00:00,920.8499755859375,920.8499755859375,921.2999877929688,920.3499755859375,920.4500122070312,6282
2026-04-27 06:30:00+00:00,920.0999755859375,920.0999755859375,920.9500122070312,919.75,920.6500244140625,6847
2026-04-27 06:31:00+00:00,919.9000244140625,919.9000244140625,920.4500122070312,919.6500244140625,920.25,5070
2026-04-27 06:32:00+00:00,920.4500122070312,920.4500122070312,920.9000244140625,920.0499877929688,920.0499877929688,4706
2026-04-27 06:33:00+00:00,920.6500244140625,920.6500244140625,920.7999877929688,920.0999755859375,920.4500122070312,24803
2026-04-27 06:34:00+00:00,921.3499755859375,921.3499755859375,921.5,920.25,920.25,5585
2026-04-27 06:35:00+00:00,921.7000122070312,921.7000122070312,921.7999877929688,920.9500122070312,921.25,5570
2026-04-27 06:36:00+00:00,922.0,922.0,922.0,921.3499755859375,921.7000122070312,5341
2026-04-27 06:37:00+00:00,922.3499755859375,922.3499755859375,922.4000244140625,921.5499877929688,921.7999877929688,12314
2026-04-27 06:38:00+00:00,923.0499877929688,923.0499877929688,923.2000122070312,922.2999877929688,922.2999877929688,10202
2026-04-27 06:39:00+00:00,922.5499877929688,922.5499877929688,922.9500122070312,922.2999877929688,922.5499877929688,14206
2026-04-27 06:40:00+00:00,922.9500122070312,922.9500122070312,922.9500122070312,922.3499755859375,922.5499877929688,3708
2026-04-27 06:41:00+00:00,922.25,922.25,922.9500122070312,922.0999755859375,922.9000244140625,8695
2026-04-27 06:42:00+00:00,922.2999877929688,922.2999877929688,922.3499755859375,921.1500244140625,922.3499755859375,6506
2026-04-27 06:43:00+00:00,921.6500244140625,921.6500244140625,922.5499877929688,921.6500244140625,922.0999755859375,5049
2026-04-27 06:44:00+00:00,922.0499877929688,922.0499877929688,922.0499877929688,921.0999755859375,921.6500244140625,5273
2026-04-27 06:45:00+00:00,921.0,921.0,922.1500244140625,921.0,922.0499877929688,23074
2026-04-27 06:46:00+00:00,921.0,921.0,921.25,920.2000122070312,920.75,4911
2026-04-27 06:47:00+00:00,921.25,921.25,921.25,920.5,921.0,5332
2026-04-27 06:48:00+00:00,921.2999877929688,921.2999877929688,921.5,921.0,921.0,5058
2026-04-27 06:49:00+00:00,921.0,921.0,921.5,921.0,921.2000122070312,8416
2026-04-27 06:50:00+00:00,920.25,920.25,920.9500122070312,920.0499877929688,920.9500122070312,4761
2026-04-27 06:51:00+00:00,920.25,920.25,920.6500244140625,920.0,920.0999755859375,3629
2026-04-27 06:52:00+00:00,919.6500244140625,919.6500244140625,920.2000122070312,919.2999877929688,920.0499877929688,12698
2026-04-27 06:53:00+00:00,920.0,920.0,920.0,919.2999877929688,919.6500244140625,3658
2026-04-27 06:54:00+00:00,920.2999877929688,920.2999877929688,920.4500122070312,919.75,919.8499755859375,4550
2026-04-27 06:55:00+00:00,920.5999755859375,920.5999755859375,921.0,919.9500122070312,920.2999877929688,4406
2026-04-27 06:56:00+00:00,921.2999877929688,921.2999877929688,921.4000244140625,920.2999877929688,920.7000122070312,8227
2026-04-27 06:57:00+00:00,921.2999877929688,921.2999877929688,921.4500122070312,920.8499755859375,921.2999877929688,3982
2026-04-27 06:58:00+00:00,921.5,921.5,921.5,920.5999755859375,921.2999877929688,5055
2026-04-27 06:59:00+00:00,921.0,921.0,921.5,921.0,921.2999877929688,5548
2026-04-27 07:00:00+00:00,921.5,921.5,921.5,920.8499755859375,920.8499755859375,3847
2026-04-27 07:01:00+00:00,921.5,921.5,921.5,921.1500244140625,921.5,3374
2026-04-27 07:02:00+00:00,922.0499877929688,922.0499877929688,922.5,921.4000244140625,921.5,34064
2026-04-27 07:03:00+00:00,922.4000244140625,922.4000244140625,922.5,921.75,921.75,3783
2026-04-27 07:04:00+00:00,922.7999877929688,922.7999877929688,922.8499755859375,922.0,922.0,7569
2026-04-27 07:05:00+00:00,922.7000122070312,922.7000122070312,922.7999877929688,922.5499877929688,922.7999877929688,3975
2026-04-27 07:06:00+00:00,922.4500122070312,922.4500122070312,922.8499755859375,922.3499755859375,922.7000122070312,11453
2026-04-27 07:07:00+00:00,922.9000244140625,922.9000244140625,922.9000244140625,922.4000244140625,922.4500122070312,10931
2026-04-27 07:08:00+00:00,922.9000244140625,922.9000244140625,922.9000244140625,922.4500122070312,922.5,12820
2026-04-27 07:09:00+00:00,922.25,922.25,922.9000244140625,921.75,922.9000244140625,7240
2026-04-27 07:10:00+00:00,922.1500244140625,922.1500244140625,922.5999755859375,922.0,922.1500244140625,5489
2026-04-27 07:11:00+00:00,921.5999755859375,921.5999755859375,922.0,921.2000122070312,922.0,8002
2026-04-27 07:12:00+00:00,921.5999755859375,921.5999755859375,921.9000244140625,921.4500122070312,921.5999755859375,2893
2026-04-27 07:13:00+00:00,922.0,922.0,922.0,921.2000122070312,921.5999755859375,5735
2026-04-27 07:14:00+00:00,921.9500122070312,921.9500122070312,922.0,921.5999755859375,922.0,2133
2026-04-27 07:15:00+00:00,922.0,922.0,922.0,921.7000122070312,921.75,3627
2026-04-27 07:16:00+00:00,922.6500244140625,922.6500244140625,922.7999877929688,922.0,922.0,4871
2026-04-27 07:17:00+00:00,922.5499877929688,922.5499877929688,922.7999877929688,922.25,922.4500122070312,4021
2026-04-27 07:18:00+00:00,922.2000122070312,922.2000122070312,922.5499877929688,922.0499877929688,922.5499877929688,7216
2026-04-27 07:19:00+00:00,922.7999877929688,922.7999877929688,922.7999877929688,922.2000122070312,922.4500122070312,6368
2026-04-27 07:20:00+00:00,922.4000244140625,922.4000244140625,922.7999877929688,922.4000244140625,922.7999877929688,5410
2026-04-27 07:21:00+00:00,922.4000244140625,922.4000244140625,922.4000244140625,921.5499877929688,922.4000244140625,10650
2026-04-27 07:22:00+00:00,922.5,922.5,922.5,922.0499877929688,922.1500244140625,3245
2026-04-27 07:23:00+00:00,922.3499755859375,922.3499755859375,922.5999755859375,922.1500244140625,922.25,3366
2026-04-27 07:24:00+00:00,921.0499877929688,921.0499877929688,922.0,921.0499877929688,922.0,4397
2026-04-27 07:25:00+00:00,920.5999755859375,920.5999755859375,921.3499755859375,920.5999755859375,921.0,5561
2026-04-27 07:26:00+00:00,920.0999755859375,920.0999755859375,920.75,920.0999755859375,920.5999755859375,4596
2026-04-27 07:27:00+00:00,919.75,919.75,920.2000122070312,919.5499877929688,920.0999755859375,7555
2026-04-27 07:28:00+00:00,919.5,919.5,919.7999877929688,919.0499877929688,919.7999877929688,5760
2026-04-27 07:29:00+00:00,919.2000122070312,919.2000122070312,919.5999755859375,918.7999877929688,919.3499755859375,14318
2026-04-27 07:30:00+00:00,920.6500244140625,920.6500244140625,920.6500244140625,919.2000122070312,919.2000122070312,4815
2026-04-27 07:31:00+00:00,920.4000244140625,920.4000244140625,921.0,919.7000122070312,920.6500244140625,4409
2026-04-27 07:32:00+00:00,920.0999755859375,920.0999755859375,920.6500244140625,920.0,920.2999877929688,4086
2026-04-27 07:33:00+00:00,921.0499877929688,921.0499877929688,921.1500244140625,920.1500244140625,920.1500244140625,4111
2026-04-27 07:34:00+00:00,921.4500122070312,921.4500122070312,921.75,920.6500244140625,921.0999755859375,5128
2026-04-27 07:35:00+00:00,920.4000244140625,920.4000244140625,921.75,920.1500244140625,921.5999755859375,31162
2026-04-27 07:36:00+00:00,921.8499755859375,921.8499755859375,921.8499755859375,920.0499877929688,920.4500122070312,5250
2026-04-27 07:37:00+00:00,921.75,921.75,921.9500122070312,921.5499877929688,921.5999755859375,3292
2026-04-27 07:38:00+00:00,921.5499877929688,921.5499877929688,921.75,921.2999877929688,921.5999755859375,6577
2026-04-27 07:39:00+00:00,922.0,922.0,922.0,921.5,921.5,7318
2026-04-27 07:40:00+00:00,922.2999877929688,922.2999877929688,922.2999877929688,921.8499755859375,921.8499755859375,3543
2026-04-27 07:41:00+00:00,920.4500122070312,920.4500122070312,922.25,920.4500122070312,922.25,8835
2026-04-27 07:42:00+00:00,921.0,921.0,921.0,920.2999877929688,920.2999877929688,9584
2026-04-27 07:43:00+00:00,921.5499877929688,921.5499877929688,921.5499877929688,920.9500122070312,920.9500122070312,32263
2026-04-27 07:44:00+00:00,922.0,922.0,922.0,921.2999877929688,921.5499877929688,5252
2026-04-27 07:45:00+00:00,923.6500244140625,923.6500244140625,923.6500244140625,921.9000244140625,921.9000244140625,15911
2026-04-27 07:46:00+00:00,923.8499755859375,923.8499755859375,924.2000122070312,923.5499877929688,923.7000122070312,10618
2026-04-27 07:47:00+00:00,924.0,924.0,924.3499755859375,923.7000122070312,923.8499755859375,20645
2026-04-27 07:48:00+00:00,923.8499755859375,923.8499755859375,924.0,923.0,923.5999755859375,17046
2026-04-27 07:49:00+00:00,923.5499877929688,923.5499877929688,923.9500122070312,923.5,923.8499755859375,5064
2026-04-27 07:50:00+00:00,923.7000122070312,923.7000122070312,923.7999877929688,923.0999755859375,923.5,7359
2026-04-27 07:51:00+00:00,924.0,924.0,924.0,923.3499755859375,923.3499755859375,29338
2026-04-27 07:52:00+00:00,924.5499877929688,924.5499877929688,924.5999755859375,923.6500244140625,923.7999877929688,26746
2026-04-27 07:53:00+00:00,924.7999877929688,924.7999877929688,924.7999877929688,924.3499755859375,924.5499877929688,7114
2026-04-27 07:54:00+00:00,924.0499877929688,924.0499877929688,924.9000244140625,924.0499877929688,924.5999755859375,7154
2026-04-27 07:55:00+00:00,923.9000244140625,923.9000244140625,924.3499755859375,923.75,924.1500244140625,5550
2026-04-27 07:56:00+00:00,923.7000122070312,923.7000122070312,923.9000244140625,923.25,923.9000244140625,5347
2026-04-27 07:57:00+00:00,924.1500244140625,924.1500244140625,924.5999755859375,923.7000122070312,923.7000122070312,13924
2026-04-27 07:58:00+00:00,923.8499755859375,923.8499755859375,924.2999877929688,923.6500244140625,924.2999877929688,5281
2026-04-27 07:59:00+00:00,923.2999877929688,923.2999877929688,923.7000122070312,923.0999755859375,923.5999755859375,2924
2026-04-27 08:00:00+00:00,923.4500122070312,923.4500122070312,923.75,922.7000122070312,923.2999877929688,8360
2026-04-27 08:01:00+00:00,923.2999877929688,923.2999877929688,923.6500244140625,923.0999755859375,923.4500122070312,5312
2026-04-27 08:02:00+00:00,923.4000244140625,923.4000244140625,923.5,922.7999877929688,923.0499877929688,5130
2026-04-27 08:03:00+00:00,923.7999877929688,923.7999877929688,923.7999877929688,923.3499755859375,923.3499755859375,7148
2026-04-27 08:04:00+00:00,923.75,923.75,923.7999877929688,923.5499877929688,923.75,4199
2026-04-27 08:05:00+00:00,924.5499877929688,924.5499877929688,924.8499755859375,923.5,923.7999877929688,29824
2026-04-27 08:06:00+00:00,924.7999877929688,924.7999877929688,924.9000244140625,924.5499877929688,924.5499877929688,11153
2026-04-27 08:07:00+00:00,924.75,924.75,925.4000244140625,924.5499877929688,924.5499877929688,37531
2026-04-27 08:08:00+00:00,923.8499755859375,923.8499755859375,925.0499877929688,923.8499755859375,925.0,15899
2026-04-27 08:09:00+00:00,923.9500122070312,923.9500122070312,924.5,923.7999877929688,924.0,12398
2026-04-27 08:10:00+00:00,923.7999877929688,923.7999877929688,924.0,923.3499755859375,923.5499877929688,33664
2026-04-27 08:11:00+00:00,924.8499755859375,924.8499755859375,925.0,923.6500244140625,923.8499755859375,37124
2026-04-27 08:12:00+00:00,926.4000244140625,926.4000244140625,926.4000244140625,924.9500122070312,925.0,66298
2026-04-27 08:13:00+00:00,926.1500244140625,926.1500244140625,926.5,926.1500244140625,926.2999877929688,9476
2026-04-27 08:14:00+00:00,926.9000244140625,926.9000244140625,926.9000244140625,926.0,926.1500244140625,17399
2026-04-27 08:15:00+00:00,927.0,927.0,927.0,926.7000122070312,926.9000244140625,56295
2026-04-27 08:16:00+00:00,927.7999877929688,927.7999877929688,927.7999877929688,926.9500122070312,927.0,19475
2026-04-27 08:17:00+00:00,928.4000244140625,928.4000244140625,928.5999755859375,927.3499755859375,927.75,17999
2026-04-27 08:18:00+00:00,928.4000244140625,928.4000244140625,928.9000244140625,927.2000122070312,928.0999755859375,45629
2026-04-27 08:19:00+00:00,928.0999755859375,928.0999755859375,928.4000244140625,927.5999755859375,928.0,43561
2026-04-27 08:20:00+00:00,927.7000122070312,927.7000122070312,928.1500244140625,926.9000244140625,928.1500244140625,30041
2026-04-27 08:21:00+00:00,927.4000244140625,927.4000244140625,927.75,927.0999755859375,927.5499877929688,14017
2026-04-27 08:22:00+00:00,928.1500244140625,928.1500244140625,928.2000122070312,927.4000244140625,927.5499877929688,14306
2026-04-27 08:23:00+00:00,928.4000244140625,928.4000244140625,928.4000244140625,927.7000122070312,928.0,9594
2026-04-27 08:24:00+00:00,928.5,928.5,928.9500122070312,928.0999755859375,928.2000122070312,14831
2026-04-27 08:25:00+00:00,927.8499755859375,927.8499755859375,928.5,927.5999755859375,928.1500244140625,7947
2026-04-27 08:26:00+00:00,928.0,928.0,928.0,927.5,927.9000244140625,6388
2026-04-27 08:27:00+00:00,928.0,928.0,928.0,927.6500244140625,927.7000122070312,3687
2026-04-27 08:28:00+00:00,928.25,928.25,928.3499755859375,927.9000244140625,927.9000244140625,12596
2026-04-27 08:29:00+00:00,928.5,928.5,928.5,928.0,928.1500244140625,5742
2026-04-27 08:30:00+00:00,927.75,927.75,928.5,927.5999755859375,928.4500122070312,6733
2026-04-27 08:31:00+00:00,927.9000244140625,927.9000244140625,928.0499877929688,927.6500244140625,927.75,5981
2026-04-27 08:32:00+00:00,927.75,927.75,927.9000244140625,927.0499877929688,927.7999877929688,3901
2026-04-27 08:33:00+00:00,927.6500244140625,927.6500244140625,927.9000244140625,927.1500244140625,927.5999755859375,9359
2026-04-27 08:34:00+00:00,927.8499755859375,927.8499755859375,927.9000244140625,927.4000244140625,927.6500244140625,2547
2026-04-27 08:35:00+00:00,928.0,928.0,928.0,927.7000122070312,927.75,3465
2026-04-27 08:36:00+00:00,928.3499755859375,928.3499755859375,928.5499877929688,927.9000244140625,927.9000244140625,8464
2026-04-27 08:37:00+00:00,928.0999755859375,928.0999755859375,928.2999877929688,927.9000244140625,928.2999877929688,2909
2026-04-27 08:38:00+00:00,928.0999755859375,928.0999755859375,928.0999755859375,927.9500122070312,927.9500122070312,3038
2026-04-27 08:39:00+00:00,927.3499755859375,927.3499755859375,928.0999755859375,927.1500244140625,927.75,6314
2026-04-27 08:40:00+00:00,927.0499877929688,927.0499877929688,927.5499877929688,927.0,927.3499755859375,18385
2026-04-27 08:41:00+00:00,927.9000244140625,927.9000244140625,927.9000244140625,926.0999755859375,927.2000122070312,10803
2026-04-27 08:42:00+00:00,926.9000244140625,926.9000244140625,927.9500122070312,926.5999755859375,927.7999877929688,11155
2026-04-27 08:43:00+00:00,926.75,926.75,926.9000244140625,926.2000122070312,926.7000122070312,11486
2026-04-27 08:44:00+00:00,926.9000244140625,926.9000244140625,926.9000244140625,926.5999755859375,926.5999755859375,3718
2026-04-27 08:45:00+00:00,926.7000122070312,926.7000122070312,926.9000244140625,926.7000122070312,926.9000244140625,5424
2026-04-27 08:46:00+00:00,926.9000244140625,926.9000244140625,926.9000244140625,926.7000122070312,926.7000122070312,5146
2026-04-27 08:47:00+00:00,925.9000244140625,925.9000244140625,926.2999877929688,925.7999877929688,926.2999877929688,64304
2026-04-27 08:48:00+00:00,925.7000122070312,925.7000122070312,926.0999755859375,925.1500244140625,925.9500122070312,31197
2026-04-27 08:49:00+00:00,926.1500244140625,926.1500244140625,926.5,926.0,926.0,50776
2026-04-27 08:50:00+00:00,925.9000244140625,925.9000244140625,926.1500244140625,925.6500244140625,926.1500244140625,7754
2026-04-27 08:51:00+00:00,924.9500122070312,924.9500122070312,925.6500244140625,924.9500122070312,925.6500244140625,24119
2026-04-27 08:52:00+00:00,924.9000244140625,924.9000244140625,925.4000244140625,924.5999755859375,925.0999755859375,7905
2026-04-27 08:53:00+00:00,926.25,926.25,926.5,924.6500244140625,924.9000244140625,35005
2026-04-27 08:54:00+00:00,925.75,925.75,926.3499755859375,925.5999755859375,926.3499755859375,4458
2026-04-27 08:55:00+00:00,925.4500122070312,925.4500122070312,926.1500244140625,925.4500122070312,925.6500244140625,9123
2026-04-27 08:56:00+00:00,925.4500122070312,925.4500122070312,925.5499877929688,924.8499755859375,925.4500122070312,7017
2026-04-27 08:57:00+00:00,925.0,925.0,925.5,924.9000244140625,925.4500122070312,17822
2026-04-27 08:58:00+00:00,924.8499755859375,924.8499755859375,925.0,924.5499877929688,924.9500122070312,91695
2026-04-27 08:59:00+00:00,925.0,925.0,925.0,924.5,924.5,5156
2026-04-27 09:00:00+00:00,924.6500244140625,924.6500244140625,924.9000244140625,924.6500244140625,924.9000244140625,29079
2026-04-27 09:01:00+00:00,924.3499755859375,924.3499755859375,924.7999877929688,924.2000122070312,924.7999877929688,13108
2026-04-27 09:02:00+00:00,923.5,923.5,924.5499877929688,923.5,924.25,11501
2026-04-27 09:03:00+00:00,924.0999755859375,924.0999755859375,924.5499877929688,923.5499877929688,923.5499877929688,11514
2026-04-27 09:04:00+00:00,923.9500122070312,923.9500122070312,924.0499877929688,923.5999755859375,924.0499877929688,5816
2026-04-27 09:05:00+00:00,923.9000244140625,923.9000244140625,924.25,923.75,924.1500244140625,6520
2026-04-27 09:06:00+00:00,922.6500244140625,922.6500244140625,923.7999877929688,922.5499877929688,923.7000122070312,112031
2026-04-27 09:07:00+00:00,922.5499877929688,922.5499877929688,923.5,922.2999877929688,922.75,160795
2026-04-27 09:08:00+00:00,923.4000244140625,923.4000244140625,924.1500244140625,922.5,922.5,87637
2026-04-27 09:09:00+00:00,923.0,923.0,923.4000244140625,922.75,923.2000122070312,4813
2026-04-27 09:10:00+00:00,922.7999877929688,922.7999877929688,923.0,922.3499755859375,922.7999877929688,10856
2026-04-27 09:11:00+00:00,922.7999877929688,922.7999877929688,923.0,922.5999755859375,922.7999877929688,8590
2026-04-27 09:12:00+00:00,923.5499877929688,923.5499877929688,924.1500244140625,923.0,923.2000122070312,65933
2026-04-27 09:13:00+00:00,924.3499755859375,924.3499755859375,924.4500122070312,923.0,923.2000122070312,8087
2026-04-27 09:14:00+00:00,924.5,924.5,924.5,924.0499877929688,924.2000122070312,3423
2026-04-27 09:15:00+00:00,924.0499877929688,924.0499877929688,924.5,924.0499877929688,924.5,5399
2026-04-27 09:16:00+00:00,924.4500122070312,924.4500122070312,924.4500122070312,923.7000122070312,923.8499755859375,12012
2026-04-27 09:17:00+00:00,924.4500122070312,924.4500122070312,924.4500122070312,923.2999877929688,924.1500244140625,17515
2026-04-27 09:18:00+00:00,924.9500122070312,924.9500122070312,925.0,924.2000122070312,924.3499755859375,11167
2026-04-27 09:19:00+00:00,924.5999755859375,924.5999755859375,925.0,924.25,924.5999755859375,14675
2026-04-27 09:20:00+00:00,924.3499755859375,924.3499755859375,925.0,924.0499877929688,924.6500244140625,8832
2026-04-27 09:21:00+00:00,924.3499755859375,924.3499755859375,924.3499755859375,923.7999877929688,924.0,6377
2026-04-27 09:22:00+00:00,923.5,923.5,924.2999877929688,923.0999755859375,924.0,8643
2026-04-27 09:23:00+00:00,923.4500122070312,923.4500122070312,923.5499877929688,923.0999755859375,923.2999877929688,5899
2026-04-27 09:24:00+00:00,923.5,923.5,923.9500122070312,923.1500244140625,923.25,5149
2026-04-27 09:25:00+00:00,924.1500244140625,924.1500244140625,924.25,923.4000244140625,923.4500122070312,21441
2026-04-27 09:26:00+00:00,924.4500122070312,924.4500122070312,924.4500122070312,923.7999877929688,924.0,33755
2026-04-27 09:27:00+00:00,924.25,924.25,924.6500244140625,923.9000244140625,924.25,20019
2026-04-27 09:28:00+00:00,924.2999877929688,924.2999877929688,924.6500244140625,924.0499877929688,924.2999877929688,15929
2026-04-27 09:29:00+00:00,924.4000244140625,924.4000244140625,924.4000244140625,923.7999877929688,924.2999877929688,23795
2026-04-27 09:30:00+00:00,924.0499877929688,924.0499877929688,924.25,923.7999877929688,924.25,24341
2026-04-27 09:31:00+00:00,922.3499755859375,922.3499755859375,924.0499877929688,922.1500244140625,924.0499877929688,24454
2026-04-27 09:32:00+00:00,921.5499877929688,921.5499877929688,922.4500122070312,921.5,922.2999877929688,21106
2026-04-27 09:33:00+00:00,921.9000244140625,921.9000244140625,921.9000244140625,921.5,921.75,23741
2026-04-27 09:34:00+00:00,922.0,922.0,922.0,921.4500122070312,921.9000244140625,19316
2026-04-27 09:35:00+00:00,920.7999877929688,920.7999877929688,921.5499877929688,920.2000122070312,921.5499877929688,42137
2026-04-27 09:36:00+00:00,920.0499877929688,920.0499877929688,920.9500122070312,920.0499877929688,920.8499755859375,35511
2026-04-27 09:37:00+00:00,921.25,921.25,921.4000244140625,920.0,920.0,26999
2026-04-27 09:38:00+00:00,921.6500244140625,921.6500244140625,921.7999877929688,920.75,921.4500122070312,41118
2026-04-27 09:39:00+00:00,922.1500244140625,922.1500244140625,922.25,921.1500244140625,921.5,42715
2026-04-27 09:40:00+00:00,921.4000244140625,921.4000244140625,922.0999755859375,921.1500244140625,922.0999755859375,27475
2026-04-27 09:41:00+00:00,922.0999755859375,922.0999755859375,922.0999755859375,921.3499755859375,921.3499755859375,43503
2026-04-27 09:42:00+00:00,922.2999877929688,922.2999877929688,922.6500244140625,921.6500244140625,922.0999755859375,34173
2026-04-27 09:43:00+00:00,921.8499755859375,921.8499755859375,922.4000244140625,921.5999755859375,922.2999877929688,19235
2026-04-27 09:44:00+00:00,921.2000122070312,921.2000122070312,922.0,921.2000122070312,922.0,20453
2026-04-27 09:45:00+00:00,921.3499755859375,921.3499755859375,921.4000244140625,920.6500244140625,920.9000244140625,43841
2026-04-27 09:46:00+00:00,921.5,921.5,921.6500244140625,921.0499877929688,921.4000244140625,30574
2026-04-27 09:47:00+00:00,921.0499877929688,921.0499877929688,921.6500244140625,921.0499877929688,921.1500244140625,23483
2026-04-27 09:48:00+00:00,920.75,920.75,921.3499755859375,920.75,921.1500244140625,21203
2026-04-27 09:49:00+00:00,920.7999877929688,920.7999877929688,920.7999877929688,920.5,920.75,26490
2026-04-27 09:50:00+00:00,922.0999755859375,922.0999755859375,922.0999755859375,920.7999877929688,921.0499877929688,36079
2026-04-27 09:51:00+00:00,922.7000122070312,922.7000122070312,922.7000122070312,922.0,922.0,29973
2026-04-27 09:52:00+00:00,923.0499877929688,923.0499877929688,923.4500122070312,922.5,922.7000122070312,26709
2026-04-27 09:53:00+00:00,923.2999877929688,923.2999877929688,923.4500122070312,922.5499877929688,923.2000122070312,31543
2026-04-27 09:54:00+00:00,922.8499755859375,922.8499755859375,923.4000244140625,922.2000122070312,922.7999877929688,49992
2026-04-27 09:55:00+00:00,922.4500122070312,922.4500122070312,923.5,922.4500122070312,922.9000244140625,42193
2026-04-27 09:56:00+00:00,921.6500244140625,921.6500244140625,922.8499755859375,921.4000244140625,922.5499877929688,29726
2026-04-27 09:57:00+00:00,921.1500244140625,921.1500244140625,922.0499877929688,921.0999755859375,921.6500244140625,41074
2026-04-27 09:58:00+00:00,923.0,923.0,923.0,920.5999755859375,921.0999755859375,53916
2026-04-27 09:59:00+00:00,924.0,924.0,924.0,921.0,922.7000122070312,23329
2026-04-28 03:45:00+00:00,922.0999755859375,922.0999755859375,922.25,915.75,921.8499755859375,0
2026-04-28 03:46:00+00:00,923.25,923.25,924.5,921.0,922.0999755859375,56723
2026-04-28 03:47:00+00:00,921.2000122070312,921.2000122070312,924.0,921.2000122070312,923.7000122070312,44669
2026-04-28 03:48:00+00:00,921.6500244140625,921.6500244140625,922.6500244140625,921.1500244140625,921.25,46027
2026-04-28 03:49:00+00:00,923.7999877929688,923.7999877929688,924.0,921.4500122070312,922.1500244140625,73251
2026-04-28 03:50:00+00:00,924.3499755859375,924.3499755859375,924.75,923.7999877929688,924.0,48982
2026-04-28 03:51:00+00:00,924.5499877929688,924.5499877929688,924.7000122070312,924.0,924.5,26360
2026-04-28 03:52:00+00:00,923.4500122070312,923.4500122070312,924.5,923.4500122070312,924.5,15235
2026-04-28 03:53:00+00:00,923.5999755859375,923.5999755859375,924.5,923.5999755859375,923.6500244140625,25737
2026-04-28 03:54:00+00:00,923.5,923.5,923.9000244140625,922.75,923.8499755859375,23546
2026-04-28 03:55:00+00:00,926.5999755859375,926.5999755859375,926.5999755859375,923.9000244140625,923.9000244140625,32614
2026-04-28 03:56:00+00:00,927.6500244140625,927.6500244140625,927.7999877929688,926.6500244140625,926.6500244140625,34506
2026-04-28 03:57:00+00:00,927.5,927.5,927.7999877929688,927.0999755859375,927.7999877929688,17535
2026-04-28 03:58:00+00:00,928.6500244140625,928.6500244140625,928.6500244140625,927.5,927.5,61753
2026-04-28 03:59:00+00:00,929.2000122070312,929.2000122070312,929.7999877929688,928.75,929.0,35355
2026-04-28 04:00:00+00:00,929.7000122070312,929.7000122070312,929.9000244140625,929.2000122070312,929.4500122070312,20996
2026-04-28 04:01:00+00:00,929.25,929.25,929.7000122070312,929.0499877929688,929.7000122070312,15434
2026-04-28 04:02:00+00:00,928.1500244140625,928.1500244140625,929.2000122070312,928.1500244140625,929.2000122070312,13207
2026-04-28 04:03:00+00:00,929.0999755859375,929.0999755859375,929.0999755859375,928.0999755859375,928.4000244140625,28833
2026-04-28 04:04:00+00:00,927.4500122070312,927.4500122070312,929.1500244140625,927.4500122070312,928.9500122070312,16797
2026-04-28 04:05:00+00:00,925.0,925.0,926.9500122070312,925.0,926.6500244140625,17610
2026-04-28 04:06:00+00:00,927.4000244140625,927.4000244140625,928.0999755859375,925.2000122070312,925.2000122070312,17644
2026-04-28 04:07:00+00:00,926.9500122070312,926.9500122070312,927.75,926.4000244140625,927.5499877929688,29208
2026-04-28 04:08:00+00:00,928.5499877929688,928.5499877929688,928.6500244140625,926.7000122070312,927.0,14449
2026-04-28 04:09:00+00:00,926.9000244140625,926.9000244140625,928.7000122070312,926.7000122070312,928.5999755859375,11812
2026-04-28 04:10:00+00:00,927.2999877929688,927.2999877929688,927.7999877929688,926.9500122070312,927.0,8104
2026-04-28 04:11:00+00:00,927.0999755859375,927.0999755859375,927.7000122070312,926.8499755859375,927.5999755859375,19745
2026-04-28 04:12:00+00:00,926.6500244140625,926.6500244140625,927.5999755859375,926.5999755859375,927.2000122070312,16781
2026-04-28 04:13:00+00:00,926.0,926.0,926.9500122070312,926.0,926.6500244140625,11285
2026-04-28 04:14:00+00:00,926.2999877929688,926.2999877929688,926.5,926.25,926.25,12605
2026-04-28 04:15:00+00:00,926.5,926.5,926.9000244140625,926.0499877929688,926.2999877929688,12126
2026-04-28 04:16:00+00:00,927.4000244140625,927.4000244140625,927.9000244140625,926.9500122070312,927.0,20043
2026-04-28 04:17:00+00:00,927.2999877929688,927.2999877929688,927.5499877929688,927.0,927.4000244140625,8966
2026-04-28 04:18:00+00:00,926.5499877929688,926.5499877929688,927.5999755859375,926.4000244140625,927.5999755859375,11599
2026-04-28 04:19:00+00:00,926.6500244140625,926.6500244140625,926.8499755859375,926.4000244140625,926.5,10970
2026-04-28 04:20:00+00:00,926.9000244140625,926.9000244140625,927.0,926.5,926.6500244140625,13313
2026-04-28 04:21:00+00:00,927.0999755859375,927.0999755859375,927.4000244140625,926.75,926.75,10608
2026-04-28 04:22:00+00:00,926.6500244140625,926.6500244140625,927.2000122070312,926.5,926.9500122070312,5749
2026-04-28 04:23:00+00:00,926.0,926.0,927.0,925.5,927.0,4318
2026-04-28 04:24:00+00:00,924.9000244140625,924.9000244140625,926.0,924.3499755859375,926.0,14960
2026-04-28 04:25:00+00:00,925.7000122070312,925.7000122070312,926.0499877929688,925.1500244140625,925.25,6067
2026-04-28 04:26:00+00:00,926.0999755859375,926.0999755859375,926.5499877929688,925.75,925.9000244140625,6769
2026-04-28 04:27:00+00:00,925.5499877929688,925.5499877929688,926.0999755859375,925.5,926.0999755859375,8910
2026-04-28 04:28:00+00:00,925.0,925.0,925.6500244140625,924.5999755859375,925.6500244140625,11567
2026-04-28 04:29:00+00:00,925.2999877929688,925.2999877929688,925.5999755859375,924.75,925.3499755859375,9652
2026-04-28 04:30:00+00:00,925.25,925.25,925.4500122070312,924.5499877929688,925.1500244140625,8010
2026-04-28 04:31:00+00:00,924.9000244140625,924.9000244140625,925.5,924.6500244140625,925.25,5046
2026-04-28 04:32:00+00:00,925.4000244140625,925.4000244140625,925.4000244140625,924.4000244140625,924.8499755859375,9990
2026-04-28 04:33:00+00:00,927.2000122070312,927.2000122070312,927.2000122070312,925.8499755859375,925.8499755859375,18289
2026-04-28 04:34:00+00:00,927.8499755859375,927.8499755859375,927.8499755859375,926.9000244140625,927.0499877929688,18177
2026-04-28 04:35:00+00:00,927.0499877929688,927.0499877929688,927.5999755859375,926.1500244140625,927.5,10459
2026-04-28 04:36:00+00:00,927.9000244140625,927.9000244140625,927.9000244140625,926.5,927.0499877929688,10028
2026-04-28 04:37:00+00:00,927.5999755859375,927.5999755859375,927.9500122070312,927.2999877929688,927.9500122070312,8012
2026-04-28 04:38:00+00:00,927.5499877929688,927.5499877929688,927.9000244140625,927.4000244140625,927.5999755859375,8760
2026-04-28 04:39:00+00:00,927.1500244140625,927.1500244140625,928.0,927.0999755859375,927.7999877929688,11811
2026-04-28 04:40:00+00:00,926.75,926.75,927.2999877929688,926.75,927.2999877929688,8433
2026-04-28 04:41:00+00:00,925.8499755859375,925.8499755859375,926.9000244140625,925.8499755859375,926.9000244140625,9869
2026-04-28 04:42:00+00:00,924.0,924.0,926.0,924.0,926.0,17783
2026-04-28 04:43:00+00:00,924.3499755859375,924.3499755859375,924.75,924.0499877929688,924.0499877929688,7779
2026-04-28 04:44:00+00:00,924.6500244140625,924.6500244140625,924.6500244140625,924.25,924.4500122070312,20643
2026-04-28 04:45:00+00:00,925.4000244140625,925.4000244140625,925.5,924.3499755859375,924.7000122070312,5741
2026-04-28 04:46:00+00:00,925.5499877929688,925.5499877929688,925.7000122070312,925.0999755859375,925.7000122070312,31398
2026-04-28 04:47:00+00:00,924.9000244140625,924.9000244140625,925.7000122070312,924.9000244140625,925.7000122070312,9432
2026-04-28 04:48:00+00:00,925.25,925.25,925.2999877929688,925.0,925.25,5495
2026-04-28 04:49:00+00:00,925.4000244140625,925.4000244140625,925.8499755859375,925.2000122070312,925.2000122070312,7291
2026-04-28 04:50:00+00:00,925.4500122070312,925.4500122070312,925.4500122070312,925.3499755859375,925.4500122070312,2398
2026-04-28 04:51:00+00:00,925.2999877929688,925.2999877929688,925.6500244140625,925.2999877929688,925.3499755859375,6355
2026-04-28 04:52:00+00:00,925.4000244140625,925.4000244140625,925.7000122070312,925.1500244140625,925.4000244140625,7652
2026-04-28 04:53:00+00:00,925.2000122070312,925.2000122070312,925.7999877929688,925.2000122070312,925.7999877929688,10391
2026-04-28 04:54:00+00:00,925.1500244140625,925.1500244140625,925.25,925.0,925.0499877929688,8593
2026-04-28 04:55:00+00:00,925.5499877929688,925.5499877929688,925.5499877929688,925.0499877929688,925.1500244140625,8339
2026-04-28 04:56:00+00:00,925.5,925.5,925.5,925.25,925.25,6382
2026-04-28 04:57:00+00:00,925.4500122070312,925.4500122070312,925.5,925.3499755859375,925.5,6366
2026-04-28 04:58:00+00:00,925.2999877929688,925.2999877929688,925.5,925.2000122070312,925.5,2326
2026-04-28 04:59:00+00:00,925.25,925.25,925.6500244140625,925.25,925.25,6365
2026-04-28 05:00:00+00:00,925.0,925.0,925.5999755859375,925.0,925.4500122070312,7615
2026-04-28 05:01:00+00:00,925.4000244140625,925.4000244140625,925.5999755859375,925.0,925.0,5580
2026-04-28 05:02:00+00:00,925.4500122070312,925.4500122070312,925.5999755859375,925.2999877929688,925.2999877929688,18306
2026-04-28 05:03:00+00:00,925.2000122070312,925.2000122070312,925.7000122070312,925.2000122070312,925.5,6488
2026-04-28 05:04:00+00:00,925.0,925.0,925.2999877929688,925.0,925.25,6812
2026-04-28 05:05:00+00:00,924.7000122070312,924.7000122070312,925.0999755859375,924.6500244140625,924.8499755859375,7296
2026-04-28 05:06:00+00:00,925.2000122070312,925.2000122070312,925.2000122070312,924.2999877929688,924.7999877929688,7066
2026-04-28 05:07:00+00:00,924.7000122070312,924.7000122070312,925.2999877929688,924.7000122070312,925.2999877929688,3714
2026-04-28 05:08:00+00:00,924.7000122070312,924.7000122070312,924.8499755859375,924.5499877929688,924.8499755859375,3565
2026-04-28 05:09:00+00:00,925.6500244140625,925.6500244140625,925.6500244140625,925.0,925.0,6032
2026-04-28 05:10:00+00:00,925.9000244140625,925.9000244140625,926.0999755859375,925.5499877929688,925.6500244140625,16752
2026-04-28 05:11:00+00:00,925.9500122070312,925.9500122070312,925.9500122070312,925.3499755859375,925.8499755859375,5973
2026-04-28 05:12:00+00:00,925.2000122070312,925.2000122070312,925.9500122070312,925.2000122070312,925.9500122070312,7099
2026-04-28 05:13:00+00:00,925.25,925.25,925.7999877929688,925.0999755859375,925.4000244140625,5684
2026-04-28 05:14:00+00:00,925.5499877929688,925.5499877929688,925.75,925.2000122070312,925.4500122070312,4703
2026-04-28 05:15:00+00:00,926.0999755859375,926.0999755859375,926.0999755859375,925.7000122070312,925.7000122070312,6745
2026-04-28 05:16:00+00:00,926.0499877929688,926.0499877929688,926.2000122070312,926.0499877929688,926.1500244140625,27021
2026-04-28 05:17:00+00:00,926.4500122070312,926.4500122070312,927.0,925.7999877929688,927.0,15832
2026-04-28 05:18:00+00:00,925.9500122070312,925.9500122070312,926.6500244140625,925.9500122070312,926.0499877929688,7195
2026-04-28 05:19:00+00:00,925.7000122070312,925.7000122070312,926.2000122070312,925.5999755859375,926.0499877929688,3765
2026-04-28 05:20:00+00:00,925.5999755859375,925.5999755859375,926.4500122070312,925.4000244140625,925.7999877929688,12187
2026-04-28 05:21:00+00:00,925.6500244140625,925.6500244140625,926.0,925.5,925.8499755859375,2349
2026-04-28 05:22:00+00:00,925.5999755859375,925.5999755859375,925.75,925.5499877929688,925.7000122070312,4219
2026-04-28 05:23:00+00:00,925.8499755859375,925.8499755859375,926.0,925.6500244140625,925.7000122070312,2271
2026-04-28 05:24:00+00:00,926.2000122070312,926.2000122070312,926.3499755859375,925.7000122070312,925.8499755859375,10618
2026-04-28 05:25:00+00:00,925.9000244140625,925.9000244140625,926.8499755859375,925.7000122070312,926.4000244140625,9661
2026-04-28 05:26:00+00:00,925.5499877929688,925.5499877929688,926.1500244140625,925.4500122070312,925.9000244140625,11133
2026-04-28 05:27:00+00:00,925.0,925.0,925.7999877929688,924.75,925.7999877929688,8423
2026-04-28 05:28:00+00:00,924.9000244140625,924.9000244140625,925.4000244140625,924.7999877929688,925.0499877929688,4499
2026-04-28 05:29:00+00:00,925.0999755859375,925.0999755859375,925.2999877929688,924.8499755859375,925.0,6608
2026-04-28 05:30:00+00:00,924.7999877929688,924.7999877929688,925.1500244140625,924.7000122070312,925.1500244140625,3309
2026-04-28 05:31:00+00:00,924.6500244140625,924.6500244140625,925.0,924.5499877929688,925.0,3496
2026-04-28 05:32:00+00:00,924.5999755859375,924.5999755859375,925.0499877929688,924.5499877929688,924.9000244140625,7433
2026-04-28 05:33:00+00:00,924.75,924.75,925.0,924.4000244140625,924.5999755859375,8776
2026-04-28 05:34:00+00:00,924.0999755859375,924.0999755859375,924.7999877929688,924.0999755859375,924.7999877929688,9283
2026-04-28 05:35:00+00:00,923.9500122070312,923.9500122070312,924.4500122070312,923.9500122070312,924.4500122070312,4835
2026-04-28 05:36:00+00:00,923.7999877929688,923.7999877929688,924.2000122070312,923.7999877929688,923.9500122070312,10683
2026-04-28 05:37:00+00:00,923.8499755859375,923.8499755859375,924.0999755859375,923.75,923.9500122070312,11772
2026-04-28 05:38:00+00:00,923.9500122070312,923.9500122070312,924.0499877929688,923.75,924.0,3883
2026-04-28 05:39:00+00:00,923.7000122070312,923.7000122070312,923.9500122070312,923.4500122070312,923.9000244140625,5088
2026-04-28 05:40:00+00:00,923.75,923.75,924.2000122070312,923.6500244140625,923.7000122070312,12907
2026-04-28 05:41:00+00:00,923.4000244140625,923.4000244140625,924.0999755859375,923.25,923.8499755859375,8060
2026-04-28 05:42:00+00:00,922.2000122070312,922.2000122070312,923.4000244140625,922.0499877929688,923.4000244140625,18731
2026-04-28 05:43:00+00:00,922.5499877929688,922.5499877929688,922.7000122070312,922.0999755859375,922.2999877929688,7280
2026-04-28 05:44:00+00:00,922.7000122070312,922.7000122070312,923.2999877929688,922.2000122070312,922.5999755859375,18404
2026-04-28 05:45:00+00:00,922.5,922.5,923.1500244140625,922.25,923.1500244140625,4418
2026-04-28 05:46:00+00:00,921.7000122070312,921.7000122070312,922.5,921.1500244140625,922.5,12045
2026-04-28 05:47:00+00:00,921.9000244140625,921.9000244140625,921.9000244140625,920.7000122070312,921.5999755859375,26504
2026-04-28 05:48:00+00:00,921.7000122070312,921.7000122070312,921.9500122070312,921.2999877929688,921.9000244140625,4425
2026-04-28 05:49:00+00:00,922.0499877929688,922.0499877929688,922.5,921.7000122070312,921.9500122070312,8588
2026-04-28 05:50:00+00:00,923.0,923.0,923.1500244140625,922.1500244140625,922.2999877929688,7418
2026-04-28 05:51:00+00:00,923.75,923.75,924.0,922.9500122070312,922.9500122070312,11660
2026-04-28 05:52:00+00:00,923.7000122070312,923.7000122070312,923.7999877929688,922.9500122070312,923.5499877929688,16276
2026-04-28 05:53:00+00:00,924.2999877929688,924.2999877929688,924.2999877929688,923.0,923.7000122070312,11457
2026-04-28 05:54:00+00:00,923.8499755859375,923.8499755859375,924.2999877929688,923.0999755859375,924.2999877929688,7185
2026-04-28 05:55:00+00:00,923.5,923.5,924.0499877929688,922.3499755859375,924.0,10919
2026-04-28 05:56:00+00:00,922.2000122070312,922.2000122070312,923.5999755859375,922.0999755859375,923.5999755859375,7876
2026-04-28 05:57:00+00:00,922.3499755859375,922.3499755859375,923.2000122070312,922.1500244140625,922.7999877929688,30018
2026-04-28 05:58:00+00:00,922.2999877929688,922.2999877929688,922.4000244140625,921.2999877929688,922.2999877929688,12942
2026-04-28 05:59:00+00:00,921.8499755859375,921.8499755859375,922.25,921.3499755859375,922.25,17385
2026-04-28 06:00:00+00:00,921.2000122070312,921.2000122070312,921.7000122070312,920.7000122070312,921.4500122070312,14084
2026-04-28 06:01:00+00:00,921.2999877929688,921.2999877929688,921.5,920.6500244140625,920.7000122070312,7939
2026-04-28 06:02:00+00:00,921.25,921.25,921.6500244140625,921.0,921.25,10475
2026-04-28 06:03:00+00:00,918.6500244140625,918.6500244140625,921.25,918.2000122070312,921.25,54056
2026-04-28 06:04:00+00:00,919.0,919.0,919.7999877929688,918.9000244140625,918.9000244140625,20329
2026-04-28 06:05:00+00:00,919.25,919.25,919.5499877929688,919.0,919.2999877929688,6915
2026-04-28 06:06:00+00:00,919.9500122070312,919.9500122070312,920.0499877929688,919.1500244140625,919.25,9516
2026-04-28 06:07:00+00:00,920.5499877929688,920.5499877929688,920.75,920.0,920.1500244140625,5117
2026-04-28 06:08:00+00:00,920.5,920.5,920.7000122070312,920.0,920.5999755859375,4188
2026-04-28 06:09:00+00:00,920.8499755859375,920.8499755859375,920.8499755859375,920.4000244140625,920.5499877929688,4870
2026-04-28 06:10:00+00:00,920.9000244140625,920.9000244140625,920.9000244140625,920.6500244140625,920.6500244140625,5140
2026-04-28 06:11:00+00:00,920.4500122070312,920.4500122070312,921.0,920.4500122070312,920.75,7156
2026-04-28 06:12:00+00:00,919.5499877929688,919.5499877929688,920.4500122070312,919.0999755859375,920.4500122070312,13401
2026-04-28 06:13:00+00:00,919.0,919.0,919.5499877929688,919.0,919.5499877929688,15752
2026-04-28 06:14:00+00:00,919.0499877929688,919.0499877929688,919.5,918.5999755859375,919.0,17653
2026-04-28 06:15:00+00:00,919.1500244140625,919.1500244140625,919.5,918.5,919.2000122070312,8985
2026-04-28 06:16:00+00:00,919.3499755859375,919.3499755859375,919.4500122070312,919.1500244140625,919.25,5448
2026-04-28 06:17:00+00:00,918.6500244140625,918.6500244140625,919.3499755859375,918.6500244140625,919.3499755859375,10112
2026-04-28 06:18:00+00:00,918.4000244140625,918.4000244140625,918.9000244140625,918.1500244140625,918.7999877929688,12017
2026-04-28 06:19:00+00:00,918.75,918.75,918.7999877929688,918.25,918.4000244140625,7962
2026-04-28 06:20:00+00:00,920.4500122070312,920.4500122070312,921.25,918.75,918.75,101804
2026-04-28 06:21:00+00:00,919.2999877929688,919.2999877929688,920.6500244140625,919.2999877929688,920.4500122070312,10340
2026-04-28 06:22:00+00:00,919.0,919.0,919.7999877929688,918.5499877929688,919.6500244140625,10614
2026-04-28 06:23:00+00:00,918.5999755859375,918.5999755859375,919.2999877929688,918.5499877929688,919.0,7041
2026-04-28 06:24:00+00:00,918.4500122070312,918.4500122070312,918.75,918.4000244140625,918.5999755859375,4095
2026-04-28 06:25:00+00:00,918.4000244140625,918.4000244140625,918.5999755859375,918.2000122070312,918.5499877929688,5520
2026-04-28 06:26:00+00:00,918.5499877929688,918.5499877929688,918.5499877929688,918.0,918.4500122070312,14922
2026-04-28 06:27:00+00:00,918.7999877929688,918.7999877929688,919.0499877929688,918.2999877929688,918.5499877929688,25217
2026-04-28 06:28:00+00:00,918.7999877929688,918.7999877929688,919.0,918.25,918.7000122070312,66002
2026-04-28 06:29:00+00:00,918.0999755859375,918.0999755859375,919.0499877929688,918.0999755859375,918.7999877929688,13585
2026-04-28 06:30:00+00:00,917.8499755859375,917.8499755859375,918.4500122070312,917.8499755859375,918.0999755859375,16044
2026-04-28 06:31:00+00:00,917.0,917.0,918.0,917.0,918.0,17249
2026-04-28 06:32:00+00:00,917.3499755859375,917.3499755859375,917.75,916.75,917.0499877929688,15513
2026-04-28 06:33:00+00:00,917.75,917.75,917.9500122070312,917.2000122070312,917.25,8417
2026-04-28 06:34:00+00:00,917.9500122070312,917.9500122070312,917.9500122070312,917.5,917.75,15016
2026-04-28 06:35:00+00:00,918.2000122070312,918.2000122070312,918.2999877929688,917.75,917.9500122070312,7085
2026-04-28 06:36:00+00:00,918.6500244140625,918.6500244140625,918.6500244140625,918.25,918.4000244140625,6037
2026-04-28 06:37:00+00:00,918.3499755859375,918.3499755859375,918.4500122070312,918.0499877929688,918.2999877929688,8788
2026-04-28 06:38:00+00:00,918.25,918.25,918.2999877929688,918.0,918.0499877929688,6155
2026-04-28 06:39:00+00:00,918.1500244140625,918.1500244140625,918.4000244140625,918.0,918.25,5891
2026-04-28 06:40:00+00:00,918.6500244140625,918.6500244140625,918.7000122070312,918.2999877929688,918.2999877929688,4861
2026-04-28 06:41:00+00:00,918.9000244140625,918.9000244140625,919.0,918.5499877929688,918.6500244140625,26390
2026-04-28 06:42:00+00:00,920.0499877929688,920.0499877929688,920.2000122070312,918.9000244140625,918.9000244140625,36011
2026-04-28 06:43:00+00:00,920.0499877929688,920.0499877929688,920.2000122070312,920.0,920.0999755859375,11901
2026-04-28 06:44:00+00:00,919.75,919.75,920.25,919.25,920.0499877929688,41598
2026-04-28 06:45:00+00:00,920.4500122070312,920.4500122070312,920.5,919.5,919.5,11333
2026-04-28 06:46:00+00:00,920.5999755859375,920.5999755859375,920.75,920.2999877929688,920.5,10431
2026-04-28 06:47:00+00:00,921.0499877929688,921.0499877929688,921.0999755859375,920.5499877929688,920.5499877929688,6797
2026-04-28 06:48:00+00:00,920.75,920.75,921.2000122070312,920.7000122070312,920.8499755859375,6272
2026-04-28 06:49:00+00:00,919.5999755859375,919.5999755859375,920.75,919.5,920.75,23980
2026-04-28 06:50:00+00:00,919.4500122070312,919.4500122070312,920.2000122070312,919.4500122070312,919.5999755859375,9134
2026-04-28 06:51:00+00:00,918.8499755859375,918.8499755859375,919.5,918.5999755859375,919.4500122070312,12766
2026-04-28 06:52:00+00:00,918.7999877929688,918.7999877929688,919.2000122070312,918.5999755859375,918.7999877929688,12494
2026-04-28 06:53:00+00:00,918.6500244140625,918.6500244140625,919.25,918.6500244140625,918.6500244140625,7741
2026-04-28 06:54:00+00:00,919.4000244140625,919.4000244140625,919.75,918.6500244140625,918.7000122070312,7175
2026-04-28 06:55:00+00:00,919.5,919.5,919.6500244140625,919.25,919.4000244140625,5703
2026-04-28 06:56:00+00:00,919.6500244140625,919.6500244140625,919.6500244140625,919.25,919.5,5560
2026-04-28 06:57:00+00:00,919.5999755859375,919.5999755859375,919.75,919.4500122070312,919.5499877929688,6075
2026-04-28 06:58:00+00:00,918.5499877929688,918.5499877929688,919.7000122070312,918.5499877929688,919.5499877929688,8057
2026-04-28 06:59:00+00:00,919.5999755859375,919.5999755859375,919.5999755859375,918.5499877929688,918.5499877929688,48943
2026-04-28 07:00:00+00:00,919.0,919.0,920.2000122070312,918.6500244140625,919.1500244140625,58128
2026-04-28 07:01:00+00:00,919.0999755859375,919.0999755859375,919.6500244140625,918.7999877929688,918.9500122070312,14365
2026-04-28 07:02:00+00:00,918.7000122070312,918.7000122070312,919.6500244140625,918.5499877929688,919.1500244140625,10382
2026-04-28 07:03:00+00:00,919.0,919.0,919.5999755859375,918.9500122070312,919.0,12688
2026-04-28 07:04:00+00:00,920.1500244140625,920.1500244140625,920.5,919.0,919.0499877929688,50866
2026-04-28 07:05:00+00:00,920.2999877929688,920.2999877929688,920.4500122070312,919.9500122070312,919.9500122070312,12104
2026-04-28 07:06:00+00:00,921.0,921.0,921.0,920.25,920.3499755859375,7561
2026-04-28 07:07:00+00:00,920.7000122070312,920.7000122070312,921.0,920.5,920.9500122070312,5963
2026-04-28 07:08:00+00:00,920.7000122070312,920.7000122070312,920.8499755859375,920.4500122070312,920.6500244140625,5096
2026-04-28 07:09:00+00:00,920.5499877929688,920.5499877929688,920.9000244140625,920.5499877929688,920.75,20399
2026-04-28 07:10:00+00:00,921.5999755859375,921.5999755859375,921.5999755859375,920.5999755859375,920.5999755859375,27418
2026-04-28 07:11:00+00:00,921.7000122070312,921.7000122070312,922.0499877929688,921.3499755859375,921.5999755859375,45487
2026-04-28 07:12:00+00:00,922.25,922.25,922.2999877929688,921.2999877929688,921.75,15199
2026-04-28 07:13:00+00:00,921.75,921.75,922.2000122070312,921.6500244140625,922.2000122070312,37769
2026-04-28 07:14:00+00:00,922.0,922.0,922.3499755859375,921.75,921.8499755859375,14336
2026-04-28 07:15:00+00:00,922.1500244140625,922.1500244140625,922.2999877929688,921.9000244140625,922.0,6654
2026-04-28 07:16:00+00:00,922.0,922.0,922.4000244140625,922.0,922.2000122070312,16335
2026-04-28 07:17:00+00:00,923.7999877929688,923.7999877929688,924.0,922.7999877929688,922.7999877929688,36345
2026-04-28 07:18:00+00:00,924.3499755859375,924.3499755859375,924.5999755859375,923.4000244140625,923.9000244140625,13539
2026-04-28 07:19:00+00:00,924.25,924.25,925.0,923.7999877929688,924.2999877929688,48094
2026-04-28 07:20:00+00:00,924.0,924.0,924.7999877929688,923.6500244140625,924.3499755859375,36932
2026-04-28 07:21:00+00:00,924.25,924.25,924.5999755859375,923.9000244140625,924.25,18776
2026-04-28 07:22:00+00:00,923.7999877929688,923.7999877929688,924.8499755859375,923.75,924.5,34165
2026-04-28 07:23:00+00:00,923.9500122070312,923.9500122070312,924.3499755859375,923.5999755859375,923.7999877929688,13494
2026-04-28 07:24:00+00:00,924.0,924.0,924.2999877929688,923.75,924.25,21052
2026-04-28 07:25:00+00:00,925.25,925.25,925.25,923.9000244140625,924.0999755859375,54025
2026-04-28 07:26:00+00:00,924.5499877929688,924.5499877929688,925.4500122070312,924.4000244140625,925.2999877929688,44033
2026-04-28 07:27:00+00:00,923.4000244140625,923.4000244140625,925.25,923.2999877929688,924.5499877929688,61588
2026-04-28 07:28:00+00:00,922.2999877929688,922.2999877929688,923.75,922.2999877929688,923.5,16032
2026-04-28 07:29:00+00:00,922.9500122070312,922.9500122070312,923.4500122070312,922.3499755859375,922.3499755859375,34635
2026-04-28 07:30:00+00:00,922.0999755859375,922.0999755859375,923.2999877929688,922.0,923.0,20921
2026-04-28 07:31:00+00:00,922.25,922.25,922.5499877929688,921.25,922.0,24006
2026-04-28 07:32:00+00:00,922.9000244140625,922.9000244140625,923.1500244140625,922.3499755859375,922.4000244140625,36047
2026-04-28 07:33:00+00:00,922.9500122070312,922.9500122070312,923.2999877929688,922.75,922.9000244140625,31798
2026-04-28 07:34:00+00:00,922.9500122070312,922.9500122070312,923.4000244140625,922.9000244140625,923.0999755859375,15549
2026-04-28 07:35:00+00:00,922.7999877929688,922.7999877929688,923.2000122070312,922.2999877929688,922.9500122070312,23083
2026-04-28 07:36:00+00:00,922.9000244140625,922.9000244140625,923.3499755859375,922.75,923.0499877929688,25403
2026-04-28 07:37:00+00:00,923.1500244140625,923.1500244140625,923.25,922.9000244140625,922.9000244140625,12352
2026-04-28 07:38:00+00:00,922.5,922.5,922.9500122070312,922.0999755859375,922.9500122070312,42901
2026-04-28 07:39:00+00:00,921.9000244140625,921.9000244140625,922.5499877929688,921.75,922.5,28116
2026-04-28 07:40:00+00:00,921.6500244140625,921.6500244140625,922.5999755859375,921.4000244140625,922.2999877929688,26454
2026-04-28 07:41:00+00:00,921.2000122070312,921.2000122070312,922.0,920.75,921.5999755859375,21758
2026-04-28 07:42:00+00:00,921.75,921.75,921.9500122070312,921.0,921.2000122070312,8521
2026-04-28 07:43:00+00:00,921.2999877929688,921.2999877929688,922.0999755859375,921.25,921.75,21618
2026-04-28 07:44:00+00:00,922.1500244140625,922.1500244140625,922.5,921.0,921.2999877929688,44571
2026-04-28 07:45:00+00:00,921.9000244140625,921.9000244140625,922.25,921.1500244140625,922.1500244140625,31733
2026-04-28 07:46:00+00:00,921.2000122070312,921.2000122070312,922.0,921.0,921.9000244140625,12374
2026-04-28 07:47:00+00:00,921.9000244140625,921.9000244140625,922.3499755859375,921.25,921.2999877929688,10550
2026-04-28 07:48:00+00:00,922.25,922.25,922.75,921.9500122070312,921.9500122070312,21379
2026-04-28 07:49:00+00:00,922.4500122070312,922.4500122070312,923.3499755859375,922.1500244140625,922.2000122070312,23971
2026-04-28 07:50:00+00:00,922.0,922.0,922.5,921.4500122070312,922.3499755859375,27625
2026-04-28 07:51:00+00:00,921.9000244140625,921.9000244140625,922.25,921.4500122070312,922.0,12190
2026-04-28 07:52:00+00:00,922.5999755859375,922.5999755859375,922.9500122070312,921.75,921.7999877929688,14108
2026-04-28 07:53:00+00:00,922.75,922.75,923.0499877929688,922.4500122070312,922.6500244140625,8436
2026-04-28 07:54:00+00:00,923.7999877929688,923.7999877929688,924.2000122070312,922.6500244140625,922.75,14851
2026-04-28 07:55:00+00:00,924.25,924.25,924.75,923.5499877929688,923.9500122070312,18238
2026-04-28 07:56:00+00:00,925.0999755859375,925.0999755859375,925.0999755859375,923.8499755859375,924.4000244140625,20357
2026-04-28 07:57:00+00:00,925.7000122070312,925.7000122070312,925.9500122070312,924.7999877929688,925.0999755859375,25557
2026-04-28 07:58:00+00:00,925.5999755859375,925.5999755859375,925.9500122070312,925.2999877929688,925.9500122070312,10176
2026-04-28 07:59:00+00:00,924.4000244140625,924.4000244140625,925.9000244140625,924.1500244140625,925.75,15021
2026-04-28 08:00:00+00:00,923.7999877929688,923.7999877929688,924.5,923.25,924.2000122070312,28708
2026-04-28 08:01:00+00:00,923.75,923.75,923.7999877929688,923.25,923.4500122070312,14396
2026-04-28 08:02:00+00:00,924.6500244140625,924.6500244140625,924.75,923.9500122070312,923.9500122070312,9031
2026-04-28 08:03:00+00:00,924.4500122070312,924.4500122070312,925.75,924.25,924.5999755859375,32255
2026-04-28 08:04:00+00:00,923.9500122070312,923.9500122070312,924.5,923.5,924.4500122070312,9713
2026-04-28 08:05:00+00:00,922.2999877929688,922.2999877929688,924.2000122070312,921.9500122070312,924.1500244140625,25797
2026-04-28 08:06:00+00:00,922.7999877929688,922.7999877929688,922.7999877929688,921.5,922.4500122070312,40875
2026-04-28 08:07:00+00:00,923.2999877929688,923.2999877929688,923.6500244140625,922.75,923.0,15458
2026-04-28 08:08:00+00:00,922.9000244140625,922.9000244140625,923.2000122070312,922.0,923.2000122070312,11102
2026-04-28 08:09:00+00:00,922.5,922.5,923.0,922.4500122070312,922.8499755859375,9399
2026-04-28 08:10:00+00:00,923.3499755859375,923.3499755859375,923.5,922.5999755859375,922.7000122070312,9059
2026-04-28 08:11:00+00:00,923.0,923.0,923.7000122070312,923.0,923.4500122070312,10016
2026-04-28 08:12:00+00:00,922.7000122070312,922.7000122070312,923.2999877929688,922.6500244140625,923.0999755859375,10076
2026-04-28 08:13:00+00:00,922.5999755859375,922.5999755859375,923.25,922.4500122070312,922.8499755859375,12502
2026-04-28 08:14:00+00:00,921.9500122070312,921.9500122070312,922.8499755859375,921.8499755859375,922.7000122070312,10201
2026-04-28 08:15:00+00:00,922.0,922.0,922.2000122070312,921.6500244140625,921.9000244140625,15341
2026-04-28 08:16:00+00:00,923.0999755859375,923.0999755859375,923.2000122070312,922.2000122070312,922.2000122070312,6651
2026-04-28 08:17:00+00:00,923.1500244140625,923.1500244140625,923.3499755859375,922.7000122070312,923.2000122070312,12278
2026-04-28 08:18:00+00:00,922.9000244140625,922.9000244140625,923.1500244140625,922.4500122070312,923.1500244140625,14133
2026-04-28 08:19:00+00:00,922.5999755859375,922.5999755859375,923.0499877929688,922.4500122070312,922.75,10755
2026-04-28 08:20:00+00:00,922.6500244140625,922.6500244140625,922.75,922.2999877929688,922.5,10691
2026-04-28 08:21:00+00:00,923.7000122070312,923.7000122070312,923.7000122070312,922.7000122070312,922.7000122070312,12797
2026-04-28 08:22:00+00:00,923.4500122070312,923.4500122070312,923.7000122070312,922.9000244140625,923.7000122070312,6946
2026-04-28 08:23:00+00:00,923.5499877929688,923.5499877929688,923.7999877929688,923.0999755859375,923.4000244140625,11918
2026-04-28 08:24:00+00:00,923.4000244140625,923.4000244140625,924.0,922.9000244140625,923.7000122070312,12547
2026-04-28 08:25:00+00:00,923.8499755859375,923.8499755859375,924.0,923.4000244140625,923.5499877929688,10596
2026-04-28 08:26:00+00:00,924.3499755859375,924.3499755859375,924.5,923.6500244140625,923.9000244140625,19442
2026-04-28 08:27:00+00:00,923.4000244140625,923.4000244140625,924.4000244140625,923.0,924.3499755859375,24019
2026-04-28 08:28:00+00:00,924.0,924.0,924.0,923.2999877929688,923.5499877929688,10145
2026-04-28 08:29:00+00:00,924.3499755859375,924.3499755859375,924.4500122070312,924.0,924.1500244140625,7996
2026-04-28 08:30:00+00:00,924.2000122070312,924.2000122070312,924.4000244140625,923.75,924.4000244140625,6183
2026-04-28 08:31:00+00:00,924.5,924.5,924.5,924.0499877929688,924.25,6056
2026-04-28 08:32:00+00:00,924.7000122070312,924.7000122070312,924.7000122070312,924.4500122070312,924.4500122070312,6611
2026-04-28 08:33:00+00:00,924.75,924.75,924.8499755859375,924.5499877929688,924.75,5838
2026-04-28 08:34:00+00:00,924.5499877929688,924.5499877929688,924.9500122070312,924.4500122070312,924.75,9544
2026-04-28 08:35:00+00:00,923.8499755859375,923.8499755859375,924.5499877929688,923.4000244140625,924.5499877929688,8719
2026-04-28 08:36:00+00:00,924.9500122070312,924.9500122070312,924.9500122070312,923.4500122070312,923.7999877929688,14179
2026-04-28 08:37:00+00:00,924.5,924.5,925.0,923.75,925.0,9302
2026-04-28 08:38:00+00:00,924.75,924.75,924.9500122070312,924.5,924.5999755859375,8184
2026-04-28 08:39:00+00:00,924.9000244140625,924.9000244140625,924.9500122070312,924.4500122070312,924.7999877929688,9711
2026-04-28 08:40:00+00:00,924.4500122070312,924.4500122070312,924.9000244140625,924.3499755859375,924.9000244140625,7866
2026-04-28 08:41:00+00:00,924.0999755859375,924.0999755859375,924.75,923.8499755859375,924.5499877929688,6821
2026-04-28 08:42:00+00:00,924.2999877929688,924.2999877929688,924.75,923.7000122070312,924.0499877929688,13794
2026-04-28 08:43:00+00:00,925.25,925.25,925.4500122070312,924.2999877929688,924.2999877929688,30778
2026-04-28 08:44:00+00:00,924.4000244140625,924.4000244140625,925.3499755859375,923.9000244140625,925.3499755859375,16097
2026-04-28 08:45:00+00:00,924.0499877929688,924.0499877929688,924.9000244140625,924.0499877929688,924.2000122070312,8398
2026-04-28 08:46:00+00:00,924.7999877929688,924.7999877929688,924.7999877929688,924.0499877929688,924.0499877929688,14327
2026-04-28 08:47:00+00:00,925.5,925.5,925.5,924.5499877929688,924.8499755859375,15799
2026-04-28 08:48:00+00:00,925.1500244140625,925.1500244140625,925.2000122070312,924.8499755859375,925.2000122070312,13727
2026-04-28 08:49:00+00:00,925.6500244140625,925.6500244140625,925.9500122070312,925.2000122070312,925.2000122070312,17543
2026-04-28 08:50:00+00:00,925.7000122070312,925.7000122070312,925.8499755859375,924.9500122070312,925.6500244140625,34906
2026-04-28 08:51:00+00:00,926.25,926.25,926.5,925.0,925.0499877929688,35115
2026-04-28 08:52:00+00:00,927.3499755859375,927.3499755859375,927.3499755859375,926.0,926.4000244140625,32779
2026-04-28 08:53:00+00:00,927.25,927.25,927.5,927.0499877929688,927.3499755859375,13113
2026-04-28 08:54:00+00:00,926.5999755859375,926.5999755859375,927.7999877929688,926.5999755859375,927.2999877929688,21027
2026-04-28 08:55:00+00:00,926.8499755859375,926.8499755859375,926.9500122070312,926.4500122070312,926.7999877929688,6469
2026-04-28 08:56:00+00:00,926.2999877929688,926.2999877929688,927.0999755859375,926.0999755859375,926.9500122070312,9990
2026-04-28 08:57:00+00:00,926.5999755859375,926.5999755859375,927.3499755859375,926.0999755859375,926.2999877929688,12753
2026-04-28 08:58:00+00:00,926.5999755859375,926.5999755859375,927.2999877929688,926.5999755859375,926.75,32416
2026-04-28 08:59:00+00:00,926.5499877929688,926.5499877929688,927.0499877929688,926.2000122070312,926.5999755859375,25227
2026-04-28 09:00:00+00:00,927.1500244140625,927.1500244140625,927.2999877929688,926.2999877929688,926.75,27078
2026-04-28 09:01:00+00:00,928.0999755859375,928.0999755859375,928.2999877929688,927.1500244140625,927.1500244140625,24687
2026-04-28 09:02:00+00:00,926.4500122070312,926.4500122070312,928.6500244140625,926.4500122070312,928.2999877929688,37207
2026-04-28 09:03:00+00:00,927.0,927.0,928.0,926.3499755859375,926.75,47595
2026-04-28 09:04:00+00:00,926.0,926.0,927.5,925.5,927.0499877929688,23729
2026-04-28 09:05:00+00:00,926.0999755859375,926.0999755859375,926.75,925.0499877929688,926.25,35165
2026-04-28 09:06:00+00:00,926.1500244140625,926.1500244140625,927.0499877929688,925.8499755859375,926.0999755859375,21549
2026-04-28 09:07:00+00:00,926.6500244140625,926.6500244140625,926.75,926.2000122070312,926.4000244140625,7539
2026-04-28 09:08:00+00:00,926.3499755859375,926.3499755859375,927.0,926.3499755859375,926.6500244140625,11946
2026-04-28 09:09:00+00:00,926.6500244140625,926.6500244140625,926.9500122070312,926.2000122070312,926.4500122070312,16744
2026-04-28 09:10:00+00:00,926.8499755859375,926.8499755859375,927.7999877929688,926.6500244140625,926.75,14857
2026-04-28 09:11:00+00:00,927.5499877929688,927.5499877929688,927.5499877929688,926.8499755859375,927.0499877929688,16918
2026-04-28 09:12:00+00:00,926.75,926.75,927.5499877929688,926.75,927.5499877929688,24155
2026-04-28 09:13:00+00:00,926.5499877929688,926.5499877929688,927.0,926.0999755859375,926.7000122070312,17145
2026-04-28 09:14:00+00:00,926.8499755859375,926.8499755859375,927.2999877929688,926.1500244140625,926.5499877929688,18460
2026-04-28 09:15:00+00:00,926.5999755859375,926.5999755859375,927.0,926.4000244140625,927.0,11082
2026-04-28 09:16:00+00:00,927.0,927.0,927.4000244140625,927.0,927.0999755859375,19980
2026-04-28 09:17:00+00:00,927.2000122070312,927.2000122070312,927.3499755859375,927.0,927.0,16535
2026-04-28 09:18:00+00:00,926.9000244140625,926.9000244140625,927.4000244140625,926.5999755859375,927.0999755859375,13834
2026-04-28 09:19:00+00:00,926.4000244140625,926.4000244140625,927.25,926.25,926.5,29533
2026-04-28 09:20:00+00:00,926.7999877929688,926.7999877929688,927.0,926.25,927.0,27891
2026-04-28 09:21:00+00:00,926.9500122070312,926.9500122070312,927.0499877929688,926.25,926.9000244140625,8493
2026-04-28 09:22:00+00:00,926.75,926.75,927.0499877929688,926.4500122070312,926.8499755859375,12584
2026-04-28 09:23:00+00:00,927.0,927.0,927.2999877929688,926.5,927.0,12923
2026-04-28 09:24:00+00:00,927.2000122070312,927.2000122070312,927.4000244140625,926.5,927.0999755859375,13621
2026-04-28 09:25:00+00:00,927.25,927.25,927.5,927.0499877929688,927.4000244140625,12948
2026-04-28 09:26:00+00:00,927.25,927.25,927.4000244140625,926.8499755859375,927.2999877929688,14672
2026-04-28 09:27:00+00:00,926.75,926.75,927.3499755859375,926.5,927.3499755859375,14793
2026-04-28 09:28:00+00:00,928.0,928.0,928.2999877929688,926.75,926.9000244140625,30562
2026-04-28 09:29:00+00:00,928.25,928.25,928.5499877929688,927.9000244140625,928.2000122070312,20329
2026-04-28 09:30:00+00:00,927.0,927.0,928.9000244140625,926.6500244140625,928.5,49481
2026-04-28 09:31:00+00:00,926.5,926.5,927.0999755859375,925.4500122070312,927.0999755859375,57699
2026-04-28 09:32:00+00:00,926.9500122070312,926.9500122070312,926.9500122070312,926.25,926.5999755859375,40223
2026-04-28 09:33:00+00:00,925.7000122070312,925.7000122070312,926.9500122070312,925.6500244140625,926.9500122070312,28347
2026-04-28 09:34:00+00:00,924.5999755859375,924.5999755859375,925.9000244140625,924.4500122070312,925.75,42431
2026-04-28 09:35:00+00:00,924.4500122070312,924.4500122070312,924.9500122070312,924.4000244140625,924.7000122070312,40501
2026-04-28 09:36:00+00:00,924.2000122070312,924.2000122070312,924.5499877929688,924.0,924.4500122070312,32167
2026-04-28 09:37:00+00:00,924.4500122070312,924.4500122070312,924.5,924.1500244140625,924.4000244140625,34177
2026-04-28 09:38:00+00:00,924.25,924.25,924.5499877929688,924.0,924.4500122070312,39298
2026-04-28 09:39:00+00:00,924.5,924.5,924.7999877929688,924.0,924.3499755859375,48364
2026-04-28 09:40:00+00:00,924.7999877929688,924.7999877929688,924.7999877929688,924.0999755859375,924.75,27204
2026-04-28 09:41:00+00:00,925.0,925.0,925.0,924.7000122070312,924.7999877929688,21547
2026-04-28 09:42:00+00:00,924.75,924.75,925.0,924.6500244140625,925.0,23608
2026-04-28 09:43:00+00:00,924.5,924.5,924.7999877929688,924.4000244140625,924.7000122070312,28025
2026-04-28 09:44:00+00:00,924.2999877929688,924.2999877929688,924.6500244140625,924.1500244140625,924.5999755859375,25093
2026-04-28 09:45:00+00:00,924.9000244140625,924.9000244140625,925.0,924.25,924.3499755859375,41713
2026-04-28 09:46:00+00:00,924.75,924.75,925.0,924.7000122070312,924.9500122070312,29294
2026-04-28 09:47:00+00:00,923.2000122070312,923.2000122070312,924.7999877929688,923.1500244140625,924.75,44458
2026-04-28 09:48:00+00:00,923.4000244140625,923.4000244140625,923.4500122070312,922.7999877929688,923.25,82416
2026-04-28 09:49:00+00:00,924.4500122070312,924.4500122070312,924.5,923.4000244140625,923.4000244140625,31027
2026-04-28 09:50:00+00:00,922.9500122070312,922.9500122070312,924.4000244140625,922.75,924.4000244140625,50048
2026-04-28 09:51:00+00:00,923.5499877929688,923.5499877929688,923.6500244140625,922.75,922.9500122070312,27945
2026-04-28 09:52:00+00:00,923.2999877929688,923.2999877929688,923.75,923.2999877929688,923.75,27554
2026-04-28 09:53:00+00:00,922.2000122070312,922.2000122070312,923.0,922.2000122070312,923.0,16874
2026-04-28 09:54:00+00:00,921.4500122070312,921.4500122070312,922.3499755859375,921.4500122070312,922.3499755859375,27141
2026-04-28 09:55:00+00:00,923.4000244140625,923.4000244140625,923.7000122070312,921.6500244140625,921.6500244140625,78552
2026-04-28 09:56:00+00:00,922.2000122070312,922.2000122070312,923.5,922.0499877929688,923.5,32385
2026-04-28 09:57:00+00:00,921.75,921.75,922.75,921.5499877929688,922.2999877929688,50990
2026-04-28 09:58:00+00:00,921.5,921.5,921.9000244140625,921.5,921.75,32849
2026-04-28 09:59:00+00:00,923.6500244140625,923.6500244140625,923.7000122070312,919.8499755859375,921.9000244140625,196057
2026-04-29 03:45:00+00:00,920.4000244140625,920.4000244140625,924.9500122070312,917.0,924.9500122070312,0
2026-04-29 03:46:00+00:00,923.0,923.0,923.0,920.1500244140625,921.0499877929688,44015
2026-04-29 03:47:00+00:00,921.4500122070312,921.4500122070312,924.7000122070312,921.4000244140625,923.2000122070312,36466
2026-04-29 03:48:00+00:00,919.75,919.75,922.0,919.0,921.3499755859375,45865
2026-04-29 03:49:00+00:00,921.3499755859375,921.3499755859375,921.3499755859375,919.5,919.9500122070312,31889
2026-04-29 03:50:00+00:00,921.0499877929688,921.0499877929688,921.7999877929688,920.5,921.75,16263
2026-04-29 03:51:00+00:00,920.5499877929688,920.5499877929688,921.3499755859375,919.6500244140625,921.25,11288
2026-04-29 03:52:00+00:00,920.4000244140625,920.4000244140625,920.7000122070312,920.3499755859375,920.3499755859375,6949
2026-04-29 03:53:00+00:00,918.25,918.25,920.7000122070312,918.25,920.7000122070312,31645
2026-04-29 03:54:00+00:00,918.5999755859375,918.5999755859375,919.0499877929688,918.0499877929688,918.2000122070312,11254
2026-04-29 03:55:00+00:00,918.5999755859375,918.5999755859375,918.9000244140625,918.3499755859375,918.7000122070312,7762
2026-04-29 03:56:00+00:00,920.0,920.0,920.0,919.2000122070312,919.5,16139
2026-04-29 03:57:00+00:00,919.7999877929688,919.7999877929688,920.2000122070312,919.5499877929688,919.7999877929688,10660
2026-04-29 03:58:00+00:00,920.2999877929688,920.2999877929688,920.7000122070312,919.75,919.75,8767
2026-04-29 03:59:00+00:00,921.1500244140625,921.1500244140625,921.1500244140625,920.4000244140625,920.5999755859375,17979
2026-04-29 04:00:00+00:00,922.0499877929688,922.0499877929688,922.5,921.5999755859375,921.5999755859375,10385
2026-04-29 04:01:00+00:00,922.0,922.0,922.4000244140625,921.7000122070312,922.2999877929688,19154
2026-04-29 04:02:00+00:00,921.6500244140625,921.6500244140625,922.0,921.4000244140625,922.0,610
2026-04-29 04:03:00+00:00,921.2000122070312,921.2000122070312,921.9000244140625,921.1500244140625,921.9000244140625,4662
2026-04-29 04:04:00+00:00,918.9000244140625,918.9000244140625,921.1500244140625,918.75,921.1500244140625,27808
2026-04-29 04:05:00+00:00,920.2000122070312,920.2000122070312,920.4500122070312,918.6500244140625,918.6500244140625,11073
2026-04-29 04:06:00+00:00,920.25,920.25,920.2999877929688,919.5,920.2999877929688,11138
2026-04-29 04:07:00+00:00,918.7999877929688,918.7999877929688,920.0999755859375,918.7999877929688,920.0999755859375,9781
2026-04-29 04:08:00+00:00,919.0499877929688,919.0499877929688,919.0999755859375,918.7999877929688,918.7999877929688,4890
2026-04-29 04:09:00+00:00,919.5999755859375,919.5999755859375,919.5999755859375,918.4500122070312,918.4500122070312,10835
2026-04-29 04:10:00+00:00,918.7000122070312,918.7000122070312,919.0,918.5999755859375,919.0,9807
2026-04-29 04:11:00+00:00,919.3499755859375,919.3499755859375,919.3499755859375,918.9000244140625,918.9000244140625,2875
2026-04-29 04:12:00+00:00,919.0499877929688,919.0499877929688,919.25,918.75,919.25,7276
2026-04-29 04:13:00+00:00,919.0999755859375,919.0999755859375,919.4000244140625,918.9000244140625,919.2000122070312,11367
2026-04-29 04:14:00+00:00,919.25,919.25,919.4500122070312,919.0,919.0,3679
2026-04-29 04:15:00+00:00,919.7000122070312,919.7000122070312,920.0,919.0499877929688,919.2999877929688,7058
2026-04-29 04:16:00+00:00,920.25,920.25,920.25,919.75,919.75,6670
2026-04-29 04:17:00+00:00,920.8499755859375,920.8499755859375,922.0499877929688,920.2999877929688,920.5999755859375,24206
2026-04-29 04:18:00+00:00,920.25,920.25,921.0,920.25,920.7999877929688,8718
2026-04-29 04:19:00+00:00,920.2000122070312,920.2000122070312,920.5,920.2000122070312,920.5,6396
2026-04-29 04:20:00+00:00,920.5999755859375,920.5999755859375,920.8499755859375,919.75,920.2999877929688,7187
2026-04-29 04:21:00+00:00,920.7999877929688,920.7999877929688,921.0499877929688,920.4500122070312,920.6500244140625,9208
2026-04-29 04:22:00+00:00,920.5,920.5,921.0499877929688,920.0499877929688,920.5999755859375,11470
2026-04-29 04:23:00+00:00,920.6500244140625,920.6500244140625,920.75,920.25,920.2999877929688,3347
2026-04-29 04:24:00+00:00,920.5999755859375,920.5999755859375,921.2000122070312,920.5,920.9000244140625,5705
2026-04-29 04:25:00+00:00,919.7000122070312,919.7000122070312,920.8499755859375,919.5999755859375,920.6500244140625,21338
2026-04-29 04:26:00+00:00,920.1500244140625,920.1500244140625,920.7000122070312,919.5,919.5999755859375,17875
2026-04-29 04:27:00+00:00,922.0999755859375,922.0999755859375,922.4000244140625,920.0999755859375,920.4500122070312,18448
2026-04-29 04:28:00+00:00,922.9500122070312,922.9500122070312,923.0,922.3499755859375,922.4000244140625,8596
2026-04-29 04:29:00+00:00,923.5499877929688,923.5499877929688,923.5499877929688,922.7000122070312,923.0,8127
2026-04-29 04:30:00+00:00,924.7999877929688,924.7999877929688,925.0,922.9500122070312,922.9500122070312,35029
2026-04-29 04:31:00+00:00,925.3499755859375,925.3499755859375,926.0,925.0499877929688,925.7999877929688,37438
2026-04-29 04:32:00+00:00,925.4000244140625,925.4000244140625,925.6500244140625,924.5,925.6500244140625,14968
2026-04-29 04:33:00+00:00,925.1500244140625,925.1500244140625,925.7999877929688,925.0999755859375,925.25,11585
2026-04-29 04:34:00+00:00,924.8499755859375,924.8499755859375,925.3499755859375,924.5999755859375,925.1500244140625,15157
2026-04-29 04:35:00+00:00,924.6500244140625,924.6500244140625,925.4000244140625,924.4000244140625,925.0999755859375,10631
2026-04-29 04:36:00+00:00,924.25,924.25,924.5499877929688,923.8499755859375,924.5499877929688,13957
2026-04-29 04:37:00+00:00,924.0499877929688,924.0499877929688,924.75,924.0,924.2999877929688,8880
2026-04-29 04:38:00+00:00,927.5,927.5,927.9500122070312,924.3499755859375,924.3499755859375,45616
2026-04-29 04:39:00+00:00,927.4500122070312,927.4500122070312,927.6500244140625,926.5,927.5499877929688,21698
2026-04-29 04:40:00+00:00,927.5,927.5,927.9500122070312,926.75,927.4500122070312,14156
2026-04-29 04:41:00+00:00,927.4000244140625,927.4000244140625,927.9500122070312,927.0,927.7999877929688,14464
2026-04-29 04:42:00+00:00,927.9000244140625,927.9000244140625,928.25,927.2000122070312,927.4000244140625,23521
2026-04-29 04:43:00+00:00,927.0499877929688,927.0499877929688,928.0499877929688,927.0499877929688,927.9000244140625,9857
2026-04-29 04:44:00+00:00,927.75,927.75,928.0,927.0999755859375,927.5499877929688,6930
2026-04-29 04:45:00+00:00,928.0,928.0,928.5,927.7000122070312,927.7999877929688,16313
2026-04-29 04:46:00+00:00,928.8499755859375,928.8499755859375,928.8499755859375,928.0,928.0999755859375,15788
2026-04-29 04:47:00+00:00,930.1500244140625,930.1500244140625,930.4500122070312,928.9500122070312,928.9500122070312,40960
2026-04-29 04:48:00+00:00,929.0999755859375,929.0999755859375,930.1500244140625,928.4500122070312,930.1500244140625,16676
2026-04-29 04:49:00+00:00,928.5999755859375,928.5999755859375,929.1500244140625,928.0499877929688,929.1500244140625,9257
2026-04-29 04:50:00+00:00,928.9500122070312,928.9500122070312,929.4500122070312,928.5,928.5999755859375,11635
2026-04-29 04:51:00+00:00,928.4000244140625,928.4000244140625,929.0,928.4000244140625,929.0,9672
2026-04-29 04:52:00+00:00,927.7000122070312,927.7000122070312,928.5,927.7000122070312,928.0999755859375,9370
2026-04-29 04:53:00+00:00,928.5,928.5,928.5,927.7000122070312,927.75,11356
2026-04-29 04:54:00+00:00,928.0999755859375,928.0999755859375,928.7999877929688,928.0999755859375,928.5999755859375,6389
2026-04-29 04:55:00+00:00,928.25,928.25,928.5,927.5,928.2000122070312,12006
2026-04-29 04:56:00+00:00,928.7000122070312,928.7000122070312,928.7000122070312,928.0,928.3499755859375,4894
2026-04-29 04:57:00+00:00,929.7000122070312,929.7000122070312,930.0,928.6500244140625,928.7000122070312,10179
2026-04-29 04:58:00+00:00,929.5,929.5,930.1500244140625,929.5,930.0,8805
2026-04-29 04:59:00+00:00,929.9500122070312,929.9500122070312,930.0999755859375,929.6500244140625,929.6500244140625,5286
2026-04-29 05:00:00+00:00,930.0,930.0,930.1500244140625,930.0,930.0499877929688,5469
2026-04-29 05:01:00+00:00,929.5,929.5,930.5,929.4500122070312,930.2000122070312,19632
2026-04-29 05:02:00+00:00,929.75,929.75,930.0,929.0499877929688,929.5,8306
2026-04-29 05:03:00+00:00,929.5499877929688,929.5499877929688,930.0,929.1500244140625,929.75,13378
2026-04-29 05:04:00+00:00,932.4500122070312,932.4500122070312,932.9500122070312,929.5,929.9500122070312,46038
2026-04-29 05:05:00+00:00,932.8499755859375,932.8499755859375,933.0999755859375,932.0999755859375,932.6500244140625,21197
2026-04-29 05:06:00+00:00,932.5,932.5,932.9000244140625,932.2000122070312,932.7999877929688,11681
2026-04-29 05:07:00+00:00,932.2000122070312,932.2000122070312,932.9000244140625,932.0,932.5,29526
2026-04-29 05:08:00+00:00,931.5,931.5,932.5999755859375,931.5,932.1500244140625,12582
2026-04-29 05:09:00+00:00,932.5,932.5,932.9500122070312,931.5999755859375,931.7000122070312,23351
2026-04-29 05:10:00+00:00,931.9000244140625,931.9000244140625,932.9500122070312,931.5,932.9000244140625,10219
2026-04-29 05:11:00+00:00,932.0,932.0,932.0,931.5,932.0,23775
2026-04-29 05:12:00+00:00,932.25,932.25,933.8499755859375,932.0,932.0,39622
2026-04-29 05:13:00+00:00,933.0499877929688,933.0499877929688,933.4500122070312,932.5,932.5,9237
2026-04-29 05:14:00+00:00,933.0,933.0,933.7000122070312,932.5,932.75,11315
2026-04-29 05:15:00+00:00,931.5499877929688,931.5499877929688,933.5999755859375,931.5499877929688,933.3499755859375,14074
2026-04-29 05:16:00+00:00,931.75,931.75,932.3499755859375,931.25,931.5999755859375,17944
2026-04-29 05:17:00+00:00,931.2000122070312,931.2000122070312,931.7999877929688,931.0,931.5999755859375,10040
2026-04-29 05:18:00+00:00,932.0499877929688,932.0499877929688,932.4000244140625,931.0499877929688,931.1500244140625,8406
2026-04-29 05:19:00+00:00,932.2999877929688,932.2999877929688,932.4000244140625,931.9500122070312,932.1500244140625,5594
2026-04-29 05:20:00+00:00,932.3499755859375,932.3499755859375,932.9500122070312,932.0999755859375,932.4000244140625,9707
2026-04-29 05:21:00+00:00,932.8499755859375,932.8499755859375,933.0,932.2000122070312,932.3499755859375,6777
2026-04-29 05:22:00+00:00,932.0,932.0,932.9500122070312,931.5999755859375,932.9500122070312,9934
2026-04-29 05:23:00+00:00,931.7999877929688,931.7999877929688,932.4000244140625,931.7999877929688,932.0,5126
2026-04-29 05:24:00+00:00,931.8499755859375,931.8499755859375,932.0,931.7999877929688,931.9500122070312,3661
2026-04-29 05:25:00+00:00,931.75,931.75,932.2000122070312,931.5999755859375,931.8499755859375,7761
2026-04-29 05:26:00+00:00,931.2000122070312,931.2000122070312,932.0,931.0499877929688,931.8499755859375,7742
2026-04-29 05:27:00+00:00,931.0499877929688,931.0499877929688,931.4000244140625,930.7999877929688,931.2999877929688,10123
2026-04-29 05:28:00+00:00,931.0999755859375,931.0999755859375,931.25,930.4500122070312,931.25,7893
2026-04-29 05:29:00+00:00,930.8499755859375,930.8499755859375,931.3499755859375,930.7999877929688,931.1500244140625,7377
2026-04-29 05:30:00+00:00,931.2000122070312,931.2000122070312,931.25,930.5999755859375,931.0,8554
2026-04-29 05:31:00+00:00,930.75,930.75,931.2999877929688,930.2000122070312,931.2999877929688,13016
2026-04-29 05:32:00+00:00,931.0499877929688,931.0499877929688,931.1500244140625,930.5999755859375,930.9000244140625,6028
2026-04-29 05:33:00+00:00,931.8499755859375,931.8499755859375,932.0,930.5499877929688,931.1500244140625,22945
2026-04-29 05:34:00+00:00,932.5,932.5,932.5,931.3499755859375,931.8499755859375,15172
2026-04-29 05:35:00+00:00,932.8499755859375,932.8499755859375,932.9500122070312,932.5,932.5,10571
2026-04-29 05:36:00+00:00,932.0,932.0,933.2999877929688,932.0,933.0,29920
2026-04-29 05:37:00+00:00,929.7999877929688,929.7999877929688,932.2999877929688,929.2999877929688,932.2000122070312,247254
2026-04-29 05:38:00+00:00,929.6500244140625,929.6500244140625,930.0,929.2000122070312,929.7999877929688,34252
2026-04-29 05:39:00+00:00,929.4500122070312,929.4500122070312,930.0,929.3499755859375,929.5,13748
2026-04-29 05:40:00+00:00,929.9000244140625,929.9000244140625,930.0,929.0999755859375,929.5999755859375,7166
2026-04-29 05:41:00+00:00,929.9500122070312,929.9500122070312,930.0,929.5999755859375,929.9500122070312,9607
2026-04-29 05:42:00+00:00,930.4000244140625,930.4000244140625,931.0,929.7000122070312,929.7000122070312,89396
2026-04-29 05:43:00+00:00,930.6500244140625,930.6500244140625,931.25,930.0499877929688,930.5,9411
2026-04-29 05:44:00+00:00,930.4000244140625,930.4000244140625,931.25,930.25,930.9500122070312,8149
2026-04-29 05:45:00+00:00,931.0499877929688,931.0499877929688,931.5499877929688,930.5999755859375,930.7000122070312,12143
2026-04-29 05:46:00+00:00,929.25,929.25,931.3499755859375,929.0,931.0,45137
2026-04-29 05:47:00+00:00,928.0999755859375,928.0999755859375,929.6500244140625,928.0999755859375,929.25,29244
2026-04-29 05:48:00+00:00,927.7999877929688,927.7999877929688,928.25,927.0,928.25,18317
2026-04-29 05:49:00+00:00,928.5999755859375,928.5999755859375,928.5999755859375,927.3499755859375,927.6500244140625,6515
2026-04-29 05:50:00+00:00,928.9000244140625,928.9000244140625,929.2000122070312,928.25,928.5,15574
2026-04-29 05:51:00+00:00,929.6500244140625,929.6500244140625,929.7000122070312,928.9500122070312,928.9500122070312,12233
2026-04-29 05:52:00+00:00,929.25,929.25,930.0,928.7999877929688,929.75,13003
2026-04-29 05:53:00+00:00,929.0499877929688,929.0499877929688,929.2999877929688,928.75,929.25,3840
2026-04-29 05:54:00+00:00,928.8499755859375,928.8499755859375,929.6500244140625,928.3499755859375,929.0,5527
2026-04-29 05:55:00+00:00,928.5999755859375,928.5999755859375,929.2000122070312,928.5999755859375,929.0,3826
2026-04-29 05:56:00+00:00,928.3499755859375,928.3499755859375,929.3499755859375,928.2999877929688,928.7999877929688,12007
2026-04-29 05:57:00+00:00,928.75,928.75,929.0,928.4500122070312,928.8499755859375,4390
2026-04-29 05:58:00+00:00,927.0999755859375,927.0999755859375,929.0,927.0999755859375,929.0,9287
2026-04-29 05:59:00+00:00,927.5999755859375,927.5999755859375,927.75,927.1500244140625,927.5,5206
2026-04-29 06:00:00+00:00,926.0499877929688,926.0499877929688,927.5999755859375,925.9000244140625,927.5999755859375,21175
2026-04-29 06:01:00+00:00,927.0,927.0,927.75,926.0499877929688,926.0499877929688,11808
2026-04-29 06:02:00+00:00,927.4000244140625,927.4000244140625,927.5499877929688,927.0,927.1500244140625,13077
2026-04-29 06:03:00+00:00,928.25,928.25,928.25,927.2999877929688,927.4000244140625,9853
2026-04-29 06:04:00+00:00,928.6500244140625,928.6500244140625,928.8499755859375,927.9500122070312,928.5,6391
2026-04-29 06:05:00+00:00,929.0499877929688,929.0499877929688,929.5,928.5,928.75,12354
2026-04-29 06:06:00+00:00,929.25,929.25,929.5499877929688,928.8499755859375,929.4500122070312,9427
2026-04-29 06:07:00+00:00,929.75,929.75,930.0,929.0,929.25,15947
2026-04-29 06:08:00+00:00,929.9500122070312,929.9500122070312,930.0,929.1500244140625,929.75,11067
2026-04-29 06:09:00+00:00,929.4500122070312,929.4500122070312,930.0,929.0,929.9500122070312,8471
2026-04-29 06:10:00+00:00,928.8499755859375,928.8499755859375,930.0,928.5,929.4500122070312,18128
2026-04-29 06:11:00+00:00,928.6500244140625,928.6500244140625,929.2000122070312,928.5499877929688,928.75,4672
2026-04-29 06:12:00+00:00,928.5,928.5,929.1500244140625,928.25,928.7000122070312,3440
2026-04-29 06:13:00+00:00,929.2999877929688,929.2999877929688,929.2999877929688,928.25,928.5,5605
2026-04-29 06:14:00+00:00,929.2000122070312,929.2000122070312,929.4500122070312,928.4500122070312,929.2999877929688,4897
2026-04-29 06:15:00+00:00,929.0499877929688,929.0499877929688,929.3499755859375,928.4500122070312,928.9000244140625,3397
2026-04-29 06:16:00+00:00,928.2000122070312,928.2000122070312,929.0499877929688,928.1500244140625,929.0499877929688,3891
2026-04-29 06:17:00+00:00,928.4500122070312,928.4500122070312,928.6500244140625,928.3499755859375,928.4500122070312,3163
2026-04-29 06:18:00+00:00,928.75,928.75,929.2000122070312,928.7000122070312,928.9000244140625,16536
2026-04-29 06:19:00+00:00,928.25,928.25,928.8499755859375,928.0,928.7999877929688,4990
2026-04-29 06:20:00+00:00,928.0999755859375,928.0999755859375,928.25,927.75,928.0,4738
2026-04-29 06:21:00+00:00,928.0999755859375,928.0999755859375,928.0999755859375,927.75,928.0999755859375,3372
2026-04-29 06:22:00+00:00,928.0499877929688,928.0499877929688,928.1500244140625,927.7999877929688,928.0999755859375,2186
2026-04-29 06:23:00+00:00,928.3499755859375,928.3499755859375,928.5999755859375,927.9500122070312,928.0,4978
2026-04-29 06:24:00+00:00,928.2000122070312,928.2000122070312,928.6500244140625,928.1500244140625,928.4000244140625,7133
2026-04-29 06:25:00+00:00,928.75,928.75,928.8499755859375,928.0499877929688,928.2000122070312,3749
2026-04-29 06:26:00+00:00,928.9500122070312,928.9500122070312,929.2000122070312,928.5499877929688,928.7000122070312,4614
2026-04-29 06:27:00+00:00,929.2999877929688,929.2999877929688,929.4500122070312,928.9000244140625,928.9000244140625,3486
2026-04-29 06:28:00+00:00,929.25,929.25,929.4000244140625,929.0499877929688,929.2999877929688,3322
2026-04-29 06:29:00+00:00,929.6500244140625,929.6500244140625,929.8499755859375,929.25,929.25,4279
2026-04-29 06:30:00+00:00,929.9000244140625,929.9000244140625,929.9000244140625,929.3499755859375,929.5499877929688,4490
2026-04-29 06:31:00+00:00,929.7000122070312,929.7000122070312,929.9500122070312,929.5499877929688,929.5999755859375,2618
2026-04-29 06:32:00+00:00,929.4000244140625,929.4000244140625,930.0,929.2999877929688,930.0,25830
2026-04-29 06:33:00+00:00,928.7999877929688,928.7999877929688,929.7999877929688,928.7999877929688,929.4000244140625,5450
2026-04-29 06:34:00+00:00,928.9500122070312,928.9500122070312,929.1500244140625,928.4000244140625,928.7999877929688,8357
2026-04-29 06:35:00+00:00,928.7000122070312,928.7000122070312,929.0499877929688,928.6500244140625,928.8499755859375,3459
2026-04-29 06:36:00+00:00,929.1500244140625,929.1500244140625,929.1500244140625,928.75,928.75,2633
2026-04-29 06:37:00+00:00,929.4500122070312,929.4500122070312,929.5999755859375,929.0999755859375,929.0999755859375,3709
2026-04-29 06:38:00+00:00,929.5999755859375,929.5999755859375,929.5999755859375,929.1500244140625,929.3499755859375,3146
2026-04-29 06:39:00+00:00,930.0,930.0,930.0,929.4500122070312,929.5999755859375,4908
2026-04-29 06:40:00+00:00,929.9500122070312,929.9500122070312,930.5,929.7000122070312,930.0,17704
2026-04-29 06:41:00+00:00,930.0,930.0,930.75,929.4500122070312,930.0,42285
2026-04-29 06:42:00+00:00,930.0,930.0,930.0,929.7000122070312,930.0,7637
2026-04-29 06:43:00+00:00,929.7000122070312,929.7000122070312,930.7000122070312,929.5999755859375,930.5,102870
2026-04-29 06:44:00+00:00,930.5,930.5,930.75,929.6500244140625,930.0,23056
2026-04-29 06:45:00+00:00,931.25,931.25,931.5,930.4000244140625,930.5,6394
2026-04-29 06:46:00+00:00,931.7999877929688,931.7999877929688,931.9000244140625,931.1500244140625,931.5,8633
2026-04-29 06:47:00+00:00,932.0,932.0,932.0,931.4000244140625,931.7999877929688,6339
2026-04-29 06:48:00+00:00,931.7000122070312,931.7000122070312,932.5,931.7000122070312,932.0,15956
2026-04-29 06:49:00+00:00,931.7000122070312,931.7000122070312,932.0999755859375,931.25,931.75,7431
2026-04-29 06:50:00+00:00,931.8499755859375,931.8499755859375,932.0499877929688,931.5999755859375,931.9500122070312,4701
2026-04-29 06:51:00+00:00,932.0,932.0,932.3499755859375,931.6500244140625,931.8499755859375,7182
2026-04-29 06:52:00+00:00,932.2000122070312,932.2000122070312,932.3499755859375,931.5999755859375,931.5999755859375,4240
2026-04-29 06:53:00+00:00,933.0,933.0,933.0,932.0,932.0499877929688,7424
2026-04-29 06:54:00+00:00,934.3499755859375,934.3499755859375,934.3499755859375,933.0,933.0,42366
2026-04-29 06:55:00+00:00,934.0,934.0,934.3499755859375,933.0499877929688,934.3499755859375,11378
2026-04-29 06:56:00+00:00,933.0499877929688,933.0499877929688,934.0,933.0499877929688,934.0,8874
2026-04-29 06:57:00+00:00,932.5,932.5,933.5,932.5,933.2999877929688,6641
2026-04-29 06:58:00+00:00,932.5999755859375,932.5999755859375,933.0499877929688,932.5,932.75,4991
2026-04-29 06:59:00+00:00,932.6500244140625,932.6500244140625,933.3499755859375,932.5,932.8499755859375,6992
2026-04-29 07:00:00+00:00,933.1500244140625,933.1500244140625,933.3499755859375,933.0499877929688,933.1500244140625,3434
2026-04-29 07:01:00+00:00,933.6500244140625,933.6500244140625,933.6500244140625,933.3499755859375,933.3499755859375,4371
2026-04-29 07:02:00+00:00,933.9500122070312,933.9500122070312,934.0,933.75,933.75,7025
2026-04-29 07:03:00+00:00,933.9500122070312,933.9500122070312,934.0,933.7000122070312,934.0,4265
2026-04-29 07:04:00+00:00,933.9000244140625,933.9000244140625,934.0,933.3499755859375,933.9500122070312,12396
2026-04-29 07:05:00+00:00,933.9500122070312,933.9500122070312,934.2000122070312,933.7000122070312,933.9500122070312,12127
2026-04-29 07:06:00+00:00,934.3499755859375,934.3499755859375,934.4000244140625,933.75,934.0499877929688,11297
2026-04-29 07:07:00+00:00,934.7999877929688,934.7999877929688,935.0,934.3499755859375,934.3499755859375,21288
2026-04-29 07:08:00+00:00,935.0,935.0,935.0,934.7000122070312,934.9500122070312,36234
2026-04-29 07:09:00+00:00,936.4000244140625,936.4000244140625,937.0,935.0,935.0,53789
2026-04-29 07:10:00+00:00,936.6500244140625,936.6500244140625,936.9500122070312,936.2000122070312,936.2000122070312,23752
2026-04-29 07:11:00+00:00,935.25,935.25,936.7000122070312,935.25,936.7000122070312,11804
2026-04-29 07:12:00+00:00,935.2999877929688,935.2999877929688,935.75,935.0,935.5,26468
2026-04-29 07:13:00+00:00,935.5999755859375,935.5999755859375,935.8499755859375,935.0,935.25,16142
2026-04-29 07:14:00+00:00,935.9000244140625,935.9000244140625,936.25,935.4500122070312,935.5499877929688,9985
2026-04-29 07:15:00+00:00,935.6500244140625,935.6500244140625,936.7999877929688,935.6500244140625,936.0,21162
2026-04-29 07:16:00+00:00,935.0499877929688,935.0499877929688,935.6500244140625,934.8499755859375,935.6500244140625,10648
2026-04-29 07:17:00+00:00,934.9000244140625,934.9000244140625,935.4000244140625,934.7999877929688,935.3499755859375,4545
2026-04-29 07:18:00+00:00,934.7000122070312,934.7000122070312,935.1500244140625,934.7000122070312,934.9000244140625,5687
2026-04-29 07:19:00+00:00,934.1500244140625,934.1500244140625,935.0,934.1500244140625,935.0,12864
2026-04-29 07:20:00+00:00,934.6500244140625,934.6500244140625,934.7999877929688,934.1500244140625,934.4000244140625,3683
2026-04-29 07:21:00+00:00,934.8499755859375,934.8499755859375,935.0,934.3499755859375,934.75,5716
2026-04-29 07:22:00+00:00,934.9500122070312,934.9500122070312,935.2000122070312,934.5499877929688,934.8499755859375,3707
2026-04-29 07:23:00+00:00,934.75,934.75,935.1500244140625,934.6500244140625,935.1500244140625,3071
2026-04-29 07:24:00+00:00,934.7000122070312,934.7000122070312,935.0999755859375,934.7000122070312,935.0499877929688,17591
2026-04-29 07:25:00+00:00,934.5,934.5,935.2000122070312,934.5,934.7000122070312,11802
2026-04-29 07:26:00+00:00,933.9500122070312,933.9500122070312,934.7000122070312,933.2999877929688,934.7000122070312,24568
2026-04-29 07:27:00+00:00,934.8499755859375,934.8499755859375,935.2000122070312,933.9000244140625,934.0,15437
2026-04-29 07:28:00+00:00,934.7000122070312,934.7000122070312,935.0499877929688,934.5499877929688,935.0499877929688,3329
2026-04-29 07:29:00+00:00,934.3499755859375,934.3499755859375,934.7999877929688,934.3499755859375,934.6500244140625,3537
2026-04-29 07:30:00+00:00,934.1500244140625,934.1500244140625,934.5499877929688,933.9500122070312,934.5499877929688,4741
2026-04-29 07:31:00+00:00,934.2999877929688,934.2999877929688,934.75,934.1500244140625,934.2999877929688,17878
2026-04-29 07:32:00+00:00,935.0,935.0,935.2999877929688,934.2999877929688,934.2999877929688,9720
2026-04-29 07:33:00+00:00,934.5499877929688,934.5499877929688,935.4000244140625,934.5499877929688,935.0,6828
2026-04-29 07:34:00+00:00,935.8499755859375,935.8499755859375,936.0499877929688,934.2999877929688,934.7999877929688,13912
2026-04-29 07:35:00+00:00,935.0,935.0,936.0,935.0,935.9000244140625,3715
2026-04-29 07:36:00+00:00,935.2999877929688,935.2999877929688,935.4000244140625,935.0,935.25,3291
2026-04-29 07:37:00+00:00,935.5,935.5,935.7999877929688,935.2000122070312,935.25,13013
2026-04-29 07:38:00+00:00,936.0,936.0,936.5,935.75,935.75,18825
2026-04-29 07:39:00+00:00,935.25,935.25,935.7999877929688,935.0,935.7000122070312,6120
2026-04-29 07:40:00+00:00,936.5499877929688,936.5499877929688,936.5499877929688,935.0999755859375,935.2999877929688,6593
2026-04-29 07:41:00+00:00,936.4000244140625,936.4000244140625,937.0,936.1500244140625,936.6500244140625,13421
2026-04-29 07:42:00+00:00,936.0,936.0,936.75,935.8499755859375,936.5,9936
2026-04-29 07:43:00+00:00,936.4000244140625,936.4000244140625,936.5,936.0,936.1500244140625,6042
2026-04-29 07:44:00+00:00,936.4000244140625,936.4000244140625,936.7999877929688,936.2000122070312,936.5,10979
2026-04-29 07:45:00+00:00,936.0,936.0,936.75,936.0,936.5499877929688,5998
2026-04-29 07:46:00+00:00,935.25,935.25,936.25,935.0999755859375,936.1500244140625,3717
2026-04-29 07:47:00+00:00,935.25,935.25,935.2999877929688,935.0,935.2999877929688,4085
2026-04-29 07:48:00+00:00,935.4500122070312,935.4500122070312,935.5,935.4500122070312,935.5,4371
2026-04-29 07:49:00+00:00,935.9000244140625,935.9000244140625,936.3499755859375,935.4500122070312,935.5,9107
2026-04-29 07:50:00+00:00,935.5499877929688,935.5499877929688,936.4000244140625,935.5,936.2000122070312,6535
2026-04-29 07:51:00+00:00,935.2000122070312,935.2000122070312,935.8499755859375,935.2000122070312,935.5499877929688,16091
2026-04-29 07:52:00+00:00,935.25,935.25,935.7000122070312,935.25,935.5,2633
2026-04-29 07:53:00+00:00,935.4000244140625,935.4000244140625,935.7999877929688,935.2000122070312,935.5999755859375,5043
2026-04-29 07:54:00+00:00,934.2999877929688,934.2999877929688,935.5499877929688,934.1500244140625,935.4000244140625,9903
2026-04-29 07:55:00+00:00,935.1500244140625,935.1500244140625,935.5499877929688,934.1500244140625,934.7000122070312,18854
2026-04-29 07:56:00+00:00,935.4500122070312,935.4500122070312,935.4500122070312,935.0,935.25,2683
2026-04-29 07:57:00+00:00,935.1500244140625,935.1500244140625,935.4000244140625,934.8499755859375,935.4000244140625,4479
2026-04-29 07:58:00+00:00,934.5999755859375,934.5999755859375,935.4000244140625,934.5999755859375,935.3499755859375,5231
2026-04-29 07:59:00+00:00,934.4000244140625,934.4000244140625,935.0499877929688,934.2000122070312,934.8499755859375,5390
2026-04-29 08:00:00+00:00,935.0,935.0,935.5,934.5499877929688,934.5499877929688,6000
2026-04-29 08:01:00+00:00,935.4000244140625,935.4000244140625,935.75,935.0,935.0,3391
2026-04-29 08:02:00+00:00,935.5499877929688,935.5499877929688,935.9500122070312,935.2999877929688,935.75,4038
2026-04-29 08:03:00+00:00,936.7000122070312,936.7000122070312,936.7999877929688,936.1500244140625,936.1500244140625,11699
2026-04-29 08:04:00+00:00,935.9500122070312,935.9500122070312,936.7000122070312,935.9000244140625,936.7000122070312,14636
2026-04-29 08:05:00+00:00,935.9000244140625,935.9000244140625,936.5499877929688,935.5,936.25,4919
2026-04-29 08:06:00+00:00,935.4000244140625,935.4000244140625,935.7999877929688,934.5999755859375,935.6500244140625,20378
2026-04-29 08:07:00+00:00,935.0,935.0,935.75,935.0,935.7000122070312,4890
2026-04-29 08:08:00+00:00,934.0999755859375,934.0999755859375,935.5999755859375,934.0999755859375,935.25,11404
2026-04-29 08:09:00+00:00,934.6500244140625,934.6500244140625,934.7999877929688,934.2000122070312,934.3499755859375,5135
2026-04-29 08:10:00+00:00,933.5,933.5,934.9000244140625,933.5,934.4000244140625,10220
2026-04-29 08:11:00+00:00,933.2000122070312,933.2000122070312,933.75,932.9500122070312,933.5499877929688,11030
2026-04-29 08:12:00+00:00,932.9500122070312,932.9500122070312,933.25,932.2999877929688,933.2000122070312,14800
2026-04-29 08:13:00+00:00,932.5999755859375,932.5999755859375,933.2000122070312,932.4000244140625,933.0499877929688,7029
2026-04-29 08:14:00+00:00,933.25,933.25,933.4500122070312,932.7999877929688,932.7999877929688,8191
2026-04-29 08:15:00+00:00,932.5499877929688,932.5499877929688,933.4500122070312,932.5499877929688,933.4500122070312,9907
2026-04-29 08:16:00+00:00,932.2999877929688,932.2999877929688,933.0,932.2999877929688,932.5,6448
2026-04-29 08:17:00+00:00,931.0499877929688,931.0499877929688,932.5,931.0499877929688,932.2999877929688,12614
2026-04-29 08:18:00+00:00,931.5999755859375,931.5999755859375,931.7000122070312,931.0499877929688,931.0499877929688,4347
2026-04-29 08:19:00+00:00,931.25,931.25,932.2999877929688,931.25,931.6500244140625,13563
2026-04-29 08:20:00+00:00,931.0499877929688,931.0499877929688,931.6500244140625,930.9500122070312,931.5,15321
2026-04-29 08:21:00+00:00,932.25,932.25,932.7999877929688,930.8499755859375,931.0999755859375,11426
2026-04-29 08:22:00+00:00,932.75,932.75,933.0,932.0499877929688,932.4500122070312,7281
2026-04-29 08:23:00+00:00,933.1500244140625,933.1500244140625,933.3499755859375,932.75,932.7999877929688,14027
2026-04-29 08:24:00+00:00,930.5999755859375,930.5999755859375,933.0999755859375,930.5999755859375,933.0999755859375,17399
2026-04-29 08:25:00+00:00,930.3499755859375,930.3499755859375,930.7999877929688,930.1500244140625,930.7999877929688,7980
2026-04-29 08:26:00+00:00,929.6500244140625,929.6500244140625,930.6500244140625,929.4500122070312,930.5,16442
2026-04-29 08:27:00+00:00,929.1500244140625,929.1500244140625,930.2000122070312,928.9000244140625,929.6500244140625,7483
2026-04-29 08:28:00+00:00,929.2999877929688,929.2999877929688,930.4000244140625,928.9500122070312,929.1500244140625,13510
2026-04-29 08:29:00+00:00,928.8499755859375,928.8499755859375,929.9000244140625,928.8499755859375,929.5499877929688,7018
2026-04-29 08:30:00+00:00,930.5,930.5,931.2000122070312,928.7999877929688,928.9000244140625,10405
2026-04-29 08:31:00+00:00,931.1500244140625,931.1500244140625,931.8499755859375,930.1500244140625,930.9000244140625,14447
2026-04-29 08:32:00+00:00,930.75,930.75,931.75,930.2999877929688,931.4000244140625,8765
2026-04-29 08:33:00+00:00,928.0999755859375,928.0999755859375,931.5,928.0999755859375,931.0999755859375,22725
2026-04-29 08:34:00+00:00,927.8499755859375,927.8499755859375,928.9500122070312,927.5999755859375,928.4000244140625,27340
2026-04-29 08:35:00+00:00,928.7999877929688,928.7999877929688,929.0499877929688,928.1500244140625,928.5499877929688,19645
2026-04-29 08:36:00+00:00,929.0999755859375,929.0999755859375,929.5,928.5999755859375,929.0,10155
2026-04-29 08:37:00+00:00,929.2000122070312,929.2000122070312,929.7999877929688,929.2000122070312,929.4000244140625,7312
2026-04-29 08:38:00+00:00,928.75,928.75,929.7000122070312,928.5499877929688,929.7000122070312,9994
2026-04-29 08:39:00+00:00,928.75,928.75,928.9500122070312,928.3499755859375,928.7999877929688,6354
2026-04-29 08:40:00+00:00,928.75,928.75,928.8499755859375,928.2000122070312,928.75,4182
2026-04-29 08:41:00+00:00,928.75,928.75,928.8499755859375,928.2000122070312,928.7999877929688,5387
2026-04-29 08:42:00+00:00,928.2000122070312,928.2000122070312,928.8499755859375,928.0999755859375,928.75,3605
2026-04-29 08:43:00+00:00,928.0499877929688,928.0499877929688,928.4000244140625,928.0,928.2000122070312,12424
2026-04-29 08:44:00+00:00,929.2000122070312,929.2000122070312,929.4500122070312,927.6500244140625,928.0,27810
2026-04-29 08:45:00+00:00,928.25,928.25,929.3499755859375,928.25,929.25,4893
2026-04-29 08:46:00+00:00,928.2000122070312,928.2000122070312,928.8499755859375,928.0999755859375,928.4500122070312,2684
2026-04-29 08:47:00+00:00,927.7999877929688,927.7999877929688,928.6500244140625,927.5,928.4000244140625,31090
2026-04-29 08:48:00+00:00,927.3499755859375,927.3499755859375,928.2999877929688,927.25,927.9000244140625,30665
2026-04-29 08:49:00+00:00,926.5999755859375,926.5999755859375,927.5499877929688,926.5999755859375,927.5,9926
2026-04-29 08:50:00+00:00,927.0999755859375,927.0999755859375,927.4000244140625,926.4500122070312,926.7000122070312,9184
2026-04-29 08:51:00+00:00,926.5,926.5,927.0999755859375,926.5,927.0999755859375,4108
2026-04-29 08:52:00+00:00,925.5999755859375,925.5999755859375,927.25,925.5,926.7000122070312,17081
2026-04-29 08:53:00+00:00,927.25,927.25,927.4500122070312,925.5999755859375,925.5999755859375,5697
2026-04-29 08:54:00+00:00,927.75,927.75,928.25,927.25,927.4500122070312,6357
2026-04-29 08:55:00+00:00,927.4500122070312,927.4500122070312,927.9000244140625,926.75,927.9000244140625,8865
2026-04-29 08:56:00+00:00,927.4000244140625,927.4000244140625,927.6500244140625,927.0,927.0999755859375,4027
2026-04-29 08:57:00+00:00,927.0999755859375,927.0999755859375,927.8499755859375,927.0499877929688,927.5999755859375,6303
2026-04-29 08:58:00+00:00,927.1500244140625,927.1500244140625,927.9500122070312,927.1500244140625,927.2999877929688,5536
2026-04-29 08:59:00+00:00,926.75,926.75,927.5499877929688,926.75,927.3499755859375,8459
2026-04-29 09:00:00+00:00,926.9000244140625,926.9000244140625,927.25,926.5999755859375,926.75,6955
2026-04-29 09:01:00+00:00,927.3499755859375,927.3499755859375,927.5,926.5999755859375,927.0499877929688,5103
2026-04-29 09:02:00+00:00,928.25,928.25,928.3499755859375,927.5,927.5,5516
2026-04-29 09:03:00+00:00,927.5999755859375,927.5999755859375,928.7000122070312,927.5499877929688,928.4500122070312,17161
2026-04-29 09:04:00+00:00,928.4500122070312,928.4500122070312,928.5,927.5499877929688,927.9000244140625,5498
2026-04-29 09:05:00+00:00,927.5499877929688,927.5499877929688,928.5999755859375,927.5,928.3499755859375,12850
2026-04-29 09:06:00+00:00,928.25,928.25,928.25,927.7000122070312,928.0,3506
2026-04-29 09:07:00+00:00,927.7000122070312,927.7000122070312,928.0,927.0999755859375,927.9500122070312,15248
2026-04-29 09:08:00+00:00,927.4500122070312,927.4500122070312,928.0,927.2999877929688,928.0,2246
2026-04-29 09:09:00+00:00,928.0499877929688,928.0499877929688,928.2999877929688,927.4500122070312,927.7999877929688,4632
2026-04-29 09:10:00+00:00,928.75,928.75,929.0,928.0499877929688,928.25,8431
2026-04-29 09:11:00+00:00,928.6500244140625,928.6500244140625,929.0,928.1500244140625,929.0,17821
2026-04-29 09:12:00+00:00,929.2999877929688,929.2999877929688,929.4500122070312,928.25,928.6500244140625,9042
2026-04-29 09:13:00+00:00,928.5499877929688,928.5499877929688,929.9500122070312,928.5499877929688,929.4500122070312,8136
2026-04-29 09:14:00+00:00,929.6500244140625,929.6500244140625,929.6500244140625,928.5499877929688,928.6500244140625,5167
2026-04-29 09:15:00+00:00,928.75,928.75,929.7000122070312,928.5,929.7000122070312,9181
2026-04-29 09:16:00+00:00,928.5999755859375,928.5999755859375,929.5499877929688,928.0499877929688,929.0,7872
2026-04-29 09:17:00+00:00,929.1500244140625,929.1500244140625,929.5999755859375,928.2999877929688,928.5999755859375,7952
2026-04-29 09:18:00+00:00,929.7000122070312,929.7000122070312,930.0,929.2000122070312,929.2000122070312,10559
2026-04-29 09:19:00+00:00,929.4500122070312,929.4500122070312,929.9000244140625,929.0999755859375,929.9000244140625,4991
2026-04-29 09:20:00+00:00,928.3499755859375,928.3499755859375,929.5,928.2000122070312,929.3499755859375,6830
2026-04-29 09:21:00+00:00,928.3499755859375,928.3499755859375,928.7999877929688,928.1500244140625,928.7000122070312,4323
2026-04-29 09:22:00+00:00,928.5,928.5,929.0,928.0499877929688,928.4500122070312,4333
2026-04-29 09:23:00+00:00,927.8499755859375,927.8499755859375,928.7999877929688,927.2999877929688,928.7999877929688,19232
2026-04-29 09:24:00+00:00,928.5,928.5,928.5499877929688,927.4500122070312,927.75,2724
2026-04-29 09:25:00+00:00,927.9500122070312,927.9500122070312,928.4500122070312,927.7000122070312,928.4500122070312,3604
2026-04-29 09:26:00+00:00,929.0,929.0,929.0,927.8499755859375,928.0999755859375,7684
2026-04-29 09:27:00+00:00,928.5999755859375,928.5999755859375,929.2999877929688,928.5999755859375,929.0,12167
2026-04-29 09:28:00+00:00,928.2999877929688,928.2999877929688,929.4000244140625,928.2999877929688,929.0,12378
2026-04-29 09:29:00+00:00,928.2999877929688,928.2999877929688,928.7999877929688,927.4000244140625,928.4000244140625,14404
2026-04-29 09:30:00+00:00,928.2000122070312,928.2000122070312,929.25,927.7999877929688,928.2999877929688,25556
2026-04-29 09:31:00+00:00,929.0499877929688,929.0499877929688,929.0499877929688,928.2000122070312,928.2000122070312,16734
2026-04-29 09:32:00+00:00,930.9000244140625,930.9000244140625,931.25,929.25,929.25,48491
2026-04-29 09:33:00+00:00,931.5,931.5,932.3499755859375,930.75,930.9000244140625,39399
2026-04-29 09:34:00+00:00,930.4500122070312,930.4500122070312,932.0,930.25,931.5999755859375,37392
2026-04-29 09:35:00+00:00,930.5999755859375,930.5999755859375,930.5999755859375,929.4000244140625,930.4500122070312,29651
2026-04-29 09:36:00+00:00,932.0,932.0,932.0,929.6500244140625,930.4500122070312,67137
2026-04-29 09:37:00+00:00,932.0999755859375,932.0999755859375,932.5999755859375,931.7999877929688,932.5499877929688,37678
2026-04-29 09:38:00+00:00,931.9500122070312,931.9500122070312,932.2000122070312,931.7999877929688,932.0999755859375,14794
2026-04-29 09:39:00+00:00,931.25,931.25,931.9500122070312,930.9500122070312,931.9000244140625,17086
2026-04-29 09:40:00+00:00,930.4000244140625,930.4000244140625,931.25,930.0,931.25,27393
2026-04-29 09:41:00+00:00,929.75,929.75,930.4500122070312,929.5,930.4500122070312,28760
2026-04-29 09:42:00+00:00,929.6500244140625,929.6500244140625,930.0,929.5499877929688,929.7999877929688,28792
2026-04-29 09:43:00+00:00,929.3499755859375,929.3499755859375,929.7000122070312,929.0,929.5999755859375,23827
2026-04-29 09:44:00+00:00,928.2999877929688,928.2999877929688,929.2000122070312,928.25,928.9000244140625,20797
2026-04-29 09:45:00+00:00,929.6500244140625,929.6500244140625,929.9000244140625,928.2000122070312,928.7000122070312,23486
2026-04-29 09:46:00+00:00,929.5999755859375,929.5999755859375,929.9000244140625,929.0999755859375,929.8499755859375,19685
2026-04-29 09:47:00+00:00,929.5499877929688,929.5499877929688,930.0,929.3499755859375,929.4000244140625,22871
2026-04-29 09:48:00+00:00,929.2999877929688,929.2999877929688,929.8499755859375,928.6500244140625,929.5499877929688,25071
2026-04-29 09:49:00+00:00,929.5499877929688,929.5499877929688,929.7999877929688,929.0,929.0,20460
2026-04-29 09:50:00+00:00,928.7999877929688,928.7999877929688,929.6500244140625,928.5,929.6500244140625,20134
2026-04-29 09:51:00+00:00,929.3499755859375,929.3499755859375,929.5,928.7000122070312,928.7999877929688,23859
2026-04-29 09:52:00+00:00,929.25,929.25,929.3499755859375,928.4500122070312,929.3499755859375,33099
2026-04-29 09:53:00+00:00,930.0,930.0,930.5999755859375,929.0,929.8499755859375,44828
2026-04-29 09:54:00+00:00,929.9000244140625,929.9000244140625,930.2999877929688,929.5999755859375,929.8499755859375,17645
2026-04-29 09:55:00+00:00,930.0999755859375,930.0999755859375,930.75,929.4000244140625,929.6500244140625,28804
2026-04-29 09:56:00+00:00,927.7000122070312,927.7000122070312,929.5999755859375,927.7000122070312,929.5999755859375,33118
2026-04-29 09:57:00+00:00,928.3499755859375,928.3499755859375,928.9500122070312,927.4000244140625,927.7000122070312,28204
2026-04-29 09:58:00+00:00,928.7000122070312,928.7000122070312,929.5,928.0499877929688,928.0999755859375,29376
2026-04-29 09:59:00+00:00,930.0499877929688,930.0499877929688,933.7999877929688,929.4000244140625,930.0999755859375,55120
2026-04-30 03:45:00+00:00,953.9000244140625,953.9000244140625,960.5,945.0999755859375,945.4000244140625,0
2026-04-30 03:46:00+00:00,951.7999877929688,951.7999877929688,959.9000244140625,950.9000244140625,954.5999755859375,646410
2026-04-30 03:47:00+00:00,962.0499877929688,962.0499877929688,962.0499877929688,951.6500244140625,951.6500244140625,506902
2026-04-30 03:48:00+00:00,968.0,968.0,969.4500122070312,960.0499877929688,962.1500244140625,641861
2026-04-30 03:49:00+00:00,967.5,967.5,969.3499755859375,965.0999755859375,968.5,387460
2026-04-30 03:50:00+00:00,965.5499877929688,965.5499877929688,969.5499877929688,965.5499877929688,968.5999755859375,495831
2026-04-30 03:51:00+00:00,965.0,965.0,967.9500122070312,962.6500244140625,965.0499877929688,397760
2026-04-30 03:52:00+00:00,966.0999755859375,966.0999755859375,967.4000244140625,963.9000244140625,964.2999877929688,214530
2026-04-30 03:53:00+00:00,967.9500122070312,967.9500122070312,969.1500244140625,964.2999877929688,967.0,307536
2026-04-30 03:54:00+00:00,972.25,972.25,975.0,968.5999755859375,968.7000122070312,568335
2026-04-30 03:55:00+00:00,973.9000244140625,973.9000244140625,974.0,970.2000122070312,971.8499755859375,282825
2026-04-30 03:56:00+00:00,971.0,971.0,975.0,970.9000244140625,973.9000244140625,389953
2026-04-30 03:57:00+00:00,964.6500244140625,964.6500244140625,970.9500122070312,964.2999877929688,970.5,293515
2026-04-30 03:58:00+00:00,961.8499755859375,961.8499755859375,964.9500122070312,961.8499755859375,964.0999755859375,180534
2026-04-30 03:59:00+00:00,961.0,961.0,963.6500244140625,960.6500244140625,961.4500122070312,138157
2026-04-30 04:00:00+00:00,957.9500122070312,957.9500122070312,962.4500122070312,957.5499877929688,960.7000122070312,282982
2026-04-30 04:01:00+00:00,960.0,960.0,960.5,958.0999755859375,958.5999755859375,120500
2026-04-30 04:02:00+00:00,960.0,960.0,960.0,959.0,960.0,88287
2026-04-30 04:03:00+00:00,960.2000122070312,960.2000122070312,960.9000244140625,958.0999755859375,959.7000122070312,85865
2026-04-30 04:04:00+00:00,960.8499755859375,960.8499755859375,961.4000244140625,959.0,960.0999755859375,92145
2026-04-30 04:05:00+00:00,959.0,959.0,961.1500244140625,958.6500244140625,961.1500244140625,64159
2026-04-30 04:06:00+00:00,962.5499877929688,962.5499877929688,963.0,958.5999755859375,958.8499755859375,100354
2026-04-30 04:07:00+00:00,960.0999755859375,960.0999755859375,964.2999877929688,960.0999755859375,962.8499755859375,140267
2026-04-30 04:08:00+00:00,960.5,960.5,961.5999755859375,959.6500244140625,960.2999877929688,75594
2026-04-30 04:09:00+00:00,960.9000244140625,960.9000244140625,961.9000244140625,960.5,960.5,66001
2026-04-30 04:10:00+00:00,959.3499755859375,959.3499755859375,960.7999877929688,958.6500244140625,960.75,65093
2026-04-30 04:11:00+00:00,961.75,961.75,962.0,959.0499877929688,959.2999877929688,46044
2026-04-30 04:12:00+00:00,963.25,963.25,963.8499755859375,961.5,962.0,101322
2026-04-30 04:13:00+00:00,964.25,964.25,966.8499755859375,963.5,963.5,152154
2026-04-30 04:14:00+00:00,965.6500244140625,965.6500244140625,966.0999755859375,963.9500122070312,964.0,63192
2026-04-30 04:15:00+00:00,968.3499755859375,968.3499755859375,968.5999755859375,965.5,965.5999755859375,150652
2026-04-30 04:16:00+00:00,967.3499755859375,967.3499755859375,968.5999755859375,967.2999877929688,968.3499755859375,88567
2026-04-30 04:17:00+00:00,962.2000122070312,962.2000122070312,967.0499877929688,962.2000122070312,967.0,102785
2026-04-30 04:18:00+00:00,961.1500244140625,961.1500244140625,962.2000122070312,960.5999755859375,962.0499877929688,83860
2026-04-30 04:19:00+00:00,956.0499877929688,956.0499877929688,960.0999755859375,955.1500244140625,959.5,209000
2026-04-30 04:20:00+00:00,953.5999755859375,953.5999755859375,956.0,953.5999755859375,955.9000244140625,187479
2026-04-30 04:21:00+00:00,955.7999877929688,955.7999877929688,955.7999877929688,953.4000244140625,953.9000244140625,78614
2026-04-30 04:22:00+00:00,955.0,955.0,957.0,954.6500244140625,955.5999755859375,134422
2026-04-30 04:23:00+00:00,955.5999755859375,955.5999755859375,959.0,955.0499877929688,955.2000122070312,105613
2026-04-30 04:24:00+00:00,955.0,955.0,956.3499755859375,955.0,955.5499877929688,127536
2026-04-30 04:25:00+00:00,956.7999877929688,956.7999877929688,957.0,955.0,955.1500244140625,77589
2026-04-30 04:26:00+00:00,956.2000122070312,956.2000122070312,957.5999755859375,955.5,956.7999877929688,50072
2026-04-30 04:27:00+00:00,955.5,955.5,956.5499877929688,955.0999755859375,956.5499877929688,23587
2026-04-30 04:28:00+00:00,954.0499877929688,954.0499877929688,955.7000122070312,953.0999755859375,955.7000122070312,163873
2026-04-30 04:29:00+00:00,954.7999877929688,954.7999877929688,954.7999877929688,953.0,954.0499877929688,53935
2026-04-30 04:30:00+00:00,953.5999755859375,953.5999755859375,954.9000244140625,952.5499877929688,954.7999877929688,60135
2026-04-30 04:31:00+00:00,953.5999755859375,953.5999755859375,954.0,952.0499877929688,953.25,59606
2026-04-30 04:32:00+00:00,953.9000244140625,953.9000244140625,954.4500122070312,953.4000244140625,953.5499877929688,61318
2026-04-30 04:33:00+00:00,953.5,953.5,954.0,952.9000244140625,954.0,28526
2026-04-30 04:34:00+00:00,952.5,952.5,953.7999877929688,951.7999877929688,953.5,64467
2026-04-30 04:35:00+00:00,952.5,952.5,953.0,951.2999877929688,952.5499877929688,46914
2026-04-30 04:36:00+00:00,953.1500244140625,953.1500244140625,953.1500244140625,951.6500244140625,952.4000244140625,38055
2026-04-30 04:37:00+00:00,952.2000122070312,952.2000122070312,953.75,952.0,953.2000122070312,31518
2026-04-30 04:38:00+00:00,949.0999755859375,949.0999755859375,952.4500122070312,949.0999755859375,952.2000122070312,227473
2026-04-30 04:39:00+00:00,949.5999755859375,949.5999755859375,950.25,949.0,949.4000244140625,83452
2026-04-30 04:40:00+00:00,949.9500122070312,949.9500122070312,950.0,949.2000122070312,949.2000122070312,22211
2026-04-30 04:41:00+00:00,949.7000122070312,949.7000122070312,950.0,949.2000122070312,949.9500122070312,24168
2026-04-30 04:42:00+00:00,948.5,948.5,950.0,948.2999877929688,949.75,53457
2026-04-30 04:43:00+00:00,947.0,947.0,948.7000122070312,946.7999877929688,948.5499877929688,81723
2026-04-30 04:44:00+00:00,946.25,946.25,948.0499877929688,946.0499877929688,946.9500122070312,56392
2026-04-30 04:45:00+00:00,946.0,946.0,946.1500244140625,945.0499877929688,946.1500244140625,99384
2026-04-30 04:46:00+00:00,946.9500122070312,946.9500122070312,947.0999755859375,945.2999877929688,945.4000244140625,107236
2026-04-30 04:47:00+00:00,947.0999755859375,947.0999755859375,947.0999755859375,945.0,946.7999877929688,115140
2026-04-30 04:48:00+00:00,946.9000244140625,946.9000244140625,947.5,945.1500244140625,946.6500244140625,38806
2026-04-30 04:49:00+00:00,947.75,947.75,948.3499755859375,946.6500244140625,946.6500244140625,65004
2026-04-30 04:50:00+00:00,947.5499877929688,947.5499877929688,948.0,947.0,947.5499877929688,37478
2026-04-30 04:51:00+00:00,947.5499877929688,947.5499877929688,948.6500244140625,947.5,947.5499877929688,41266
2026-04-30 04:52:00+00:00,946.2999877929688,946.2999877929688,947.7999877929688,946.0,947.2999877929688,28203
2026-04-30 04:53:00+00:00,945.7000122070312,945.7000122070312,946.5999755859375,945.5,946.0499877929688,22042
2026-04-30 04:54:00+00:00,945.5,945.5,945.9500122070312,944.2000122070312,945.7000122070312,58490
2026-04-30 04:55:00+00:00,946.1500244140625,946.1500244140625,946.8499755859375,945.0,945.5499877929688,26291
2026-04-30 04:56:00+00:00,947.9000244140625,947.9000244140625,948.5999755859375,945.9500122070312,945.9500122070312,45412
2026-04-30 04:57:00+00:00,948.1500244140625,948.1500244140625,948.5,947.5,948.2000122070312,40405
2026-04-30 04:58:00+00:00,948.0,948.0,948.2000122070312,947.2999877929688,948.2000122070312,15461
2026-04-30 04:59:00+00:00,948.5999755859375,948.5999755859375,949.0,947.7999877929688,948.0,41033
2026-04-30 05:00:00+00:00,949.5499877929688,949.5499877929688,949.9500122070312,948.0,948.4500122070312,131246
2026-04-30 05:01:00+00:00,948.8499755859375,948.8499755859375,949.5999755859375,948.5,949.4500122070312,30175
2026-04-30 05:02:00+00:00,948.75,948.75,949.4500122070312,948.0,948.7999877929688,27108
2026-04-30 05:03:00+00:00,950.0999755859375,950.0999755859375,950.6500244140625,948.7000122070312,948.75,59870
2026-04-30 05:04:00+00:00,950.2999877929688,950.2999877929688,951.0999755859375,949.5999755859375,950.25,96505
2026-04-30 05:05:00+00:00,949.7999877929688,949.7999877929688,950.4000244140625,949.0,950.4000244140625,36904
2026-04-30 05:06:00+00:00,950.2000122070312,950.2000122070312,950.2999877929688,949.5999755859375,949.5999755859375,60482
2026-04-30 05:07:00+00:00,949.9500122070312,949.9500122070312,950.3499755859375,949.5,950.1500244140625,60225
2026-04-30 05:08:00+00:00,951.7999877929688,951.7999877929688,952.0,949.9500122070312,949.9500122070312,95221
2026-04-30 05:09:00+00:00,948.9000244140625,948.9000244140625,952.4500122070312,948.9000244140625,952.2999877929688,99505
2026-04-30 05:10:00+00:00,946.4000244140625,946.4000244140625,948.9000244140625,946.0999755859375,948.5,130238
2026-04-30 05:11:00+00:00,945.25,945.25,946.3499755859375,945.0999755859375,946.0,49582
2026-04-30 05:12:00+00:00,945.25,945.25,945.75,944.6500244140625,945.4500122070312,79055
2026-04-30 05:13:00+00:00,946.7999877929688,946.7999877929688,947.3499755859375,945.9000244140625,945.9000244140625,60786
2026-04-30 05:14:00+00:00,946.4000244140625,946.4000244140625,947.0,945.8499755859375,946.9000244140625,77872
2026-04-30 05:15:00+00:00,946.0,946.0,946.4500122070312,944.6500244140625,946.3499755859375,119939
2026-04-30 05:16:00+00:00,946.75,946.75,946.75,945.9000244140625,946.25,42372
2026-04-30 05:17:00+00:00,947.0,947.0,947.75,946.9500122070312,947.0999755859375,37564
2026-04-30 05:18:00+00:00,947.5,947.5,948.4000244140625,947.0499877929688,947.4000244140625,31361
2026-04-30 05:19:00+00:00,947.9000244140625,947.9000244140625,948.0,947.2000122070312,947.3499755859375,45058
2026-04-30 05:20:00+00:00,946.5999755859375,946.5999755859375,948.0999755859375,946.5,948.0,23064
2026-04-30 05:21:00+00:00,945.5999755859375,945.5999755859375,948.0,945.5999755859375,946.6500244140625,36573
2026-04-30 05:22:00+00:00,945.8499755859375,945.8499755859375,946.4500122070312,944.5999755859375,945.5999755859375,61182
2026-04-30 05:23:00+00:00,945.75,945.75,946.2000122070312,945.2000122070312,946.0,33898
2026-04-30 05:24:00+00:00,944.9000244140625,944.9000244140625,945.8499755859375,944.5999755859375,945.5,32178
2026-04-30 05:25:00+00:00,944.9500122070312,944.9500122070312,945.2999877929688,944.5499877929688,944.75,46617
2026-04-30 05:26:00+00:00,945.25,945.25,945.9000244140625,944.5999755859375,945.0,33986
2026-04-30 05:27:00+00:00,945.4000244140625,945.4000244140625,945.75,944.75,945.25,55983
2026-04-30 05:28:00+00:00,946.9500122070312,946.9500122070312,947.0999755859375,945.6500244140625,945.6500244140625,35751
2026-04-30 05:29:00+00:00,946.7000122070312,946.7000122070312,947.1500244140625,946.1500244140625,946.7000122070312,26456
2026-04-30 05:30:00+00:00,944.75,944.75,947.0499877929688,944.2999877929688,946.5499877929688,93423
2026-04-30 05:31:00+00:00,944.9500122070312,944.9500122070312,945.3499755859375,944.6500244140625,944.6500244140625,48102
2026-04-30 05:32:00+00:00,944.5499877929688,944.5499877929688,945.4500122070312,944.25,945.0,48710
2026-04-30 05:33:00+00:00,943.5499877929688,943.5499877929688,944.7000122070312,943.4000244140625,944.4500122070312,63743
2026-04-30 05:34:00+00:00,942.3499755859375,942.3499755859375,943.5499877929688,942.0,943.5,92110
2026-04-30 05:35:00+00:00,942.8499755859375,942.8499755859375,943.2000122070312,941.5,942.0,63327
2026-04-30 05:36:00+00:00,943.7999877929688,943.7999877929688,944.0,942.75,942.75,37868
2026-04-30 05:37:00+00:00,943.3499755859375,943.3499755859375,943.7000122070312,943.0499877929688,943.5,28270
2026-04-30 05:38:00+00:00,942.5499877929688,942.5499877929688,943.3499755859375,941.9500122070312,943.3499755859375,38376
2026-04-30 05:39:00+00:00,942.3499755859375,942.3499755859375,942.5,941.5499877929688,942.5,72958
2026-04-30 05:40:00+00:00,942.6500244140625,942.6500244140625,942.7000122070312,941.6500244140625,942.0999755859375,26925
2026-04-30 05:41:00+00:00,942.75,942.75,942.9000244140625,942.2000122070312,942.75,25885
2026-04-30 05:42:00+00:00,943.2000122070312,943.2000122070312,944.0,942.2999877929688,942.7999877929688,47374
2026-04-30 05:43:00+00:00,942.7999877929688,942.7999877929688,943.8499755859375,942.5,943.8499755859375,28173
2026-04-30 05:44:00+00:00,943.2000122070312,943.2000122070312,943.5499877929688,942.8499755859375,942.8499755859375,19136
2026-04-30 05:45:00+00:00,943.5,943.5,943.5,942.7000122070312,943.2000122070312,21424
2026-04-30 05:46:00+00:00,944.5499877929688,944.5499877929688,944.75,943.4500122070312,943.5499877929688,29527
2026-04-30 05:47:00+00:00,944.5499877929688,944.5499877929688,945.0499877929688,944.3499755859375,944.5999755859375,24748
2026-04-30 05:48:00+00:00,944.4500122070312,944.4500122070312,945.0,944.0999755859375,944.3499755859375,22681
2026-04-30 05:49:00+00:00,945.0,945.0,945.5499877929688,944.2000122070312,944.2000122070312,27153
2026-04-30 05:50:00+00:00,945.9500122070312,945.9500122070312,946.5999755859375,944.4500122070312,945.0999755859375,74883
2026-04-30 05:51:00+00:00,946.75,946.75,946.7999877929688,945.6500244140625,945.7999877929688,53502
2026-04-30 05:52:00+00:00,944.7999877929688,944.7999877929688,946.5499877929688,943.5999755859375,946.4500122070312,67279
2026-04-30 05:53:00+00:00,943.9000244140625,943.9000244140625,944.7999877929688,943.2999877929688,944.25,47575
2026-04-30 05:54:00+00:00,944.75,944.75,944.9000244140625,943.5,943.5,36856
2026-04-30 05:55:00+00:00,944.8499755859375,944.8499755859375,945.25,944.5,944.8499755859375,32879
2026-04-30 05:56:00+00:00,945.5499877929688,945.5499877929688,946.0,944.8499755859375,944.8499755859375,20167
2026-04-30 05:57:00+00:00,945.4500122070312,945.4500122070312,945.5999755859375,944.8499755859375,945.4500122070312,18627
2026-04-30 05:58:00+00:00,945.8499755859375,945.8499755859375,946.0,944.5,945.5999755859375,266637
2026-04-30 05:59:00+00:00,945.4500122070312,945.4500122070312,946.0,945.0499877929688,946.0,34821
2026-04-30 06:00:00+00:00,945.2999877929688,945.2999877929688,945.5,944.8499755859375,945.5,26451
2026-04-30 06:01:00+00:00,945.3499755859375,945.3499755859375,945.9500122070312,944.7000122070312,945.0,25336
2026-04-30 06:02:00+00:00,943.7000122070312,943.7000122070312,945.5,943.5999755859375,945.2999877929688,18548
2026-04-30 06:03:00+00:00,943.7000122070312,943.7000122070312,944.2000122070312,943.2000122070312,943.7000122070312,15828
2026-04-30 06:04:00+00:00,942.4500122070312,942.4500122070312,944.0,942.4500122070312,943.7000122070312,23587
2026-04-30 06:05:00+00:00,943.3499755859375,943.3499755859375,943.4000244140625,942.0999755859375,942.7000122070312,36234
2026-04-30 06:06:00+00:00,942.0,942.0,943.8499755859375,941.7000122070312,943.0,177446
2026-04-30 06:07:00+00:00,941.25,941.25,942.4000244140625,941.1500244140625,942.0,46595
2026-04-30 06:08:00+00:00,942.5999755859375,942.5999755859375,943.0,941.2000122070312,941.6500244140625,28900
2026-04-30 06:09:00+00:00,943.8499755859375,943.8499755859375,943.9000244140625,942.4500122070312,942.5,31535
2026-04-30 06:10:00+00:00,943.75,943.75,944.25,943.1500244140625,943.9000244140625,23824
2026-04-30 06:11:00+00:00,944.0,944.0,944.5999755859375,943.75,943.75,14262
2026-04-30 06:12:00+00:00,944.0999755859375,944.0999755859375,944.3499755859375,943.4500122070312,944.2000122070312,23482
2026-04-30 06:13:00+00:00,943.4000244140625,943.4000244140625,944.7999877929688,943.4000244140625,944.2999877929688,16807
2026-04-30 06:14:00+00:00,943.7000122070312,943.7000122070312,944.3499755859375,943.5499877929688,943.75,20640
2026-04-30 06:15:00+00:00,944.25,944.25,944.7999877929688,943.5,943.9500122070312,26045
2026-04-30 06:16:00+00:00,944.6500244140625,944.6500244140625,944.8499755859375,943.6500244140625,944.1500244140625,29082
2026-04-30 06:17:00+00:00,944.7000122070312,944.7000122070312,944.9000244140625,944.2000122070312,944.7999877929688,21622
2026-04-30 06:18:00+00:00,944.2000122070312,944.2000122070312,944.5999755859375,944.0,944.4000244140625,7680
2026-04-30 06:19:00+00:00,944.0,944.0,944.6500244140625,943.7999877929688,944.1500244140625,19438
2026-04-30 06:20:00+00:00,943.9000244140625,943.9000244140625,944.5,943.5,944.0999755859375,17916
2026-04-30 06:21:00+00:00,943.4000244140625,943.4000244140625,944.0,943.0499877929688,944.0,17829
2026-04-30 06:22:00+00:00,943.0499877929688,943.0499877929688,943.4500122070312,942.75,943.25,20834
2026-04-30 06:23:00+00:00,943.5999755859375,943.5999755859375,943.5999755859375,943.0499877929688,943.0499877929688,8250
2026-04-30 06:24:00+00:00,943.2999877929688,943.2999877929688,943.5999755859375,942.7000122070312,943.5999755859375,21839
2026-04-30 06:25:00+00:00,943.9000244140625,943.9000244140625,944.1500244140625,943.2999877929688,943.5,22479
2026-04-30 06:26:00+00:00,944.0,944.0,944.8499755859375,944.0,944.0,19753
2026-04-30 06:27:00+00:00,943.8499755859375,943.8499755859375,944.2000122070312,943.5,944.0499877929688,10863
2026-04-30 06:28:00+00:00,943.7000122070312,943.7000122070312,944.2000122070312,943.5499877929688,944.0999755859375,9440
2026-04-30 06:29:00+00:00,944.3499755859375,944.3499755859375,944.9000244140625,943.7000122070312,943.7000122070312,21043
2026-04-30 06:30:00+00:00,944.2000122070312,944.2000122070312,944.8499755859375,943.6500244140625,944.5,17813
2026-04-30 06:31:00+00:00,944.6500244140625,944.6500244140625,944.7999877929688,943.8499755859375,944.2000122070312,27523
2026-04-30 06:32:00+00:00,944.4500122070312,944.4500122070312,944.9000244140625,944.1500244140625,944.5,13631
2026-04-30 06:33:00+00:00,945.5499877929688,945.5499877929688,945.5499877929688,944.4000244140625,944.5,83641
2026-04-30 06:34:00+00:00,944.8499755859375,944.8499755859375,945.9000244140625,944.7000122070312,945.5,35138
2026-04-30 06:35:00+00:00,945.0,945.0,945.25,944.3499755859375,944.75,20631
2026-04-30 06:36:00+00:00,945.7000122070312,945.7000122070312,945.7000122070312,944.9000244140625,945.0,17253
2026-04-30 06:37:00+00:00,945.75,945.75,945.75,945.0,945.7000122070312,25964
2026-04-30 06:38:00+00:00,945.2999877929688,945.2999877929688,945.6500244140625,944.5999755859375,945.6500244140625,28620
2026-04-30 06:39:00+00:00,947.5,947.5,947.9500122070312,945.0,945.0499877929688,83161
2026-04-30 06:40:00+00:00,950.0,950.0,950.0,947.2999877929688,947.9000244140625,133339
2026-04-30 06:41:00+00:00,949.4500122070312,949.4500122070312,950.6500244140625,949.4500122070312,949.5999755859375,114227
2026-04-30 06:42:00+00:00,951.4500122070312,951.4500122070312,951.7999877929688,949.75,949.8499755859375,298187
2026-04-30 06:43:00+00:00,950.9000244140625,950.9000244140625,952.4000244140625,950.5499877929688,951.0999755859375,135593
2026-04-30 06:44:00+00:00,953.0,953.0,953.7999877929688,951.0,951.1500244140625,150970
2026-04-30 06:45:00+00:00,953.9500122070312,953.9500122070312,954.4500122070312,951.9500122070312,953.7000122070312,191068
2026-04-30 06:46:00+00:00,954.9000244140625,954.9000244140625,955.4000244140625,952.6500244140625,953.1500244140625,239665
2026-04-30 06:47:00+00:00,956.9000244140625,956.9000244140625,958.25,955.4000244140625,955.4000244140625,211540
2026-04-30 06:48:00+00:00,959.6500244140625,959.6500244140625,959.6500244140625,955.5,956.6500244140625,86982
2026-04-30 06:49:00+00:00,958.0499877929688,958.0499877929688,959.7000122070312,957.9500122070312,959.5,165360
2026-04-30 06:50:00+00:00,954.7999877929688,954.7999877929688,958.4000244140625,954.7000122070312,957.6500244140625,162996
2026-04-30 06:51:00+00:00,954.6500244140625,954.6500244140625,955.4500122070312,952.5,955.0,214596
2026-04-30 06:52:00+00:00,956.3499755859375,956.3499755859375,956.5999755859375,954.2999877929688,954.2999877929688,37308
2026-04-30 06:53:00+00:00,954.2999877929688,954.2999877929688,956.7999877929688,954.2999877929688,956.5,81344
2026-04-30 06:54:00+00:00,955.7999877929688,955.7999877929688,956.7999877929688,954.2999877929688,954.2999877929688,35484
2026-04-30 06:55:00+00:00,955.2000122070312,955.2000122070312,955.8499755859375,955.2000122070312,955.7999877929688,16790
2026-04-30 06:56:00+00:00,955.0999755859375,955.0999755859375,956.7999877929688,955.0,955.2000122070312,63716
2026-04-30 06:57:00+00:00,954.2000122070312,954.2000122070312,955.9000244140625,954.2000122070312,955.9000244140625,27082
2026-04-30 06:58:00+00:00,953.7000122070312,953.7000122070312,954.7999877929688,952.8499755859375,954.1500244140625,71629
2026-04-30 06:59:00+00:00,952.7999877929688,952.7999877929688,954.0,952.5,953.4000244140625,39866
2026-04-30 07:00:00+00:00,950.6500244140625,950.6500244140625,953.3499755859375,950.2999877929688,953.0999755859375,115590
2026-04-30 07:01:00+00:00,948.5999755859375,948.5999755859375,951.9000244140625,948.5999755859375,950.5,101329
2026-04-30 07:02:00+00:00,948.8499755859375,948.8499755859375,949.5999755859375,948.2999877929688,948.5499877929688,65168
2026-04-30 07:03:00+00:00,951.4500122070312,951.4500122070312,951.5,949.0,949.0,31468
2026-04-30 07:04:00+00:00,951.7999877929688,951.7999877929688,952.0,950.7999877929688,950.7999877929688,26645
2026-04-30 07:05:00+00:00,949.9500122070312,949.9500122070312,952.3499755859375,949.0499877929688,952.0,40617
2026-04-30 07:06:00+00:00,948.7999877929688,948.7999877929688,949.75,948.2999877929688,949.75,55036
2026-04-30 07:07:00+00:00,948.75,948.75,949.1500244140625,948.5499877929688,948.9000244140625,25987
2026-04-30 07:08:00+00:00,949.0999755859375,949.0999755859375,949.4500122070312,948.75,948.75,20097
2026-04-30 07:09:00+00:00,948.7000122070312,948.7000122070312,949.4000244140625,948.0999755859375,949.0499877929688,38996
2026-04-30 07:10:00+00:00,949.0999755859375,949.0999755859375,950.0,948.5999755859375,948.5999755859375,32887
2026-04-30 07:11:00+00:00,949.7000122070312,949.7000122070312,950.1500244140625,949.0999755859375,949.0999755859375,15557
2026-04-30 07:12:00+00:00,948.7000122070312,948.7000122070312,949.7000122070312,948.5,949.5999755859375,24692
2026-04-30 07:13:00+00:00,949.0499877929688,949.0499877929688,949.5499877929688,948.5,948.7000122070312,22810
2026-04-30 07:14:00+00:00,949.2999877929688,949.2999877929688,949.5,948.5499877929688,949.1500244140625,16514
2026-04-30 07:15:00+00:00,948.7000122070312,948.7000122070312,949.4500122070312,948.7000122070312,949.2999877929688,20242
2026-04-30 07:16:00+00:00,949.5,949.5,949.8499755859375,948.5999755859375,948.6500244140625,16282
2026-04-30 07:17:00+00:00,949.4500122070312,949.4500122070312,949.8499755859375,948.9000244140625,949.5,18387
2026-04-30 07:18:00+00:00,948.6500244140625,948.6500244140625,949.7000122070312,948.4500122070312,949.4500122070312,22618
2026-04-30 07:19:00+00:00,949.2999877929688,949.2999877929688,949.4500122070312,948.4500122070312,948.7000122070312,19210
2026-04-30 07:20:00+00:00,949.25,949.25,949.5,948.8499755859375,949.0,18708
2026-04-30 07:21:00+00:00,948.5,948.5,949.2999877929688,948.5,949.2999877929688,17410
2026-04-30 07:22:00+00:00,948.0999755859375,948.0999755859375,948.9000244140625,948.0499877929688,948.5,25043
2026-04-30 07:23:00+00:00,948.4500122070312,948.4500122070312,948.7000122070312,948.0,948.0999755859375,16717
2026-04-30 07:24:00+00:00,949.5999755859375,949.5999755859375,949.6500244140625,948.4000244140625,948.4500122070312,59051
2026-04-30 07:25:00+00:00,949.2000122070312,949.2000122070312,949.7000122070312,948.7999877929688,949.3499755859375,24272
2026-04-30 07:26:00+00:00,948.8499755859375,948.8499755859375,949.2000122070312,948.0999755859375,949.0,29308
2026-04-30 07:27:00+00:00,948.5999755859375,948.5999755859375,949.5,948.5999755859375,949.0,18918
2026-04-30 07:28:00+00:00,948.2999877929688,948.2999877929688,949.0,948.2000122070312,948.3499755859375,19503
2026-04-30 07:29:00+00:00,948.5499877929688,948.5499877929688,949.2000122070312,948.2000122070312,948.2000122070312,18619
2026-04-30 07:30:00+00:00,948.0,948.0,949.0999755859375,947.3499755859375,948.5,62746
2026-04-30 07:31:00+00:00,947.3499755859375,947.3499755859375,948.4000244140625,947.3499755859375,948.0,20727
2026-04-30 07:32:00+00:00,947.5499877929688,947.5499877929688,948.2999877929688,947.1500244140625,947.7000122070312,33790
2026-04-30 07:33:00+00:00,947.9500122070312,947.9500122070312,947.9500122070312,946.4500122070312,947.25,26162
2026-04-30 07:34:00+00:00,947.6500244140625,947.6500244140625,948.0,947.4000244140625,947.8499755859375,13767
2026-04-30 07:35:00+00:00,947.0499877929688,947.0499877929688,948.0,947.0,947.7000122070312,29223
2026-04-30 07:36:00+00:00,948.3499755859375,948.3499755859375,948.5499877929688,946.9000244140625,947.0499877929688,30254
2026-04-30 07:37:00+00:00,947.7000122070312,947.7000122070312,948.3499755859375,947.25,948.3499755859375,23730
2026-04-30 07:38:00+00:00,948.4000244140625,948.4000244140625,948.8499755859375,947.7000122070312,947.75,23176
2026-04-30 07:39:00+00:00,948.4000244140625,948.4000244140625,948.5999755859375,947.7000122070312,948.1500244140625,11171
2026-04-30 07:40:00+00:00,948.0999755859375,948.0999755859375,948.4500122070312,948.0,948.2999877929688,9854
2026-04-30 07:41:00+00:00,948.0499877929688,948.0499877929688,948.7000122070312,948.0499877929688,948.5999755859375,17495
2026-04-30 07:42:00+00:00,948.25,948.25,948.5,947.9000244140625,948.0,22809
2026-04-30 07:43:00+00:00,948.7000122070312,948.7000122070312,949.0,948.1500244140625,948.1500244140625,16706
2026-04-30 07:44:00+00:00,949.5,949.5,949.6500244140625,948.4000244140625,948.7000122070312,32411
2026-04-30 07:45:00+00:00,949.1500244140625,949.1500244140625,949.9000244140625,948.6500244140625,949.1500244140625,48487
2026-04-30 07:46:00+00:00,948.2999877929688,948.2999877929688,949.25,948.25,949.0,23166
2026-04-30 07:47:00+00:00,948.0499877929688,948.0499877929688,948.4000244140625,947.7999877929688,948.0999755859375,24353
2026-04-30 07:48:00+00:00,948.75,948.75,948.9000244140625,948.0,948.0,27314
2026-04-30 07:49:00+00:00,948.5,948.5,948.9000244140625,948.5,948.75,11348
2026-04-30 07:50:00+00:00,948.7000122070312,948.7000122070312,948.7999877929688,948.0999755859375,948.6500244140625,20308
2026-04-30 07:51:00+00:00,949.3499755859375,949.3499755859375,949.5,948.7000122070312,948.7999877929688,28574
2026-04-30 07:52:00+00:00,949.5,949.5,949.5,948.75,949.25,31446
2026-04-30 07:53:00+00:00,950.25,950.25,950.25,948.7999877929688,950.0,51402
2026-04-30 07:54:00+00:00,950.4500122070312,950.4500122070312,951.2000122070312,950.0,950.5499877929688,61586
2026-04-30 07:55:00+00:00,950.0,950.0,950.9000244140625,949.4000244140625,950.2999877929688,37282
2026-04-30 07:56:00+00:00,949.5,949.5,950.5,949.0,949.8499755859375,22518
2026-04-30 07:57:00+00:00,948.9500122070312,948.9500122070312,949.9000244140625,948.7000122070312,949.75,38408
2026-04-30 07:58:00+00:00,948.2999877929688,948.2999877929688,949.25,948.0499877929688,949.0,43987
2026-04-30 07:59:00+00:00,947.5999755859375,947.5999755859375,948.2999877929688,947.2999877929688,948.0499877929688,33513
2026-04-30 08:00:00+00:00,947.6500244140625,947.6500244140625,947.7999877929688,947.0999755859375,947.5499877929688,27794
2026-04-30 08:01:00+00:00,947.9000244140625,947.9000244140625,948.0999755859375,947.5,947.6500244140625,9646
2026-04-30 08:02:00+00:00,948.3499755859375,948.3499755859375,948.3499755859375,947.9000244140625,947.9000244140625,5662
2026-04-30 08:03:00+00:00,947.25,947.25,948.5,947.0999755859375,948.3499755859375,24485
2026-04-30 08:04:00+00:00,948.25,948.25,948.8499755859375,947.2999877929688,947.2999877929688,8703
2026-04-30 08:05:00+00:00,948.5499877929688,948.5499877929688,949.0999755859375,947.8499755859375,947.8499755859375,26741
2026-04-30 08:06:00+00:00,949.0499877929688,949.0499877929688,949.25,948.25,948.4000244140625,23575
2026-04-30 08:07:00+00:00,949.0,949.0,949.4000244140625,948.5999755859375,949.0499877929688,12873
2026-04-30 08:08:00+00:00,949.0,949.0,949.4000244140625,948.75,949.0999755859375,14079
2026-04-30 08:09:00+00:00,947.9500122070312,947.9500122070312,949.4000244140625,947.9500122070312,949.25,43103
2026-04-30 08:10:00+00:00,943.8499755859375,943.8499755859375,948.0,943.8499755859375,947.7000122070312,102919
2026-04-30 08:11:00+00:00,944.6500244140625,944.6500244140625,945.0999755859375,944.0499877929688,944.0499877929688,27405
2026-04-30 08:12:00+00:00,943.8499755859375,943.8499755859375,944.7999877929688,943.2999877929688,944.3499755859375,32268
2026-04-30 08:13:00+00:00,945.4500122070312,945.4500122070312,945.4500122070312,943.5499877929688,943.5999755859375,29328
2026-04-30 08:14:00+00:00,945.25,945.25,945.4000244140625,944.3499755859375,945.0,23275
2026-04-30 08:15:00+00:00,946.5,946.5,946.5,945.0499877929688,945.25,35121
2026-04-30 08:16:00+00:00,945.0499877929688,945.0499877929688,946.2999877929688,944.6500244140625,946.2000122070312,20276
2026-04-30 08:17:00+00:00,943.6500244140625,943.6500244140625,945.5499877929688,943.4000244140625,944.7999877929688,97372
2026-04-30 08:18:00+00:00,943.9500122070312,943.9500122070312,944.3499755859375,943.0,943.4500122070312,26467
2026-04-30 08:19:00+00:00,945.4000244140625,945.4000244140625,945.4000244140625,943.6500244140625,943.9500122070312,16465
2026-04-30 08:20:00+00:00,945.6500244140625,945.6500244140625,946.5999755859375,945.3499755859375,945.3499755859375,21869
2026-04-30 08:21:00+00:00,943.8499755859375,943.8499755859375,946.0999755859375,943.5,945.7000122070312,38042
2026-04-30 08:22:00+00:00,945.1500244140625,945.1500244140625,945.5,943.7999877929688,943.8499755859375,12109
2026-04-30 08:23:00+00:00,944.5499877929688,944.5499877929688,945.5,944.2000122070312,945.0499877929688,18333
2026-04-30 08:24:00+00:00,944.9500122070312,944.9500122070312,945.75,944.0999755859375,944.0999755859375,19329
2026-04-30 08:25:00+00:00,945.5999755859375,945.5999755859375,945.8499755859375,944.9000244140625,944.9000244140625,17150
2026-04-30 08:26:00+00:00,945.8499755859375,945.8499755859375,946.0999755859375,945.25,945.25,18307
2026-04-30 08:27:00+00:00,945.4000244140625,945.4000244140625,945.9000244140625,945.0,945.8499755859375,11023
2026-04-30 08:28:00+00:00,946.5999755859375,946.5999755859375,946.5999755859375,945.4500122070312,945.7999877929688,20704
2026-04-30 08:29:00+00:00,945.0999755859375,945.0999755859375,946.7999877929688,945.0999755859375,946.5999755859375,15638
2026-04-30 08:30:00+00:00,943.2000122070312,943.2000122070312,945.0999755859375,942.2000122070312,945.0999755859375,45374
2026-04-30 08:31:00+00:00,943.75,943.75,944.0999755859375,942.9000244140625,943.0,18088
2026-04-30 08:32:00+00:00,942.6500244140625,942.6500244140625,943.4000244140625,942.3499755859375,943.3499755859375,23859
2026-04-30 08:33:00+00:00,941.9000244140625,941.9000244140625,942.7000122070312,941.8499755859375,942.3499755859375,41775
2026-04-30 08:34:00+00:00,941.5,941.5,942.4500122070312,941.5,941.8499755859375,32911
2026-04-30 08:35:00+00:00,940.75,940.75,941.8499755859375,940.0999755859375,941.5999755859375,55863
2026-04-30 08:36:00+00:00,942.25,942.25,942.4500122070312,940.5999755859375,940.6500244140625,32837
2026-04-30 08:37:00+00:00,943.0,943.0,943.4500122070312,941.8499755859375,942.0499877929688,25970
2026-04-30 08:38:00+00:00,943.25,943.25,943.5,942.6500244140625,943.0,16187
2026-04-30 08:39:00+00:00,944.7000122070312,944.7000122070312,944.7999877929688,942.5999755859375,943.25,38388
2026-04-30 08:40:00+00:00,944.1500244140625,944.1500244140625,944.9000244140625,944.0,944.5999755859375,32672
2026-04-30 08:41:00+00:00,944.1500244140625,944.1500244140625,944.4000244140625,943.25,944.2999877929688,24767
2026-04-30 08:42:00+00:00,944.0,944.0,944.2000122070312,942.6500244140625,944.0999755859375,21608
2026-04-30 08:43:00+00:00,943.5999755859375,943.5999755859375,944.2000122070312,943.25,944.0,20079
2026-04-30 08:44:00+00:00,943.75,943.75,944.25,943.2999877929688,943.75,17450
2026-04-30 08:45:00+00:00,943.4500122070312,943.4500122070312,944.1500244140625,943.0,943.7999877929688,18032
2026-04-30 08:46:00+00:00,944.1500244140625,944.1500244140625,944.1500244140625,942.9500122070312,943.4500122070312,16251
2026-04-30 08:47:00+00:00,943.25,943.25,944.3499755859375,942.75,944.0999755859375,20405
2026-04-30 08:48:00+00:00,942.25,942.25,943.4500122070312,942.0999755859375,943.0499877929688,23523
2026-04-30 08:49:00+00:00,941.4000244140625,941.4000244140625,942.5999755859375,941.25,942.25,20633
2026-04-30 08:50:00+00:00,941.0999755859375,941.0999755859375,942.2999877929688,941.0499877929688,941.4000244140625,18462
2026-04-30 08:51:00+00:00,940.7999877929688,940.7999877929688,942.0,940.6500244140625,941.2000122070312,43352
2026-04-30 08:52:00+00:00,940.9000244140625,940.9000244140625,941.1500244140625,940.0499877929688,941.0999755859375,51770
2026-04-30 08:53:00+00:00,940.6500244140625,940.6500244140625,941.0,940.2000122070312,940.9500122070312,35729
2026-04-30 08:54:00+00:00,940.7999877929688,940.7999877929688,941.0999755859375,940.0,941.0,39030
2026-04-30 08:55:00+00:00,940.0,940.0,940.9000244140625,939.5,940.7999877929688,51573
2026-04-30 08:56:00+00:00,939.5999755859375,939.5999755859375,940.2000122070312,939.5499877929688,939.9000244140625,52225
2026-04-30 08:57:00+00:00,939.5999755859375,939.5999755859375,940.0999755859375,939.0,939.4000244140625,49269
2026-04-30 08:58:00+00:00,939.5999755859375,939.5999755859375,940.0,939.2000122070312,939.3499755859375,88285
2026-04-30 08:59:00+00:00,938.0,938.0,939.6500244140625,937.2000122070312,939.5499877929688,54705
2026-04-30 09:00:00+00:00,937.0,937.0,938.7000122070312,937.0,938.4500122070312,46321
2026-04-30 09:01:00+00:00,938.2999877929688,938.2999877929688,938.7000122070312,937.0999755859375,937.0999755859375,35696
2026-04-30 09:02:00+00:00,938.2999877929688,938.2999877929688,938.8499755859375,937.8499755859375,938.2999877929688,37671
2026-04-30 09:03:00+00:00,937.5999755859375,937.5999755859375,938.25,937.0999755859375,938.0,36569
2026-04-30 09:04:00+00:00,938.0,938.0,938.4500122070312,937.5999755859375,937.5999755859375,19257
2026-04-30 09:05:00+00:00,938.2000122070312,938.2000122070312,938.7999877929688,937.7999877929688,937.8499755859375,32573
2026-04-30 09:06:00+00:00,937.7999877929688,937.7999877929688,938.4500122070312,937.2999877929688,938.2999877929688,32691
2026-04-30 09:07:00+00:00,937.7000122070312,937.7000122070312,937.9500122070312,937.2000122070312,937.7999877929688,26352
2026-04-30 09:08:00+00:00,938.4500122070312,938.4500122070312,938.4500122070312,937.0999755859375,937.5499877929688,55422
2026-04-30 09:09:00+00:00,939.5,939.5,939.6500244140625,938.0,938.4000244140625,29423
2026-04-30 09:10:00+00:00,939.4500122070312,939.4500122070312,939.5,938.5999755859375,939.2999877929688,24052
2026-04-30 09:11:00+00:00,939.4500122070312,939.4500122070312,939.8499755859375,938.9000244140625,939.5,33132
2026-04-30 09:12:00+00:00,939.9000244140625,939.9000244140625,939.9500122070312,939.1500244140625,939.4000244140625,32804
2026-04-30 09:13:00+00:00,939.7000122070312,939.7000122070312,940.0999755859375,939.2999877929688,939.9500122070312,46028
2026-04-30 09:14:00+00:00,939.5,939.5,940.0,939.0,939.5,20123
2026-04-30 09:15:00+00:00,939.5,939.5,939.9000244140625,939.0,939.7000122070312,18062
2026-04-30 09:16:00+00:00,939.0999755859375,939.0999755859375,939.4500122070312,939.0,939.4500122070312,17945
2026-04-30 09:17:00+00:00,939.25,939.25,939.4000244140625,939.0,939.25,35595
2026-04-30 09:18:00+00:00,939.6500244140625,939.6500244140625,939.9000244140625,938.7999877929688,939.25,32518
2026-04-30 09:19:00+00:00,939.3499755859375,939.3499755859375,939.7999877929688,939.2000122070312,939.6500244140625,23192
2026-04-30 09:20:00+00:00,939.0,939.0,939.7000122070312,938.7000122070312,939.3499755859375,30038
2026-04-30 09:21:00+00:00,939.2999877929688,939.2999877929688,939.4000244140625,939.0,939.0,56377
2026-04-30 09:22:00+00:00,939.4500122070312,939.4500122070312,939.5,938.9000244140625,939.3499755859375,30519
2026-04-30 09:23:00+00:00,939.6500244140625,939.6500244140625,939.7999877929688,938.9000244140625,939.25,16202
2026-04-30 09:24:00+00:00,940.2000122070312,940.2000122070312,940.2000122070312,939.4000244140625,939.7999877929688,24847
2026-04-30 09:25:00+00:00,939.5499877929688,939.5499877929688,940.5,939.3499755859375,940.2000122070312,34986
2026-04-30 09:26:00+00:00,939.2999877929688,939.2999877929688,940.0,939.0,939.5999755859375,20660
2026-04-30 09:27:00+00:00,939.2999877929688,939.2999877929688,939.2999877929688,938.8499755859375,939.2999877929688,38704
2026-04-30 09:28:00+00:00,939.5499877929688,939.5499877929688,939.7999877929688,939.0,939.2999877929688,29759
2026-04-30 09:29:00+00:00,940.9500122070312,940.9500122070312,941.9000244140625,939.7999877929688,939.7999877929688,127422
2026-04-30 09:30:00+00:00,939.0499877929688,939.0499877929688,941.5,938.0999755859375,941.5,127222
2026-04-30 09:31:00+00:00,938.25,938.25,939.0499877929688,937.4500122070312,939.0499877929688,102973
2026-04-30 09:32:00+00:00,938.0999755859375,938.0999755859375,938.7000122070312,937.2000122070312,938.4000244140625,105605
2026-04-30 09:33:00+00:00,938.2000122070312,938.2000122070312,938.2999877929688,937.5,938.0999755859375,67852
2026-04-30 09:34:00+00:00,937.8499755859375,937.8499755859375,938.75,937.75,938.25,68386
2026-04-30 09:35:00+00:00,937.4500122070312,937.4500122070312,937.7999877929688,937.0999755859375,937.75,74079
2026-04-30 09:36:00+00:00,937.25,937.25,937.5,936.75,937.4500122070312,73001
2026-04-30 09:37:00+00:00,936.5,936.5,937.25,936.2000122070312,937.25,60060
2026-04-30 09:38:00+00:00,936.25,936.25,936.4500122070312,936.0,936.2000122070312,66692
2026-04-30 09:39:00+00:00,935.7000122070312,935.7000122070312,936.2000122070312,935.5499877929688,936.2000122070312,74075
2026-04-30 09:40:00+00:00,934.6500244140625,934.6500244140625,935.7000122070312,934.5499877929688,935.7000122070312,100512
2026-04-30 09:41:00+00:00,934.2000122070312,934.2000122070312,934.75,934.0,934.75,113559
2026-04-30 09:42:00+00:00,935.0999755859375,935.0999755859375,935.1500244140625,933.9000244140625,934.25,106760
2026-04-30 09:43:00+00:00,935.2000122070312,935.2000122070312,935.25,934.0499877929688,935.0999755859375,77904
2026-04-30 09:44:00+00:00,935.4500122070312,935.4500122070312,935.9000244140625,934.7000122070312,935.3499755859375,93419
2026-04-30 09:45:00+00:00,935.5499877929688,935.5499877929688,935.75,934.6500244140625,935.4000244140625,93275
2026-04-30 09:46:00+00:00,936.7000122070312,936.7000122070312,936.7999877929688,935.5499877929688,935.5999755859375,92077
2026-04-30 09:47:00+00:00,937.5,937.5,938.0,936.7000122070312,936.7999877929688,100654
2026-04-30 09:48:00+00:00,937.25,937.25,937.9000244140625,936.5999755859375,937.7999877929688,122222
2026-04-30 09:49:00+00:00,938.4000244140625,938.4000244140625,938.4500122070312,936.75,937.7000122070312,90723
2026-04-30 09:50:00+00:00,938.2000122070312,938.2000122070312,938.5,938.0499877929688,938.4500122070312,82046
2026-04-30 09:51:00+00:00,938.0499877929688,938.0499877929688,938.7000122070312,938.0,938.25,88806
2026-04-30 09:52:00+00:00,937.7999877929688,937.7999877929688,938.25,937.25,938.0,82754
2026-04-30 09:53:00+00:00,937.5,937.5,938.0,937.2999877929688,937.8499755859375,79286
2026-04-30 09:54:00+00:00,937.9500122070312,937.9500122070312,938.0,936.0499877929688,937.5,130949
2026-04-30 09:55:00+00:00,937.7000122070312,937.7000122070312,939.1500244140625,937.6500244140625,938.1500244140625,124016
2026-04-30 09:56:00+00:00,937.75,937.75,937.7999877929688,936.5999755859375,937.6500244140625,81826
2026-04-30 09:57:00+00:00,937.7999877929688,937.7999877929688,938.0,937.0499877929688,937.75,56035
2026-04-30 09:58:00+00:00,937.4500122070312,937.4500122070312,938.9500122070312,936.5999755859375,937.5,83039
2026-04-30 09:59:00+00:00,939.7000122070312,939.7000122070312,939.8499755859375,937.0,938.25,36220
