Price,Adj Close,Close,High,Low,Open,Volume
Ticker,BHARTIARTL.NS,BHARTIARTL.NS,BHARTIARTL.NS,BHARTIARTL.NS,BHARTIARTL.NS,BHARTIARTL.NS
Datetime,,,,,,
2026-04-23 03:45:00+00:00,1813.699951171875,1813.699951171875,1827.5,1813.699951171875,1827.5,0
2026-04-23 03:46:00+00:00,1815.5,1815.5,1815.5,1812.5,1813.9000244140625,82832
2026-04-23 03:47:00+00:00,1816.0,1816.0,1817.9000244140625,1814.9000244140625,1815.4000244140625,44441
2026-04-23 03:48:00+00:00,1819.5,1819.5,1820.800048828125,1815.800048828125,1816.0999755859375,39752
2026-04-23 03:49:00+00:00,1820.4000244140625,1820.4000244140625,1820.5999755859375,1819.0999755859375,1819.9000244140625,39408
2026-04-23 03:50:00+00:00,1818.800048828125,1818.800048828125,1820.300048828125,1818.5,1820.0,22546
2026-04-23 03:51:00+00:00,1821.9000244140625,1821.9000244140625,1821.9000244140625,1818.199951171875,1820.4000244140625,16485
2026-04-23 03:52:00+00:00,1821.800048828125,1821.800048828125,1822.0,1821.0,1821.0,11245
2026-04-23 03:53:00+00:00,1821.199951171875,1821.199951171875,1822.5,1821.199951171875,1822.4000244140625,22181
2026-04-23 03:54:00+00:00,1821.0999755859375,1821.0999755859375,1821.300048828125,1820.5,1821.0999755859375,12666
2026-04-23 03:55:00+00:00,1820.800048828125,1820.800048828125,1821.800048828125,1820.199951171875,1821.699951171875,12993
2026-04-23 03:56:00+00:00,1823.0,1823.0,1823.0,1820.199951171875,1820.5999755859375,10159
2026-04-23 03:57:00+00:00,1823.0999755859375,1823.0999755859375,1824.0,1821.5999755859375,1823.699951171875,21944
2026-04-23 03:58:00+00:00,1824.0999755859375,1824.0999755859375,1825.699951171875,1823.5999755859375,1823.5999755859375,27302
2026-04-23 03:59:00+00:00,1825.5,1825.5,1826.300048828125,1823.0999755859375,1824.9000244140625,19691
2026-04-23 04:00:00+00:00,1827.4000244140625,1827.4000244140625,1827.4000244140625,1825.5,1826.0,33557
2026-04-23 04:01:00+00:00,1827.0,1827.0,1828.5999755859375,1826.800048828125,1826.800048828125,15023
2026-04-23 04:02:00+00:00,1826.300048828125,1826.300048828125,1827.0,1825.300048828125,1827.0,15476
2026-04-23 04:03:00+00:00,1825.0,1825.0,1826.9000244140625,1825.0,1826.699951171875,26221
2026-04-23 04:04:00+00:00,1825.199951171875,1825.199951171875,1825.300048828125,1824.4000244140625,1824.5999755859375,15818
2026-04-23 04:05:00+00:00,1824.699951171875,1824.699951171875,1825.300048828125,1824.0999755859375,1824.0999755859375,14451
2026-04-23 04:06:00+00:00,1824.5,1824.5,1825.0,1823.800048828125,1824.800048828125,20209
2026-04-23 04:07:00+00:00,1826.0,1826.0,1826.0,1824.5,1824.9000244140625,10124
2026-04-23 04:08:00+00:00,1825.0,1825.0,1825.300048828125,1824.5,1824.5,16849
2026-04-23 04:09:00+00:00,1825.4000244140625,1825.4000244140625,1826.0,1825.0,1825.0,4554
2026-04-23 04:10:00+00:00,1825.5999755859375,1825.5999755859375,1826.0,1825.4000244140625,1826.0,5174
2026-04-23 04:11:00+00:00,1827.300048828125,1827.300048828125,1827.300048828125,1825.699951171875,1825.699951171875,3199
2026-04-23 04:12:00+00:00,1828.4000244140625,1828.4000244140625,1828.4000244140625,1827.0,1827.9000244140625,9354
2026-04-23 04:13:00+00:00,1828.9000244140625,1828.9000244140625,1829.4000244140625,1828.5999755859375,1828.9000244140625,9574
2026-04-23 04:14:00+00:00,1830.9000244140625,1830.9000244140625,1831.0,1829.0,1829.199951171875,16913
2026-04-23 04:15:00+00:00,1830.0999755859375,1830.0999755859375,1830.800048828125,1830.0,1830.800048828125,9248
2026-04-23 04:16:00+00:00,1830.4000244140625,1830.4000244140625,1830.5,1830.0,1830.199951171875,7661
2026-04-23 04:17:00+00:00,1831.0,1831.0,1832.4000244140625,1830.5,1830.5,15790
2026-04-23 04:18:00+00:00,1832.300048828125,1832.300048828125,1832.9000244140625,1830.800048828125,1831.199951171875,11978
2026-04-23 04:19:00+00:00,1832.800048828125,1832.800048828125,1833.0,1832.199951171875,1832.4000244140625,3799
2026-04-23 04:20:00+00:00,1832.0,1832.0,1833.300048828125,1831.4000244140625,1832.800048828125,16587
2026-04-23 04:21:00+00:00,1832.199951171875,1832.199951171875,1833.300048828125,1832.0,1832.0,24672
2026-04-23 04:22:00+00:00,1834.800048828125,1834.800048828125,1835.0,1832.699951171875,1832.699951171875,23691
2026-04-23 04:23:00+00:00,1834.0999755859375,1834.0999755859375,1835.0,1833.300048828125,1835.0,15204
2026-04-23 04:24:00+00:00,1834.199951171875,1834.199951171875,1834.5,1833.5999755859375,1834.0,4020
2026-04-23 04:25:00+00:00,1834.300048828125,1834.300048828125,1835.0,1833.800048828125,1834.5,11446
2026-04-23 04:26:00+00:00,1832.199951171875,1832.199951171875,1834.300048828125,1832.0,1834.300048828125,21668
2026-04-23 04:27:00+00:00,1833.0,1833.0,1833.5,1832.5,1832.699951171875,6377
2026-04-23 04:28:00+00:00,1832.699951171875,1832.699951171875,1833.300048828125,1832.300048828125,1833.0,8260
2026-04-23 04:29:00+00:00,1833.0,1833.0,1833.699951171875,1832.699951171875,1832.699951171875,5010
2026-04-23 04:30:00+00:00,1832.199951171875,1832.199951171875,1834.0,1832.199951171875,1833.5,22911
2026-04-23 04:31:00+00:00,1832.300048828125,1832.300048828125,1832.4000244140625,1831.800048828125,1831.800048828125,5410
2026-04-23 04:32:00+00:00,1833.4000244140625,1833.4000244140625,1833.4000244140625,1832.300048828125,1832.300048828125,2283
2026-04-23 04:33:00+00:00,1834.0999755859375,1834.0999755859375,1834.0999755859375,1833.0999755859375,1833.5,11151
2026-04-23 04:34:00+00:00,1834.0,1834.0,1834.5999755859375,1834.0,1834.4000244140625,12382
2026-04-23 04:35:00+00:00,1834.199951171875,1834.199951171875,1834.5,1833.699951171875,1834.199951171875,10197
2026-04-23 04:36:00+00:00,1832.0,1832.0,1834.5,1832.0,1834.5,9940
2026-04-23 04:37:00+00:00,1831.0,1831.0,1832.5999755859375,1830.800048828125,1832.5,6926
2026-04-23 04:38:00+00:00,1832.0,1832.0,1832.5999755859375,1830.800048828125,1831.5,10705
2026-04-23 04:39:00+00:00,1832.5,1832.5,1833.0999755859375,1832.0,1832.5,5129
2026-04-23 04:40:00+00:00,1832.300048828125,1832.300048828125,1832.5,1831.5,1832.5,7463
2026-04-23 04:41:00+00:00,1832.9000244140625,1832.9000244140625,1833.300048828125,1831.5999755859375,1832.4000244140625,18744
2026-04-23 04:42:00+00:00,1832.4000244140625,1832.4000244140625,1833.300048828125,1832.199951171875,1833.199951171875,3002
2026-04-23 04:43:00+00:00,1833.5,1833.5,1834.0999755859375,1832.5999755859375,1832.800048828125,26268
2026-04-23 04:44:00+00:00,1834.699951171875,1834.699951171875,1834.699951171875,1833.5,1833.9000244140625,3016
2026-04-23 04:45:00+00:00,1832.199951171875,1832.199951171875,1834.699951171875,1832.0,1834.699951171875,44495
2026-04-23 04:46:00+00:00,1834.0999755859375,1834.0999755859375,1834.199951171875,1830.9000244140625,1832.5999755859375,16386
2026-04-23 04:47:00+00:00,1834.0999755859375,1834.0999755859375,1834.5999755859375,1833.5999755859375,1834.199951171875,2527
2026-04-23 04:48:00+00:00,1835.0999755859375,1835.0999755859375,1835.0999755859375,1833.300048828125,1834.0999755859375,301942
2026-04-23 04:49:00+00:00,1836.5,1836.5,1836.699951171875,1835.0,1835.5,12579
2026-04-23 04:50:00+00:00,1837.5,1837.5,1837.5,1836.4000244140625,1836.5,5695
2026-04-23 04:51:00+00:00,1836.0,1836.0,1837.800048828125,1836.0,1837.5,7758
2026-04-23 04:52:00+00:00,1836.5999755859375,1836.5999755859375,1836.5999755859375,1836.199951171875,1836.4000244140625,2073
2026-04-23 04:53:00+00:00,1837.5,1837.5,1837.5,1836.699951171875,1837.0,3637
2026-04-23 04:54:00+00:00,1837.4000244140625,1837.4000244140625,1837.5,1837.4000244140625,1837.5,17834
2026-04-23 04:55:00+00:00,1837.5,1837.5,1837.5,1837.4000244140625,1837.4000244140625,19517
2026-04-23 04:56:00+00:00,1837.5,1837.5,1837.9000244140625,1837.199951171875,1837.5,69615
2026-04-23 04:57:00+00:00,1837.4000244140625,1837.4000244140625,1838.0,1837.4000244140625,1837.800048828125,5925
2026-04-23 04:58:00+00:00,1837.5,1837.5,1837.5,1837.4000244140625,1837.4000244140625,2134
2026-04-23 04:59:00+00:00,1837.5,1837.5,1837.5,1837.4000244140625,1837.4000244140625,3212
2026-04-23 05:00:00+00:00,1837.199951171875,1837.199951171875,1837.5,1836.699951171875,1837.5,18915
2026-04-23 05:01:00+00:00,1837.300048828125,1837.300048828125,1837.300048828125,1837.0,1837.199951171875,2741
2026-04-23 05:02:00+00:00,1837.5,1837.5,1837.5,1836.9000244140625,1837.199951171875,4984
2026-04-23 05:03:00+00:00,1837.4000244140625,1837.4000244140625,1837.5,1837.300048828125,1837.5,3312
2026-04-23 05:04:00+00:00,1837.0999755859375,1837.0999755859375,1837.4000244140625,1837.0999755859375,1837.4000244140625,8373
2026-04-23 05:05:00+00:00,1837.300048828125,1837.300048828125,1837.699951171875,1836.4000244140625,1837.4000244140625,63983
2026-04-23 05:06:00+00:00,1837.0999755859375,1837.0999755859375,1837.5,1836.5999755859375,1837.199951171875,29338
2026-04-23 05:07:00+00:00,1835.9000244140625,1835.9000244140625,1837.300048828125,1834.800048828125,1837.300048828125,30688
2026-04-23 05:08:00+00:00,1835.9000244140625,1835.9000244140625,1836.0999755859375,1835.0,1835.9000244140625,29760
2026-04-23 05:09:00+00:00,1835.0,1835.0,1835.5,1834.9000244140625,1835.5,5339
2026-04-23 05:10:00+00:00,1835.300048828125,1835.300048828125,1835.5,1835.0,1835.300048828125,2928
2026-04-23 05:11:00+00:00,1836.4000244140625,1836.4000244140625,1836.4000244140625,1835.0999755859375,1835.4000244140625,15993
2026-04-23 05:12:00+00:00,1837.5,1837.5,1837.5,1836.4000244140625,1836.4000244140625,4797
2026-04-23 05:13:00+00:00,1836.699951171875,1836.699951171875,1837.5,1836.300048828125,1837.5,6900
2026-04-23 05:14:00+00:00,1836.4000244140625,1836.4000244140625,1836.5,1836.0999755859375,1836.5,4280
2026-04-23 05:15:00+00:00,1836.0999755859375,1836.0999755859375,1836.4000244140625,1836.0,1836.4000244140625,8098
2026-04-23 05:16:00+00:00,1834.9000244140625,1834.9000244140625,1836.0,1834.4000244140625,1836.0,87680
2026-04-23 05:17:00+00:00,1835.4000244140625,1835.4000244140625,1835.800048828125,1833.300048828125,1835.0999755859375,17532
2026-04-23 05:18:00+00:00,1834.699951171875,1834.699951171875,1836.0,1833.199951171875,1835.9000244140625,22524
2026-04-23 05:19:00+00:00,1834.0999755859375,1834.0999755859375,1835.9000244140625,1833.5,1834.9000244140625,16692
2026-04-23 05:20:00+00:00,1833.699951171875,1833.699951171875,1835.0,1833.699951171875,1834.699951171875,5450
2026-04-23 05:21:00+00:00,1834.199951171875,1834.199951171875,1834.199951171875,1833.5,1833.5999755859375,3233
2026-04-23 05:22:00+00:00,1833.699951171875,1833.699951171875,1835.5,1833.699951171875,1834.300048828125,14026
2026-04-23 05:23:00+00:00,1833.800048828125,1833.800048828125,1836.0,1833.800048828125,1834.4000244140625,30885
2026-04-23 05:24:00+00:00,1834.9000244140625,1834.9000244140625,1835.0,1834.300048828125,1834.300048828125,2458
2026-04-23 05:25:00+00:00,1835.0999755859375,1835.0999755859375,1835.5999755859375,1834.199951171875,1834.9000244140625,7078
2026-04-23 05:26:00+00:00,1834.300048828125,1834.300048828125,1835.199951171875,1834.0999755859375,1835.0999755859375,6108
2026-04-23 05:27:00+00:00,1834.4000244140625,1834.4000244140625,1835.0999755859375,1834.0999755859375,1834.699951171875,5943
2026-04-23 05:28:00+00:00,1835.5999755859375,1835.5999755859375,1836.0,1834.5,1834.9000244140625,3568
2026-04-23 05:29:00+00:00,1835.699951171875,1835.699951171875,1836.0999755859375,1835.4000244140625,1835.5,6412
2026-04-23 05:30:00+00:00,1836.0,1836.0,1836.0,1835.699951171875,1835.800048828125,4390
2026-04-23 05:31:00+00:00,1836.699951171875,1836.699951171875,1836.9000244140625,1836.0,1836.0,1444
2026-04-23 05:32:00+00:00,1837.5,1837.5,1837.5,1836.4000244140625,1836.9000244140625,16436
2026-04-23 05:33:00+00:00,1836.199951171875,1836.199951171875,1837.4000244140625,1836.0,1837.199951171875,9865
2026-04-23 05:34:00+00:00,1836.5999755859375,1836.5999755859375,1836.5999755859375,1836.0,1836.199951171875,2817
2026-04-23 05:35:00+00:00,1837.300048828125,1837.300048828125,1837.5,1836.5999755859375,1836.5999755859375,7874
2026-04-23 05:36:00+00:00,1836.300048828125,1836.300048828125,1837.300048828125,1836.300048828125,1837.300048828125,3630
2026-04-23 05:37:00+00:00,1837.0,1837.0,1837.4000244140625,1836.300048828125,1836.5999755859375,2729
2026-04-23 05:38:00+00:00,1836.800048828125,1836.800048828125,1837.5,1836.5,1837.5,6287
2026-04-23 05:39:00+00:00,1836.699951171875,1836.699951171875,1837.199951171875,1836.199951171875,1836.9000244140625,4486
2026-04-23 05:40:00+00:00,1837.5,1837.5,1837.5,1836.199951171875,1836.699951171875,30178
2026-04-23 05:41:00+00:00,1834.800048828125,1834.800048828125,1837.4000244140625,1834.800048828125,1837.4000244140625,36924
2026-04-23 05:42:00+00:00,1833.5,1833.5,1835.199951171875,1833.5,1835.0,73871
2026-04-23 05:43:00+00:00,1833.5,1833.5,1833.9000244140625,1833.199951171875,1833.800048828125,7276
2026-04-23 05:44:00+00:00,1834.800048828125,1834.800048828125,1834.800048828125,1833.5999755859375,1833.699951171875,6144
2026-04-23 05:45:00+00:00,1835.800048828125,1835.800048828125,1835.800048828125,1834.4000244140625,1834.800048828125,26708
2026-04-23 05:46:00+00:00,1835.800048828125,1835.800048828125,1836.5999755859375,1835.199951171875,1835.800048828125,19310
2026-04-23 05:47:00+00:00,1834.5,1834.5,1837.0,1834.0,1836.4000244140625,44545
2026-04-23 05:48:00+00:00,1835.699951171875,1835.699951171875,1836.5999755859375,1834.699951171875,1834.9000244140625,10604
2026-04-23 05:49:00+00:00,1834.0,1834.0,1836.0999755859375,1834.0,1836.0999755859375,14051
2026-04-23 05:50:00+00:00,1834.5999755859375,1834.5999755859375,1834.5999755859375,1833.800048828125,1834.0,5893
2026-04-23 05:51:00+00:00,1835.300048828125,1835.300048828125,1835.9000244140625,1834.5999755859375,1834.5999755859375,4459
2026-04-23 05:52:00+00:00,1836.199951171875,1836.199951171875,1836.199951171875,1834.9000244140625,1835.300048828125,18425
2026-04-23 05:53:00+00:00,1834.699951171875,1834.699951171875,1836.0,1834.0999755859375,1836.0,32873
2026-04-23 05:54:00+00:00,1834.0,1834.0,1834.699951171875,1834.0,1834.699951171875,5414
2026-04-23 05:55:00+00:00,1833.5,1833.5,1834.5,1833.199951171875,1834.199951171875,11620
2026-04-23 05:56:00+00:00,1835.0,1835.0,1835.300048828125,1834.0999755859375,1834.4000244140625,4004
2026-04-23 05:57:00+00:00,1835.0999755859375,1835.0999755859375,1835.0999755859375,1834.699951171875,1834.9000244140625,2506
2026-04-23 05:58:00+00:00,1835.699951171875,1835.699951171875,1835.699951171875,1834.800048828125,1834.800048828125,4012
2026-04-23 05:59:00+00:00,1835.9000244140625,1835.9000244140625,1836.0,1835.300048828125,1835.699951171875,4069
2026-04-23 06:00:00+00:00,1835.0999755859375,1835.0999755859375,1835.699951171875,1835.0,1835.4000244140625,5896
2026-04-23 06:01:00+00:00,1835.5,1835.5,1835.5,1835.0999755859375,1835.4000244140625,2345
2026-04-23 06:02:00+00:00,1834.699951171875,1834.699951171875,1835.699951171875,1834.5999755859375,1835.5,7619
2026-04-23 06:03:00+00:00,1834.300048828125,1834.300048828125,1835.0,1833.5999755859375,1835.0,6196
2026-04-23 06:04:00+00:00,1834.699951171875,1834.699951171875,1834.699951171875,1834.0,1834.300048828125,2077
2026-04-23 06:05:00+00:00,1835.4000244140625,1835.4000244140625,1835.4000244140625,1834.4000244140625,1834.5999755859375,20443
2026-04-23 06:06:00+00:00,1835.800048828125,1835.800048828125,1836.9000244140625,1835.5999755859375,1835.5999755859375,42285
2026-04-23 06:07:00+00:00,1835.4000244140625,1835.4000244140625,1835.5,1834.0,1835.4000244140625,30856
2026-04-23 06:08:00+00:00,1835.4000244140625,1835.4000244140625,1835.800048828125,1835.4000244140625,1835.5,3460
2026-04-23 06:09:00+00:00,1835.800048828125,1835.800048828125,1835.800048828125,1835.4000244140625,1835.5,3642
2026-04-23 06:10:00+00:00,1836.4000244140625,1836.4000244140625,1836.5999755859375,1835.0999755859375,1835.699951171875,22023
2026-04-23 06:11:00+00:00,1835.0,1835.0,1836.5,1834.5999755859375,1835.9000244140625,19142
2026-04-23 06:12:00+00:00,1836.0,1836.0,1836.0,1835.0,1835.199951171875,4226
2026-04-23 06:13:00+00:00,1836.5999755859375,1836.5999755859375,1836.5999755859375,1836.0,1836.0,27180
2026-04-23 06:14:00+00:00,1836.4000244140625,1836.4000244140625,1837.0,1836.300048828125,1836.5999755859375,19696
2026-04-23 06:15:00+00:00,1836.4000244140625,1836.4000244140625,1836.699951171875,1836.0,1836.5,10362
2026-04-23 06:16:00+00:00,1837.0,1837.0,1837.0,1836.4000244140625,1836.699951171875,5611
2026-04-23 06:17:00+00:00,1836.699951171875,1836.699951171875,1837.0,1836.5,1837.0,11548
2026-04-23 06:18:00+00:00,1837.5,1837.5,1837.5999755859375,1837.0,1837.5,16138
2026-04-23 06:19:00+00:00,1837.199951171875,1837.199951171875,1837.5,1837.199951171875,1837.5,27672
2026-04-23 06:20:00+00:00,1837.300048828125,1837.300048828125,1837.5,1837.0999755859375,1837.5,7820
2026-04-23 06:21:00+00:00,1837.0999755859375,1837.0999755859375,1837.5,1837.0999755859375,1837.199951171875,4652
2026-04-23 06:22:00+00:00,1837.4000244140625,1837.4000244140625,1837.5,1837.300048828125,1837.5,3854
2026-04-23 06:23:00+00:00,1837.4000244140625,1837.4000244140625,1837.5,1837.4000244140625,1837.5,5191
2026-04-23 06:24:00+00:00,1837.300048828125,1837.300048828125,1837.9000244140625,1837.300048828125,1837.5,61148
2026-04-23 06:25:00+00:00,1836.9000244140625,1836.9000244140625,1837.5,1836.199951171875,1837.5,16484
2026-04-23 06:26:00+00:00,1836.4000244140625,1836.4000244140625,1836.9000244140625,1836.4000244140625,1836.9000244140625,2890
2026-04-23 06:27:00+00:00,1834.9000244140625,1834.9000244140625,1836.5999755859375,1834.9000244140625,1836.5999755859375,9804
2026-04-23 06:28:00+00:00,1835.0,1835.0,1835.5,1834.9000244140625,1834.9000244140625,11045
2026-04-23 06:29:00+00:00,1834.0,1834.0,1834.800048828125,1834.0,1834.5,19145
2026-04-23 06:30:00+00:00,1834.5999755859375,1834.5999755859375,1834.699951171875,1833.699951171875,1834.5,16920
2026-04-23 06:31:00+00:00,1834.5,1834.5,1834.699951171875,1834.199951171875,1834.5999755859375,5019
2026-04-23 06:32:00+00:00,1835.0,1835.0,1835.0,1834.5,1834.5999755859375,3635
2026-04-23 06:33:00+00:00,1834.9000244140625,1834.9000244140625,1835.0999755859375,1834.800048828125,1835.0999755859375,4993
2026-04-23 06:34:00+00:00,1834.0999755859375,1834.0999755859375,1835.0,1833.9000244140625,1834.9000244140625,10440
2026-04-23 06:35:00+00:00,1833.800048828125,1833.800048828125,1834.300048828125,1833.800048828125,1834.0999755859375,3277
2026-04-23 06:36:00+00:00,1834.300048828125,1834.300048828125,1834.5,1833.9000244140625,1834.0999755859375,5565
2026-04-23 06:37:00+00:00,1835.0,1835.0,1835.0,1834.4000244140625,1834.4000244140625,3853
2026-04-23 06:38:00+00:00,1834.9000244140625,1834.9000244140625,1835.300048828125,1834.699951171875,1835.300048828125,8105
2026-04-23 06:39:00+00:00,1834.800048828125,1834.800048828125,1835.300048828125,1834.699951171875,1834.699951171875,12511
2026-04-23 06:40:00+00:00,1834.9000244140625,1834.9000244140625,1835.0999755859375,1834.300048828125,1834.800048828125,8596
2026-04-23 06:41:00+00:00,1835.300048828125,1835.300048828125,1835.5999755859375,1835.0,1835.199951171875,4240
2026-04-23 06:42:00+00:00,1835.300048828125,1835.300048828125,1835.699951171875,1835.300048828125,1835.4000244140625,4967
2026-04-23 06:43:00+00:00,1835.699951171875,1835.699951171875,1836.0,1835.4000244140625,1835.5,6189
2026-04-23 06:44:00+00:00,1835.800048828125,1835.800048828125,1836.0,1835.4000244140625,1835.9000244140625,4706
2026-04-23 06:45:00+00:00,1835.699951171875,1835.699951171875,1835.699951171875,1835.4000244140625,1835.699951171875,7640
2026-04-23 06:46:00+00:00,1835.800048828125,1835.800048828125,1835.800048828125,1835.5999755859375,1835.699951171875,3573
2026-04-23 06:47:00+00:00,1835.9000244140625,1835.9000244140625,1835.9000244140625,1835.5999755859375,1835.800048828125,7410
2026-04-23 06:48:00+00:00,1836.0,1836.0,1836.0,1835.5,1835.9000244140625,2955
2026-04-23 06:49:00+00:00,1835.5999755859375,1835.5999755859375,1836.0999755859375,1835.5999755859375,1836.0999755859375,7242
2026-04-23 06:50:00+00:00,1835.5,1835.5,1835.9000244140625,1835.5,1835.699951171875,5069
2026-04-23 06:51:00+00:00,1835.4000244140625,1835.4000244140625,1835.800048828125,1835.4000244140625,1835.4000244140625,3209
2026-04-23 06:52:00+00:00,1836.4000244140625,1836.4000244140625,1836.4000244140625,1835.4000244140625,1835.5,4656
2026-04-23 06:53:00+00:00,1836.4000244140625,1836.4000244140625,1836.4000244140625,1836.300048828125,1836.4000244140625,5912
2026-04-23 06:54:00+00:00,1836.5,1836.5,1836.800048828125,1836.300048828125,1836.300048828125,5399
2026-04-23 06:55:00+00:00,1834.9000244140625,1834.9000244140625,1836.699951171875,1834.199951171875,1836.699951171875,11442
2026-04-23 06:56:00+00:00,1833.800048828125,1833.800048828125,1834.800048828125,1833.699951171875,1834.800048828125,5388
2026-04-23 06:57:00+00:00,1833.300048828125,1833.300048828125,1834.0999755859375,1833.0,1833.800048828125,7370
2026-04-23 06:58:00+00:00,1832.0,1832.0,1833.300048828125,1831.9000244140625,1833.300048828125,22099
2026-04-23 06:59:00+00:00,1832.0999755859375,1832.0999755859375,1832.4000244140625,1831.4000244140625,1832.4000244140625,21027
2026-04-23 07:00:00+00:00,1832.800048828125,1832.800048828125,1832.800048828125,1831.5,1832.199951171875,27518
2026-04-23 07:01:00+00:00,1830.199951171875,1830.199951171875,1832.800048828125,1830.199951171875,1832.5,17818
2026-04-23 07:02:00+00:00,1832.0999755859375,1832.0999755859375,1832.300048828125,1830.699951171875,1830.9000244140625,6988
2026-04-23 07:03:00+00:00,1832.5,1832.5,1832.5,1832.0999755859375,1832.300048828125,4615
2026-04-23 07:04:00+00:00,1832.9000244140625,1832.9000244140625,1832.9000244140625,1832.4000244140625,1832.5,6543
2026-04-23 07:05:00+00:00,1830.9000244140625,1830.9000244140625,1833.0,1830.9000244140625,1832.9000244140625,13488
2026-04-23 07:06:00+00:00,1830.199951171875,1830.199951171875,1830.5,1830.0,1830.5,23766
2026-04-23 07:07:00+00:00,1830.5999755859375,1830.5999755859375,1831.0,1830.199951171875,1830.4000244140625,6929
2026-04-23 07:08:00+00:00,1831.0999755859375,1831.0999755859375,1831.4000244140625,1830.5999755859375,1830.5999755859375,15851
2026-04-23 07:09:00+00:00,1831.5,1831.5,1831.5999755859375,1831.0999755859375,1831.0999755859375,4669
2026-04-23 07:10:00+00:00,1831.699951171875,1831.699951171875,1832.0,1831.5,1831.5,6664
2026-04-23 07:11:00+00:00,1831.699951171875,1831.699951171875,1831.699951171875,1831.5,1831.5999755859375,4399
2026-04-23 07:12:00+00:00,1832.0999755859375,1832.0999755859375,1832.0999755859375,1831.199951171875,1831.699951171875,12656
2026-04-23 07:13:00+00:00,1832.0,1832.0,1832.699951171875,1831.800048828125,1832.0999755859375,19206
2026-04-23 07:14:00+00:00,1832.0,1832.0,1832.199951171875,1831.699951171875,1832.199951171875,5748
2026-04-23 07:15:00+00:00,1832.5999755859375,1832.5999755859375,1832.5999755859375,1832.0999755859375,1832.4000244140625,11225
2026-04-23 07:16:00+00:00,1832.4000244140625,1832.4000244140625,1832.699951171875,1831.9000244140625,1832.4000244140625,23658
2026-04-23 07:17:00+00:00,1832.300048828125,1832.300048828125,1832.699951171875,1832.0,1832.4000244140625,17324
2026-04-23 07:18:00+00:00,1831.0999755859375,1831.0999755859375,1832.5,1830.5999755859375,1832.199951171875,25486
2026-04-23 07:19:00+00:00,1831.4000244140625,1831.4000244140625,1831.4000244140625,1831.0,1831.0999755859375,4197
2026-04-23 07:20:00+00:00,1831.800048828125,1831.800048828125,1832.0,1831.199951171875,1831.199951171875,5545
2026-04-23 07:21:00+00:00,1831.9000244140625,1831.9000244140625,1831.9000244140625,1831.5,1831.9000244140625,7816
2026-04-23 07:22:00+00:00,1831.9000244140625,1831.9000244140625,1832.0999755859375,1831.699951171875,1831.9000244140625,6794
2026-04-23 07:23:00+00:00,1832.199951171875,1832.199951171875,1832.199951171875,1831.9000244140625,1831.9000244140625,6071
2026-04-23 07:24:00+00:00,1834.0,1834.0,1834.0,1832.0999755859375,1832.199951171875,8570
2026-04-23 07:25:00+00:00,1834.199951171875,1834.199951171875,1834.300048828125,1833.800048828125,1833.800048828125,5520
2026-04-23 07:26:00+00:00,1834.5,1834.5,1834.5999755859375,1834.199951171875,1834.300048828125,5488
2026-04-23 07:27:00+00:00,1836.4000244140625,1836.4000244140625,1836.4000244140625,1834.5,1834.5,8284
2026-04-23 07:28:00+00:00,1836.800048828125,1836.800048828125,1836.800048828125,1836.199951171875,1836.199951171875,5105
2026-04-23 07:29:00+00:00,1835.0,1835.0,1836.800048828125,1835.0,1836.800048828125,11409
2026-04-23 07:30:00+00:00,1836.300048828125,1836.300048828125,1836.300048828125,1835.4000244140625,1835.5999755859375,4793
2026-04-23 07:31:00+00:00,1835.699951171875,1835.699951171875,1836.5,1835.199951171875,1836.300048828125,5997
2026-04-23 07:32:00+00:00,1835.9000244140625,1835.9000244140625,1836.0,1835.699951171875,1835.699951171875,3316
2026-04-23 07:33:00+00:00,1835.699951171875,1835.699951171875,1836.199951171875,1835.699951171875,1835.800048828125,6824
2026-04-23 07:34:00+00:00,1835.9000244140625,1835.9000244140625,1836.199951171875,1835.9000244140625,1836.0999755859375,4786
2026-04-23 07:35:00+00:00,1836.4000244140625,1836.4000244140625,1836.4000244140625,1835.9000244140625,1836.199951171875,4398
2026-04-23 07:36:00+00:00,1835.9000244140625,1835.9000244140625,1836.5,1835.800048828125,1836.4000244140625,10454
2026-04-23 07:37:00+00:00,1835.9000244140625,1835.9000244140625,1836.199951171875,1835.800048828125,1836.0,6221
2026-04-23 07:38:00+00:00,1835.9000244140625,1835.9000244140625,1836.199951171875,1835.9000244140625,1836.199951171875,4962
2026-04-23 07:39:00+00:00,1836.0,1836.0,1836.0,1835.9000244140625,1835.9000244140625,11578
2026-04-23 07:40:00+00:00,1835.9000244140625,1835.9000244140625,1836.0,1835.699951171875,1835.9000244140625,39641
2026-04-23 07:41:00+00:00,1835.699951171875,1835.699951171875,1836.0,1835.699951171875,1835.9000244140625,8036
2026-04-23 07:42:00+00:00,1835.800048828125,1835.800048828125,1836.0,1835.699951171875,1835.699951171875,4468
2026-04-23 07:43:00+00:00,1835.800048828125,1835.800048828125,1836.0,1835.5999755859375,1836.0,6469
2026-04-23 07:44:00+00:00,1835.9000244140625,1835.9000244140625,1836.0,1835.5999755859375,1835.800048828125,6513
2026-04-23 07:45:00+00:00,1835.699951171875,1835.699951171875,1835.800048828125,1835.0,1835.699951171875,10024
2026-04-23 07:46:00+00:00,1835.300048828125,1835.300048828125,1835.9000244140625,1835.300048828125,1835.699951171875,5564
2026-04-23 07:47:00+00:00,1835.9000244140625,1835.9000244140625,1836.0,1835.699951171875,1835.800048828125,5512
2026-04-23 07:48:00+00:00,1836.0,1836.0,1836.0,1835.800048828125,1836.0,6295
2026-04-23 07:49:00+00:00,1836.0,1836.0,1836.0,1835.9000244140625,1836.0,40748
2026-04-23 07:50:00+00:00,1837.5,1837.5,1837.5,1836.800048828125,1836.9000244140625,44288
2026-04-23 07:51:00+00:00,1837.4000244140625,1837.4000244140625,1837.5,1837.199951171875,1837.5,16621
2026-04-23 07:52:00+00:00,1837.4000244140625,1837.4000244140625,1837.5,1837.199951171875,1837.4000244140625,25997
2026-04-23 07:53:00+00:00,1837.5,1837.5,1837.9000244140625,1837.300048828125,1837.5,79930
2026-04-23 07:54:00+00:00,1837.4000244140625,1837.4000244140625,1837.699951171875,1837.4000244140625,1837.699951171875,83956
2026-04-23 07:55:00+00:00,1837.4000244140625,1837.4000244140625,1837.9000244140625,1837.4000244140625,1837.5,22991
2026-04-23 07:56:00+00:00,1837.199951171875,1837.199951171875,1837.800048828125,1837.199951171875,1837.800048828125,12141
2026-04-23 07:57:00+00:00,1836.5,1836.5,1837.5,1836.5,1837.199951171875,10137
2026-04-23 07:58:00+00:00,1835.699951171875,1835.699951171875,1836.5,1835.699951171875,1836.4000244140625,27398
2026-04-23 07:59:00+00:00,1836.0,1836.0,1836.0,1835.300048828125,1835.9000244140625,22510
2026-04-23 08:00:00+00:00,1836.0,1836.0,1836.5,1835.4000244140625,1836.0,10917
2026-04-23 08:01:00+00:00,1835.699951171875,1835.699951171875,1836.0,1835.5,1835.9000244140625,9560
2026-04-23 08:02:00+00:00,1835.9000244140625,1835.9000244140625,1835.9000244140625,1835.199951171875,1835.699951171875,5675
2026-04-23 08:03:00+00:00,1835.4000244140625,1835.4000244140625,1835.800048828125,1835.4000244140625,1835.4000244140625,6020
2026-04-23 08:04:00+00:00,1835.0,1835.0,1835.5,1835.0,1835.5,26280
2026-04-23 08:05:00+00:00,1834.5,1834.5,1835.0,1834.199951171875,1835.0,21734
2026-04-23 08:06:00+00:00,1833.199951171875,1833.199951171875,1833.9000244140625,1833.0999755859375,1833.9000244140625,9436
2026-04-23 08:07:00+00:00,1832.9000244140625,1832.9000244140625,1833.4000244140625,1832.300048828125,1833.300048828125,7239
2026-04-23 08:08:00+00:00,1831.5999755859375,1831.5999755859375,1832.800048828125,1831.5999755859375,1832.800048828125,8656
2026-04-23 08:09:00+00:00,1830.0999755859375,1830.0999755859375,1831.5,1829.5,1831.5,19502
2026-04-23 08:10:00+00:00,1830.5,1830.5,1830.699951171875,1830.0,1830.199951171875,16339
2026-04-23 08:11:00+00:00,1829.4000244140625,1829.4000244140625,1830.5,1828.800048828125,1830.5,11811
2026-04-23 08:12:00+00:00,1829.800048828125,1829.800048828125,1829.800048828125,1829.4000244140625,1829.5,4886
2026-04-23 08:13:00+00:00,1830.300048828125,1830.300048828125,1830.4000244140625,1829.5,1829.9000244140625,9633
2026-04-23 08:14:00+00:00,1830.0,1830.0,1830.4000244140625,1829.699951171875,1830.300048828125,10152
2026-04-23 08:15:00+00:00,1830.0,1830.0,1830.0,1829.300048828125,1829.699951171875,6433
2026-04-23 08:16:00+00:00,1830.0,1830.0,1830.0,1829.0,1830.0,11193
2026-04-23 08:17:00+00:00,1832.199951171875,1832.199951171875,1832.300048828125,1830.0,1830.0,31849
2026-04-23 08:18:00+00:00,1833.0999755859375,1833.0999755859375,1833.5,1832.300048828125,1832.300048828125,19500
2026-04-23 08:19:00+00:00,1832.5999755859375,1832.5999755859375,1833.0999755859375,1831.5,1833.0999755859375,7436
2026-04-23 08:20:00+00:00,1833.800048828125,1833.800048828125,1834.0999755859375,1832.5,1832.5,10879
2026-04-23 08:21:00+00:00,1833.9000244140625,1833.9000244140625,1834.199951171875,1833.9000244140625,1834.0,8424
2026-04-23 08:22:00+00:00,1834.5,1834.5,1834.5,1834.0,1834.0,8237
2026-04-23 08:23:00+00:00,1834.4000244140625,1834.4000244140625,1834.4000244140625,1833.800048828125,1834.4000244140625,24228
2026-04-23 08:24:00+00:00,1835.199951171875,1835.199951171875,1835.300048828125,1834.300048828125,1834.300048828125,7630
2026-04-23 08:25:00+00:00,1836.199951171875,1836.199951171875,1836.199951171875,1835.300048828125,1835.4000244140625,12407
2026-04-23 08:26:00+00:00,1836.4000244140625,1836.4000244140625,1836.4000244140625,1835.5999755859375,1836.199951171875,15063
2026-04-23 08:27:00+00:00,1836.800048828125,1836.800048828125,1837.0,1836.4000244140625,1836.4000244140625,5835
2026-04-23 08:28:00+00:00,1837.300048828125,1837.300048828125,1837.300048828125,1836.9000244140625,1837.0,8065
2026-04-23 08:29:00+00:00,1837.0,1837.0,1837.4000244140625,1837.0,1837.300048828125,12781
2026-04-23 08:30:00+00:00,1836.300048828125,1836.300048828125,1837.199951171875,1835.699951171875,1837.199951171875,9389
2026-04-23 08:31:00+00:00,1836.699951171875,1836.699951171875,1836.9000244140625,1836.4000244140625,1836.5999755859375,13357
2026-04-23 08:32:00+00:00,1836.0,1836.0,1836.800048828125,1835.0,1836.800048828125,11179
2026-04-23 08:33:00+00:00,1835.5,1835.5,1836.0999755859375,1835.4000244140625,1836.0999755859375,7077
2026-04-23 08:34:00+00:00,1835.9000244140625,1835.9000244140625,1836.199951171875,1835.4000244140625,1835.800048828125,6409
2026-04-23 08:35:00+00:00,1836.699951171875,1836.699951171875,1837.300048828125,1836.199951171875,1836.199951171875,46121
2026-04-23 08:36:00+00:00,1836.0,1836.0,1837.0,1835.5,1836.9000244140625,13214
2026-04-23 08:37:00+00:00,1837.0999755859375,1837.0999755859375,1837.199951171875,1836.0999755859375,1836.0999755859375,18963
2026-04-23 08:38:00+00:00,1837.300048828125,1837.300048828125,1837.300048828125,1836.300048828125,1837.0999755859375,8892
2026-04-23 08:39:00+00:00,1837.199951171875,1837.199951171875,1837.300048828125,1836.699951171875,1837.300048828125,9072
2026-04-23 08:40:00+00:00,1837.300048828125,1837.300048828125,1837.4000244140625,1836.5,1837.199951171875,7795
2026-04-23 08:41:00+00:00,1837.4000244140625,1837.4000244140625,1837.5,1837.199951171875,1837.199951171875,12649
2026-04-23 08:42:00+00:00,1837.4000244140625,1837.4000244140625,1837.5,1837.4000244140625,1837.5,10206
2026-04-23 08:43:00+00:00,1837.5,1837.5,1837.5,1837.4000244140625,1837.4000244140625,7901
2026-04-23 08:44:00+00:00,1837.4000244140625,1837.4000244140625,1837.5,1837.4000244140625,1837.4000244140625,22666
2026-04-23 08:45:00+00:00,1837.199951171875,1837.199951171875,1837.5,1837.199951171875,1837.5,23137
2026-04-23 08:46:00+00:00,1837.5,1837.5,1837.5,1837.199951171875,1837.199951171875,11979
2026-04-23 08:47:00+00:00,1837.5,1837.5,1837.5,1837.4000244140625,1837.5,5156
2026-04-23 08:48:00+00:00,1837.4000244140625,1837.4000244140625,1837.5,1837.4000244140625,1837.5,16541
2026-04-23 08:49:00+00:00,1837.4000244140625,1837.4000244140625,1837.5,1837.4000244140625,1837.4000244140625,38410
2026-04-23 08:50:00+00:00,1837.5,1837.5,1837.5,1836.199951171875,1837.5,26084
2026-04-23 08:51:00+00:00,1837.4000244140625,1837.4000244140625,1837.5,1837.4000244140625,1837.5,14883
2026-04-23 08:52:00+00:00,1839.9000244140625,1839.9000244140625,1839.9000244140625,1837.4000244140625,1837.5,23592
2026-04-23 08:53:00+00:00,1840.699951171875,1840.699951171875,1841.0999755859375,1839.699951171875,1839.699951171875,30291
2026-04-23 08:54:00+00:00,1839.4000244140625,1839.4000244140625,1841.0999755859375,1838.9000244140625,1840.699951171875,31878
2026-04-23 08:55:00+00:00,1839.300048828125,1839.300048828125,1840.0,1838.800048828125,1839.5,10981
2026-04-23 08:56:00+00:00,1838.5,1838.5,1839.5999755859375,1838.0,1839.199951171875,24920
2026-04-23 08:57:00+00:00,1838.199951171875,1838.199951171875,1838.5,1837.300048828125,1838.5,19176
2026-04-23 08:58:00+00:00,1837.9000244140625,1837.9000244140625,1838.300048828125,1836.699951171875,1838.199951171875,14876
2026-04-23 08:59:00+00:00,1837.9000244140625,1837.9000244140625,1838.5,1837.800048828125,1837.9000244140625,19072
2026-04-23 09:00:00+00:00,1838.300048828125,1838.300048828125,1838.300048828125,1837.9000244140625,1838.0,12100
2026-04-23 09:01:00+00:00,1839.4000244140625,1839.4000244140625,1839.4000244140625,1838.300048828125,1838.300048828125,12864
2026-04-23 09:02:00+00:00,1839.5999755859375,1839.5999755859375,1839.699951171875,1839.0,1839.5999755859375,20068
2026-04-23 09:03:00+00:00,1839.4000244140625,1839.4000244140625,1839.699951171875,1838.0999755859375,1839.5999755859375,23449
2026-04-23 09:04:00+00:00,1838.5,1838.5,1839.4000244140625,1837.800048828125,1839.4000244140625,73218
2026-04-23 09:05:00+00:00,1838.4000244140625,1838.4000244140625,1838.9000244140625,1837.5,1838.5,16057
2026-04-23 09:06:00+00:00,1838.5999755859375,1838.5999755859375,1838.800048828125,1838.199951171875,1838.699951171875,17624
2026-04-23 09:07:00+00:00,1838.300048828125,1838.300048828125,1839.0,1838.0999755859375,1838.5999755859375,16649
2026-04-23 09:08:00+00:00,1838.800048828125,1838.800048828125,1839.0,1838.300048828125,1838.5,12348
2026-04-23 09:09:00+00:00,1839.300048828125,1839.300048828125,1839.5,1838.800048828125,1838.800048828125,16152
2026-04-23 09:10:00+00:00,1838.5999755859375,1838.5999755859375,1839.0999755859375,1838.0999755859375,1838.800048828125,27791
2026-04-23 09:11:00+00:00,1839.699951171875,1839.699951171875,1839.699951171875,1838.5,1838.5999755859375,16182
2026-04-23 09:12:00+00:00,1839.300048828125,1839.300048828125,1839.800048828125,1838.300048828125,1839.699951171875,17581
2026-04-23 09:13:00+00:00,1839.0,1839.0,1839.699951171875,1838.800048828125,1839.5,18150
2026-04-23 09:14:00+00:00,1839.199951171875,1839.199951171875,1839.4000244140625,1838.5999755859375,1839.0,11165
2026-04-23 09:15:00+00:00,1838.4000244140625,1838.4000244140625,1839.300048828125,1838.300048828125,1839.199951171875,27554
2026-04-23 09:16:00+00:00,1838.9000244140625,1838.9000244140625,1839.199951171875,1838.4000244140625,1838.699951171875,14194
2026-04-23 09:17:00+00:00,1839.5,1839.5,1839.5,1838.699951171875,1838.9000244140625,23339
2026-04-23 09:18:00+00:00,1840.9000244140625,1840.9000244140625,1841.0,1839.5999755859375,1839.5999755859375,29947
2026-04-23 09:19:00+00:00,1840.0999755859375,1840.0999755859375,1841.4000244140625,1839.300048828125,1840.800048828125,49894
2026-04-23 09:20:00+00:00,1840.9000244140625,1840.9000244140625,1840.9000244140625,1839.5999755859375,1840.0999755859375,15069
2026-04-23 09:21:00+00:00,1840.199951171875,1840.199951171875,1841.300048828125,1840.0,1841.0,19935
2026-04-23 09:22:00+00:00,1841.5999755859375,1841.5999755859375,1842.0,1839.9000244140625,1840.5999755859375,41147
2026-04-23 09:23:00+00:00,1841.199951171875,1841.199951171875,1842.0999755859375,1839.699951171875,1842.0999755859375,48961
2026-04-23 09:24:00+00:00,1841.300048828125,1841.300048828125,1842.4000244140625,1840.699951171875,1841.199951171875,29900
2026-04-23 09:25:00+00:00,1841.5,1841.5,1841.800048828125,1841.0,1841.300048828125,11142
2026-04-23 09:26:00+00:00,1841.5,1841.5,1841.9000244140625,1840.699951171875,1841.5,18911
2026-04-23 09:27:00+00:00,1841.300048828125,1841.300048828125,1842.0,1840.9000244140625,1841.5999755859375,20810
2026-04-23 09:28:00+00:00,1841.9000244140625,1841.9000244140625,1841.9000244140625,1841.300048828125,1841.5999755859375,18639
2026-04-23 09:29:00+00:00,1842.9000244140625,1842.9000244140625,1842.9000244140625,1841.699951171875,1841.9000244140625,20332
2026-04-23 09:30:00+00:00,1843.4000244140625,1843.4000244140625,1843.4000244140625,1842.800048828125,1842.800048828125,37831
2026-04-23 09:31:00+00:00,1843.4000244140625,1843.4000244140625,1843.9000244140625,1843.4000244140625,1843.5,41836
2026-04-23 09:32:00+00:00,1841.5999755859375,1841.5999755859375,1844.800048828125,1841.5999755859375,1843.699951171875,205467
2026-04-23 09:33:00+00:00,1841.4000244140625,1841.4000244140625,1842.4000244140625,1839.5999755859375,1842.4000244140625,99859
2026-04-23 09:34:00+00:00,1840.9000244140625,1840.9000244140625,1841.9000244140625,1839.4000244140625,1841.9000244140625,91926
2026-04-23 09:35:00+00:00,1842.4000244140625,1842.4000244140625,1842.5999755859375,1840.5999755859375,1840.9000244140625,83941
2026-04-23 09:36:00+00:00,1841.0999755859375,1841.0999755859375,1842.0,1839.5999755859375,1842.0,61492
2026-04-23 09:37:00+00:00,1839.5,1839.5,1841.5,1839.4000244140625,1841.0,60906
2026-04-23 09:38:00+00:00,1839.699951171875,1839.699951171875,1839.9000244140625,1838.199951171875,1839.9000244140625,72684
2026-04-23 09:39:00+00:00,1841.0,1841.0,1841.4000244140625,1839.5999755859375,1839.5999755859375,85254
2026-04-23 09:40:00+00:00,1840.199951171875,1840.199951171875,1841.0999755859375,1839.0,1840.9000244140625,60262
2026-04-23 09:41:00+00:00,1839.699951171875,1839.699951171875,1840.199951171875,1838.800048828125,1840.199951171875,42309
2026-04-23 09:42:00+00:00,1839.699951171875,1839.699951171875,1840.0,1839.300048828125,1839.699951171875,43454
2026-04-23 09:43:00+00:00,1840.199951171875,1840.199951171875,1840.5999755859375,1839.5999755859375,1839.699951171875,51061
2026-04-23 09:44:00+00:00,1840.5,1840.5,1841.0999755859375,1840.199951171875,1840.199951171875,84630
2026-04-23 09:45:00+00:00,1840.699951171875,1840.699951171875,1841.699951171875,1839.9000244140625,1840.4000244140625,63693
2026-04-23 09:46:00+00:00,1839.699951171875,1839.699951171875,1840.800048828125,1838.0999755859375,1840.800048828125,59904
2026-04-23 09:47:00+00:00,1838.5,1838.5,1840.199951171875,1838.5,1839.699951171875,35427
2026-04-23 09:48:00+00:00,1839.199951171875,1839.199951171875,1839.199951171875,1838.0999755859375,1838.9000244140625,18604
2026-04-23 09:49:00+00:00,1839.5999755859375,1839.5999755859375,1839.9000244140625,1839.199951171875,1839.199951171875,25350
2026-04-23 09:50:00+00:00,1839.5999755859375,1839.5999755859375,1839.5999755859375,1839.300048828125,1839.5,42745
2026-04-23 09:51:00+00:00,1841.4000244140625,1841.4000244140625,1841.5,1840.300048828125,1840.300048828125,60774
2026-04-23 09:52:00+00:00,1841.199951171875,1841.199951171875,1841.5,1840.699951171875,1841.4000244140625,29006
2026-04-23 09:53:00+00:00,1840.699951171875,1840.699951171875,1841.300048828125,1840.5999755859375,1840.9000244140625,27138
2026-04-23 09:54:00+00:00,1840.699951171875,1840.699951171875,1841.4000244140625,1840.699951171875,1841.0,27861
2026-04-23 09:55:00+00:00,1840.9000244140625,1840.9000244140625,1841.199951171875,1840.800048828125,1841.0,21480
2026-04-23 09:56:00+00:00,1839.699951171875,1839.699951171875,1841.699951171875,1839.699951171875,1841.0,38068
2026-04-23 09:57:00+00:00,1841.300048828125,1841.300048828125,1841.699951171875,1840.300048828125,1840.5999755859375,26153
2026-04-23 09:58:00+00:00,1839.800048828125,1839.800048828125,1842.800048828125,1839.800048828125,1841.300048828125,108160
2026-04-23 09:59:00+00:00,1841.5,1841.5,1842.9000244140625,1839.199951171875,1839.800048828125,3596
2026-04-24 03:45:00+00:00,1841.5,1841.5,1849.4000244140625,1838.699951171875,1845.0,0
2026-04-24 03:46:00+00:00,1836.4000244140625,1836.4000244140625,1841.5999755859375,1834.800048828125,1841.300048828125,44321
2026-04-24 03:47:00+00:00,1835.0999755859375,1835.0999755859375,1836.5999755859375,1832.9000244140625,1836.0,43677
2026-04-24 03:48:00+00:00,1830.9000244140625,1830.9000244140625,1834.699951171875,1830.9000244140625,1834.699951171875,32657
2026-04-24 03:49:00+00:00,1832.800048828125,1832.800048828125,1833.0999755859375,1831.199951171875,1832.4000244140625,44910
2026-04-24 03:50:00+00:00,1828.5999755859375,1828.5999755859375,1831.0999755859375,1828.5999755859375,1831.0999755859375,26408
2026-04-24 03:51:00+00:00,1826.0999755859375,1826.0999755859375,1828.5999755859375,1826.0999755859375,1828.5999755859375,41614
2026-04-24 03:52:00+00:00,1827.0999755859375,1827.0999755859375,1829.300048828125,1825.199951171875,1826.699951171875,42222
2026-04-24 03:53:00+00:00,1828.0999755859375,1828.0999755859375,1831.0,1826.4000244140625,1826.4000244140625,32811
2026-04-24 03:54:00+00:00,1827.0,1827.0,1828.699951171875,1827.0,1828.0999755859375,17986
2026-04-24 03:55:00+00:00,1825.5,1825.5,1826.800048828125,1825.4000244140625,1826.800048828125,23755
2026-04-24 03:56:00+00:00,1825.5,1825.5,1825.5,1825.0,1825.300048828125,15671
2026-04-24 03:57:00+00:00,1824.0,1824.0,1825.4000244140625,1824.0,1825.199951171875,13521
2026-04-24 03:58:00+00:00,1825.5,1825.5,1825.5,1824.199951171875,1824.199951171875,15332
2026-04-24 03:59:00+00:00,1825.0,1825.0,1825.699951171875,1824.300048828125,1825.699951171875,20125
2026-04-24 04:00:00+00:00,1824.0999755859375,1824.0999755859375,1824.5999755859375,1824.0999755859375,1824.5999755859375,14740
2026-04-24 04:01:00+00:00,1823.5,1823.5,1824.5999755859375,1823.5,1824.5,13548
2026-04-24 04:02:00+00:00,1823.699951171875,1823.699951171875,1824.0,1823.5,1824.0,7127
2026-04-24 04:03:00+00:00,1823.5999755859375,1823.5999755859375,1824.0999755859375,1822.800048828125,1823.9000244140625,10822
2026-04-24 04:04:00+00:00,1823.4000244140625,1823.4000244140625,1823.800048828125,1822.699951171875,1823.5999755859375,9085
2026-04-24 04:05:00+00:00,1823.9000244140625,1823.9000244140625,1824.0,1823.0999755859375,1823.0999755859375,15565
2026-04-24 04:06:00+00:00,1823.800048828125,1823.800048828125,1824.0,1823.699951171875,1823.699951171875,6944
2026-04-24 04:07:00+00:00,1823.0999755859375,1823.0999755859375,1823.699951171875,1823.0999755859375,1823.5,7210
2026-04-24 04:08:00+00:00,1822.9000244140625,1822.9000244140625,1823.5999755859375,1822.9000244140625,1823.0999755859375,14534
2026-04-24 04:09:00+00:00,1822.4000244140625,1822.4000244140625,1823.0,1822.4000244140625,1823.0,9614
2026-04-24 04:10:00+00:00,1822.5,1822.5,1822.5,1822.0,1822.300048828125,15618
2026-04-24 04:11:00+00:00,1818.300048828125,1818.300048828125,1821.0999755859375,1818.300048828125,1821.0999755859375,46333
2026-04-24 04:12:00+00:00,1819.5,1819.5,1820.199951171875,1818.0999755859375,1818.300048828125,32164
2026-04-24 04:13:00+00:00,1819.5999755859375,1819.5999755859375,1819.699951171875,1818.9000244140625,1818.9000244140625,16945
2026-04-24 04:14:00+00:00,1818.800048828125,1818.800048828125,1819.5,1818.800048828125,1819.5,8365
2026-04-24 04:15:00+00:00,1817.699951171875,1817.699951171875,1818.800048828125,1817.699951171875,1818.800048828125,18161
2026-04-24 04:16:00+00:00,1817.0,1817.0,1817.699951171875,1817.0,1817.699951171875,8061
2026-04-24 04:17:00+00:00,1815.5999755859375,1815.5999755859375,1817.0,1815.5999755859375,1817.0,24519
2026-04-24 04:18:00+00:00,1815.0999755859375,1815.0999755859375,1816.0,1815.0999755859375,1816.0,26399
2026-04-24 04:19:00+00:00,1816.300048828125,1816.300048828125,1816.5,1815.699951171875,1816.5,25440
2026-04-24 04:20:00+00:00,1815.699951171875,1815.699951171875,1816.300048828125,1815.300048828125,1816.300048828125,10582
2026-04-24 04:21:00+00:00,1816.0,1816.0,1816.0,1815.4000244140625,1815.9000244140625,10056
2026-04-24 04:22:00+00:00,1815.300048828125,1815.300048828125,1815.9000244140625,1815.300048828125,1815.9000244140625,25095
2026-04-24 04:23:00+00:00,1814.800048828125,1814.800048828125,1815.300048828125,1814.800048828125,1815.0,19685
2026-04-24 04:24:00+00:00,1813.5,1813.5,1814.300048828125,1812.9000244140625,1814.300048828125,35826
2026-04-24 04:25:00+00:00,1814.0999755859375,1814.0999755859375,1814.699951171875,1813.0,1813.5,15713
2026-04-24 04:26:00+00:00,1815.9000244140625,1815.9000244140625,1815.9000244140625,1813.699951171875,1814.0999755859375,10072
2026-04-24 04:27:00+00:00,1815.5,1815.5,1815.5999755859375,1815.5,1815.5999755859375,7102
2026-04-24 04:28:00+00:00,1815.4000244140625,1815.4000244140625,1815.5,1814.5,1815.5,24931
2026-04-24 04:29:00+00:00,1815.0,1815.0,1815.5,1815.0,1815.0,16795
2026-04-24 04:30:00+00:00,1814.5999755859375,1814.5999755859375,1815.5,1814.0999755859375,1814.800048828125,24368
2026-04-24 04:31:00+00:00,1815.5,1815.5,1815.5,1814.800048828125,1814.800048828125,10406
2026-04-24 04:32:00+00:00,1816.0,1816.0,1816.5,1815.5999755859375,1815.5999755859375,29382
2026-04-24 04:33:00+00:00,1816.5,1816.5,1816.5,1815.9000244140625,1815.9000244140625,7167
2026-04-24 04:34:00+00:00,1816.5,1816.5,1816.5999755859375,1816.0,1816.199951171875,23132
2026-04-24 04:35:00+00:00,1817.0,1817.0,1817.0,1816.0999755859375,1816.4000244140625,9597
2026-04-24 04:36:00+00:00,1815.9000244140625,1815.9000244140625,1817.0,1815.9000244140625,1816.9000244140625,23332
2026-04-24 04:37:00+00:00,1815.5,1815.5,1816.0,1815.5,1815.9000244140625,9992
2026-04-24 04:38:00+00:00,1815.699951171875,1815.699951171875,1815.9000244140625,1815.5999755859375,1815.699951171875,7200
2026-04-24 04:39:00+00:00,1815.0999755859375,1815.0999755859375,1815.9000244140625,1815.0,1815.9000244140625,12970
2026-04-24 04:40:00+00:00,1815.0,1815.0,1815.199951171875,1814.199951171875,1815.199951171875,7981
2026-04-24 04:41:00+00:00,1816.199951171875,1816.199951171875,1816.199951171875,1814.5,1815.0,10845
2026-04-24 04:42:00+00:00,1816.5,1816.5,1816.699951171875,1815.300048828125,1815.300048828125,16788
2026-04-24 04:43:00+00:00,1817.0,1817.0,1817.0,1815.800048828125,1816.4000244140625,6757
2026-04-24 04:44:00+00:00,1817.0,1817.0,1817.0,1816.800048828125,1817.0,5468
2026-04-24 04:45:00+00:00,1814.800048828125,1814.800048828125,1816.9000244140625,1814.800048828125,1816.9000244140625,11764
2026-04-24 04:46:00+00:00,1815.199951171875,1815.199951171875,1815.5,1814.699951171875,1815.5,5399
2026-04-24 04:47:00+00:00,1815.0,1815.0,1815.300048828125,1814.699951171875,1815.300048828125,4630
2026-04-24 04:48:00+00:00,1815.300048828125,1815.300048828125,1815.300048828125,1815.0999755859375,1815.300048828125,5510
2026-04-24 04:49:00+00:00,1814.699951171875,1814.699951171875,1815.5,1814.5,1815.4000244140625,11258
2026-04-24 04:50:00+00:00,1813.5,1813.5,1814.699951171875,1813.199951171875,1814.699951171875,5436
2026-04-24 04:51:00+00:00,1814.0,1814.0,1814.0,1813.699951171875,1813.699951171875,7920
2026-04-24 04:52:00+00:00,1814.0999755859375,1814.0999755859375,1814.0999755859375,1813.800048828125,1814.0,5061
2026-04-24 04:53:00+00:00,1814.199951171875,1814.199951171875,1814.199951171875,1813.9000244140625,1814.0999755859375,5158
2026-04-24 04:54:00+00:00,1814.4000244140625,1814.4000244140625,1814.4000244140625,1813.800048828125,1814.199951171875,7443
2026-04-24 04:55:00+00:00,1813.699951171875,1813.699951171875,1814.4000244140625,1813.199951171875,1814.4000244140625,9450
2026-04-24 04:56:00+00:00,1813.9000244140625,1813.9000244140625,1814.0999755859375,1813.800048828125,1813.9000244140625,6314
2026-04-24 04:57:00+00:00,1813.699951171875,1813.699951171875,1813.9000244140625,1813.4000244140625,1813.9000244140625,13834
2026-04-24 04:58:00+00:00,1814.300048828125,1814.300048828125,1814.699951171875,1812.5999755859375,1813.5,15236
2026-04-24 04:59:00+00:00,1815.300048828125,1815.300048828125,1815.4000244140625,1814.0999755859375,1814.0999755859375,7353
2026-04-24 05:00:00+00:00,1814.9000244140625,1814.9000244140625,1815.5,1814.800048828125,1814.9000244140625,5759
2026-04-24 05:01:00+00:00,1816.5999755859375,1816.5999755859375,1816.5999755859375,1815.0,1815.4000244140625,11378
2026-04-24 05:02:00+00:00,1816.0,1816.0,1817.0,1815.0999755859375,1816.699951171875,7672
2026-04-24 05:03:00+00:00,1816.300048828125,1816.300048828125,1816.699951171875,1815.300048828125,1816.0,8937
2026-04-24 05:04:00+00:00,1817.0,1817.0,1817.0,1815.9000244140625,1816.300048828125,4741
2026-04-24 05:05:00+00:00,1816.5,1816.5,1816.5999755859375,1815.9000244140625,1815.9000244140625,5584
2026-04-24 05:06:00+00:00,1816.4000244140625,1816.4000244140625,1816.5999755859375,1815.9000244140625,1816.5,8511
2026-04-24 05:07:00+00:00,1815.9000244140625,1815.9000244140625,1816.5,1815.800048828125,1816.4000244140625,7097
2026-04-24 05:08:00+00:00,1815.0,1815.0,1815.800048828125,1814.5999755859375,1815.800048828125,4290
2026-04-24 05:09:00+00:00,1814.9000244140625,1814.9000244140625,1815.0999755859375,1814.300048828125,1814.5999755859375,7404
2026-04-24 05:10:00+00:00,1815.5,1815.5,1815.699951171875,1814.800048828125,1815.0,6900
2026-04-24 05:11:00+00:00,1814.4000244140625,1814.4000244140625,1815.5,1814.0,1815.5,4456
2026-04-24 05:12:00+00:00,1814.199951171875,1814.199951171875,1814.5,1813.699951171875,1814.300048828125,4594
2026-04-24 05:13:00+00:00,1814.4000244140625,1814.4000244140625,1814.4000244140625,1814.0,1814.199951171875,5642
2026-04-24 05:14:00+00:00,1814.0999755859375,1814.0999755859375,1814.4000244140625,1814.0,1814.0,4583
2026-04-24 05:15:00+00:00,1814.0,1814.0,1814.199951171875,1813.699951171875,1814.0999755859375,5002
2026-04-24 05:16:00+00:00,1814.0999755859375,1814.0999755859375,1814.199951171875,1813.4000244140625,1813.9000244140625,7447
2026-04-24 05:17:00+00:00,1813.9000244140625,1813.9000244140625,1815.0999755859375,1813.699951171875,1814.0999755859375,12917
2026-04-24 05:18:00+00:00,1813.9000244140625,1813.9000244140625,1814.5,1813.5999755859375,1813.9000244140625,2742
2026-04-24 05:19:00+00:00,1812.699951171875,1812.699951171875,1813.699951171875,1812.199951171875,1813.699951171875,19809
2026-04-24 05:20:00+00:00,1813.199951171875,1813.199951171875,1813.800048828125,1812.4000244140625,1813.0999755859375,6556
2026-04-24 05:21:00+00:00,1813.4000244140625,1813.4000244140625,1813.800048828125,1813.199951171875,1813.300048828125,6072
2026-04-24 05:22:00+00:00,1813.300048828125,1813.300048828125,1814.800048828125,1812.800048828125,1813.199951171875,11956
2026-04-24 05:23:00+00:00,1813.699951171875,1813.699951171875,1813.800048828125,1813.300048828125,1813.800048828125,3758
2026-04-24 05:24:00+00:00,1814.9000244140625,1814.9000244140625,1814.9000244140625,1813.300048828125,1813.5,15505
2026-04-24 05:25:00+00:00,1816.300048828125,1816.300048828125,1816.300048828125,1814.0999755859375,1814.5,9879
2026-04-24 05:26:00+00:00,1815.800048828125,1815.800048828125,1815.9000244140625,1815.0,1815.5999755859375,11553
2026-04-24 05:27:00+00:00,1815.5999755859375,1815.5999755859375,1816.5,1815.0999755859375,1816.300048828125,7178
2026-04-24 05:28:00+00:00,1815.0,1815.0,1815.9000244140625,1815.0,1815.699951171875,5533
2026-04-24 05:29:00+00:00,1814.199951171875,1814.199951171875,1815.0999755859375,1814.199951171875,1814.9000244140625,7685
2026-04-24 05:30:00+00:00,1814.4000244140625,1814.4000244140625,1814.699951171875,1814.199951171875,1814.699951171875,3033
2026-04-24 05:31:00+00:00,1814.0,1814.0,1814.199951171875,1813.5,1813.9000244140625,8984
2026-04-24 05:32:00+00:00,1815.5,1815.5,1815.5,1813.699951171875,1813.699951171875,26583
2026-04-24 05:33:00+00:00,1815.800048828125,1815.800048828125,1816.199951171875,1815.0,1815.300048828125,12457
2026-04-24 05:34:00+00:00,1816.0,1816.0,1816.0,1815.199951171875,1815.800048828125,6671
2026-04-24 05:35:00+00:00,1817.800048828125,1817.800048828125,1818.0,1816.0,1816.0,17518
2026-04-24 05:36:00+00:00,1818.199951171875,1818.199951171875,1818.699951171875,1818.0,1818.0999755859375,9444
2026-04-24 05:37:00+00:00,1817.5,1817.5,1818.199951171875,1817.0999755859375,1818.0999755859375,53277
2026-04-24 05:38:00+00:00,1817.699951171875,1817.699951171875,1817.800048828125,1817.4000244140625,1817.5,6166
2026-04-24 05:39:00+00:00,1818.199951171875,1818.199951171875,1818.4000244140625,1817.5,1817.5999755859375,14405
2026-04-24 05:40:00+00:00,1818.5999755859375,1818.5999755859375,1818.5999755859375,1817.5,1817.5,15925
2026-04-24 05:41:00+00:00,1818.5999755859375,1818.5999755859375,1818.9000244140625,1818.5999755859375,1818.9000244140625,4860
2026-04-24 05:42:00+00:00,1818.699951171875,1818.699951171875,1818.800048828125,1818.4000244140625,1818.5999755859375,8585
2026-04-24 05:43:00+00:00,1819.699951171875,1819.699951171875,1820.4000244140625,1818.5,1818.5999755859375,19838
2026-04-24 05:44:00+00:00,1820.0,1820.0,1820.199951171875,1819.0999755859375,1819.5,6008
2026-04-24 05:45:00+00:00,1820.0999755859375,1820.0999755859375,1820.199951171875,1819.0999755859375,1820.0999755859375,5174
2026-04-24 05:46:00+00:00,1820.0999755859375,1820.0999755859375,1820.0999755859375,1819.5999755859375,1819.800048828125,6068
2026-04-24 05:47:00+00:00,1819.0999755859375,1819.0999755859375,1820.0999755859375,1819.0,1820.0999755859375,6130
2026-04-24 05:48:00+00:00,1819.9000244140625,1819.9000244140625,1819.9000244140625,1819.300048828125,1819.300048828125,5579
2026-04-24 05:49:00+00:00,1820.5,1820.5,1820.5,1819.800048828125,1819.800048828125,13955
2026-04-24 05:50:00+00:00,1820.699951171875,1820.699951171875,1820.800048828125,1820.4000244140625,1820.5,4951
2026-04-24 05:51:00+00:00,1820.699951171875,1820.699951171875,1820.699951171875,1820.4000244140625,1820.699951171875,4613
2026-04-24 05:52:00+00:00,1820.800048828125,1820.800048828125,1821.199951171875,1820.4000244140625,1820.5999755859375,7752
2026-04-24 05:53:00+00:00,1820.699951171875,1820.699951171875,1820.9000244140625,1820.199951171875,1820.800048828125,5862
2026-04-24 05:54:00+00:00,1820.9000244140625,1820.9000244140625,1821.0,1820.4000244140625,1820.4000244140625,7543
2026-04-24 05:55:00+00:00,1821.4000244140625,1821.4000244140625,1821.4000244140625,1820.300048828125,1820.9000244140625,6189
2026-04-24 05:56:00+00:00,1821.199951171875,1821.199951171875,1821.4000244140625,1821.0999755859375,1821.4000244140625,3873
2026-04-24 05:57:00+00:00,1821.0999755859375,1821.0999755859375,1821.199951171875,1821.0,1821.0999755859375,4595
2026-04-24 05:58:00+00:00,1821.199951171875,1821.199951171875,1821.4000244140625,1820.300048828125,1820.300048828125,11417
2026-04-24 05:59:00+00:00,1820.9000244140625,1820.9000244140625,1821.0,1820.5999755859375,1821.0,1913
2026-04-24 06:00:00+00:00,1821.699951171875,1821.699951171875,1821.699951171875,1820.5999755859375,1820.5999755859375,10749
2026-04-24 06:01:00+00:00,1822.0999755859375,1822.0999755859375,1822.300048828125,1821.5,1821.5999755859375,6204
2026-04-24 06:02:00+00:00,1822.300048828125,1822.300048828125,1822.300048828125,1821.699951171875,1821.699951171875,7407
2026-04-24 06:03:00+00:00,1822.699951171875,1822.699951171875,1823.199951171875,1821.699951171875,1821.699951171875,12558
2026-04-24 06:04:00+00:00,1822.699951171875,1822.699951171875,1823.4000244140625,1822.699951171875,1823.4000244140625,7528
2026-04-24 06:05:00+00:00,1822.5999755859375,1822.5999755859375,1822.699951171875,1822.5,1822.5,4705
2026-04-24 06:06:00+00:00,1823.0999755859375,1823.0999755859375,1823.4000244140625,1822.4000244140625,1822.5999755859375,12017
2026-04-24 06:07:00+00:00,1824.0999755859375,1824.0999755859375,1824.0999755859375,1822.5,1823.0999755859375,14158
2026-04-24 06:08:00+00:00,1824.199951171875,1824.199951171875,1824.4000244140625,1823.5999755859375,1824.0999755859375,10360
2026-04-24 06:09:00+00:00,1824.5,1824.5,1824.5,1823.5999755859375,1823.5999755859375,16142
2026-04-24 06:10:00+00:00,1824.0,1824.0,1824.699951171875,1823.699951171875,1824.300048828125,25525
2026-04-24 06:11:00+00:00,1822.5999755859375,1822.5999755859375,1825.199951171875,1821.5999755859375,1824.4000244140625,80563
2026-04-24 06:12:00+00:00,1822.4000244140625,1822.4000244140625,1822.5999755859375,1822.0,1822.0,4328
2026-04-24 06:13:00+00:00,1823.0,1823.0,1823.199951171875,1822.0,1822.300048828125,11358
2026-04-24 06:14:00+00:00,1823.5,1823.5,1823.5999755859375,1823.0,1823.5,6585
2026-04-24 06:15:00+00:00,1823.199951171875,1823.199951171875,1823.300048828125,1823.0,1823.199951171875,9011
2026-04-24 06:16:00+00:00,1823.0999755859375,1823.0999755859375,1823.199951171875,1823.0,1823.199951171875,3491
2026-04-24 06:17:00+00:00,1822.9000244140625,1822.9000244140625,1823.300048828125,1822.800048828125,1823.199951171875,14177
2026-04-24 06:18:00+00:00,1823.0,1823.0,1823.0999755859375,1822.699951171875,1822.800048828125,30639
2026-04-24 06:19:00+00:00,1821.199951171875,1821.199951171875,1823.0,1821.199951171875,1823.0,14113
2026-04-24 06:20:00+00:00,1820.4000244140625,1820.4000244140625,1821.9000244140625,1820.199951171875,1821.5999755859375,6476
2026-04-24 06:21:00+00:00,1819.699951171875,1819.699951171875,1821.199951171875,1819.0,1820.800048828125,16477
2026-04-24 06:22:00+00:00,1819.5,1819.5,1820.0999755859375,1819.0999755859375,1819.0999755859375,6469
2026-04-24 06:23:00+00:00,1820.199951171875,1820.199951171875,1820.199951171875,1819.5,1820.0,13907
2026-04-24 06:24:00+00:00,1820.199951171875,1820.199951171875,1820.300048828125,1820.0,1820.199951171875,7161
2026-04-24 06:25:00+00:00,1819.0999755859375,1819.0999755859375,1820.199951171875,1819.0999755859375,1820.199951171875,39182
2026-04-24 06:26:00+00:00,1819.300048828125,1819.300048828125,1820.0,1819.0999755859375,1819.0999755859375,20044
2026-04-24 06:27:00+00:00,1817.9000244140625,1817.9000244140625,1819.5,1817.699951171875,1819.300048828125,11618
2026-04-24 06:28:00+00:00,1817.5999755859375,1817.5999755859375,1817.9000244140625,1817.5,1817.9000244140625,4880
2026-04-24 06:29:00+00:00,1817.5,1817.5,1819.199951171875,1817.5,1818.0,10521
2026-04-24 06:30:00+00:00,1818.4000244140625,1818.4000244140625,1818.800048828125,1817.5999755859375,1817.699951171875,4347
2026-04-24 06:31:00+00:00,1818.4000244140625,1818.4000244140625,1818.9000244140625,1818.199951171875,1818.9000244140625,6075
2026-04-24 06:32:00+00:00,1818.4000244140625,1818.4000244140625,1818.800048828125,1818.199951171875,1818.5,5299
2026-04-24 06:33:00+00:00,1818.300048828125,1818.300048828125,1818.5999755859375,1818.0,1818.4000244140625,5365
2026-04-24 06:34:00+00:00,1818.0,1818.0,1818.699951171875,1818.0,1818.300048828125,7476
2026-04-24 06:35:00+00:00,1818.0,1818.0,1818.5999755859375,1818.0,1818.0,6610
2026-04-24 06:36:00+00:00,1818.5999755859375,1818.5999755859375,1818.5999755859375,1818.0,1818.5,6977
2026-04-24 06:37:00+00:00,1818.5999755859375,1818.5999755859375,1818.699951171875,1818.0,1818.4000244140625,5243
2026-04-24 06:38:00+00:00,1818.5,1818.5,1818.699951171875,1818.0999755859375,1818.4000244140625,7218
2026-04-24 06:39:00+00:00,1819.699951171875,1819.699951171875,1819.699951171875,1818.800048828125,1818.800048828125,10736
2026-04-24 06:40:00+00:00,1819.5999755859375,1819.5999755859375,1819.699951171875,1819.0999755859375,1819.4000244140625,5906
2026-04-24 06:41:00+00:00,1818.5999755859375,1818.5999755859375,1820.9000244140625,1818.5999755859375,1819.5999755859375,81358
2026-04-24 06:42:00+00:00,1819.0,1819.0,1819.699951171875,1818.699951171875,1818.800048828125,6047
2026-04-24 06:43:00+00:00,1819.199951171875,1819.199951171875,1819.800048828125,1818.9000244140625,1819.0,4743
2026-04-24 06:44:00+00:00,1818.5,1818.5,1819.300048828125,1818.199951171875,1819.199951171875,5943
2026-04-24 06:45:00+00:00,1818.0999755859375,1818.0999755859375,1819.0999755859375,1818.0,1818.9000244140625,6659
2026-04-24 06:46:00+00:00,1818.199951171875,1818.199951171875,1818.5,1818.0,1818.199951171875,3364
2026-04-24 06:47:00+00:00,1817.0,1817.0,1818.0999755859375,1817.0,1817.5999755859375,7089
2026-04-24 06:48:00+00:00,1816.699951171875,1816.699951171875,1817.5999755859375,1816.5,1817.0,4521
2026-04-24 06:49:00+00:00,1816.699951171875,1816.699951171875,1817.199951171875,1816.5,1816.5,4715
2026-04-24 06:50:00+00:00,1815.699951171875,1815.699951171875,1817.0999755859375,1815.5,1816.699951171875,17971
2026-04-24 06:51:00+00:00,1815.5999755859375,1815.5999755859375,1815.9000244140625,1815.0,1815.5,3358
2026-04-24 06:52:00+00:00,1815.199951171875,1815.199951171875,1815.699951171875,1815.0,1815.699951171875,4012
2026-04-24 06:53:00+00:00,1815.0,1815.0,1815.199951171875,1814.300048828125,1815.0999755859375,7135
2026-04-24 06:54:00+00:00,1815.0,1815.0,1815.0999755859375,1814.4000244140625,1815.0999755859375,5874
2026-04-24 06:55:00+00:00,1814.9000244140625,1814.9000244140625,1815.199951171875,1814.5,1814.5,5080
2026-04-24 06:56:00+00:00,1815.300048828125,1815.300048828125,1816.0,1814.699951171875,1814.9000244140625,10478
2026-04-24 06:57:00+00:00,1815.4000244140625,1815.4000244140625,1816.0999755859375,1815.0,1815.5999755859375,10036
2026-04-24 06:58:00+00:00,1816.0,1816.0,1816.4000244140625,1815.0999755859375,1815.5,8646
2026-04-24 06:59:00+00:00,1816.800048828125,1816.800048828125,1817.0999755859375,1815.4000244140625,1816.0,8466
2026-04-24 07:00:00+00:00,1817.0999755859375,1817.0999755859375,1817.0999755859375,1816.300048828125,1816.300048828125,8875
2026-04-24 07:01:00+00:00,1816.699951171875,1816.699951171875,1817.300048828125,1816.699951171875,1817.199951171875,6371
2026-04-24 07:02:00+00:00,1816.800048828125,1816.800048828125,1817.300048828125,1816.4000244140625,1817.199951171875,6507
2026-04-24 07:03:00+00:00,1818.300048828125,1818.300048828125,1818.9000244140625,1816.5999755859375,1816.5999755859375,16241
2026-04-24 07:04:00+00:00,1819.300048828125,1819.300048828125,1819.300048828125,1818.300048828125,1818.300048828125,11653
2026-04-24 07:05:00+00:00,1818.699951171875,1818.699951171875,1819.199951171875,1817.800048828125,1818.800048828125,7936
2026-04-24 07:06:00+00:00,1815.0,1815.0,1818.800048828125,1815.0,1818.4000244140625,29914
2026-04-24 07:07:00+00:00,1815.800048828125,1815.800048828125,1816.0999755859375,1815.199951171875,1815.5,5604
2026-04-24 07:08:00+00:00,1817.0,1817.0,1817.4000244140625,1815.800048828125,1816.0,9798
2026-04-24 07:09:00+00:00,1816.5999755859375,1816.5999755859375,1817.5,1816.5999755859375,1816.9000244140625,4017
2026-04-24 07:10:00+00:00,1816.300048828125,1816.300048828125,1817.4000244140625,1815.800048828125,1816.5999755859375,7841
2026-04-24 07:11:00+00:00,1817.0,1817.0,1817.0,1815.800048828125,1815.9000244140625,5603
2026-04-24 07:12:00+00:00,1816.9000244140625,1816.9000244140625,1817.0,1815.699951171875,1816.199951171875,7155
2026-04-24 07:13:00+00:00,1816.5,1816.5,1817.0,1816.0999755859375,1816.300048828125,3628
2026-04-24 07:14:00+00:00,1815.5999755859375,1815.5999755859375,1816.699951171875,1815.5999755859375,1816.0999755859375,6101
2026-04-24 07:15:00+00:00,1815.699951171875,1815.699951171875,1816.199951171875,1815.4000244140625,1815.9000244140625,4702
2026-04-24 07:16:00+00:00,1815.800048828125,1815.800048828125,1816.0,1815.199951171875,1815.800048828125,4969
2026-04-24 07:17:00+00:00,1815.5999755859375,1815.5999755859375,1815.9000244140625,1815.300048828125,1815.800048828125,6126
2026-04-24 07:18:00+00:00,1815.800048828125,1815.800048828125,1816.0,1815.4000244140625,1816.0,4701
2026-04-24 07:19:00+00:00,1815.4000244140625,1815.4000244140625,1815.9000244140625,1815.4000244140625,1815.9000244140625,3588
2026-04-24 07:20:00+00:00,1815.5,1815.5,1815.5999755859375,1815.199951171875,1815.5999755859375,8082
2026-04-24 07:21:00+00:00,1815.300048828125,1815.300048828125,1815.699951171875,1815.0,1815.5,6901
2026-04-24 07:22:00+00:00,1815.0999755859375,1815.0999755859375,1815.699951171875,1815.0999755859375,1815.5999755859375,4820
2026-04-24 07:23:00+00:00,1815.0,1815.0,1815.199951171875,1815.0,1815.199951171875,4168
2026-04-24 07:24:00+00:00,1816.300048828125,1816.300048828125,1816.699951171875,1815.0,1815.0,23022
2026-04-24 07:25:00+00:00,1817.5999755859375,1817.5999755859375,1818.0999755859375,1816.5999755859375,1816.800048828125,13691
2026-04-24 07:26:00+00:00,1818.199951171875,1818.199951171875,1818.9000244140625,1817.199951171875,1817.4000244140625,10496
2026-04-24 07:27:00+00:00,1818.300048828125,1818.300048828125,1818.9000244140625,1817.9000244140625,1818.0999755859375,4555
2026-04-24 07:28:00+00:00,1817.5999755859375,1817.5999755859375,1818.300048828125,1817.0999755859375,1818.300048828125,4643
2026-04-24 07:29:00+00:00,1817.199951171875,1817.199951171875,1818.0,1816.9000244140625,1817.199951171875,3793
2026-04-24 07:30:00+00:00,1817.199951171875,1817.199951171875,1817.4000244140625,1816.9000244140625,1816.9000244140625,6059
2026-04-24 07:31:00+00:00,1815.4000244140625,1815.4000244140625,1817.199951171875,1815.0,1817.199951171875,9362
2026-04-24 07:32:00+00:00,1815.0,1815.0,1815.4000244140625,1815.0,1815.4000244140625,10176
2026-04-24 07:33:00+00:00,1815.9000244140625,1815.9000244140625,1815.9000244140625,1815.0,1815.0,27690
2026-04-24 07:34:00+00:00,1815.300048828125,1815.300048828125,1815.800048828125,1815.0,1815.699951171875,13840
2026-04-24 07:35:00+00:00,1815.0,1815.0,1815.300048828125,1815.0,1815.300048828125,13483
2026-04-24 07:36:00+00:00,1815.0999755859375,1815.0999755859375,1815.0999755859375,1815.0,1815.0,9381
2026-04-24 07:37:00+00:00,1815.0,1815.0,1815.0999755859375,1815.0,1815.0999755859375,8278
2026-04-24 07:38:00+00:00,1815.0,1815.0,1815.0999755859375,1815.0,1815.0,24387
2026-04-24 07:39:00+00:00,1815.0,1815.0,1815.199951171875,1815.0,1815.0999755859375,26575
2026-04-24 07:40:00+00:00,1815.199951171875,1815.199951171875,1815.4000244140625,1815.0,1815.0999755859375,11024
2026-04-24 07:41:00+00:00,1815.199951171875,1815.199951171875,1815.9000244140625,1815.0,1815.199951171875,10935
2026-04-24 07:42:00+00:00,1815.199951171875,1815.199951171875,1815.300048828125,1815.0,1815.0,7461
2026-04-24 07:43:00+00:00,1815.300048828125,1815.300048828125,1815.300048828125,1815.0999755859375,1815.199951171875,8832
2026-04-24 07:44:00+00:00,1815.199951171875,1815.199951171875,1815.300048828125,1815.199951171875,1815.300048828125,13412
2026-04-24 07:45:00+00:00,1815.199951171875,1815.199951171875,1815.4000244140625,1815.199951171875,1815.199951171875,3701
2026-04-24 07:46:00+00:00,1816.0,1816.0,1816.4000244140625,1815.199951171875,1815.4000244140625,27941
2026-04-24 07:47:00+00:00,1815.5999755859375,1815.5999755859375,1816.5999755859375,1815.5999755859375,1816.0,16274
2026-04-24 07:48:00+00:00,1815.800048828125,1815.800048828125,1816.4000244140625,1815.4000244140625,1815.5,3750
2026-04-24 07:49:00+00:00,1815.9000244140625,1815.9000244140625,1816.0,1815.4000244140625,1815.9000244140625,4357
2026-04-24 07:50:00+00:00,1815.5999755859375,1815.5999755859375,1815.9000244140625,1815.199951171875,1815.5999755859375,5154
2026-04-24 07:51:00+00:00,1815.199951171875,1815.199951171875,1815.5,1815.0,1815.199951171875,19067
2026-04-24 07:52:00+00:00,1815.5999755859375,1815.5999755859375,1815.800048828125,1815.199951171875,1815.199951171875,11397
2026-04-24 07:53:00+00:00,1816.0,1816.0,1816.0999755859375,1815.5,1815.5,10562
2026-04-24 07:54:00+00:00,1816.0,1816.0,1816.0999755859375,1815.5,1816.0,11581
2026-04-24 07:55:00+00:00,1816.0,1816.0,1816.199951171875,1815.5,1815.5,17533
2026-04-24 07:56:00+00:00,1816.0,1816.0,1816.0999755859375,1815.9000244140625,1816.0999755859375,7992
2026-04-24 07:57:00+00:00,1816.0999755859375,1816.0999755859375,1816.0999755859375,1816.0,1816.0999755859375,5589
2026-04-24 07:58:00+00:00,1816.0999755859375,1816.0999755859375,1816.0999755859375,1816.0,1816.0,7394
2026-04-24 07:59:00+00:00,1815.5999755859375,1815.5999755859375,1816.0999755859375,1815.4000244140625,1816.0999755859375,8700
2026-04-24 08:00:00+00:00,1815.4000244140625,1815.4000244140625,1816.0,1815.300048828125,1815.5999755859375,5146
2026-04-24 08:01:00+00:00,1815.5999755859375,1815.5999755859375,1816.300048828125,1815.300048828125,1816.0,8650
2026-04-24 08:02:00+00:00,1815.5999755859375,1815.5999755859375,1816.0999755859375,1815.199951171875,1815.5999755859375,5820
2026-04-24 08:03:00+00:00,1815.0,1815.0,1815.800048828125,1815.0,1815.5999755859375,24554
2026-04-24 08:04:00+00:00,1815.199951171875,1815.199951171875,1815.5,1815.0,1815.4000244140625,31294
2026-04-24 08:05:00+00:00,1815.0,1815.0,1815.5999755859375,1815.0,1815.300048828125,15929
2026-04-24 08:06:00+00:00,1815.300048828125,1815.300048828125,1815.9000244140625,1815.199951171875,1815.5999755859375,5923
2026-04-24 08:07:00+00:00,1815.4000244140625,1815.4000244140625,1815.5999755859375,1815.0,1815.5,4756
2026-04-24 08:08:00+00:00,1815.0999755859375,1815.0999755859375,1816.5999755859375,1814.9000244140625,1815.4000244140625,74824
2026-04-24 08:09:00+00:00,1815.0,1815.0,1815.699951171875,1814.9000244140625,1815.5,4076
2026-04-24 08:10:00+00:00,1812.300048828125,1812.300048828125,1815.199951171875,1812.0,1814.699951171875,73310
2026-04-24 08:11:00+00:00,1810.199951171875,1810.199951171875,1812.9000244140625,1810.199951171875,1812.300048828125,21981
2026-04-24 08:12:00+00:00,1809.199951171875,1809.199951171875,1810.300048828125,1809.0,1810.0,41340
2026-04-24 08:13:00+00:00,1809.0,1809.0,1809.800048828125,1807.9000244140625,1809.800048828125,120987
2026-04-24 08:14:00+00:00,1808.699951171875,1808.699951171875,1810.0999755859375,1807.9000244140625,1808.699951171875,32465
2026-04-24 08:15:00+00:00,1808.5999755859375,1808.5999755859375,1809.800048828125,1808.300048828125,1808.699951171875,8103
2026-04-24 08:16:00+00:00,1808.5999755859375,1808.5999755859375,1809.300048828125,1808.5999755859375,1809.199951171875,8685
2026-04-24 08:17:00+00:00,1809.0999755859375,1809.0999755859375,1809.199951171875,1808.699951171875,1809.0,10867
2026-04-24 08:18:00+00:00,1809.0999755859375,1809.0999755859375,1809.199951171875,1808.5,1809.0999755859375,5533
2026-04-24 08:19:00+00:00,1808.9000244140625,1808.9000244140625,1809.0999755859375,1808.5999755859375,1809.0999755859375,6779
2026-04-24 08:20:00+00:00,1808.9000244140625,1808.9000244140625,1809.0,1808.5999755859375,1808.699951171875,4225
2026-04-24 08:21:00+00:00,1808.699951171875,1808.699951171875,1808.9000244140625,1808.5,1808.800048828125,8868
2026-04-24 08:22:00+00:00,1808.5999755859375,1808.5999755859375,1808.5999755859375,1808.199951171875,1808.5999755859375,4571
2026-04-24 08:23:00+00:00,1808.699951171875,1808.699951171875,1808.699951171875,1808.0999755859375,1808.5,11636
2026-04-24 08:24:00+00:00,1809.4000244140625,1809.4000244140625,1809.9000244140625,1808.5,1808.699951171875,35099
2026-04-24 08:25:00+00:00,1809.0999755859375,1809.0999755859375,1809.5,1809.0,1809.5,5725
2026-04-24 08:26:00+00:00,1809.199951171875,1809.199951171875,1809.4000244140625,1808.5,1809.0,7162
2026-04-24 08:27:00+00:00,1809.199951171875,1809.199951171875,1809.199951171875,1808.300048828125,1809.199951171875,4764
2026-04-24 08:28:00+00:00,1809.5999755859375,1809.5999755859375,1809.5999755859375,1808.699951171875,1809.0999755859375,10706
2026-04-24 08:29:00+00:00,1809.9000244140625,1809.9000244140625,1810.0,1809.4000244140625,1809.5999755859375,11266
2026-04-24 08:30:00+00:00,1809.800048828125,1809.800048828125,1809.9000244140625,1808.800048828125,1809.699951171875,25405
2026-04-24 08:31:00+00:00,1809.9000244140625,1809.9000244140625,1810.0,1808.699951171875,1810.0,15773
2026-04-24 08:32:00+00:00,1809.9000244140625,1809.9000244140625,1810.0,1809.5,1809.800048828125,7171
2026-04-24 08:33:00+00:00,1810.0,1810.0,1810.0,1809.699951171875,1809.9000244140625,8843
2026-04-24 08:34:00+00:00,1809.199951171875,1809.199951171875,1810.0,1808.9000244140625,1809.699951171875,19574
2026-04-24 08:35:00+00:00,1809.5,1809.5,1809.5,1808.5999755859375,1809.0,7719
2026-04-24 08:36:00+00:00,1809.5999755859375,1809.5999755859375,1809.5999755859375,1808.5,1809.0,7923
2026-04-24 08:37:00+00:00,1809.5,1809.5,1810.0,1809.0,1809.0,12715
2026-04-24 08:38:00+00:00,1809.800048828125,1809.800048828125,1809.9000244140625,1809.5999755859375,1809.699951171875,11410
2026-04-24 08:39:00+00:00,1810.5999755859375,1810.5999755859375,1811.199951171875,1809.5999755859375,1810.0,161701
2026-04-24 08:40:00+00:00,1809.699951171875,1809.699951171875,1810.699951171875,1809.5,1810.699951171875,43128
2026-04-24 08:41:00+00:00,1810.5999755859375,1810.5999755859375,1810.5999755859375,1809.699951171875,1810.199951171875,14794
2026-04-24 08:42:00+00:00,1810.5,1810.5,1810.5999755859375,1810.300048828125,1810.4000244140625,12261
2026-04-24 08:43:00+00:00,1809.5999755859375,1809.5999755859375,1810.5999755859375,1809.5999755859375,1810.5999755859375,40675
2026-04-24 08:44:00+00:00,1809.4000244140625,1809.4000244140625,1809.5999755859375,1808.800048828125,1809.4000244140625,16120
2026-04-24 08:45:00+00:00,1809.4000244140625,1809.4000244140625,1809.5,1809.0,1809.4000244140625,10945
2026-04-24 08:46:00+00:00,1809.800048828125,1809.800048828125,1809.800048828125,1809.4000244140625,1809.4000244140625,15536
2026-04-24 08:47:00+00:00,1809.0,1809.0,1810.0,1809.0,1809.800048828125,27065
2026-04-24 08:48:00+00:00,1809.0,1809.0,1809.199951171875,1808.800048828125,1808.800048828125,12322
2026-04-24 08:49:00+00:00,1809.300048828125,1809.300048828125,1809.800048828125,1809.0,1809.0999755859375,13630
2026-04-24 08:50:00+00:00,1809.0999755859375,1809.0999755859375,1809.300048828125,1809.0999755859375,1809.300048828125,10791
2026-04-24 08:51:00+00:00,1809.0999755859375,1809.0999755859375,1809.199951171875,1808.4000244140625,1809.0999755859375,11660
2026-04-24 08:52:00+00:00,1808.9000244140625,1808.9000244140625,1809.0,1808.699951171875,1809.0,13277
2026-04-24 08:53:00+00:00,1808.199951171875,1808.199951171875,1809.199951171875,1807.5999755859375,1809.0,48779
2026-04-24 08:54:00+00:00,1808.699951171875,1808.699951171875,1808.699951171875,1807.5999755859375,1808.199951171875,11333
2026-04-24 08:55:00+00:00,1809.0,1809.0,1809.199951171875,1807.4000244140625,1808.699951171875,18818
2026-04-24 08:56:00+00:00,1809.300048828125,1809.300048828125,1810.0,1808.800048828125,1809.0,31529
2026-04-24 08:57:00+00:00,1810.0,1810.0,1810.0,1809.199951171875,1809.800048828125,50920
2026-04-24 08:58:00+00:00,1810.0,1810.0,1810.0,1809.800048828125,1810.0,21647
2026-04-24 08:59:00+00:00,1812.0,1812.0,1812.4000244140625,1809.9000244140625,1810.0,69254
2026-04-24 09:00:00+00:00,1814.199951171875,1814.199951171875,1814.199951171875,1811.9000244140625,1811.9000244140625,18872
2026-04-24 09:01:00+00:00,1814.5,1814.5,1815.0,1814.0,1814.0,18798
2026-04-24 09:02:00+00:00,1814.699951171875,1814.699951171875,1814.699951171875,1813.9000244140625,1814.300048828125,14445
2026-04-24 09:03:00+00:00,1814.9000244140625,1814.9000244140625,1814.9000244140625,1814.800048828125,1814.9000244140625,5882
2026-04-24 09:04:00+00:00,1816.5,1816.5,1816.5999755859375,1815.300048828125,1815.9000244140625,26039
2026-04-24 09:05:00+00:00,1817.699951171875,1817.699951171875,1818.800048828125,1816.5999755859375,1817.0,71980
2026-04-24 09:06:00+00:00,1818.300048828125,1818.300048828125,1818.800048828125,1817.5999755859375,1817.5999755859375,11065
2026-04-24 09:07:00+00:00,1817.0999755859375,1817.0999755859375,1818.5999755859375,1816.5,1818.5999755859375,7506
2026-04-24 09:08:00+00:00,1817.4000244140625,1817.4000244140625,1818.0,1817.199951171875,1817.199951171875,10479
2026-04-24 09:09:00+00:00,1817.699951171875,1817.699951171875,1817.9000244140625,1817.300048828125,1817.9000244140625,7457
2026-04-24 09:10:00+00:00,1816.5,1816.5,1817.9000244140625,1816.5,1817.9000244140625,11616
2026-04-24 09:11:00+00:00,1817.0,1817.0,1817.0,1816.699951171875,1816.699951171875,7834
2026-04-24 09:12:00+00:00,1817.300048828125,1817.300048828125,1817.300048828125,1816.9000244140625,1816.9000244140625,10464
2026-04-24 09:13:00+00:00,1817.199951171875,1817.199951171875,1817.300048828125,1816.699951171875,1816.9000244140625,9609
2026-04-24 09:14:00+00:00,1818.300048828125,1818.300048828125,1818.5,1817.4000244140625,1817.4000244140625,14108
2026-04-24 09:15:00+00:00,1819.9000244140625,1819.9000244140625,1819.9000244140625,1818.300048828125,1818.300048828125,12841
2026-04-24 09:16:00+00:00,1819.5,1819.5,1819.699951171875,1819.4000244140625,1819.5999755859375,5424
2026-04-24 09:17:00+00:00,1819.0,1819.0,1819.4000244140625,1818.800048828125,1819.4000244140625,6767
2026-04-24 09:18:00+00:00,1817.699951171875,1817.699951171875,1819.199951171875,1817.699951171875,1819.0,7573
2026-04-24 09:19:00+00:00,1818.800048828125,1818.800048828125,1819.0,1817.5,1818.0999755859375,12543
2026-04-24 09:20:00+00:00,1819.0,1819.0,1819.0,1818.300048828125,1818.699951171875,7901
2026-04-24 09:21:00+00:00,1821.0,1821.0,1821.0,1818.9000244140625,1818.9000244140625,30202
2026-04-24 09:22:00+00:00,1818.9000244140625,1818.9000244140625,1821.5,1818.9000244140625,1821.0,19513
2026-04-24 09:23:00+00:00,1819.699951171875,1819.699951171875,1820.0,1818.800048828125,1818.800048828125,9824
2026-04-24 09:24:00+00:00,1819.699951171875,1819.699951171875,1819.800048828125,1819.0999755859375,1819.800048828125,9264
2026-04-24 09:25:00+00:00,1819.300048828125,1819.300048828125,1819.800048828125,1818.800048828125,1819.800048828125,9303
2026-04-24 09:26:00+00:00,1819.5,1819.5,1819.699951171875,1818.9000244140625,1819.5,10714
2026-04-24 09:27:00+00:00,1819.0,1819.0,1819.9000244140625,1818.699951171875,1819.699951171875,10722
2026-04-24 09:28:00+00:00,1818.800048828125,1818.800048828125,1819.0,1817.199951171875,1818.9000244140625,36095
2026-04-24 09:29:00+00:00,1819.0999755859375,1819.0999755859375,1819.300048828125,1818.800048828125,1818.800048828125,9357
2026-04-24 09:30:00+00:00,1818.199951171875,1818.199951171875,1819.0999755859375,1818.0999755859375,1818.300048828125,28680
2026-04-24 09:31:00+00:00,1816.5999755859375,1816.5999755859375,1818.0999755859375,1816.5999755859375,1818.0999755859375,23980
2026-04-24 09:32:00+00:00,1816.5,1816.5,1816.699951171875,1816.4000244140625,1816.5999755859375,24731
2026-04-24 09:33:00+00:00,1816.300048828125,1816.300048828125,1816.9000244140625,1816.300048828125,1816.9000244140625,37424
2026-04-24 09:34:00+00:00,1815.300048828125,1815.300048828125,1816.0,1815.300048828125,1816.0,33547
2026-04-24 09:35:00+00:00,1814.4000244140625,1814.4000244140625,1815.5999755859375,1814.0999755859375,1815.0999755859375,29817
2026-04-24 09:36:00+00:00,1814.800048828125,1814.800048828125,1814.800048828125,1813.199951171875,1814.300048828125,36941
2026-04-24 09:37:00+00:00,1814.0999755859375,1814.0999755859375,1814.5999755859375,1814.0,1814.5999755859375,32100
2026-04-24 09:38:00+00:00,1813.0999755859375,1813.0999755859375,1814.300048828125,1813.0999755859375,1814.199951171875,33878
2026-04-24 09:39:00+00:00,1813.199951171875,1813.199951171875,1814.0,1812.9000244140625,1813.4000244140625,39033
2026-04-24 09:40:00+00:00,1812.800048828125,1812.800048828125,1813.699951171875,1812.5999755859375,1813.0999755859375,38724
2026-04-24 09:41:00+00:00,1813.300048828125,1813.300048828125,1813.699951171875,1812.5999755859375,1812.699951171875,31926
2026-04-24 09:42:00+00:00,1813.4000244140625,1813.4000244140625,1813.800048828125,1813.0999755859375,1813.300048828125,35423
2026-04-24 09:43:00+00:00,1813.4000244140625,1813.4000244140625,1813.4000244140625,1813.0999755859375,1813.4000244140625,27701
2026-04-24 09:44:00+00:00,1813.4000244140625,1813.4000244140625,1813.4000244140625,1812.800048828125,1813.300048828125,34377
2026-04-24 09:45:00+00:00,1813.0999755859375,1813.0999755859375,1813.5999755859375,1813.0,1813.300048828125,33583
2026-04-24 09:46:00+00:00,1813.5999755859375,1813.5999755859375,1813.699951171875,1813.0,1813.0,54588
2026-04-24 09:47:00+00:00,1814.300048828125,1814.300048828125,1814.5999755859375,1813.300048828125,1813.300048828125,48380
2026-04-24 09:48:00+00:00,1814.0999755859375,1814.0999755859375,1814.699951171875,1814.0,1814.300048828125,44330
2026-04-24 09:49:00+00:00,1814.800048828125,1814.800048828125,1815.0,1814.0,1814.4000244140625,51261
2026-04-24 09:50:00+00:00,1814.9000244140625,1814.9000244140625,1815.0,1814.5,1814.5,53354
2026-04-24 09:51:00+00:00,1814.4000244140625,1814.4000244140625,1815.0,1814.4000244140625,1814.9000244140625,45531
2026-04-24 09:52:00+00:00,1814.0999755859375,1814.0999755859375,1814.800048828125,1814.0,1814.4000244140625,38759
2026-04-24 09:53:00+00:00,1814.5999755859375,1814.5999755859375,1814.800048828125,1813.9000244140625,1813.9000244140625,45941
2026-04-24 09:54:00+00:00,1815.0999755859375,1815.0999755859375,1815.199951171875,1814.0999755859375,1814.699951171875,49915
2026-04-24 09:55:00+00:00,1815.5,1815.5,1815.5,1814.5999755859375,1815.4000244140625,35962
2026-04-24 09:56:00+00:00,1815.300048828125,1815.300048828125,1816.4000244140625,1814.9000244140625,1815.0,39119
2026-04-24 09:57:00+00:00,1814.9000244140625,1814.9000244140625,1815.800048828125,1814.9000244140625,1815.199951171875,38653
2026-04-24 09:58:00+00:00,1814.4000244140625,1814.4000244140625,1815.4000244140625,1814.0999755859375,1815.300048828125,45425
2026-04-24 09:59:00+00:00,1817.0,1817.0,1819.0,1814.0,1815.0999755859375,10325
2026-04-27 03:45:00+00:00,1824.5,1824.5,1827.5,1818.699951171875,1818.699951171875,0
2026-04-27 03:46:00+00:00,1820.800048828125,1820.800048828125,1828.4000244140625,1820.5,1824.5999755859375,48427
2026-04-27 03:47:00+00:00,1819.300048828125,1819.300048828125,1823.4000244140625,1819.300048828125,1822.199951171875,21943
2026-04-27 03:48:00+00:00,1820.300048828125,1820.300048828125,1821.5999755859375,1818.699951171875,1819.800048828125,24070
2026-04-27 03:49:00+00:00,1823.0,1823.0,1823.300048828125,1820.5,1820.5,18278
2026-04-27 03:50:00+00:00,1822.0,1822.0,1823.5,1822.0,1822.5,17878
2026-04-27 03:51:00+00:00,1821.300048828125,1821.300048828125,1822.300048828125,1821.300048828125,1822.300048828125,16477
2026-04-27 03:52:00+00:00,1822.5,1822.5,1822.800048828125,1821.9000244140625,1821.9000244140625,9671
2026-04-27 03:53:00+00:00,1822.699951171875,1822.699951171875,1822.699951171875,1820.800048828125,1822.199951171875,25829
2026-04-27 03:54:00+00:00,1824.5,1824.5,1825.0,1822.300048828125,1822.5,24027
2026-04-27 03:55:00+00:00,1826.300048828125,1826.300048828125,1826.5999755859375,1825.0999755859375,1825.0999755859375,19141
2026-04-27 03:56:00+00:00,1825.300048828125,1825.300048828125,1827.300048828125,1825.300048828125,1827.199951171875,13618
2026-04-27 03:57:00+00:00,1826.199951171875,1826.199951171875,1826.699951171875,1825.199951171875,1825.5999755859375,10086
2026-04-27 03:58:00+00:00,1825.4000244140625,1825.4000244140625,1826.800048828125,1825.4000244140625,1826.0999755859375,9410
2026-04-27 03:59:00+00:00,1822.5,1822.5,1825.0,1822.300048828125,1824.800048828125,14738
2026-04-27 04:00:00+00:00,1821.199951171875,1821.199951171875,1823.0999755859375,1820.199951171875,1822.4000244140625,15603
2026-04-27 04:01:00+00:00,1821.9000244140625,1821.9000244140625,1823.0,1821.0,1821.699951171875,8857
2026-04-27 04:02:00+00:00,1820.0999755859375,1820.0999755859375,1822.0999755859375,1819.199951171875,1821.9000244140625,12068
2026-04-27 04:03:00+00:00,1819.0,1819.0,1820.5999755859375,1818.199951171875,1818.199951171875,14004
2026-04-27 04:04:00+00:00,1819.9000244140625,1819.9000244140625,1820.699951171875,1819.9000244140625,1820.0,7025
2026-04-27 04:05:00+00:00,1822.0,1822.0,1822.300048828125,1820.300048828125,1820.300048828125,10308
2026-04-27 04:06:00+00:00,1822.9000244140625,1822.9000244140625,1823.0,1822.0999755859375,1822.5999755859375,4507
2026-04-27 04:07:00+00:00,1823.5999755859375,1823.5999755859375,1823.5999755859375,1823.0,1823.199951171875,6938
2026-04-27 04:08:00+00:00,1822.5999755859375,1822.5999755859375,1823.699951171875,1822.0999755859375,1823.5,11301
2026-04-27 04:09:00+00:00,1821.800048828125,1821.800048828125,1822.9000244140625,1821.800048828125,1822.4000244140625,7078
2026-04-27 04:10:00+00:00,1821.800048828125,1821.800048828125,1822.300048828125,1821.800048828125,1821.800048828125,7229
2026-04-27 04:11:00+00:00,1820.199951171875,1820.199951171875,1821.5,1819.699951171875,1821.5,12976
2026-04-27 04:12:00+00:00,1819.199951171875,1819.199951171875,1820.5999755859375,1819.199951171875,1819.5999755859375,12226
2026-04-27 04:13:00+00:00,1819.4000244140625,1819.4000244140625,1819.5,1819.0999755859375,1819.5,5260
2026-04-27 04:14:00+00:00,1819.5999755859375,1819.5999755859375,1819.5999755859375,1818.9000244140625,1819.4000244140625,6620
2026-04-27 04:15:00+00:00,1819.0,1819.0,1819.5999755859375,1819.0,1819.5999755859375,7123
2026-04-27 04:16:00+00:00,1819.5999755859375,1819.5999755859375,1819.5999755859375,1818.199951171875,1818.9000244140625,6959
2026-04-27 04:17:00+00:00,1819.0,1819.0,1819.699951171875,1818.800048828125,1819.699951171875,3990
2026-04-27 04:18:00+00:00,1820.300048828125,1820.300048828125,1820.300048828125,1818.800048828125,1818.9000244140625,12251
2026-04-27 04:19:00+00:00,1821.699951171875,1821.699951171875,1821.699951171875,1821.0,1821.199951171875,7542
2026-04-27 04:20:00+00:00,1822.5999755859375,1822.5999755859375,1823.0999755859375,1821.0999755859375,1821.0999755859375,9837
2026-04-27 04:21:00+00:00,1821.199951171875,1821.199951171875,1822.5,1821.0999755859375,1822.5,7030
2026-04-27 04:22:00+00:00,1821.300048828125,1821.300048828125,1821.300048828125,1820.5999755859375,1821.0,5176
2026-04-27 04:23:00+00:00,1821.0,1821.0,1821.199951171875,1820.0,1821.0,8078
2026-04-27 04:24:00+00:00,1819.9000244140625,1819.9000244140625,1820.5,1819.9000244140625,1820.5,7698
2026-04-27 04:25:00+00:00,1819.5,1819.5,1820.199951171875,1819.300048828125,1819.300048828125,17178
2026-04-27 04:26:00+00:00,1818.699951171875,1818.699951171875,1819.4000244140625,1818.199951171875,1819.4000244140625,7599
2026-04-27 04:27:00+00:00,1818.5999755859375,1818.5999755859375,1818.699951171875,1818.199951171875,1818.4000244140625,4364
2026-04-27 04:28:00+00:00,1819.4000244140625,1819.4000244140625,1820.0,1819.0,1819.0,10483
2026-04-27 04:29:00+00:00,1819.5,1819.5,1819.5,1819.199951171875,1819.199951171875,3892
2026-04-27 04:30:00+00:00,1818.9000244140625,1818.9000244140625,1820.0,1818.800048828125,1819.4000244140625,9864
2026-04-27 04:31:00+00:00,1819.300048828125,1819.300048828125,1819.9000244140625,1818.300048828125,1818.9000244140625,11927
2026-04-27 04:32:00+00:00,1822.199951171875,1822.199951171875,1822.199951171875,1819.5999755859375,1819.5999755859375,12755
2026-04-27 04:33:00+00:00,1821.0,1821.0,1822.0999755859375,1820.5,1822.0999755859375,4915
2026-04-27 04:34:00+00:00,1821.9000244140625,1821.9000244140625,1822.199951171875,1821.4000244140625,1821.4000244140625,4642
2026-04-27 04:35:00+00:00,1820.5,1820.5,1821.5,1820.5,1821.5,2894
2026-04-27 04:36:00+00:00,1821.0999755859375,1821.0999755859375,1821.0999755859375,1820.0,1820.5999755859375,6088
2026-04-27 04:37:00+00:00,1820.699951171875,1820.699951171875,1820.9000244140625,1820.4000244140625,1820.9000244140625,5169
2026-04-27 04:38:00+00:00,1821.9000244140625,1821.9000244140625,1822.4000244140625,1821.0999755859375,1821.0999755859375,8654
2026-04-27 04:39:00+00:00,1820.800048828125,1820.800048828125,1821.699951171875,1820.199951171875,1821.699951171875,7620
2026-04-27 04:40:00+00:00,1819.0999755859375,1819.0999755859375,1820.800048828125,1819.0,1820.800048828125,5704
2026-04-27 04:41:00+00:00,1819.9000244140625,1819.9000244140625,1819.9000244140625,1819.5999755859375,1819.699951171875,5799
2026-04-27 04:42:00+00:00,1819.5,1819.5,1820.0,1819.300048828125,1819.9000244140625,5185
2026-04-27 04:43:00+00:00,1818.9000244140625,1818.9000244140625,1819.0,1818.9000244140625,1819.0,6584
2026-04-27 04:44:00+00:00,1817.5,1817.5,1818.800048828125,1817.5,1818.800048828125,8077
2026-04-27 04:45:00+00:00,1818.4000244140625,1818.4000244140625,1818.4000244140625,1817.199951171875,1817.199951171875,18189
2026-04-27 04:46:00+00:00,1818.0,1818.0,1819.0,1818.0,1818.300048828125,26082
2026-04-27 04:47:00+00:00,1818.0,1818.0,1818.0999755859375,1817.9000244140625,1818.0,12371
2026-04-27 04:48:00+00:00,1818.800048828125,1818.800048828125,1819.4000244140625,1817.9000244140625,1817.9000244140625,13298
2026-04-27 04:49:00+00:00,1821.4000244140625,1821.4000244140625,1821.5,1819.199951171875,1819.199951171875,8474
2026-04-27 04:50:00+00:00,1820.0999755859375,1820.0999755859375,1821.5,1819.699951171875,1821.0,7423
2026-04-27 04:51:00+00:00,1819.5999755859375,1819.5999755859375,1820.5,1819.5999755859375,1820.5,6301
2026-04-27 04:52:00+00:00,1820.0,1820.0,1820.4000244140625,1820.0,1820.0,2394
2026-04-27 04:53:00+00:00,1819.800048828125,1819.800048828125,1820.199951171875,1819.800048828125,1820.199951171875,3025
2026-04-27 04:54:00+00:00,1820.800048828125,1820.800048828125,1821.0,1819.9000244140625,1819.9000244140625,10265
2026-04-27 04:55:00+00:00,1820.699951171875,1820.699951171875,1820.9000244140625,1820.5999755859375,1820.800048828125,7324
2026-04-27 04:56:00+00:00,1819.9000244140625,1819.9000244140625,1820.800048828125,1819.9000244140625,1820.5999755859375,4781
2026-04-27 04:57:00+00:00,1820.0,1820.0,1820.0,1819.300048828125,1819.300048828125,4745
2026-04-27 04:58:00+00:00,1820.0,1820.0,1820.0,1819.800048828125,1819.9000244140625,6751
2026-04-27 04:59:00+00:00,1820.0,1820.0,1820.0,1820.0,1820.0,4691
2026-04-27 05:00:00+00:00,1818.5,1818.5,1820.0,1818.300048828125,1819.9000244140625,6667
2026-04-27 05:01:00+00:00,1816.199951171875,1816.199951171875,1818.300048828125,1816.199951171875,1818.300048828125,10766
2026-04-27 05:02:00+00:00,1816.4000244140625,1816.4000244140625,1816.800048828125,1815.800048828125,1815.800048828125,7356
2026-04-27 05:03:00+00:00,1815.800048828125,1815.800048828125,1816.5,1815.699951171875,1816.300048828125,6823
2026-04-27 05:04:00+00:00,1816.0,1816.0,1816.5,1815.699951171875,1815.699951171875,2881
2026-04-27 05:05:00+00:00,1816.0,1816.0,1816.0999755859375,1815.699951171875,1816.0,35976
2026-04-27 05:06:00+00:00,1816.0,1816.0,1816.0,1815.800048828125,1816.0,25833
2026-04-27 05:07:00+00:00,1816.0,1816.0,1817.0999755859375,1815.9000244140625,1815.9000244140625,47157
2026-04-27 05:08:00+00:00,1816.4000244140625,1816.4000244140625,1816.9000244140625,1815.9000244140625,1816.0,6765
2026-04-27 05:09:00+00:00,1815.0,1815.0,1815.9000244140625,1815.0,1815.9000244140625,8761
2026-04-27 05:10:00+00:00,1814.5999755859375,1814.5999755859375,1815.300048828125,1814.4000244140625,1815.199951171875,19936
2026-04-27 05:11:00+00:00,1815.4000244140625,1815.4000244140625,1816.0999755859375,1815.0999755859375,1815.0999755859375,9232
2026-04-27 05:12:00+00:00,1816.199951171875,1816.199951171875,1816.5999755859375,1815.5999755859375,1815.9000244140625,5982
2026-04-27 05:13:00+00:00,1815.5,1815.5,1816.300048828125,1814.9000244140625,1816.300048828125,20866
2026-04-27 05:14:00+00:00,1815.699951171875,1815.699951171875,1816.199951171875,1815.5,1815.699951171875,7082
2026-04-27 05:15:00+00:00,1814.9000244140625,1814.9000244140625,1815.9000244140625,1814.699951171875,1815.5999755859375,12105
2026-04-27 05:16:00+00:00,1814.5999755859375,1814.5999755859375,1814.699951171875,1814.300048828125,1814.5999755859375,7796
2026-04-27 05:17:00+00:00,1815.699951171875,1815.699951171875,1815.699951171875,1814.9000244140625,1815.0,6657
2026-04-27 05:18:00+00:00,1817.0,1817.0,1817.0,1815.699951171875,1815.699951171875,4886
2026-04-27 05:19:00+00:00,1817.9000244140625,1817.9000244140625,1817.9000244140625,1817.0,1817.0,7231
2026-04-27 05:20:00+00:00,1818.800048828125,1818.800048828125,1818.9000244140625,1818.0999755859375,1818.300048828125,5976
2026-04-27 05:21:00+00:00,1819.0,1819.0,1819.0,1818.0,1818.9000244140625,7135
2026-04-27 05:22:00+00:00,1818.4000244140625,1818.4000244140625,1819.0999755859375,1818.4000244140625,1818.699951171875,8091
2026-04-27 05:23:00+00:00,1819.0999755859375,1819.0999755859375,1819.0999755859375,1817.5,1818.199951171875,6587
2026-04-27 05:24:00+00:00,1818.5,1818.5,1819.0,1818.0,1818.9000244140625,7524
2026-04-27 05:25:00+00:00,1817.699951171875,1817.699951171875,1818.9000244140625,1817.699951171875,1818.800048828125,7985
2026-04-27 05:26:00+00:00,1818.199951171875,1818.199951171875,1818.199951171875,1817.5,1817.5999755859375,5886
2026-04-27 05:27:00+00:00,1817.5,1817.5,1818.300048828125,1817.5,1818.300048828125,3612
2026-04-27 05:28:00+00:00,1818.9000244140625,1818.9000244140625,1818.9000244140625,1817.5,1817.5,15950
2026-04-27 05:29:00+00:00,1821.300048828125,1821.300048828125,1821.300048828125,1818.9000244140625,1818.9000244140625,11958
2026-04-27 05:30:00+00:00,1821.0999755859375,1821.0999755859375,1821.0999755859375,1820.5999755859375,1821.0,3571
2026-04-27 05:31:00+00:00,1821.300048828125,1821.300048828125,1821.300048828125,1820.199951171875,1821.300048828125,6263
2026-04-27 05:32:00+00:00,1822.300048828125,1822.300048828125,1822.300048828125,1821.300048828125,1821.300048828125,5827
2026-04-27 05:33:00+00:00,1822.5,1822.5,1822.800048828125,1822.0,1822.0,8244
2026-04-27 05:34:00+00:00,1823.800048828125,1823.800048828125,1824.199951171875,1823.800048828125,1823.800048828125,7713
2026-04-27 05:35:00+00:00,1823.699951171875,1823.699951171875,1824.199951171875,1823.4000244140625,1823.800048828125,8287
2026-04-27 05:36:00+00:00,1822.800048828125,1822.800048828125,1823.699951171875,1822.199951171875,1823.0999755859375,6798
2026-04-27 05:37:00+00:00,1822.0999755859375,1822.0999755859375,1822.800048828125,1822.0,1822.800048828125,17660
2026-04-27 05:38:00+00:00,1821.199951171875,1821.199951171875,1822.300048828125,1821.0,1822.0999755859375,27380
2026-04-27 05:39:00+00:00,1819.5,1819.5,1821.0,1818.800048828125,1821.0,8010
2026-04-27 05:40:00+00:00,1819.5999755859375,1819.5999755859375,1819.9000244140625,1819.199951171875,1819.300048828125,2850
2026-04-27 05:41:00+00:00,1821.0,1821.0,1821.0,1819.4000244140625,1819.5999755859375,6020
2026-04-27 05:42:00+00:00,1822.0999755859375,1822.0999755859375,1822.0999755859375,1820.9000244140625,1820.9000244140625,3170
2026-04-27 05:43:00+00:00,1822.199951171875,1822.199951171875,1822.5,1821.9000244140625,1822.0,7160
2026-04-27 05:44:00+00:00,1824.0,1824.0,1824.0,1821.9000244140625,1822.699951171875,15809
2026-04-27 05:45:00+00:00,1823.9000244140625,1823.9000244140625,1824.4000244140625,1823.9000244140625,1824.0,3390
2026-04-27 05:46:00+00:00,1824.300048828125,1824.300048828125,1824.4000244140625,1823.9000244140625,1823.9000244140625,2968
2026-04-27 05:47:00+00:00,1825.800048828125,1825.800048828125,1825.800048828125,1824.9000244140625,1824.9000244140625,8880
2026-04-27 05:48:00+00:00,1825.800048828125,1825.800048828125,1825.9000244140625,1825.5,1825.5,3306
2026-04-27 05:49:00+00:00,1826.0,1826.0,1826.0,1825.699951171875,1825.699951171875,5294
2026-04-27 05:50:00+00:00,1824.699951171875,1824.699951171875,1826.0,1824.0999755859375,1826.0,9949
2026-04-27 05:51:00+00:00,1825.0,1825.0,1825.4000244140625,1824.199951171875,1824.199951171875,5102
2026-04-27 05:52:00+00:00,1824.800048828125,1824.800048828125,1825.300048828125,1824.699951171875,1825.0,2433
2026-04-27 05:53:00+00:00,1825.0,1825.0,1825.300048828125,1824.800048828125,1824.800048828125,7504
2026-04-27 05:54:00+00:00,1824.800048828125,1824.800048828125,1825.5999755859375,1824.800048828125,1825.199951171875,3112
2026-04-27 05:55:00+00:00,1824.699951171875,1824.699951171875,1824.9000244140625,1824.300048828125,1824.300048828125,3653
2026-04-27 05:56:00+00:00,1823.199951171875,1823.199951171875,1824.9000244140625,1823.199951171875,1824.9000244140625,6926
2026-04-27 05:57:00+00:00,1822.9000244140625,1822.9000244140625,1823.9000244140625,1822.9000244140625,1823.300048828125,2262
2026-04-27 05:58:00+00:00,1822.5999755859375,1822.5999755859375,1823.800048828125,1822.0,1822.9000244140625,7170
2026-04-27 05:59:00+00:00,1822.4000244140625,1822.4000244140625,1823.0,1822.199951171875,1822.5999755859375,3195
2026-04-27 06:00:00+00:00,1821.5,1821.5,1822.300048828125,1820.800048828125,1822.300048828125,3390
2026-04-27 06:01:00+00:00,1822.4000244140625,1822.4000244140625,1822.4000244140625,1821.5999755859375,1821.699951171875,9585
2026-04-27 06:02:00+00:00,1822.0999755859375,1822.0999755859375,1822.5,1821.9000244140625,1822.4000244140625,8231
2026-04-27 06:03:00+00:00,1822.0999755859375,1822.0999755859375,1822.0999755859375,1821.4000244140625,1821.9000244140625,14871
2026-04-27 06:04:00+00:00,1821.5999755859375,1821.5999755859375,1822.5,1821.4000244140625,1822.0,10258
2026-04-27 06:05:00+00:00,1820.4000244140625,1820.4000244140625,1821.5,1820.0,1821.4000244140625,15464
2026-04-27 06:06:00+00:00,1820.0999755859375,1820.0999755859375,1821.0,1820.0,1820.4000244140625,4748
2026-04-27 06:07:00+00:00,1819.800048828125,1819.800048828125,1820.0999755859375,1819.0999755859375,1820.0,5936
2026-04-27 06:08:00+00:00,1819.300048828125,1819.300048828125,1819.5999755859375,1818.0,1819.5,13869
2026-04-27 06:09:00+00:00,1820.300048828125,1820.300048828125,1820.4000244140625,1818.4000244140625,1818.699951171875,11820
2026-04-27 06:10:00+00:00,1820.800048828125,1820.800048828125,1820.800048828125,1819.699951171875,1819.9000244140625,3061
2026-04-27 06:11:00+00:00,1822.5,1822.5,1822.5,1820.800048828125,1820.800048828125,30789
2026-04-27 06:12:00+00:00,1822.4000244140625,1822.4000244140625,1822.5,1822.199951171875,1822.5,4833
2026-04-27 06:13:00+00:00,1822.5,1822.5,1823.300048828125,1822.0,1822.300048828125,10141
2026-04-27 06:14:00+00:00,1822.5,1822.5,1822.699951171875,1822.4000244140625,1822.5,1753
2026-04-27 06:15:00+00:00,1820.9000244140625,1820.9000244140625,1822.4000244140625,1820.5999755859375,1822.4000244140625,13191
2026-04-27 06:16:00+00:00,1821.9000244140625,1821.9000244140625,1821.9000244140625,1820.199951171875,1821.0,13631
2026-04-27 06:17:00+00:00,1821.9000244140625,1821.9000244140625,1822.4000244140625,1821.5999755859375,1821.699951171875,2733
2026-04-27 06:18:00+00:00,1822.800048828125,1822.800048828125,1822.800048828125,1821.9000244140625,1821.9000244140625,9569
2026-04-27 06:19:00+00:00,1822.800048828125,1822.800048828125,1822.800048828125,1822.300048828125,1822.300048828125,2371
2026-04-27 06:20:00+00:00,1823.4000244140625,1823.4000244140625,1823.4000244140625,1822.699951171875,1822.800048828125,3962
2026-04-27 06:21:00+00:00,1821.9000244140625,1821.9000244140625,1823.9000244140625,1821.9000244140625,1823.4000244140625,3371
2026-04-27 06:22:00+00:00,1821.9000244140625,1821.9000244140625,1822.0,1821.699951171875,1821.800048828125,1266
2026-04-27 06:23:00+00:00,1821.699951171875,1821.699951171875,1822.9000244140625,1821.699951171875,1822.0,8027
2026-04-27 06:24:00+00:00,1822.199951171875,1822.199951171875,1822.9000244140625,1821.5999755859375,1821.800048828125,3957
2026-04-27 06:25:00+00:00,1823.0,1823.0,1823.0,1822.199951171875,1822.699951171875,3928
2026-04-27 06:26:00+00:00,1822.5999755859375,1822.5999755859375,1823.0,1822.199951171875,1822.800048828125,3149
2026-04-27 06:27:00+00:00,1822.699951171875,1822.699951171875,1822.699951171875,1821.9000244140625,1822.5999755859375,6068
2026-04-27 06:28:00+00:00,1823.4000244140625,1823.4000244140625,1823.5,1822.5999755859375,1822.699951171875,4104
2026-04-27 06:29:00+00:00,1823.0999755859375,1823.0999755859375,1823.800048828125,1822.9000244140625,1822.9000244140625,2581
2026-04-27 06:30:00+00:00,1822.0,1822.0,1823.699951171875,1822.0,1823.699951171875,7350
2026-04-27 06:31:00+00:00,1822.699951171875,1822.699951171875,1823.0,1822.300048828125,1822.5999755859375,4318
2026-04-27 06:32:00+00:00,1822.0,1822.0,1822.800048828125,1822.0,1822.5999755859375,3522
2026-04-27 06:33:00+00:00,1821.800048828125,1821.800048828125,1822.699951171875,1821.800048828125,1822.0999755859375,5596
2026-04-27 06:34:00+00:00,1822.199951171875,1822.199951171875,1822.800048828125,1822.0,1822.4000244140625,3838
2026-04-27 06:35:00+00:00,1822.9000244140625,1822.9000244140625,1822.9000244140625,1822.199951171875,1822.199951171875,7543
2026-04-27 06:36:00+00:00,1824.300048828125,1824.300048828125,1824.300048828125,1822.699951171875,1822.699951171875,4516
2026-04-27 06:37:00+00:00,1824.800048828125,1824.800048828125,1824.9000244140625,1824.4000244140625,1824.4000244140625,2624
2026-04-27 06:38:00+00:00,1823.5,1823.5,1824.9000244140625,1823.5,1824.9000244140625,5507
2026-04-27 06:39:00+00:00,1823.4000244140625,1823.4000244140625,1824.0,1823.0999755859375,1823.9000244140625,9300
2026-04-27 06:40:00+00:00,1824.5,1824.5,1824.5,1823.300048828125,1823.4000244140625,4036
2026-04-27 06:41:00+00:00,1824.5,1824.5,1825.0999755859375,1824.199951171875,1825.0999755859375,14594
2026-04-27 06:42:00+00:00,1824.0999755859375,1824.0999755859375,1824.9000244140625,1823.699951171875,1824.0,16710
2026-04-27 06:43:00+00:00,1824.9000244140625,1824.9000244140625,1824.9000244140625,1823.5999755859375,1823.5999755859375,3213
2026-04-27 06:44:00+00:00,1824.800048828125,1824.800048828125,1825.0999755859375,1824.5,1824.5999755859375,4492
2026-04-27 06:45:00+00:00,1824.5,1824.5,1824.9000244140625,1824.0,1824.9000244140625,5187
2026-04-27 06:46:00+00:00,1824.800048828125,1824.800048828125,1824.9000244140625,1824.199951171875,1824.5,3242
2026-04-27 06:47:00+00:00,1825.0,1825.0,1825.800048828125,1824.9000244140625,1824.9000244140625,5141
2026-04-27 06:48:00+00:00,1825.699951171875,1825.699951171875,1825.699951171875,1825.300048828125,1825.5,6349
2026-04-27 06:49:00+00:00,1825.199951171875,1825.199951171875,1825.800048828125,1825.199951171875,1825.699951171875,4674
2026-04-27 06:50:00+00:00,1824.5999755859375,1824.5999755859375,1824.9000244140625,1823.9000244140625,1824.4000244140625,6934
2026-04-27 06:51:00+00:00,1824.0,1824.0,1824.699951171875,1822.800048828125,1824.5,7786
2026-04-27 06:52:00+00:00,1823.800048828125,1823.800048828125,1824.5999755859375,1823.800048828125,1824.0,4860
2026-04-27 06:53:00+00:00,1823.9000244140625,1823.9000244140625,1824.5999755859375,1823.800048828125,1824.0999755859375,3379
2026-04-27 06:54:00+00:00,1823.699951171875,1823.699951171875,1823.9000244140625,1822.4000244140625,1823.800048828125,7500
2026-04-27 06:55:00+00:00,1823.5999755859375,1823.5999755859375,1824.0999755859375,1823.0999755859375,1823.699951171875,4611
2026-04-27 06:56:00+00:00,1824.699951171875,1824.699951171875,1824.699951171875,1823.800048828125,1823.800048828125,3087
2026-04-27 06:57:00+00:00,1825.4000244140625,1825.4000244140625,1825.4000244140625,1824.699951171875,1824.800048828125,7931
2026-04-27 06:58:00+00:00,1824.800048828125,1824.800048828125,1825.5,1824.800048828125,1825.5,4578
2026-04-27 06:59:00+00:00,1825.4000244140625,1825.4000244140625,1825.9000244140625,1824.9000244140625,1824.9000244140625,4622
2026-04-27 07:00:00+00:00,1825.5,1825.5,1825.9000244140625,1824.5999755859375,1825.5999755859375,8335
2026-04-27 07:01:00+00:00,1825.800048828125,1825.800048828125,1825.800048828125,1825.5,1825.5,3562
2026-04-27 07:02:00+00:00,1825.5999755859375,1825.5999755859375,1826.300048828125,1825.5999755859375,1825.699951171875,10628
2026-04-27 07:03:00+00:00,1826.0999755859375,1826.0999755859375,1826.300048828125,1825.800048828125,1825.9000244140625,7231
2026-04-27 07:04:00+00:00,1826.5,1826.5,1826.5,1826.0999755859375,1826.0999755859375,3021
2026-04-27 07:05:00+00:00,1826.800048828125,1826.800048828125,1826.9000244140625,1826.5,1826.5,3811
2026-04-27 07:06:00+00:00,1827.0,1827.0,1827.699951171875,1826.800048828125,1827.0,10981
2026-04-27 07:07:00+00:00,1826.699951171875,1826.699951171875,1827.5999755859375,1826.4000244140625,1827.199951171875,4342
2026-04-27 07:08:00+00:00,1825.300048828125,1825.300048828125,1827.0,1825.300048828125,1826.699951171875,6597
2026-04-27 07:09:00+00:00,1824.5,1824.5,1825.9000244140625,1824.5,1825.5999755859375,7391
2026-04-27 07:10:00+00:00,1825.4000244140625,1825.4000244140625,1825.4000244140625,1824.5,1824.800048828125,3867
2026-04-27 07:11:00+00:00,1825.199951171875,1825.199951171875,1825.5,1824.300048828125,1825.300048828125,4462
2026-04-27 07:12:00+00:00,1824.0,1824.0,1825.300048828125,1824.0,1825.300048828125,9072
2026-04-27 07:13:00+00:00,1824.4000244140625,1824.4000244140625,1824.699951171875,1823.4000244140625,1823.4000244140625,5717
2026-04-27 07:14:00+00:00,1824.300048828125,1824.300048828125,1824.800048828125,1823.800048828125,1824.300048828125,5197
2026-04-27 07:15:00+00:00,1824.800048828125,1824.800048828125,1824.9000244140625,1824.0,1824.4000244140625,3059
2026-04-27 07:16:00+00:00,1824.5999755859375,1824.5999755859375,1824.9000244140625,1823.5999755859375,1824.9000244140625,7975
2026-04-27 07:17:00+00:00,1825.300048828125,1825.300048828125,1825.300048828125,1824.5,1824.5999755859375,3654
2026-04-27 07:18:00+00:00,1823.9000244140625,1823.9000244140625,1825.199951171875,1823.800048828125,1825.199951171875,4279
2026-04-27 07:19:00+00:00,1825.0,1825.0,1825.300048828125,1824.0,1824.0,14005
2026-04-27 07:20:00+00:00,1825.0,1825.0,1825.300048828125,1824.199951171875,1824.5,2941
2026-04-27 07:21:00+00:00,1823.5999755859375,1823.5999755859375,1825.5999755859375,1823.5999755859375,1825.199951171875,12446
2026-04-27 07:22:00+00:00,1823.9000244140625,1823.9000244140625,1824.0999755859375,1823.199951171875,1823.4000244140625,6486
2026-04-27 07:23:00+00:00,1824.199951171875,1824.199951171875,1824.300048828125,1823.0,1823.5,3680
2026-04-27 07:24:00+00:00,1823.9000244140625,1823.9000244140625,1824.0,1823.5,1824.0,4458
2026-04-27 07:25:00+00:00,1823.800048828125,1823.800048828125,1824.0,1823.5,1823.9000244140625,6254
2026-04-27 07:26:00+00:00,1823.199951171875,1823.199951171875,1823.800048828125,1822.699951171875,1823.699951171875,6279
2026-04-27 07:27:00+00:00,1822.199951171875,1822.199951171875,1823.199951171875,1822.199951171875,1823.0999755859375,4013
2026-04-27 07:28:00+00:00,1822.199951171875,1822.199951171875,1823.0999755859375,1822.0,1822.5999755859375,11405
2026-04-27 07:29:00+00:00,1822.9000244140625,1822.9000244140625,1822.9000244140625,1822.0,1822.4000244140625,3717
2026-04-27 07:30:00+00:00,1823.0,1823.0,1823.0,1822.5999755859375,1822.9000244140625,8404
2026-04-27 07:31:00+00:00,1822.800048828125,1822.800048828125,1823.199951171875,1821.9000244140625,1823.0,6369
2026-04-27 07:32:00+00:00,1822.199951171875,1822.199951171875,1823.0999755859375,1821.4000244140625,1822.699951171875,3991
2026-04-27 07:33:00+00:00,1822.199951171875,1822.199951171875,1822.5999755859375,1820.5999755859375,1821.699951171875,6939
2026-04-27 07:34:00+00:00,1822.4000244140625,1822.4000244140625,1823.0,1822.0,1822.4000244140625,4619
2026-04-27 07:35:00+00:00,1820.9000244140625,1820.9000244140625,1822.199951171875,1820.9000244140625,1822.199951171875,3101
2026-04-27 07:36:00+00:00,1821.800048828125,1821.800048828125,1821.9000244140625,1821.4000244140625,1821.4000244140625,8371
2026-04-27 07:37:00+00:00,1822.5999755859375,1822.5999755859375,1822.699951171875,1821.800048828125,1821.800048828125,5526
2026-04-27 07:38:00+00:00,1822.699951171875,1822.699951171875,1822.9000244140625,1822.5,1822.5999755859375,3220
2026-04-27 07:39:00+00:00,1823.0,1823.0,1823.0999755859375,1822.5,1822.699951171875,15533
2026-04-27 07:40:00+00:00,1822.800048828125,1822.800048828125,1823.300048828125,1822.300048828125,1823.0,5488
2026-04-27 07:41:00+00:00,1822.5,1822.5,1822.9000244140625,1822.5,1822.800048828125,3574
2026-04-27 07:42:00+00:00,1822.699951171875,1822.699951171875,1822.699951171875,1822.4000244140625,1822.5,2928
2026-04-27 07:43:00+00:00,1823.0999755859375,1823.0999755859375,1823.199951171875,1822.5,1822.5,5917
2026-04-27 07:44:00+00:00,1823.199951171875,1823.199951171875,1823.5999755859375,1823.0,1823.199951171875,8442
2026-04-27 07:45:00+00:00,1823.0999755859375,1823.0999755859375,1823.300048828125,1823.0999755859375,1823.199951171875,4617
2026-04-27 07:46:00+00:00,1823.199951171875,1823.199951171875,1823.300048828125,1823.0999755859375,1823.0999755859375,6240
2026-04-27 07:47:00+00:00,1823.5999755859375,1823.5999755859375,1823.699951171875,1823.0999755859375,1823.199951171875,6344
2026-04-27 07:48:00+00:00,1824.199951171875,1824.199951171875,1824.5,1823.800048828125,1823.800048828125,5872
2026-04-27 07:49:00+00:00,1824.5999755859375,1824.5999755859375,1824.800048828125,1824.5,1824.5,6112
2026-04-27 07:50:00+00:00,1824.199951171875,1824.199951171875,1824.699951171875,1823.300048828125,1824.699951171875,8784
2026-04-27 07:51:00+00:00,1824.4000244140625,1824.4000244140625,1824.9000244140625,1823.699951171875,1824.199951171875,5770
2026-04-27 07:52:00+00:00,1824.699951171875,1824.699951171875,1824.9000244140625,1824.4000244140625,1824.4000244140625,5382
2026-04-27 07:53:00+00:00,1824.300048828125,1824.300048828125,1824.699951171875,1824.0999755859375,1824.699951171875,7425
2026-04-27 07:54:00+00:00,1824.0999755859375,1824.0999755859375,1824.800048828125,1824.0999755859375,1824.800048828125,6967
2026-04-27 07:55:00+00:00,1824.300048828125,1824.300048828125,1824.5,1824.0,1824.0,4965
2026-04-27 07:56:00+00:00,1824.5999755859375,1824.5999755859375,1824.9000244140625,1824.0,1824.300048828125,55089
2026-04-27 07:57:00+00:00,1824.5999755859375,1824.5999755859375,1824.800048828125,1824.5,1824.5999755859375,7346
2026-04-27 07:58:00+00:00,1824.0999755859375,1824.0999755859375,1824.4000244140625,1824.0,1824.4000244140625,3624
2026-04-27 07:59:00+00:00,1823.800048828125,1823.800048828125,1824.300048828125,1823.4000244140625,1824.0,6285
2026-04-27 08:00:00+00:00,1823.699951171875,1823.699951171875,1823.9000244140625,1823.5999755859375,1823.5999755859375,2996
2026-04-27 08:01:00+00:00,1823.0,1823.0,1823.5999755859375,1823.0,1823.300048828125,3469
2026-04-27 08:02:00+00:00,1822.699951171875,1822.699951171875,1823.4000244140625,1822.5999755859375,1823.0999755859375,5882
2026-04-27 08:03:00+00:00,1822.9000244140625,1822.9000244140625,1823.0999755859375,1822.5,1822.5999755859375,3326
2026-04-27 08:04:00+00:00,1822.5999755859375,1822.5999755859375,1823.5,1822.5999755859375,1822.9000244140625,13041
2026-04-27 08:05:00+00:00,1822.9000244140625,1822.9000244140625,1823.300048828125,1822.4000244140625,1822.699951171875,4469
2026-04-27 08:06:00+00:00,1822.5,1822.5,1823.0999755859375,1822.5,1822.699951171875,3665
2026-04-27 08:07:00+00:00,1822.5999755859375,1822.5999755859375,1822.699951171875,1822.5,1822.5,3682
2026-04-27 08:08:00+00:00,1823.0,1823.0,1823.0999755859375,1822.5,1822.5999755859375,9379
2026-04-27 08:09:00+00:00,1823.699951171875,1823.699951171875,1824.0,1823.0999755859375,1823.0999755859375,30128
2026-04-27 08:10:00+00:00,1823.4000244140625,1823.4000244140625,1824.4000244140625,1823.4000244140625,1823.5,12291
2026-04-27 08:11:00+00:00,1824.5,1824.5,1824.5,1823.4000244140625,1823.4000244140625,3869
2026-04-27 08:12:00+00:00,1824.5,1824.5,1824.5999755859375,1823.4000244140625,1824.0999755859375,9671
2026-04-27 08:13:00+00:00,1824.5,1824.5,1824.5999755859375,1824.199951171875,1824.5,4026
2026-04-27 08:14:00+00:00,1824.4000244140625,1824.4000244140625,1824.699951171875,1824.300048828125,1824.699951171875,7722
2026-04-27 08:15:00+00:00,1823.4000244140625,1823.4000244140625,1824.800048828125,1823.300048828125,1824.5999755859375,8347
2026-04-27 08:16:00+00:00,1824.0,1824.0,1824.0999755859375,1823.800048828125,1823.800048828125,4280
2026-04-27 08:17:00+00:00,1823.800048828125,1823.800048828125,1824.0999755859375,1823.699951171875,1824.0,5286
2026-04-27 08:18:00+00:00,1822.5999755859375,1822.5999755859375,1823.9000244140625,1822.5999755859375,1823.699951171875,7492
2026-04-27 08:19:00+00:00,1822.800048828125,1822.800048828125,1823.0999755859375,1822.5,1822.699951171875,3579
2026-04-27 08:20:00+00:00,1823.0999755859375,1823.0999755859375,1823.300048828125,1822.800048828125,1822.800048828125,5143
2026-04-27 08:21:00+00:00,1823.199951171875,1823.199951171875,1823.300048828125,1823.0999755859375,1823.0999755859375,3506
2026-04-27 08:22:00+00:00,1823.300048828125,1823.300048828125,1823.300048828125,1822.699951171875,1823.0,11015
2026-04-27 08:23:00+00:00,1823.4000244140625,1823.4000244140625,1823.5,1822.300048828125,1823.300048828125,4550
2026-04-27 08:24:00+00:00,1823.699951171875,1823.699951171875,1823.800048828125,1822.4000244140625,1823.300048828125,5675
2026-04-27 08:25:00+00:00,1823.5,1823.5,1823.699951171875,1822.4000244140625,1823.699951171875,4507
2026-04-27 08:26:00+00:00,1824.0999755859375,1824.0999755859375,1824.9000244140625,1822.9000244140625,1823.800048828125,66810
2026-04-27 08:27:00+00:00,1824.4000244140625,1824.4000244140625,1824.5999755859375,1823.5999755859375,1823.5999755859375,4522
2026-04-27 08:28:00+00:00,1824.300048828125,1824.300048828125,1824.5,1824.0,1824.199951171875,5487
2026-04-27 08:29:00+00:00,1824.0999755859375,1824.0999755859375,1824.5999755859375,1823.0999755859375,1824.0,7996
2026-04-27 08:30:00+00:00,1823.5999755859375,1823.5999755859375,1824.0,1822.9000244140625,1824.0,5024
2026-04-27 08:31:00+00:00,1824.0999755859375,1824.0999755859375,1824.199951171875,1823.0,1823.5,5170
2026-04-27 08:32:00+00:00,1824.199951171875,1824.199951171875,1824.300048828125,1823.5999755859375,1823.5999755859375,2310
2026-04-27 08:33:00+00:00,1823.300048828125,1823.300048828125,1824.300048828125,1823.199951171875,1824.199951171875,8290
2026-04-27 08:34:00+00:00,1823.9000244140625,1823.9000244140625,1824.0999755859375,1823.199951171875,1823.300048828125,4692
2026-04-27 08:35:00+00:00,1823.9000244140625,1823.9000244140625,1823.9000244140625,1823.199951171875,1823.9000244140625,2802
2026-04-27 08:36:00+00:00,1823.9000244140625,1823.9000244140625,1824.0,1823.0999755859375,1823.5,3019
2026-04-27 08:37:00+00:00,1823.5999755859375,1823.5999755859375,1824.199951171875,1823.0999755859375,1824.199951171875,10523
2026-04-27 08:38:00+00:00,1823.199951171875,1823.199951171875,1823.5999755859375,1822.699951171875,1823.199951171875,3781
2026-04-27 08:39:00+00:00,1823.4000244140625,1823.4000244140625,1823.5999755859375,1823.0,1823.0,3641
2026-04-27 08:40:00+00:00,1823.300048828125,1823.300048828125,1823.5,1822.4000244140625,1823.300048828125,5742
2026-04-27 08:41:00+00:00,1823.800048828125,1823.800048828125,1823.9000244140625,1823.0,1823.300048828125,4482
2026-04-27 08:42:00+00:00,1824.0,1824.0,1824.0,1823.699951171875,1823.699951171875,3322
2026-04-27 08:43:00+00:00,1824.0999755859375,1824.0999755859375,1824.0999755859375,1823.5999755859375,1823.5999755859375,5437
2026-04-27 08:44:00+00:00,1823.9000244140625,1823.9000244140625,1824.300048828125,1823.699951171875,1824.0999755859375,4758
2026-04-27 08:45:00+00:00,1823.5,1823.5,1823.800048828125,1823.0999755859375,1823.699951171875,3202
2026-04-27 08:46:00+00:00,1824.0,1824.0,1824.0999755859375,1823.5,1823.5,3918
2026-04-27 08:47:00+00:00,1823.0,1823.0,1823.9000244140625,1822.5999755859375,1823.9000244140625,6124
2026-04-27 08:48:00+00:00,1823.4000244140625,1823.4000244140625,1823.4000244140625,1822.5999755859375,1822.5999755859375,3822
2026-04-27 08:49:00+00:00,1822.5,1822.5,1823.0999755859375,1822.4000244140625,1823.0,4834
2026-04-27 08:50:00+00:00,1822.0,1822.0,1823.0999755859375,1822.0,1822.5999755859375,6926
2026-04-27 08:51:00+00:00,1822.5,1822.5,1822.800048828125,1822.4000244140625,1822.800048828125,3622
2026-04-27 08:52:00+00:00,1822.5999755859375,1822.5999755859375,1823.5,1822.5,1822.5,17589
2026-04-27 08:53:00+00:00,1823.0999755859375,1823.0999755859375,1823.0999755859375,1822.5,1822.5,4367
2026-04-27 08:54:00+00:00,1823.199951171875,1823.199951171875,1823.199951171875,1823.0,1823.0,2739
2026-04-27 08:55:00+00:00,1822.9000244140625,1822.9000244140625,1823.0999755859375,1822.5,1822.9000244140625,6526
2026-04-27 08:56:00+00:00,1822.5999755859375,1822.5999755859375,1822.699951171875,1822.4000244140625,1822.5,7649
2026-04-27 08:57:00+00:00,1822.699951171875,1822.699951171875,1822.9000244140625,1822.0999755859375,1822.5,4462
2026-04-27 08:58:00+00:00,1822.800048828125,1822.800048828125,1823.199951171875,1822.5,1822.5,7353
2026-04-27 08:59:00+00:00,1823.199951171875,1823.199951171875,1823.300048828125,1822.5999755859375,1822.9000244140625,33564
2026-04-27 09:00:00+00:00,1823.0,1823.0,1823.0999755859375,1822.0,1823.0999755859375,4980
2026-04-27 09:01:00+00:00,1822.9000244140625,1822.9000244140625,1823.4000244140625,1822.9000244140625,1823.199951171875,8290
2026-04-27 09:02:00+00:00,1821.199951171875,1821.199951171875,1823.0999755859375,1821.199951171875,1822.800048828125,12762
2026-04-27 09:03:00+00:00,1822.0999755859375,1822.0999755859375,1822.199951171875,1821.0,1821.199951171875,9602
2026-04-27 09:04:00+00:00,1821.0999755859375,1821.0999755859375,1822.300048828125,1821.0999755859375,1822.0999755859375,8131
2026-04-27 09:05:00+00:00,1820.699951171875,1820.699951171875,1821.0999755859375,1820.5999755859375,1821.0999755859375,9155
2026-04-27 09:06:00+00:00,1818.5999755859375,1818.5999755859375,1820.5,1818.4000244140625,1820.5,54854
2026-04-27 09:07:00+00:00,1821.5,1821.5,1821.5,1818.300048828125,1818.300048828125,27635
2026-04-27 09:08:00+00:00,1822.0999755859375,1822.0999755859375,1822.5,1821.0,1821.5,15549
2026-04-27 09:09:00+00:00,1822.0,1822.0,1822.4000244140625,1821.800048828125,1822.0999755859375,9269
2026-04-27 09:10:00+00:00,1822.0999755859375,1822.0999755859375,1822.199951171875,1821.9000244140625,1822.0999755859375,11036
2026-04-27 09:11:00+00:00,1822.4000244140625,1822.4000244140625,1822.4000244140625,1821.5,1822.0,10034
2026-04-27 09:12:00+00:00,1823.0999755859375,1823.0999755859375,1823.0999755859375,1822.699951171875,1822.699951171875,12153
2026-04-27 09:13:00+00:00,1823.5999755859375,1823.5999755859375,1824.199951171875,1823.5999755859375,1823.5999755859375,17921
2026-04-27 09:14:00+00:00,1823.800048828125,1823.800048828125,1824.0,1823.4000244140625,1823.5,8301
2026-04-27 09:15:00+00:00,1823.300048828125,1823.300048828125,1823.9000244140625,1823.199951171875,1823.800048828125,13755
2026-04-27 09:16:00+00:00,1823.0999755859375,1823.0999755859375,1824.0,1823.0999755859375,1823.5,5584
2026-04-27 09:17:00+00:00,1823.0,1823.0,1823.300048828125,1823.0,1823.0,10833
2026-04-27 09:18:00+00:00,1823.300048828125,1823.300048828125,1823.300048828125,1823.0,1823.0,6364
2026-04-27 09:19:00+00:00,1823.0,1823.0,1823.300048828125,1822.5,1823.199951171875,13807
2026-04-27 09:20:00+00:00,1823.4000244140625,1823.4000244140625,1823.4000244140625,1823.0,1823.0,15325
2026-04-27 09:21:00+00:00,1824.5,1824.5,1824.5,1823.199951171875,1823.199951171875,17075
2026-04-27 09:22:00+00:00,1823.699951171875,1823.699951171875,1825.0,1823.699951171875,1824.5,24849
2026-04-27 09:23:00+00:00,1824.0999755859375,1824.0999755859375,1825.0,1823.699951171875,1824.199951171875,34127
2026-04-27 09:24:00+00:00,1824.9000244140625,1824.9000244140625,1824.9000244140625,1823.5999755859375,1824.0999755859375,11287
2026-04-27 09:25:00+00:00,1824.800048828125,1824.800048828125,1824.9000244140625,1824.800048828125,1824.9000244140625,13127
2026-04-27 09:26:00+00:00,1825.0999755859375,1825.0999755859375,1825.0999755859375,1824.800048828125,1824.800048828125,15120
2026-04-27 09:27:00+00:00,1825.0999755859375,1825.0999755859375,1825.0999755859375,1825.0,1825.0,31722
2026-04-27 09:28:00+00:00,1825.5,1825.5,1826.0,1825.0,1825.0,17885
2026-04-27 09:29:00+00:00,1825.5,1825.5,1825.800048828125,1825.0,1825.0999755859375,11198
2026-04-27 09:30:00+00:00,1823.699951171875,1823.699951171875,1825.4000244140625,1823.699951171875,1825.4000244140625,45014
2026-04-27 09:31:00+00:00,1823.0,1823.0,1824.300048828125,1822.4000244140625,1824.300048828125,32094
2026-04-27 09:32:00+00:00,1823.0999755859375,1823.0999755859375,1823.199951171875,1822.9000244140625,1823.0,29044
2026-04-27 09:33:00+00:00,1822.0,1822.0,1823.199951171875,1822.0,1823.199951171875,33497
2026-04-27 09:34:00+00:00,1823.199951171875,1823.199951171875,1823.199951171875,1822.0,1822.5999755859375,34671
2026-04-27 09:35:00+00:00,1823.4000244140625,1823.4000244140625,1823.9000244140625,1822.800048828125,1823.0999755859375,73182
2026-04-27 09:36:00+00:00,1822.5,1822.5,1823.5,1822.0,1823.300048828125,58560
2026-04-27 09:37:00+00:00,1821.5,1821.5,1822.5999755859375,1821.199951171875,1822.5,34537
2026-04-27 09:38:00+00:00,1822.0999755859375,1822.0999755859375,1822.199951171875,1820.9000244140625,1821.4000244140625,41680
2026-04-27 09:39:00+00:00,1822.300048828125,1822.300048828125,1823.300048828125,1822.199951171875,1822.199951171875,42819
2026-04-27 09:40:00+00:00,1821.800048828125,1821.800048828125,1822.9000244140625,1821.5,1822.300048828125,24148
2026-04-27 09:41:00+00:00,1822.199951171875,1822.199951171875,1822.300048828125,1820.800048828125,1821.800048828125,41817
2026-04-27 09:42:00+00:00,1820.5999755859375,1820.5999755859375,1822.300048828125,1820.5999755859375,1822.199951171875,46997
2026-04-27 09:43:00+00:00,1820.199951171875,1820.199951171875,1821.199951171875,1820.0999755859375,1820.9000244140625,31826
2026-04-27 09:44:00+00:00,1820.699951171875,1820.699951171875,1821.699951171875,1820.0999755859375,1820.199951171875,42038
2026-04-27 09:45:00+00:00,1820.699951171875,1820.699951171875,1822.0999755859375,1820.0,1820.9000244140625,43663
2026-04-27 09:46:00+00:00,1820.0999755859375,1820.0999755859375,1820.9000244140625,1820.0999755859375,1820.9000244140625,36079
2026-04-27 09:47:00+00:00,1819.199951171875,1819.199951171875,1820.0999755859375,1818.5999755859375,1820.0999755859375,44525
2026-04-27 09:48:00+00:00,1817.0,1817.0,1819.300048828125,1817.0,1819.199951171875,51708
2026-04-27 09:49:00+00:00,1816.199951171875,1816.199951171875,1818.0,1816.0,1817.0,38596
2026-04-27 09:50:00+00:00,1817.5,1817.5,1817.5,1815.699951171875,1816.800048828125,61782
2026-04-27 09:51:00+00:00,1818.300048828125,1818.300048828125,1819.0,1817.199951171875,1817.199951171875,40216
2026-04-27 09:52:00+00:00,1818.0999755859375,1818.0999755859375,1818.699951171875,1817.800048828125,1818.300048828125,25398
2026-04-27 09:53:00+00:00,1818.0,1818.0,1818.300048828125,1816.699951171875,1818.0999755859375,36821
2026-04-27 09:54:00+00:00,1817.5999755859375,1817.5999755859375,1818.0,1816.5,1818.0,56176
2026-04-27 09:55:00+00:00,1815.5,1815.5,1817.5,1814.5999755859375,1817.4000244140625,38587
2026-04-27 09:56:00+00:00,1816.5,1816.5,1818.0,1814.5999755859375,1815.300048828125,36665
2026-04-27 09:57:00+00:00,1817.199951171875,1817.199951171875,1817.300048828125,1815.5999755859375,1817.0999755859375,40291
2026-04-27 09:58:00+00:00,1817.0,1817.0,1817.300048828125,1816.0,1816.9000244140625,20907
2026-04-27 09:59:00+00:00,1817.9000244140625,1817.9000244140625,1817.9000244140625,1816.0,1817.199951171875,7003
2026-04-28 03:45:00+00:00,1814.5,1814.5,1827.199951171875,1814.4000244140625,1820.199951171875,0
2026-04-28 03:46:00+00:00,1817.5,1817.5,1819.0,1814.0999755859375,1814.5999755859375,43536
2026-04-28 03:47:00+00:00,1815.5,1815.5,1822.0,1815.5,1817.4000244140625,22250
2026-04-28 03:48:00+00:00,1815.4000244140625,1815.4000244140625,1817.0,1814.4000244140625,1815.5,20912
2026-04-28 03:49:00+00:00,1815.5999755859375,1815.5999755859375,1817.0999755859375,1815.5,1815.5,11308
2026-04-28 03:50:00+00:00,1817.0,1817.0,1817.0,1815.5999755859375,1816.0999755859375,10687
2026-04-28 03:51:00+00:00,1817.300048828125,1817.300048828125,1817.300048828125,1816.300048828125,1816.300048828125,9076
2026-04-28 03:52:00+00:00,1818.4000244140625,1818.4000244140625,1818.5999755859375,1817.0999755859375,1818.0999755859375,16995
2026-04-28 03:53:00+00:00,1817.0999755859375,1817.0999755859375,1818.4000244140625,1817.0999755859375,1818.4000244140625,8496
2026-04-28 03:54:00+00:00,1816.5999755859375,1816.5999755859375,1817.699951171875,1816.5,1817.300048828125,9667
2026-04-28 03:55:00+00:00,1818.5999755859375,1818.5999755859375,1818.5999755859375,1817.199951171875,1817.199951171875,7232
2026-04-28 03:56:00+00:00,1819.5999755859375,1819.5999755859375,1819.5999755859375,1818.800048828125,1818.800048828125,7665
2026-04-28 03:57:00+00:00,1819.9000244140625,1819.9000244140625,1819.9000244140625,1818.9000244140625,1819.800048828125,15180
2026-04-28 03:58:00+00:00,1818.5,1818.5,1820.0999755859375,1818.4000244140625,1820.0999755859375,19307
2026-04-28 03:59:00+00:00,1818.699951171875,1818.699951171875,1819.0,1818.5,1818.5,5677
2026-04-28 04:00:00+00:00,1817.300048828125,1817.300048828125,1818.9000244140625,1817.300048828125,1818.699951171875,5746
2026-04-28 04:01:00+00:00,1816.0999755859375,1816.0999755859375,1817.199951171875,1816.0,1817.0999755859375,7436
2026-04-28 04:02:00+00:00,1815.199951171875,1815.199951171875,1815.9000244140625,1815.0999755859375,1815.9000244140625,6014
2026-04-28 04:03:00+00:00,1816.199951171875,1816.199951171875,1816.5,1815.0,1815.0,6717
2026-04-28 04:04:00+00:00,1815.0999755859375,1815.0999755859375,1815.800048828125,1815.0999755859375,1815.800048828125,9165
2026-04-28 04:05:00+00:00,1813.9000244140625,1813.9000244140625,1815.0999755859375,1813.699951171875,1815.0999755859375,10220
2026-04-28 04:06:00+00:00,1814.4000244140625,1814.4000244140625,1814.4000244140625,1812.800048828125,1813.9000244140625,9948
2026-04-28 04:07:00+00:00,1813.9000244140625,1813.9000244140625,1815.0,1813.9000244140625,1814.4000244140625,5649
2026-04-28 04:08:00+00:00,1815.4000244140625,1815.4000244140625,1815.4000244140625,1813.699951171875,1814.0,19025
2026-04-28 04:09:00+00:00,1814.5999755859375,1814.5999755859375,1815.300048828125,1814.5999755859375,1815.300048828125,4225
2026-04-28 04:10:00+00:00,1816.5,1816.5,1816.5,1815.0,1815.0,10521
2026-04-28 04:11:00+00:00,1818.4000244140625,1818.4000244140625,1818.800048828125,1816.5,1816.5,11357
2026-04-28 04:12:00+00:00,1819.0,1819.0,1819.300048828125,1818.0999755859375,1818.0999755859375,31518
2026-04-28 04:13:00+00:00,1819.0,1819.0,1820.5,1819.0,1819.0999755859375,14827
2026-04-28 04:14:00+00:00,1820.300048828125,1820.300048828125,1820.300048828125,1818.800048828125,1819.0999755859375,18307
2026-04-28 04:15:00+00:00,1821.5999755859375,1821.5999755859375,1821.699951171875,1820.800048828125,1821.0999755859375,10230
2026-04-28 04:16:00+00:00,1822.199951171875,1822.199951171875,1822.9000244140625,1821.300048828125,1821.4000244140625,8404
2026-04-28 04:17:00+00:00,1822.0,1822.0,1822.300048828125,1822.0,1822.300048828125,7183
2026-04-28 04:18:00+00:00,1822.5999755859375,1822.5999755859375,1822.5999755859375,1821.699951171875,1822.0999755859375,7553
2026-04-28 04:19:00+00:00,1822.800048828125,1822.800048828125,1823.199951171875,1822.199951171875,1822.800048828125,8529
2026-04-28 04:20:00+00:00,1822.800048828125,1822.800048828125,1822.9000244140625,1822.4000244140625,1822.699951171875,6528
2026-04-28 04:21:00+00:00,1823.300048828125,1823.300048828125,1823.300048828125,1822.9000244140625,1823.0,5014
2026-04-28 04:22:00+00:00,1824.4000244140625,1824.4000244140625,1824.4000244140625,1822.699951171875,1822.9000244140625,7391
2026-04-28 04:23:00+00:00,1826.9000244140625,1826.9000244140625,1827.0,1824.199951171875,1824.199951171875,29610
2026-04-28 04:24:00+00:00,1828.300048828125,1828.300048828125,1829.0,1826.5999755859375,1826.9000244140625,22713
2026-04-28 04:25:00+00:00,1828.9000244140625,1828.9000244140625,1829.800048828125,1828.300048828125,1828.5,12097
2026-04-28 04:26:00+00:00,1829.0999755859375,1829.0999755859375,1829.5999755859375,1828.5999755859375,1828.9000244140625,6434
2026-04-28 04:27:00+00:00,1829.4000244140625,1829.4000244140625,1829.5999755859375,1829.0,1829.0999755859375,13668
2026-04-28 04:28:00+00:00,1829.0999755859375,1829.0999755859375,1829.5,1829.0999755859375,1829.5,5331
2026-04-28 04:29:00+00:00,1831.4000244140625,1831.4000244140625,1831.699951171875,1829.300048828125,1829.300048828125,14886
2026-04-28 04:30:00+00:00,1831.0,1831.0,1831.5,1830.800048828125,1831.199951171875,8096
2026-04-28 04:31:00+00:00,1830.699951171875,1830.699951171875,1830.9000244140625,1830.4000244140625,1830.800048828125,6125
2026-04-28 04:32:00+00:00,1831.300048828125,1831.300048828125,1831.300048828125,1830.199951171875,1830.800048828125,9049
2026-04-28 04:33:00+00:00,1831.800048828125,1831.800048828125,1831.800048828125,1831.300048828125,1831.300048828125,13015
2026-04-28 04:34:00+00:00,1831.300048828125,1831.300048828125,1831.9000244140625,1830.4000244140625,1831.800048828125,21101
2026-04-28 04:35:00+00:00,1831.9000244140625,1831.9000244140625,1831.9000244140625,1831.0999755859375,1831.199951171875,10895
2026-04-28 04:36:00+00:00,1830.699951171875,1830.699951171875,1831.699951171875,1830.5999755859375,1831.699951171875,5735
2026-04-28 04:37:00+00:00,1831.0999755859375,1831.0999755859375,1831.4000244140625,1830.0,1830.300048828125,4724
2026-04-28 04:38:00+00:00,1830.199951171875,1830.199951171875,1831.300048828125,1830.199951171875,1831.199951171875,5762
2026-04-28 04:39:00+00:00,1830.5999755859375,1830.5999755859375,1830.800048828125,1830.4000244140625,1830.4000244140625,7442
2026-04-28 04:40:00+00:00,1830.800048828125,1830.800048828125,1830.9000244140625,1830.5,1830.5999755859375,7395
2026-04-28 04:41:00+00:00,1831.199951171875,1831.199951171875,1831.4000244140625,1831.0,1831.0,7348
2026-04-28 04:42:00+00:00,1831.0,1831.0,1831.0999755859375,1831.0,1831.0,4517
2026-04-28 04:43:00+00:00,1831.0,1831.0,1831.0999755859375,1830.199951171875,1831.0999755859375,9517
2026-04-28 04:44:00+00:00,1831.5,1831.5,1831.5,1830.9000244140625,1830.9000244140625,11136
2026-04-28 04:45:00+00:00,1832.699951171875,1832.699951171875,1832.699951171875,1832.0,1832.0,7197
2026-04-28 04:46:00+00:00,1833.0,1833.0,1833.0999755859375,1832.800048828125,1832.800048828125,4752
2026-04-28 04:47:00+00:00,1832.9000244140625,1832.9000244140625,1833.0999755859375,1832.9000244140625,1833.0999755859375,3881
2026-04-28 04:48:00+00:00,1831.800048828125,1831.800048828125,1833.0,1831.5999755859375,1833.0,10448
2026-04-28 04:49:00+00:00,1831.800048828125,1831.800048828125,1831.9000244140625,1831.699951171875,1831.800048828125,3208
2026-04-28 04:50:00+00:00,1833.0999755859375,1833.0999755859375,1833.0999755859375,1831.800048828125,1831.9000244140625,10163
2026-04-28 04:51:00+00:00,1833.0999755859375,1833.0999755859375,1833.199951171875,1832.699951171875,1833.0999755859375,6082
2026-04-28 04:52:00+00:00,1833.199951171875,1833.199951171875,1833.300048828125,1833.0999755859375,1833.0999755859375,5984
2026-04-28 04:53:00+00:00,1832.800048828125,1832.800048828125,1833.199951171875,1832.800048828125,1833.199951171875,4722
2026-04-28 04:54:00+00:00,1832.199951171875,1832.199951171875,1832.800048828125,1832.199951171875,1832.800048828125,6450
2026-04-28 04:55:00+00:00,1832.300048828125,1832.300048828125,1832.4000244140625,1831.800048828125,1832.0,4834
2026-04-28 04:56:00+00:00,1832.5,1832.5,1832.699951171875,1832.300048828125,1832.300048828125,5177
2026-04-28 04:57:00+00:00,1833.4000244140625,1833.4000244140625,1833.4000244140625,1832.5999755859375,1832.5999755859375,4818
2026-04-28 04:58:00+00:00,1834.0,1834.0,1834.0,1833.4000244140625,1833.4000244140625,4680
2026-04-28 04:59:00+00:00,1834.199951171875,1834.199951171875,1834.4000244140625,1834.0,1834.0,3532
2026-04-28 05:00:00+00:00,1833.5,1833.5,1834.300048828125,1833.5,1834.300048828125,9072
2026-04-28 05:01:00+00:00,1832.5,1832.5,1833.0,1832.4000244140625,1833.0,5138
2026-04-28 05:02:00+00:00,1832.0999755859375,1832.0999755859375,1832.699951171875,1832.0999755859375,1832.5,4818
2026-04-28 05:03:00+00:00,1831.800048828125,1831.800048828125,1832.699951171875,1831.0,1832.0,10892
2026-04-28 05:04:00+00:00,1831.5,1831.5,1831.5999755859375,1831.4000244140625,1831.5999755859375,3981
2026-04-28 05:05:00+00:00,1831.5,1831.5,1831.5999755859375,1831.300048828125,1831.5,8872
2026-04-28 05:06:00+00:00,1831.9000244140625,1831.9000244140625,1831.9000244140625,1831.4000244140625,1831.5,5496
2026-04-28 05:07:00+00:00,1831.5,1831.5,1831.9000244140625,1831.5,1831.9000244140625,9485
2026-04-28 05:08:00+00:00,1831.5,1831.5,1831.5999755859375,1831.5,1831.5,3391
2026-04-28 05:09:00+00:00,1831.800048828125,1831.800048828125,1831.800048828125,1831.5,1831.5,9309
2026-04-28 05:10:00+00:00,1832.300048828125,1832.300048828125,1832.4000244140625,1832.0,1832.0,4858
2026-04-28 05:11:00+00:00,1832.199951171875,1832.199951171875,1833.0,1831.800048828125,1831.800048828125,9607
2026-04-28 05:12:00+00:00,1831.5999755859375,1831.5999755859375,1832.199951171875,1831.5999755859375,1831.5999755859375,6891
2026-04-28 05:13:00+00:00,1831.800048828125,1831.800048828125,1832.0,1831.699951171875,1832.0,5395
2026-04-28 05:14:00+00:00,1832.0,1832.0,1832.0999755859375,1831.699951171875,1831.699951171875,5289
2026-04-28 05:15:00+00:00,1833.199951171875,1833.199951171875,1833.199951171875,1831.800048828125,1831.800048828125,7145
2026-04-28 05:16:00+00:00,1833.199951171875,1833.199951171875,1833.800048828125,1833.199951171875,1833.5,10411
2026-04-28 05:17:00+00:00,1834.0999755859375,1834.0999755859375,1834.0999755859375,1833.4000244140625,1833.5,6903
2026-04-28 05:18:00+00:00,1835.199951171875,1835.199951171875,1835.199951171875,1834.4000244140625,1834.5,14917
2026-04-28 05:19:00+00:00,1835.699951171875,1835.699951171875,1836.0,1835.300048828125,1835.300048828125,11830
2026-04-28 05:20:00+00:00,1836.199951171875,1836.199951171875,1836.199951171875,1835.9000244140625,1836.0,8991
2026-04-28 05:21:00+00:00,1836.5,1836.5,1836.5,1835.699951171875,1836.199951171875,23059
2026-04-28 05:22:00+00:00,1836.699951171875,1836.699951171875,1836.9000244140625,1836.300048828125,1836.300048828125,12016
2026-04-28 05:23:00+00:00,1837.699951171875,1837.699951171875,1838.0,1836.699951171875,1836.699951171875,20808
2026-04-28 05:24:00+00:00,1838.5999755859375,1838.5999755859375,1839.0,1837.5999755859375,1837.5999755859375,19918
2026-04-28 05:25:00+00:00,1840.800048828125,1840.800048828125,1841.199951171875,1838.800048828125,1838.800048828125,25376
2026-04-28 05:26:00+00:00,1841.199951171875,1841.199951171875,1842.0,1841.0,1841.0,18111
2026-04-28 05:27:00+00:00,1840.699951171875,1840.699951171875,1841.9000244140625,1840.5,1841.0999755859375,14845
2026-04-28 05:28:00+00:00,1841.4000244140625,1841.4000244140625,1841.5,1840.699951171875,1840.800048828125,9654
2026-04-28 05:29:00+00:00,1841.4000244140625,1841.4000244140625,1841.800048828125,1840.800048828125,1841.4000244140625,11855
2026-04-28 05:30:00+00:00,1841.5,1841.5,1841.699951171875,1841.0999755859375,1841.199951171875,7066
2026-04-28 05:31:00+00:00,1843.0,1843.0,1843.4000244140625,1841.9000244140625,1841.9000244140625,28067
2026-04-28 05:32:00+00:00,1843.199951171875,1843.199951171875,1843.699951171875,1842.800048828125,1843.0,14375
2026-04-28 05:33:00+00:00,1843.199951171875,1843.199951171875,1843.4000244140625,1842.800048828125,1842.800048828125,9055
2026-04-28 05:34:00+00:00,1843.4000244140625,1843.4000244140625,1843.5,1842.5,1843.300048828125,15598
2026-04-28 05:35:00+00:00,1843.800048828125,1843.800048828125,1844.0999755859375,1843.4000244140625,1843.5,21377
2026-04-28 05:36:00+00:00,1844.9000244140625,1844.9000244140625,1844.9000244140625,1843.699951171875,1843.699951171875,19927
2026-04-28 05:37:00+00:00,1844.699951171875,1844.699951171875,1845.199951171875,1844.0,1844.9000244140625,43944
2026-04-28 05:38:00+00:00,1845.699951171875,1845.699951171875,1845.9000244140625,1844.5,1844.5,18956
2026-04-28 05:39:00+00:00,1846.300048828125,1846.300048828125,1846.5,1845.199951171875,1845.9000244140625,29358
2026-04-28 05:40:00+00:00,1845.0999755859375,1845.0999755859375,1846.4000244140625,1844.699951171875,1846.300048828125,22018
2026-04-28 05:41:00+00:00,1843.0,1843.0,1845.9000244140625,1842.800048828125,1845.199951171875,30179
2026-04-28 05:42:00+00:00,1842.5999755859375,1842.5999755859375,1843.0,1841.800048828125,1842.9000244140625,26438
2026-04-28 05:43:00+00:00,1843.199951171875,1843.199951171875,1844.0999755859375,1842.800048828125,1842.800048828125,22693
2026-04-28 05:44:00+00:00,1843.5999755859375,1843.5999755859375,1844.0,1843.0999755859375,1843.0999755859375,14080
2026-04-28 05:45:00+00:00,1843.0999755859375,1843.0999755859375,1844.0999755859375,1843.0999755859375,1843.5,14790
2026-04-28 05:46:00+00:00,1843.0999755859375,1843.0999755859375,1843.9000244140625,1843.0,1843.199951171875,18397
2026-04-28 05:47:00+00:00,1842.9000244140625,1842.9000244140625,1843.4000244140625,1842.4000244140625,1843.4000244140625,21705
2026-04-28 05:48:00+00:00,1843.5999755859375,1843.5999755859375,1844.199951171875,1842.800048828125,1842.800048828125,14704
2026-04-28 05:49:00+00:00,1841.0,1841.0,1843.9000244140625,1841.0,1843.5999755859375,17315
2026-04-28 05:50:00+00:00,1841.300048828125,1841.300048828125,1842.199951171875,1841.0,1841.5999755859375,16214
2026-04-28 05:51:00+00:00,1841.5999755859375,1841.5999755859375,1841.800048828125,1841.0,1841.199951171875,9090
2026-04-28 05:52:00+00:00,1841.9000244140625,1841.9000244140625,1841.9000244140625,1841.4000244140625,1841.4000244140625,4293
2026-04-28 05:53:00+00:00,1841.5999755859375,1841.5999755859375,1842.300048828125,1841.5999755859375,1841.9000244140625,5842
2026-04-28 05:54:00+00:00,1841.199951171875,1841.199951171875,1841.699951171875,1840.5,1841.699951171875,10046
2026-04-28 05:55:00+00:00,1839.5999755859375,1839.5999755859375,1841.300048828125,1839.5999755859375,1841.199951171875,13332
2026-04-28 05:56:00+00:00,1838.4000244140625,1838.4000244140625,1839.9000244140625,1838.300048828125,1839.5999755859375,11746
2026-04-28 05:57:00+00:00,1837.800048828125,1837.800048828125,1838.199951171875,1837.699951171875,1838.199951171875,21878
2026-04-28 05:58:00+00:00,1837.9000244140625,1837.9000244140625,1839.300048828125,1837.4000244140625,1837.699951171875,52067
2026-04-28 05:59:00+00:00,1837.5,1837.5,1839.0999755859375,1837.5,1837.699951171875,33110
2026-04-28 06:00:00+00:00,1837.699951171875,1837.699951171875,1837.699951171875,1837.0,1837.699951171875,32367
2026-04-28 06:01:00+00:00,1838.0999755859375,1838.0999755859375,1838.4000244140625,1837.5999755859375,1837.5999755859375,40037
2026-04-28 06:02:00+00:00,1837.4000244140625,1837.4000244140625,1838.199951171875,1837.4000244140625,1838.0,17798
2026-04-28 06:03:00+00:00,1837.800048828125,1837.800048828125,1837.9000244140625,1837.300048828125,1837.800048828125,18327
2026-04-28 06:04:00+00:00,1838.0,1838.0,1838.0,1837.800048828125,1837.800048828125,5253
2026-04-28 06:05:00+00:00,1837.699951171875,1837.699951171875,1838.0999755859375,1837.699951171875,1837.800048828125,17328
2026-04-28 06:06:00+00:00,1838.0,1838.0,1838.0,1837.5,1837.699951171875,14512
2026-04-28 06:07:00+00:00,1837.9000244140625,1837.9000244140625,1838.0,1837.800048828125,1838.0,6775
2026-04-28 06:08:00+00:00,1838.0,1838.0,1838.0,1837.800048828125,1837.9000244140625,5786
2026-04-28 06:09:00+00:00,1837.699951171875,1837.699951171875,1838.0,1837.699951171875,1838.0,10016
2026-04-28 06:10:00+00:00,1837.9000244140625,1837.9000244140625,1837.9000244140625,1837.699951171875,1837.699951171875,7839
2026-04-28 06:11:00+00:00,1837.5,1837.5,1838.199951171875,1837.300048828125,1838.199951171875,25664
2026-04-28 06:12:00+00:00,1837.300048828125,1837.300048828125,1837.800048828125,1837.300048828125,1837.4000244140625,5837
2026-04-28 06:13:00+00:00,1837.4000244140625,1837.4000244140625,1837.4000244140625,1837.300048828125,1837.4000244140625,3887
2026-04-28 06:14:00+00:00,1837.300048828125,1837.300048828125,1837.4000244140625,1837.300048828125,1837.300048828125,4052
2026-04-28 06:15:00+00:00,1839.4000244140625,1839.4000244140625,1839.4000244140625,1837.4000244140625,1837.4000244140625,30088
2026-04-28 06:16:00+00:00,1839.4000244140625,1839.4000244140625,1840.5,1839.0999755859375,1840.0999755859375,19704
2026-04-28 06:17:00+00:00,1839.199951171875,1839.199951171875,1839.5999755859375,1839.199951171875,1839.300048828125,4454
2026-04-28 06:18:00+00:00,1839.699951171875,1839.699951171875,1839.800048828125,1838.300048828125,1839.300048828125,13170
2026-04-28 06:19:00+00:00,1840.0,1840.0,1840.0999755859375,1839.5,1840.0,12742
2026-04-28 06:20:00+00:00,1839.300048828125,1839.300048828125,1840.0,1838.5999755859375,1839.5,12262
2026-04-28 06:21:00+00:00,1839.5,1839.5,1840.0,1839.199951171875,1839.300048828125,5002
2026-04-28 06:22:00+00:00,1837.699951171875,1837.699951171875,1839.699951171875,1837.0999755859375,1839.5,50077
2026-04-28 06:23:00+00:00,1837.5999755859375,1837.5999755859375,1837.800048828125,1836.699951171875,1837.800048828125,12764
2026-04-28 06:24:00+00:00,1837.300048828125,1837.300048828125,1838.0,1836.9000244140625,1837.699951171875,32525
2026-04-28 06:25:00+00:00,1836.0,1836.0,1837.800048828125,1835.5999755859375,1837.5999755859375,40845
2026-04-28 06:26:00+00:00,1835.9000244140625,1835.9000244140625,1836.199951171875,1835.800048828125,1835.9000244140625,15962
2026-04-28 06:27:00+00:00,1835.699951171875,1835.699951171875,1836.0,1835.5999755859375,1835.9000244140625,17546
2026-04-28 06:28:00+00:00,1835.5999755859375,1835.5999755859375,1836.0,1835.4000244140625,1835.800048828125,12473
2026-04-28 06:29:00+00:00,1835.5,1835.5,1836.0,1835.0,1835.699951171875,23592
2026-04-28 06:30:00+00:00,1835.699951171875,1835.699951171875,1835.699951171875,1835.4000244140625,1835.5,10321
2026-04-28 06:31:00+00:00,1835.699951171875,1835.699951171875,1835.800048828125,1835.199951171875,1835.5999755859375,38026
2026-04-28 06:32:00+00:00,1835.0999755859375,1835.0999755859375,1835.699951171875,1835.0,1835.4000244140625,47884
2026-04-28 06:33:00+00:00,1835.199951171875,1835.199951171875,1835.800048828125,1834.699951171875,1835.199951171875,64315
2026-04-28 06:34:00+00:00,1833.199951171875,1833.199951171875,1835.300048828125,1833.0,1835.199951171875,33258
2026-04-28 06:35:00+00:00,1833.699951171875,1833.699951171875,1833.800048828125,1833.0,1833.5,22518
2026-04-28 06:36:00+00:00,1833.199951171875,1833.199951171875,1834.199951171875,1833.199951171875,1833.699951171875,10402
2026-04-28 06:37:00+00:00,1833.9000244140625,1833.9000244140625,1834.0,1833.699951171875,1833.800048828125,11828
2026-04-28 06:38:00+00:00,1833.5999755859375,1833.5999755859375,1833.9000244140625,1833.5,1833.9000244140625,12735
2026-04-28 06:39:00+00:00,1834.800048828125,1834.800048828125,1834.800048828125,1833.5999755859375,1833.5999755859375,6214
2026-04-28 06:40:00+00:00,1834.199951171875,1834.199951171875,1834.800048828125,1834.199951171875,1834.699951171875,7126
2026-04-28 06:41:00+00:00,1834.0,1834.0,1834.0999755859375,1834.0,1834.0,7050
2026-04-28 06:42:00+00:00,1833.699951171875,1833.699951171875,1834.0999755859375,1833.5999755859375,1834.0,9380
2026-04-28 06:43:00+00:00,1833.800048828125,1833.800048828125,1833.9000244140625,1833.5999755859375,1833.699951171875,8305
2026-04-28 06:44:00+00:00,1834.4000244140625,1834.4000244140625,1834.800048828125,1833.800048828125,1833.800048828125,13749
2026-04-28 06:45:00+00:00,1833.699951171875,1833.699951171875,1834.4000244140625,1833.5999755859375,1834.4000244140625,10398
2026-04-28 06:46:00+00:00,1833.5999755859375,1833.5999755859375,1833.800048828125,1833.5999755859375,1833.699951171875,7402
2026-04-28 06:47:00+00:00,1833.5999755859375,1833.5999755859375,1833.800048828125,1833.4000244140625,1833.699951171875,8629
2026-04-28 06:48:00+00:00,1833.5999755859375,1833.5999755859375,1833.800048828125,1833.5999755859375,1833.5999755859375,8138
2026-04-28 06:49:00+00:00,1833.5,1833.5,1833.699951171875,1833.300048828125,1833.699951171875,19019
2026-04-28 06:50:00+00:00,1833.300048828125,1833.300048828125,1833.800048828125,1833.300048828125,1833.300048828125,16220
2026-04-28 06:51:00+00:00,1831.800048828125,1831.800048828125,1832.300048828125,1831.0999755859375,1832.300048828125,17191
2026-04-28 06:52:00+00:00,1831.300048828125,1831.300048828125,1831.800048828125,1830.0999755859375,1831.800048828125,98522
2026-04-28 06:53:00+00:00,1830.5999755859375,1830.5999755859375,1831.300048828125,1830.300048828125,1831.300048828125,18405
2026-04-28 06:54:00+00:00,1831.9000244140625,1831.9000244140625,1831.9000244140625,1830.5,1830.5999755859375,20420
2026-04-28 06:55:00+00:00,1831.5,1831.5,1832.0,1831.199951171875,1831.699951171875,9416
2026-04-28 06:56:00+00:00,1831.699951171875,1831.699951171875,1831.699951171875,1831.300048828125,1831.4000244140625,6546
2026-04-28 06:57:00+00:00,1831.699951171875,1831.699951171875,1831.800048828125,1831.5,1831.800048828125,8288
2026-04-28 06:58:00+00:00,1830.800048828125,1830.800048828125,1831.4000244140625,1830.800048828125,1831.4000244140625,8459
2026-04-28 06:59:00+00:00,1830.9000244140625,1830.9000244140625,1830.9000244140625,1830.4000244140625,1830.699951171875,14615
2026-04-28 07:00:00+00:00,1830.300048828125,1830.300048828125,1831.0,1830.0999755859375,1830.800048828125,25968
2026-04-28 07:01:00+00:00,1830.5999755859375,1830.5999755859375,1831.0,1830.199951171875,1830.199951171875,22168
2026-04-28 07:02:00+00:00,1830.5999755859375,1830.5999755859375,1830.699951171875,1830.0999755859375,1830.5,36594
2026-04-28 07:03:00+00:00,1830.800048828125,1830.800048828125,1831.699951171875,1830.4000244140625,1830.5999755859375,22996
2026-04-28 07:04:00+00:00,1830.699951171875,1830.699951171875,1830.9000244140625,1830.5,1830.800048828125,10896
2026-04-28 07:05:00+00:00,1832.199951171875,1832.199951171875,1832.199951171875,1831.0,1831.0,13090
2026-04-28 07:06:00+00:00,1832.199951171875,1832.199951171875,1832.199951171875,1831.800048828125,1832.0,10117
2026-04-28 07:07:00+00:00,1831.9000244140625,1831.9000244140625,1832.0999755859375,1831.800048828125,1832.0,10314
2026-04-28 07:08:00+00:00,1832.199951171875,1832.199951171875,1832.199951171875,1830.800048828125,1831.9000244140625,12847
2026-04-28 07:09:00+00:00,1832.4000244140625,1832.4000244140625,1833.4000244140625,1832.4000244140625,1832.4000244140625,18172
2026-04-28 07:10:00+00:00,1832.699951171875,1832.699951171875,1832.699951171875,1831.0999755859375,1832.199951171875,13405
2026-04-28 07:11:00+00:00,1832.0,1832.0,1833.0,1831.199951171875,1832.5999755859375,13450
2026-04-28 07:12:00+00:00,1833.0999755859375,1833.0999755859375,1833.0999755859375,1832.0,1832.0,11447
2026-04-28 07:13:00+00:00,1832.4000244140625,1832.4000244140625,1833.0,1832.4000244140625,1833.0,11105
2026-04-28 07:14:00+00:00,1833.800048828125,1833.800048828125,1833.800048828125,1832.300048828125,1832.4000244140625,11944
2026-04-28 07:15:00+00:00,1834.0,1834.0,1834.300048828125,1833.5999755859375,1833.800048828125,8123
2026-04-28 07:16:00+00:00,1834.0999755859375,1834.0999755859375,1834.0999755859375,1833.4000244140625,1833.9000244140625,10769
2026-04-28 07:17:00+00:00,1834.5999755859375,1834.5999755859375,1834.5999755859375,1833.9000244140625,1834.0,4806
2026-04-28 07:18:00+00:00,1834.800048828125,1834.800048828125,1834.800048828125,1833.9000244140625,1834.5,10090
2026-04-28 07:19:00+00:00,1835.5,1835.5,1836.5,1834.699951171875,1834.699951171875,14687
2026-04-28 07:20:00+00:00,1836.0,1836.0,1836.5,1835.0,1835.4000244140625,11231
2026-04-28 07:21:00+00:00,1836.0999755859375,1836.0999755859375,1836.4000244140625,1835.0,1836.0,15032
2026-04-28 07:22:00+00:00,1835.300048828125,1835.300048828125,1836.4000244140625,1835.300048828125,1836.0999755859375,13072
2026-04-28 07:23:00+00:00,1835.300048828125,1835.300048828125,1835.9000244140625,1834.4000244140625,1835.300048828125,10973
2026-04-28 07:24:00+00:00,1834.5999755859375,1834.5999755859375,1835.9000244140625,1834.4000244140625,1835.300048828125,9232
2026-04-28 07:25:00+00:00,1834.5999755859375,1834.5999755859375,1834.9000244140625,1833.5,1834.5,11314
2026-04-28 07:26:00+00:00,1833.4000244140625,1833.4000244140625,1835.0,1833.199951171875,1834.5,7447
2026-04-28 07:27:00+00:00,1834.0999755859375,1834.0999755859375,1834.699951171875,1833.300048828125,1833.4000244140625,23738
2026-04-28 07:28:00+00:00,1833.5,1833.5,1834.300048828125,1832.5,1834.0999755859375,24154
2026-04-28 07:29:00+00:00,1832.9000244140625,1832.9000244140625,1834.0,1832.699951171875,1833.4000244140625,11570
2026-04-28 07:30:00+00:00,1833.0,1833.0,1833.800048828125,1832.699951171875,1832.699951171875,12812
2026-04-28 07:31:00+00:00,1833.0,1833.0,1833.0999755859375,1832.199951171875,1832.9000244140625,10884
2026-04-28 07:32:00+00:00,1833.5,1833.5,1834.199951171875,1832.5,1832.5,15033
2026-04-28 07:33:00+00:00,1833.800048828125,1833.800048828125,1834.300048828125,1833.0999755859375,1833.5,11372
2026-04-28 07:34:00+00:00,1833.5,1833.5,1834.199951171875,1833.0,1833.5999755859375,18204
2026-04-28 07:35:00+00:00,1833.4000244140625,1833.4000244140625,1834.0,1833.0,1833.0999755859375,6437
2026-04-28 07:36:00+00:00,1834.300048828125,1834.300048828125,1834.5,1833.699951171875,1833.699951171875,11646
2026-04-28 07:37:00+00:00,1834.0,1834.0,1834.4000244140625,1834.0,1834.4000244140625,5071
2026-04-28 07:38:00+00:00,1834.4000244140625,1834.4000244140625,1835.699951171875,1834.0,1834.0,12506
2026-04-28 07:39:00+00:00,1834.5,1834.5,1835.9000244140625,1834.5,1835.0999755859375,22974
2026-04-28 07:40:00+00:00,1834.300048828125,1834.300048828125,1835.699951171875,1834.300048828125,1834.699951171875,10712
2026-04-28 07:41:00+00:00,1834.5,1834.5,1834.800048828125,1834.199951171875,1834.4000244140625,9815
2026-04-28 07:42:00+00:00,1834.5999755859375,1834.5999755859375,1835.199951171875,1834.300048828125,1834.5,12756
2026-04-28 07:43:00+00:00,1834.0999755859375,1834.0999755859375,1835.0999755859375,1834.0,1834.699951171875,15209
2026-04-28 07:44:00+00:00,1834.0,1834.0,1835.0999755859375,1834.0,1834.0999755859375,12882
2026-04-28 07:45:00+00:00,1834.0,1834.0,1834.0999755859375,1833.5999755859375,1834.0999755859375,8046
2026-04-28 07:46:00+00:00,1834.0,1834.0,1834.5999755859375,1834.0,1834.0999755859375,11075
2026-04-28 07:47:00+00:00,1834.699951171875,1834.699951171875,1835.199951171875,1834.0999755859375,1834.0999755859375,9263
2026-04-28 07:48:00+00:00,1834.9000244140625,1834.9000244140625,1835.199951171875,1834.800048828125,1834.800048828125,6373
2026-04-28 07:49:00+00:00,1834.199951171875,1834.199951171875,1835.0999755859375,1833.800048828125,1835.0999755859375,10942
2026-04-28 07:50:00+00:00,1834.199951171875,1834.199951171875,1835.0,1833.4000244140625,1834.300048828125,25231
2026-04-28 07:51:00+00:00,1834.800048828125,1834.800048828125,1834.9000244140625,1834.199951171875,1834.199951171875,7323
2026-04-28 07:52:00+00:00,1834.5,1834.5,1835.5,1834.300048828125,1834.9000244140625,20515
2026-04-28 07:53:00+00:00,1834.5,1834.5,1835.300048828125,1834.5,1834.5999755859375,28308
2026-04-28 07:54:00+00:00,1835.300048828125,1835.300048828125,1836.0,1834.5,1834.5,18370
2026-04-28 07:55:00+00:00,1835.199951171875,1835.199951171875,1836.0,1835.0,1835.199951171875,12609
2026-04-28 07:56:00+00:00,1834.9000244140625,1834.9000244140625,1835.9000244140625,1834.9000244140625,1835.199951171875,12470
2026-04-28 07:57:00+00:00,1835.9000244140625,1835.9000244140625,1836.0,1834.9000244140625,1834.9000244140625,8733
2026-04-28 07:58:00+00:00,1835.0999755859375,1835.0999755859375,1836.0,1835.0999755859375,1835.9000244140625,5542
2026-04-28 07:59:00+00:00,1834.9000244140625,1834.9000244140625,1835.699951171875,1834.9000244140625,1835.199951171875,10304
2026-04-28 08:00:00+00:00,1834.5,1834.5,1835.0999755859375,1834.300048828125,1835.0999755859375,25078
2026-04-28 08:01:00+00:00,1834.0999755859375,1834.0999755859375,1834.9000244140625,1833.5,1834.5999755859375,26641
2026-04-28 08:02:00+00:00,1833.300048828125,1833.300048828125,1834.5999755859375,1833.300048828125,1834.0999755859375,22351
2026-04-28 08:03:00+00:00,1833.800048828125,1833.800048828125,1833.9000244140625,1832.800048828125,1833.5,87923
2026-04-28 08:04:00+00:00,1834.199951171875,1834.199951171875,1834.199951171875,1832.5,1833.5,39209
2026-04-28 08:05:00+00:00,1830.5999755859375,1830.5999755859375,1834.300048828125,1830.300048828125,1833.699951171875,43189
2026-04-28 08:06:00+00:00,1831.5999755859375,1831.5999755859375,1831.5999755859375,1829.9000244140625,1830.800048828125,56365
2026-04-28 08:07:00+00:00,1833.199951171875,1833.199951171875,1833.199951171875,1831.5,1831.5999755859375,17375
2026-04-28 08:08:00+00:00,1834.199951171875,1834.199951171875,1835.0999755859375,1832.0999755859375,1833.0999755859375,62920
2026-04-28 08:09:00+00:00,1835.800048828125,1835.800048828125,1835.800048828125,1833.9000244140625,1833.9000244140625,18643
2026-04-28 08:10:00+00:00,1835.800048828125,1835.800048828125,1836.0,1835.300048828125,1835.800048828125,35921
2026-04-28 08:11:00+00:00,1836.4000244140625,1836.4000244140625,1836.5999755859375,1835.699951171875,1836.0,32544
2026-04-28 08:12:00+00:00,1836.800048828125,1836.800048828125,1837.199951171875,1836.300048828125,1836.300048828125,42108
2026-04-28 08:13:00+00:00,1838.300048828125,1838.300048828125,1838.300048828125,1836.800048828125,1836.800048828125,49921
2026-04-28 08:14:00+00:00,1838.0,1838.0,1838.699951171875,1838.0,1838.300048828125,61978
2026-04-28 08:15:00+00:00,1836.4000244140625,1836.4000244140625,1838.0999755859375,1836.0,1838.0,39972
2026-04-28 08:16:00+00:00,1836.300048828125,1836.300048828125,1836.800048828125,1836.0999755859375,1836.5,11907
2026-04-28 08:17:00+00:00,1835.5999755859375,1835.5999755859375,1836.5,1834.9000244140625,1836.5,20033
2026-04-28 08:18:00+00:00,1835.5999755859375,1835.5999755859375,1836.4000244140625,1835.5999755859375,1835.5999755859375,27354
2026-04-28 08:19:00+00:00,1833.0999755859375,1833.0999755859375,1836.0999755859375,1833.0999755859375,1835.5,42642
2026-04-28 08:20:00+00:00,1833.5,1833.5,1834.300048828125,1832.5,1833.0,42042
2026-04-28 08:21:00+00:00,1836.0,1836.0,1836.0,1833.9000244140625,1834.199951171875,7325
2026-04-28 08:22:00+00:00,1835.699951171875,1835.699951171875,1836.0,1834.4000244140625,1835.9000244140625,15629
2026-04-28 08:23:00+00:00,1835.699951171875,1835.699951171875,1836.4000244140625,1835.0,1835.5999755859375,10229
2026-04-28 08:24:00+00:00,1835.9000244140625,1835.9000244140625,1836.4000244140625,1835.199951171875,1835.699951171875,16886
2026-04-28 08:25:00+00:00,1837.0,1837.0,1837.0,1835.4000244140625,1835.800048828125,16184
2026-04-28 08:26:00+00:00,1836.9000244140625,1836.9000244140625,1837.199951171875,1836.5999755859375,1837.0,8800
2026-04-28 08:27:00+00:00,1834.5999755859375,1834.5999755859375,1836.9000244140625,1834.5999755859375,1836.800048828125,43463
2026-04-28 08:28:00+00:00,1835.0999755859375,1835.0999755859375,1835.9000244140625,1834.5,1834.800048828125,35515
2026-04-28 08:29:00+00:00,1834.800048828125,1834.800048828125,1835.199951171875,1834.800048828125,1835.0999755859375,7564
2026-04-28 08:30:00+00:00,1834.4000244140625,1834.4000244140625,1834.800048828125,1834.4000244140625,1834.800048828125,4661
2026-04-28 08:31:00+00:00,1834.5,1834.5,1834.5,1834.0,1834.300048828125,8596
2026-04-28 08:32:00+00:00,1834.699951171875,1834.699951171875,1834.699951171875,1834.300048828125,1834.4000244140625,6982
2026-04-28 08:33:00+00:00,1834.5,1834.5,1834.699951171875,1834.5,1834.5999755859375,7383
2026-04-28 08:34:00+00:00,1834.5,1834.5,1835.300048828125,1834.5,1834.5,14341
2026-04-28 08:35:00+00:00,1833.699951171875,1833.699951171875,1834.4000244140625,1833.5999755859375,1834.4000244140625,7664
2026-04-28 08:36:00+00:00,1834.5,1834.5,1834.699951171875,1833.5999755859375,1833.699951171875,22088
2026-04-28 08:37:00+00:00,1834.199951171875,1834.199951171875,1834.699951171875,1834.0999755859375,1834.4000244140625,34192
2026-04-28 08:38:00+00:00,1834.699951171875,1834.699951171875,1834.9000244140625,1834.199951171875,1834.199951171875,37928
2026-04-28 08:39:00+00:00,1836.0,1836.0,1836.0999755859375,1834.699951171875,1834.800048828125,25614
2026-04-28 08:40:00+00:00,1835.5999755859375,1835.5999755859375,1836.4000244140625,1835.0999755859375,1836.0,20625
2026-04-28 08:41:00+00:00,1835.199951171875,1835.199951171875,1835.9000244140625,1835.0999755859375,1835.5999755859375,10926
2026-04-28 08:42:00+00:00,1836.199951171875,1836.199951171875,1836.199951171875,1835.199951171875,1835.199951171875,16297
2026-04-28 08:43:00+00:00,1836.0,1836.0,1837.199951171875,1835.199951171875,1836.4000244140625,37131
2026-04-28 08:44:00+00:00,1833.5,1833.5,1835.699951171875,1833.300048828125,1835.5,18360
2026-04-28 08:45:00+00:00,1833.5,1833.5,1834.5999755859375,1833.0,1833.5,32564
2026-04-28 08:46:00+00:00,1833.199951171875,1833.199951171875,1834.0,1833.0,1833.699951171875,33759
2026-04-28 08:47:00+00:00,1834.300048828125,1834.300048828125,1834.699951171875,1832.699951171875,1833.199951171875,31494
2026-04-28 08:48:00+00:00,1834.699951171875,1834.699951171875,1834.800048828125,1834.5,1834.5999755859375,11610
2026-04-28 08:49:00+00:00,1835.5,1835.5,1835.9000244140625,1834.5999755859375,1834.699951171875,16058
2026-04-28 08:50:00+00:00,1835.0999755859375,1835.0999755859375,1835.0999755859375,1834.699951171875,1835.0999755859375,15452
2026-04-28 08:51:00+00:00,1835.0,1835.0,1835.0999755859375,1834.300048828125,1834.4000244140625,11802
2026-04-28 08:52:00+00:00,1835.0999755859375,1835.0999755859375,1835.0999755859375,1834.9000244140625,1835.0,7690
2026-04-28 08:53:00+00:00,1835.199951171875,1835.199951171875,1835.5999755859375,1834.699951171875,1835.199951171875,23303
2026-04-28 08:54:00+00:00,1833.699951171875,1833.699951171875,1835.4000244140625,1833.699951171875,1834.9000244140625,10760
2026-04-28 08:55:00+00:00,1835.9000244140625,1835.9000244140625,1835.9000244140625,1833.4000244140625,1834.0,21768
2026-04-28 08:56:00+00:00,1836.199951171875,1836.199951171875,1836.5,1834.9000244140625,1835.5,63850
2026-04-28 08:57:00+00:00,1836.0,1836.0,1836.5,1835.5999755859375,1836.199951171875,47617
2026-04-28 08:58:00+00:00,1834.5999755859375,1834.5999755859375,1836.4000244140625,1834.199951171875,1836.0999755859375,43426
2026-04-28 08:59:00+00:00,1834.4000244140625,1834.4000244140625,1834.5999755859375,1833.0,1834.5999755859375,11321
2026-04-28 09:00:00+00:00,1835.300048828125,1835.300048828125,1835.5,1834.300048828125,1834.4000244140625,26779
2026-04-28 09:01:00+00:00,1835.9000244140625,1835.9000244140625,1836.4000244140625,1835.0999755859375,1835.199951171875,23125
2026-04-28 09:02:00+00:00,1834.699951171875,1834.699951171875,1836.5,1834.4000244140625,1835.800048828125,38317
2026-04-28 09:03:00+00:00,1836.199951171875,1836.199951171875,1836.300048828125,1834.699951171875,1834.699951171875,14129
2026-04-28 09:04:00+00:00,1833.800048828125,1833.800048828125,1836.199951171875,1833.800048828125,1836.199951171875,18936
2026-04-28 09:05:00+00:00,1835.199951171875,1835.199951171875,1835.800048828125,1833.699951171875,1834.0999755859375,15344
2026-04-28 09:06:00+00:00,1834.699951171875,1834.699951171875,1835.800048828125,1834.0999755859375,1835.199951171875,13355
2026-04-28 09:07:00+00:00,1835.5,1835.5,1835.5,1834.699951171875,1834.699951171875,10577
2026-04-28 09:08:00+00:00,1834.0,1834.0,1835.5,1834.0,1835.5,12271
2026-04-28 09:09:00+00:00,1835.0999755859375,1835.0999755859375,1835.199951171875,1833.699951171875,1833.9000244140625,10264
2026-04-28 09:10:00+00:00,1835.800048828125,1835.800048828125,1835.800048828125,1835.0,1835.0999755859375,15260
2026-04-28 09:11:00+00:00,1835.0999755859375,1835.0999755859375,1835.0999755859375,1834.199951171875,1835.0,13928
2026-04-28 09:12:00+00:00,1834.800048828125,1834.800048828125,1835.0999755859375,1834.699951171875,1835.0999755859375,19717
2026-04-28 09:13:00+00:00,1836.0,1836.0,1836.0,1834.0,1834.800048828125,24559
2026-04-28 09:14:00+00:00,1836.5,1836.5,1836.5,1835.9000244140625,1836.0,10353
2026-04-28 09:15:00+00:00,1836.0999755859375,1836.0999755859375,1836.699951171875,1835.800048828125,1836.300048828125,11109
2026-04-28 09:16:00+00:00,1835.9000244140625,1835.9000244140625,1836.0999755859375,1834.800048828125,1836.0999755859375,38842
2026-04-28 09:17:00+00:00,1835.5999755859375,1835.5999755859375,1836.699951171875,1835.0999755859375,1836.0,31738
2026-04-28 09:18:00+00:00,1835.800048828125,1835.800048828125,1836.300048828125,1835.0,1835.800048828125,13518
2026-04-28 09:19:00+00:00,1836.4000244140625,1836.4000244140625,1836.699951171875,1835.300048828125,1835.800048828125,19926
2026-04-28 09:20:00+00:00,1836.800048828125,1836.800048828125,1836.9000244140625,1836.699951171875,1836.699951171875,8722
2026-04-28 09:21:00+00:00,1837.0999755859375,1837.0999755859375,1837.0999755859375,1836.699951171875,1836.800048828125,24689
2026-04-28 09:22:00+00:00,1837.0,1837.0,1837.0999755859375,1837.0,1837.0999755859375,17858
2026-04-28 09:23:00+00:00,1837.199951171875,1837.199951171875,1837.199951171875,1837.0,1837.0,20578
2026-04-28 09:24:00+00:00,1837.9000244140625,1837.9000244140625,1837.9000244140625,1837.4000244140625,1837.5,35868
2026-04-28 09:25:00+00:00,1838.0,1838.0,1838.0999755859375,1837.699951171875,1837.9000244140625,33713
2026-04-28 09:26:00+00:00,1838.300048828125,1838.300048828125,1838.5,1838.0,1838.0,30160
2026-04-28 09:27:00+00:00,1839.4000244140625,1839.4000244140625,1839.5999755859375,1837.0,1838.300048828125,30154
2026-04-28 09:28:00+00:00,1839.5999755859375,1839.5999755859375,1839.699951171875,1839.199951171875,1839.4000244140625,16322
2026-04-28 09:29:00+00:00,1839.199951171875,1839.199951171875,1840.0,1839.199951171875,1839.5999755859375,44614
2026-04-28 09:30:00+00:00,1838.9000244140625,1838.9000244140625,1839.0999755859375,1838.800048828125,1839.0999755859375,49634
2026-04-28 09:31:00+00:00,1838.800048828125,1838.800048828125,1839.0,1837.800048828125,1839.0,92876
2026-04-28 09:32:00+00:00,1837.0,1837.0,1838.800048828125,1836.5999755859375,1838.800048828125,122321
2026-04-28 09:33:00+00:00,1841.300048828125,1841.300048828125,1841.4000244140625,1837.0,1837.0,139068
2026-04-28 09:34:00+00:00,1844.0999755859375,1844.0999755859375,1844.300048828125,1840.0999755859375,1840.9000244140625,370848
2026-04-28 09:35:00+00:00,1847.5999755859375,1847.5999755859375,1847.800048828125,1843.800048828125,1844.199951171875,328898
2026-04-28 09:36:00+00:00,1848.0,1848.0,1849.4000244140625,1845.5,1847.800048828125,393733
2026-04-28 09:37:00+00:00,1848.0,1848.0,1848.0999755859375,1845.0,1848.0,679358
2026-04-28 09:38:00+00:00,1844.199951171875,1844.199951171875,1848.0999755859375,1843.0999755859375,1848.0,401987
2026-04-28 09:39:00+00:00,1842.9000244140625,1842.9000244140625,1846.699951171875,1842.9000244140625,1844.199951171875,229080
2026-04-28 09:40:00+00:00,1841.0,1841.0,1843.0999755859375,1840.9000244140625,1842.800048828125,86511
2026-04-28 09:41:00+00:00,1840.0999755859375,1840.0999755859375,1841.0,1840.0,1841.0,46944
2026-04-28 09:42:00+00:00,1840.0,1840.0,1841.5999755859375,1840.0,1840.0999755859375,227138
2026-04-28 09:43:00+00:00,1840.0999755859375,1840.0999755859375,1840.300048828125,1839.0999755859375,1840.0,99533
2026-04-28 09:44:00+00:00,1839.5,1839.5,1840.0999755859375,1839.5,1840.0,36523
2026-04-28 09:45:00+00:00,1839.9000244140625,1839.9000244140625,1840.0,1839.0,1839.300048828125,51473
2026-04-28 09:46:00+00:00,1839.4000244140625,1839.4000244140625,1839.9000244140625,1839.0,1839.800048828125,49523
2026-04-28 09:47:00+00:00,1839.0,1839.0,1839.4000244140625,1837.5,1839.4000244140625,175718
2026-04-28 09:48:00+00:00,1839.0999755859375,1839.0999755859375,1839.4000244140625,1838.4000244140625,1838.4000244140625,68021
2026-04-28 09:49:00+00:00,1841.300048828125,1841.300048828125,1842.0,1839.0,1839.0,85729
2026-04-28 09:50:00+00:00,1841.0,1841.0,1841.300048828125,1841.0,1841.300048828125,62416
2026-04-28 09:51:00+00:00,1840.199951171875,1840.199951171875,1841.300048828125,1840.0999755859375,1841.0,34809
2026-04-28 09:52:00+00:00,1840.9000244140625,1840.9000244140625,1841.0,1839.9000244140625,1840.0999755859375,31309
2026-04-28 09:53:00+00:00,1840.5999755859375,1840.5999755859375,1841.0999755859375,1840.5,1840.9000244140625,39269
2026-04-28 09:54:00+00:00,1841.199951171875,1841.199951171875,1841.800048828125,1840.300048828125,1840.5999755859375,44814
2026-04-28 09:55:00+00:00,1845.0999755859375,1845.0999755859375,1845.0999755859375,1841.300048828125,1841.300048828125,67892
2026-04-28 09:56:00+00:00,1845.0999755859375,1845.0999755859375,1845.0999755859375,1843.300048828125,1845.0,109154
2026-04-28 09:57:00+00:00,1844.4000244140625,1844.4000244140625,1847.0999755859375,1844.4000244140625,1844.800048828125,86968
2026-04-28 09:58:00+00:00,1845.300048828125,1845.300048828125,1848.9000244140625,1840.4000244140625,1844.0999755859375,70184
2026-04-28 09:59:00+00:00,1850.0,1850.0,1851.5,1843.699951171875,1845.0,254620
2026-04-29 03:45:00+00:00,1861.0,1861.0,1862.5,1847.9000244140625,1847.9000244140625,0
2026-04-29 03:46:00+00:00,1857.800048828125,1857.800048828125,1862.0,1855.199951171875,1860.199951171875,34895
2026-04-29 03:47:00+00:00,1863.5999755859375,1863.5999755859375,1864.300048828125,1857.800048828125,1858.0,36542
2026-04-29 03:48:00+00:00,1865.0,1865.0,1866.0,1863.0,1863.0,66341
2026-04-29 03:49:00+00:00,1871.0,1871.0,1872.9000244140625,1864.699951171875,1865.0,68962
2026-04-29 03:50:00+00:00,1873.9000244140625,1873.9000244140625,1874.800048828125,1871.4000244140625,1871.4000244140625,34628
2026-04-29 03:51:00+00:00,1871.9000244140625,1871.9000244140625,1874.9000244140625,1871.9000244140625,1874.4000244140625,24343
2026-04-29 03:52:00+00:00,1870.0,1870.0,1873.0,1869.699951171875,1872.5999755859375,16895
2026-04-29 03:53:00+00:00,1865.0,1865.0,1870.0999755859375,1865.0,1870.0,80712
2026-04-29 03:54:00+00:00,1867.0,1867.0,1867.5999755859375,1863.300048828125,1865.0,25207
2026-04-29 03:55:00+00:00,1863.5999755859375,1863.5999755859375,1867.300048828125,1863.5,1866.5999755859375,7520
2026-04-29 03:56:00+00:00,1864.5999755859375,1864.5999755859375,1864.5999755859375,1864.0,1864.199951171875,7548
2026-04-29 03:57:00+00:00,1865.9000244140625,1865.9000244140625,1865.9000244140625,1864.4000244140625,1864.4000244140625,6664
2026-04-29 03:58:00+00:00,1865.0999755859375,1865.0999755859375,1866.699951171875,1865.0999755859375,1865.4000244140625,8253
2026-04-29 03:59:00+00:00,1865.4000244140625,1865.4000244140625,1865.4000244140625,1864.300048828125,1865.4000244140625,8801
2026-04-29 04:00:00+00:00,1866.5,1866.5,1866.5,1865.0999755859375,1865.300048828125,7743
2026-04-29 04:01:00+00:00,1867.699951171875,1867.699951171875,1867.9000244140625,1866.300048828125,1866.800048828125,9335
2026-04-29 04:02:00+00:00,1866.4000244140625,1866.4000244140625,1867.699951171875,1866.0999755859375,1867.699951171875,9811
2026-04-29 04:03:00+00:00,1861.4000244140625,1861.4000244140625,1866.5999755859375,1861.0999755859375,1866.5999755859375,17032
2026-04-29 04:04:00+00:00,1860.699951171875,1860.699951171875,1861.699951171875,1860.4000244140625,1861.0999755859375,6652
2026-04-29 04:05:00+00:00,1861.9000244140625,1861.9000244140625,1863.0999755859375,1861.199951171875,1861.199951171875,9400
2026-04-29 04:06:00+00:00,1865.5999755859375,1865.5999755859375,1865.800048828125,1861.9000244140625,1861.9000244140625,11729
2026-04-29 04:07:00+00:00,1866.199951171875,1866.199951171875,1866.5999755859375,1865.0,1865.5999755859375,10841
2026-04-29 04:08:00+00:00,1867.0,1867.0,1867.5,1866.699951171875,1866.699951171875,10220
2026-04-29 04:09:00+00:00,1867.9000244140625,1867.9000244140625,1868.300048828125,1866.300048828125,1866.699951171875,9774
2026-04-29 04:10:00+00:00,1868.699951171875,1868.699951171875,1869.5999755859375,1867.4000244140625,1868.0,9895
2026-04-29 04:11:00+00:00,1868.5,1868.5,1869.0999755859375,1868.0,1868.800048828125,11313
2026-04-29 04:12:00+00:00,1867.699951171875,1867.699951171875,1868.300048828125,1867.5,1868.0999755859375,13382
2026-04-29 04:13:00+00:00,1870.0,1870.0,1871.0,1867.5,1867.699951171875,18171
2026-04-29 04:14:00+00:00,1873.5,1873.5,1873.5999755859375,1870.0,1870.0,14093
2026-04-29 04:15:00+00:00,1872.5999755859375,1872.5999755859375,1873.9000244140625,1871.9000244140625,1873.5,8099
2026-04-29 04:16:00+00:00,1871.9000244140625,1871.9000244140625,1872.4000244140625,1871.800048828125,1872.300048828125,6953
2026-04-29 04:17:00+00:00,1872.800048828125,1872.800048828125,1873.0,1871.5,1872.0,10989
2026-04-29 04:18:00+00:00,1872.300048828125,1872.300048828125,1872.699951171875,1871.5,1872.5999755859375,7070
2026-04-29 04:19:00+00:00,1872.699951171875,1872.699951171875,1872.699951171875,1871.9000244140625,1872.300048828125,7763
2026-04-29 04:20:00+00:00,1872.5,1872.5,1873.699951171875,1872.0,1872.9000244140625,18467
2026-04-29 04:21:00+00:00,1872.4000244140625,1872.4000244140625,1872.5,1871.800048828125,1872.5,4248
2026-04-29 04:22:00+00:00,1872.5,1872.5,1873.0,1872.199951171875,1872.199951171875,6860
2026-04-29 04:23:00+00:00,1873.5,1873.5,1873.5,1872.199951171875,1872.5999755859375,8111
2026-04-29 04:24:00+00:00,1875.0,1875.0,1875.0,1873.300048828125,1873.300048828125,17437
2026-04-29 04:25:00+00:00,1875.0,1875.0,1875.0,1874.5,1874.5999755859375,10559
2026-04-29 04:26:00+00:00,1874.9000244140625,1874.9000244140625,1875.0,1874.5,1874.800048828125,14107
2026-04-29 04:27:00+00:00,1872.5,1872.5,1874.800048828125,1872.5,1874.800048828125,9086
2026-04-29 04:28:00+00:00,1872.300048828125,1872.300048828125,1872.699951171875,1871.9000244140625,1872.5,5105
2026-04-29 04:29:00+00:00,1872.5,1872.5,1872.699951171875,1872.0,1872.699951171875,6218
2026-04-29 04:30:00+00:00,1874.300048828125,1874.300048828125,1874.300048828125,1873.5,1873.5,7510
2026-04-29 04:31:00+00:00,1875.0999755859375,1875.0999755859375,1875.0999755859375,1874.699951171875,1875.0,17040
2026-04-29 04:32:00+00:00,1874.300048828125,1874.300048828125,1875.0999755859375,1874.300048828125,1875.0999755859375,6643
2026-04-29 04:33:00+00:00,1874.4000244140625,1874.4000244140625,1874.800048828125,1874.300048828125,1874.800048828125,12127
2026-04-29 04:34:00+00:00,1874.5,1874.5,1874.5,1874.300048828125,1874.300048828125,3349
2026-04-29 04:35:00+00:00,1874.9000244140625,1874.9000244140625,1875.199951171875,1874.5,1874.5,6955
2026-04-29 04:36:00+00:00,1875.4000244140625,1875.4000244140625,1875.4000244140625,1874.5999755859375,1874.800048828125,4229
2026-04-29 04:37:00+00:00,1876.9000244140625,1876.9000244140625,1876.9000244140625,1875.4000244140625,1875.4000244140625,13213
2026-04-29 04:38:00+00:00,1876.800048828125,1876.800048828125,1876.9000244140625,1876.5,1876.5,4195
2026-04-29 04:39:00+00:00,1878.4000244140625,1878.4000244140625,1878.4000244140625,1876.699951171875,1876.9000244140625,24547
2026-04-29 04:40:00+00:00,1879.5999755859375,1879.5999755859375,1879.5999755859375,1878.199951171875,1878.4000244140625,14427
2026-04-29 04:41:00+00:00,1880.300048828125,1880.300048828125,1880.9000244140625,1879.699951171875,1879.699951171875,36192
2026-04-29 04:42:00+00:00,1879.800048828125,1879.800048828125,1880.0999755859375,1879.0,1880.0999755859375,8713
2026-04-29 04:43:00+00:00,1879.4000244140625,1879.4000244140625,1879.9000244140625,1878.9000244140625,1879.9000244140625,4473
2026-04-29 04:44:00+00:00,1880.800048828125,1880.800048828125,1880.800048828125,1879.4000244140625,1879.5,12940
2026-04-29 04:45:00+00:00,1880.9000244140625,1880.9000244140625,1881.9000244140625,1880.5999755859375,1880.800048828125,12537
2026-04-29 04:46:00+00:00,1881.0999755859375,1881.0999755859375,1881.800048828125,1880.5,1880.699951171875,6720
2026-04-29 04:47:00+00:00,1883.9000244140625,1883.9000244140625,1883.9000244140625,1881.0,1881.199951171875,26096
2026-04-29 04:48:00+00:00,1884.5999755859375,1884.5999755859375,1885.0,1883.199951171875,1883.4000244140625,13101
2026-04-29 04:49:00+00:00,1884.0,1884.0,1884.800048828125,1882.699951171875,1884.5999755859375,18657
2026-04-29 04:50:00+00:00,1885.800048828125,1885.800048828125,1885.9000244140625,1883.9000244140625,1884.0,20294
2026-04-29 04:51:00+00:00,1885.0999755859375,1885.0999755859375,1885.9000244140625,1885.0,1885.800048828125,10925
2026-04-29 04:52:00+00:00,1885.5,1885.5,1886.199951171875,1885.0999755859375,1885.4000244140625,12125
2026-04-29 04:53:00+00:00,1885.5999755859375,1885.5999755859375,1886.0,1885.0,1885.800048828125,10373
2026-04-29 04:54:00+00:00,1886.4000244140625,1886.4000244140625,1886.9000244140625,1885.199951171875,1885.5999755859375,12438
2026-04-29 04:55:00+00:00,1887.199951171875,1887.199951171875,1887.5,1886.4000244140625,1886.9000244140625,11045
2026-04-29 04:56:00+00:00,1890.4000244140625,1890.4000244140625,1891.0,1888.4000244140625,1888.4000244140625,75393
2026-04-29 04:57:00+00:00,1892.300048828125,1892.300048828125,1892.4000244140625,1890.0,1890.5,36409
2026-04-29 04:58:00+00:00,1896.5999755859375,1896.5999755859375,1897.5999755859375,1892.0,1892.4000244140625,46430
2026-04-29 04:59:00+00:00,1897.199951171875,1897.199951171875,1897.9000244140625,1896.0,1896.800048828125,20606
2026-04-29 05:00:00+00:00,1891.9000244140625,1891.9000244140625,1897.199951171875,1891.800048828125,1897.199951171875,41645
2026-04-29 05:01:00+00:00,1892.699951171875,1892.699951171875,1893.199951171875,1890.800048828125,1892.5,28991
2026-04-29 05:02:00+00:00,1897.4000244140625,1897.4000244140625,1898.699951171875,1891.9000244140625,1892.300048828125,95845
2026-04-29 05:03:00+00:00,1896.5999755859375,1896.5999755859375,1898.199951171875,1895.0,1896.9000244140625,158114
2026-04-29 05:04:00+00:00,1896.0,1896.0,1896.9000244140625,1895.4000244140625,1896.199951171875,69712
2026-04-29 05:05:00+00:00,1899.0999755859375,1899.0999755859375,1899.4000244140625,1895.5,1896.0999755859375,42177
2026-04-29 05:06:00+00:00,1899.9000244140625,1899.9000244140625,1899.9000244140625,1898.699951171875,1899.0999755859375,19480
2026-04-29 05:07:00+00:00,1896.0,1896.0,1900.199951171875,1895.4000244140625,1900.0,41041
2026-04-29 05:08:00+00:00,1895.0,1895.0,1897.9000244140625,1895.0,1896.199951171875,24617
2026-04-29 05:09:00+00:00,1895.199951171875,1895.199951171875,1896.0,1895.0,1895.699951171875,11278
2026-04-29 05:10:00+00:00,1894.0999755859375,1894.0999755859375,1895.300048828125,1893.4000244140625,1895.300048828125,13959
2026-04-29 05:11:00+00:00,1894.0999755859375,1894.0999755859375,1894.5,1893.0,1894.0999755859375,11824
2026-04-29 05:12:00+00:00,1893.4000244140625,1893.4000244140625,1894.4000244140625,1893.0,1894.0999755859375,8679
2026-04-29 05:13:00+00:00,1892.199951171875,1892.199951171875,1893.5,1892.0,1893.4000244140625,8368
2026-04-29 05:14:00+00:00,1892.0999755859375,1892.0999755859375,1893.0,1891.300048828125,1892.4000244140625,19578
2026-04-29 05:15:00+00:00,1892.699951171875,1892.699951171875,1892.699951171875,1891.5999755859375,1891.699951171875,13563
2026-04-29 05:16:00+00:00,1893.0,1893.0,1893.4000244140625,1892.0999755859375,1892.699951171875,18543
2026-04-29 05:17:00+00:00,1893.5,1893.5,1893.9000244140625,1892.800048828125,1893.0,9629
2026-04-29 05:18:00+00:00,1893.9000244140625,1893.9000244140625,1894.0,1893.0,1893.5,9419
2026-04-29 05:19:00+00:00,1894.5999755859375,1894.5999755859375,1894.5999755859375,1892.699951171875,1894.199951171875,27169
2026-04-29 05:20:00+00:00,1894.4000244140625,1894.4000244140625,1895.0,1894.0,1894.4000244140625,3855
2026-04-29 05:21:00+00:00,1893.199951171875,1893.199951171875,1894.4000244140625,1893.0,1894.4000244140625,8632
2026-04-29 05:22:00+00:00,1892.800048828125,1892.800048828125,1893.300048828125,1892.0,1893.0,10501
2026-04-29 05:23:00+00:00,1893.300048828125,1893.300048828125,1893.800048828125,1892.300048828125,1892.800048828125,8050
2026-04-29 05:24:00+00:00,1894.199951171875,1894.199951171875,1894.199951171875,1893.0,1893.300048828125,17922
2026-04-29 05:25:00+00:00,1894.699951171875,1894.699951171875,1895.0,1893.5,1894.0,10385
2026-04-29 05:26:00+00:00,1891.9000244140625,1891.9000244140625,1895.0,1891.300048828125,1895.0,14252
2026-04-29 05:27:00+00:00,1892.4000244140625,1892.4000244140625,1893.4000244140625,1891.5999755859375,1891.9000244140625,7105
2026-04-29 05:28:00+00:00,1892.4000244140625,1892.4000244140625,1892.4000244140625,1891.300048828125,1892.4000244140625,7998
2026-04-29 05:29:00+00:00,1891.9000244140625,1891.9000244140625,1893.0,1890.800048828125,1892.4000244140625,9923
2026-04-29 05:30:00+00:00,1892.300048828125,1892.300048828125,1892.800048828125,1891.5,1891.9000244140625,6595
2026-04-29 05:31:00+00:00,1890.5999755859375,1890.5999755859375,1893.0,1890.300048828125,1892.199951171875,8356
2026-04-29 05:32:00+00:00,1891.9000244140625,1891.9000244140625,1891.9000244140625,1890.300048828125,1890.5999755859375,31543
2026-04-29 05:33:00+00:00,1891.5999755859375,1891.5999755859375,1892.0999755859375,1891.5,1892.0,7778
2026-04-29 05:34:00+00:00,1888.0,1888.0,1891.9000244140625,1887.4000244140625,1891.5999755859375,14518
2026-04-29 05:35:00+00:00,1888.9000244140625,1888.9000244140625,1889.0,1887.300048828125,1887.9000244140625,13207
2026-04-29 05:36:00+00:00,1890.0,1890.0,1890.0,1888.9000244140625,1888.9000244140625,6291
2026-04-29 05:37:00+00:00,1889.5999755859375,1889.5999755859375,1890.0,1888.800048828125,1890.0,6920
2026-04-29 05:38:00+00:00,1891.0,1891.0,1891.0,1889.5999755859375,1889.699951171875,6046
2026-04-29 05:39:00+00:00,1889.5,1889.5,1891.0,1889.300048828125,1891.0,10104
2026-04-29 05:40:00+00:00,1890.300048828125,1890.300048828125,1890.300048828125,1889.5,1890.0,5503
2026-04-29 05:41:00+00:00,1889.699951171875,1889.699951171875,1891.0999755859375,1889.4000244140625,1890.5,12412
2026-04-29 05:42:00+00:00,1890.0,1890.0,1890.0999755859375,1889.0,1889.699951171875,7343
2026-04-29 05:43:00+00:00,1890.4000244140625,1890.4000244140625,1891.0,1889.800048828125,1890.0999755859375,7651
2026-04-29 05:44:00+00:00,1892.0,1892.0,1892.0,1890.699951171875,1890.699951171875,6030
2026-04-29 05:45:00+00:00,1889.199951171875,1889.199951171875,1892.0,1888.4000244140625,1891.800048828125,10841
2026-04-29 05:46:00+00:00,1888.199951171875,1888.199951171875,1889.199951171875,1887.5999755859375,1889.199951171875,7903
2026-04-29 05:47:00+00:00,1887.4000244140625,1887.4000244140625,1888.199951171875,1887.300048828125,1888.199951171875,5957
2026-04-29 05:48:00+00:00,1887.5,1887.5,1887.699951171875,1887.4000244140625,1887.699951171875,4592
2026-04-29 05:49:00+00:00,1886.300048828125,1886.300048828125,1887.4000244140625,1885.699951171875,1887.4000244140625,13880
2026-04-29 05:50:00+00:00,1886.5,1886.5,1887.300048828125,1886.300048828125,1886.800048828125,7513
2026-04-29 05:51:00+00:00,1887.5,1887.5,1888.199951171875,1886.300048828125,1886.5,6785
2026-04-29 05:52:00+00:00,1887.5,1887.5,1888.0999755859375,1886.9000244140625,1887.5999755859375,6164
2026-04-29 05:53:00+00:00,1885.800048828125,1885.800048828125,1887.800048828125,1885.800048828125,1887.699951171875,8251
2026-04-29 05:54:00+00:00,1885.4000244140625,1885.4000244140625,1886.0999755859375,1885.0,1885.800048828125,7004
2026-04-29 05:55:00+00:00,1882.0999755859375,1882.0999755859375,1885.4000244140625,1881.800048828125,1885.199951171875,26542
2026-04-29 05:56:00+00:00,1882.0,1882.0,1882.5999755859375,1882.0,1882.300048828125,9424
2026-04-29 05:57:00+00:00,1882.0999755859375,1882.0999755859375,1882.4000244140625,1882.0999755859375,1882.199951171875,5421
2026-04-29 05:58:00+00:00,1882.5,1882.5,1882.9000244140625,1882.0999755859375,1882.4000244140625,11016
2026-04-29 05:59:00+00:00,1882.9000244140625,1882.9000244140625,1883.199951171875,1882.0999755859375,1882.699951171875,5118
2026-04-29 06:00:00+00:00,1883.199951171875,1883.199951171875,1883.199951171875,1881.5999755859375,1882.800048828125,15989
2026-04-29 06:01:00+00:00,1883.800048828125,1883.800048828125,1883.800048828125,1883.300048828125,1883.300048828125,6297
2026-04-29 06:02:00+00:00,1884.4000244140625,1884.4000244140625,1884.4000244140625,1883.5,1884.0,7150
2026-04-29 06:03:00+00:00,1884.4000244140625,1884.4000244140625,1884.5,1883.5,1884.5,8524
2026-04-29 06:04:00+00:00,1884.0999755859375,1884.0999755859375,1884.800048828125,1883.5,1884.4000244140625,5526
2026-04-29 06:05:00+00:00,1884.4000244140625,1884.4000244140625,1884.4000244140625,1884.0,1884.0999755859375,4571
2026-04-29 06:06:00+00:00,1884.4000244140625,1884.4000244140625,1884.9000244140625,1884.0,1884.9000244140625,10412
2026-04-29 06:07:00+00:00,1885.0,1885.0,1885.300048828125,1884.5,1884.5999755859375,6369
2026-04-29 06:08:00+00:00,1884.9000244140625,1884.9000244140625,1885.199951171875,1884.5,1885.0999755859375,7135
2026-04-29 06:09:00+00:00,1886.0,1886.0,1886.0,1884.699951171875,1884.9000244140625,25318
2026-04-29 06:10:00+00:00,1886.4000244140625,1886.4000244140625,1888.4000244140625,1886.0999755859375,1886.0999755859375,19692
2026-04-29 06:11:00+00:00,1886.0,1886.0,1887.300048828125,1885.699951171875,1886.4000244140625,9954
2026-04-29 06:12:00+00:00,1887.4000244140625,1887.4000244140625,1887.4000244140625,1886.0999755859375,1886.5,9212
2026-04-29 06:13:00+00:00,1887.5,1887.5,1887.699951171875,1887.0,1887.4000244140625,5698
2026-04-29 06:14:00+00:00,1887.9000244140625,1887.9000244140625,1888.800048828125,1887.699951171875,1887.699951171875,19590
2026-04-29 06:15:00+00:00,1889.5999755859375,1889.5999755859375,1890.9000244140625,1887.5999755859375,1887.9000244140625,32738
2026-04-29 06:16:00+00:00,1889.9000244140625,1889.9000244140625,1890.0999755859375,1889.300048828125,1889.699951171875,7498
2026-04-29 06:17:00+00:00,1890.300048828125,1890.300048828125,1890.9000244140625,1889.9000244140625,1889.9000244140625,15682
2026-04-29 06:18:00+00:00,1890.0999755859375,1890.0999755859375,1892.0,1890.0999755859375,1890.300048828125,23111
2026-04-29 06:19:00+00:00,1891.0,1891.0,1891.0999755859375,1890.0999755859375,1890.699951171875,10569
2026-04-29 06:20:00+00:00,1890.300048828125,1890.300048828125,1892.0,1889.199951171875,1891.199951171875,54069
2026-04-29 06:21:00+00:00,1890.5999755859375,1890.5999755859375,1890.699951171875,1890.0,1890.300048828125,6904
2026-04-29 06:22:00+00:00,1891.0999755859375,1891.0999755859375,1891.0999755859375,1890.4000244140625,1890.5999755859375,6241
2026-04-29 06:23:00+00:00,1890.300048828125,1890.300048828125,1891.300048828125,1889.800048828125,1891.300048828125,8523
2026-04-29 06:24:00+00:00,1889.699951171875,1889.699951171875,1890.9000244140625,1889.699951171875,1890.5999755859375,17853
2026-04-29 06:25:00+00:00,1889.5,1889.5,1890.0,1889.0,1890.0,7359
2026-04-29 06:26:00+00:00,1889.4000244140625,1889.4000244140625,1889.5999755859375,1889.0999755859375,1889.5999755859375,6844
2026-04-29 06:27:00+00:00,1888.4000244140625,1888.4000244140625,1889.4000244140625,1888.0,1889.4000244140625,5822
2026-04-29 06:28:00+00:00,1889.5999755859375,1889.5999755859375,1889.699951171875,1887.800048828125,1888.300048828125,22393
2026-04-29 06:29:00+00:00,1888.5,1888.5,1889.5999755859375,1888.300048828125,1889.5999755859375,7751
2026-04-29 06:30:00+00:00,1887.300048828125,1887.300048828125,1888.800048828125,1886.9000244140625,1888.699951171875,5404
2026-04-29 06:31:00+00:00,1888.300048828125,1888.300048828125,1888.300048828125,1886.9000244140625,1887.199951171875,8842
2026-04-29 06:32:00+00:00,1886.9000244140625,1886.9000244140625,1888.5,1886.800048828125,1888.300048828125,10404
2026-04-29 06:33:00+00:00,1886.0,1886.0,1886.9000244140625,1886.0,1886.800048828125,6175
2026-04-29 06:34:00+00:00,1882.9000244140625,1882.9000244140625,1886.5999755859375,1882.9000244140625,1886.4000244140625,18519
2026-04-29 06:35:00+00:00,1883.0999755859375,1883.0999755859375,1883.300048828125,1882.5,1883.0999755859375,4886
2026-04-29 06:36:00+00:00,1883.199951171875,1883.199951171875,1883.300048828125,1883.0,1883.0999755859375,5288
2026-04-29 06:37:00+00:00,1884.5,1884.5,1884.5,1883.300048828125,1883.5,6627
2026-04-29 06:38:00+00:00,1885.199951171875,1885.199951171875,1885.4000244140625,1884.0999755859375,1884.5999755859375,10199
2026-04-29 06:39:00+00:00,1886.300048828125,1886.300048828125,1886.300048828125,1884.0999755859375,1885.5,11781
2026-04-29 06:40:00+00:00,1887.300048828125,1887.300048828125,1887.300048828125,1885.800048828125,1886.300048828125,13454
2026-04-29 06:41:00+00:00,1888.0999755859375,1888.0999755859375,1888.5,1887.0,1887.9000244140625,10833
2026-04-29 06:42:00+00:00,1887.199951171875,1887.199951171875,1888.0999755859375,1886.4000244140625,1888.0999755859375,5741
2026-04-29 06:43:00+00:00,1885.5,1885.5,1887.699951171875,1885.5,1887.699951171875,14258
2026-04-29 06:44:00+00:00,1884.5999755859375,1884.5999755859375,1885.5,1883.699951171875,1885.4000244140625,20894
2026-04-29 06:45:00+00:00,1885.0,1885.0,1885.4000244140625,1884.5999755859375,1884.5999755859375,5613
2026-04-29 06:46:00+00:00,1886.300048828125,1886.300048828125,1886.300048828125,1885.4000244140625,1885.4000244140625,5290
2026-04-29 06:47:00+00:00,1887.0999755859375,1887.0999755859375,1887.199951171875,1886.300048828125,1886.300048828125,6418
2026-04-29 06:48:00+00:00,1887.0999755859375,1887.0999755859375,1887.0999755859375,1886.699951171875,1887.0999755859375,6840
2026-04-29 06:49:00+00:00,1887.199951171875,1887.199951171875,1887.300048828125,1886.9000244140625,1887.0999755859375,6769
2026-04-29 06:50:00+00:00,1887.5,1887.5,1888.199951171875,1886.4000244140625,1887.199951171875,32698
2026-04-29 06:51:00+00:00,1888.0999755859375,1888.0999755859375,1888.4000244140625,1887.4000244140625,1887.5,22672
2026-04-29 06:52:00+00:00,1887.699951171875,1887.699951171875,1888.0999755859375,1887.0999755859375,1887.9000244140625,6338
2026-04-29 06:53:00+00:00,1888.0,1888.0,1888.0,1887.300048828125,1887.699951171875,7337
2026-04-29 06:54:00+00:00,1889.4000244140625,1889.4000244140625,1889.5999755859375,1887.0,1888.199951171875,129377
2026-04-29 06:55:00+00:00,1889.5999755859375,1889.5999755859375,1889.699951171875,1889.300048828125,1889.5,4627
2026-04-29 06:56:00+00:00,1887.0999755859375,1887.0999755859375,1889.9000244140625,1887.0999755859375,1889.5999755859375,12709
2026-04-29 06:57:00+00:00,1887.5,1887.5,1887.800048828125,1887.0,1887.300048828125,5782
2026-04-29 06:58:00+00:00,1887.5,1887.5,1887.5999755859375,1887.300048828125,1887.5999755859375,4053
2026-04-29 06:59:00+00:00,1887.5999755859375,1887.5999755859375,1887.699951171875,1887.4000244140625,1887.5,5140
2026-04-29 07:00:00+00:00,1887.800048828125,1887.800048828125,1887.800048828125,1887.5,1887.5999755859375,5745
2026-04-29 07:01:00+00:00,1888.0,1888.0,1888.0,1887.800048828125,1887.800048828125,6139
2026-04-29 07:02:00+00:00,1888.5,1888.5,1888.5999755859375,1888.0,1888.0,13938
2026-04-29 07:03:00+00:00,1889.0,1889.0,1889.0,1887.5999755859375,1888.5,11679
2026-04-29 07:04:00+00:00,1889.9000244140625,1889.9000244140625,1890.199951171875,1889.4000244140625,1889.4000244140625,10786
2026-04-29 07:05:00+00:00,1890.199951171875,1890.199951171875,1890.199951171875,1889.9000244140625,1890.0,7982
2026-04-29 07:06:00+00:00,1889.300048828125,1889.300048828125,1889.5999755859375,1889.0999755859375,1889.5999755859375,9770
2026-04-29 07:07:00+00:00,1888.199951171875,1888.199951171875,1889.300048828125,1888.199951171875,1889.300048828125,8465
2026-04-29 07:08:00+00:00,1888.199951171875,1888.199951171875,1888.300048828125,1887.800048828125,1887.800048828125,11325
2026-04-29 07:09:00+00:00,1887.300048828125,1887.300048828125,1888.4000244140625,1887.199951171875,1888.199951171875,12676
2026-04-29 07:10:00+00:00,1886.699951171875,1886.699951171875,1887.699951171875,1886.300048828125,1887.199951171875,16269
2026-04-29 07:11:00+00:00,1887.300048828125,1887.300048828125,1887.4000244140625,1886.5999755859375,1886.699951171875,10190
2026-04-29 07:12:00+00:00,1885.9000244140625,1885.9000244140625,1887.800048828125,1885.5999755859375,1887.5,27395
2026-04-29 07:13:00+00:00,1885.5,1885.5,1886.5999755859375,1885.5,1886.0,22130
2026-04-29 07:14:00+00:00,1885.699951171875,1885.699951171875,1886.300048828125,1884.5,1886.0,7198
2026-04-29 07:15:00+00:00,1886.800048828125,1886.800048828125,1886.800048828125,1885.9000244140625,1885.9000244140625,14579
2026-04-29 07:16:00+00:00,1887.4000244140625,1887.4000244140625,1887.4000244140625,1886.800048828125,1886.800048828125,5170
2026-04-29 07:17:00+00:00,1887.199951171875,1887.199951171875,1887.5,1886.9000244140625,1887.5,6882
2026-04-29 07:18:00+00:00,1886.4000244140625,1886.4000244140625,1887.199951171875,1885.5999755859375,1887.199951171875,15779
2026-04-29 07:19:00+00:00,1886.9000244140625,1886.9000244140625,1886.9000244140625,1885.800048828125,1886.4000244140625,6782
2026-04-29 07:20:00+00:00,1886.800048828125,1886.800048828125,1886.9000244140625,1885.5,1886.9000244140625,7314
2026-04-29 07:21:00+00:00,1885.9000244140625,1885.9000244140625,1887.0,1885.9000244140625,1886.9000244140625,6006
2026-04-29 07:22:00+00:00,1885.800048828125,1885.800048828125,1886.0,1885.800048828125,1885.9000244140625,5921
2026-04-29 07:23:00+00:00,1885.5,1885.5,1885.9000244140625,1885.5,1885.800048828125,4849
2026-04-29 07:24:00+00:00,1885.5999755859375,1885.5999755859375,1885.5999755859375,1885.300048828125,1885.4000244140625,6047
2026-04-29 07:25:00+00:00,1885.5999755859375,1885.5999755859375,1885.800048828125,1885.5,1885.5999755859375,4820
2026-04-29 07:26:00+00:00,1883.9000244140625,1883.9000244140625,1885.9000244140625,1883.800048828125,1885.699951171875,18597
2026-04-29 07:27:00+00:00,1884.5,1884.5,1884.5,1883.699951171875,1883.9000244140625,12060
2026-04-29 07:28:00+00:00,1884.9000244140625,1884.9000244140625,1885.4000244140625,1884.5,1884.5,29996
2026-04-29 07:29:00+00:00,1884.800048828125,1884.800048828125,1884.9000244140625,1884.5,1884.9000244140625,5123
2026-04-29 07:30:00+00:00,1885.0999755859375,1885.0999755859375,1885.199951171875,1884.699951171875,1884.800048828125,13811
2026-04-29 07:31:00+00:00,1885.199951171875,1885.199951171875,1885.300048828125,1885.0,1885.0,6564
2026-04-29 07:32:00+00:00,1884.5,1884.5,1885.300048828125,1884.300048828125,1885.0999755859375,28615
2026-04-29 07:33:00+00:00,1884.800048828125,1884.800048828125,1884.9000244140625,1884.199951171875,1884.699951171875,7498
2026-04-29 07:34:00+00:00,1884.699951171875,1884.699951171875,1885.199951171875,1884.699951171875,1884.9000244140625,9698
2026-04-29 07:35:00+00:00,1885.5,1885.5,1885.5999755859375,1884.199951171875,1884.699951171875,16066
2026-04-29 07:36:00+00:00,1885.5,1885.5,1886.0,1885.0999755859375,1885.5,14884
2026-04-29 07:37:00+00:00,1885.5999755859375,1885.5999755859375,1885.699951171875,1885.0,1885.5,14174
2026-04-29 07:38:00+00:00,1887.9000244140625,1887.9000244140625,1888.0,1885.300048828125,1885.699951171875,13114
2026-04-29 07:39:00+00:00,1886.0,1886.0,1888.0999755859375,1886.0,1888.0999755859375,11244
2026-04-29 07:40:00+00:00,1887.199951171875,1887.199951171875,1887.199951171875,1885.5999755859375,1886.0,9463
2026-04-29 07:41:00+00:00,1887.0999755859375,1887.0999755859375,1888.0,1887.0999755859375,1887.199951171875,9240
2026-04-29 07:42:00+00:00,1887.5999755859375,1887.5999755859375,1888.0,1886.699951171875,1887.0,6345
2026-04-29 07:43:00+00:00,1888.5,1888.5,1888.5999755859375,1887.300048828125,1887.9000244140625,8605
2026-04-29 07:44:00+00:00,1888.5999755859375,1888.5999755859375,1888.800048828125,1888.0,1888.699951171875,5348
2026-04-29 07:45:00+00:00,1888.5999755859375,1888.5999755859375,1889.0,1888.5,1888.800048828125,7218
2026-04-29 07:46:00+00:00,1888.5999755859375,1888.5999755859375,1888.9000244140625,1888.0999755859375,1888.5999755859375,8299
2026-04-29 07:47:00+00:00,1888.9000244140625,1888.9000244140625,1889.0,1888.4000244140625,1888.5999755859375,7847
2026-04-29 07:48:00+00:00,1890.300048828125,1890.300048828125,1890.300048828125,1888.0,1888.9000244140625,260715
2026-04-29 07:49:00+00:00,1891.0,1891.0,1891.0,1890.0999755859375,1890.300048828125,9736
2026-04-29 07:50:00+00:00,1891.5,1891.5,1891.5999755859375,1890.699951171875,1890.800048828125,11546
2026-04-29 07:51:00+00:00,1891.199951171875,1891.199951171875,1891.699951171875,1890.800048828125,1891.5,29270
2026-04-29 07:52:00+00:00,1889.4000244140625,1889.4000244140625,1891.5,1889.4000244140625,1891.199951171875,11980
2026-04-29 07:53:00+00:00,1890.300048828125,1890.300048828125,1890.5,1889.4000244140625,1889.5,12588
2026-04-29 07:54:00+00:00,1888.199951171875,1888.199951171875,1890.5,1887.699951171875,1890.5,319687
2026-04-29 07:55:00+00:00,1888.0,1888.0,1888.5,1887.699951171875,1888.5,80375
2026-04-29 07:56:00+00:00,1888.9000244140625,1888.9000244140625,1889.5999755859375,1888.300048828125,1888.300048828125,13026
2026-04-29 07:57:00+00:00,1888.199951171875,1888.199951171875,1889.0,1887.699951171875,1888.699951171875,17211
2026-04-29 07:58:00+00:00,1888.800048828125,1888.800048828125,1888.800048828125,1888.300048828125,1888.300048828125,8337
2026-04-29 07:59:00+00:00,1888.9000244140625,1888.9000244140625,1888.9000244140625,1888.5,1888.800048828125,11284
2026-04-29 08:00:00+00:00,1889.4000244140625,1889.4000244140625,1889.4000244140625,1889.0,1889.0,7949
2026-04-29 08:01:00+00:00,1889.5,1889.5,1890.0999755859375,1889.0999755859375,1889.4000244140625,13050
2026-04-29 08:02:00+00:00,1889.699951171875,1889.699951171875,1890.199951171875,1889.300048828125,1889.300048828125,15998
2026-04-29 08:03:00+00:00,1890.199951171875,1890.199951171875,1890.300048828125,1889.5999755859375,1889.699951171875,18844
2026-04-29 08:04:00+00:00,1890.0999755859375,1890.0999755859375,1890.9000244140625,1889.4000244140625,1890.199951171875,229342
2026-04-29 08:05:00+00:00,1890.699951171875,1890.699951171875,1890.800048828125,1890.0999755859375,1890.0999755859375,17274
2026-04-29 08:06:00+00:00,1890.9000244140625,1890.9000244140625,1890.9000244140625,1890.4000244140625,1890.5999755859375,22663
2026-04-29 08:07:00+00:00,1890.800048828125,1890.800048828125,1891.300048828125,1890.5999755859375,1891.0,28887
2026-04-29 08:08:00+00:00,1888.5,1888.5,1891.0,1887.0,1890.5999755859375,147327
2026-04-29 08:09:00+00:00,1890.0,1890.0,1890.5,1888.5,1888.5999755859375,41249
2026-04-29 08:10:00+00:00,1891.300048828125,1891.300048828125,1891.5999755859375,1890.0,1890.5,25976
2026-04-29 08:11:00+00:00,1892.699951171875,1892.699951171875,1892.9000244140625,1891.4000244140625,1891.4000244140625,30631
2026-04-29 08:12:00+00:00,1893.0,1893.0,1893.0,1892.0999755859375,1892.699951171875,14289
2026-04-29 08:13:00+00:00,1893.300048828125,1893.300048828125,1893.300048828125,1892.800048828125,1892.800048828125,24827
2026-04-29 08:14:00+00:00,1893.5999755859375,1893.5999755859375,1893.699951171875,1893.5,1893.5,10743
2026-04-29 08:15:00+00:00,1893.5999755859375,1893.5999755859375,1893.800048828125,1893.5999755859375,1893.699951171875,11966
2026-04-29 08:16:00+00:00,1892.5999755859375,1892.5999755859375,1893.699951171875,1892.0,1893.699951171875,27061
2026-04-29 08:17:00+00:00,1892.800048828125,1892.800048828125,1893.5999755859375,1892.5,1892.5,17437
2026-04-29 08:18:00+00:00,1893.0,1893.0,1893.199951171875,1892.5999755859375,1892.800048828125,14791
2026-04-29 08:19:00+00:00,1893.0999755859375,1893.0999755859375,1893.199951171875,1893.0,1893.0999755859375,10162
2026-04-29 08:20:00+00:00,1892.800048828125,1892.800048828125,1893.199951171875,1892.800048828125,1893.199951171875,17432
2026-04-29 08:21:00+00:00,1892.199951171875,1892.199951171875,1892.5,1892.0999755859375,1892.5,17136
2026-04-29 08:22:00+00:00,1892.4000244140625,1892.4000244140625,1892.4000244140625,1892.0999755859375,1892.300048828125,10064
2026-04-29 08:23:00+00:00,1893.800048828125,1893.800048828125,1893.800048828125,1892.4000244140625,1892.4000244140625,42203
2026-04-29 08:24:00+00:00,1892.800048828125,1892.800048828125,1894.0,1892.800048828125,1893.9000244140625,36684
2026-04-29 08:25:00+00:00,1892.9000244140625,1892.9000244140625,1892.9000244140625,1892.300048828125,1892.4000244140625,17104
2026-04-29 08:26:00+00:00,1893.0,1893.0,1893.300048828125,1892.5999755859375,1892.9000244140625,7076
2026-04-29 08:27:00+00:00,1892.300048828125,1892.300048828125,1893.0,1892.199951171875,1893.0,15444
2026-04-29 08:28:00+00:00,1894.0,1894.0,1894.0,1892.300048828125,1892.300048828125,11503
2026-04-29 08:29:00+00:00,1894.0,1894.0,1894.5,1894.0,1894.0999755859375,66260
2026-04-29 08:30:00+00:00,1893.699951171875,1893.699951171875,1894.300048828125,1893.300048828125,1894.300048828125,38498
2026-04-29 08:31:00+00:00,1894.5,1894.5,1894.5,1893.5,1893.699951171875,11381
2026-04-29 08:32:00+00:00,1893.699951171875,1893.699951171875,1894.5,1893.5,1894.0999755859375,13124
2026-04-29 08:33:00+00:00,1889.0,1889.0,1893.699951171875,1888.5,1893.699951171875,21135
2026-04-29 08:34:00+00:00,1886.800048828125,1886.800048828125,1888.9000244140625,1886.300048828125,1888.5,26941
2026-04-29 08:35:00+00:00,1887.0,1887.0,1888.5,1886.0999755859375,1886.9000244140625,23566
2026-04-29 08:36:00+00:00,1888.5,1888.5,1888.5,1887.0,1887.0,10672
2026-04-29 08:37:00+00:00,1888.199951171875,1888.199951171875,1889.5999755859375,1888.199951171875,1888.5,14536
2026-04-29 08:38:00+00:00,1888.199951171875,1888.199951171875,1888.199951171875,1888.0999755859375,1888.199951171875,6069
2026-04-29 08:39:00+00:00,1888.0999755859375,1888.0999755859375,1888.4000244140625,1888.0999755859375,1888.199951171875,6656
2026-04-29 08:40:00+00:00,1889.5999755859375,1889.5999755859375,1889.5999755859375,1888.199951171875,1888.199951171875,29399
2026-04-29 08:41:00+00:00,1889.0999755859375,1889.0999755859375,1890.0,1889.0999755859375,1889.5999755859375,18475
2026-04-29 08:42:00+00:00,1889.0999755859375,1889.0999755859375,1889.4000244140625,1888.5999755859375,1889.199951171875,8804
2026-04-29 08:43:00+00:00,1888.0,1888.0,1888.699951171875,1887.5,1888.699951171875,44409
2026-04-29 08:44:00+00:00,1888.5999755859375,1888.5999755859375,1888.9000244140625,1887.0999755859375,1888.0,27432
2026-04-29 08:45:00+00:00,1887.800048828125,1887.800048828125,1888.800048828125,1887.5,1888.5999755859375,30671
2026-04-29 08:46:00+00:00,1887.800048828125,1887.800048828125,1888.0,1887.0999755859375,1887.800048828125,9608
2026-04-29 08:47:00+00:00,1886.0,1886.0,1887.9000244140625,1885.699951171875,1887.0999755859375,20764
2026-04-29 08:48:00+00:00,1885.5,1885.5,1886.300048828125,1885.5,1885.800048828125,9691
2026-04-29 08:49:00+00:00,1884.9000244140625,1884.9000244140625,1885.5999755859375,1884.9000244140625,1885.4000244140625,18269
2026-04-29 08:50:00+00:00,1886.0,1886.0,1886.0,1884.699951171875,1884.699951171875,18594
2026-04-29 08:51:00+00:00,1886.0,1886.0,1886.0,1885.5999755859375,1885.9000244140625,9858
2026-04-29 08:52:00+00:00,1886.0,1886.0,1886.0,1885.9000244140625,1886.0,28454
2026-04-29 08:53:00+00:00,1888.0999755859375,1888.0999755859375,1888.0999755859375,1885.9000244140625,1885.9000244140625,36557
2026-04-29 08:54:00+00:00,1888.699951171875,1888.699951171875,1888.699951171875,1887.9000244140625,1888.199951171875,11866
2026-04-29 08:55:00+00:00,1888.9000244140625,1888.9000244140625,1888.9000244140625,1888.0999755859375,1888.300048828125,27172
2026-04-29 08:56:00+00:00,1888.5,1888.5,1889.4000244140625,1888.199951171875,1889.0,31193
2026-04-29 08:57:00+00:00,1886.800048828125,1886.800048828125,1888.5,1886.0,1888.5,30647
2026-04-29 08:58:00+00:00,1887.5,1887.5,1887.5,1885.699951171875,1886.5999755859375,15473
2026-04-29 08:59:00+00:00,1885.800048828125,1885.800048828125,1887.5999755859375,1885.4000244140625,1887.199951171875,28329
2026-04-29 09:00:00+00:00,1886.5,1886.5,1886.5,1885.5999755859375,1885.800048828125,40003
2026-04-29 09:01:00+00:00,1887.5999755859375,1887.5999755859375,1887.5999755859375,1886.4000244140625,1886.4000244140625,16775
2026-04-29 09:02:00+00:00,1888.300048828125,1888.300048828125,1888.9000244140625,1887.4000244140625,1887.5999755859375,60729
2026-04-29 09:03:00+00:00,1888.4000244140625,1888.4000244140625,1889.199951171875,1887.4000244140625,1888.199951171875,21174
2026-04-29 09:04:00+00:00,1888.699951171875,1888.699951171875,1888.800048828125,1888.300048828125,1888.800048828125,15787
2026-04-29 09:05:00+00:00,1888.699951171875,1888.699951171875,1889.0999755859375,1888.0,1888.699951171875,14654
2026-04-29 09:06:00+00:00,1889.9000244140625,1889.9000244140625,1889.9000244140625,1888.9000244140625,1888.9000244140625,15693
2026-04-29 09:07:00+00:00,1889.9000244140625,1889.9000244140625,1890.0,1889.5999755859375,1889.800048828125,9053
2026-04-29 09:08:00+00:00,1889.0999755859375,1889.0999755859375,1890.0,1888.699951171875,1890.0,11546
2026-04-29 09:09:00+00:00,1889.0999755859375,1889.0999755859375,1889.800048828125,1889.0,1889.0,11352
2026-04-29 09:10:00+00:00,1889.699951171875,1889.699951171875,1889.9000244140625,1889.199951171875,1889.199951171875,7337
2026-04-29 09:11:00+00:00,1889.5999755859375,1889.5999755859375,1889.800048828125,1889.300048828125,1889.5999755859375,10310
2026-04-29 09:12:00+00:00,1889.800048828125,1889.800048828125,1889.9000244140625,1889.199951171875,1889.5999755859375,9630
2026-04-29 09:13:00+00:00,1889.5999755859375,1889.5999755859375,1889.9000244140625,1889.5,1889.800048828125,9729
2026-04-29 09:14:00+00:00,1889.9000244140625,1889.9000244140625,1889.9000244140625,1889.5999755859375,1889.5999755859375,10386
2026-04-29 09:15:00+00:00,1889.9000244140625,1889.9000244140625,1890.0,1889.699951171875,1889.9000244140625,17754
2026-04-29 09:16:00+00:00,1888.0,1888.0,1890.199951171875,1888.0,1889.9000244140625,16746
2026-04-29 09:17:00+00:00,1889.0999755859375,1889.0999755859375,1889.300048828125,1888.199951171875,1888.4000244140625,16811
2026-04-29 09:18:00+00:00,1889.4000244140625,1889.4000244140625,1889.4000244140625,1888.5,1888.5,8516
2026-04-29 09:19:00+00:00,1888.699951171875,1888.699951171875,1889.5,1888.4000244140625,1889.5,9980
2026-04-29 09:20:00+00:00,1888.0999755859375,1888.0999755859375,1888.800048828125,1887.699951171875,1888.699951171875,12826
2026-04-29 09:21:00+00:00,1887.300048828125,1887.300048828125,1888.199951171875,1886.4000244140625,1888.199951171875,17035
2026-04-29 09:22:00+00:00,1889.300048828125,1889.300048828125,1889.4000244140625,1886.699951171875,1887.800048828125,27590
2026-04-29 09:23:00+00:00,1889.0,1889.0,1889.300048828125,1888.0999755859375,1889.300048828125,11347
2026-04-29 09:24:00+00:00,1888.5,1888.5,1889.199951171875,1888.4000244140625,1889.0,7466
2026-04-29 09:25:00+00:00,1888.0,1888.0,1888.699951171875,1887.5999755859375,1888.5,9739
2026-04-29 09:26:00+00:00,1888.0,1888.0,1888.199951171875,1887.5,1888.0,13374
2026-04-29 09:27:00+00:00,1887.5999755859375,1887.5999755859375,1887.9000244140625,1887.300048828125,1887.9000244140625,11754
2026-04-29 09:28:00+00:00,1886.800048828125,1886.800048828125,1887.699951171875,1886.800048828125,1887.5999755859375,14512
2026-04-29 09:29:00+00:00,1885.699951171875,1885.699951171875,1886.800048828125,1885.300048828125,1886.800048828125,32914
2026-04-29 09:30:00+00:00,1886.800048828125,1886.800048828125,1886.800048828125,1885.199951171875,1885.5999755859375,54055
2026-04-29 09:31:00+00:00,1888.4000244140625,1888.4000244140625,1889.4000244140625,1886.9000244140625,1886.9000244140625,49364
2026-04-29 09:32:00+00:00,1889.5,1889.5,1889.5999755859375,1888.4000244140625,1888.4000244140625,39658
2026-04-29 09:33:00+00:00,1889.5999755859375,1889.5999755859375,1890.0,1889.199951171875,1889.5,40190
2026-04-29 09:34:00+00:00,1891.0,1891.0,1891.0,1889.699951171875,1889.699951171875,45510
2026-04-29 09:35:00+00:00,1890.800048828125,1890.800048828125,1891.5,1890.699951171875,1890.9000244140625,47296
2026-04-29 09:36:00+00:00,1890.800048828125,1890.800048828125,1890.800048828125,1890.0999755859375,1890.5999755859375,40659
2026-04-29 09:37:00+00:00,1889.5,1889.5,1890.800048828125,1888.800048828125,1890.5999755859375,47047
2026-04-29 09:38:00+00:00,1890.199951171875,1890.199951171875,1890.199951171875,1888.699951171875,1889.4000244140625,34692
2026-04-29 09:39:00+00:00,1890.0999755859375,1890.0999755859375,1890.300048828125,1889.5999755859375,1890.300048828125,38063
2026-04-29 09:40:00+00:00,1889.300048828125,1889.300048828125,1890.0999755859375,1889.0999755859375,1890.0999755859375,32830
2026-04-29 09:41:00+00:00,1888.9000244140625,1888.9000244140625,1889.300048828125,1888.5999755859375,1889.300048828125,29543
2026-04-29 09:42:00+00:00,1888.5,1888.5,1889.0,1888.199951171875,1888.9000244140625,41874
2026-04-29 09:43:00+00:00,1886.800048828125,1886.800048828125,1888.4000244140625,1886.5999755859375,1888.300048828125,49337
2026-04-29 09:44:00+00:00,1886.5999755859375,1886.5999755859375,1886.9000244140625,1886.300048828125,1886.699951171875,21757
2026-04-29 09:45:00+00:00,1886.699951171875,1886.699951171875,1886.699951171875,1886.0999755859375,1886.5999755859375,26655
2026-04-29 09:46:00+00:00,1886.0,1886.0,1886.5999755859375,1885.800048828125,1886.5999755859375,35053
2026-04-29 09:47:00+00:00,1886.699951171875,1886.699951171875,1887.800048828125,1885.9000244140625,1886.199951171875,35610
2026-04-29 09:48:00+00:00,1886.0,1886.0,1887.800048828125,1885.9000244140625,1886.800048828125,43206
2026-04-29 09:49:00+00:00,1885.0,1885.0,1886.300048828125,1884.9000244140625,1885.9000244140625,41641
2026-04-29 09:50:00+00:00,1886.0,1886.0,1886.5999755859375,1885.0999755859375,1885.0999755859375,29917
2026-04-29 09:51:00+00:00,1886.699951171875,1886.699951171875,1886.699951171875,1885.699951171875,1885.800048828125,22858
2026-04-29 09:52:00+00:00,1887.0999755859375,1887.0999755859375,1887.199951171875,1886.199951171875,1886.5,20455
2026-04-29 09:53:00+00:00,1888.5999755859375,1888.5999755859375,1888.5999755859375,1887.0999755859375,1887.199951171875,32881
2026-04-29 09:54:00+00:00,1889.5,1889.5,1889.699951171875,1888.4000244140625,1888.5,30297
2026-04-29 09:55:00+00:00,1887.300048828125,1887.300048828125,1889.5,1887.0999755859375,1889.5,29840
2026-04-29 09:56:00+00:00,1886.199951171875,1886.199951171875,1887.300048828125,1885.300048828125,1887.300048828125,20000
2026-04-29 09:57:00+00:00,1885.9000244140625,1885.9000244140625,1887.0999755859375,1885.300048828125,1886.699951171875,29129
2026-04-29 09:58:00+00:00,1885.5,1885.5,1886.5,1885.4000244140625,1886.0,20624
2026-04-29 09:59:00+00:00,1885.800048828125,1885.800048828125,1886.4000244140625,1885.0,1886.4000244140625,15301
2026-04-30 03:45:00+00:00,1869.0,1869.0,1871.0999755859375,1867.0999755859375,1869.4000244140625,0
2026-04-30 03:46:00+00:00,1863.0999755859375,1863.0999755859375,1868.800048828125,1863.0999755859375,1868.4000244140625,99167
2026-04-30 03:47:00+00:00,1864.300048828125,1864.300048828125,1864.699951171875,1861.699951171875,1863.0,68088
2026-04-30 03:48:00+00:00,1868.699951171875,1868.699951171875,1870.5,1864.199951171875,1864.199951171875,232706
2026-04-30 03:49:00+00:00,1865.699951171875,1865.699951171875,1868.4000244140625,1865.4000244140625,1868.4000244140625,116069
2026-04-30 03:50:00+00:00,1866.699951171875,1866.699951171875,1866.699951171875,1863.0,1866.0,99464
2026-04-30 03:51:00+00:00,1867.0,1867.0,1867.4000244140625,1865.5,1866.5999755859375,35209
2026-04-30 03:52:00+00:00,1863.5999755859375,1863.5999755859375,1866.800048828125,1863.4000244140625,1866.5999755859375,19558
2026-04-30 03:53:00+00:00,1865.0999755859375,1865.0999755859375,1866.0,1863.5999755859375,1863.5999755859375,41215
2026-04-30 03:54:00+00:00,1864.5999755859375,1864.5999755859375,1865.0999755859375,1864.199951171875,1865.0999755859375,21804
2026-04-30 03:55:00+00:00,1864.9000244140625,1864.9000244140625,1865.699951171875,1864.699951171875,1864.9000244140625,19206
2026-04-30 03:56:00+00:00,1866.9000244140625,1866.9000244140625,1866.9000244140625,1865.5,1865.699951171875,24548
2026-04-30 03:57:00+00:00,1865.5,1865.5,1867.199951171875,1864.9000244140625,1867.199951171875,25933
2026-04-30 03:58:00+00:00,1865.5999755859375,1865.5999755859375,1865.5999755859375,1865.0999755859375,1865.5999755859375,6101
2026-04-30 03:59:00+00:00,1866.800048828125,1866.800048828125,1866.800048828125,1865.199951171875,1865.5999755859375,12509
2026-04-30 04:00:00+00:00,1866.300048828125,1866.300048828125,1866.800048828125,1865.5,1866.800048828125,16366
2026-04-30 04:01:00+00:00,1867.300048828125,1867.300048828125,1867.300048828125,1865.9000244140625,1866.199951171875,16362
2026-04-30 04:02:00+00:00,1869.4000244140625,1869.4000244140625,1869.4000244140625,1867.199951171875,1867.199951171875,24187
2026-04-30 04:03:00+00:00,1870.0,1870.0,1870.9000244140625,1869.5999755859375,1869.5999755859375,26866
2026-04-30 04:04:00+00:00,1869.5999755859375,1869.5999755859375,1870.0,1869.0,1869.5999755859375,6024
2026-04-30 04:05:00+00:00,1871.0,1871.0,1872.0,1869.4000244140625,1869.4000244140625,29431
2026-04-30 04:06:00+00:00,1872.800048828125,1872.800048828125,1872.800048828125,1871.0,1871.0,14039
2026-04-30 04:07:00+00:00,1874.0,1874.0,1874.4000244140625,1872.699951171875,1872.800048828125,11330
2026-04-30 04:08:00+00:00,1875.5,1875.5,1875.9000244140625,1873.199951171875,1873.9000244140625,16836
2026-04-30 04:09:00+00:00,1875.0,1875.0,1876.300048828125,1874.0,1875.5999755859375,32948
2026-04-30 04:10:00+00:00,1872.4000244140625,1872.4000244140625,1875.4000244140625,1872.0,1874.9000244140625,24807
2026-04-30 04:11:00+00:00,1876.0999755859375,1876.0999755859375,1876.199951171875,1872.0,1872.0,30949
2026-04-30 04:12:00+00:00,1876.199951171875,1876.199951171875,1877.699951171875,1876.0,1876.199951171875,20531
2026-04-30 04:13:00+00:00,1876.5,1876.5,1876.5999755859375,1875.800048828125,1876.5,9285
2026-04-30 04:14:00+00:00,1876.0999755859375,1876.0999755859375,1876.5999755859375,1875.0,1876.0999755859375,14093
2026-04-30 04:15:00+00:00,1875.300048828125,1875.300048828125,1876.300048828125,1875.0999755859375,1875.5,13744
2026-04-30 04:16:00+00:00,1875.800048828125,1875.800048828125,1876.5,1875.0999755859375,1875.300048828125,15453
2026-04-30 04:17:00+00:00,1874.300048828125,1874.300048828125,1875.9000244140625,1874.0,1875.9000244140625,17637
2026-04-30 04:18:00+00:00,1874.4000244140625,1874.4000244140625,1874.9000244140625,1874.0,1874.0999755859375,14771
2026-04-30 04:19:00+00:00,1876.0,1876.0,1876.0,1874.4000244140625,1874.4000244140625,6030
2026-04-30 04:20:00+00:00,1874.800048828125,1874.800048828125,1877.0,1874.0,1875.9000244140625,26550
2026-04-30 04:21:00+00:00,1874.4000244140625,1874.4000244140625,1874.800048828125,1873.300048828125,1874.5999755859375,25980
2026-04-30 04:22:00+00:00,1871.5999755859375,1871.5999755859375,1874.9000244140625,1870.699951171875,1874.800048828125,18916
2026-04-30 04:23:00+00:00,1872.0999755859375,1872.0999755859375,1872.0999755859375,1870.800048828125,1871.4000244140625,8518
2026-04-30 04:24:00+00:00,1872.0,1872.0,1872.9000244140625,1870.800048828125,1872.0,26416
2026-04-30 04:25:00+00:00,1870.9000244140625,1870.9000244140625,1871.9000244140625,1870.800048828125,1871.9000244140625,9253
2026-04-30 04:26:00+00:00,1871.0999755859375,1871.0999755859375,1872.0,1870.4000244140625,1870.800048828125,16971
2026-04-30 04:27:00+00:00,1871.9000244140625,1871.9000244140625,1872.0,1870.9000244140625,1871.0,10653
2026-04-30 04:28:00+00:00,1870.9000244140625,1870.9000244140625,1871.9000244140625,1870.699951171875,1871.9000244140625,8762
2026-04-30 04:29:00+00:00,1870.0,1870.0,1871.199951171875,1869.5,1871.199951171875,10630
2026-04-30 04:30:00+00:00,1871.300048828125,1871.300048828125,1871.5,1869.0,1870.0,23378
2026-04-30 04:31:00+00:00,1870.5,1870.5,1870.800048828125,1869.800048828125,1870.800048828125,10749
2026-04-30 04:32:00+00:00,1870.699951171875,1870.699951171875,1871.800048828125,1869.699951171875,1869.699951171875,16124
2026-04-30 04:33:00+00:00,1869.5999755859375,1869.5999755859375,1871.5999755859375,1869.0,1870.0,13997
2026-04-30 04:34:00+00:00,1868.0999755859375,1868.0999755859375,1869.5999755859375,1867.4000244140625,1869.5999755859375,27214
2026-04-30 04:35:00+00:00,1869.5999755859375,1869.5999755859375,1869.5999755859375,1867.699951171875,1867.699951171875,11007
2026-04-30 04:36:00+00:00,1868.699951171875,1868.699951171875,1869.5999755859375,1868.5,1869.5,8351
2026-04-30 04:37:00+00:00,1869.4000244140625,1869.4000244140625,1869.800048828125,1868.699951171875,1869.0,4523
2026-04-30 04:38:00+00:00,1868.800048828125,1868.800048828125,1869.5999755859375,1868.300048828125,1869.5999755859375,34941
2026-04-30 04:39:00+00:00,1867.5,1867.5,1868.9000244140625,1866.5,1868.5999755859375,34370
2026-04-30 04:40:00+00:00,1867.5999755859375,1867.5999755859375,1867.800048828125,1866.800048828125,1867.5,11307
2026-04-30 04:41:00+00:00,1869.800048828125,1869.800048828125,1869.800048828125,1867.5999755859375,1867.699951171875,26566
2026-04-30 04:42:00+00:00,1867.9000244140625,1867.9000244140625,1870.5,1867.9000244140625,1869.800048828125,50558
2026-04-30 04:43:00+00:00,1869.0999755859375,1869.0999755859375,1869.699951171875,1868.5999755859375,1868.5999755859375,28814
2026-04-30 04:44:00+00:00,1869.800048828125,1869.800048828125,1869.800048828125,1869.0999755859375,1869.199951171875,9759
2026-04-30 04:45:00+00:00,1872.300048828125,1872.300048828125,1872.9000244140625,1870.5999755859375,1870.5999755859375,15507
2026-04-30 04:46:00+00:00,1873.0,1873.0,1874.199951171875,1871.9000244140625,1872.300048828125,9732
2026-04-30 04:47:00+00:00,1872.5999755859375,1872.5999755859375,1873.5999755859375,1871.5,1873.5999755859375,20990
2026-04-30 04:48:00+00:00,1875.0999755859375,1875.0999755859375,1875.0999755859375,1871.9000244140625,1872.5999755859375,18389
2026-04-30 04:49:00+00:00,1876.0,1876.0,1876.0999755859375,1875.199951171875,1875.4000244140625,13457
2026-04-30 04:50:00+00:00,1874.199951171875,1874.199951171875,1876.0999755859375,1874.199951171875,1876.0,9138
2026-04-30 04:51:00+00:00,1877.699951171875,1877.699951171875,1877.699951171875,1874.199951171875,1874.300048828125,23544
2026-04-30 04:52:00+00:00,1879.9000244140625,1879.9000244140625,1880.5999755859375,1878.699951171875,1878.699951171875,66501
2026-04-30 04:53:00+00:00,1875.300048828125,1875.300048828125,1880.800048828125,1874.5,1879.9000244140625,30681
2026-04-30 04:54:00+00:00,1874.5,1874.5,1875.199951171875,1872.4000244140625,1874.4000244140625,56280
2026-04-30 04:55:00+00:00,1874.0,1874.0,1875.699951171875,1873.5,1875.0,23750
2026-04-30 04:56:00+00:00,1875.199951171875,1875.199951171875,1875.699951171875,1874.0,1874.0,12224
2026-04-30 04:57:00+00:00,1878.0,1878.0,1878.0,1874.9000244140625,1875.0,17500
2026-04-30 04:58:00+00:00,1876.5999755859375,1876.5999755859375,1878.5999755859375,1875.699951171875,1878.5999755859375,17027
2026-04-30 04:59:00+00:00,1876.199951171875,1876.199951171875,1876.800048828125,1875.0,1876.5999755859375,9804
2026-04-30 05:00:00+00:00,1874.9000244140625,1874.9000244140625,1876.0999755859375,1874.4000244140625,1876.0999755859375,9476
2026-04-30 05:01:00+00:00,1873.5,1873.5,1876.0,1873.0999755859375,1874.800048828125,8807
2026-04-30 05:02:00+00:00,1870.0,1870.0,1874.0,1870.0,1873.5,8822
2026-04-30 05:03:00+00:00,1869.199951171875,1869.199951171875,1871.800048828125,1869.199951171875,1870.0,16237
2026-04-30 05:04:00+00:00,1870.199951171875,1870.199951171875,1870.199951171875,1867.300048828125,1869.5999755859375,11531
2026-04-30 05:05:00+00:00,1869.5,1869.5,1870.0,1868.300048828125,1869.5999755859375,11818
2026-04-30 05:06:00+00:00,1869.0,1869.0,1869.699951171875,1868.5999755859375,1869.5,4081
2026-04-30 05:07:00+00:00,1869.0999755859375,1869.0999755859375,1870.199951171875,1869.0,1869.0,26096
2026-04-30 05:08:00+00:00,1869.5999755859375,1869.5999755859375,1870.0,1869.0,1869.699951171875,5581
2026-04-30 05:09:00+00:00,1870.0999755859375,1870.0999755859375,1870.5,1869.0999755859375,1869.5,8205
2026-04-30 05:10:00+00:00,1870.0,1870.0,1870.699951171875,1869.0999755859375,1870.0999755859375,11007
2026-04-30 05:11:00+00:00,1868.9000244140625,1868.9000244140625,1870.0999755859375,1868.0999755859375,1869.800048828125,9120
2026-04-30 05:12:00+00:00,1867.4000244140625,1867.4000244140625,1868.5999755859375,1867.0,1868.0999755859375,4901
2026-04-30 05:13:00+00:00,1866.800048828125,1866.800048828125,1867.0,1866.300048828125,1866.9000244140625,8059
2026-04-30 05:14:00+00:00,1866.300048828125,1866.300048828125,1867.9000244140625,1866.0999755859375,1867.0,10620
2026-04-30 05:15:00+00:00,1866.5999755859375,1866.5999755859375,1866.5999755859375,1865.0,1866.199951171875,38377
2026-04-30 05:16:00+00:00,1865.0,1865.0,1866.5,1865.0,1866.5,20061
2026-04-30 05:17:00+00:00,1865.4000244140625,1865.4000244140625,1865.5999755859375,1864.5,1865.0,28942
2026-04-30 05:18:00+00:00,1864.5999755859375,1864.5999755859375,1866.199951171875,1864.5,1865.0999755859375,7791
2026-04-30 05:19:00+00:00,1865.4000244140625,1865.4000244140625,1865.5999755859375,1864.5,1864.5999755859375,10375
2026-04-30 05:20:00+00:00,1865.0,1865.0,1866.199951171875,1865.0,1865.5,5802
2026-04-30 05:21:00+00:00,1866.4000244140625,1866.4000244140625,1866.800048828125,1865.0,1865.0,11917
2026-04-30 05:22:00+00:00,1865.199951171875,1865.199951171875,1866.9000244140625,1865.0,1866.4000244140625,11556
2026-04-30 05:23:00+00:00,1866.699951171875,1866.699951171875,1866.9000244140625,1864.5,1865.0999755859375,11397
2026-04-30 05:24:00+00:00,1866.4000244140625,1866.4000244140625,1867.0,1866.4000244140625,1866.699951171875,5176
2026-04-30 05:25:00+00:00,1864.800048828125,1864.800048828125,1866.4000244140625,1864.5,1866.4000244140625,5126
2026-04-30 05:26:00+00:00,1866.0,1866.0,1866.0999755859375,1864.5,1864.699951171875,8245
2026-04-30 05:27:00+00:00,1867.800048828125,1867.800048828125,1869.300048828125,1865.9000244140625,1866.0,14062
2026-04-30 05:28:00+00:00,1867.699951171875,1867.699951171875,1867.699951171875,1866.5,1867.4000244140625,10564
2026-04-30 05:29:00+00:00,1867.9000244140625,1867.9000244140625,1869.0,1867.5999755859375,1867.5999755859375,8164
2026-04-30 05:30:00+00:00,1869.4000244140625,1869.4000244140625,1869.5999755859375,1867.9000244140625,1867.9000244140625,6154
2026-04-30 05:31:00+00:00,1870.699951171875,1870.699951171875,1871.300048828125,1869.0,1869.5,10675
2026-04-30 05:32:00+00:00,1871.199951171875,1871.199951171875,1871.5999755859375,1870.0,1870.5,6332
2026-04-30 05:33:00+00:00,1870.4000244140625,1870.4000244140625,1871.800048828125,1869.0999755859375,1871.0999755859375,11196
2026-04-30 05:34:00+00:00,1871.0,1871.0,1871.0,1869.5,1870.0999755859375,22830
2026-04-30 05:35:00+00:00,1871.199951171875,1871.199951171875,1872.0,1870.800048828125,1870.800048828125,9103
2026-04-30 05:36:00+00:00,1874.199951171875,1874.199951171875,1874.300048828125,1871.199951171875,1871.4000244140625,33307
2026-04-30 05:37:00+00:00,1875.0,1875.0,1876.0,1874.199951171875,1874.300048828125,26408
2026-04-30 05:38:00+00:00,1872.300048828125,1872.300048828125,1875.0999755859375,1872.300048828125,1875.0,12178
2026-04-30 05:39:00+00:00,1872.300048828125,1872.300048828125,1872.300048828125,1870.300048828125,1872.0999755859375,43613
2026-04-30 05:40:00+00:00,1871.5,1871.5,1872.9000244140625,1871.300048828125,1872.0,8697
2026-04-30 05:41:00+00:00,1872.4000244140625,1872.4000244140625,1872.4000244140625,1871.0,1871.5,9328
2026-04-30 05:42:00+00:00,1871.5999755859375,1871.5999755859375,1872.300048828125,1871.300048828125,1872.300048828125,4317
2026-04-30 05:43:00+00:00,1871.699951171875,1871.699951171875,1871.800048828125,1871.300048828125,1871.800048828125,4959
2026-04-30 05:44:00+00:00,1871.5999755859375,1871.5999755859375,1871.699951171875,1870.9000244140625,1871.5999755859375,43126
2026-04-30 05:45:00+00:00,1871.5999755859375,1871.5999755859375,1872.300048828125,1871.0,1871.5999755859375,12575
2026-04-30 05:46:00+00:00,1874.199951171875,1874.199951171875,1874.199951171875,1871.9000244140625,1871.9000244140625,26875
2026-04-30 05:47:00+00:00,1874.300048828125,1874.300048828125,1874.699951171875,1873.9000244140625,1874.4000244140625,35503
2026-04-30 05:48:00+00:00,1874.9000244140625,1874.9000244140625,1874.9000244140625,1874.0999755859375,1874.300048828125,6911
2026-04-30 05:49:00+00:00,1874.199951171875,1874.199951171875,1875.5,1874.199951171875,1874.9000244140625,6686
2026-04-30 05:50:00+00:00,1873.300048828125,1873.300048828125,1874.699951171875,1873.300048828125,1873.800048828125,9337
2026-04-30 05:51:00+00:00,1874.5999755859375,1874.5999755859375,1874.699951171875,1873.199951171875,1873.699951171875,8706
2026-04-30 05:52:00+00:00,1873.4000244140625,1873.4000244140625,1874.5,1873.0,1874.5,5177
2026-04-30 05:53:00+00:00,1874.5,1874.5,1875.5,1873.300048828125,1873.300048828125,11934
2026-04-30 05:54:00+00:00,1874.199951171875,1874.199951171875,1875.199951171875,1873.5999755859375,1874.199951171875,12898
2026-04-30 05:55:00+00:00,1875.800048828125,1875.800048828125,1876.0999755859375,1874.0999755859375,1874.4000244140625,8219
2026-04-30 05:56:00+00:00,1876.0,1876.0,1876.0,1875.699951171875,1875.800048828125,3094
2026-04-30 05:57:00+00:00,1877.4000244140625,1877.4000244140625,1877.4000244140625,1876.0999755859375,1876.0999755859375,11400
2026-04-30 05:58:00+00:00,1877.0999755859375,1877.0999755859375,1877.800048828125,1877.0,1877.4000244140625,10761
2026-04-30 05:59:00+00:00,1878.0999755859375,1878.0999755859375,1878.0999755859375,1877.0,1877.199951171875,9240
2026-04-30 06:00:00+00:00,1877.5,1877.5,1878.699951171875,1877.5,1877.9000244140625,8316
2026-04-30 06:01:00+00:00,1877.699951171875,1877.699951171875,1877.699951171875,1877.0,1877.199951171875,475068
2026-04-30 06:02:00+00:00,1877.699951171875,1877.699951171875,1878.0999755859375,1877.199951171875,1877.4000244140625,6719
2026-04-30 06:03:00+00:00,1877.5999755859375,1877.5999755859375,1877.5999755859375,1877.0999755859375,1877.5999755859375,6442
2026-04-30 06:04:00+00:00,1877.5,1877.5,1877.5,1876.5999755859375,1877.5,9936
2026-04-30 06:05:00+00:00,1878.5,1878.5,1878.5,1877.5,1877.5,5656
2026-04-30 06:06:00+00:00,1879.199951171875,1879.199951171875,1879.4000244140625,1878.5999755859375,1878.5999755859375,14301
2026-04-30 06:07:00+00:00,1878.5,1878.5,1879.199951171875,1878.199951171875,1879.199951171875,9931
2026-04-30 06:08:00+00:00,1878.5999755859375,1878.5999755859375,1878.699951171875,1876.800048828125,1878.0,71223
2026-04-30 06:09:00+00:00,1878.699951171875,1878.699951171875,1878.800048828125,1878.0999755859375,1878.5,8373
2026-04-30 06:10:00+00:00,1878.199951171875,1878.199951171875,1878.699951171875,1878.0,1878.5,9218
2026-04-30 06:11:00+00:00,1877.800048828125,1877.800048828125,1878.0999755859375,1877.0,1878.0,20222
2026-04-30 06:12:00+00:00,1878.0,1878.0,1878.4000244140625,1877.5,1877.800048828125,15967
2026-04-30 06:13:00+00:00,1877.4000244140625,1877.4000244140625,1878.4000244140625,1877.4000244140625,1878.0,34552
2026-04-30 06:14:00+00:00,1877.4000244140625,1877.4000244140625,1878.9000244140625,1877.4000244140625,1877.5999755859375,14059
2026-04-30 06:15:00+00:00,1878.300048828125,1878.300048828125,1878.5,1877.0,1877.300048828125,11043
2026-04-30 06:16:00+00:00,1878.800048828125,1878.800048828125,1878.9000244140625,1877.9000244140625,1878.199951171875,9732
2026-04-30 06:17:00+00:00,1878.5,1878.5,1878.800048828125,1878.4000244140625,1878.4000244140625,7809
2026-04-30 06:18:00+00:00,1878.5999755859375,1878.5999755859375,1878.5999755859375,1877.0999755859375,1878.0,5979
2026-04-30 06:19:00+00:00,1879.0,1879.0,1879.0,1878.300048828125,1878.5,8582
2026-04-30 06:20:00+00:00,1879.4000244140625,1879.4000244140625,1879.5,1878.699951171875,1878.9000244140625,9707
2026-04-30 06:21:00+00:00,1878.5,1878.5,1879.5,1878.5,1879.4000244140625,7505
2026-04-30 06:22:00+00:00,1878.0999755859375,1878.0999755859375,1878.5999755859375,1878.0,1878.4000244140625,9974
2026-04-30 06:23:00+00:00,1878.0999755859375,1878.0999755859375,1878.199951171875,1878.0,1878.0,3418
2026-04-30 06:24:00+00:00,1878.300048828125,1878.300048828125,1878.300048828125,1877.199951171875,1877.199951171875,15283
2026-04-30 06:25:00+00:00,1879.0,1879.0,1879.0,1878.0999755859375,1878.199951171875,8992
2026-04-30 06:26:00+00:00,1877.699951171875,1877.699951171875,1878.9000244140625,1877.5999755859375,1878.699951171875,75168
2026-04-30 06:27:00+00:00,1878.5,1878.5,1879.0999755859375,1877.4000244140625,1877.5999755859375,23371
2026-04-30 06:28:00+00:00,1878.800048828125,1878.800048828125,1879.5,1878.0,1878.5999755859375,41987
2026-04-30 06:29:00+00:00,1879.5999755859375,1879.5999755859375,1880.5,1878.0,1878.9000244140625,51483
2026-04-30 06:30:00+00:00,1878.699951171875,1878.699951171875,1880.5,1878.699951171875,1879.5999755859375,48481
2026-04-30 06:31:00+00:00,1877.5999755859375,1877.5999755859375,1879.0,1877.0,1878.0,52379
2026-04-30 06:32:00+00:00,1877.0999755859375,1877.0999755859375,1878.0999755859375,1877.0999755859375,1877.800048828125,22662
2026-04-30 06:33:00+00:00,1876.5,1876.5,1877.4000244140625,1875.9000244140625,1877.0999755859375,64197
2026-04-30 06:34:00+00:00,1877.199951171875,1877.199951171875,1877.5,1876.0999755859375,1876.5,53840
2026-04-30 06:35:00+00:00,1877.4000244140625,1877.4000244140625,1877.699951171875,1876.4000244140625,1877.199951171875,36649
2026-04-30 06:36:00+00:00,1878.0,1878.0,1878.0,1876.5999755859375,1876.800048828125,26786
2026-04-30 06:37:00+00:00,1877.800048828125,1877.800048828125,1878.5999755859375,1876.699951171875,1877.9000244140625,19125
2026-04-30 06:38:00+00:00,1877.0,1877.0,1877.699951171875,1876.5,1877.0,16427
2026-04-30 06:39:00+00:00,1876.699951171875,1876.699951171875,1879.0999755859375,1876.5999755859375,1876.5999755859375,9277
2026-04-30 06:40:00+00:00,1872.5,1872.5,1877.4000244140625,1872.5,1876.699951171875,73810
2026-04-30 06:41:00+00:00,1873.4000244140625,1873.4000244140625,1874.699951171875,1872.0,1873.199951171875,71371
2026-04-30 06:42:00+00:00,1873.9000244140625,1873.9000244140625,1874.800048828125,1873.199951171875,1873.800048828125,38085
2026-04-30 06:43:00+00:00,1876.800048828125,1876.800048828125,1877.5,1873.800048828125,1873.800048828125,18962
2026-04-30 06:44:00+00:00,1879.199951171875,1879.199951171875,1879.199951171875,1876.4000244140625,1876.5,9832
2026-04-30 06:45:00+00:00,1878.5,1878.5,1879.5,1877.4000244140625,1879.0999755859375,17348
2026-04-30 06:46:00+00:00,1877.0,1877.0,1878.0,1876.300048828125,1878.0,9350
2026-04-30 06:47:00+00:00,1875.4000244140625,1875.4000244140625,1877.0,1875.199951171875,1877.0,8594
2026-04-30 06:48:00+00:00,1876.9000244140625,1876.9000244140625,1876.9000244140625,1875.0,1875.5,10270
2026-04-30 06:49:00+00:00,1876.0,1876.0,1877.199951171875,1875.5,1876.9000244140625,12737
2026-04-30 06:50:00+00:00,1876.4000244140625,1876.4000244140625,1876.699951171875,1875.4000244140625,1875.4000244140625,8040
2026-04-30 06:51:00+00:00,1877.5999755859375,1877.5999755859375,1878.5,1875.300048828125,1876.4000244140625,64930
2026-04-30 06:52:00+00:00,1876.699951171875,1876.699951171875,1877.5,1876.699951171875,1877.0999755859375,7074
2026-04-30 06:53:00+00:00,1878.5,1878.5,1880.5999755859375,1876.5999755859375,1876.699951171875,52770
2026-04-30 06:54:00+00:00,1878.9000244140625,1878.9000244140625,1879.9000244140625,1878.4000244140625,1878.5,102392
2026-04-30 06:55:00+00:00,1878.5999755859375,1878.5999755859375,1879.4000244140625,1878.0,1878.0,24993
2026-04-30 06:56:00+00:00,1878.699951171875,1878.699951171875,1880.0999755859375,1878.199951171875,1878.699951171875,21183
2026-04-30 06:57:00+00:00,1878.199951171875,1878.199951171875,1880.0999755859375,1878.0999755859375,1878.699951171875,18528
2026-04-30 06:58:00+00:00,1879.300048828125,1879.300048828125,1880.0999755859375,1878.0999755859375,1878.199951171875,18750
2026-04-30 06:59:00+00:00,1880.4000244140625,1880.4000244140625,1880.4000244140625,1878.4000244140625,1879.699951171875,19665
2026-04-30 07:00:00+00:00,1879.5999755859375,1879.5999755859375,1880.800048828125,1879.0,1880.4000244140625,15497
2026-04-30 07:01:00+00:00,1879.800048828125,1879.800048828125,1880.199951171875,1878.199951171875,1879.5999755859375,24304
2026-04-30 07:02:00+00:00,1878.0,1878.0,1879.9000244140625,1878.0,1879.199951171875,49868
2026-04-30 07:03:00+00:00,1878.4000244140625,1878.4000244140625,1879.199951171875,1877.699951171875,1878.300048828125,44263
2026-04-30 07:04:00+00:00,1878.9000244140625,1878.9000244140625,1879.0,1877.9000244140625,1878.4000244140625,33855
2026-04-30 07:05:00+00:00,1877.800048828125,1877.800048828125,1880.300048828125,1877.800048828125,1878.9000244140625,47064
2026-04-30 07:06:00+00:00,1878.0,1878.0,1879.5,1877.300048828125,1877.4000244140625,17319
2026-04-30 07:07:00+00:00,1875.300048828125,1875.300048828125,1878.0,1875.0,1877.699951171875,38944
2026-04-30 07:08:00+00:00,1876.300048828125,1876.300048828125,1876.699951171875,1874.699951171875,1875.300048828125,14427
2026-04-30 07:09:00+00:00,1876.4000244140625,1876.4000244140625,1877.0999755859375,1876.0999755859375,1876.0999755859375,11646
2026-04-30 07:10:00+00:00,1875.699951171875,1875.699951171875,1877.300048828125,1875.699951171875,1876.5,11869
2026-04-30 07:11:00+00:00,1875.0,1875.0,1876.699951171875,1875.0,1875.699951171875,12480
2026-04-30 07:12:00+00:00,1875.0,1875.0,1875.4000244140625,1874.5999755859375,1875.0,34151
2026-04-30 07:13:00+00:00,1874.800048828125,1874.800048828125,1875.0,1874.699951171875,1874.800048828125,8373
2026-04-30 07:14:00+00:00,1875.0,1875.0,1875.0,1874.5999755859375,1874.699951171875,15426
2026-04-30 07:15:00+00:00,1874.9000244140625,1874.9000244140625,1875.0,1874.800048828125,1875.0,14182
2026-04-30 07:16:00+00:00,1875.0,1875.0,1875.0,1874.9000244140625,1874.9000244140625,11429
2026-04-30 07:17:00+00:00,1874.5,1874.5,1875.0,1874.199951171875,1875.0,26199
2026-04-30 07:18:00+00:00,1874.9000244140625,1874.9000244140625,1875.0,1874.300048828125,1874.5,26396
2026-04-30 07:19:00+00:00,1877.300048828125,1877.300048828125,1877.300048828125,1874.4000244140625,1874.9000244140625,17464
2026-04-30 07:20:00+00:00,1876.0999755859375,1876.0999755859375,1877.199951171875,1875.699951171875,1877.0999755859375,12648
2026-04-30 07:21:00+00:00,1874.199951171875,1874.199951171875,1876.0999755859375,1874.199951171875,1876.0,16587
2026-04-30 07:22:00+00:00,1874.9000244140625,1874.9000244140625,1875.300048828125,1874.199951171875,1874.199951171875,8112
2026-04-30 07:23:00+00:00,1875.0999755859375,1875.0999755859375,1875.300048828125,1874.199951171875,1874.9000244140625,8313
2026-04-30 07:24:00+00:00,1877.300048828125,1877.300048828125,1877.300048828125,1875.0,1875.4000244140625,23641
2026-04-30 07:25:00+00:00,1876.699951171875,1876.699951171875,1877.4000244140625,1876.4000244140625,1876.9000244140625,16709
2026-04-30 07:26:00+00:00,1877.0,1877.0,1877.300048828125,1876.699951171875,1876.699951171875,9208
2026-04-30 07:27:00+00:00,1877.0,1877.0,1877.4000244140625,1876.699951171875,1877.0,13110
2026-04-30 07:28:00+00:00,1876.0,1876.0,1877.300048828125,1876.0,1877.0,13604
2026-04-30 07:29:00+00:00,1876.9000244140625,1876.9000244140625,1877.0999755859375,1876.300048828125,1876.300048828125,8574
2026-04-30 07:30:00+00:00,1877.0,1877.0,1877.0999755859375,1876.800048828125,1876.9000244140625,8999
2026-04-30 07:31:00+00:00,1876.699951171875,1876.699951171875,1877.4000244140625,1875.9000244140625,1876.9000244140625,20560
2026-04-30 07:32:00+00:00,1875.300048828125,1875.300048828125,1876.300048828125,1875.0,1875.9000244140625,19680
2026-04-30 07:33:00+00:00,1875.5999755859375,1875.5999755859375,1875.699951171875,1875.0999755859375,1875.0999755859375,8677
2026-04-30 07:34:00+00:00,1875.5,1875.5,1875.5,1875.0,1875.300048828125,8728
2026-04-30 07:35:00+00:00,1873.0,1873.0,1875.0999755859375,1873.0,1875.0999755859375,41806
2026-04-30 07:36:00+00:00,1874.300048828125,1874.300048828125,1874.9000244140625,1873.0,1873.0,28582
2026-04-30 07:37:00+00:00,1872.699951171875,1872.699951171875,1874.5999755859375,1872.5,1874.300048828125,12756
2026-04-30 07:38:00+00:00,1874.800048828125,1874.800048828125,1875.5,1872.5,1872.5,66716
2026-04-30 07:39:00+00:00,1876.300048828125,1876.300048828125,1876.300048828125,1874.5999755859375,1874.5999755859375,13417
2026-04-30 07:40:00+00:00,1877.0999755859375,1877.0999755859375,1877.300048828125,1875.199951171875,1876.300048828125,16735
2026-04-30 07:41:00+00:00,1878.0999755859375,1878.0999755859375,1878.800048828125,1877.0999755859375,1877.0999755859375,19141
2026-04-30 07:42:00+00:00,1878.5999755859375,1878.5999755859375,1878.5999755859375,1878.0999755859375,1878.0999755859375,10142
2026-04-30 07:43:00+00:00,1879.300048828125,1879.300048828125,1879.300048828125,1878.4000244140625,1878.4000244140625,11281
2026-04-30 07:44:00+00:00,1879.0999755859375,1879.0999755859375,1880.5999755859375,1879.0999755859375,1879.4000244140625,29935
2026-04-30 07:45:00+00:00,1880.0999755859375,1880.0999755859375,1880.5999755859375,1879.0999755859375,1879.0999755859375,17015
2026-04-30 07:46:00+00:00,1881.0,1881.0,1881.300048828125,1879.699951171875,1880.0999755859375,20399
2026-04-30 07:47:00+00:00,1882.300048828125,1882.300048828125,1882.4000244140625,1880.699951171875,1881.0,34535
2026-04-30 07:48:00+00:00,1883.699951171875,1883.699951171875,1884.0,1882.300048828125,1882.300048828125,20250
2026-04-30 07:49:00+00:00,1883.9000244140625,1883.9000244140625,1884.0,1882.4000244140625,1884.0,23508
2026-04-30 07:50:00+00:00,1884.800048828125,1884.800048828125,1884.9000244140625,1883.5999755859375,1883.800048828125,28867
2026-04-30 07:51:00+00:00,1886.699951171875,1886.699951171875,1887.5,1884.699951171875,1884.699951171875,116611
2026-04-30 07:52:00+00:00,1885.0999755859375,1885.0999755859375,1886.800048828125,1884.0,1885.5999755859375,65870
2026-04-30 07:53:00+00:00,1886.0999755859375,1886.0999755859375,1886.199951171875,1884.199951171875,1884.699951171875,21237
2026-04-30 07:54:00+00:00,1885.800048828125,1885.800048828125,1887.199951171875,1885.300048828125,1886.0999755859375,26273
2026-04-30 07:55:00+00:00,1885.0,1885.0,1885.800048828125,1884.5999755859375,1885.699951171875,50975
2026-04-30 07:56:00+00:00,1886.4000244140625,1886.4000244140625,1887.0999755859375,1884.5999755859375,1884.5999755859375,55948
2026-04-30 07:57:00+00:00,1888.0,1888.0,1888.800048828125,1886.300048828125,1886.300048828125,30629
2026-04-30 07:58:00+00:00,1888.699951171875,1888.699951171875,1890.300048828125,1888.0,1888.0999755859375,138063
2026-04-30 07:59:00+00:00,1889.199951171875,1889.199951171875,1889.5999755859375,1887.699951171875,1888.699951171875,30303
2026-04-30 08:00:00+00:00,1890.0999755859375,1890.0999755859375,1890.0999755859375,1888.4000244140625,1889.0,21606
2026-04-30 08:01:00+00:00,1890.0,1890.0,1890.699951171875,1888.9000244140625,1890.0999755859375,27468
2026-04-30 08:02:00+00:00,1890.0999755859375,1890.0999755859375,1890.199951171875,1889.4000244140625,1890.0,15939
2026-04-30 08:03:00+00:00,1891.9000244140625,1891.9000244140625,1891.9000244140625,1889.699951171875,1889.699951171875,43664
2026-04-30 08:04:00+00:00,1893.0,1893.0,1894.300048828125,1892.300048828125,1892.300048828125,130432
2026-04-30 08:05:00+00:00,1893.0999755859375,1893.0999755859375,1894.699951171875,1892.0999755859375,1892.0999755859375,102517
2026-04-30 08:06:00+00:00,1893.5999755859375,1893.5999755859375,1894.0,1893.0999755859375,1893.0999755859375,59684
2026-04-30 08:07:00+00:00,1891.699951171875,1891.699951171875,1893.699951171875,1891.5,1893.4000244140625,58827
2026-04-30 08:08:00+00:00,1890.5,1890.5,1892.199951171875,1889.800048828125,1891.5999755859375,38061
2026-04-30 08:09:00+00:00,1891.0999755859375,1891.0999755859375,1891.199951171875,1890.0,1890.4000244140625,51105
2026-04-30 08:10:00+00:00,1894.199951171875,1894.199951171875,1894.300048828125,1890.9000244140625,1891.5,115895
2026-04-30 08:11:00+00:00,1894.800048828125,1894.800048828125,1895.699951171875,1894.199951171875,1894.199951171875,99869
2026-04-30 08:12:00+00:00,1893.5999755859375,1893.5999755859375,1895.199951171875,1893.300048828125,1894.300048828125,45571
2026-04-30 08:13:00+00:00,1893.9000244140625,1893.9000244140625,1895.0999755859375,1893.300048828125,1893.5,35226
2026-04-30 08:14:00+00:00,1894.699951171875,1894.699951171875,1895.0,1893.5,1893.5,19860
2026-04-30 08:15:00+00:00,1893.800048828125,1893.800048828125,1895.9000244140625,1893.800048828125,1894.699951171875,19788
2026-04-30 08:16:00+00:00,1894.300048828125,1894.300048828125,1895.5999755859375,1893.9000244140625,1893.9000244140625,16087
2026-04-30 08:17:00+00:00,1895.699951171875,1895.699951171875,1896.0,1894.199951171875,1894.300048828125,16356
2026-04-30 08:18:00+00:00,1895.0,1895.0,1895.699951171875,1893.300048828125,1895.5,35612
2026-04-30 08:19:00+00:00,1895.5,1895.5,1895.9000244140625,1894.800048828125,1894.800048828125,27873
2026-04-30 08:20:00+00:00,1897.199951171875,1897.199951171875,1897.5999755859375,1895.5,1895.699951171875,30724
2026-04-30 08:21:00+00:00,1898.699951171875,1898.699951171875,1899.0,1896.5,1897.300048828125,49417
2026-04-30 08:22:00+00:00,1898.5999755859375,1898.5999755859375,1899.5,1897.5999755859375,1898.9000244140625,47271
2026-04-30 08:23:00+00:00,1898.0,1898.0,1898.9000244140625,1897.699951171875,1898.5999755859375,25093
2026-04-30 08:24:00+00:00,1901.0,1901.0,1901.5,1896.4000244140625,1896.4000244140625,155675
2026-04-30 08:25:00+00:00,1903.9000244140625,1903.9000244140625,1904.0999755859375,1901.0,1901.0,74113
2026-04-30 08:26:00+00:00,1904.9000244140625,1904.9000244140625,1905.0,1903.5,1903.5999755859375,121281
2026-04-30 08:27:00+00:00,1904.5999755859375,1904.5999755859375,1905.0,1903.300048828125,1904.9000244140625,25513
2026-04-30 08:28:00+00:00,1905.5999755859375,1905.5999755859375,1905.699951171875,1903.4000244140625,1904.800048828125,45173
2026-04-30 08:29:00+00:00,1904.800048828125,1904.800048828125,1905.9000244140625,1903.9000244140625,1905.0,20398
2026-04-30 08:30:00+00:00,1904.199951171875,1904.199951171875,1904.5,1902.800048828125,1904.5,43680
2026-04-30 08:31:00+00:00,1903.800048828125,1903.800048828125,1904.199951171875,1903.0,1904.199951171875,40147
2026-04-30 08:32:00+00:00,1903.5999755859375,1903.5999755859375,1904.199951171875,1903.5999755859375,1904.0999755859375,13629
2026-04-30 08:33:00+00:00,1905.0,1905.0,1905.0,1903.5999755859375,1903.5999755859375,28728
2026-04-30 08:34:00+00:00,1903.0,1903.0,1905.5,1902.300048828125,1905.5,43272
2026-04-30 08:35:00+00:00,1901.0,1901.0,1903.4000244140625,1900.4000244140625,1903.0,36222
2026-04-30 08:36:00+00:00,1903.0,1903.0,1903.800048828125,1901.199951171875,1901.199951171875,35164
2026-04-30 08:37:00+00:00,1903.199951171875,1903.199951171875,1903.4000244140625,1902.5,1903.0,16248
2026-04-30 08:38:00+00:00,1902.699951171875,1902.699951171875,1903.199951171875,1902.699951171875,1903.0999755859375,16022
2026-04-30 08:39:00+00:00,1904.0,1904.0,1904.0,1902.5,1902.5,30943
2026-04-30 08:40:00+00:00,1904.300048828125,1904.300048828125,1904.800048828125,1903.5999755859375,1904.300048828125,52398
2026-04-30 08:41:00+00:00,1904.5999755859375,1904.5999755859375,1905.5999755859375,1903.5999755859375,1904.4000244140625,35506
2026-04-30 08:42:00+00:00,1904.4000244140625,1904.4000244140625,1905.5,1903.5,1904.5999755859375,41675
2026-04-30 08:43:00+00:00,1903.9000244140625,1903.9000244140625,1905.800048828125,1903.5999755859375,1904.300048828125,30765
2026-04-30 08:44:00+00:00,1903.699951171875,1903.699951171875,1904.5999755859375,1903.0999755859375,1903.9000244140625,32503
2026-04-30 08:45:00+00:00,1903.300048828125,1903.300048828125,1904.5999755859375,1903.0,1903.699951171875,27763
2026-04-30 08:46:00+00:00,1903.9000244140625,1903.9000244140625,1904.5,1903.199951171875,1903.5,20162
2026-04-30 08:47:00+00:00,1902.699951171875,1902.699951171875,1904.0,1901.9000244140625,1903.9000244140625,31062
2026-04-30 08:48:00+00:00,1900.199951171875,1900.199951171875,1902.5,1900.0999755859375,1902.5,49658
2026-04-30 08:49:00+00:00,1901.699951171875,1901.699951171875,1901.699951171875,1900.0,1900.5999755859375,27080
2026-04-30 08:50:00+00:00,1900.300048828125,1900.300048828125,1901.5,1900.0,1901.0999755859375,23232
2026-04-30 08:51:00+00:00,1902.4000244140625,1902.4000244140625,1902.5999755859375,1900.0,1900.0,56752
2026-04-30 08:52:00+00:00,1901.300048828125,1901.300048828125,1902.699951171875,1900.9000244140625,1902.5,40797
2026-04-30 08:53:00+00:00,1901.4000244140625,1901.4000244140625,1902.5999755859375,1900.0,1900.4000244140625,45498
2026-04-30 08:54:00+00:00,1900.0,1900.0,1902.0999755859375,1900.0,1902.0,27075
2026-04-30 08:55:00+00:00,1900.199951171875,1900.199951171875,1901.5,1900.0,1900.0,36914
2026-04-30 08:56:00+00:00,1900.0,1900.0,1900.5999755859375,1897.9000244140625,1900.199951171875,45499
2026-04-30 08:57:00+00:00,1897.5999755859375,1897.5999755859375,1900.5,1897.0,1899.5,77223
2026-04-30 08:58:00+00:00,1896.800048828125,1896.800048828125,1898.800048828125,1895.9000244140625,1897.5,48974
2026-04-30 08:59:00+00:00,1898.199951171875,1898.199951171875,1898.199951171875,1896.0,1897.199951171875,67984
2026-04-30 09:00:00+00:00,1898.0,1898.0,1898.5999755859375,1897.5,1898.0999755859375,23663
2026-04-30 09:01:00+00:00,1898.800048828125,1898.800048828125,1899.5,1897.300048828125,1897.9000244140625,22068
2026-04-30 09:02:00+00:00,1897.5999755859375,1897.5999755859375,1898.699951171875,1897.5999755859375,1898.5,34200
2026-04-30 09:03:00+00:00,1897.9000244140625,1897.9000244140625,1898.5,1896.199951171875,1897.800048828125,37099
2026-04-30 09:04:00+00:00,1898.0999755859375,1898.0999755859375,1899.0999755859375,1897.5,1897.9000244140625,20404
2026-04-30 09:05:00+00:00,1900.0,1900.0,1900.5999755859375,1898.300048828125,1898.5999755859375,41870
2026-04-30 09:06:00+00:00,1899.5,1899.5,1900.0,1898.0999755859375,1899.9000244140625,23111
2026-04-30 09:07:00+00:00,1900.0999755859375,1900.0999755859375,1900.5,1899.5,1899.800048828125,25885
2026-04-30 09:08:00+00:00,1900.0999755859375,1900.0999755859375,1900.4000244140625,1899.5,1900.0,35548
2026-04-30 09:09:00+00:00,1902.0,1902.0,1902.0,1899.9000244140625,1900.199951171875,32149
2026-04-30 09:10:00+00:00,1900.5999755859375,1900.5999755859375,1901.800048828125,1900.0,1901.800048828125,33179
2026-04-30 09:11:00+00:00,1900.0,1900.0,1901.199951171875,1899.5,1901.0,25682
2026-04-30 09:12:00+00:00,1902.800048828125,1902.800048828125,1902.800048828125,1900.0,1900.199951171875,29602
2026-04-30 09:13:00+00:00,1901.800048828125,1901.800048828125,1903.4000244140625,1901.199951171875,1902.0,42106
2026-04-30 09:14:00+00:00,1901.0,1901.0,1902.0999755859375,1900.699951171875,1901.5999755859375,17657
2026-04-30 09:15:00+00:00,1900.9000244140625,1900.9000244140625,1902.0999755859375,1900.0,1901.0,27073
2026-04-30 09:16:00+00:00,1900.199951171875,1900.199951171875,1900.800048828125,1900.0,1900.800048828125,44748
2026-04-30 09:17:00+00:00,1900.199951171875,1900.199951171875,1900.5999755859375,1900.0,1900.199951171875,19836
2026-04-30 09:18:00+00:00,1902.800048828125,1902.800048828125,1903.0,1900.0,1900.0,157685
2026-04-30 09:19:00+00:00,1899.9000244140625,1899.9000244140625,1902.800048828125,1899.9000244140625,1902.5,32834
2026-04-30 09:20:00+00:00,1895.699951171875,1895.699951171875,1899.0,1895.699951171875,1899.0,38823
2026-04-30 09:21:00+00:00,1895.800048828125,1895.800048828125,1896.0,1894.300048828125,1895.4000244140625,30790
2026-04-30 09:22:00+00:00,1895.4000244140625,1895.4000244140625,1896.800048828125,1894.4000244140625,1895.800048828125,18451
2026-04-30 09:23:00+00:00,1896.199951171875,1896.199951171875,1896.199951171875,1894.199951171875,1895.4000244140625,23847
2026-04-30 09:24:00+00:00,1895.5999755859375,1895.5999755859375,1897.0999755859375,1895.199951171875,1896.199951171875,17123
2026-04-30 09:25:00+00:00,1894.0,1894.0,1895.4000244140625,1893.699951171875,1895.0999755859375,23635
2026-04-30 09:26:00+00:00,1895.5,1895.5,1895.5,1894.0,1894.0,12826
2026-04-30 09:27:00+00:00,1894.800048828125,1894.800048828125,1895.5,1893.9000244140625,1895.4000244140625,13628
2026-04-30 09:28:00+00:00,1895.800048828125,1895.800048828125,1896.0999755859375,1894.9000244140625,1894.9000244140625,15834
2026-04-30 09:29:00+00:00,1896.800048828125,1896.800048828125,1896.9000244140625,1895.199951171875,1895.199951171875,11250
2026-04-30 09:30:00+00:00,1895.0,1895.0,1896.800048828125,1894.800048828125,1896.800048828125,89853
2026-04-30 09:31:00+00:00,1889.800048828125,1889.800048828125,1895.0,1889.800048828125,1895.0,77410
2026-04-30 09:32:00+00:00,1887.199951171875,1887.199951171875,1889.699951171875,1886.5999755859375,1889.699951171875,101072
2026-04-30 09:33:00+00:00,1887.0999755859375,1887.0999755859375,1888.0,1886.5,1887.0,70392
2026-04-30 09:34:00+00:00,1886.0,1886.0,1886.9000244140625,1885.5,1886.9000244140625,107502
2026-04-30 09:35:00+00:00,1889.199951171875,1889.199951171875,1889.4000244140625,1885.0,1886.5,82301
2026-04-30 09:36:00+00:00,1886.5,1886.5,1889.199951171875,1886.5,1889.199951171875,78620
2026-04-30 09:37:00+00:00,1886.199951171875,1886.199951171875,1886.699951171875,1885.9000244140625,1886.5,74846
2026-04-30 09:38:00+00:00,1886.300048828125,1886.300048828125,1886.4000244140625,1886.0,1886.4000244140625,52630
2026-04-30 09:39:00+00:00,1884.5999755859375,1884.5999755859375,1886.199951171875,1883.699951171875,1886.199951171875,95656
2026-04-30 09:40:00+00:00,1886.5999755859375,1886.5999755859375,1886.5999755859375,1884.0,1884.5999755859375,108842
2026-04-30 09:41:00+00:00,1884.199951171875,1884.199951171875,1886.699951171875,1884.199951171875,1886.5999755859375,100462
2026-04-30 09:42:00+00:00,1885.5,1885.5,1885.800048828125,1884.199951171875,1884.199951171875,68568
2026-04-30 09:43:00+00:00,1886.0,1886.0,1886.699951171875,1885.4000244140625,1885.5,65242
2026-04-30 09:44:00+00:00,1886.9000244140625,1886.9000244140625,1887.0,1885.800048828125,1886.0,68577
2026-04-30 09:45:00+00:00,1886.0,1886.0,1886.9000244140625,1886.0,1886.9000244140625,61542
2026-04-30 09:46:00+00:00,1884.5999755859375,1884.5999755859375,1885.9000244140625,1884.0999755859375,1885.9000244140625,121953
2026-04-30 09:47:00+00:00,1887.0999755859375,1887.0999755859375,1887.300048828125,1884.800048828125,1885.0,87400
2026-04-30 09:48:00+00:00,1886.9000244140625,1886.9000244140625,1887.800048828125,1886.699951171875,1886.699951171875,62494
2026-04-30 09:49:00+00:00,1886.800048828125,1886.800048828125,1886.9000244140625,1886.699951171875,1886.9000244140625,32970
2026-04-30 09:50:00+00:00,1886.4000244140625,1886.4000244140625,1886.800048828125,1886.4000244140625,1886.800048828125,52090
2026-04-30 09:51:00+00:00,1885.4000244140625,1885.4000244140625,1886.0,1885.199951171875,1886.0,87067
2026-04-30 09:52:00+00:00,1884.5,1884.5,1885.5,1884.300048828125,1885.199951171875,59685
2026-04-30 09:53:00+00:00,1887.699951171875,1887.699951171875,1888.0,1884.199951171875,1884.300048828125,98495
2026-04-30 09:54:00+00:00,1886.699951171875,1886.699951171875,1889.0,1886.4000244140625,1887.699951171875,90372
2026-04-30 09:55:00+00:00,1886.4000244140625,1886.4000244140625,1886.699951171875,1886.199951171875,1886.699951171875,42150
2026-04-30 09:56:00+00:00,1887.4000244140625,1887.4000244140625,1887.4000244140625,1886.4000244140625,1886.5,48385
2026-04-30 09:57:00+00:00,1888.5,1888.5,1889.5999755859375,1887.300048828125,1887.300048828125,53943
2026-04-30 09:58:00+00:00,1888.5999755859375,1888.5999755859375,1889.0,1887.199951171875,1887.800048828125,33814
2026-04-30 09:59:00+00:00,1886.800048828125,1886.800048828125,1894.0,1886.800048828125,1889.0,18560
