Price,Adj Close,Close,High,Low,Open,Volume
Ticker,CIPLA.NS,CIPLA.NS,CIPLA.NS,CIPLA.NS,CIPLA.NS,CIPLA.NS
Datetime,,,,,,
2026-04-23 03:45:00+00:00,1240.5,1240.5,1240.5,1232.300048828125,1232.300048828125,0
2026-04-23 03:46:00+00:00,1240.0,1240.0,1240.300048828125,1238.800048828125,1240.300048828125,6370
2026-04-23 03:47:00+00:00,1241.5,1241.5,1243.199951171875,1241.0999755859375,1241.0999755859375,9442
2026-04-23 03:48:00+00:00,1244.800048828125,1244.800048828125,1244.800048828125,1240.300048828125,1241.0,20742
2026-04-23 03:49:00+00:00,1247.199951171875,1247.199951171875,1248.699951171875,1246.800048828125,1248.699951171875,22176
2026-04-23 03:50:00+00:00,1248.0,1248.0,1248.0,1246.199951171875,1247.199951171875,11039
2026-04-23 03:51:00+00:00,1248.9000244140625,1248.9000244140625,1249.0,1247.9000244140625,1247.9000244140625,13341
2026-04-23 03:52:00+00:00,1245.5,1245.5,1249.5,1245.5,1249.5,9619
2026-04-23 03:53:00+00:00,1246.800048828125,1246.800048828125,1246.800048828125,1245.5,1245.5,5823
2026-04-23 03:54:00+00:00,1248.5999755859375,1248.5999755859375,1248.5999755859375,1246.800048828125,1246.800048828125,8679
2026-04-23 03:55:00+00:00,1247.5999755859375,1247.5999755859375,1248.5999755859375,1247.5999755859375,1248.4000244140625,3989
2026-04-23 03:56:00+00:00,1247.800048828125,1247.800048828125,1248.0999755859375,1247.199951171875,1247.5999755859375,3025
2026-04-23 03:57:00+00:00,1247.800048828125,1247.800048828125,1248.5999755859375,1247.0999755859375,1248.5999755859375,3419
2026-04-23 03:58:00+00:00,1250.0,1250.0,1250.0,1248.0999755859375,1248.0999755859375,6157
2026-04-23 03:59:00+00:00,1250.800048828125,1250.800048828125,1250.9000244140625,1250.0,1250.0999755859375,15501
2026-04-23 04:00:00+00:00,1252.300048828125,1252.300048828125,1252.300048828125,1250.699951171875,1250.699951171875,19020
2026-04-23 04:01:00+00:00,1253.5,1253.5,1254.0,1252.199951171875,1252.199951171875,11788
2026-04-23 04:02:00+00:00,1253.4000244140625,1253.4000244140625,1254.0,1253.199951171875,1253.4000244140625,5608
2026-04-23 04:03:00+00:00,1251.5999755859375,1251.5999755859375,1255.0,1251.5999755859375,1254.300048828125,21223
2026-04-23 04:04:00+00:00,1255.699951171875,1255.699951171875,1255.699951171875,1253.0,1253.4000244140625,22542
2026-04-23 04:05:00+00:00,1256.699951171875,1256.699951171875,1256.699951171875,1255.0999755859375,1255.0999755859375,14823
2026-04-23 04:06:00+00:00,1256.5,1256.5,1257.800048828125,1256.0999755859375,1256.0999755859375,13329
2026-04-23 04:07:00+00:00,1260.0,1260.0,1260.5999755859375,1257.4000244140625,1257.5,34848
2026-04-23 04:08:00+00:00,1262.5,1262.5,1262.9000244140625,1259.9000244140625,1260.300048828125,21093
2026-04-23 04:09:00+00:00,1268.5,1268.5,1268.699951171875,1263.0,1263.0,38054
2026-04-23 04:10:00+00:00,1271.0,1271.0,1271.0,1267.0,1268.5,37332
2026-04-23 04:11:00+00:00,1272.199951171875,1272.199951171875,1273.699951171875,1268.800048828125,1271.199951171875,44628
2026-04-23 04:12:00+00:00,1274.0,1274.0,1275.0,1271.9000244140625,1272.0,39758
2026-04-23 04:13:00+00:00,1274.5,1274.5,1275.0,1273.300048828125,1274.0,16236
2026-04-23 04:14:00+00:00,1276.800048828125,1276.800048828125,1277.0,1274.4000244140625,1274.4000244140625,30030
2026-04-23 04:15:00+00:00,1276.199951171875,1276.199951171875,1277.9000244140625,1276.199951171875,1276.800048828125,33826
2026-04-23 04:16:00+00:00,1280.4000244140625,1280.4000244140625,1281.0999755859375,1276.9000244140625,1276.9000244140625,56396
2026-04-23 04:17:00+00:00,1277.699951171875,1277.699951171875,1280.699951171875,1276.0,1280.699951171875,57023
2026-04-23 04:18:00+00:00,1278.5,1278.5,1279.4000244140625,1276.699951171875,1278.0,27257
2026-04-23 04:19:00+00:00,1279.0,1279.0,1280.800048828125,1278.0,1278.699951171875,30545
2026-04-23 04:20:00+00:00,1278.699951171875,1278.699951171875,1279.699951171875,1277.5999755859375,1279.4000244140625,12959
2026-04-23 04:21:00+00:00,1277.5999755859375,1277.5999755859375,1279.4000244140625,1276.9000244140625,1279.0,18038
2026-04-23 04:22:00+00:00,1278.300048828125,1278.300048828125,1278.4000244140625,1276.800048828125,1276.9000244140625,17490
2026-04-23 04:23:00+00:00,1277.9000244140625,1277.9000244140625,1279.4000244140625,1275.699951171875,1277.5999755859375,30407
2026-04-23 04:24:00+00:00,1278.0,1278.0,1279.699951171875,1277.4000244140625,1277.699951171875,11511
2026-04-23 04:25:00+00:00,1277.800048828125,1277.800048828125,1278.699951171875,1277.4000244140625,1278.0,7992
2026-04-23 04:26:00+00:00,1277.300048828125,1277.300048828125,1278.199951171875,1277.0,1278.199951171875,8476
2026-04-23 04:27:00+00:00,1277.4000244140625,1277.4000244140625,1279.0,1277.300048828125,1277.9000244140625,20940
2026-04-23 04:28:00+00:00,1278.0,1278.0,1278.800048828125,1276.4000244140625,1277.4000244140625,17601
2026-04-23 04:29:00+00:00,1275.0,1275.0,1278.0,1274.5999755859375,1277.699951171875,16441
2026-04-23 04:30:00+00:00,1274.800048828125,1274.800048828125,1275.5999755859375,1274.5999755859375,1275.0,8247
2026-04-23 04:31:00+00:00,1275.9000244140625,1275.9000244140625,1275.9000244140625,1274.5999755859375,1275.0,30423
2026-04-23 04:32:00+00:00,1276.9000244140625,1276.9000244140625,1277.5,1275.0,1276.0,26351
2026-04-23 04:33:00+00:00,1279.199951171875,1279.199951171875,1279.4000244140625,1277.300048828125,1277.300048828125,9705
2026-04-23 04:34:00+00:00,1284.0,1284.0,1284.300048828125,1279.699951171875,1279.699951171875,56152
2026-04-23 04:35:00+00:00,1284.800048828125,1284.800048828125,1284.9000244140625,1283.0999755859375,1283.9000244140625,20446
2026-04-23 04:36:00+00:00,1283.9000244140625,1283.9000244140625,1285.0,1282.9000244140625,1284.800048828125,16125
2026-04-23 04:37:00+00:00,1285.4000244140625,1285.4000244140625,1286.9000244140625,1283.5999755859375,1283.5999755859375,26955
2026-04-23 04:38:00+00:00,1285.9000244140625,1285.9000244140625,1286.5999755859375,1284.300048828125,1285.300048828125,18118
2026-04-23 04:39:00+00:00,1287.9000244140625,1287.9000244140625,1288.0,1285.4000244140625,1285.4000244140625,35232
2026-04-23 04:40:00+00:00,1287.5999755859375,1287.5999755859375,1288.0,1287.0,1288.0,23311
2026-04-23 04:41:00+00:00,1286.199951171875,1286.199951171875,1288.5,1285.5999755859375,1288.0,18804
2026-04-23 04:42:00+00:00,1285.699951171875,1285.699951171875,1287.0,1285.0,1286.199951171875,10959
2026-04-23 04:43:00+00:00,1289.0999755859375,1289.0999755859375,1289.0999755859375,1286.0,1286.0,24687
2026-04-23 04:44:00+00:00,1289.0999755859375,1289.0999755859375,1290.5999755859375,1288.199951171875,1289.5,31527
2026-04-23 04:45:00+00:00,1292.5999755859375,1292.5999755859375,1293.699951171875,1289.300048828125,1289.300048828125,42192
2026-04-23 04:46:00+00:00,1293.0,1293.0,1293.699951171875,1291.300048828125,1292.0999755859375,20742
2026-04-23 04:47:00+00:00,1294.5,1294.5,1294.9000244140625,1292.5999755859375,1293.5,34057
2026-04-23 04:48:00+00:00,1293.699951171875,1293.699951171875,1294.5,1293.0,1294.4000244140625,28251
2026-04-23 04:49:00+00:00,1292.5,1292.5,1294.5,1292.4000244140625,1293.699951171875,15574
2026-04-23 04:50:00+00:00,1289.0999755859375,1289.0999755859375,1293.199951171875,1288.9000244140625,1292.5,23799
2026-04-23 04:51:00+00:00,1285.199951171875,1285.199951171875,1289.699951171875,1284.199951171875,1289.699951171875,43704
2026-04-23 04:52:00+00:00,1279.4000244140625,1279.4000244140625,1285.699951171875,1278.0,1285.699951171875,47027
2026-04-23 04:53:00+00:00,1280.4000244140625,1280.4000244140625,1281.0,1278.800048828125,1279.4000244140625,18565
2026-04-23 04:54:00+00:00,1278.9000244140625,1278.9000244140625,1282.0,1278.9000244140625,1280.4000244140625,15227
2026-04-23 04:55:00+00:00,1277.4000244140625,1277.4000244140625,1280.0,1275.699951171875,1279.199951171875,30258
2026-04-23 04:56:00+00:00,1278.5,1278.5,1279.4000244140625,1277.0999755859375,1277.5,14000
2026-04-23 04:57:00+00:00,1278.4000244140625,1278.4000244140625,1279.0999755859375,1278.0,1278.5999755859375,10676
2026-04-23 04:58:00+00:00,1278.5999755859375,1278.5999755859375,1279.5,1278.300048828125,1278.9000244140625,3638
2026-04-23 04:59:00+00:00,1277.0,1277.0,1278.5999755859375,1276.5999755859375,1278.5999755859375,13684
2026-04-23 05:00:00+00:00,1276.300048828125,1276.300048828125,1277.699951171875,1275.699951171875,1277.0,10447
2026-04-23 05:01:00+00:00,1277.699951171875,1277.699951171875,1277.9000244140625,1275.5999755859375,1275.9000244140625,11967
2026-04-23 05:02:00+00:00,1274.5999755859375,1274.5999755859375,1278.9000244140625,1274.0999755859375,1277.4000244140625,33984
2026-04-23 05:03:00+00:00,1275.0999755859375,1275.0999755859375,1276.0,1274.800048828125,1275.9000244140625,9100
2026-04-23 05:04:00+00:00,1276.300048828125,1276.300048828125,1276.4000244140625,1274.5999755859375,1275.5999755859375,8947
2026-04-23 05:05:00+00:00,1277.0,1277.0,1277.800048828125,1275.0,1276.0999755859375,9414
2026-04-23 05:06:00+00:00,1278.0,1278.0,1278.4000244140625,1276.5,1277.4000244140625,20698
2026-04-23 05:07:00+00:00,1277.5999755859375,1277.5999755859375,1278.5,1277.199951171875,1277.699951171875,4493
2026-04-23 05:08:00+00:00,1276.5999755859375,1276.5999755859375,1278.0,1276.5999755859375,1277.5999755859375,7106
2026-04-23 05:09:00+00:00,1277.800048828125,1277.800048828125,1278.300048828125,1276.5,1276.5,5353
2026-04-23 05:10:00+00:00,1278.4000244140625,1278.4000244140625,1278.699951171875,1277.5999755859375,1278.5999755859375,5290
2026-04-23 05:11:00+00:00,1276.800048828125,1276.800048828125,1278.0,1275.4000244140625,1277.5999755859375,6289
2026-04-23 05:12:00+00:00,1275.0,1275.0,1276.699951171875,1274.699951171875,1276.5999755859375,5923
2026-04-23 05:13:00+00:00,1269.9000244140625,1269.9000244140625,1275.0,1269.5999755859375,1274.5,45671
2026-04-23 05:14:00+00:00,1269.199951171875,1269.199951171875,1270.5999755859375,1268.5999755859375,1270.5999755859375,6928
2026-04-23 05:15:00+00:00,1270.0999755859375,1270.0999755859375,1270.800048828125,1269.0,1269.0,11766
2026-04-23 05:16:00+00:00,1269.5,1269.5,1271.300048828125,1269.0,1270.5999755859375,11957
2026-04-23 05:17:00+00:00,1269.0,1269.0,1270.0,1268.5,1269.5,6380
2026-04-23 05:18:00+00:00,1272.5999755859375,1272.5999755859375,1272.5999755859375,1268.5999755859375,1269.300048828125,14851
2026-04-23 05:19:00+00:00,1272.0,1272.0,1272.800048828125,1271.699951171875,1272.5,7524
2026-04-23 05:20:00+00:00,1271.300048828125,1271.300048828125,1272.300048828125,1271.0999755859375,1271.9000244140625,3954
2026-04-23 05:21:00+00:00,1273.0,1273.0,1273.199951171875,1271.9000244140625,1271.9000244140625,5959
2026-04-23 05:22:00+00:00,1274.0999755859375,1274.0999755859375,1274.5,1272.800048828125,1272.9000244140625,5902
2026-04-23 05:23:00+00:00,1274.0999755859375,1274.0999755859375,1274.5999755859375,1273.699951171875,1274.300048828125,6855
2026-04-23 05:24:00+00:00,1272.5999755859375,1272.5999755859375,1275.300048828125,1271.699951171875,1274.4000244140625,17965
2026-04-23 05:25:00+00:00,1270.5,1270.5,1272.5,1270.199951171875,1272.5,9352
2026-04-23 05:26:00+00:00,1272.800048828125,1272.800048828125,1274.0999755859375,1270.5,1270.5,5609
2026-04-23 05:27:00+00:00,1274.5,1274.5,1274.5999755859375,1272.800048828125,1272.800048828125,4112
2026-04-23 05:28:00+00:00,1276.5,1276.5,1276.5,1274.5,1274.5,9289
2026-04-23 05:29:00+00:00,1276.5,1276.5,1277.0999755859375,1275.699951171875,1276.5999755859375,4493
2026-04-23 05:30:00+00:00,1276.199951171875,1276.199951171875,1276.9000244140625,1275.9000244140625,1276.800048828125,6673
2026-04-23 05:31:00+00:00,1276.0,1276.0,1276.5999755859375,1275.699951171875,1276.0,2101
2026-04-23 05:32:00+00:00,1276.5,1276.5,1276.5,1276.0,1276.0,3537
2026-04-23 05:33:00+00:00,1275.300048828125,1275.300048828125,1276.5999755859375,1275.300048828125,1276.5,5727
2026-04-23 05:34:00+00:00,1276.300048828125,1276.300048828125,1276.5,1275.5,1275.800048828125,3006
2026-04-23 05:35:00+00:00,1275.800048828125,1275.800048828125,1276.5999755859375,1275.0,1276.4000244140625,5783
2026-04-23 05:36:00+00:00,1275.800048828125,1275.800048828125,1276.5999755859375,1275.199951171875,1275.699951171875,8815
2026-04-23 05:37:00+00:00,1276.0999755859375,1276.0999755859375,1276.800048828125,1275.800048828125,1276.0999755859375,5513
2026-04-23 05:38:00+00:00,1275.0,1275.0,1275.5999755859375,1275.0,1275.4000244140625,11173
2026-04-23 05:39:00+00:00,1274.0,1274.0,1275.300048828125,1273.699951171875,1275.300048828125,12618
2026-04-23 05:40:00+00:00,1276.5,1276.5,1276.5,1274.0999755859375,1274.0999755859375,1501
2026-04-23 05:41:00+00:00,1277.300048828125,1277.300048828125,1277.5999755859375,1276.300048828125,1276.5,7211
2026-04-23 05:42:00+00:00,1276.800048828125,1276.800048828125,1277.800048828125,1276.5,1277.300048828125,5352
2026-04-23 05:43:00+00:00,1276.5999755859375,1276.5999755859375,1276.699951171875,1275.5999755859375,1276.5,3259
2026-04-23 05:44:00+00:00,1275.0,1275.0,1276.5,1274.699951171875,1276.5,5087
2026-04-23 05:45:00+00:00,1276.4000244140625,1276.4000244140625,1276.800048828125,1274.9000244140625,1275.4000244140625,3808
2026-04-23 05:46:00+00:00,1276.0999755859375,1276.0999755859375,1277.5,1276.0,1276.800048828125,5904
2026-04-23 05:47:00+00:00,1281.5,1281.5,1281.9000244140625,1276.300048828125,1276.5999755859375,37083
2026-04-23 05:48:00+00:00,1281.5999755859375,1281.5999755859375,1282.0,1281.0,1281.5,10189
2026-04-23 05:49:00+00:00,1282.0,1282.0,1282.800048828125,1281.0999755859375,1281.0999755859375,5639
2026-04-23 05:50:00+00:00,1283.4000244140625,1283.4000244140625,1283.800048828125,1281.699951171875,1282.699951171875,21133
2026-04-23 05:51:00+00:00,1286.0,1286.0,1286.0999755859375,1283.5999755859375,1283.9000244140625,30246
2026-04-23 05:52:00+00:00,1285.800048828125,1285.800048828125,1286.699951171875,1285.0,1285.699951171875,66554
2026-04-23 05:53:00+00:00,1286.5,1286.5,1286.5,1285.300048828125,1286.199951171875,12107
2026-04-23 05:54:00+00:00,1285.4000244140625,1285.4000244140625,1286.0,1284.5999755859375,1285.300048828125,54708
2026-04-23 05:55:00+00:00,1285.199951171875,1285.199951171875,1285.5,1284.800048828125,1285.0,67464
2026-04-23 05:56:00+00:00,1285.0,1285.0,1285.5999755859375,1285.0,1285.0,15059
2026-04-23 05:57:00+00:00,1285.0,1285.0,1285.4000244140625,1285.0,1285.0,26860
2026-04-23 05:58:00+00:00,1286.0999755859375,1286.0999755859375,1286.0999755859375,1285.0,1285.300048828125,16309
2026-04-23 05:59:00+00:00,1285.0,1285.0,1287.199951171875,1285.0,1286.699951171875,12841
2026-04-23 06:00:00+00:00,1286.800048828125,1286.800048828125,1286.800048828125,1285.0,1285.0999755859375,5430
2026-04-23 06:01:00+00:00,1286.800048828125,1286.800048828125,1287.300048828125,1286.0,1287.0,9859
2026-04-23 06:02:00+00:00,1285.9000244140625,1285.9000244140625,1287.0,1285.300048828125,1287.0,6669
2026-04-23 06:03:00+00:00,1286.0,1286.0,1286.4000244140625,1285.5,1286.300048828125,7806
2026-04-23 06:04:00+00:00,1285.5999755859375,1285.5999755859375,1286.4000244140625,1285.0,1286.4000244140625,10142
2026-04-23 06:05:00+00:00,1285.5,1285.5,1285.800048828125,1285.0,1285.300048828125,6038
2026-04-23 06:06:00+00:00,1285.5,1285.5,1285.5999755859375,1285.0,1285.5999755859375,6058
2026-04-23 06:07:00+00:00,1285.300048828125,1285.300048828125,1285.9000244140625,1285.0999755859375,1285.5,24747
2026-04-23 06:08:00+00:00,1285.0,1285.0,1285.800048828125,1285.0,1285.800048828125,3447
2026-04-23 06:09:00+00:00,1286.199951171875,1286.199951171875,1286.199951171875,1285.0,1285.0,7378
2026-04-23 06:10:00+00:00,1286.800048828125,1286.800048828125,1287.0999755859375,1286.0,1286.699951171875,13210
2026-04-23 06:11:00+00:00,1286.800048828125,1286.800048828125,1287.4000244140625,1286.4000244140625,1286.800048828125,3989
2026-04-23 06:12:00+00:00,1286.5999755859375,1286.5999755859375,1287.199951171875,1286.5999755859375,1287.0,3413
2026-04-23 06:13:00+00:00,1285.5999755859375,1285.5999755859375,1287.0,1285.5999755859375,1286.5,2402
2026-04-23 06:14:00+00:00,1285.5,1285.5,1286.0,1285.0,1285.300048828125,7195
2026-04-23 06:15:00+00:00,1286.9000244140625,1286.9000244140625,1287.5,1285.5,1285.800048828125,9088
2026-04-23 06:16:00+00:00,1286.5999755859375,1286.5999755859375,1287.4000244140625,1286.199951171875,1287.4000244140625,3820
2026-04-23 06:17:00+00:00,1288.300048828125,1288.300048828125,1290.0,1286.0,1287.0,36553
2026-04-23 06:18:00+00:00,1288.699951171875,1288.699951171875,1289.0999755859375,1288.300048828125,1288.300048828125,2732
2026-04-23 06:19:00+00:00,1288.5,1288.5,1288.9000244140625,1288.5,1288.699951171875,1800
2026-04-23 06:20:00+00:00,1287.300048828125,1287.300048828125,1288.699951171875,1287.0,1288.699951171875,3892
2026-04-23 06:21:00+00:00,1288.0999755859375,1288.0999755859375,1288.699951171875,1287.5,1287.5,2773
2026-04-23 06:22:00+00:00,1288.0,1288.0,1288.5,1287.300048828125,1288.300048828125,3071
2026-04-23 06:23:00+00:00,1290.0,1290.0,1290.300048828125,1287.699951171875,1287.699951171875,6417
2026-04-23 06:24:00+00:00,1290.199951171875,1290.199951171875,1290.199951171875,1288.5,1290.0,14622
2026-04-23 06:25:00+00:00,1289.199951171875,1289.199951171875,1290.199951171875,1288.0999755859375,1290.199951171875,7068
2026-04-23 06:26:00+00:00,1288.9000244140625,1288.9000244140625,1289.199951171875,1288.0,1289.199951171875,4350
2026-04-23 06:27:00+00:00,1289.0,1289.0,1289.199951171875,1288.5,1288.9000244140625,5976
2026-04-23 06:28:00+00:00,1288.0,1288.0,1289.0,1288.0,1289.0,2281
2026-04-23 06:29:00+00:00,1286.4000244140625,1286.4000244140625,1288.0,1286.4000244140625,1288.0,5509
2026-04-23 06:30:00+00:00,1286.5,1286.5,1287.199951171875,1286.300048828125,1287.199951171875,4413
2026-04-23 06:31:00+00:00,1286.0,1286.0,1286.9000244140625,1285.5,1286.9000244140625,6939
2026-04-23 06:32:00+00:00,1286.0,1286.0,1286.800048828125,1285.199951171875,1286.800048828125,6152
2026-04-23 06:33:00+00:00,1285.800048828125,1285.800048828125,1286.699951171875,1285.800048828125,1286.5,3221
2026-04-23 06:34:00+00:00,1286.199951171875,1286.199951171875,1286.5,1285.800048828125,1286.199951171875,5288
2026-04-23 06:35:00+00:00,1286.5,1286.5,1286.5,1286.300048828125,1286.5,945
2026-04-23 06:36:00+00:00,1285.4000244140625,1285.4000244140625,1286.5,1285.0,1286.5,17914
2026-04-23 06:37:00+00:00,1285.699951171875,1285.699951171875,1285.800048828125,1285.300048828125,1285.699951171875,1653
2026-04-23 06:38:00+00:00,1285.4000244140625,1285.4000244140625,1285.9000244140625,1285.0,1285.300048828125,6569
2026-04-23 06:39:00+00:00,1285.0,1285.0,1285.5,1285.0,1285.4000244140625,3311
2026-04-23 06:40:00+00:00,1285.0999755859375,1285.0999755859375,1285.5,1285.0,1285.199951171875,42939
2026-04-23 06:41:00+00:00,1285.0,1285.0,1285.5,1285.0,1285.5,8153
2026-04-23 06:42:00+00:00,1285.0,1285.0,1285.9000244140625,1285.0,1285.0,21516
2026-04-23 06:43:00+00:00,1282.0,1282.0,1285.199951171875,1281.199951171875,1285.199951171875,29095
2026-04-23 06:44:00+00:00,1285.0,1285.0,1285.699951171875,1280.5,1282.4000244140625,48846
2026-04-23 06:45:00+00:00,1286.800048828125,1286.800048828125,1286.800048828125,1285.0,1285.0,8824
2026-04-23 06:46:00+00:00,1286.9000244140625,1286.9000244140625,1287.5999755859375,1286.5999755859375,1286.800048828125,5001
2026-04-23 06:47:00+00:00,1287.9000244140625,1287.9000244140625,1287.9000244140625,1286.800048828125,1287.4000244140625,4872
2026-04-23 06:48:00+00:00,1288.300048828125,1288.300048828125,1288.9000244140625,1287.9000244140625,1287.9000244140625,8215
2026-04-23 06:49:00+00:00,1288.5,1288.5,1289.5999755859375,1288.300048828125,1288.800048828125,5409
2026-04-23 06:50:00+00:00,1288.699951171875,1288.699951171875,1288.9000244140625,1288.0,1288.5,2549
2026-04-23 06:51:00+00:00,1288.699951171875,1288.699951171875,1289.199951171875,1288.0,1288.300048828125,6005
2026-04-23 06:52:00+00:00,1288.5,1288.5,1289.0,1288.0,1288.699951171875,3383
2026-04-23 06:53:00+00:00,1285.5999755859375,1285.5999755859375,1288.5999755859375,1285.0999755859375,1288.5999755859375,23155
2026-04-23 06:54:00+00:00,1285.0,1285.0,1286.5999755859375,1285.0,1286.0999755859375,6768
2026-04-23 06:55:00+00:00,1285.0999755859375,1285.0999755859375,1285.5,1285.0,1285.5,4025
2026-04-23 06:56:00+00:00,1285.300048828125,1285.300048828125,1285.5,1285.0,1285.0999755859375,18532
2026-04-23 06:57:00+00:00,1285.0999755859375,1285.0999755859375,1285.9000244140625,1285.0,1285.300048828125,6929
2026-04-23 06:58:00+00:00,1286.5,1286.5,1286.5,1285.0,1285.0999755859375,8729
2026-04-23 06:59:00+00:00,1287.0999755859375,1287.0999755859375,1287.5999755859375,1286.300048828125,1286.300048828125,16613
2026-04-23 07:00:00+00:00,1286.9000244140625,1286.9000244140625,1287.4000244140625,1286.9000244140625,1287.4000244140625,8377
2026-04-23 07:01:00+00:00,1287.199951171875,1287.199951171875,1287.199951171875,1287.199951171875,1287.199951171875,4077
2026-04-23 07:02:00+00:00,1287.0999755859375,1287.0999755859375,1287.699951171875,1286.699951171875,1286.699951171875,6121
2026-04-23 07:03:00+00:00,1287.199951171875,1287.199951171875,1288.0,1286.5,1287.0999755859375,4985
2026-04-23 07:04:00+00:00,1287.199951171875,1287.199951171875,1288.0,1286.5999755859375,1288.0,5716
2026-04-23 07:05:00+00:00,1286.800048828125,1286.800048828125,1287.5999755859375,1286.699951171875,1287.0,3922
2026-04-23 07:06:00+00:00,1287.300048828125,1287.300048828125,1287.699951171875,1286.699951171875,1287.0,10670
2026-04-23 07:07:00+00:00,1288.5,1288.5,1288.5,1287.199951171875,1287.699951171875,4592
2026-04-23 07:08:00+00:00,1288.5,1288.5,1288.800048828125,1288.300048828125,1288.5,3517
2026-04-23 07:09:00+00:00,1288.300048828125,1288.300048828125,1289.0,1288.0,1288.5,3222
2026-04-23 07:10:00+00:00,1287.5,1287.5,1288.9000244140625,1287.5,1288.699951171875,3007
2026-04-23 07:11:00+00:00,1287.800048828125,1287.800048828125,1288.4000244140625,1287.5999755859375,1288.0,2229
2026-04-23 07:12:00+00:00,1287.800048828125,1287.800048828125,1288.199951171875,1287.800048828125,1288.199951171875,607
2026-04-23 07:13:00+00:00,1287.9000244140625,1287.9000244140625,1288.4000244140625,1287.5999755859375,1288.0,4293
2026-04-23 07:14:00+00:00,1289.199951171875,1289.199951171875,1289.300048828125,1288.4000244140625,1288.4000244140625,5016
2026-04-23 07:15:00+00:00,1288.800048828125,1288.800048828125,1289.5999755859375,1288.800048828125,1289.5999755859375,1991
2026-04-23 07:16:00+00:00,1288.800048828125,1288.800048828125,1289.5999755859375,1288.5999755859375,1289.300048828125,3027
2026-04-23 07:17:00+00:00,1288.0,1288.0,1288.699951171875,1287.0,1288.699951171875,7301
2026-04-23 07:18:00+00:00,1287.199951171875,1287.199951171875,1288.0,1286.9000244140625,1288.0,2317
2026-04-23 07:19:00+00:00,1288.9000244140625,1288.9000244140625,1288.9000244140625,1286.5999755859375,1287.199951171875,6799
2026-04-23 07:20:00+00:00,1288.199951171875,1288.199951171875,1289.0,1288.199951171875,1289.0,677
2026-04-23 07:21:00+00:00,1287.5,1287.5,1288.5,1287.5,1288.5,1789
2026-04-23 07:22:00+00:00,1288.300048828125,1288.300048828125,1288.699951171875,1287.0,1287.5,8583
2026-04-23 07:23:00+00:00,1287.9000244140625,1287.9000244140625,1288.300048828125,1287.4000244140625,1288.300048828125,783
2026-04-23 07:24:00+00:00,1287.5999755859375,1287.5999755859375,1288.0,1287.4000244140625,1287.5,4520
2026-04-23 07:25:00+00:00,1288.199951171875,1288.199951171875,1288.199951171875,1287.5999755859375,1287.5999755859375,1283
2026-04-23 07:26:00+00:00,1287.699951171875,1287.699951171875,1288.199951171875,1287.5999755859375,1288.199951171875,2287
2026-04-23 07:27:00+00:00,1287.0,1287.0,1288.0999755859375,1287.0,1288.0999755859375,2372
2026-04-23 07:28:00+00:00,1288.0,1288.0,1288.300048828125,1287.0,1287.0,7780
2026-04-23 07:29:00+00:00,1288.300048828125,1288.300048828125,1288.300048828125,1288.0,1288.300048828125,1589
2026-04-23 07:30:00+00:00,1287.9000244140625,1287.9000244140625,1288.199951171875,1287.4000244140625,1288.0,1367
2026-04-23 07:31:00+00:00,1287.4000244140625,1287.4000244140625,1287.9000244140625,1287.4000244140625,1287.9000244140625,1931
2026-04-23 07:32:00+00:00,1287.800048828125,1287.800048828125,1288.300048828125,1287.4000244140625,1287.699951171875,5872
2026-04-23 07:33:00+00:00,1288.199951171875,1288.199951171875,1288.300048828125,1288.0,1288.199951171875,1152
2026-04-23 07:34:00+00:00,1288.5,1288.5,1288.5,1288.199951171875,1288.300048828125,1096
2026-04-23 07:35:00+00:00,1289.5,1289.5,1289.5,1288.199951171875,1288.5,17363
2026-04-23 07:36:00+00:00,1289.699951171875,1289.699951171875,1290.199951171875,1288.699951171875,1290.199951171875,7673
2026-04-23 07:37:00+00:00,1289.4000244140625,1289.4000244140625,1289.699951171875,1289.0,1289.699951171875,825
2026-04-23 07:38:00+00:00,1288.300048828125,1288.300048828125,1289.5,1288.0,1289.0,14032
2026-04-23 07:39:00+00:00,1288.699951171875,1288.699951171875,1289.0,1288.300048828125,1288.300048828125,935
2026-04-23 07:40:00+00:00,1289.0,1289.0,1289.5999755859375,1288.5999755859375,1288.9000244140625,5529
2026-04-23 07:41:00+00:00,1288.800048828125,1288.800048828125,1289.300048828125,1288.4000244140625,1289.300048828125,3408
2026-04-23 07:42:00+00:00,1289.800048828125,1289.800048828125,1289.800048828125,1288.4000244140625,1288.5,4024
2026-04-23 07:43:00+00:00,1289.800048828125,1289.800048828125,1289.9000244140625,1289.699951171875,1289.800048828125,3654
2026-04-23 07:44:00+00:00,1290.0999755859375,1290.0999755859375,1290.300048828125,1289.5,1289.800048828125,6204
2026-04-23 07:45:00+00:00,1290.300048828125,1290.300048828125,1290.5,1290.0,1290.300048828125,1992
2026-04-23 07:46:00+00:00,1290.0,1290.0,1290.5,1289.9000244140625,1290.5,2310
2026-04-23 07:47:00+00:00,1290.800048828125,1290.800048828125,1291.5,1290.0,1290.0,20869
2026-04-23 07:48:00+00:00,1290.9000244140625,1290.9000244140625,1290.9000244140625,1290.199951171875,1290.800048828125,3861
2026-04-23 07:49:00+00:00,1291.5,1291.5,1292.0,1290.9000244140625,1291.0,13184
2026-04-23 07:50:00+00:00,1293.0,1293.0,1293.9000244140625,1291.800048828125,1291.800048828125,31523
2026-04-23 07:51:00+00:00,1293.300048828125,1293.300048828125,1293.4000244140625,1292.5,1293.0,6972
2026-04-23 07:52:00+00:00,1296.800048828125,1296.800048828125,1297.199951171875,1293.0999755859375,1293.300048828125,42943
2026-04-23 07:53:00+00:00,1295.800048828125,1295.800048828125,1297.0,1295.5999755859375,1296.800048828125,23421
2026-04-23 07:54:00+00:00,1294.9000244140625,1294.9000244140625,1296.0,1294.9000244140625,1296.0,8999
2026-04-23 07:55:00+00:00,1295.300048828125,1295.300048828125,1295.5999755859375,1294.800048828125,1294.9000244140625,7899
2026-04-23 07:56:00+00:00,1294.300048828125,1294.300048828125,1295.300048828125,1294.199951171875,1295.300048828125,9585
2026-04-23 07:57:00+00:00,1293.800048828125,1293.800048828125,1294.5,1293.5,1294.5,5204
2026-04-23 07:58:00+00:00,1294.0,1294.0,1294.300048828125,1293.5,1293.9000244140625,9863
2026-04-23 07:59:00+00:00,1293.199951171875,1293.199951171875,1294.300048828125,1293.199951171875,1294.0999755859375,4299
2026-04-23 08:00:00+00:00,1293.199951171875,1293.199951171875,1293.699951171875,1292.4000244140625,1292.800048828125,6744
2026-04-23 08:01:00+00:00,1292.9000244140625,1292.9000244140625,1293.199951171875,1292.4000244140625,1293.0,1881
2026-04-23 08:02:00+00:00,1293.300048828125,1293.300048828125,1293.5999755859375,1292.4000244140625,1292.9000244140625,8783
2026-04-23 08:03:00+00:00,1295.199951171875,1295.199951171875,1295.5,1294.0,1294.0,13210
2026-04-23 08:04:00+00:00,1294.5,1294.5,1295.5999755859375,1294.5,1295.5999755859375,7630
2026-04-23 08:05:00+00:00,1294.0999755859375,1294.0999755859375,1294.800048828125,1294.0,1294.300048828125,3353
2026-04-23 08:06:00+00:00,1293.699951171875,1293.699951171875,1294.699951171875,1293.5999755859375,1294.699951171875,4907
2026-04-23 08:07:00+00:00,1293.9000244140625,1293.9000244140625,1293.9000244140625,1292.5,1293.0999755859375,6215
2026-04-23 08:08:00+00:00,1293.5999755859375,1293.5999755859375,1294.0,1293.4000244140625,1293.9000244140625,1745
2026-04-23 08:09:00+00:00,1293.0,1293.0,1293.5999755859375,1293.0,1293.5999755859375,2513
2026-04-23 08:10:00+00:00,1295.5,1295.5,1295.5,1293.0,1293.5,18737
2026-04-23 08:11:00+00:00,1297.0,1297.0,1297.0999755859375,1295.0,1295.199951171875,25913
2026-04-23 08:12:00+00:00,1297.4000244140625,1297.4000244140625,1297.800048828125,1296.800048828125,1297.199951171875,12547
2026-04-23 08:13:00+00:00,1297.5,1297.5,1298.0,1297.199951171875,1297.4000244140625,9920
2026-04-23 08:14:00+00:00,1298.0,1298.0,1298.300048828125,1296.5999755859375,1298.0,15875
2026-04-23 08:15:00+00:00,1299.0,1299.0,1299.0,1297.9000244140625,1298.0,15910
2026-04-23 08:16:00+00:00,1298.800048828125,1298.800048828125,1299.0,1298.5,1299.0,7660
2026-04-23 08:17:00+00:00,1300.0,1300.0,1300.0,1298.5,1298.5999755859375,22484
2026-04-23 08:18:00+00:00,1299.4000244140625,1299.4000244140625,1300.4000244140625,1299.0,1300.0,22320
2026-04-23 08:19:00+00:00,1298.199951171875,1298.199951171875,1299.4000244140625,1297.199951171875,1299.4000244140625,9931
2026-04-23 08:20:00+00:00,1299.699951171875,1299.699951171875,1299.699951171875,1298.4000244140625,1298.699951171875,3193
2026-04-23 08:21:00+00:00,1298.0,1298.0,1300.0999755859375,1297.699951171875,1299.699951171875,12948
2026-04-23 08:22:00+00:00,1298.0,1298.0,1298.5,1298.0,1298.199951171875,4315
2026-04-23 08:23:00+00:00,1298.0,1298.0,1298.5,1297.5,1298.0,4775
2026-04-23 08:24:00+00:00,1297.800048828125,1297.800048828125,1298.5,1297.5999755859375,1298.300048828125,3037
2026-04-23 08:25:00+00:00,1301.0,1301.0,1301.0,1298.300048828125,1298.300048828125,17683
2026-04-23 08:26:00+00:00,1307.0999755859375,1307.0999755859375,1307.5999755859375,1301.0,1301.0,79954
2026-04-23 08:27:00+00:00,1306.300048828125,1306.300048828125,1308.0,1306.0,1307.0,19775
2026-04-23 08:28:00+00:00,1305.0,1305.0,1306.9000244140625,1305.0,1306.5999755859375,18788
2026-04-23 08:29:00+00:00,1305.4000244140625,1305.4000244140625,1305.5,1305.0,1305.5,18342
2026-04-23 08:30:00+00:00,1305.0999755859375,1305.0999755859375,1305.800048828125,1305.0,1305.5,10294
2026-04-23 08:31:00+00:00,1305.5,1305.5,1305.9000244140625,1305.0,1305.5999755859375,20868
2026-04-23 08:32:00+00:00,1305.4000244140625,1305.4000244140625,1306.0,1305.4000244140625,1305.5,10891
2026-04-23 08:33:00+00:00,1307.0,1307.0,1308.300048828125,1305.0,1305.5,25201
2026-04-23 08:34:00+00:00,1307.5999755859375,1307.5999755859375,1308.0999755859375,1307.199951171875,1307.199951171875,7523
2026-04-23 08:35:00+00:00,1306.5,1306.5,1307.699951171875,1305.699951171875,1307.300048828125,7652
2026-04-23 08:36:00+00:00,1305.199951171875,1305.199951171875,1306.4000244140625,1305.0,1306.300048828125,7230
2026-04-23 08:37:00+00:00,1305.0,1305.0,1305.9000244140625,1305.0,1305.199951171875,3537
2026-04-23 08:38:00+00:00,1306.199951171875,1306.199951171875,1306.800048828125,1305.0,1305.0,10373
2026-04-23 08:39:00+00:00,1306.199951171875,1306.199951171875,1306.5999755859375,1305.5999755859375,1306.199951171875,5126
2026-04-23 08:40:00+00:00,1305.9000244140625,1305.9000244140625,1306.4000244140625,1305.5,1306.0,1978
2026-04-23 08:41:00+00:00,1305.699951171875,1305.699951171875,1306.0,1305.0999755859375,1305.9000244140625,6690
2026-04-23 08:42:00+00:00,1305.5,1305.5,1305.5999755859375,1305.0,1305.5,6887
2026-04-23 08:43:00+00:00,1307.9000244140625,1307.9000244140625,1308.0,1305.800048828125,1305.800048828125,24345
2026-04-23 08:44:00+00:00,1305.199951171875,1305.199951171875,1308.0,1305.0,1308.0,49105
2026-04-23 08:45:00+00:00,1305.300048828125,1305.300048828125,1306.0,1305.199951171875,1305.300048828125,6936
2026-04-23 08:46:00+00:00,1305.0,1305.0,1305.800048828125,1305.0,1305.800048828125,26434
2026-04-23 08:47:00+00:00,1305.0999755859375,1305.0999755859375,1305.0999755859375,1305.0,1305.0999755859375,37090
2026-04-23 08:48:00+00:00,1305.0999755859375,1305.0999755859375,1305.0999755859375,1305.0,1305.0999755859375,15553
2026-04-23 08:49:00+00:00,1303.199951171875,1303.199951171875,1305.300048828125,1302.5,1305.300048828125,22444
2026-04-23 08:50:00+00:00,1303.199951171875,1303.199951171875,1304.0,1302.9000244140625,1303.199951171875,6424
2026-04-23 08:51:00+00:00,1306.0,1306.0,1306.0,1303.199951171875,1303.199951171875,27604
2026-04-23 08:52:00+00:00,1306.5,1306.5,1306.5,1305.5,1306.0,10599
2026-04-23 08:53:00+00:00,1306.9000244140625,1306.9000244140625,1306.9000244140625,1306.0,1306.5,15277
2026-04-23 08:54:00+00:00,1306.699951171875,1306.699951171875,1306.800048828125,1306.4000244140625,1306.800048828125,6298
2026-04-23 08:55:00+00:00,1306.4000244140625,1306.4000244140625,1306.800048828125,1306.4000244140625,1306.699951171875,2971
2026-04-23 08:56:00+00:00,1305.4000244140625,1305.4000244140625,1306.699951171875,1305.4000244140625,1306.699951171875,2870
2026-04-23 08:57:00+00:00,1305.699951171875,1305.699951171875,1305.9000244140625,1305.199951171875,1305.300048828125,5287
2026-04-23 08:58:00+00:00,1306.199951171875,1306.199951171875,1306.4000244140625,1305.5999755859375,1305.800048828125,6472
2026-04-23 08:59:00+00:00,1305.300048828125,1305.300048828125,1306.199951171875,1305.0,1305.699951171875,10799
2026-04-23 09:00:00+00:00,1305.0,1305.0,1305.800048828125,1305.0,1305.699951171875,3797
2026-04-23 09:01:00+00:00,1305.0,1305.0,1305.300048828125,1305.0,1305.0,57929
2026-04-23 09:02:00+00:00,1305.0,1305.0,1305.0999755859375,1305.0,1305.0999755859375,53132
2026-04-23 09:03:00+00:00,1305.0,1305.0,1305.0999755859375,1305.0,1305.0999755859375,33285
2026-04-23 09:04:00+00:00,1305.0,1305.0,1305.0999755859375,1305.0,1305.0999755859375,34699
2026-04-23 09:05:00+00:00,1305.4000244140625,1305.4000244140625,1305.4000244140625,1305.0,1305.0999755859375,29159
2026-04-23 09:06:00+00:00,1305.0,1305.0,1305.5999755859375,1305.0,1305.4000244140625,8504
2026-04-23 09:07:00+00:00,1305.199951171875,1305.199951171875,1305.300048828125,1305.0,1305.300048828125,4473
2026-04-23 09:08:00+00:00,1305.4000244140625,1305.4000244140625,1305.5999755859375,1305.0,1305.0,13033
2026-04-23 09:09:00+00:00,1307.0,1307.0,1307.0,1305.0,1305.4000244140625,27680
2026-04-23 09:10:00+00:00,1307.199951171875,1307.199951171875,1307.199951171875,1306.5,1307.0,6347
2026-04-23 09:11:00+00:00,1305.4000244140625,1305.4000244140625,1306.5999755859375,1305.4000244140625,1306.4000244140625,9447
2026-04-23 09:12:00+00:00,1301.4000244140625,1301.4000244140625,1305.800048828125,1301.0999755859375,1305.800048828125,57658
2026-04-23 09:13:00+00:00,1303.199951171875,1303.199951171875,1303.5999755859375,1301.4000244140625,1301.800048828125,28879
2026-04-23 09:14:00+00:00,1302.9000244140625,1302.9000244140625,1303.199951171875,1302.300048828125,1303.0,11639
2026-04-23 09:15:00+00:00,1302.800048828125,1302.800048828125,1303.0999755859375,1301.800048828125,1302.9000244140625,20402
2026-04-23 09:16:00+00:00,1303.300048828125,1303.300048828125,1303.9000244140625,1302.5999755859375,1302.9000244140625,12396
2026-04-23 09:17:00+00:00,1303.699951171875,1303.699951171875,1303.800048828125,1303.0,1303.5,9961
2026-04-23 09:18:00+00:00,1304.5,1304.5,1305.300048828125,1303.5999755859375,1303.699951171875,14050
2026-04-23 09:19:00+00:00,1303.199951171875,1303.199951171875,1304.699951171875,1303.0999755859375,1304.5999755859375,12591
2026-04-23 09:20:00+00:00,1304.9000244140625,1304.9000244140625,1304.9000244140625,1303.4000244140625,1303.4000244140625,9159
2026-04-23 09:21:00+00:00,1304.9000244140625,1304.9000244140625,1304.9000244140625,1304.699951171875,1304.9000244140625,2529
2026-04-23 09:22:00+00:00,1304.699951171875,1304.699951171875,1304.9000244140625,1304.0999755859375,1304.699951171875,4955
2026-04-23 09:23:00+00:00,1304.4000244140625,1304.4000244140625,1304.800048828125,1304.300048828125,1304.800048828125,4452
2026-04-23 09:24:00+00:00,1304.699951171875,1304.699951171875,1305.0,1304.0999755859375,1304.699951171875,13125
2026-04-23 09:25:00+00:00,1304.300048828125,1304.300048828125,1304.800048828125,1303.9000244140625,1304.699951171875,2702
2026-04-23 09:26:00+00:00,1305.4000244140625,1305.4000244140625,1306.199951171875,1304.0999755859375,1304.300048828125,32453
2026-04-23 09:27:00+00:00,1304.0,1304.0,1305.4000244140625,1303.800048828125,1305.4000244140625,8764
2026-04-23 09:28:00+00:00,1302.5,1302.5,1305.300048828125,1302.4000244140625,1303.9000244140625,48951
2026-04-23 09:29:00+00:00,1305.0,1305.0,1305.0,1302.5,1303.0,37258
2026-04-23 09:30:00+00:00,1305.0,1305.0,1305.5,1304.5999755859375,1305.0,12244
2026-04-23 09:31:00+00:00,1306.199951171875,1306.199951171875,1306.5,1304.9000244140625,1305.0,19993
2026-04-23 09:32:00+00:00,1307.0,1307.0,1307.5999755859375,1306.4000244140625,1306.4000244140625,14926
2026-04-23 09:33:00+00:00,1306.300048828125,1306.300048828125,1307.0999755859375,1306.300048828125,1307.0999755859375,5064
2026-04-23 09:34:00+00:00,1305.5,1305.5,1306.5999755859375,1305.4000244140625,1306.5,10607
2026-04-23 09:35:00+00:00,1305.800048828125,1305.800048828125,1306.5999755859375,1305.0999755859375,1305.5,14485
2026-04-23 09:36:00+00:00,1305.0999755859375,1305.0999755859375,1305.800048828125,1305.0999755859375,1305.800048828125,4834
2026-04-23 09:37:00+00:00,1306.4000244140625,1306.4000244140625,1306.5,1305.0999755859375,1305.0999755859375,21070
2026-04-23 09:38:00+00:00,1307.199951171875,1307.199951171875,1307.199951171875,1306.0999755859375,1306.4000244140625,8182
2026-04-23 09:39:00+00:00,1307.0999755859375,1307.0999755859375,1307.199951171875,1306.9000244140625,1307.199951171875,6230
2026-04-23 09:40:00+00:00,1307.5999755859375,1307.5999755859375,1307.5999755859375,1307.0,1307.0999755859375,9627
2026-04-23 09:41:00+00:00,1307.699951171875,1307.699951171875,1307.699951171875,1307.4000244140625,1307.5999755859375,8838
2026-04-23 09:42:00+00:00,1305.0999755859375,1305.0999755859375,1307.5,1304.800048828125,1307.5,34455
2026-04-23 09:43:00+00:00,1305.4000244140625,1305.4000244140625,1305.699951171875,1305.0,1305.300048828125,11830
2026-04-23 09:44:00+00:00,1305.0,1305.0,1305.4000244140625,1305.0,1305.4000244140625,12055
2026-04-23 09:45:00+00:00,1305.0999755859375,1305.0999755859375,1305.4000244140625,1305.0,1305.0,14748
2026-04-23 09:46:00+00:00,1305.5,1305.5,1305.699951171875,1305.0,1305.0,18555
2026-04-23 09:47:00+00:00,1305.5999755859375,1305.5999755859375,1305.5999755859375,1305.5,1305.5999755859375,10402
2026-04-23 09:48:00+00:00,1305.0,1305.0,1305.5999755859375,1305.0,1305.199951171875,23672
2026-04-23 09:49:00+00:00,1306.9000244140625,1306.9000244140625,1306.9000244140625,1305.0,1305.0,35700
2026-04-23 09:50:00+00:00,1306.4000244140625,1306.4000244140625,1307.199951171875,1306.4000244140625,1306.699951171875,23616
2026-04-23 09:51:00+00:00,1306.300048828125,1306.300048828125,1306.9000244140625,1306.0999755859375,1306.4000244140625,14136
2026-04-23 09:52:00+00:00,1305.9000244140625,1305.9000244140625,1306.300048828125,1305.199951171875,1306.199951171875,24479
2026-04-23 09:53:00+00:00,1305.300048828125,1305.300048828125,1305.9000244140625,1305.199951171875,1305.5,11493
2026-04-23 09:54:00+00:00,1305.5999755859375,1305.5999755859375,1306.300048828125,1305.300048828125,1305.300048828125,28858
2026-04-23 09:55:00+00:00,1305.800048828125,1305.800048828125,1307.0,1305.5,1305.5999755859375,46414
2026-04-23 09:56:00+00:00,1305.5999755859375,1305.5999755859375,1305.9000244140625,1305.5,1305.699951171875,13337
2026-04-23 09:57:00+00:00,1306.5999755859375,1306.5999755859375,1306.5999755859375,1305.5,1305.5999755859375,9860
2026-04-23 09:58:00+00:00,1307.699951171875,1307.699951171875,1307.9000244140625,1307.199951171875,1307.199951171875,14821
2026-04-23 09:59:00+00:00,1307.0,1307.0,1308.0,1307.0,1307.9000244140625,10490
2026-04-24 03:45:00+00:00,1274.5999755859375,1274.5999755859375,1279.9000244140625,1264.0,1278.5,0
2026-04-24 03:46:00+00:00,1263.5,1263.5,1276.9000244140625,1262.5999755859375,1276.9000244140625,112542
2026-04-24 03:47:00+00:00,1266.4000244140625,1266.4000244140625,1266.4000244140625,1260.800048828125,1263.5,31833
2026-04-24 03:48:00+00:00,1269.199951171875,1269.199951171875,1271.0,1266.5,1266.5,59981
2026-04-24 03:49:00+00:00,1268.5,1268.5,1269.4000244140625,1266.800048828125,1268.800048828125,49971
2026-04-24 03:50:00+00:00,1258.699951171875,1258.699951171875,1268.0,1258.699951171875,1268.0,96940
2026-04-24 03:51:00+00:00,1258.4000244140625,1258.4000244140625,1260.699951171875,1254.699951171875,1258.0999755859375,85498
2026-04-24 03:52:00+00:00,1264.4000244140625,1264.4000244140625,1265.0,1258.9000244140625,1259.0,61783
2026-04-24 03:53:00+00:00,1260.5,1260.5,1265.9000244140625,1260.0,1264.0,40288
2026-04-24 03:54:00+00:00,1265.9000244140625,1265.9000244140625,1267.300048828125,1260.4000244140625,1260.4000244140625,34257
2026-04-24 03:55:00+00:00,1268.0,1268.0,1268.4000244140625,1265.300048828125,1265.9000244140625,25596
2026-04-24 03:56:00+00:00,1280.800048828125,1280.800048828125,1281.199951171875,1267.199951171875,1267.5999755859375,252259
2026-04-24 03:57:00+00:00,1284.0,1284.0,1284.300048828125,1280.0999755859375,1280.300048828125,50994
2026-04-24 03:58:00+00:00,1287.0,1287.0,1288.4000244140625,1283.5,1283.5,46188
2026-04-24 03:59:00+00:00,1290.5999755859375,1290.5999755859375,1291.5,1286.699951171875,1286.699951171875,46124
2026-04-24 04:00:00+00:00,1290.699951171875,1290.699951171875,1291.5,1286.0999755859375,1290.5999755859375,68106
2026-04-24 04:01:00+00:00,1288.800048828125,1288.800048828125,1291.699951171875,1288.4000244140625,1291.0999755859375,26517
2026-04-24 04:02:00+00:00,1287.0,1287.0,1289.9000244140625,1286.0999755859375,1289.0,23032
2026-04-24 04:03:00+00:00,1287.5999755859375,1287.5999755859375,1288.4000244140625,1286.5,1287.0999755859375,6670
2026-04-24 04:04:00+00:00,1290.0999755859375,1290.0999755859375,1290.5,1288.0999755859375,1288.699951171875,9440
2026-04-24 04:05:00+00:00,1289.699951171875,1289.699951171875,1291.0,1288.0999755859375,1291.0,11557
2026-04-24 04:06:00+00:00,1290.300048828125,1290.300048828125,1290.5,1289.4000244140625,1289.699951171875,7135
2026-04-24 04:07:00+00:00,1290.5,1290.5,1290.800048828125,1289.300048828125,1289.300048828125,15005
2026-04-24 04:08:00+00:00,1289.5999755859375,1289.5999755859375,1290.699951171875,1289.0,1289.800048828125,7974
2026-04-24 04:09:00+00:00,1288.5999755859375,1288.5999755859375,1290.300048828125,1287.9000244140625,1289.9000244140625,4995
2026-04-24 04:10:00+00:00,1288.5,1288.5,1289.199951171875,1287.800048828125,1288.300048828125,5839
2026-04-24 04:11:00+00:00,1287.0,1287.0,1288.699951171875,1287.0,1288.5999755859375,4463
2026-04-24 04:12:00+00:00,1286.800048828125,1286.800048828125,1287.5,1286.5,1286.5,5431
2026-04-24 04:13:00+00:00,1284.199951171875,1284.199951171875,1286.5999755859375,1283.4000244140625,1286.5,10214
2026-04-24 04:14:00+00:00,1286.199951171875,1286.199951171875,1286.4000244140625,1284.5,1284.5,19933
2026-04-24 04:15:00+00:00,1287.199951171875,1287.199951171875,1288.699951171875,1285.5,1285.800048828125,20003
2026-04-24 04:16:00+00:00,1286.300048828125,1286.300048828125,1287.300048828125,1286.0999755859375,1286.9000244140625,1462
2026-04-24 04:17:00+00:00,1287.0,1287.0,1287.699951171875,1286.0999755859375,1286.5,4230
2026-04-24 04:18:00+00:00,1285.699951171875,1285.699951171875,1287.0,1285.699951171875,1286.9000244140625,11947
2026-04-24 04:19:00+00:00,1287.0,1287.0,1287.0,1285.5999755859375,1285.800048828125,39152
2026-04-24 04:20:00+00:00,1286.5,1286.5,1288.0,1285.699951171875,1287.0,15521
2026-04-24 04:21:00+00:00,1285.300048828125,1285.300048828125,1286.5,1284.199951171875,1286.5,14676
2026-04-24 04:22:00+00:00,1283.699951171875,1283.699951171875,1285.0999755859375,1283.0,1285.0999755859375,12902
2026-04-24 04:23:00+00:00,1282.5,1282.5,1283.5,1281.800048828125,1283.5,7508
2026-04-24 04:24:00+00:00,1282.199951171875,1282.199951171875,1282.4000244140625,1281.5,1282.4000244140625,12205
2026-04-24 04:25:00+00:00,1281.699951171875,1281.699951171875,1282.300048828125,1281.699951171875,1282.199951171875,13053
2026-04-24 04:26:00+00:00,1285.5,1285.5,1285.800048828125,1282.0,1282.0,15014
2026-04-24 04:27:00+00:00,1284.199951171875,1284.199951171875,1285.5,1284.0,1285.199951171875,6633
2026-04-24 04:28:00+00:00,1284.0999755859375,1284.0999755859375,1284.5999755859375,1284.0,1284.5999755859375,3439
2026-04-24 04:29:00+00:00,1286.0,1286.0,1286.0,1284.0999755859375,1284.0999755859375,2473
2026-04-24 04:30:00+00:00,1287.5,1287.5,1287.9000244140625,1286.0,1286.0999755859375,10034
2026-04-24 04:31:00+00:00,1289.0,1289.0,1289.0999755859375,1287.0,1287.0,6184
2026-04-24 04:32:00+00:00,1288.300048828125,1288.300048828125,1290.5999755859375,1287.699951171875,1289.5,9377
2026-04-24 04:33:00+00:00,1288.4000244140625,1288.4000244140625,1290.699951171875,1288.0,1288.199951171875,7326
2026-04-24 04:34:00+00:00,1289.9000244140625,1289.9000244140625,1289.9000244140625,1288.9000244140625,1289.0,2113
2026-04-24 04:35:00+00:00,1289.0999755859375,1289.0999755859375,1290.0999755859375,1289.0999755859375,1289.9000244140625,3667
2026-04-24 04:36:00+00:00,1289.300048828125,1289.300048828125,1289.5,1289.199951171875,1289.199951171875,3585
2026-04-24 04:37:00+00:00,1288.0999755859375,1288.0999755859375,1289.699951171875,1288.0999755859375,1289.5,4826
2026-04-24 04:38:00+00:00,1286.699951171875,1286.699951171875,1288.4000244140625,1286.699951171875,1288.4000244140625,3502
2026-04-24 04:39:00+00:00,1284.5,1284.5,1285.800048828125,1284.0999755859375,1285.800048828125,11113
2026-04-24 04:40:00+00:00,1285.800048828125,1285.800048828125,1285.9000244140625,1283.5999755859375,1285.0,3716
2026-04-24 04:41:00+00:00,1286.699951171875,1286.699951171875,1287.5,1286.0999755859375,1286.0999755859375,2882
2026-04-24 04:42:00+00:00,1285.199951171875,1285.199951171875,1286.699951171875,1285.199951171875,1286.699951171875,2505
2026-04-24 04:43:00+00:00,1285.4000244140625,1285.4000244140625,1285.699951171875,1285.4000244140625,1285.5999755859375,1381
2026-04-24 04:44:00+00:00,1285.199951171875,1285.199951171875,1285.5999755859375,1285.199951171875,1285.300048828125,2242
2026-04-24 04:45:00+00:00,1283.4000244140625,1283.4000244140625,1284.9000244140625,1283.0999755859375,1284.9000244140625,4502
2026-04-24 04:46:00+00:00,1283.199951171875,1283.199951171875,1283.5,1283.199951171875,1283.5,1440
2026-04-24 04:47:00+00:00,1283.4000244140625,1283.4000244140625,1283.4000244140625,1282.800048828125,1283.300048828125,2708
2026-04-24 04:48:00+00:00,1283.699951171875,1283.699951171875,1283.800048828125,1282.5999755859375,1283.4000244140625,2861
2026-04-24 04:49:00+00:00,1282.800048828125,1282.800048828125,1283.9000244140625,1282.300048828125,1283.699951171875,28878
2026-04-24 04:50:00+00:00,1283.699951171875,1283.699951171875,1284.0,1282.5999755859375,1282.5999755859375,6393
2026-04-24 04:51:00+00:00,1282.800048828125,1282.800048828125,1284.199951171875,1282.800048828125,1284.0,4189
2026-04-24 04:52:00+00:00,1284.800048828125,1284.800048828125,1284.800048828125,1283.0999755859375,1283.0999755859375,6697
2026-04-24 04:53:00+00:00,1284.0,1284.0,1284.800048828125,1283.699951171875,1284.800048828125,5894
2026-04-24 04:54:00+00:00,1283.9000244140625,1283.9000244140625,1284.0999755859375,1283.800048828125,1284.0999755859375,5858
2026-04-24 04:55:00+00:00,1283.5999755859375,1283.5999755859375,1284.5999755859375,1283.5,1284.5999755859375,3408
2026-04-24 04:56:00+00:00,1284.5999755859375,1284.5999755859375,1284.800048828125,1283.199951171875,1283.9000244140625,7600
2026-04-24 04:57:00+00:00,1285.0,1285.0,1285.199951171875,1284.5999755859375,1284.5999755859375,2269
2026-04-24 04:58:00+00:00,1290.5999755859375,1290.5999755859375,1291.0999755859375,1289.699951171875,1289.699951171875,47606
2026-04-24 04:59:00+00:00,1291.0,1291.0,1291.0,1290.0,1290.5999755859375,7564
2026-04-24 05:00:00+00:00,1291.0,1291.0,1291.199951171875,1290.199951171875,1290.699951171875,16213
2026-04-24 05:01:00+00:00,1290.4000244140625,1290.4000244140625,1291.0,1290.0,1291.0,5165
2026-04-24 05:02:00+00:00,1289.0999755859375,1289.0999755859375,1290.4000244140625,1288.5999755859375,1290.4000244140625,3828
2026-04-24 05:03:00+00:00,1287.300048828125,1287.300048828125,1288.300048828125,1287.300048828125,1287.699951171875,4912
2026-04-24 05:04:00+00:00,1286.5999755859375,1286.5999755859375,1288.0,1286.0999755859375,1287.699951171875,5779
2026-04-24 05:05:00+00:00,1289.300048828125,1289.300048828125,1289.300048828125,1287.5999755859375,1287.5999755859375,69303
2026-04-24 05:06:00+00:00,1288.5,1288.5,1289.199951171875,1288.0,1289.199951171875,2915
2026-04-24 05:07:00+00:00,1288.4000244140625,1288.4000244140625,1288.800048828125,1288.0999755859375,1288.4000244140625,3175
2026-04-24 05:08:00+00:00,1288.0999755859375,1288.0999755859375,1288.300048828125,1287.800048828125,1288.300048828125,1881
2026-04-24 05:09:00+00:00,1288.5999755859375,1288.5999755859375,1289.0,1288.0,1288.0999755859375,3374
2026-04-24 05:10:00+00:00,1289.199951171875,1289.199951171875,1289.199951171875,1288.300048828125,1289.0,1817
2026-04-24 05:11:00+00:00,1290.0,1290.0,1290.199951171875,1289.199951171875,1289.199951171875,22999
2026-04-24 05:12:00+00:00,1290.199951171875,1290.199951171875,1290.4000244140625,1289.699951171875,1290.0,18954
2026-04-24 05:13:00+00:00,1290.300048828125,1290.300048828125,1290.800048828125,1290.0,1290.4000244140625,6107
2026-04-24 05:14:00+00:00,1290.0999755859375,1290.0999755859375,1290.4000244140625,1290.0,1290.300048828125,11258
2026-04-24 05:15:00+00:00,1290.0,1290.0,1290.300048828125,1289.5999755859375,1289.9000244140625,9017
2026-04-24 05:16:00+00:00,1290.0999755859375,1290.0999755859375,1290.300048828125,1290.0,1290.0999755859375,4154
2026-04-24 05:17:00+00:00,1289.5,1289.5,1290.0999755859375,1289.5,1290.0,34636
2026-04-24 05:18:00+00:00,1287.9000244140625,1287.9000244140625,1290.0,1287.5,1289.5999755859375,48975
2026-04-24 05:19:00+00:00,1287.5,1287.5,1289.0999755859375,1287.5,1288.4000244140625,7381
2026-04-24 05:20:00+00:00,1286.300048828125,1286.300048828125,1288.199951171875,1285.0,1288.0999755859375,56037
2026-04-24 05:21:00+00:00,1286.699951171875,1286.699951171875,1287.699951171875,1285.699951171875,1286.300048828125,37016
2026-04-24 05:22:00+00:00,1288.5999755859375,1288.5999755859375,1288.800048828125,1286.800048828125,1286.800048828125,46477
2026-04-24 05:23:00+00:00,1287.300048828125,1287.300048828125,1289.199951171875,1287.0,1288.800048828125,22563
2026-04-24 05:24:00+00:00,1288.0999755859375,1288.0999755859375,1288.300048828125,1287.300048828125,1287.300048828125,3269
2026-04-24 05:25:00+00:00,1287.5,1287.5,1288.0999755859375,1287.199951171875,1288.0999755859375,2915
2026-04-24 05:26:00+00:00,1289.5999755859375,1289.5999755859375,1290.0,1287.5,1287.5,6149
2026-04-24 05:27:00+00:00,1288.9000244140625,1288.9000244140625,1290.0,1288.800048828125,1289.300048828125,6610
2026-04-24 05:28:00+00:00,1288.9000244140625,1288.9000244140625,1289.300048828125,1288.5,1288.9000244140625,1660
2026-04-24 05:29:00+00:00,1289.0999755859375,1289.0999755859375,1289.0999755859375,1288.5999755859375,1288.800048828125,1790
2026-04-24 05:30:00+00:00,1289.0999755859375,1289.0999755859375,1289.199951171875,1289.0,1289.0,1313
2026-04-24 05:31:00+00:00,1288.300048828125,1288.300048828125,1289.300048828125,1288.300048828125,1289.0999755859375,2340
2026-04-24 05:32:00+00:00,1288.0,1288.0,1288.800048828125,1288.0,1288.5999755859375,5002
2026-04-24 05:33:00+00:00,1287.5999755859375,1287.5999755859375,1288.0,1286.9000244140625,1287.5999755859375,39232
2026-04-24 05:34:00+00:00,1287.0999755859375,1287.0999755859375,1288.0,1287.0,1287.0999755859375,7117
2026-04-24 05:35:00+00:00,1288.0,1288.0,1288.0,1286.5,1287.0999755859375,8755
2026-04-24 05:36:00+00:00,1287.5,1287.5,1288.4000244140625,1287.5,1287.9000244140625,6565
2026-04-24 05:37:00+00:00,1284.4000244140625,1284.4000244140625,1288.0,1284.4000244140625,1288.0,11446
2026-04-24 05:38:00+00:00,1286.800048828125,1286.800048828125,1287.199951171875,1285.4000244140625,1285.699951171875,6585
2026-04-24 05:39:00+00:00,1285.5,1285.5,1286.9000244140625,1285.5,1286.5,5095
2026-04-24 05:40:00+00:00,1286.300048828125,1286.300048828125,1286.699951171875,1285.699951171875,1285.800048828125,2627
2026-04-24 05:41:00+00:00,1286.0999755859375,1286.0999755859375,1287.0,1286.0999755859375,1287.0,2341
2026-04-24 05:42:00+00:00,1285.5999755859375,1285.5999755859375,1286.300048828125,1285.5999755859375,1286.300048828125,5009
2026-04-24 05:43:00+00:00,1286.5999755859375,1286.5999755859375,1286.699951171875,1285.5999755859375,1285.5999755859375,4668
2026-04-24 05:44:00+00:00,1287.800048828125,1287.800048828125,1287.9000244140625,1286.699951171875,1286.699951171875,2893
2026-04-24 05:45:00+00:00,1287.199951171875,1287.199951171875,1288.0,1286.800048828125,1287.9000244140625,10065
2026-04-24 05:46:00+00:00,1286.9000244140625,1286.9000244140625,1287.5,1286.9000244140625,1287.199951171875,1964
2026-04-24 05:47:00+00:00,1286.9000244140625,1286.9000244140625,1287.199951171875,1286.9000244140625,1286.9000244140625,1279
2026-04-24 05:48:00+00:00,1287.9000244140625,1287.9000244140625,1287.9000244140625,1286.5999755859375,1286.9000244140625,2633
2026-04-24 05:49:00+00:00,1288.0,1288.0,1288.0,1287.800048828125,1287.9000244140625,831
2026-04-24 05:50:00+00:00,1287.5,1287.5,1288.0,1287.4000244140625,1287.9000244140625,2960
2026-04-24 05:51:00+00:00,1287.0,1287.0,1287.300048828125,1286.5999755859375,1287.0,3133
2026-04-24 05:52:00+00:00,1287.699951171875,1287.699951171875,1287.699951171875,1287.199951171875,1287.300048828125,2047
2026-04-24 05:53:00+00:00,1286.800048828125,1286.800048828125,1287.699951171875,1286.800048828125,1287.699951171875,1918
2026-04-24 05:54:00+00:00,1287.4000244140625,1287.4000244140625,1287.5,1286.9000244140625,1286.9000244140625,988
2026-04-24 05:55:00+00:00,1287.4000244140625,1287.4000244140625,1287.4000244140625,1287.0,1287.199951171875,974
2026-04-24 05:56:00+00:00,1287.300048828125,1287.300048828125,1287.300048828125,1287.0,1287.199951171875,827
2026-04-24 05:57:00+00:00,1287.199951171875,1287.199951171875,1287.199951171875,1286.699951171875,1287.199951171875,2764
2026-04-24 05:58:00+00:00,1287.199951171875,1287.199951171875,1287.300048828125,1287.0,1287.0,1201
2026-04-24 05:59:00+00:00,1287.9000244140625,1287.9000244140625,1287.9000244140625,1287.0999755859375,1287.199951171875,1893
2026-04-24 06:00:00+00:00,1287.800048828125,1287.800048828125,1288.0,1287.5,1287.9000244140625,2833
2026-04-24 06:01:00+00:00,1287.800048828125,1287.800048828125,1287.800048828125,1287.5999755859375,1287.699951171875,1277
2026-04-24 06:02:00+00:00,1287.199951171875,1287.199951171875,1287.5,1287.0,1287.5,3301
2026-04-24 06:03:00+00:00,1287.5999755859375,1287.5999755859375,1287.5999755859375,1287.199951171875,1287.199951171875,2549
2026-04-24 06:04:00+00:00,1287.5999755859375,1287.5999755859375,1287.5999755859375,1287.5,1287.5999755859375,820
2026-04-24 06:05:00+00:00,1287.800048828125,1287.800048828125,1288.0,1287.5,1287.5999755859375,7026
2026-04-24 06:06:00+00:00,1287.0,1287.0,1287.800048828125,1287.0,1287.800048828125,2733
2026-04-24 06:07:00+00:00,1287.0,1287.0,1287.4000244140625,1286.0,1287.4000244140625,16649
2026-04-24 06:08:00+00:00,1287.0,1287.0,1287.0,1285.5,1287.0,12690
2026-04-24 06:09:00+00:00,1286.699951171875,1286.699951171875,1287.0,1286.4000244140625,1287.0,1369
2026-04-24 06:10:00+00:00,1286.699951171875,1286.699951171875,1286.699951171875,1286.300048828125,1286.699951171875,1509
2026-04-24 06:11:00+00:00,1286.800048828125,1286.800048828125,1286.800048828125,1286.300048828125,1286.5,2270
2026-04-24 06:12:00+00:00,1286.4000244140625,1286.4000244140625,1286.800048828125,1286.4000244140625,1286.5,1387
2026-04-24 06:13:00+00:00,1286.5999755859375,1286.5999755859375,1286.5999755859375,1286.0,1286.4000244140625,1378
2026-04-24 06:14:00+00:00,1286.0,1286.0,1286.699951171875,1286.0,1286.5999755859375,2325
2026-04-24 06:15:00+00:00,1286.4000244140625,1286.4000244140625,1286.699951171875,1286.0,1286.699951171875,1467
2026-04-24 06:16:00+00:00,1286.5999755859375,1286.5999755859375,1286.5999755859375,1286.0,1286.0,1303
2026-04-24 06:17:00+00:00,1284.5999755859375,1284.5999755859375,1286.699951171875,1284.5999755859375,1286.5999755859375,10623
2026-04-24 06:18:00+00:00,1284.199951171875,1284.199951171875,1285.199951171875,1283.800048828125,1285.0,5598
2026-04-24 06:19:00+00:00,1284.0,1284.0,1285.0999755859375,1284.0,1284.300048828125,3113
2026-04-24 06:20:00+00:00,1284.5999755859375,1284.5999755859375,1284.699951171875,1284.0999755859375,1284.0999755859375,2485
2026-04-24 06:21:00+00:00,1284.9000244140625,1284.9000244140625,1284.9000244140625,1283.300048828125,1283.300048828125,6123
2026-04-24 06:22:00+00:00,1284.699951171875,1284.699951171875,1284.9000244140625,1284.699951171875,1284.9000244140625,3076
2026-04-24 06:23:00+00:00,1284.800048828125,1284.800048828125,1284.9000244140625,1284.699951171875,1284.699951171875,1954
2026-04-24 06:24:00+00:00,1285.5,1285.5,1286.0,1285.0,1285.0,3971
2026-04-24 06:25:00+00:00,1285.5999755859375,1285.5999755859375,1285.5999755859375,1285.0,1285.300048828125,1631
2026-04-24 06:26:00+00:00,1284.9000244140625,1284.9000244140625,1286.0,1284.9000244140625,1285.5999755859375,2538
2026-04-24 06:27:00+00:00,1285.699951171875,1285.699951171875,1285.699951171875,1285.0999755859375,1285.0999755859375,2177
2026-04-24 06:28:00+00:00,1284.9000244140625,1284.9000244140625,1285.5999755859375,1284.0,1285.5999755859375,5325
2026-04-24 06:29:00+00:00,1283.9000244140625,1283.9000244140625,1285.0,1283.9000244140625,1285.0,3778
2026-04-24 06:30:00+00:00,1283.300048828125,1283.300048828125,1284.0,1283.300048828125,1284.0,2172
2026-04-24 06:31:00+00:00,1283.5,1283.5,1284.0,1283.199951171875,1283.199951171875,8472
2026-04-24 06:32:00+00:00,1281.699951171875,1281.699951171875,1283.0,1281.300048828125,1283.0,22376
2026-04-24 06:33:00+00:00,1279.800048828125,1279.800048828125,1282.4000244140625,1279.199951171875,1282.0,40683
2026-04-24 06:34:00+00:00,1280.9000244140625,1280.9000244140625,1281.0,1279.5999755859375,1279.699951171875,16293
2026-04-24 06:35:00+00:00,1281.9000244140625,1281.9000244140625,1281.9000244140625,1280.5999755859375,1280.5999755859375,20146
2026-04-24 06:36:00+00:00,1283.0,1283.0,1283.0,1282.4000244140625,1282.699951171875,2239
2026-04-24 06:37:00+00:00,1283.5999755859375,1283.5999755859375,1283.5999755859375,1282.800048828125,1282.800048828125,7974
2026-04-24 06:38:00+00:00,1283.699951171875,1283.699951171875,1283.800048828125,1283.0999755859375,1283.5999755859375,4914
2026-04-24 06:39:00+00:00,1284.800048828125,1284.800048828125,1284.800048828125,1283.5999755859375,1283.5999755859375,3035
2026-04-24 06:40:00+00:00,1284.800048828125,1284.800048828125,1285.0,1284.5999755859375,1284.800048828125,2998
2026-04-24 06:41:00+00:00,1284.4000244140625,1284.4000244140625,1284.699951171875,1283.5999755859375,1284.699951171875,15650
2026-04-24 06:42:00+00:00,1284.699951171875,1284.699951171875,1284.699951171875,1284.0999755859375,1284.4000244140625,3757
2026-04-24 06:43:00+00:00,1286.0,1286.0,1286.300048828125,1285.0,1285.0,25116
2026-04-24 06:44:00+00:00,1285.5,1285.5,1285.9000244140625,1285.0999755859375,1285.800048828125,1571
2026-04-24 06:45:00+00:00,1287.0,1287.0,1287.300048828125,1285.4000244140625,1285.4000244140625,18644
2026-04-24 06:46:00+00:00,1287.4000244140625,1287.4000244140625,1288.5999755859375,1286.9000244140625,1286.9000244140625,35846
2026-04-24 06:47:00+00:00,1287.9000244140625,1287.9000244140625,1288.5,1287.5,1287.9000244140625,6408
2026-04-24 06:48:00+00:00,1287.5999755859375,1287.5999755859375,1287.800048828125,1287.0,1287.800048828125,1412
2026-04-24 06:49:00+00:00,1286.4000244140625,1286.4000244140625,1287.0999755859375,1286.0,1287.0999755859375,3273
2026-04-24 06:50:00+00:00,1285.0,1285.0,1286.5,1284.0999755859375,1286.4000244140625,10686
2026-04-24 06:51:00+00:00,1285.9000244140625,1285.9000244140625,1285.9000244140625,1284.9000244140625,1284.9000244140625,3801
2026-04-24 06:52:00+00:00,1284.9000244140625,1284.9000244140625,1285.9000244140625,1284.0,1285.300048828125,3367
2026-04-24 06:53:00+00:00,1287.4000244140625,1287.4000244140625,1287.4000244140625,1284.199951171875,1284.800048828125,5931
2026-04-24 06:54:00+00:00,1287.0999755859375,1287.0999755859375,1287.800048828125,1287.0,1287.300048828125,3873
2026-04-24 06:55:00+00:00,1287.0999755859375,1287.0999755859375,1287.5999755859375,1287.0999755859375,1287.0999755859375,2836
2026-04-24 06:56:00+00:00,1287.300048828125,1287.300048828125,1287.5999755859375,1286.4000244140625,1287.199951171875,3574
2026-04-24 06:57:00+00:00,1286.0,1286.0,1287.0,1285.9000244140625,1287.0,3590
2026-04-24 06:58:00+00:00,1286.0,1286.0,1286.0,1285.5,1285.699951171875,2782
2026-04-24 06:59:00+00:00,1286.5999755859375,1286.5999755859375,1286.5999755859375,1286.199951171875,1286.199951171875,7032
2026-04-24 07:00:00+00:00,1288.0,1288.0,1288.0,1286.5999755859375,1286.5999755859375,2797
2026-04-24 07:01:00+00:00,1288.699951171875,1288.699951171875,1288.699951171875,1287.800048828125,1287.800048828125,3650
2026-04-24 07:02:00+00:00,1287.5,1287.5,1288.800048828125,1287.0999755859375,1288.699951171875,3080
2026-04-24 07:03:00+00:00,1286.0,1286.0,1287.0999755859375,1282.4000244140625,1287.0999755859375,18214
2026-04-24 07:04:00+00:00,1285.9000244140625,1285.9000244140625,1287.300048828125,1285.699951171875,1286.0999755859375,8555
2026-04-24 07:05:00+00:00,1285.9000244140625,1285.9000244140625,1287.300048828125,1285.9000244140625,1286.0,6146
2026-04-24 07:06:00+00:00,1287.0,1287.0,1287.0,1286.199951171875,1287.0,4954
2026-04-24 07:07:00+00:00,1288.300048828125,1288.300048828125,1288.300048828125,1286.699951171875,1286.9000244140625,4335
2026-04-24 07:08:00+00:00,1289.0,1289.0,1289.0999755859375,1288.300048828125,1288.300048828125,5698
2026-04-24 07:09:00+00:00,1289.4000244140625,1289.4000244140625,1289.4000244140625,1288.0999755859375,1289.0,5077
2026-04-24 07:10:00+00:00,1289.800048828125,1289.800048828125,1289.800048828125,1289.199951171875,1289.300048828125,2919
2026-04-24 07:11:00+00:00,1293.5,1293.5,1293.699951171875,1289.699951171875,1289.699951171875,24870
2026-04-24 07:12:00+00:00,1298.0,1298.0,1298.0,1293.800048828125,1293.800048828125,31923
2026-04-24 07:13:00+00:00,1296.699951171875,1296.699951171875,1298.4000244140625,1296.199951171875,1297.800048828125,13002
2026-04-24 07:14:00+00:00,1296.800048828125,1296.800048828125,1297.699951171875,1296.0,1297.0999755859375,6401
2026-04-24 07:15:00+00:00,1298.199951171875,1298.199951171875,1298.199951171875,1296.199951171875,1296.199951171875,6770
2026-04-24 07:16:00+00:00,1300.5999755859375,1300.5999755859375,1300.800048828125,1298.0,1298.199951171875,14423
2026-04-24 07:17:00+00:00,1299.5999755859375,1299.5999755859375,1300.199951171875,1299.0,1300.0,27965
2026-04-24 07:18:00+00:00,1301.0999755859375,1301.0999755859375,1301.199951171875,1299.5999755859375,1299.699951171875,6512
2026-04-24 07:19:00+00:00,1300.0,1300.0,1302.0,1299.4000244140625,1301.4000244140625,16635
2026-04-24 07:20:00+00:00,1302.5999755859375,1302.5999755859375,1302.5999755859375,1300.0999755859375,1300.5,8368
2026-04-24 07:21:00+00:00,1301.0999755859375,1301.0999755859375,1302.800048828125,1300.0,1302.0999755859375,7395
2026-04-24 07:22:00+00:00,1301.4000244140625,1301.4000244140625,1301.699951171875,1300.699951171875,1301.0,8270
2026-04-24 07:23:00+00:00,1301.300048828125,1301.300048828125,1302.0,1301.0,1301.5,5642
2026-04-24 07:24:00+00:00,1299.699951171875,1299.699951171875,1301.4000244140625,1299.699951171875,1301.4000244140625,7609
2026-04-24 07:25:00+00:00,1299.4000244140625,1299.4000244140625,1300.5,1299.300048828125,1299.5999755859375,9184
2026-04-24 07:26:00+00:00,1299.4000244140625,1299.4000244140625,1300.0,1299.300048828125,1300.0,3287
2026-04-24 07:27:00+00:00,1299.199951171875,1299.199951171875,1299.699951171875,1299.0999755859375,1299.4000244140625,4243
2026-04-24 07:28:00+00:00,1298.0,1298.0,1299.5999755859375,1297.300048828125,1299.5999755859375,9854
2026-04-24 07:29:00+00:00,1297.4000244140625,1297.4000244140625,1298.0,1297.4000244140625,1297.9000244140625,11260
2026-04-24 07:30:00+00:00,1298.0,1298.0,1298.0,1296.800048828125,1297.699951171875,5553
2026-04-24 07:31:00+00:00,1299.9000244140625,1299.9000244140625,1300.0,1297.9000244140625,1297.9000244140625,11155
2026-04-24 07:32:00+00:00,1300.300048828125,1300.300048828125,1300.5999755859375,1299.9000244140625,1300.199951171875,5986
2026-04-24 07:33:00+00:00,1299.0999755859375,1299.0999755859375,1299.4000244140625,1298.0999755859375,1299.4000244140625,11236
2026-04-24 07:34:00+00:00,1300.0,1300.0,1300.199951171875,1299.0999755859375,1299.0999755859375,10825
2026-04-24 07:35:00+00:00,1300.0999755859375,1300.0999755859375,1300.300048828125,1300.0,1300.0,3349
2026-04-24 07:36:00+00:00,1300.0,1300.0,1300.5,1300.0,1300.199951171875,8917
2026-04-24 07:37:00+00:00,1301.0,1301.0,1301.0,1300.199951171875,1300.199951171875,3096
2026-04-24 07:38:00+00:00,1301.0999755859375,1301.0999755859375,1301.0999755859375,1300.300048828125,1301.0,5607
2026-04-24 07:39:00+00:00,1300.4000244140625,1300.4000244140625,1301.199951171875,1300.0999755859375,1301.0,3847
2026-04-24 07:40:00+00:00,1301.0999755859375,1301.0999755859375,1301.5,1300.0,1300.0,14994
2026-04-24 07:41:00+00:00,1301.0999755859375,1301.0999755859375,1301.5,1300.5,1301.199951171875,4374
2026-04-24 07:42:00+00:00,1300.0999755859375,1300.0999755859375,1301.199951171875,1300.0999755859375,1301.199951171875,5946
2026-04-24 07:43:00+00:00,1300.0,1300.0,1300.199951171875,1299.800048828125,1300.0999755859375,22010
2026-04-24 07:44:00+00:00,1300.0,1300.0,1300.5999755859375,1299.699951171875,1300.0,25409
2026-04-24 07:45:00+00:00,1300.199951171875,1300.199951171875,1300.4000244140625,1300.0,1300.199951171875,3778
2026-04-24 07:46:00+00:00,1300.0,1300.0,1300.5,1300.0,1300.0,5552
2026-04-24 07:47:00+00:00,1300.199951171875,1300.199951171875,1300.199951171875,1299.5,1300.0999755859375,5116
2026-04-24 07:48:00+00:00,1300.5,1300.5,1300.699951171875,1300.0,1300.0,2625
2026-04-24 07:49:00+00:00,1300.5999755859375,1300.5999755859375,1300.800048828125,1299.699951171875,1300.5,3225
2026-04-24 07:50:00+00:00,1300.5999755859375,1300.5999755859375,1301.0,1300.5,1300.800048828125,3066
2026-04-24 07:51:00+00:00,1300.699951171875,1300.699951171875,1301.0,1300.4000244140625,1300.699951171875,3126
2026-04-24 07:52:00+00:00,1300.9000244140625,1300.9000244140625,1301.0,1300.5,1300.800048828125,2158
2026-04-24 07:53:00+00:00,1300.5999755859375,1300.5999755859375,1300.9000244140625,1300.5,1300.800048828125,4242
2026-04-24 07:54:00+00:00,1300.800048828125,1300.800048828125,1300.9000244140625,1300.199951171875,1300.9000244140625,2743
2026-04-24 07:55:00+00:00,1301.199951171875,1301.199951171875,1301.300048828125,1300.5,1300.5999755859375,7138
2026-04-24 07:56:00+00:00,1301.0999755859375,1301.0999755859375,1301.5,1300.5999755859375,1301.5,3991
2026-04-24 07:57:00+00:00,1301.199951171875,1301.199951171875,1301.300048828125,1300.699951171875,1301.199951171875,2389
2026-04-24 07:58:00+00:00,1300.5999755859375,1300.5999755859375,1300.5999755859375,1300.0999755859375,1300.5999755859375,4070
2026-04-24 07:59:00+00:00,1301.0,1301.0,1301.4000244140625,1300.699951171875,1300.9000244140625,3351
2026-04-24 08:00:00+00:00,1300.5999755859375,1300.5999755859375,1301.5,1300.5999755859375,1301.5,2359
2026-04-24 08:01:00+00:00,1300.0,1300.0,1300.300048828125,1300.0,1300.0999755859375,6488
2026-04-24 08:02:00+00:00,1298.0,1298.0,1300.0999755859375,1297.0,1300.0,18597
2026-04-24 08:03:00+00:00,1298.9000244140625,1298.9000244140625,1298.9000244140625,1297.5999755859375,1298.0,5497
2026-04-24 08:04:00+00:00,1297.0,1297.0,1299.0,1296.699951171875,1298.9000244140625,4209
2026-04-24 08:05:00+00:00,1295.699951171875,1295.699951171875,1297.0,1295.0,1296.300048828125,8278
2026-04-24 08:06:00+00:00,1296.300048828125,1296.300048828125,1296.5,1295.800048828125,1296.0,2989
2026-04-24 08:07:00+00:00,1296.5,1296.5,1296.5,1296.4000244140625,1296.4000244140625,2398
2026-04-24 08:08:00+00:00,1296.300048828125,1296.300048828125,1296.5,1296.0,1296.4000244140625,2699
2026-04-24 08:09:00+00:00,1298.0,1298.0,1298.0,1296.0,1296.300048828125,9696
2026-04-24 08:10:00+00:00,1299.0999755859375,1299.0999755859375,1299.0999755859375,1297.5,1297.5,7739
2026-04-24 08:11:00+00:00,1296.9000244140625,1296.9000244140625,1299.0,1296.9000244140625,1298.9000244140625,7385
2026-04-24 08:12:00+00:00,1296.9000244140625,1296.9000244140625,1297.800048828125,1296.199951171875,1297.4000244140625,8941
2026-04-24 08:13:00+00:00,1296.9000244140625,1296.9000244140625,1297.300048828125,1296.5999755859375,1296.9000244140625,3911
2026-04-24 08:14:00+00:00,1297.0,1297.0,1297.0999755859375,1296.199951171875,1296.5999755859375,4335
2026-04-24 08:15:00+00:00,1297.4000244140625,1297.4000244140625,1297.5,1297.0,1297.0,2544
2026-04-24 08:16:00+00:00,1297.5,1297.5,1298.0,1297.5,1298.0,7119
2026-04-24 08:17:00+00:00,1297.199951171875,1297.199951171875,1297.9000244140625,1297.199951171875,1297.4000244140625,5680
2026-04-24 08:18:00+00:00,1297.9000244140625,1297.9000244140625,1297.9000244140625,1297.5999755859375,1297.699951171875,3795
2026-04-24 08:19:00+00:00,1298.5999755859375,1298.5999755859375,1298.800048828125,1297.699951171875,1297.699951171875,8267
2026-04-24 08:20:00+00:00,1300.699951171875,1300.699951171875,1300.9000244140625,1297.4000244140625,1298.5999755859375,24812
2026-04-24 08:21:00+00:00,1302.699951171875,1302.699951171875,1302.699951171875,1300.800048828125,1301.0999755859375,15043
2026-04-24 08:22:00+00:00,1302.5,1302.5,1302.800048828125,1301.4000244140625,1302.699951171875,5485
2026-04-24 08:23:00+00:00,1302.199951171875,1302.199951171875,1302.4000244140625,1301.699951171875,1302.0,3345
2026-04-24 08:24:00+00:00,1303.0,1303.0,1303.800048828125,1302.300048828125,1302.300048828125,14047
2026-04-24 08:25:00+00:00,1301.5999755859375,1301.5999755859375,1303.199951171875,1301.5999755859375,1303.0999755859375,11390
2026-04-24 08:26:00+00:00,1302.4000244140625,1302.4000244140625,1302.4000244140625,1301.800048828125,1302.0999755859375,4947
2026-04-24 08:27:00+00:00,1301.9000244140625,1301.9000244140625,1302.300048828125,1301.5999755859375,1301.699951171875,3507
2026-04-24 08:28:00+00:00,1301.0999755859375,1301.0999755859375,1302.199951171875,1300.0,1302.199951171875,6967
2026-04-24 08:29:00+00:00,1300.199951171875,1300.199951171875,1301.4000244140625,1300.199951171875,1301.0999755859375,3923
2026-04-24 08:30:00+00:00,1299.0,1299.0,1300.0,1297.699951171875,1298.800048828125,12758
2026-04-24 08:31:00+00:00,1299.0,1299.0,1299.5,1297.5999755859375,1299.5,3139
2026-04-24 08:32:00+00:00,1297.800048828125,1297.800048828125,1298.199951171875,1297.5,1298.199951171875,2659
2026-04-24 08:33:00+00:00,1297.4000244140625,1297.4000244140625,1297.800048828125,1297.0,1297.800048828125,2358
2026-04-24 08:34:00+00:00,1297.0999755859375,1297.0999755859375,1297.4000244140625,1297.0,1297.0,1836
2026-04-24 08:35:00+00:00,1300.4000244140625,1300.4000244140625,1300.4000244140625,1296.9000244140625,1297.4000244140625,8392
2026-04-24 08:36:00+00:00,1300.0999755859375,1300.0999755859375,1300.699951171875,1299.300048828125,1299.699951171875,10186
2026-04-24 08:37:00+00:00,1300.5999755859375,1300.5999755859375,1301.0,1300.0999755859375,1300.0999755859375,5411
2026-04-24 08:38:00+00:00,1300.699951171875,1300.699951171875,1301.0,1300.4000244140625,1300.4000244140625,4376
2026-04-24 08:39:00+00:00,1301.300048828125,1301.300048828125,1301.800048828125,1301.0,1301.800048828125,6997
2026-04-24 08:40:00+00:00,1299.9000244140625,1299.9000244140625,1301.5999755859375,1299.9000244140625,1301.4000244140625,6400
2026-04-24 08:41:00+00:00,1299.0999755859375,1299.0999755859375,1301.0,1299.0999755859375,1300.5,6226
2026-04-24 08:42:00+00:00,1300.0,1300.0,1300.199951171875,1298.4000244140625,1298.4000244140625,8276
2026-04-24 08:43:00+00:00,1300.4000244140625,1300.4000244140625,1300.9000244140625,1300.199951171875,1300.199951171875,5744
2026-04-24 08:44:00+00:00,1300.0999755859375,1300.0999755859375,1300.699951171875,1299.9000244140625,1300.699951171875,4393
2026-04-24 08:45:00+00:00,1300.199951171875,1300.199951171875,1300.699951171875,1300.199951171875,1300.199951171875,1881
2026-04-24 08:46:00+00:00,1300.0,1300.0,1300.5,1299.9000244140625,1300.5,21905
2026-04-24 08:47:00+00:00,1300.0,1300.0,1300.0,1298.800048828125,1300.0,16841
2026-04-24 08:48:00+00:00,1299.9000244140625,1299.9000244140625,1300.0,1299.4000244140625,1300.0,4631
2026-04-24 08:49:00+00:00,1300.0,1300.0,1300.0,1300.0,1300.0,19985
2026-04-24 08:50:00+00:00,1300.0999755859375,1300.0999755859375,1300.0999755859375,1300.0,1300.0,8600
2026-04-24 08:51:00+00:00,1300.0,1300.0,1300.0999755859375,1300.0,1300.0999755859375,3947
2026-04-24 08:52:00+00:00,1301.0,1301.0,1302.0999755859375,1300.0,1300.0,24084
2026-04-24 08:53:00+00:00,1301.0,1301.0,1301.699951171875,1300.5999755859375,1300.5999755859375,4380
2026-04-24 08:54:00+00:00,1299.699951171875,1299.699951171875,1301.300048828125,1299.4000244140625,1301.300048828125,4383
2026-04-24 08:55:00+00:00,1300.300048828125,1300.300048828125,1300.4000244140625,1299.0999755859375,1299.0999755859375,4065
2026-04-24 08:56:00+00:00,1300.0,1300.0,1300.4000244140625,1299.5,1300.4000244140625,4558
2026-04-24 08:57:00+00:00,1298.800048828125,1298.800048828125,1299.199951171875,1298.5999755859375,1298.5999755859375,7261
2026-04-24 08:58:00+00:00,1299.5,1299.5,1299.699951171875,1298.699951171875,1298.699951171875,5562
2026-04-24 08:59:00+00:00,1300.0999755859375,1300.0999755859375,1301.0,1299.5999755859375,1299.5999755859375,18538
2026-04-24 09:00:00+00:00,1300.199951171875,1300.199951171875,1300.5,1298.5999755859375,1300.4000244140625,7031
2026-04-24 09:01:00+00:00,1300.0,1300.0,1300.0,1299.5999755859375,1300.0,3515
2026-04-24 09:02:00+00:00,1298.9000244140625,1298.9000244140625,1300.0999755859375,1298.9000244140625,1300.0999755859375,5334
2026-04-24 09:03:00+00:00,1299.5999755859375,1299.5999755859375,1299.9000244140625,1299.0999755859375,1299.0999755859375,7044
2026-04-24 09:04:00+00:00,1299.800048828125,1299.800048828125,1300.0,1299.0999755859375,1299.800048828125,12336
2026-04-24 09:05:00+00:00,1300.0999755859375,1300.0999755859375,1300.0999755859375,1299.300048828125,1299.9000244140625,5478
2026-04-24 09:06:00+00:00,1299.800048828125,1299.800048828125,1300.0999755859375,1299.699951171875,1299.699951171875,3486
2026-04-24 09:07:00+00:00,1299.0,1299.0,1299.800048828125,1298.699951171875,1299.5999755859375,7322
2026-04-24 09:08:00+00:00,1300.0,1300.0,1300.0,1298.9000244140625,1298.9000244140625,5206
2026-04-24 09:09:00+00:00,1300.0999755859375,1300.0999755859375,1300.4000244140625,1299.5999755859375,1300.0,7229
2026-04-24 09:10:00+00:00,1300.0,1300.0,1300.5,1299.9000244140625,1300.5,4169
2026-04-24 09:11:00+00:00,1299.5,1299.5,1299.800048828125,1299.4000244140625,1299.800048828125,4214
2026-04-24 09:12:00+00:00,1300.0,1300.0,1300.0,1299.5,1299.5,5687
2026-04-24 09:13:00+00:00,1300.5999755859375,1300.5999755859375,1300.5999755859375,1300.0,1300.0,4248
2026-04-24 09:14:00+00:00,1300.0999755859375,1300.0999755859375,1300.800048828125,1300.0999755859375,1300.800048828125,4405
2026-04-24 09:15:00+00:00,1302.800048828125,1302.800048828125,1302.800048828125,1299.9000244140625,1300.5999755859375,18613
2026-04-24 09:16:00+00:00,1301.800048828125,1301.800048828125,1302.199951171875,1300.5,1302.0,33149
2026-04-24 09:17:00+00:00,1301.300048828125,1301.300048828125,1302.0,1300.9000244140625,1301.9000244140625,5025
2026-04-24 09:18:00+00:00,1300.199951171875,1300.199951171875,1301.5,1300.199951171875,1301.4000244140625,5589
2026-04-24 09:19:00+00:00,1300.5,1300.5,1300.699951171875,1300.300048828125,1300.699951171875,7268
2026-04-24 09:20:00+00:00,1299.199951171875,1299.199951171875,1300.5999755859375,1299.199951171875,1300.5999755859375,8167
2026-04-24 09:21:00+00:00,1300.199951171875,1300.199951171875,1300.199951171875,1299.0999755859375,1299.9000244140625,7466
2026-04-24 09:22:00+00:00,1300.0,1300.0,1300.5999755859375,1299.699951171875,1300.300048828125,5094
2026-04-24 09:23:00+00:00,1300.0,1300.0,1300.5,1300.0,1300.0,4248
2026-04-24 09:24:00+00:00,1298.5,1298.5,1299.5,1298.5,1299.5,11617
2026-04-24 09:25:00+00:00,1297.300048828125,1297.300048828125,1298.5,1296.5,1298.5,11774
2026-04-24 09:26:00+00:00,1298.0999755859375,1298.0999755859375,1298.199951171875,1296.9000244140625,1297.5,7717
2026-04-24 09:27:00+00:00,1298.4000244140625,1298.4000244140625,1298.699951171875,1297.800048828125,1298.4000244140625,8521
2026-04-24 09:28:00+00:00,1298.5999755859375,1298.5999755859375,1298.5999755859375,1298.0999755859375,1298.4000244140625,4847
2026-04-24 09:29:00+00:00,1298.300048828125,1298.300048828125,1298.800048828125,1297.5999755859375,1298.5999755859375,7560
2026-04-24 09:30:00+00:00,1297.0,1297.0,1297.699951171875,1296.800048828125,1297.199951171875,14091
2026-04-24 09:31:00+00:00,1296.199951171875,1296.199951171875,1296.800048828125,1295.300048828125,1296.800048828125,44335
2026-04-24 09:32:00+00:00,1295.5999755859375,1295.5999755859375,1296.300048828125,1295.4000244140625,1296.300048828125,8806
2026-04-24 09:33:00+00:00,1295.0,1295.0,1296.5999755859375,1295.0,1295.9000244140625,16567
2026-04-24 09:34:00+00:00,1294.4000244140625,1294.4000244140625,1294.9000244140625,1293.9000244140625,1294.9000244140625,11432
2026-04-24 09:35:00+00:00,1293.0,1293.0,1294.300048828125,1292.9000244140625,1294.300048828125,10945
2026-04-24 09:36:00+00:00,1294.699951171875,1294.699951171875,1294.699951171875,1293.0,1293.0,14348
2026-04-24 09:37:00+00:00,1294.199951171875,1294.199951171875,1294.5999755859375,1294.0999755859375,1294.5999755859375,8239
2026-04-24 09:38:00+00:00,1295.300048828125,1295.300048828125,1295.5,1294.4000244140625,1294.4000244140625,16839
2026-04-24 09:39:00+00:00,1295.800048828125,1295.800048828125,1295.800048828125,1295.0999755859375,1295.300048828125,9531
2026-04-24 09:40:00+00:00,1294.5,1294.5,1296.0,1294.5,1296.0,14111
2026-04-24 09:41:00+00:00,1294.800048828125,1294.800048828125,1295.0,1294.5,1294.5999755859375,13298
2026-04-24 09:42:00+00:00,1294.4000244140625,1294.4000244140625,1294.5,1294.199951171875,1294.300048828125,11651
2026-04-24 09:43:00+00:00,1294.300048828125,1294.300048828125,1294.4000244140625,1294.199951171875,1294.4000244140625,6891
2026-04-24 09:44:00+00:00,1294.0999755859375,1294.0999755859375,1294.300048828125,1294.0999755859375,1294.300048828125,8329
2026-04-24 09:45:00+00:00,1294.0999755859375,1294.0999755859375,1294.4000244140625,1294.0999755859375,1294.300048828125,10755
2026-04-24 09:46:00+00:00,1294.699951171875,1294.699951171875,1294.699951171875,1294.199951171875,1294.300048828125,21896
2026-04-24 09:47:00+00:00,1294.300048828125,1294.300048828125,1295.0,1294.300048828125,1295.0,14298
2026-04-24 09:48:00+00:00,1295.0,1295.0,1295.0,1294.300048828125,1294.5,9842
2026-04-24 09:49:00+00:00,1294.9000244140625,1294.9000244140625,1294.9000244140625,1294.699951171875,1294.699951171875,9074
2026-04-24 09:50:00+00:00,1294.9000244140625,1294.9000244140625,1294.9000244140625,1294.800048828125,1294.800048828125,7928
2026-04-24 09:51:00+00:00,1294.699951171875,1294.699951171875,1294.9000244140625,1294.699951171875,1294.9000244140625,11697
2026-04-24 09:52:00+00:00,1294.5999755859375,1294.5999755859375,1294.699951171875,1294.5,1294.5999755859375,7265
2026-04-24 09:53:00+00:00,1294.5999755859375,1294.5999755859375,1294.5999755859375,1293.4000244140625,1294.0999755859375,17668
2026-04-24 09:54:00+00:00,1295.5,1295.5,1295.699951171875,1294.9000244140625,1294.9000244140625,17889
2026-04-24 09:55:00+00:00,1295.699951171875,1295.699951171875,1295.9000244140625,1295.0,1295.9000244140625,18442
2026-04-24 09:56:00+00:00,1294.5999755859375,1294.5999755859375,1295.4000244140625,1294.0999755859375,1295.4000244140625,6353
2026-04-24 09:57:00+00:00,1294.199951171875,1294.199951171875,1294.199951171875,1294.0,1294.0,6181
2026-04-24 09:58:00+00:00,1295.0,1295.0,1295.0999755859375,1294.0999755859375,1294.199951171875,7432
2026-04-24 09:59:00+00:00,1296.0,1296.0,1296.0,1294.0999755859375,1295.0,5256
2026-04-27 03:45:00+00:00,1308.4000244140625,1308.4000244140625,1311.4000244140625,1304.199951171875,1304.199951171875,0
2026-04-27 03:46:00+00:00,1304.5999755859375,1304.5999755859375,1311.0,1304.5,1311.0,23153
2026-04-27 03:47:00+00:00,1306.4000244140625,1306.4000244140625,1306.699951171875,1299.5,1304.9000244140625,28117
2026-04-27 03:48:00+00:00,1307.0999755859375,1307.0999755859375,1309.800048828125,1304.9000244140625,1306.0,11047
2026-04-27 03:49:00+00:00,1305.199951171875,1305.199951171875,1309.800048828125,1305.199951171875,1309.0999755859375,15459
2026-04-27 03:50:00+00:00,1307.199951171875,1307.199951171875,1308.4000244140625,1305.9000244140625,1305.9000244140625,6269
2026-04-27 03:51:00+00:00,1309.5,1309.5,1309.5,1307.199951171875,1307.199951171875,8261
2026-04-27 03:52:00+00:00,1309.699951171875,1309.699951171875,1311.5999755859375,1309.5999755859375,1309.5999755859375,9042
2026-04-27 03:53:00+00:00,1309.9000244140625,1309.9000244140625,1310.300048828125,1309.5999755859375,1309.699951171875,2320
2026-04-27 03:54:00+00:00,1306.199951171875,1306.199951171875,1309.199951171875,1306.199951171875,1309.199951171875,5754
2026-04-27 03:55:00+00:00,1307.0999755859375,1307.0999755859375,1307.0999755859375,1306.4000244140625,1306.5,1778
2026-04-27 03:56:00+00:00,1301.4000244140625,1301.4000244140625,1306.300048828125,1301.199951171875,1306.300048828125,14425
2026-04-27 03:57:00+00:00,1302.5999755859375,1302.5999755859375,1303.0,1301.9000244140625,1301.9000244140625,4389
2026-04-27 03:58:00+00:00,1302.4000244140625,1302.4000244140625,1303.0,1301.5,1302.5999755859375,5736
2026-04-27 03:59:00+00:00,1300.800048828125,1300.800048828125,1301.199951171875,1299.699951171875,1301.199951171875,11435
2026-04-27 04:00:00+00:00,1300.9000244140625,1300.9000244140625,1301.9000244140625,1300.5,1301.699951171875,2805
2026-04-27 04:01:00+00:00,1301.5999755859375,1301.5999755859375,1301.5999755859375,1300.0,1300.4000244140625,2985
2026-04-27 04:02:00+00:00,1302.0,1302.0,1302.0,1300.300048828125,1302.0,6251
2026-04-27 04:03:00+00:00,1301.699951171875,1301.699951171875,1302.5,1301.4000244140625,1302.5,2813
2026-04-27 04:04:00+00:00,1301.199951171875,1301.199951171875,1302.4000244140625,1300.800048828125,1301.5999755859375,4591
2026-04-27 04:05:00+00:00,1303.199951171875,1303.199951171875,1304.0,1301.800048828125,1301.800048828125,7754
2026-04-27 04:06:00+00:00,1302.800048828125,1302.800048828125,1304.300048828125,1302.0999755859375,1303.800048828125,2989
2026-04-27 04:07:00+00:00,1303.0999755859375,1303.0999755859375,1303.300048828125,1301.800048828125,1302.199951171875,6740
2026-04-27 04:08:00+00:00,1305.0,1305.0,1305.0,1302.9000244140625,1303.5999755859375,5014
2026-04-27 04:09:00+00:00,1303.5,1303.5,1304.5,1303.0,1304.5,2383
2026-04-27 04:10:00+00:00,1307.4000244140625,1307.4000244140625,1307.4000244140625,1304.199951171875,1304.199951171875,10938
2026-04-27 04:11:00+00:00,1305.699951171875,1305.699951171875,1307.699951171875,1305.699951171875,1306.699951171875,5938
2026-04-27 04:12:00+00:00,1307.4000244140625,1307.4000244140625,1307.699951171875,1305.800048828125,1306.300048828125,7373
2026-04-27 04:13:00+00:00,1310.199951171875,1310.199951171875,1310.199951171875,1306.9000244140625,1307.4000244140625,8085
2026-04-27 04:14:00+00:00,1309.5999755859375,1309.5999755859375,1310.5999755859375,1309.4000244140625,1310.5,5418
2026-04-27 04:15:00+00:00,1310.699951171875,1310.699951171875,1312.0,1310.0999755859375,1310.0999755859375,6058
2026-04-27 04:16:00+00:00,1311.0,1311.0,1311.5999755859375,1310.800048828125,1310.800048828125,2654
2026-04-27 04:17:00+00:00,1309.9000244140625,1309.9000244140625,1310.9000244140625,1309.699951171875,1310.9000244140625,3161
2026-04-27 04:18:00+00:00,1310.5,1310.5,1311.800048828125,1310.4000244140625,1310.5,4265
2026-04-27 04:19:00+00:00,1311.0,1311.0,1311.199951171875,1310.300048828125,1310.300048828125,980
2026-04-27 04:20:00+00:00,1310.5,1310.5,1310.5,1309.0,1310.300048828125,5764
2026-04-27 04:21:00+00:00,1310.699951171875,1310.699951171875,1310.9000244140625,1310.0999755859375,1310.0999755859375,1029
2026-04-27 04:22:00+00:00,1312.4000244140625,1312.4000244140625,1312.4000244140625,1310.5,1310.9000244140625,4896
2026-04-27 04:23:00+00:00,1311.5,1311.5,1312.0999755859375,1310.0,1312.0999755859375,4601
2026-04-27 04:24:00+00:00,1310.9000244140625,1310.9000244140625,1311.5999755859375,1309.5,1311.5,4142
2026-04-27 04:25:00+00:00,1309.800048828125,1309.800048828125,1310.5999755859375,1309.199951171875,1310.5999755859375,2770
2026-04-27 04:26:00+00:00,1309.4000244140625,1309.4000244140625,1310.699951171875,1309.4000244140625,1309.800048828125,2655
2026-04-27 04:27:00+00:00,1309.0999755859375,1309.0999755859375,1309.800048828125,1309.0,1309.199951171875,687
2026-04-27 04:28:00+00:00,1310.0999755859375,1310.0999755859375,1310.9000244140625,1309.300048828125,1309.300048828125,2523
2026-04-27 04:29:00+00:00,1309.199951171875,1309.199951171875,1310.5999755859375,1309.199951171875,1310.0,1144
2026-04-27 04:30:00+00:00,1308.9000244140625,1308.9000244140625,1309.4000244140625,1308.4000244140625,1309.4000244140625,3585
2026-04-27 04:31:00+00:00,1311.0,1311.0,1311.0,1309.300048828125,1309.300048828125,5134
2026-04-27 04:32:00+00:00,1311.300048828125,1311.300048828125,1311.699951171875,1310.5,1311.0,3573
2026-04-27 04:33:00+00:00,1310.800048828125,1310.800048828125,1311.0999755859375,1310.0,1310.800048828125,1790
2026-04-27 04:34:00+00:00,1310.5999755859375,1310.5999755859375,1310.9000244140625,1310.0999755859375,1310.5,1563
2026-04-27 04:35:00+00:00,1310.199951171875,1310.199951171875,1310.4000244140625,1309.9000244140625,1310.0999755859375,1027
2026-04-27 04:36:00+00:00,1311.9000244140625,1311.9000244140625,1311.9000244140625,1309.800048828125,1310.199951171875,4456
2026-04-27 04:37:00+00:00,1312.9000244140625,1312.9000244140625,1313.5,1312.9000244140625,1312.9000244140625,5638
2026-04-27 04:38:00+00:00,1312.699951171875,1312.699951171875,1313.300048828125,1312.0999755859375,1312.9000244140625,2784
2026-04-27 04:39:00+00:00,1312.300048828125,1312.300048828125,1313.199951171875,1312.0999755859375,1313.199951171875,2755
2026-04-27 04:40:00+00:00,1312.699951171875,1312.699951171875,1313.5,1312.5999755859375,1312.5999755859375,7484
2026-04-27 04:41:00+00:00,1312.199951171875,1312.199951171875,1313.300048828125,1312.0,1313.300048828125,6053
2026-04-27 04:42:00+00:00,1313.5,1313.5,1313.800048828125,1312.0,1312.0,3279
2026-04-27 04:43:00+00:00,1313.0,1313.0,1313.800048828125,1312.5,1312.800048828125,5704
2026-04-27 04:44:00+00:00,1311.300048828125,1311.300048828125,1312.699951171875,1310.199951171875,1312.5,23760
2026-04-27 04:45:00+00:00,1315.0,1315.0,1315.0,1313.0,1313.0,16401
2026-04-27 04:46:00+00:00,1315.0,1315.0,1316.0,1315.0,1315.9000244140625,6076
2026-04-27 04:47:00+00:00,1316.0,1316.0,1317.0,1315.5,1315.5,6008
2026-04-27 04:48:00+00:00,1316.800048828125,1316.800048828125,1316.9000244140625,1316.0,1316.300048828125,2102
2026-04-27 04:49:00+00:00,1317.5,1317.5,1317.5,1316.5,1317.0,7719
2026-04-27 04:50:00+00:00,1317.199951171875,1317.199951171875,1317.4000244140625,1316.5,1317.4000244140625,6641
2026-04-27 04:51:00+00:00,1317.199951171875,1317.199951171875,1317.5999755859375,1317.199951171875,1317.199951171875,4449
2026-04-27 04:52:00+00:00,1318.4000244140625,1318.4000244140625,1318.4000244140625,1317.199951171875,1317.199951171875,6855
2026-04-27 04:53:00+00:00,1317.9000244140625,1317.9000244140625,1318.5,1317.5,1318.4000244140625,3033
2026-04-27 04:54:00+00:00,1318.0,1318.0,1318.0,1317.199951171875,1318.0,5449
2026-04-27 04:55:00+00:00,1315.9000244140625,1315.9000244140625,1318.0,1315.9000244140625,1317.4000244140625,5550
2026-04-27 04:56:00+00:00,1314.5,1314.5,1316.199951171875,1313.4000244140625,1316.199951171875,10586
2026-04-27 04:57:00+00:00,1314.0,1314.0,1315.800048828125,1313.699951171875,1313.9000244140625,3940
2026-04-27 04:58:00+00:00,1314.199951171875,1314.199951171875,1314.4000244140625,1313.4000244140625,1314.0,3096
2026-04-27 04:59:00+00:00,1315.0,1315.0,1315.0,1313.800048828125,1313.800048828125,1878
2026-04-27 05:00:00+00:00,1315.699951171875,1315.699951171875,1315.9000244140625,1315.0,1315.0,4237
2026-04-27 05:01:00+00:00,1315.0,1315.0,1316.0,1314.699951171875,1315.800048828125,7573
2026-04-27 05:02:00+00:00,1315.0999755859375,1315.0999755859375,1315.300048828125,1314.9000244140625,1315.199951171875,6234
2026-04-27 05:03:00+00:00,1315.199951171875,1315.199951171875,1315.199951171875,1314.4000244140625,1314.9000244140625,12154
2026-04-27 05:04:00+00:00,1315.199951171875,1315.199951171875,1315.300048828125,1314.699951171875,1315.300048828125,8924
2026-04-27 05:05:00+00:00,1314.800048828125,1314.800048828125,1315.300048828125,1314.699951171875,1314.800048828125,3983
2026-04-27 05:06:00+00:00,1314.800048828125,1314.800048828125,1315.199951171875,1314.5999755859375,1314.800048828125,3506
2026-04-27 05:07:00+00:00,1313.800048828125,1313.800048828125,1315.0,1312.4000244140625,1314.5999755859375,8394
2026-04-27 05:08:00+00:00,1313.800048828125,1313.800048828125,1314.699951171875,1312.199951171875,1312.9000244140625,1534
2026-04-27 05:09:00+00:00,1313.9000244140625,1313.9000244140625,1314.4000244140625,1313.4000244140625,1313.800048828125,1516
2026-04-27 05:10:00+00:00,1314.199951171875,1314.199951171875,1314.5,1313.800048828125,1313.9000244140625,1009
2026-04-27 05:11:00+00:00,1314.9000244140625,1314.9000244140625,1315.0,1314.199951171875,1314.199951171875,1584
2026-04-27 05:12:00+00:00,1316.4000244140625,1316.4000244140625,1317.0,1314.699951171875,1314.699951171875,9555
2026-04-27 05:13:00+00:00,1315.0,1315.0,1316.699951171875,1314.4000244140625,1316.5,3696
2026-04-27 05:14:00+00:00,1314.9000244140625,1314.9000244140625,1315.0,1314.4000244140625,1314.5,1127
2026-04-27 05:15:00+00:00,1315.800048828125,1315.800048828125,1316.0999755859375,1315.0,1315.0,3732
2026-04-27 05:16:00+00:00,1315.199951171875,1315.199951171875,1316.4000244140625,1314.800048828125,1316.4000244140625,2214
2026-04-27 05:17:00+00:00,1315.4000244140625,1315.4000244140625,1315.5,1314.9000244140625,1314.9000244140625,1337
2026-04-27 05:18:00+00:00,1315.0,1315.0,1315.4000244140625,1314.5999755859375,1315.0999755859375,3098
2026-04-27 05:19:00+00:00,1316.5999755859375,1316.5999755859375,1317.0,1315.0,1315.0,12324
2026-04-27 05:20:00+00:00,1317.800048828125,1317.800048828125,1317.800048828125,1316.800048828125,1316.9000244140625,3545
2026-04-27 05:21:00+00:00,1318.800048828125,1318.800048828125,1318.800048828125,1317.5999755859375,1317.5999755859375,26183
2026-04-27 05:22:00+00:00,1319.0,1319.0,1319.0,1318.300048828125,1318.300048828125,2386
2026-04-27 05:23:00+00:00,1319.4000244140625,1319.4000244140625,1319.4000244140625,1318.699951171875,1318.800048828125,3646
2026-04-27 05:24:00+00:00,1319.5999755859375,1319.5999755859375,1320.300048828125,1319.4000244140625,1319.4000244140625,14408
2026-04-27 05:25:00+00:00,1318.0,1318.0,1319.5,1318.0,1319.5,2792
2026-04-27 05:26:00+00:00,1317.4000244140625,1317.4000244140625,1317.5,1316.5999755859375,1317.5,8833
2026-04-27 05:27:00+00:00,1316.300048828125,1316.300048828125,1317.4000244140625,1316.300048828125,1316.9000244140625,1745
2026-04-27 05:28:00+00:00,1315.800048828125,1315.800048828125,1316.300048828125,1315.800048828125,1316.300048828125,1729
2026-04-27 05:29:00+00:00,1315.5,1315.5,1316.0999755859375,1315.199951171875,1315.800048828125,1773
2026-04-27 05:30:00+00:00,1315.5999755859375,1315.5999755859375,1315.9000244140625,1315.199951171875,1315.5,1635
2026-04-27 05:31:00+00:00,1315.300048828125,1315.300048828125,1315.5999755859375,1314.5,1315.199951171875,6298
2026-04-27 05:32:00+00:00,1315.800048828125,1315.800048828125,1315.9000244140625,1315.0,1315.300048828125,626
2026-04-27 05:33:00+00:00,1315.699951171875,1315.699951171875,1315.9000244140625,1315.4000244140625,1315.4000244140625,1793
2026-04-27 05:34:00+00:00,1315.300048828125,1315.300048828125,1315.9000244140625,1314.9000244140625,1315.699951171875,1480
2026-04-27 05:35:00+00:00,1314.0,1314.0,1315.4000244140625,1314.0,1315.4000244140625,1594
2026-04-27 05:36:00+00:00,1313.5,1313.5,1313.5999755859375,1313.0999755859375,1313.0999755859375,5531
2026-04-27 05:37:00+00:00,1313.300048828125,1313.300048828125,1313.5999755859375,1313.300048828125,1313.5,1350
2026-04-27 05:38:00+00:00,1312.0,1312.0,1313.5,1311.5999755859375,1313.300048828125,8269
2026-04-27 05:39:00+00:00,1312.5,1312.5,1312.800048828125,1312.199951171875,1312.800048828125,2016
2026-04-27 05:40:00+00:00,1313.0,1313.0,1313.0,1312.5,1312.5,1420
2026-04-27 05:41:00+00:00,1313.5999755859375,1313.5999755859375,1313.5999755859375,1312.9000244140625,1313.300048828125,1486
2026-04-27 05:42:00+00:00,1313.699951171875,1313.699951171875,1314.4000244140625,1313.5999755859375,1313.5999755859375,2727
2026-04-27 05:43:00+00:00,1313.5999755859375,1313.5999755859375,1313.699951171875,1313.300048828125,1313.699951171875,3487
2026-04-27 05:44:00+00:00,1313.0,1313.0,1314.0,1312.800048828125,1313.800048828125,2305
2026-04-27 05:45:00+00:00,1314.0999755859375,1314.0999755859375,1314.0999755859375,1313.0,1313.0,1741
2026-04-27 05:46:00+00:00,1313.800048828125,1313.800048828125,1314.0999755859375,1313.5,1314.0,702
2026-04-27 05:47:00+00:00,1314.5999755859375,1314.5999755859375,1314.9000244140625,1313.5,1313.5,2549
2026-04-27 05:48:00+00:00,1312.5999755859375,1312.5999755859375,1314.9000244140625,1312.5999755859375,1314.199951171875,3271
2026-04-27 05:49:00+00:00,1312.300048828125,1312.300048828125,1312.300048828125,1311.5,1312.199951171875,11241
2026-04-27 05:50:00+00:00,1311.5,1311.5,1312.5,1311.5,1312.5,1195
2026-04-27 05:51:00+00:00,1311.5,1311.5,1311.5,1311.0999755859375,1311.5,1427
2026-04-27 05:52:00+00:00,1312.5,1312.5,1312.5999755859375,1309.699951171875,1311.0999755859375,30305
2026-04-27 05:53:00+00:00,1312.300048828125,1312.300048828125,1312.800048828125,1311.199951171875,1311.9000244140625,19634
2026-04-27 05:54:00+00:00,1312.0,1312.0,1313.0,1312.0,1312.300048828125,1208
2026-04-27 05:55:00+00:00,1314.199951171875,1314.199951171875,1314.199951171875,1312.0,1312.0,3183
2026-04-27 05:56:00+00:00,1313.9000244140625,1313.9000244140625,1314.699951171875,1313.9000244140625,1314.199951171875,1391
2026-04-27 05:57:00+00:00,1314.0999755859375,1314.0999755859375,1314.300048828125,1313.800048828125,1314.300048828125,643
2026-04-27 05:58:00+00:00,1313.9000244140625,1313.9000244140625,1314.300048828125,1313.300048828125,1314.0999755859375,1020
2026-04-27 05:59:00+00:00,1313.699951171875,1313.699951171875,1314.199951171875,1313.5,1313.5,2284
2026-04-27 06:00:00+00:00,1313.5,1313.5,1314.9000244140625,1313.5,1313.800048828125,2030
2026-04-27 06:01:00+00:00,1313.5999755859375,1313.5999755859375,1313.5999755859375,1313.0,1313.5,1372
2026-04-27 06:02:00+00:00,1314.5999755859375,1314.5999755859375,1314.800048828125,1313.699951171875,1313.699951171875,2299
2026-04-27 06:03:00+00:00,1313.699951171875,1313.699951171875,1314.5,1313.5999755859375,1314.300048828125,1456
2026-04-27 06:04:00+00:00,1314.0999755859375,1314.0999755859375,1314.0999755859375,1313.5999755859375,1313.5999755859375,1261
2026-04-27 06:05:00+00:00,1313.9000244140625,1313.9000244140625,1314.0,1313.800048828125,1314.0,1747
2026-04-27 06:06:00+00:00,1314.5999755859375,1314.5999755859375,1314.9000244140625,1314.0999755859375,1314.0999755859375,2791
2026-04-27 06:07:00+00:00,1314.0999755859375,1314.0999755859375,1314.5,1314.0999755859375,1314.5,2038
2026-04-27 06:08:00+00:00,1314.5,1314.5,1314.5,1313.800048828125,1314.0,3579
2026-04-27 06:09:00+00:00,1314.0999755859375,1314.0999755859375,1314.5999755859375,1313.0999755859375,1314.199951171875,2964
2026-04-27 06:10:00+00:00,1315.0,1315.0,1315.0,1314.0999755859375,1314.0999755859375,2268
2026-04-27 06:11:00+00:00,1315.0,1315.0,1315.0,1314.4000244140625,1314.9000244140625,2436
2026-04-27 06:12:00+00:00,1315.199951171875,1315.199951171875,1315.5,1314.5,1315.0,4077
2026-04-27 06:13:00+00:00,1316.300048828125,1316.300048828125,1316.699951171875,1315.5999755859375,1315.5999755859375,4183
2026-04-27 06:14:00+00:00,1316.0,1316.0,1316.4000244140625,1316.0,1316.4000244140625,938
2026-04-27 06:15:00+00:00,1316.300048828125,1316.300048828125,1316.300048828125,1316.0,1316.0,1415
2026-04-27 06:16:00+00:00,1317.5,1317.5,1317.5,1316.4000244140625,1316.699951171875,4675
2026-04-27 06:17:00+00:00,1317.699951171875,1317.699951171875,1318.0999755859375,1317.5999755859375,1317.699951171875,2507
2026-04-27 06:18:00+00:00,1318.0,1318.0,1318.699951171875,1317.5,1317.9000244140625,2722
2026-04-27 06:19:00+00:00,1318.199951171875,1318.199951171875,1318.199951171875,1317.699951171875,1318.0,922
2026-04-27 06:20:00+00:00,1318.0,1318.0,1318.0999755859375,1317.699951171875,1318.0,2767
2026-04-27 06:21:00+00:00,1317.0999755859375,1317.0999755859375,1318.300048828125,1317.0999755859375,1318.0,6702
2026-04-27 06:22:00+00:00,1316.0,1316.0,1317.5,1315.5,1317.4000244140625,1942
2026-04-27 06:23:00+00:00,1316.199951171875,1316.199951171875,1316.199951171875,1316.0,1316.0,413
2026-04-27 06:24:00+00:00,1315.5999755859375,1315.5999755859375,1316.0,1315.199951171875,1316.0,2068
2026-04-27 06:25:00+00:00,1315.699951171875,1315.699951171875,1315.800048828125,1315.5,1315.5999755859375,2644
2026-04-27 06:26:00+00:00,1313.5,1313.5,1315.800048828125,1313.5,1315.800048828125,5374
2026-04-27 06:27:00+00:00,1314.5999755859375,1314.5999755859375,1314.800048828125,1314.0999755859375,1314.0999755859375,808
2026-04-27 06:28:00+00:00,1315.0,1315.0,1315.4000244140625,1314.5999755859375,1314.5999755859375,6728
2026-04-27 06:29:00+00:00,1314.5,1314.5,1315.0,1314.0,1315.0,842
2026-04-27 06:30:00+00:00,1314.0,1314.0,1314.4000244140625,1314.0,1314.0999755859375,763
2026-04-27 06:31:00+00:00,1312.800048828125,1312.800048828125,1314.300048828125,1312.800048828125,1314.0999755859375,2750
2026-04-27 06:32:00+00:00,1313.5,1313.5,1313.5,1312.9000244140625,1313.4000244140625,1772
2026-04-27 06:33:00+00:00,1313.4000244140625,1313.4000244140625,1313.5,1313.199951171875,1313.5,684
2026-04-27 06:34:00+00:00,1314.4000244140625,1314.4000244140625,1314.4000244140625,1313.199951171875,1313.199951171875,32235
2026-04-27 06:35:00+00:00,1314.5999755859375,1314.5999755859375,1315.699951171875,1314.199951171875,1314.199951171875,10942
2026-04-27 06:36:00+00:00,1314.699951171875,1314.699951171875,1315.0,1314.300048828125,1314.5999755859375,395
2026-04-27 06:37:00+00:00,1314.0,1314.0,1315.0,1314.0,1314.300048828125,34389
2026-04-27 06:38:00+00:00,1313.9000244140625,1313.9000244140625,1314.300048828125,1313.5999755859375,1313.9000244140625,1620
2026-04-27 06:39:00+00:00,1312.9000244140625,1312.9000244140625,1313.4000244140625,1312.9000244140625,1313.199951171875,2224
2026-04-27 06:40:00+00:00,1312.800048828125,1312.800048828125,1313.4000244140625,1312.4000244140625,1312.4000244140625,1415
2026-04-27 06:41:00+00:00,1312.5,1312.5,1313.199951171875,1312.199951171875,1312.699951171875,5180
2026-04-27 06:42:00+00:00,1312.800048828125,1312.800048828125,1312.9000244140625,1312.300048828125,1312.5,1894
2026-04-27 06:43:00+00:00,1313.699951171875,1313.699951171875,1313.699951171875,1312.4000244140625,1312.699951171875,2356
2026-04-27 06:44:00+00:00,1313.0,1313.0,1313.5999755859375,1313.0,1313.4000244140625,826
2026-04-27 06:45:00+00:00,1313.5,1313.5,1313.5,1312.9000244140625,1313.0,1113
2026-04-27 06:46:00+00:00,1313.5999755859375,1313.5999755859375,1314.0,1313.4000244140625,1313.5,2376
2026-04-27 06:47:00+00:00,1313.5999755859375,1313.5999755859375,1313.5999755859375,1312.9000244140625,1313.5,1055
2026-04-27 06:48:00+00:00,1313.699951171875,1313.699951171875,1313.699951171875,1313.0,1313.0,1083
2026-04-27 06:49:00+00:00,1314.0999755859375,1314.0999755859375,1314.0999755859375,1313.800048828125,1313.800048828125,494
2026-04-27 06:50:00+00:00,1312.800048828125,1312.800048828125,1313.5,1312.800048828125,1313.300048828125,1575
2026-04-27 06:51:00+00:00,1313.0999755859375,1313.0999755859375,1313.199951171875,1312.4000244140625,1313.199951171875,1296
2026-04-27 06:52:00+00:00,1313.199951171875,1313.199951171875,1313.300048828125,1312.5999755859375,1313.0999755859375,1124
2026-04-27 06:53:00+00:00,1313.5,1313.5,1313.5,1313.199951171875,1313.199951171875,597
2026-04-27 06:54:00+00:00,1313.5,1313.5,1313.5,1313.5,1313.5,950
2026-04-27 06:55:00+00:00,1313.5,1313.5,1313.5,1313.199951171875,1313.4000244140625,1149
2026-04-27 06:56:00+00:00,1313.9000244140625,1313.9000244140625,1314.0,1313.699951171875,1313.699951171875,498
2026-04-27 06:57:00+00:00,1313.5999755859375,1313.5999755859375,1313.9000244140625,1313.199951171875,1313.800048828125,938
2026-04-27 06:58:00+00:00,1313.5999755859375,1313.5999755859375,1313.800048828125,1313.199951171875,1313.5999755859375,822
2026-04-27 06:59:00+00:00,1313.300048828125,1313.300048828125,1313.5999755859375,1313.199951171875,1313.199951171875,831
2026-04-27 07:00:00+00:00,1313.5999755859375,1313.5999755859375,1313.5999755859375,1313.300048828125,1313.300048828125,1380
2026-04-27 07:01:00+00:00,1314.5999755859375,1314.5999755859375,1314.5999755859375,1313.5,1313.5999755859375,3809
2026-04-27 07:02:00+00:00,1312.9000244140625,1312.9000244140625,1314.300048828125,1312.9000244140625,1313.9000244140625,2127
2026-04-27 07:03:00+00:00,1313.0999755859375,1313.0999755859375,1313.0999755859375,1312.800048828125,1312.9000244140625,579
2026-04-27 07:04:00+00:00,1314.0,1314.0,1314.0,1313.5999755859375,1313.5999755859375,1476
2026-04-27 07:05:00+00:00,1314.4000244140625,1314.4000244140625,1314.699951171875,1313.300048828125,1313.5,5914
2026-04-27 07:06:00+00:00,1313.5999755859375,1313.5999755859375,1314.5,1313.5999755859375,1314.5,2726
2026-04-27 07:07:00+00:00,1313.199951171875,1313.199951171875,1313.5999755859375,1312.9000244140625,1313.5999755859375,2168
2026-04-27 07:08:00+00:00,1313.5999755859375,1313.5999755859375,1313.5999755859375,1313.0,1313.0999755859375,1259
2026-04-27 07:09:00+00:00,1313.5,1313.5,1313.5999755859375,1313.199951171875,1313.5,1360
2026-04-27 07:10:00+00:00,1313.5999755859375,1313.5999755859375,1313.5999755859375,1313.4000244140625,1313.4000244140625,648
2026-04-27 07:11:00+00:00,1314.5,1314.5,1314.5,1313.699951171875,1313.699951171875,1063
2026-04-27 07:12:00+00:00,1314.199951171875,1314.199951171875,1314.5,1314.0,1314.4000244140625,842
2026-04-27 07:13:00+00:00,1313.9000244140625,1313.9000244140625,1314.0,1313.5,1313.5,1096
2026-04-27 07:14:00+00:00,1313.9000244140625,1313.9000244140625,1313.9000244140625,1313.699951171875,1313.800048828125,535
2026-04-27 07:15:00+00:00,1314.0,1314.0,1314.199951171875,1313.800048828125,1313.9000244140625,2433
2026-04-27 07:16:00+00:00,1313.800048828125,1313.800048828125,1313.9000244140625,1313.800048828125,1313.800048828125,804
2026-04-27 07:17:00+00:00,1314.800048828125,1314.800048828125,1314.800048828125,1313.9000244140625,1313.9000244140625,1553
2026-04-27 07:18:00+00:00,1314.699951171875,1314.699951171875,1314.800048828125,1314.5,1314.5,574
2026-04-27 07:19:00+00:00,1314.300048828125,1314.300048828125,1314.800048828125,1314.0,1314.699951171875,870
2026-04-27 07:20:00+00:00,1314.199951171875,1314.199951171875,1314.300048828125,1313.800048828125,1314.0,4125
2026-04-27 07:21:00+00:00,1313.5999755859375,1313.5999755859375,1314.199951171875,1313.5999755859375,1313.800048828125,1174
2026-04-27 07:22:00+00:00,1313.9000244140625,1313.9000244140625,1314.199951171875,1313.699951171875,1314.199951171875,1700
2026-04-27 07:23:00+00:00,1314.699951171875,1314.699951171875,1314.699951171875,1314.0999755859375,1314.4000244140625,843
2026-04-27 07:24:00+00:00,1314.699951171875,1314.699951171875,1314.699951171875,1314.199951171875,1314.4000244140625,915
2026-04-27 07:25:00+00:00,1314.4000244140625,1314.4000244140625,1314.800048828125,1314.0,1314.699951171875,1407
2026-04-27 07:26:00+00:00,1314.4000244140625,1314.4000244140625,1314.4000244140625,1314.0,1314.4000244140625,846
2026-04-27 07:27:00+00:00,1314.300048828125,1314.300048828125,1314.300048828125,1313.9000244140625,1313.9000244140625,905
2026-04-27 07:28:00+00:00,1314.300048828125,1314.300048828125,1314.300048828125,1314.199951171875,1314.300048828125,506
2026-04-27 07:29:00+00:00,1314.300048828125,1314.300048828125,1314.4000244140625,1313.800048828125,1313.800048828125,2077
2026-04-27 07:30:00+00:00,1314.5,1314.5,1314.5,1313.800048828125,1313.800048828125,711
2026-04-27 07:31:00+00:00,1314.4000244140625,1314.4000244140625,1314.4000244140625,1314.0,1314.0,753
2026-04-27 07:32:00+00:00,1314.5,1314.5,1314.5,1314.300048828125,1314.5,735
2026-04-27 07:33:00+00:00,1314.5,1314.5,1314.5,1314.4000244140625,1314.5,743
2026-04-27 07:34:00+00:00,1314.4000244140625,1314.4000244140625,1314.5999755859375,1314.4000244140625,1314.4000244140625,1546
2026-04-27 07:35:00+00:00,1314.199951171875,1314.199951171875,1315.0,1314.0,1314.5,3382
2026-04-27 07:36:00+00:00,1315.0,1315.0,1315.0,1314.0999755859375,1314.0999755859375,1324
2026-04-27 07:37:00+00:00,1314.9000244140625,1314.9000244140625,1315.0,1314.9000244140625,1315.0,565
2026-04-27 07:38:00+00:00,1315.4000244140625,1315.4000244140625,1315.4000244140625,1314.9000244140625,1315.0,2410
2026-04-27 07:39:00+00:00,1315.0,1315.0,1315.199951171875,1314.9000244140625,1314.9000244140625,781
2026-04-27 07:40:00+00:00,1316.699951171875,1316.699951171875,1316.9000244140625,1314.9000244140625,1314.9000244140625,65068
2026-04-27 07:41:00+00:00,1317.199951171875,1317.199951171875,1317.9000244140625,1316.300048828125,1317.800048828125,12400
2026-04-27 07:42:00+00:00,1316.9000244140625,1316.9000244140625,1317.199951171875,1316.5999755859375,1316.5999755859375,580
2026-04-27 07:43:00+00:00,1317.800048828125,1317.800048828125,1317.800048828125,1316.800048828125,1316.800048828125,1359
2026-04-27 07:44:00+00:00,1317.199951171875,1317.199951171875,1318.0,1317.0,1317.9000244140625,4036
2026-04-27 07:45:00+00:00,1316.0999755859375,1316.0999755859375,1317.199951171875,1316.0999755859375,1317.199951171875,3741
2026-04-27 07:46:00+00:00,1317.300048828125,1317.300048828125,1317.300048828125,1316.699951171875,1316.9000244140625,3013
2026-04-27 07:47:00+00:00,1317.0999755859375,1317.0999755859375,1317.699951171875,1317.0999755859375,1317.699951171875,1861
2026-04-27 07:48:00+00:00,1317.0999755859375,1317.0999755859375,1317.300048828125,1317.0,1317.199951171875,1209
2026-04-27 07:49:00+00:00,1317.0999755859375,1317.0999755859375,1317.300048828125,1316.800048828125,1317.0,1369
2026-04-27 07:50:00+00:00,1316.4000244140625,1316.4000244140625,1317.0999755859375,1316.0,1317.0999755859375,7159
2026-04-27 07:51:00+00:00,1316.5999755859375,1316.5999755859375,1316.699951171875,1316.199951171875,1316.199951171875,1156
2026-04-27 07:52:00+00:00,1316.699951171875,1316.699951171875,1317.0,1316.199951171875,1316.5999755859375,1871
2026-04-27 07:53:00+00:00,1316.5999755859375,1316.5999755859375,1316.699951171875,1316.0999755859375,1316.699951171875,1921
2026-04-27 07:54:00+00:00,1316.4000244140625,1316.4000244140625,1316.699951171875,1316.0,1316.699951171875,1932
2026-04-27 07:55:00+00:00,1316.699951171875,1316.699951171875,1316.699951171875,1316.0999755859375,1316.4000244140625,1071
2026-04-27 07:56:00+00:00,1316.4000244140625,1316.4000244140625,1316.699951171875,1315.300048828125,1316.699951171875,5101
2026-04-27 07:57:00+00:00,1316.199951171875,1316.199951171875,1316.5999755859375,1315.5,1315.5,6757
2026-04-27 07:58:00+00:00,1315.5999755859375,1315.5999755859375,1316.199951171875,1315.4000244140625,1316.199951171875,2906
2026-04-27 07:59:00+00:00,1315.5,1315.5,1315.699951171875,1315.0999755859375,1315.5999755859375,2150
2026-04-27 08:00:00+00:00,1315.199951171875,1315.199951171875,1315.5999755859375,1315.0,1315.0,2514
2026-04-27 08:01:00+00:00,1315.0999755859375,1315.0999755859375,1315.5999755859375,1315.0999755859375,1315.5,1398
2026-04-27 08:02:00+00:00,1315.5999755859375,1315.5999755859375,1316.0,1314.5999755859375,1315.0,6822
2026-04-27 08:03:00+00:00,1315.0999755859375,1315.0999755859375,1315.300048828125,1315.0999755859375,1315.300048828125,1328
2026-04-27 08:04:00+00:00,1315.0,1315.0,1315.199951171875,1315.0,1315.199951171875,2205
2026-04-27 08:05:00+00:00,1316.4000244140625,1316.4000244140625,1316.4000244140625,1315.0,1315.0999755859375,5347
2026-04-27 08:06:00+00:00,1316.0,1316.0,1316.4000244140625,1315.800048828125,1316.4000244140625,899
2026-04-27 08:07:00+00:00,1315.5999755859375,1315.5999755859375,1315.9000244140625,1315.0,1315.4000244140625,3645
2026-04-27 08:08:00+00:00,1316.9000244140625,1316.9000244140625,1317.0,1316.4000244140625,1317.0,1857
2026-04-27 08:09:00+00:00,1317.4000244140625,1317.4000244140625,1317.5,1316.4000244140625,1316.699951171875,5079
2026-04-27 08:10:00+00:00,1317.5,1317.5,1317.5,1317.0,1317.0,654
2026-04-27 08:11:00+00:00,1316.9000244140625,1316.9000244140625,1317.5,1316.5999755859375,1317.5,2406
2026-04-27 08:12:00+00:00,1316.5,1316.5,1316.9000244140625,1316.0999755859375,1316.9000244140625,2009
2026-04-27 08:13:00+00:00,1316.9000244140625,1316.9000244140625,1316.9000244140625,1316.4000244140625,1316.4000244140625,2102
2026-04-27 08:14:00+00:00,1316.800048828125,1316.800048828125,1316.9000244140625,1316.0999755859375,1316.9000244140625,4146
2026-04-27 08:15:00+00:00,1316.4000244140625,1316.4000244140625,1316.699951171875,1315.800048828125,1316.699951171875,2755
2026-04-27 08:16:00+00:00,1315.199951171875,1315.199951171875,1316.199951171875,1315.199951171875,1315.5999755859375,4693
2026-04-27 08:17:00+00:00,1315.300048828125,1315.300048828125,1315.5999755859375,1315.0999755859375,1315.300048828125,2622
2026-04-27 08:18:00+00:00,1314.9000244140625,1314.9000244140625,1315.300048828125,1314.9000244140625,1315.199951171875,1874
2026-04-27 08:19:00+00:00,1314.9000244140625,1314.9000244140625,1315.0999755859375,1314.5999755859375,1315.0,3804
2026-04-27 08:20:00+00:00,1314.5,1314.5,1314.699951171875,1314.300048828125,1314.5999755859375,2632
2026-04-27 08:21:00+00:00,1314.699951171875,1314.699951171875,1314.699951171875,1314.4000244140625,1314.5,1621
2026-04-27 08:22:00+00:00,1314.5999755859375,1314.5999755859375,1315.0,1314.4000244140625,1315.0,956
2026-04-27 08:23:00+00:00,1314.300048828125,1314.300048828125,1314.5999755859375,1313.699951171875,1314.5999755859375,3583
2026-04-27 08:24:00+00:00,1314.5,1314.5,1314.5999755859375,1314.300048828125,1314.300048828125,977
2026-04-27 08:25:00+00:00,1315.0,1315.0,1315.300048828125,1314.4000244140625,1314.4000244140625,4259
2026-04-27 08:26:00+00:00,1315.0,1315.0,1315.0,1314.699951171875,1314.9000244140625,2841
2026-04-27 08:27:00+00:00,1315.0,1315.0,1315.0,1314.9000244140625,1314.9000244140625,2569
2026-04-27 08:28:00+00:00,1314.9000244140625,1314.9000244140625,1315.0,1314.5,1314.9000244140625,731
2026-04-27 08:29:00+00:00,1316.0,1316.0,1316.0,1314.800048828125,1314.800048828125,3543
2026-04-27 08:30:00+00:00,1316.5,1316.5,1316.5,1315.300048828125,1316.0,2347
2026-04-27 08:31:00+00:00,1316.699951171875,1316.699951171875,1316.699951171875,1315.5999755859375,1316.4000244140625,2318
2026-04-27 08:32:00+00:00,1316.9000244140625,1316.9000244140625,1316.9000244140625,1316.699951171875,1316.699951171875,1503
2026-04-27 08:33:00+00:00,1316.800048828125,1316.800048828125,1317.4000244140625,1316.800048828125,1316.9000244140625,2102
2026-04-27 08:34:00+00:00,1316.0,1316.0,1316.800048828125,1315.5,1316.800048828125,3614
2026-04-27 08:35:00+00:00,1315.9000244140625,1315.9000244140625,1316.0,1315.5999755859375,1316.0,400
2026-04-27 08:36:00+00:00,1315.5999755859375,1315.5999755859375,1315.9000244140625,1315.0,1315.9000244140625,2438
2026-04-27 08:37:00+00:00,1315.199951171875,1315.199951171875,1315.5999755859375,1315.0,1315.5999755859375,751
2026-04-27 08:38:00+00:00,1316.0999755859375,1316.0999755859375,1316.0999755859375,1315.199951171875,1315.300048828125,3876
2026-04-27 08:39:00+00:00,1315.800048828125,1315.800048828125,1316.0999755859375,1315.300048828125,1316.0,1346
2026-04-27 08:40:00+00:00,1316.4000244140625,1316.4000244140625,1316.5,1315.5,1315.699951171875,2564
2026-04-27 08:41:00+00:00,1316.300048828125,1316.300048828125,1316.5,1316.199951171875,1316.199951171875,972
2026-04-27 08:42:00+00:00,1316.5999755859375,1316.5999755859375,1316.9000244140625,1316.5,1316.5,3460
2026-04-27 08:43:00+00:00,1316.4000244140625,1316.4000244140625,1316.5999755859375,1316.0,1316.5999755859375,3105
2026-04-27 08:44:00+00:00,1316.300048828125,1316.300048828125,1316.4000244140625,1316.199951171875,1316.199951171875,620
2026-04-27 08:45:00+00:00,1316.5,1316.5,1316.699951171875,1315.800048828125,1316.4000244140625,2489
2026-04-27 08:46:00+00:00,1316.5,1316.5,1316.699951171875,1315.5,1315.5,3002
2026-04-27 08:47:00+00:00,1316.9000244140625,1316.9000244140625,1316.9000244140625,1316.0999755859375,1316.4000244140625,2834
2026-04-27 08:48:00+00:00,1317.199951171875,1317.199951171875,1317.300048828125,1316.9000244140625,1316.9000244140625,701
2026-04-27 08:49:00+00:00,1316.699951171875,1316.699951171875,1317.199951171875,1316.5999755859375,1317.0999755859375,1499
2026-04-27 08:50:00+00:00,1316.300048828125,1316.300048828125,1316.5999755859375,1316.0,1316.5999755859375,2248
2026-04-27 08:51:00+00:00,1316.9000244140625,1316.9000244140625,1316.9000244140625,1316.199951171875,1316.199951171875,5701
2026-04-27 08:52:00+00:00,1316.199951171875,1316.199951171875,1316.800048828125,1316.199951171875,1316.300048828125,2155
2026-04-27 08:53:00+00:00,1316.0999755859375,1316.0999755859375,1316.300048828125,1316.0999755859375,1316.0999755859375,390
2026-04-27 08:54:00+00:00,1315.9000244140625,1315.9000244140625,1316.199951171875,1315.5,1316.199951171875,2127
2026-04-27 08:55:00+00:00,1315.4000244140625,1315.4000244140625,1315.9000244140625,1315.199951171875,1315.800048828125,2364
2026-04-27 08:56:00+00:00,1315.0999755859375,1315.0999755859375,1315.4000244140625,1315.0999755859375,1315.4000244140625,3127
2026-04-27 08:57:00+00:00,1315.199951171875,1315.199951171875,1315.199951171875,1315.0,1315.0,1937
2026-04-27 08:58:00+00:00,1315.199951171875,1315.199951171875,1315.199951171875,1315.0999755859375,1315.0999755859375,1657
2026-04-27 08:59:00+00:00,1315.4000244140625,1315.4000244140625,1315.4000244140625,1315.0,1315.0999755859375,6684
2026-04-27 09:00:00+00:00,1315.0,1315.0,1315.300048828125,1315.0,1315.300048828125,1468
2026-04-27 09:01:00+00:00,1314.9000244140625,1314.9000244140625,1315.0999755859375,1314.300048828125,1315.0999755859375,11717
2026-04-27 09:02:00+00:00,1315.300048828125,1315.300048828125,1315.4000244140625,1315.0,1315.0,5215
2026-04-27 09:03:00+00:00,1315.300048828125,1315.300048828125,1315.5,1315.199951171875,1315.300048828125,3184
2026-04-27 09:04:00+00:00,1315.5,1315.5,1315.5,1315.4000244140625,1315.4000244140625,613
2026-04-27 09:05:00+00:00,1315.5,1315.5,1316.0,1315.4000244140625,1315.4000244140625,4745
2026-04-27 09:06:00+00:00,1315.5,1315.5,1315.9000244140625,1315.5,1315.5999755859375,1032
2026-04-27 09:07:00+00:00,1315.5,1315.5,1315.800048828125,1315.0,1315.800048828125,4922
2026-04-27 09:08:00+00:00,1315.0999755859375,1315.0999755859375,1315.5,1315.0999755859375,1315.5,994
2026-04-27 09:09:00+00:00,1315.0999755859375,1315.0999755859375,1315.199951171875,1315.0999755859375,1315.0999755859375,2152
2026-04-27 09:10:00+00:00,1315.0999755859375,1315.0999755859375,1315.0999755859375,1315.0,1315.0,3596
2026-04-27 09:11:00+00:00,1315.0999755859375,1315.0999755859375,1315.0999755859375,1315.0,1315.0,2728
2026-04-27 09:12:00+00:00,1315.4000244140625,1315.4000244140625,1315.4000244140625,1315.0,1315.0,6988
2026-04-27 09:13:00+00:00,1316.5999755859375,1316.5999755859375,1316.5999755859375,1315.4000244140625,1315.4000244140625,8194
2026-04-27 09:14:00+00:00,1316.0,1316.0,1316.5999755859375,1316.0,1316.5999755859375,2188
2026-04-27 09:15:00+00:00,1315.0,1315.0,1316.199951171875,1315.0,1316.199951171875,3191
2026-04-27 09:16:00+00:00,1315.300048828125,1315.300048828125,1315.5,1315.0,1315.0,4479
2026-04-27 09:17:00+00:00,1315.199951171875,1315.199951171875,1315.5999755859375,1315.0,1315.5999755859375,2544
2026-04-27 09:18:00+00:00,1315.5999755859375,1315.5999755859375,1315.5999755859375,1315.0,1315.0,6725
2026-04-27 09:19:00+00:00,1315.5999755859375,1315.5999755859375,1316.0,1315.5,1316.0,1969
2026-04-27 09:20:00+00:00,1315.5,1315.5,1315.5999755859375,1315.199951171875,1315.5999755859375,1056
2026-04-27 09:21:00+00:00,1315.300048828125,1315.300048828125,1315.5,1315.0,1315.300048828125,6463
2026-04-27 09:22:00+00:00,1315.4000244140625,1315.4000244140625,1315.4000244140625,1315.0999755859375,1315.300048828125,3617
2026-04-27 09:23:00+00:00,1315.9000244140625,1315.9000244140625,1316.0,1315.5,1315.5,3920
2026-04-27 09:24:00+00:00,1315.699951171875,1315.699951171875,1316.0,1315.699951171875,1315.9000244140625,1151
2026-04-27 09:25:00+00:00,1316.0,1316.0,1316.0,1315.0999755859375,1315.9000244140625,9475
2026-04-27 09:26:00+00:00,1317.9000244140625,1317.9000244140625,1318.0,1316.4000244140625,1316.5999755859375,11930
2026-04-27 09:27:00+00:00,1318.5,1318.5,1318.5,1317.699951171875,1318.0,16436
2026-04-27 09:28:00+00:00,1318.699951171875,1318.699951171875,1319.0999755859375,1318.4000244140625,1318.5,5241
2026-04-27 09:29:00+00:00,1318.800048828125,1318.800048828125,1318.800048828125,1317.0,1318.5999755859375,11649
2026-04-27 09:30:00+00:00,1318.300048828125,1318.300048828125,1318.300048828125,1316.0999755859375,1317.4000244140625,8967
2026-04-27 09:31:00+00:00,1317.199951171875,1317.199951171875,1318.300048828125,1317.0,1317.9000244140625,4750
2026-04-27 09:32:00+00:00,1318.0,1318.0,1318.0,1317.0,1317.4000244140625,7811
2026-04-27 09:33:00+00:00,1317.4000244140625,1317.4000244140625,1318.0,1317.4000244140625,1318.0,5182
2026-04-27 09:34:00+00:00,1317.0999755859375,1317.0999755859375,1317.4000244140625,1316.4000244140625,1317.4000244140625,9392
2026-04-27 09:35:00+00:00,1317.5999755859375,1317.5999755859375,1317.5999755859375,1316.699951171875,1316.699951171875,3174
2026-04-27 09:36:00+00:00,1317.300048828125,1317.300048828125,1317.699951171875,1317.199951171875,1317.699951171875,5744
2026-04-27 09:37:00+00:00,1317.9000244140625,1317.9000244140625,1318.5,1317.300048828125,1317.300048828125,8435
2026-04-27 09:38:00+00:00,1317.5999755859375,1317.5999755859375,1318.0999755859375,1317.5,1318.0999755859375,2467
2026-04-27 09:39:00+00:00,1318.0,1318.0,1318.199951171875,1316.4000244140625,1317.4000244140625,7828
2026-04-27 09:40:00+00:00,1317.5999755859375,1317.5999755859375,1318.0999755859375,1317.4000244140625,1318.0,5752
2026-04-27 09:41:00+00:00,1317.0,1317.0,1317.5999755859375,1316.800048828125,1317.5999755859375,9318
2026-04-27 09:42:00+00:00,1317.300048828125,1317.300048828125,1317.800048828125,1316.800048828125,1316.800048828125,4671
2026-04-27 09:43:00+00:00,1317.5999755859375,1317.5999755859375,1317.699951171875,1317.300048828125,1317.300048828125,7038
2026-04-27 09:44:00+00:00,1318.199951171875,1318.199951171875,1318.199951171875,1317.5999755859375,1317.5999755859375,11178
2026-04-27 09:45:00+00:00,1318.699951171875,1318.699951171875,1318.800048828125,1318.4000244140625,1318.4000244140625,5964
2026-04-27 09:46:00+00:00,1317.5999755859375,1317.5999755859375,1318.699951171875,1317.5999755859375,1318.699951171875,9013
2026-04-27 09:47:00+00:00,1317.5999755859375,1317.5999755859375,1317.9000244140625,1317.199951171875,1317.9000244140625,6633
2026-04-27 09:48:00+00:00,1317.300048828125,1317.300048828125,1318.0,1317.300048828125,1317.5999755859375,8346
2026-04-27 09:49:00+00:00,1318.199951171875,1318.199951171875,1318.5,1317.4000244140625,1317.4000244140625,11594
2026-04-27 09:50:00+00:00,1317.800048828125,1317.800048828125,1317.9000244140625,1316.800048828125,1317.9000244140625,23827
2026-04-27 09:51:00+00:00,1318.199951171875,1318.199951171875,1318.300048828125,1317.5999755859375,1317.5999755859375,10294
2026-04-27 09:52:00+00:00,1317.9000244140625,1317.9000244140625,1318.300048828125,1317.800048828125,1318.300048828125,4946
2026-04-27 09:53:00+00:00,1317.4000244140625,1317.4000244140625,1317.699951171875,1317.199951171875,1317.699951171875,6248
2026-04-27 09:54:00+00:00,1317.300048828125,1317.300048828125,1317.699951171875,1316.4000244140625,1317.699951171875,22138
2026-04-27 09:55:00+00:00,1317.4000244140625,1317.4000244140625,1317.9000244140625,1316.9000244140625,1317.4000244140625,10253
2026-04-27 09:56:00+00:00,1317.0999755859375,1317.0999755859375,1317.4000244140625,1316.5,1317.4000244140625,4933
2026-04-27 09:57:00+00:00,1315.0,1315.0,1317.0,1314.5999755859375,1317.0,19189
2026-04-27 09:58:00+00:00,1315.5999755859375,1315.5999755859375,1315.5999755859375,1314.5999755859375,1314.800048828125,17927
2026-04-27 09:59:00+00:00,1317.199951171875,1317.199951171875,1317.199951171875,1313.0,1315.0,6847
2026-04-28 03:45:00+00:00,1314.5,1314.5,1315.4000244140625,1311.5999755859375,1315.0,0
2026-04-28 03:46:00+00:00,1318.4000244140625,1318.4000244140625,1320.5,1315.5,1315.5,13472
2026-04-28 03:47:00+00:00,1318.800048828125,1318.800048828125,1319.4000244140625,1318.4000244140625,1318.5999755859375,5562
2026-04-28 03:48:00+00:00,1318.699951171875,1318.699951171875,1320.0999755859375,1318.4000244140625,1319.5,4213
2026-04-28 03:49:00+00:00,1316.9000244140625,1316.9000244140625,1320.0,1316.9000244140625,1318.0999755859375,5369
2026-04-28 03:50:00+00:00,1315.0,1315.0,1317.0999755859375,1315.0,1317.0999755859375,2210
2026-04-28 03:51:00+00:00,1315.0,1315.0,1316.0,1314.300048828125,1314.5999755859375,2706
2026-04-28 03:52:00+00:00,1315.5,1315.5,1316.300048828125,1314.5,1315.199951171875,1730
2026-04-28 03:53:00+00:00,1315.0,1315.0,1316.800048828125,1315.0,1315.300048828125,1706
2026-04-28 03:54:00+00:00,1315.800048828125,1315.800048828125,1315.800048828125,1314.300048828125,1315.0,2289
2026-04-28 03:55:00+00:00,1319.0,1319.0,1319.0,1316.199951171875,1316.4000244140625,3492
2026-04-28 03:56:00+00:00,1323.4000244140625,1323.4000244140625,1323.800048828125,1319.800048828125,1319.800048828125,7212
2026-04-28 03:57:00+00:00,1323.0,1323.0,1323.800048828125,1322.9000244140625,1323.5999755859375,8493
2026-04-28 03:58:00+00:00,1322.9000244140625,1322.9000244140625,1325.5999755859375,1322.300048828125,1322.9000244140625,22749
2026-04-28 03:59:00+00:00,1321.5999755859375,1321.5999755859375,1322.300048828125,1321.0,1322.0999755859375,3693
2026-04-28 04:00:00+00:00,1320.5999755859375,1320.5999755859375,1321.699951171875,1320.0,1321.5,2177
2026-04-28 04:01:00+00:00,1319.199951171875,1319.199951171875,1320.4000244140625,1319.199951171875,1320.300048828125,10123
2026-04-28 04:02:00+00:00,1319.199951171875,1319.199951171875,1319.199951171875,1318.199951171875,1319.199951171875,3201
2026-04-28 04:03:00+00:00,1318.300048828125,1318.300048828125,1319.199951171875,1318.199951171875,1318.699951171875,3598
2026-04-28 04:04:00+00:00,1319.0,1319.0,1319.5,1319.0,1319.0,4683
2026-04-28 04:05:00+00:00,1317.0999755859375,1317.0999755859375,1318.699951171875,1316.9000244140625,1318.699951171875,5262
2026-04-28 04:06:00+00:00,1318.300048828125,1318.300048828125,1318.9000244140625,1316.9000244140625,1316.9000244140625,2156
2026-04-28 04:07:00+00:00,1318.199951171875,1318.199951171875,1318.800048828125,1318.0,1318.0,1789
2026-04-28 04:08:00+00:00,1318.199951171875,1318.199951171875,1318.5999755859375,1317.5999755859375,1318.5999755859375,1711
2026-04-28 04:09:00+00:00,1316.5999755859375,1316.5999755859375,1318.0999755859375,1315.9000244140625,1318.0999755859375,1355
2026-04-28 04:10:00+00:00,1318.0,1318.0,1318.0,1316.4000244140625,1316.5,1269
2026-04-28 04:11:00+00:00,1318.5,1318.5,1318.5,1317.800048828125,1318.0,1297
2026-04-28 04:12:00+00:00,1319.5999755859375,1319.5999755859375,1320.0,1318.300048828125,1318.300048828125,3332
2026-04-28 04:13:00+00:00,1321.5,1321.5,1321.5,1319.5999755859375,1319.5999755859375,808
2026-04-28 04:14:00+00:00,1320.0,1320.0,1321.5,1320.0,1320.800048828125,2624
2026-04-28 04:15:00+00:00,1320.0999755859375,1320.0999755859375,1322.800048828125,1319.5999755859375,1320.199951171875,7045
2026-04-28 04:16:00+00:00,1322.5,1322.5,1323.199951171875,1321.5999755859375,1321.5999755859375,4126
2026-04-28 04:17:00+00:00,1323.300048828125,1323.300048828125,1323.4000244140625,1322.300048828125,1322.800048828125,2861
2026-04-28 04:18:00+00:00,1323.0,1323.0,1323.300048828125,1322.699951171875,1323.0,5083
2026-04-28 04:19:00+00:00,1322.199951171875,1322.199951171875,1322.300048828125,1321.300048828125,1322.0999755859375,5356
2026-04-28 04:20:00+00:00,1323.800048828125,1323.800048828125,1324.0999755859375,1322.199951171875,1322.199951171875,3893
2026-04-28 04:21:00+00:00,1321.4000244140625,1321.4000244140625,1323.199951171875,1321.4000244140625,1322.5,3802
2026-04-28 04:22:00+00:00,1322.5999755859375,1322.5999755859375,1323.300048828125,1321.0999755859375,1322.0999755859375,15101
2026-04-28 04:23:00+00:00,1323.300048828125,1323.300048828125,1323.5,1322.4000244140625,1322.5999755859375,1992
2026-04-28 04:24:00+00:00,1325.199951171875,1325.199951171875,1325.199951171875,1322.699951171875,1323.5999755859375,17362
2026-04-28 04:25:00+00:00,1325.9000244140625,1325.9000244140625,1325.9000244140625,1325.5,1325.699951171875,2795
2026-04-28 04:26:00+00:00,1325.0,1325.0,1325.9000244140625,1325.0,1325.9000244140625,2425
2026-04-28 04:27:00+00:00,1323.9000244140625,1323.9000244140625,1325.0,1323.0999755859375,1325.0,7056
2026-04-28 04:28:00+00:00,1323.5999755859375,1323.5999755859375,1323.9000244140625,1322.5999755859375,1323.9000244140625,2438
2026-04-28 04:29:00+00:00,1323.5999755859375,1323.5999755859375,1323.5999755859375,1322.800048828125,1323.5999755859375,707
2026-04-28 04:30:00+00:00,1323.300048828125,1323.300048828125,1323.800048828125,1322.699951171875,1323.5999755859375,1422
2026-04-28 04:31:00+00:00,1323.5,1323.5,1323.5999755859375,1323.0,1323.199951171875,457
2026-04-28 04:32:00+00:00,1323.5,1323.5,1323.800048828125,1323.5,1323.5999755859375,1676
2026-04-28 04:33:00+00:00,1323.0,1323.0,1323.0999755859375,1322.5999755859375,1322.9000244140625,1433
2026-04-28 04:34:00+00:00,1323.0,1323.0,1323.0,1322.4000244140625,1323.0,622
2026-04-28 04:35:00+00:00,1323.0,1323.0,1323.0,1322.0999755859375,1323.0,514
2026-04-28 04:36:00+00:00,1322.800048828125,1322.800048828125,1323.0,1322.800048828125,1323.0,276
2026-04-28 04:37:00+00:00,1323.800048828125,1323.800048828125,1323.800048828125,1322.5,1323.0,1567
2026-04-28 04:38:00+00:00,1323.0,1323.0,1323.800048828125,1322.5,1323.800048828125,2169
2026-04-28 04:39:00+00:00,1321.800048828125,1321.800048828125,1323.0,1321.800048828125,1323.0,727
2026-04-28 04:40:00+00:00,1321.4000244140625,1321.4000244140625,1322.199951171875,1320.699951171875,1322.199951171875,3864
2026-04-28 04:41:00+00:00,1321.5,1321.5,1321.699951171875,1321.0,1321.5,454
2026-04-28 04:42:00+00:00,1321.800048828125,1321.800048828125,1321.800048828125,1321.5,1321.5,227
2026-04-28 04:43:00+00:00,1320.300048828125,1320.300048828125,1321.800048828125,1320.199951171875,1321.800048828125,3505
2026-04-28 04:44:00+00:00,1320.300048828125,1320.300048828125,1321.0,1320.0,1320.4000244140625,3624
2026-04-28 04:45:00+00:00,1320.0999755859375,1320.0999755859375,1320.699951171875,1319.800048828125,1320.699951171875,812
2026-04-28 04:46:00+00:00,1320.5999755859375,1320.5999755859375,1321.0999755859375,1320.4000244140625,1320.5999755859375,669
2026-04-28 04:47:00+00:00,1320.300048828125,1320.300048828125,1321.9000244140625,1319.800048828125,1320.699951171875,5020
2026-04-28 04:48:00+00:00,1320.699951171875,1320.699951171875,1321.699951171875,1320.699951171875,1320.699951171875,2985
2026-04-28 04:49:00+00:00,1320.4000244140625,1320.4000244140625,1321.199951171875,1320.4000244140625,1321.0999755859375,421
2026-04-28 04:50:00+00:00,1319.699951171875,1319.699951171875,1320.4000244140625,1319.5,1320.4000244140625,7218
2026-04-28 04:51:00+00:00,1320.0,1320.0,1320.0,1318.800048828125,1319.5999755859375,931
2026-04-28 04:52:00+00:00,1319.5,1319.5,1320.0,1319.5,1319.699951171875,419
2026-04-28 04:53:00+00:00,1321.0999755859375,1321.0999755859375,1321.0999755859375,1319.0,1319.4000244140625,12484
2026-04-28 04:54:00+00:00,1320.0999755859375,1320.0999755859375,1321.0,1318.800048828125,1321.0,19329
2026-04-28 04:55:00+00:00,1320.300048828125,1320.300048828125,1321.0,1320.0,1320.4000244140625,1474
2026-04-28 04:56:00+00:00,1320.0,1320.0,1320.699951171875,1319.5999755859375,1320.300048828125,1415
2026-04-28 04:57:00+00:00,1320.4000244140625,1320.4000244140625,1320.5999755859375,1320.0,1320.5999755859375,232
2026-04-28 04:58:00+00:00,1320.0,1320.0,1320.300048828125,1320.0,1320.0,251
2026-04-28 04:59:00+00:00,1320.199951171875,1320.199951171875,1320.199951171875,1319.300048828125,1320.0,866
2026-04-28 05:00:00+00:00,1317.0,1317.0,1320.9000244140625,1316.0999755859375,1320.199951171875,16917
2026-04-28 05:01:00+00:00,1316.5,1316.5,1317.699951171875,1316.4000244140625,1316.4000244140625,13962
2026-04-28 05:02:00+00:00,1317.0,1317.0,1317.4000244140625,1316.800048828125,1316.800048828125,1878
2026-04-28 05:03:00+00:00,1317.4000244140625,1317.4000244140625,1317.5999755859375,1317.0,1317.199951171875,1396
2026-04-28 05:04:00+00:00,1317.300048828125,1317.300048828125,1318.0,1317.199951171875,1317.4000244140625,2382
2026-04-28 05:05:00+00:00,1315.199951171875,1315.199951171875,1317.5,1315.199951171875,1317.5,4120
2026-04-28 05:06:00+00:00,1319.0,1319.0,1319.0,1314.699951171875,1315.199951171875,33468
2026-04-28 05:07:00+00:00,1318.0,1318.0,1319.4000244140625,1317.300048828125,1319.4000244140625,2330
2026-04-28 05:08:00+00:00,1318.0999755859375,1318.0999755859375,1318.0999755859375,1317.4000244140625,1317.9000244140625,483
2026-04-28 05:09:00+00:00,1317.699951171875,1317.699951171875,1318.0,1317.300048828125,1317.9000244140625,2545
2026-04-28 05:10:00+00:00,1316.9000244140625,1316.9000244140625,1317.300048828125,1316.5,1317.300048828125,811
2026-04-28 05:11:00+00:00,1315.300048828125,1315.300048828125,1317.4000244140625,1315.300048828125,1316.5,14762
2026-04-28 05:12:00+00:00,1314.0,1314.0,1315.0,1313.5,1314.5,4335
2026-04-28 05:13:00+00:00,1315.300048828125,1315.300048828125,1315.5999755859375,1313.9000244140625,1313.9000244140625,2595
2026-04-28 05:14:00+00:00,1313.4000244140625,1313.4000244140625,1314.300048828125,1311.5999755859375,1314.300048828125,8718
2026-04-28 05:15:00+00:00,1314.699951171875,1314.699951171875,1315.199951171875,1312.699951171875,1313.300048828125,1792
2026-04-28 05:16:00+00:00,1314.5,1314.5,1315.199951171875,1313.5999755859375,1315.199951171875,1000
2026-04-28 05:17:00+00:00,1314.199951171875,1314.199951171875,1314.5,1313.5999755859375,1314.5,1550
2026-04-28 05:18:00+00:00,1313.4000244140625,1313.4000244140625,1314.9000244140625,1313.4000244140625,1314.199951171875,1960
2026-04-28 05:19:00+00:00,1313.4000244140625,1313.4000244140625,1313.699951171875,1313.0,1313.5,1057
2026-04-28 05:20:00+00:00,1313.800048828125,1313.800048828125,1314.0,1313.4000244140625,1313.4000244140625,752
2026-04-28 05:21:00+00:00,1313.5999755859375,1313.5999755859375,1313.800048828125,1313.5999755859375,1313.800048828125,543
2026-04-28 05:22:00+00:00,1315.699951171875,1315.699951171875,1315.699951171875,1313.199951171875,1313.699951171875,1598
2026-04-28 05:23:00+00:00,1316.4000244140625,1316.4000244140625,1316.9000244140625,1315.800048828125,1315.800048828125,1284
2026-04-28 05:24:00+00:00,1317.9000244140625,1317.9000244140625,1317.9000244140625,1316.0,1316.4000244140625,7241
2026-04-28 05:25:00+00:00,1317.300048828125,1317.300048828125,1318.0,1317.199951171875,1317.9000244140625,2429
2026-04-28 05:26:00+00:00,1318.300048828125,1318.300048828125,1318.300048828125,1316.699951171875,1317.199951171875,1608
2026-04-28 05:27:00+00:00,1316.4000244140625,1316.4000244140625,1318.199951171875,1316.4000244140625,1318.0,5125
2026-04-28 05:28:00+00:00,1316.5999755859375,1316.5999755859375,1316.699951171875,1315.9000244140625,1316.5,1529
2026-04-28 05:29:00+00:00,1314.9000244140625,1314.9000244140625,1316.5999755859375,1314.9000244140625,1316.5999755859375,2645
2026-04-28 05:30:00+00:00,1316.0,1316.0,1316.0999755859375,1314.699951171875,1315.199951171875,5379
2026-04-28 05:31:00+00:00,1316.800048828125,1316.800048828125,1316.800048828125,1315.4000244140625,1316.0,1189
2026-04-28 05:32:00+00:00,1316.0,1316.0,1316.5,1316.0,1316.5,1061
2026-04-28 05:33:00+00:00,1316.5,1316.5,1316.5,1316.300048828125,1316.300048828125,1120
2026-04-28 05:34:00+00:00,1316.4000244140625,1316.4000244140625,1316.5,1316.199951171875,1316.4000244140625,1304
2026-04-28 05:35:00+00:00,1316.699951171875,1316.699951171875,1316.699951171875,1316.4000244140625,1316.4000244140625,437
2026-04-28 05:36:00+00:00,1316.0,1316.0,1316.699951171875,1315.699951171875,1316.699951171875,953
2026-04-28 05:37:00+00:00,1315.800048828125,1315.800048828125,1316.199951171875,1315.800048828125,1316.0999755859375,872
2026-04-28 05:38:00+00:00,1314.0,1314.0,1316.0,1313.800048828125,1315.5,4048
2026-04-28 05:39:00+00:00,1312.9000244140625,1312.9000244140625,1313.699951171875,1312.699951171875,1313.699951171875,2704
2026-04-28 05:40:00+00:00,1312.0,1312.0,1313.0,1312.0,1313.0,4730
2026-04-28 05:41:00+00:00,1311.5999755859375,1311.5999755859375,1312.0,1311.5999755859375,1312.0,2017
2026-04-28 05:42:00+00:00,1312.0,1312.0,1312.0,1311.5999755859375,1311.5999755859375,1036
2026-04-28 05:43:00+00:00,1312.300048828125,1312.300048828125,1312.5999755859375,1312.0,1312.0,1516
2026-04-28 05:44:00+00:00,1312.199951171875,1312.199951171875,1312.5,1312.0,1312.300048828125,2875
2026-04-28 05:45:00+00:00,1313.9000244140625,1313.9000244140625,1313.9000244140625,1312.0999755859375,1312.5,1344
2026-04-28 05:46:00+00:00,1315.5,1315.5,1315.800048828125,1314.300048828125,1314.300048828125,671
2026-04-28 05:47:00+00:00,1314.5999755859375,1314.5999755859375,1315.5,1314.5999755859375,1315.5,1539
2026-04-28 05:48:00+00:00,1314.9000244140625,1314.9000244140625,1315.0999755859375,1314.5999755859375,1314.5999755859375,952
2026-04-28 05:49:00+00:00,1315.0999755859375,1315.0999755859375,1315.0999755859375,1314.5999755859375,1315.0999755859375,453
2026-04-28 05:50:00+00:00,1314.5,1314.5,1315.199951171875,1314.4000244140625,1315.199951171875,1458
2026-04-28 05:51:00+00:00,1314.699951171875,1314.699951171875,1314.800048828125,1314.5999755859375,1314.800048828125,2191
2026-04-28 05:52:00+00:00,1314.800048828125,1314.800048828125,1314.800048828125,1314.699951171875,1314.699951171875,463
2026-04-28 05:53:00+00:00,1315.800048828125,1315.800048828125,1315.800048828125,1313.699951171875,1314.800048828125,10490
2026-04-28 05:54:00+00:00,1316.0,1316.0,1316.4000244140625,1315.699951171875,1316.4000244140625,1140
2026-04-28 05:55:00+00:00,1315.0999755859375,1315.0999755859375,1316.0,1315.0,1316.0,7129
2026-04-28 05:56:00+00:00,1312.699951171875,1312.699951171875,1315.0,1312.699951171875,1315.0,5402
2026-04-28 05:57:00+00:00,1311.300048828125,1311.300048828125,1312.0,1310.800048828125,1311.9000244140625,3629
2026-04-28 05:58:00+00:00,1310.800048828125,1310.800048828125,1312.300048828125,1310.699951171875,1311.300048828125,1235
2026-04-28 05:59:00+00:00,1310.5999755859375,1310.5999755859375,1311.300048828125,1310.5,1311.300048828125,1847
2026-04-28 06:00:00+00:00,1308.199951171875,1308.199951171875,1309.0,1306.699951171875,1309.0,15884
2026-04-28 06:01:00+00:00,1309.0999755859375,1309.0999755859375,1309.0999755859375,1307.0999755859375,1308.300048828125,2652
2026-04-28 06:02:00+00:00,1308.5,1308.5,1309.699951171875,1307.4000244140625,1309.0999755859375,2162
2026-04-28 06:03:00+00:00,1308.0,1308.0,1308.800048828125,1308.0,1308.300048828125,1277
2026-04-28 06:04:00+00:00,1308.0999755859375,1308.0999755859375,1308.300048828125,1307.699951171875,1308.300048828125,3199
2026-04-28 06:05:00+00:00,1308.199951171875,1308.199951171875,1308.5,1307.9000244140625,1308.199951171875,2592
2026-04-28 06:06:00+00:00,1308.9000244140625,1308.9000244140625,1308.9000244140625,1308.300048828125,1308.300048828125,1947
2026-04-28 06:07:00+00:00,1308.5999755859375,1308.5999755859375,1309.5,1308.0,1309.300048828125,4599
2026-04-28 06:08:00+00:00,1308.0999755859375,1308.0999755859375,1308.800048828125,1307.5999755859375,1308.5999755859375,3578
2026-04-28 06:09:00+00:00,1307.800048828125,1307.800048828125,1308.5,1307.5999755859375,1308.5,1466
2026-04-28 06:10:00+00:00,1307.5999755859375,1307.5999755859375,1307.9000244140625,1307.5999755859375,1307.800048828125,567
2026-04-28 06:11:00+00:00,1307.300048828125,1307.300048828125,1307.9000244140625,1306.199951171875,1307.800048828125,3303
2026-04-28 06:12:00+00:00,1307.699951171875,1307.699951171875,1307.800048828125,1307.0999755859375,1307.5,1398
2026-04-28 06:13:00+00:00,1307.5999755859375,1307.5999755859375,1308.0999755859375,1307.199951171875,1307.699951171875,2962
2026-04-28 06:14:00+00:00,1309.0,1309.0,1309.0,1307.5999755859375,1307.5999755859375,1402
2026-04-28 06:15:00+00:00,1309.9000244140625,1309.9000244140625,1310.5,1309.199951171875,1309.199951171875,2373
2026-04-28 06:16:00+00:00,1310.699951171875,1310.699951171875,1310.699951171875,1309.4000244140625,1309.4000244140625,1688
2026-04-28 06:17:00+00:00,1312.0,1312.0,1312.0,1310.800048828125,1310.800048828125,1387
2026-04-28 06:18:00+00:00,1312.5,1312.5,1312.5,1311.9000244140625,1312.0,2200
2026-04-28 06:19:00+00:00,1312.800048828125,1312.800048828125,1312.9000244140625,1312.0999755859375,1312.5,3108
2026-04-28 06:20:00+00:00,1312.9000244140625,1312.9000244140625,1313.0,1312.199951171875,1312.800048828125,243
2026-04-28 06:21:00+00:00,1312.9000244140625,1312.9000244140625,1312.9000244140625,1312.800048828125,1312.800048828125,2009
2026-04-28 06:22:00+00:00,1312.699951171875,1312.699951171875,1312.9000244140625,1312.699951171875,1312.9000244140625,1000
2026-04-28 06:23:00+00:00,1312.5,1312.5,1312.800048828125,1312.4000244140625,1312.800048828125,412
2026-04-28 06:24:00+00:00,1312.699951171875,1312.699951171875,1312.800048828125,1312.5,1312.5,313
2026-04-28 06:25:00+00:00,1312.300048828125,1312.300048828125,1312.699951171875,1312.300048828125,1312.699951171875,839
2026-04-28 06:26:00+00:00,1311.9000244140625,1311.9000244140625,1312.300048828125,1311.300048828125,1312.300048828125,4146
2026-04-28 06:27:00+00:00,1311.699951171875,1311.699951171875,1311.9000244140625,1311.300048828125,1311.9000244140625,1986
2026-04-28 06:28:00+00:00,1311.300048828125,1311.300048828125,1311.699951171875,1311.0,1311.699951171875,613
2026-04-28 06:29:00+00:00,1311.0999755859375,1311.0999755859375,1311.300048828125,1310.0,1311.300048828125,660
2026-04-28 06:30:00+00:00,1311.0999755859375,1311.0999755859375,1311.4000244140625,1311.0,1311.0,1984
2026-04-28 06:31:00+00:00,1310.9000244140625,1310.9000244140625,1311.300048828125,1310.300048828125,1311.0,530
2026-04-28 06:32:00+00:00,1310.300048828125,1310.300048828125,1310.9000244140625,1310.0,1310.9000244140625,460
2026-04-28 06:33:00+00:00,1311.9000244140625,1311.9000244140625,1311.9000244140625,1310.300048828125,1310.300048828125,6128
2026-04-28 06:34:00+00:00,1311.300048828125,1311.300048828125,1312.0,1310.9000244140625,1311.9000244140625,504
2026-04-28 06:35:00+00:00,1311.0,1311.0,1311.4000244140625,1311.0,1311.300048828125,1055
2026-04-28 06:36:00+00:00,1311.0,1311.0,1311.0,1310.5999755859375,1311.0,488
2026-04-28 06:37:00+00:00,1311.0,1311.0,1311.0,1310.5,1310.9000244140625,841
2026-04-28 06:38:00+00:00,1312.0,1312.0,1312.0,1311.0,1311.0,5309
2026-04-28 06:39:00+00:00,1311.5999755859375,1311.5999755859375,1312.0,1311.5,1312.0,497
2026-04-28 06:40:00+00:00,1312.0,1312.0,1312.0,1311.5999755859375,1312.0,535
2026-04-28 06:41:00+00:00,1312.4000244140625,1312.4000244140625,1312.5999755859375,1312.0,1312.0,561
2026-04-28 06:42:00+00:00,1312.4000244140625,1312.4000244140625,1312.699951171875,1312.0999755859375,1312.5,999
2026-04-28 06:43:00+00:00,1311.5999755859375,1311.5999755859375,1312.4000244140625,1311.0999755859375,1312.4000244140625,854
2026-04-28 06:44:00+00:00,1312.0,1312.0,1312.0,1311.4000244140625,1311.5999755859375,1234
2026-04-28 06:45:00+00:00,1311.5,1311.5,1312.0999755859375,1311.0999755859375,1311.4000244140625,688
2026-04-28 06:46:00+00:00,1311.699951171875,1311.699951171875,1311.699951171875,1310.800048828125,1311.5,953
2026-04-28 06:47:00+00:00,1310.699951171875,1310.699951171875,1311.699951171875,1310.4000244140625,1311.699951171875,1044
2026-04-28 06:48:00+00:00,1311.0999755859375,1311.0999755859375,1311.9000244140625,1310.5,1310.800048828125,1654
2026-04-28 06:49:00+00:00,1309.0999755859375,1309.0999755859375,1311.800048828125,1309.0,1311.800048828125,8147
2026-04-28 06:50:00+00:00,1309.199951171875,1309.199951171875,1309.5,1308.800048828125,1309.0999755859375,5801
2026-04-28 06:51:00+00:00,1307.5999755859375,1307.5999755859375,1309.0999755859375,1307.5999755859375,1309.0999755859375,902
2026-04-28 06:52:00+00:00,1306.800048828125,1306.800048828125,1307.4000244140625,1306.4000244140625,1307.0999755859375,2320
2026-04-28 06:53:00+00:00,1306.699951171875,1306.699951171875,1307.0999755859375,1306.4000244140625,1306.9000244140625,3099
2026-04-28 06:54:00+00:00,1305.5999755859375,1305.5999755859375,1306.5999755859375,1305.0,1306.5999755859375,4150
2026-04-28 06:55:00+00:00,1305.5999755859375,1305.5999755859375,1306.0,1305.0,1305.5999755859375,1688
2026-04-28 06:56:00+00:00,1307.0999755859375,1307.0999755859375,1307.0999755859375,1305.699951171875,1305.699951171875,3711
2026-04-28 06:57:00+00:00,1307.9000244140625,1307.9000244140625,1307.9000244140625,1307.300048828125,1307.5,747
2026-04-28 06:58:00+00:00,1306.300048828125,1306.300048828125,1308.0999755859375,1306.300048828125,1308.0999755859375,1604
2026-04-28 06:59:00+00:00,1306.199951171875,1306.199951171875,1306.699951171875,1306.199951171875,1306.699951171875,381
2026-04-28 07:00:00+00:00,1306.5,1306.5,1306.699951171875,1306.0,1306.300048828125,468
2026-04-28 07:01:00+00:00,1305.5999755859375,1305.5999755859375,1306.699951171875,1305.0999755859375,1306.5,1583
2026-04-28 07:02:00+00:00,1305.9000244140625,1305.9000244140625,1305.9000244140625,1304.9000244140625,1305.5999755859375,1850
2026-04-28 07:03:00+00:00,1306.0,1306.0,1306.199951171875,1305.5999755859375,1305.9000244140625,820
2026-04-28 07:04:00+00:00,1306.699951171875,1306.699951171875,1306.699951171875,1305.5999755859375,1306.0,1592
2026-04-28 07:05:00+00:00,1307.699951171875,1307.699951171875,1308.0,1306.5,1306.699951171875,2424
2026-04-28 07:06:00+00:00,1307.0999755859375,1307.0999755859375,1307.699951171875,1306.300048828125,1307.699951171875,1197
2026-04-28 07:07:00+00:00,1306.5,1306.5,1307.0999755859375,1306.5,1307.0999755859375,875
2026-04-28 07:08:00+00:00,1307.9000244140625,1307.9000244140625,1307.9000244140625,1306.5,1306.5,7412
2026-04-28 07:09:00+00:00,1307.5,1307.5,1308.0,1307.0999755859375,1307.9000244140625,815
2026-04-28 07:10:00+00:00,1307.9000244140625,1307.9000244140625,1308.0999755859375,1307.4000244140625,1307.5,1048
2026-04-28 07:11:00+00:00,1306.5999755859375,1306.5999755859375,1307.800048828125,1306.5999755859375,1307.800048828125,1384
2026-04-28 07:12:00+00:00,1306.9000244140625,1306.9000244140625,1307.300048828125,1306.4000244140625,1307.300048828125,90
2026-04-28 07:13:00+00:00,1307.0,1307.0,1307.0,1306.800048828125,1306.9000244140625,374
2026-04-28 07:14:00+00:00,1307.199951171875,1307.199951171875,1307.199951171875,1306.5999755859375,1307.0,589
2026-04-28 07:15:00+00:00,1307.0,1307.0,1307.0,1306.5999755859375,1306.9000244140625,1405
2026-04-28 07:16:00+00:00,1306.699951171875,1306.699951171875,1307.0,1306.4000244140625,1307.0,459
2026-04-28 07:17:00+00:00,1306.4000244140625,1306.4000244140625,1306.4000244140625,1305.800048828125,1306.4000244140625,245
2026-04-28 07:18:00+00:00,1306.0,1306.0,1306.699951171875,1306.0,1306.4000244140625,618
2026-04-28 07:19:00+00:00,1306.0,1306.0,1306.0,1305.699951171875,1306.0,681
2026-04-28 07:20:00+00:00,1305.800048828125,1305.800048828125,1306.0,1305.699951171875,1306.0,124
2026-04-28 07:21:00+00:00,1306.0,1306.0,1306.0,1305.699951171875,1305.699951171875,330
2026-04-28 07:22:00+00:00,1306.800048828125,1306.800048828125,1306.9000244140625,1305.9000244140625,1306.0,9640
2026-04-28 07:23:00+00:00,1307.4000244140625,1307.4000244140625,1307.5,1306.300048828125,1306.800048828125,813
2026-04-28 07:24:00+00:00,1309.800048828125,1309.800048828125,1310.199951171875,1306.5,1307.0,17476
2026-04-28 07:25:00+00:00,1309.0,1309.0,1309.699951171875,1308.4000244140625,1309.699951171875,1197
2026-04-28 07:26:00+00:00,1305.300048828125,1305.300048828125,1309.0999755859375,1305.300048828125,1309.0,3641
2026-04-28 07:27:00+00:00,1305.300048828125,1305.300048828125,1306.199951171875,1305.0,1305.9000244140625,2608
2026-04-28 07:28:00+00:00,1305.300048828125,1305.300048828125,1305.300048828125,1304.5999755859375,1305.300048828125,841
2026-04-28 07:29:00+00:00,1305.4000244140625,1305.4000244140625,1305.5999755859375,1304.800048828125,1305.300048828125,256
2026-04-28 07:30:00+00:00,1305.699951171875,1305.699951171875,1305.9000244140625,1305.199951171875,1305.4000244140625,590
2026-04-28 07:31:00+00:00,1306.0999755859375,1306.0999755859375,1306.0999755859375,1305.300048828125,1305.699951171875,671
2026-04-28 07:32:00+00:00,1308.0,1308.0,1308.5999755859375,1306.4000244140625,1306.4000244140625,2528
2026-04-28 07:33:00+00:00,1307.800048828125,1307.800048828125,1308.4000244140625,1307.5,1308.4000244140625,1436
2026-04-28 07:34:00+00:00,1308.300048828125,1308.300048828125,1308.800048828125,1307.800048828125,1307.800048828125,18447
2026-04-28 07:35:00+00:00,1309.0999755859375,1309.0999755859375,1309.0999755859375,1308.800048828125,1308.800048828125,6919
2026-04-28 07:36:00+00:00,1309.199951171875,1309.199951171875,1309.5,1309.0,1309.0,5990
2026-04-28 07:37:00+00:00,1308.699951171875,1308.699951171875,1309.199951171875,1308.199951171875,1309.199951171875,1850
2026-04-28 07:38:00+00:00,1309.199951171875,1309.199951171875,1309.800048828125,1308.9000244140625,1309.800048828125,14731
2026-04-28 07:39:00+00:00,1309.4000244140625,1309.4000244140625,1309.4000244140625,1308.800048828125,1309.0,1131
2026-04-28 07:40:00+00:00,1309.0999755859375,1309.0999755859375,1309.4000244140625,1308.800048828125,1309.4000244140625,720
2026-04-28 07:41:00+00:00,1307.9000244140625,1307.9000244140625,1309.199951171875,1307.4000244140625,1309.0999755859375,3903
2026-04-28 07:42:00+00:00,1307.5999755859375,1307.5999755859375,1307.9000244140625,1306.800048828125,1307.9000244140625,6691
2026-04-28 07:43:00+00:00,1306.9000244140625,1306.9000244140625,1307.5999755859375,1306.9000244140625,1307.5999755859375,6577
2026-04-28 07:44:00+00:00,1306.5999755859375,1306.5999755859375,1306.9000244140625,1306.300048828125,1306.9000244140625,1801
2026-04-28 07:45:00+00:00,1306.800048828125,1306.800048828125,1306.800048828125,1306.300048828125,1306.5999755859375,864
2026-04-28 07:46:00+00:00,1306.9000244140625,1306.9000244140625,1306.9000244140625,1306.300048828125,1306.800048828125,937
2026-04-28 07:47:00+00:00,1306.800048828125,1306.800048828125,1306.9000244140625,1306.199951171875,1306.9000244140625,1430
2026-04-28 07:48:00+00:00,1306.5,1306.5,1306.9000244140625,1306.300048828125,1306.800048828125,1356
2026-04-28 07:49:00+00:00,1306.9000244140625,1306.9000244140625,1306.9000244140625,1306.300048828125,1306.800048828125,739
2026-04-28 07:50:00+00:00,1306.699951171875,1306.699951171875,1306.9000244140625,1306.4000244140625,1306.9000244140625,927
2026-04-28 07:51:00+00:00,1306.9000244140625,1306.9000244140625,1306.9000244140625,1306.199951171875,1306.5999755859375,15034
2026-04-28 07:52:00+00:00,1307.4000244140625,1307.4000244140625,1307.4000244140625,1306.9000244140625,1306.9000244140625,4657
2026-04-28 07:53:00+00:00,1307.9000244140625,1307.9000244140625,1307.9000244140625,1307.0999755859375,1307.4000244140625,9303
2026-04-28 07:54:00+00:00,1307.4000244140625,1307.4000244140625,1308.0,1307.4000244140625,1307.9000244140625,6202
2026-04-28 07:55:00+00:00,1307.800048828125,1307.800048828125,1307.9000244140625,1307.4000244140625,1307.4000244140625,1488
2026-04-28 07:56:00+00:00,1307.699951171875,1307.699951171875,1307.800048828125,1307.300048828125,1307.800048828125,957
2026-04-28 07:57:00+00:00,1307.4000244140625,1307.4000244140625,1307.800048828125,1307.300048828125,1307.699951171875,1435
2026-04-28 07:58:00+00:00,1306.199951171875,1306.199951171875,1307.800048828125,1306.199951171875,1307.800048828125,17558
2026-04-28 07:59:00+00:00,1305.0,1305.0,1306.300048828125,1305.0,1306.300048828125,2782
2026-04-28 08:00:00+00:00,1303.699951171875,1303.699951171875,1305.800048828125,1303.699951171875,1305.5,3671
2026-04-28 08:01:00+00:00,1303.699951171875,1303.699951171875,1303.800048828125,1303.0,1303.5999755859375,2644
2026-04-28 08:02:00+00:00,1302.5999755859375,1302.5999755859375,1303.800048828125,1302.4000244140625,1303.800048828125,3684
2026-04-28 08:03:00+00:00,1302.199951171875,1302.199951171875,1302.800048828125,1301.4000244140625,1302.4000244140625,13222
2026-04-28 08:04:00+00:00,1300.5,1300.5,1301.699951171875,1299.800048828125,1301.699951171875,21972
2026-04-28 08:05:00+00:00,1298.699951171875,1298.699951171875,1300.5999755859375,1298.699951171875,1300.4000244140625,11655
2026-04-28 08:06:00+00:00,1298.9000244140625,1298.9000244140625,1299.9000244140625,1296.5999755859375,1299.0999755859375,22028
2026-04-28 08:07:00+00:00,1299.0,1299.0,1299.5999755859375,1298.5,1298.9000244140625,2622
2026-04-28 08:08:00+00:00,1297.699951171875,1297.699951171875,1298.699951171875,1297.699951171875,1298.5999755859375,2924
2026-04-28 08:09:00+00:00,1297.800048828125,1297.800048828125,1298.4000244140625,1297.800048828125,1298.0,1216
2026-04-28 08:10:00+00:00,1297.5999755859375,1297.5999755859375,1298.0,1297.5,1297.800048828125,2947
2026-04-28 08:11:00+00:00,1298.699951171875,1298.699951171875,1298.699951171875,1297.5999755859375,1297.5999755859375,1506
2026-04-28 08:12:00+00:00,1301.5999755859375,1301.5999755859375,1301.5999755859375,1300.699951171875,1300.699951171875,11291
2026-04-28 08:13:00+00:00,1300.5,1300.5,1301.5999755859375,1300.0,1301.5999755859375,1503
2026-04-28 08:14:00+00:00,1300.0999755859375,1300.0999755859375,1300.800048828125,1300.0,1300.5,2097
2026-04-28 08:15:00+00:00,1300.5,1300.5,1300.5,1300.0999755859375,1300.4000244140625,784
2026-04-28 08:16:00+00:00,1300.300048828125,1300.300048828125,1300.800048828125,1300.0,1300.5,2396
2026-04-28 08:17:00+00:00,1300.4000244140625,1300.4000244140625,1300.5,1300.0,1300.300048828125,126
2026-04-28 08:18:00+00:00,1300.5,1300.5,1300.5,1300.0,1300.4000244140625,309
2026-04-28 08:19:00+00:00,1300.300048828125,1300.300048828125,1300.5,1300.0,1300.0,171
2026-04-28 08:20:00+00:00,1300.5,1300.5,1300.9000244140625,1300.0,1300.0,501
2026-04-28 08:21:00+00:00,1300.9000244140625,1300.9000244140625,1301.0999755859375,1300.5,1300.9000244140625,397
2026-04-28 08:22:00+00:00,1300.199951171875,1300.199951171875,1301.0,1300.0,1300.9000244140625,3463
2026-04-28 08:23:00+00:00,1300.0999755859375,1300.0999755859375,1301.199951171875,1300.0,1300.0,2602
2026-04-28 08:24:00+00:00,1299.199951171875,1299.199951171875,1300.199951171875,1298.300048828125,1300.0,22970
2026-04-28 08:25:00+00:00,1299.9000244140625,1299.9000244140625,1299.9000244140625,1298.199951171875,1299.0,2933
2026-04-28 08:26:00+00:00,1300.300048828125,1300.300048828125,1300.5999755859375,1299.800048828125,1299.9000244140625,1968
2026-04-28 08:27:00+00:00,1298.4000244140625,1298.4000244140625,1300.300048828125,1298.300048828125,1300.300048828125,4834
2026-04-28 08:28:00+00:00,1299.199951171875,1299.199951171875,1299.9000244140625,1298.5999755859375,1298.5999755859375,2269
2026-04-28 08:29:00+00:00,1301.4000244140625,1301.4000244140625,1301.4000244140625,1298.5999755859375,1299.0999755859375,6780
2026-04-28 08:30:00+00:00,1300.800048828125,1300.800048828125,1301.300048828125,1300.800048828125,1300.9000244140625,726
2026-04-28 08:31:00+00:00,1301.199951171875,1301.199951171875,1301.300048828125,1300.5,1301.199951171875,1647
2026-04-28 08:32:00+00:00,1302.5999755859375,1302.5999755859375,1302.5999755859375,1301.199951171875,1301.199951171875,1559
2026-04-28 08:33:00+00:00,1302.699951171875,1302.699951171875,1303.0,1301.800048828125,1302.5999755859375,1414
2026-04-28 08:34:00+00:00,1303.9000244140625,1303.9000244140625,1304.4000244140625,1302.5,1302.699951171875,24155
2026-04-28 08:35:00+00:00,1302.0,1302.0,1303.9000244140625,1301.9000244140625,1303.9000244140625,1985
2026-04-28 08:36:00+00:00,1302.4000244140625,1302.4000244140625,1302.699951171875,1301.0999755859375,1302.0,1516
2026-04-28 08:37:00+00:00,1302.0999755859375,1302.0999755859375,1302.800048828125,1301.5,1302.4000244140625,1279
2026-04-28 08:38:00+00:00,1301.699951171875,1301.699951171875,1302.0999755859375,1301.300048828125,1302.0,751
2026-04-28 08:39:00+00:00,1301.5,1301.5,1301.699951171875,1300.5999755859375,1301.699951171875,1071
2026-04-28 08:40:00+00:00,1301.199951171875,1301.199951171875,1301.199951171875,1300.5999755859375,1300.800048828125,3795
2026-04-28 08:41:00+00:00,1300.800048828125,1300.800048828125,1301.0,1300.300048828125,1301.0,1007
2026-04-28 08:42:00+00:00,1301.300048828125,1301.300048828125,1301.4000244140625,1300.300048828125,1300.300048828125,1807
2026-04-28 08:43:00+00:00,1301.699951171875,1301.699951171875,1301.9000244140625,1301.300048828125,1301.300048828125,4333
2026-04-28 08:44:00+00:00,1300.300048828125,1300.300048828125,1301.699951171875,1299.5,1301.699951171875,3856
2026-04-28 08:45:00+00:00,1300.800048828125,1300.800048828125,1300.800048828125,1299.5999755859375,1300.300048828125,3161
2026-04-28 08:46:00+00:00,1300.199951171875,1300.199951171875,1301.0,1299.699951171875,1300.800048828125,2305
2026-04-28 08:47:00+00:00,1300.4000244140625,1300.4000244140625,1300.4000244140625,1300.0,1300.199951171875,2190
2026-04-28 08:48:00+00:00,1301.0,1301.0,1301.0,1300.0999755859375,1300.4000244140625,3642
2026-04-28 08:49:00+00:00,1301.0999755859375,1301.0999755859375,1301.0999755859375,1300.0999755859375,1301.0,1354
2026-04-28 08:50:00+00:00,1301.0,1301.0,1301.199951171875,1300.5999755859375,1300.800048828125,1208
2026-04-28 08:51:00+00:00,1301.300048828125,1301.300048828125,1301.300048828125,1300.5,1301.0,1140
2026-04-28 08:52:00+00:00,1301.5999755859375,1301.5999755859375,1301.5999755859375,1301.0,1301.300048828125,968
2026-04-28 08:53:00+00:00,1302.0,1302.0,1302.5999755859375,1301.9000244140625,1301.9000244140625,1078
2026-04-28 08:54:00+00:00,1301.4000244140625,1301.4000244140625,1301.699951171875,1300.800048828125,1301.699951171875,1565
2026-04-28 08:55:00+00:00,1301.0,1301.0,1301.5999755859375,1300.800048828125,1301.5999755859375,680
2026-04-28 08:56:00+00:00,1301.5999755859375,1301.5999755859375,1301.5999755859375,1301.0,1301.0,796
2026-04-28 08:57:00+00:00,1301.800048828125,1301.800048828125,1301.800048828125,1301.0999755859375,1301.5999755859375,815
2026-04-28 08:58:00+00:00,1301.800048828125,1301.800048828125,1301.9000244140625,1301.199951171875,1301.5,2276
2026-04-28 08:59:00+00:00,1301.9000244140625,1301.9000244140625,1301.9000244140625,1300.9000244140625,1301.800048828125,3761
2026-04-28 09:00:00+00:00,1302.4000244140625,1302.4000244140625,1302.4000244140625,1301.4000244140625,1301.4000244140625,3176
2026-04-28 09:01:00+00:00,1303.5,1303.5,1303.800048828125,1302.199951171875,1302.4000244140625,2624
2026-04-28 09:02:00+00:00,1302.699951171875,1302.699951171875,1303.5999755859375,1302.300048828125,1303.5999755859375,4776
2026-04-28 09:03:00+00:00,1303.0,1303.0,1303.0999755859375,1302.5,1302.699951171875,596
2026-04-28 09:04:00+00:00,1302.5999755859375,1302.5999755859375,1303.4000244140625,1302.5,1303.0,3376
2026-04-28 09:05:00+00:00,1304.300048828125,1304.300048828125,1304.300048828125,1302.5999755859375,1302.5999755859375,904
2026-04-28 09:06:00+00:00,1304.9000244140625,1304.9000244140625,1304.9000244140625,1303.9000244140625,1303.9000244140625,1339
2026-04-28 09:07:00+00:00,1305.5,1305.5,1305.5,1304.699951171875,1305.0,3467
2026-04-28 09:08:00+00:00,1305.300048828125,1305.300048828125,1305.5,1305.199951171875,1305.4000244140625,2870
2026-04-28 09:09:00+00:00,1305.5999755859375,1305.5999755859375,1305.5999755859375,1304.5,1305.300048828125,2870
2026-04-28 09:10:00+00:00,1305.5,1305.5,1305.5999755859375,1305.199951171875,1305.5999755859375,2005
2026-04-28 09:11:00+00:00,1306.0,1306.0,1306.0,1305.5,1305.5,1925
2026-04-28 09:12:00+00:00,1305.4000244140625,1305.4000244140625,1305.9000244140625,1305.4000244140625,1305.4000244140625,1212
2026-04-28 09:13:00+00:00,1305.4000244140625,1305.4000244140625,1305.4000244140625,1304.699951171875,1305.199951171875,918
2026-04-28 09:14:00+00:00,1306.5999755859375,1306.5999755859375,1306.800048828125,1305.0999755859375,1305.4000244140625,9509
2026-04-28 09:15:00+00:00,1306.5,1306.5,1306.5,1306.0,1306.0,5493
2026-04-28 09:16:00+00:00,1308.0,1308.0,1308.0,1306.4000244140625,1306.4000244140625,6803
2026-04-28 09:17:00+00:00,1309.0,1309.0,1309.0,1307.5,1308.0,6506
2026-04-28 09:18:00+00:00,1309.199951171875,1309.199951171875,1309.699951171875,1308.9000244140625,1308.9000244140625,9859
2026-04-28 09:19:00+00:00,1307.9000244140625,1307.9000244140625,1309.699951171875,1307.9000244140625,1309.5,16408
2026-04-28 09:20:00+00:00,1309.0,1309.0,1309.0,1307.4000244140625,1307.4000244140625,3231
2026-04-28 09:21:00+00:00,1308.199951171875,1308.199951171875,1309.0,1307.9000244140625,1309.0,2224
2026-04-28 09:22:00+00:00,1308.800048828125,1308.800048828125,1308.800048828125,1308.0,1308.0999755859375,1456
2026-04-28 09:23:00+00:00,1308.5999755859375,1308.5999755859375,1308.800048828125,1308.0999755859375,1308.699951171875,2855
2026-04-28 09:24:00+00:00,1309.199951171875,1309.199951171875,1309.800048828125,1308.5,1308.5999755859375,3935
2026-04-28 09:25:00+00:00,1307.699951171875,1307.699951171875,1308.699951171875,1306.800048828125,1308.699951171875,3633
2026-04-28 09:26:00+00:00,1308.5,1308.5,1308.5,1307.5,1308.0,2537
2026-04-28 09:27:00+00:00,1307.0999755859375,1307.0999755859375,1308.0999755859375,1307.0999755859375,1308.0999755859375,1067
2026-04-28 09:28:00+00:00,1308.4000244140625,1308.4000244140625,1308.4000244140625,1307.0999755859375,1307.0999755859375,3396
2026-04-28 09:29:00+00:00,1307.0999755859375,1307.0999755859375,1308.800048828125,1307.0999755859375,1308.4000244140625,5027
2026-04-28 09:30:00+00:00,1306.5999755859375,1306.5999755859375,1310.0,1306.4000244140625,1308.5999755859375,23834
2026-04-28 09:31:00+00:00,1306.5999755859375,1306.5999755859375,1307.800048828125,1306.4000244140625,1307.300048828125,12530
2026-04-28 09:32:00+00:00,1306.300048828125,1306.300048828125,1306.5999755859375,1305.699951171875,1306.5999755859375,5855
2026-04-28 09:33:00+00:00,1306.699951171875,1306.699951171875,1306.800048828125,1305.9000244140625,1306.300048828125,5705
2026-04-28 09:34:00+00:00,1305.0,1305.0,1306.5,1305.0,1306.199951171875,9780
2026-04-28 09:35:00+00:00,1305.0,1305.0,1305.300048828125,1305.0,1305.300048828125,5235
2026-04-28 09:36:00+00:00,1304.9000244140625,1304.9000244140625,1305.0999755859375,1304.800048828125,1305.0999755859375,4547
2026-04-28 09:37:00+00:00,1303.9000244140625,1303.9000244140625,1304.9000244140625,1303.800048828125,1304.699951171875,5019
2026-04-28 09:38:00+00:00,1304.300048828125,1304.300048828125,1304.4000244140625,1303.9000244140625,1303.9000244140625,4465
2026-04-28 09:39:00+00:00,1304.699951171875,1304.699951171875,1304.699951171875,1304.300048828125,1304.300048828125,3233
2026-04-28 09:40:00+00:00,1305.0,1305.0,1305.0,1304.699951171875,1304.699951171875,7403
2026-04-28 09:41:00+00:00,1305.0,1305.0,1305.0,1304.9000244140625,1305.0,1697
2026-04-28 09:42:00+00:00,1305.5,1305.5,1305.5,1305.0,1305.0,9222
2026-04-28 09:43:00+00:00,1306.5,1306.5,1306.5,1305.5,1305.5,6483
2026-04-28 09:44:00+00:00,1307.4000244140625,1307.4000244140625,1307.4000244140625,1306.5,1306.5,3551
2026-04-28 09:45:00+00:00,1305.9000244140625,1305.9000244140625,1307.4000244140625,1305.9000244140625,1307.199951171875,13810
2026-04-28 09:46:00+00:00,1306.9000244140625,1306.9000244140625,1306.9000244140625,1305.300048828125,1305.9000244140625,18822
2026-04-28 09:47:00+00:00,1306.9000244140625,1306.9000244140625,1306.9000244140625,1306.800048828125,1306.9000244140625,5040
2026-04-28 09:48:00+00:00,1306.800048828125,1306.800048828125,1306.9000244140625,1306.699951171875,1306.699951171875,8607
2026-04-28 09:49:00+00:00,1305.9000244140625,1305.9000244140625,1306.699951171875,1305.9000244140625,1306.699951171875,21001
2026-04-28 09:50:00+00:00,1306.199951171875,1306.199951171875,1306.199951171875,1305.800048828125,1305.800048828125,9474
2026-04-28 09:51:00+00:00,1306.0,1306.0,1306.5,1306.0,1306.5,5745
2026-04-28 09:52:00+00:00,1306.0999755859375,1306.0999755859375,1306.0999755859375,1305.9000244140625,1306.0,2726
2026-04-28 09:53:00+00:00,1305.9000244140625,1305.9000244140625,1306.0,1305.9000244140625,1305.9000244140625,6680
2026-04-28 09:54:00+00:00,1305.9000244140625,1305.9000244140625,1306.4000244140625,1304.4000244140625,1305.199951171875,25950
2026-04-28 09:55:00+00:00,1306.5999755859375,1306.5999755859375,1306.800048828125,1305.4000244140625,1306.5,9268
2026-04-28 09:56:00+00:00,1309.0,1309.0,1309.5,1306.199951171875,1306.5999755859375,22877
2026-04-28 09:57:00+00:00,1309.199951171875,1309.199951171875,1309.699951171875,1308.300048828125,1309.0999755859375,12168
2026-04-28 09:58:00+00:00,1310.0,1310.0,1310.0,1308.0,1309.199951171875,8605
2026-04-28 09:59:00+00:00,1306.5,1306.5,1311.0,1306.5,1309.5999755859375,5622
2026-04-29 03:45:00+00:00,1312.5,1312.5,1314.5999755859375,1310.5,1314.5999755859375,0
2026-04-29 03:46:00+00:00,1312.5,1312.5,1313.5,1312.300048828125,1312.800048828125,5102
2026-04-29 03:47:00+00:00,1312.699951171875,1312.699951171875,1313.5999755859375,1311.9000244140625,1312.5999755859375,7385
2026-04-29 03:48:00+00:00,1310.0,1310.0,1312.5999755859375,1310.0,1312.5999755859375,1750
2026-04-29 03:49:00+00:00,1308.800048828125,1308.800048828125,1311.0,1307.9000244140625,1311.0,3165
2026-04-29 03:50:00+00:00,1310.300048828125,1310.300048828125,1310.9000244140625,1309.699951171875,1309.699951171875,9421
2026-04-29 03:51:00+00:00,1309.9000244140625,1309.9000244140625,1310.0,1308.4000244140625,1310.0,9489
2026-04-29 03:52:00+00:00,1310.800048828125,1310.800048828125,1310.800048828125,1310.0,1310.199951171875,946
2026-04-29 03:53:00+00:00,1310.699951171875,1310.699951171875,1311.5999755859375,1309.0,1310.9000244140625,5554
2026-04-29 03:54:00+00:00,1313.199951171875,1313.199951171875,1313.199951171875,1310.699951171875,1310.699951171875,2802
2026-04-29 03:55:00+00:00,1313.9000244140625,1313.9000244140625,1313.9000244140625,1313.0999755859375,1313.0999755859375,2003
2026-04-29 03:56:00+00:00,1316.9000244140625,1316.9000244140625,1316.9000244140625,1314.0,1314.0,5545
2026-04-29 03:57:00+00:00,1314.5999755859375,1314.5999755859375,1317.5,1314.300048828125,1317.0,4680
2026-04-29 03:58:00+00:00,1315.199951171875,1315.199951171875,1315.9000244140625,1314.0,1315.199951171875,2966
2026-04-29 03:59:00+00:00,1315.9000244140625,1315.9000244140625,1316.0999755859375,1315.0,1315.699951171875,918
2026-04-29 04:00:00+00:00,1316.0,1316.0,1316.0,1314.5,1315.4000244140625,3327
2026-04-29 04:01:00+00:00,1317.4000244140625,1317.4000244140625,1317.4000244140625,1316.800048828125,1316.800048828125,3910
2026-04-29 04:02:00+00:00,1317.5999755859375,1317.5999755859375,1317.9000244140625,1317.199951171875,1317.199951171875,1649
2026-04-29 04:03:00+00:00,1314.5999755859375,1314.5999755859375,1318.0,1314.5999755859375,1317.5,10988
2026-04-29 04:04:00+00:00,1316.5999755859375,1316.5999755859375,1316.5999755859375,1314.699951171875,1314.699951171875,4863
2026-04-29 04:05:00+00:00,1319.4000244140625,1319.4000244140625,1319.4000244140625,1316.699951171875,1316.699951171875,5505
2026-04-29 04:06:00+00:00,1319.199951171875,1319.199951171875,1319.300048828125,1317.9000244140625,1319.300048828125,4453
2026-04-29 04:07:00+00:00,1320.0,1320.0,1320.5,1319.0999755859375,1319.4000244140625,6845
2026-04-29 04:08:00+00:00,1320.5999755859375,1320.5999755859375,1321.0999755859375,1320.0,1320.0,8000
2026-04-29 04:09:00+00:00,1320.5,1320.5,1320.5999755859375,1319.9000244140625,1320.0999755859375,4947
2026-04-29 04:10:00+00:00,1320.0,1320.0,1320.800048828125,1319.5,1320.5999755859375,8811
2026-04-29 04:11:00+00:00,1320.0,1320.0,1320.699951171875,1319.300048828125,1320.4000244140625,5921
2026-04-29 04:12:00+00:00,1320.5999755859375,1320.5999755859375,1320.5999755859375,1320.0999755859375,1320.0999755859375,7278
2026-04-29 04:13:00+00:00,1320.0999755859375,1320.0999755859375,1320.800048828125,1320.0,1320.5999755859375,6130
2026-04-29 04:14:00+00:00,1320.4000244140625,1320.4000244140625,1320.5999755859375,1320.0,1320.5999755859375,2343
2026-04-29 04:15:00+00:00,1320.9000244140625,1320.9000244140625,1320.9000244140625,1319.9000244140625,1319.9000244140625,4270
2026-04-29 04:16:00+00:00,1319.5,1319.5,1320.199951171875,1319.5,1319.5,6312
2026-04-29 04:17:00+00:00,1318.9000244140625,1318.9000244140625,1320.199951171875,1318.9000244140625,1319.5999755859375,3795
2026-04-29 04:18:00+00:00,1319.9000244140625,1319.9000244140625,1320.300048828125,1319.4000244140625,1319.4000244140625,1327
2026-04-29 04:19:00+00:00,1320.300048828125,1320.300048828125,1320.5999755859375,1319.800048828125,1320.300048828125,1458
2026-04-29 04:20:00+00:00,1319.5999755859375,1319.5999755859375,1320.0999755859375,1319.199951171875,1320.0999755859375,790
2026-04-29 04:21:00+00:00,1320.0,1320.0,1320.0999755859375,1319.800048828125,1319.800048828125,2043
2026-04-29 04:22:00+00:00,1320.0,1320.0,1320.699951171875,1320.0,1320.0,1578
2026-04-29 04:23:00+00:00,1320.0,1320.0,1320.0,1319.199951171875,1320.0,1422
2026-04-29 04:24:00+00:00,1320.199951171875,1320.199951171875,1320.300048828125,1319.5,1320.0,2942
2026-04-29 04:25:00+00:00,1320.199951171875,1320.199951171875,1320.199951171875,1319.800048828125,1320.0,717
2026-04-29 04:26:00+00:00,1320.0,1320.0,1320.300048828125,1319.800048828125,1320.199951171875,700
2026-04-29 04:27:00+00:00,1319.4000244140625,1319.4000244140625,1320.0999755859375,1319.4000244140625,1320.0999755859375,1217
2026-04-29 04:28:00+00:00,1319.9000244140625,1319.9000244140625,1319.9000244140625,1319.300048828125,1319.9000244140625,376
2026-04-29 04:29:00+00:00,1319.5,1319.5,1319.9000244140625,1319.300048828125,1319.9000244140625,223
2026-04-29 04:30:00+00:00,1319.0,1319.0,1319.4000244140625,1319.0,1319.4000244140625,1423
2026-04-29 04:31:00+00:00,1320.0,1320.0,1320.0,1319.199951171875,1319.4000244140625,3035
2026-04-29 04:32:00+00:00,1319.0999755859375,1319.0999755859375,1320.0,1319.0999755859375,1320.0,1791
2026-04-29 04:33:00+00:00,1318.800048828125,1318.800048828125,1319.5999755859375,1318.5,1318.9000244140625,5057
2026-04-29 04:34:00+00:00,1319.5,1319.5,1319.5999755859375,1319.0,1319.0999755859375,1444
2026-04-29 04:35:00+00:00,1319.5,1319.5,1319.800048828125,1319.300048828125,1319.5,547
2026-04-29 04:36:00+00:00,1318.5999755859375,1318.5999755859375,1319.5,1318.5999755859375,1319.4000244140625,1251
2026-04-29 04:37:00+00:00,1318.800048828125,1318.800048828125,1319.300048828125,1318.4000244140625,1319.300048828125,1902
2026-04-29 04:38:00+00:00,1318.0999755859375,1318.0999755859375,1318.699951171875,1318.0999755859375,1318.5999755859375,417
2026-04-29 04:39:00+00:00,1318.199951171875,1318.199951171875,1318.5,1317.4000244140625,1318.0999755859375,1993
2026-04-29 04:40:00+00:00,1317.5,1317.5,1318.199951171875,1316.199951171875,1318.199951171875,1778
2026-04-29 04:41:00+00:00,1319.0,1319.0,1319.0,1316.800048828125,1317.300048828125,2160
2026-04-29 04:42:00+00:00,1318.5,1318.5,1319.0,1318.5,1318.800048828125,807
2026-04-29 04:43:00+00:00,1319.4000244140625,1319.4000244140625,1319.4000244140625,1317.699951171875,1318.5,1498
2026-04-29 04:44:00+00:00,1318.800048828125,1318.800048828125,1319.4000244140625,1318.5,1319.4000244140625,1747
2026-04-29 04:45:00+00:00,1319.0,1319.0,1319.300048828125,1318.699951171875,1319.300048828125,805
2026-04-29 04:46:00+00:00,1319.300048828125,1319.300048828125,1319.300048828125,1318.199951171875,1319.0,1281
2026-04-29 04:47:00+00:00,1320.5999755859375,1320.5999755859375,1320.5999755859375,1319.300048828125,1319.300048828125,4149
2026-04-29 04:48:00+00:00,1321.5,1321.5,1321.5,1320.699951171875,1320.800048828125,4041
2026-04-29 04:49:00+00:00,1320.199951171875,1320.199951171875,1321.5,1320.199951171875,1321.5,2076
2026-04-29 04:50:00+00:00,1320.800048828125,1320.800048828125,1320.800048828125,1319.9000244140625,1320.199951171875,1713
2026-04-29 04:51:00+00:00,1320.199951171875,1320.199951171875,1320.800048828125,1319.800048828125,1320.800048828125,2802
2026-04-29 04:52:00+00:00,1319.5999755859375,1319.5999755859375,1319.800048828125,1319.0,1319.800048828125,246
2026-04-29 04:53:00+00:00,1319.5999755859375,1319.5999755859375,1319.5999755859375,1319.0999755859375,1319.5999755859375,1515
2026-04-29 04:54:00+00:00,1319.5,1319.5,1320.199951171875,1319.5,1319.5,2576
2026-04-29 04:55:00+00:00,1319.5,1319.5,1320.0,1319.5,1319.5,416
2026-04-29 04:56:00+00:00,1320.0,1320.0,1320.0,1319.5,1319.5,1661
2026-04-29 04:57:00+00:00,1320.5999755859375,1320.5999755859375,1320.5999755859375,1320.0,1320.0,1932
2026-04-29 04:58:00+00:00,1320.800048828125,1320.800048828125,1321.0,1320.199951171875,1320.699951171875,889
2026-04-29 04:59:00+00:00,1320.9000244140625,1320.9000244140625,1321.0,1320.0,1320.800048828125,2003
2026-04-29 05:00:00+00:00,1320.0999755859375,1320.0999755859375,1320.9000244140625,1320.0999755859375,1320.9000244140625,906
2026-04-29 05:01:00+00:00,1320.4000244140625,1320.4000244140625,1320.9000244140625,1320.0999755859375,1320.0999755859375,6035
2026-04-29 05:02:00+00:00,1320.800048828125,1320.800048828125,1320.9000244140625,1320.5999755859375,1320.800048828125,87
2026-04-29 05:03:00+00:00,1320.0,1320.0,1320.800048828125,1320.0,1320.800048828125,1983
2026-04-29 05:04:00+00:00,1320.4000244140625,1320.4000244140625,1320.5999755859375,1320.0,1320.5999755859375,2974
2026-04-29 05:05:00+00:00,1320.0,1320.0,1320.4000244140625,1320.0,1320.4000244140625,307
2026-04-29 05:06:00+00:00,1320.4000244140625,1320.4000244140625,1320.4000244140625,1319.9000244140625,1320.4000244140625,526
2026-04-29 05:07:00+00:00,1320.0,1320.0,1320.4000244140625,1320.0,1320.4000244140625,461
2026-04-29 05:08:00+00:00,1320.4000244140625,1320.4000244140625,1320.4000244140625,1320.0,1320.0,1103
2026-04-29 05:09:00+00:00,1320.0,1320.0,1320.5999755859375,1320.0,1320.4000244140625,579
2026-04-29 05:10:00+00:00,1320.199951171875,1320.199951171875,1320.800048828125,1320.199951171875,1320.5999755859375,485
2026-04-29 05:11:00+00:00,1320.0,1320.0,1320.699951171875,1320.0,1320.199951171875,410
2026-04-29 05:12:00+00:00,1319.9000244140625,1319.9000244140625,1320.5,1319.9000244140625,1320.0,342
2026-04-29 05:13:00+00:00,1319.4000244140625,1319.4000244140625,1319.9000244140625,1319.4000244140625,1319.9000244140625,1399
2026-04-29 05:14:00+00:00,1319.300048828125,1319.300048828125,1319.9000244140625,1319.300048828125,1319.800048828125,391
2026-04-29 05:15:00+00:00,1319.800048828125,1319.800048828125,1320.199951171875,1319.300048828125,1319.300048828125,2217
2026-04-29 05:16:00+00:00,1320.300048828125,1320.300048828125,1320.300048828125,1319.800048828125,1319.800048828125,688
2026-04-29 05:17:00+00:00,1320.0,1320.0,1320.300048828125,1319.9000244140625,1319.9000244140625,545
2026-04-29 05:18:00+00:00,1320.300048828125,1320.300048828125,1320.300048828125,1319.800048828125,1320.0,237
2026-04-29 05:19:00+00:00,1320.0,1320.0,1320.300048828125,1319.5999755859375,1320.0,629
2026-04-29 05:20:00+00:00,1320.0,1320.0,1320.199951171875,1319.5,1320.0,1455
2026-04-29 05:21:00+00:00,1320.199951171875,1320.199951171875,1320.199951171875,1319.9000244140625,1320.0,701
2026-04-29 05:22:00+00:00,1319.0,1319.0,1320.300048828125,1318.800048828125,1320.199951171875,10545
2026-04-29 05:23:00+00:00,1319.5,1319.5,1319.699951171875,1319.0,1319.0,1205
2026-04-29 05:24:00+00:00,1319.0,1319.0,1319.5999755859375,1319.0,1319.5,1274
2026-04-29 05:25:00+00:00,1319.199951171875,1319.199951171875,1319.300048828125,1318.699951171875,1319.0,1121
2026-04-29 05:26:00+00:00,1319.0,1319.0,1319.199951171875,1318.199951171875,1319.199951171875,1707
2026-04-29 05:27:00+00:00,1317.0,1317.0,1319.0,1317.0,1319.0,7983
2026-04-29 05:28:00+00:00,1316.699951171875,1316.699951171875,1317.300048828125,1316.699951171875,1317.0,1717
2026-04-29 05:29:00+00:00,1317.4000244140625,1317.4000244140625,1317.4000244140625,1316.800048828125,1317.199951171875,567
2026-04-29 05:30:00+00:00,1316.5,1316.5,1316.5,1315.699951171875,1315.9000244140625,7797
2026-04-29 05:31:00+00:00,1316.699951171875,1316.699951171875,1316.699951171875,1316.0999755859375,1316.5,374
2026-04-29 05:32:00+00:00,1316.9000244140625,1316.9000244140625,1316.9000244140625,1316.300048828125,1316.699951171875,391
2026-04-29 05:33:00+00:00,1316.9000244140625,1316.9000244140625,1316.9000244140625,1316.5999755859375,1316.9000244140625,347
2026-04-29 05:34:00+00:00,1317.699951171875,1317.699951171875,1317.699951171875,1317.0999755859375,1317.300048828125,997
2026-04-29 05:35:00+00:00,1317.300048828125,1317.300048828125,1317.4000244140625,1316.5999755859375,1317.4000244140625,432
2026-04-29 05:36:00+00:00,1317.4000244140625,1317.4000244140625,1317.4000244140625,1317.0999755859375,1317.0999755859375,127
2026-04-29 05:37:00+00:00,1317.300048828125,1317.300048828125,1317.5,1316.5999755859375,1317.0999755859375,610
2026-04-29 05:38:00+00:00,1316.5999755859375,1316.5999755859375,1317.4000244140625,1316.5,1317.300048828125,1686
2026-04-29 05:39:00+00:00,1316.5999755859375,1316.5999755859375,1316.699951171875,1315.9000244140625,1316.5999755859375,866
2026-04-29 05:40:00+00:00,1315.9000244140625,1315.9000244140625,1316.699951171875,1315.800048828125,1316.699951171875,1013
2026-04-29 05:41:00+00:00,1315.800048828125,1315.800048828125,1315.9000244140625,1315.300048828125,1315.9000244140625,272
2026-04-29 05:42:00+00:00,1316.800048828125,1316.800048828125,1316.800048828125,1315.9000244140625,1315.9000244140625,2321
2026-04-29 05:43:00+00:00,1316.0,1316.0,1317.699951171875,1316.0,1317.0,2586
2026-04-29 05:44:00+00:00,1315.800048828125,1315.800048828125,1315.9000244140625,1315.4000244140625,1315.9000244140625,447
2026-04-29 05:45:00+00:00,1315.800048828125,1315.800048828125,1315.9000244140625,1315.5,1315.800048828125,461
2026-04-29 05:46:00+00:00,1316.0,1316.0,1316.0999755859375,1315.5999755859375,1315.5999755859375,1070
2026-04-29 05:47:00+00:00,1316.0999755859375,1316.0999755859375,1316.4000244140625,1315.9000244140625,1315.9000244140625,847
2026-04-29 05:48:00+00:00,1316.5,1316.5,1316.5,1316.0999755859375,1316.0999755859375,227
2026-04-29 05:49:00+00:00,1316.5,1316.5,1316.5,1316.4000244140625,1316.5,478
2026-04-29 05:50:00+00:00,1316.5,1316.5,1316.5,1316.0,1316.5,532
2026-04-29 05:51:00+00:00,1316.5999755859375,1316.5999755859375,1316.5999755859375,1316.5,1316.5,898
2026-04-29 05:52:00+00:00,1316.5999755859375,1316.5999755859375,1317.0,1316.5999755859375,1316.5999755859375,701
2026-04-29 05:53:00+00:00,1317.300048828125,1317.300048828125,1317.300048828125,1316.5999755859375,1316.5999755859375,474
2026-04-29 05:54:00+00:00,1317.199951171875,1317.199951171875,1317.4000244140625,1317.199951171875,1317.199951171875,185
2026-04-29 05:55:00+00:00,1317.5,1317.5,1317.5999755859375,1317.199951171875,1317.4000244140625,397
2026-04-29 05:56:00+00:00,1317.9000244140625,1317.9000244140625,1317.9000244140625,1317.5,1317.5999755859375,118
2026-04-29 05:57:00+00:00,1317.4000244140625,1317.4000244140625,1317.9000244140625,1316.9000244140625,1317.9000244140625,5012
2026-04-29 05:58:00+00:00,1317.199951171875,1317.199951171875,1317.300048828125,1316.9000244140625,1317.0,312
2026-04-29 05:59:00+00:00,1317.4000244140625,1317.4000244140625,1317.4000244140625,1317.0999755859375,1317.300048828125,376
2026-04-29 06:00:00+00:00,1318.0,1318.0,1318.0,1317.4000244140625,1317.4000244140625,1117
2026-04-29 06:01:00+00:00,1318.0,1318.0,1318.0,1317.5999755859375,1318.0,415
2026-04-29 06:02:00+00:00,1317.5,1317.5,1318.300048828125,1317.300048828125,1318.300048828125,1529
2026-04-29 06:03:00+00:00,1317.5999755859375,1317.5999755859375,1317.5999755859375,1317.199951171875,1317.5,267
2026-04-29 06:04:00+00:00,1316.9000244140625,1316.9000244140625,1317.5999755859375,1316.5,1317.199951171875,1133
2026-04-29 06:05:00+00:00,1317.199951171875,1317.199951171875,1317.199951171875,1316.4000244140625,1316.9000244140625,916
2026-04-29 06:06:00+00:00,1317.199951171875,1317.199951171875,1317.199951171875,1316.5,1316.9000244140625,3415
2026-04-29 06:07:00+00:00,1317.5999755859375,1317.5999755859375,1317.5999755859375,1317.0999755859375,1317.199951171875,285
2026-04-29 06:08:00+00:00,1318.300048828125,1318.300048828125,1318.300048828125,1317.0999755859375,1317.5999755859375,2066
2026-04-29 06:09:00+00:00,1319.0999755859375,1319.0999755859375,1319.0999755859375,1318.5999755859375,1318.5999755859375,5414
2026-04-29 06:10:00+00:00,1319.0999755859375,1319.0999755859375,1319.0999755859375,1318.5,1318.5,1207
2026-04-29 06:11:00+00:00,1318.800048828125,1318.800048828125,1318.9000244140625,1318.5999755859375,1318.699951171875,1505
2026-04-29 06:12:00+00:00,1318.5,1318.5,1318.800048828125,1318.0,1318.800048828125,378
2026-04-29 06:13:00+00:00,1318.800048828125,1318.800048828125,1318.800048828125,1318.5,1318.5,406
2026-04-29 06:14:00+00:00,1318.5999755859375,1318.5999755859375,1318.699951171875,1318.199951171875,1318.699951171875,216
2026-04-29 06:15:00+00:00,1319.0,1319.0,1319.0,1318.5,1318.699951171875,990
2026-04-29 06:16:00+00:00,1318.5999755859375,1318.5999755859375,1319.0,1318.5,1318.800048828125,498
2026-04-29 06:17:00+00:00,1317.800048828125,1317.800048828125,1318.800048828125,1317.5999755859375,1318.5,2560
2026-04-29 06:18:00+00:00,1318.0,1318.0,1318.0,1317.5999755859375,1317.800048828125,961
2026-04-29 06:19:00+00:00,1318.0,1318.0,1318.0,1317.699951171875,1318.0,267
2026-04-29 06:20:00+00:00,1318.0,1318.0,1318.0,1317.699951171875,1317.699951171875,189
2026-04-29 06:21:00+00:00,1317.5999755859375,1317.5999755859375,1317.800048828125,1317.0,1317.800048828125,1188
2026-04-29 06:22:00+00:00,1317.4000244140625,1317.4000244140625,1317.5999755859375,1317.0999755859375,1317.5999755859375,38
2026-04-29 06:23:00+00:00,1317.5999755859375,1317.5999755859375,1317.5999755859375,1317.300048828125,1317.4000244140625,940
2026-04-29 06:24:00+00:00,1317.800048828125,1317.800048828125,1317.800048828125,1317.5,1317.800048828125,101
2026-04-29 06:25:00+00:00,1317.800048828125,1317.800048828125,1317.800048828125,1317.5999755859375,1317.800048828125,362
2026-04-29 06:26:00+00:00,1317.800048828125,1317.800048828125,1317.800048828125,1317.699951171875,1317.800048828125,567
2026-04-29 06:27:00+00:00,1317.800048828125,1317.800048828125,1317.800048828125,1317.699951171875,1317.800048828125,225
2026-04-29 06:28:00+00:00,1317.699951171875,1317.699951171875,1317.800048828125,1317.699951171875,1317.800048828125,291
2026-04-29 06:29:00+00:00,1318.0,1318.0,1318.0,1317.699951171875,1317.9000244140625,562
2026-04-29 06:30:00+00:00,1318.0,1318.0,1318.199951171875,1317.699951171875,1318.0,236
2026-04-29 06:31:00+00:00,1318.0,1318.0,1318.0,1317.5999755859375,1318.0,174
2026-04-29 06:32:00+00:00,1318.0,1318.0,1318.0,1317.5999755859375,1318.0,157
2026-04-29 06:33:00+00:00,1318.0,1318.0,1318.0,1317.5999755859375,1318.0,549
2026-04-29 06:34:00+00:00,1318.0,1318.0,1318.0,1317.800048828125,1318.0,24
2026-04-29 06:35:00+00:00,1318.0,1318.0,1318.0,1317.800048828125,1318.0,112
2026-04-29 06:36:00+00:00,1318.0,1318.0,1318.0,1317.800048828125,1318.0,273
2026-04-29 06:37:00+00:00,1318.0,1318.0,1318.0,1317.4000244140625,1317.5,5396
2026-04-29 06:38:00+00:00,1317.4000244140625,1317.4000244140625,1318.0,1317.300048828125,1317.5,173
2026-04-29 06:39:00+00:00,1317.199951171875,1317.199951171875,1318.0,1317.199951171875,1317.9000244140625,625
2026-04-29 06:40:00+00:00,1317.5999755859375,1317.5999755859375,1317.5999755859375,1317.0999755859375,1317.5999755859375,372
2026-04-29 06:41:00+00:00,1317.800048828125,1317.800048828125,1317.800048828125,1317.5,1317.5999755859375,2598
2026-04-29 06:42:00+00:00,1318.0,1318.0,1318.0,1317.699951171875,1317.800048828125,506
2026-04-29 06:43:00+00:00,1317.5,1317.5,1318.0,1317.5,1318.0,618
2026-04-29 06:44:00+00:00,1317.0,1317.0,1317.800048828125,1316.9000244140625,1317.800048828125,3738
2026-04-29 06:45:00+00:00,1317.0,1317.0,1317.0,1316.5999755859375,1317.0,32
2026-04-29 06:46:00+00:00,1317.199951171875,1317.199951171875,1317.199951171875,1316.5999755859375,1317.0,1347
2026-04-29 06:47:00+00:00,1316.800048828125,1316.800048828125,1317.199951171875,1316.800048828125,1317.199951171875,932
2026-04-29 06:48:00+00:00,1316.199951171875,1316.199951171875,1316.800048828125,1316.0,1316.800048828125,1303
2026-04-29 06:49:00+00:00,1316.0,1316.0,1316.199951171875,1316.0,1316.199951171875,3119
2026-04-29 06:50:00+00:00,1316.0,1316.0,1316.199951171875,1315.300048828125,1316.0,5222
2026-04-29 06:51:00+00:00,1316.0,1316.0,1316.0,1315.5999755859375,1316.0,217
2026-04-29 06:52:00+00:00,1318.300048828125,1318.300048828125,1318.4000244140625,1316.0,1316.0,5456
2026-04-29 06:53:00+00:00,1318.0999755859375,1318.0999755859375,1318.5,1317.800048828125,1318.300048828125,1878
2026-04-29 06:54:00+00:00,1318.5,1318.5,1318.5,1318.0999755859375,1318.5,0
2026-04-29 06:55:00+00:00,1318.5999755859375,1318.5999755859375,1318.5999755859375,1318.5,1318.5,291
2026-04-29 06:56:00+00:00,1318.4000244140625,1318.4000244140625,1318.5999755859375,1318.0999755859375,1318.5999755859375,545
2026-04-29 06:57:00+00:00,1318.0,1318.0,1318.5,1318.0,1318.4000244140625,2699
2026-04-29 06:58:00+00:00,1318.0,1318.0,1318.199951171875,1318.0,1318.199951171875,647
2026-04-29 06:59:00+00:00,1317.9000244140625,1317.9000244140625,1318.0,1317.699951171875,1318.0,138
2026-04-29 07:00:00+00:00,1317.5,1317.5,1317.9000244140625,1317.0,1317.9000244140625,2153
2026-04-29 07:01:00+00:00,1317.9000244140625,1317.9000244140625,1317.9000244140625,1317.5,1317.5,656
2026-04-29 07:02:00+00:00,1317.699951171875,1317.699951171875,1317.9000244140625,1317.5999755859375,1317.9000244140625,89
2026-04-29 07:03:00+00:00,1317.699951171875,1317.699951171875,1317.800048828125,1317.699951171875,1317.800048828125,506
2026-04-29 07:04:00+00:00,1317.699951171875,1317.699951171875,1317.800048828125,1317.4000244140625,1317.800048828125,651
2026-04-29 07:05:00+00:00,1317.5999755859375,1317.5999755859375,1317.699951171875,1317.5999755859375,1317.699951171875,234
2026-04-29 07:06:00+00:00,1317.5999755859375,1317.5999755859375,1317.5999755859375,1317.5,1317.5999755859375,684
2026-04-29 07:07:00+00:00,1317.5999755859375,1317.5999755859375,1317.5999755859375,1317.0,1317.5999755859375,350
2026-04-29 07:08:00+00:00,1317.5999755859375,1317.5999755859375,1317.5999755859375,1317.0999755859375,1317.5999755859375,47
2026-04-29 07:09:00+00:00,1317.4000244140625,1317.4000244140625,1317.5999755859375,1316.9000244140625,1317.5999755859375,651
2026-04-29 07:10:00+00:00,1317.0999755859375,1317.0999755859375,1317.4000244140625,1317.0,1317.4000244140625,920
2026-04-29 07:11:00+00:00,1316.5,1316.5,1317.199951171875,1316.4000244140625,1317.0,1202
2026-04-29 07:12:00+00:00,1316.5,1316.5,1317.0,1316.0,1317.0,288
2026-04-29 07:13:00+00:00,1315.9000244140625,1315.9000244140625,1316.5,1315.800048828125,1316.5,1288
2026-04-29 07:14:00+00:00,1316.300048828125,1316.300048828125,1316.4000244140625,1316.0,1316.4000244140625,1059
2026-04-29 07:15:00+00:00,1316.0,1316.0,1316.300048828125,1316.0,1316.300048828125,190
2026-04-29 07:16:00+00:00,1315.9000244140625,1315.9000244140625,1316.0,1315.4000244140625,1316.0,140
2026-04-29 07:17:00+00:00,1315.9000244140625,1315.9000244140625,1315.9000244140625,1315.4000244140625,1315.9000244140625,79
2026-04-29 07:18:00+00:00,1316.0,1316.0,1316.0,1315.9000244140625,1315.9000244140625,578
2026-04-29 07:19:00+00:00,1317.199951171875,1317.199951171875,1317.199951171875,1315.4000244140625,1316.0,5027
2026-04-29 07:20:00+00:00,1317.5,1317.5,1317.9000244140625,1317.0999755859375,1317.800048828125,983
2026-04-29 07:21:00+00:00,1316.5,1316.5,1317.5,1316.5,1317.5,349
2026-04-29 07:22:00+00:00,1316.9000244140625,1316.9000244140625,1316.9000244140625,1316.5,1316.800048828125,356
2026-04-29 07:23:00+00:00,1316.5999755859375,1316.5999755859375,1316.9000244140625,1316.5999755859375,1316.9000244140625,740
2026-04-29 07:24:00+00:00,1317.0,1317.0,1317.0,1316.9000244140625,1316.9000244140625,358
2026-04-29 07:25:00+00:00,1315.699951171875,1315.699951171875,1317.0,1315.0,1317.0,28356
2026-04-29 07:26:00+00:00,1315.4000244140625,1315.4000244140625,1315.699951171875,1315.0999755859375,1315.0999755859375,3891
2026-04-29 07:27:00+00:00,1315.5999755859375,1315.5999755859375,1315.5999755859375,1315.0999755859375,1315.300048828125,3839
2026-04-29 07:28:00+00:00,1315.4000244140625,1315.4000244140625,1315.5,1315.300048828125,1315.300048828125,573
2026-04-29 07:29:00+00:00,1315.5,1315.5,1315.699951171875,1315.0999755859375,1315.4000244140625,1754
2026-04-29 07:30:00+00:00,1315.0999755859375,1315.0999755859375,1315.5,1315.0999755859375,1315.5,1313
2026-04-29 07:31:00+00:00,1315.199951171875,1315.199951171875,1315.4000244140625,1315.0999755859375,1315.4000244140625,406
2026-04-29 07:32:00+00:00,1315.199951171875,1315.199951171875,1315.199951171875,1315.0999755859375,1315.199951171875,4154
2026-04-29 07:33:00+00:00,1314.5999755859375,1314.5999755859375,1315.199951171875,1314.199951171875,1315.199951171875,17934
2026-04-29 07:34:00+00:00,1314.5999755859375,1314.5999755859375,1315.0999755859375,1314.5,1314.5999755859375,2964
2026-04-29 07:35:00+00:00,1315.0999755859375,1315.0999755859375,1315.199951171875,1314.5999755859375,1315.0,6697
2026-04-29 07:36:00+00:00,1315.0999755859375,1315.0999755859375,1315.199951171875,1315.0999755859375,1315.0999755859375,4459
2026-04-29 07:37:00+00:00,1315.9000244140625,1315.9000244140625,1315.9000244140625,1315.0999755859375,1315.199951171875,4517
2026-04-29 07:38:00+00:00,1316.0,1316.0,1316.5,1315.9000244140625,1316.0999755859375,1241
2026-04-29 07:39:00+00:00,1315.199951171875,1315.199951171875,1316.300048828125,1315.199951171875,1316.300048828125,1118
2026-04-29 07:40:00+00:00,1315.199951171875,1315.199951171875,1315.199951171875,1315.0999755859375,1315.0999755859375,1593
2026-04-29 07:41:00+00:00,1315.300048828125,1315.300048828125,1315.5999755859375,1315.300048828125,1315.300048828125,1066
2026-04-29 07:42:00+00:00,1316.9000244140625,1316.9000244140625,1317.199951171875,1315.199951171875,1315.300048828125,4540
2026-04-29 07:43:00+00:00,1317.4000244140625,1317.4000244140625,1317.5999755859375,1316.9000244140625,1317.0999755859375,1062
2026-04-29 07:44:00+00:00,1318.199951171875,1318.199951171875,1318.199951171875,1317.5,1317.699951171875,5174
2026-04-29 07:45:00+00:00,1317.199951171875,1317.199951171875,1318.300048828125,1317.199951171875,1318.199951171875,424
2026-04-29 07:46:00+00:00,1317.5,1317.5,1317.800048828125,1317.0999755859375,1317.800048828125,897
2026-04-29 07:47:00+00:00,1317.800048828125,1317.800048828125,1317.800048828125,1317.300048828125,1317.5999755859375,889
2026-04-29 07:48:00+00:00,1318.9000244140625,1318.9000244140625,1319.0,1317.300048828125,1317.300048828125,2552
2026-04-29 07:49:00+00:00,1318.4000244140625,1318.4000244140625,1318.4000244140625,1318.0,1318.199951171875,2109
2026-04-29 07:50:00+00:00,1318.199951171875,1318.199951171875,1318.699951171875,1318.199951171875,1318.5,386
2026-04-29 07:51:00+00:00,1318.199951171875,1318.199951171875,1318.699951171875,1318.199951171875,1318.5999755859375,332
2026-04-29 07:52:00+00:00,1317.800048828125,1317.800048828125,1318.5999755859375,1317.800048828125,1318.5999755859375,5273
2026-04-29 07:53:00+00:00,1318.5,1318.5,1318.5,1318.0,1318.5,815
2026-04-29 07:54:00+00:00,1318.300048828125,1318.300048828125,1318.5,1317.5999755859375,1318.5,844
2026-04-29 07:55:00+00:00,1317.9000244140625,1317.9000244140625,1318.300048828125,1317.4000244140625,1318.300048828125,564
2026-04-29 07:56:00+00:00,1318.0,1318.0,1318.0999755859375,1317.4000244140625,1317.9000244140625,1937
2026-04-29 07:57:00+00:00,1318.0999755859375,1318.0999755859375,1318.199951171875,1318.0,1318.199951171875,330
2026-04-29 07:58:00+00:00,1318.199951171875,1318.199951171875,1318.4000244140625,1317.5999755859375,1318.0999755859375,1208
2026-04-29 07:59:00+00:00,1318.0999755859375,1318.0999755859375,1318.199951171875,1317.699951171875,1318.0,1717
2026-04-29 08:00:00+00:00,1318.0999755859375,1318.0999755859375,1318.0999755859375,1317.5999755859375,1317.9000244140625,360
2026-04-29 08:01:00+00:00,1317.4000244140625,1317.4000244140625,1318.199951171875,1317.4000244140625,1318.0999755859375,596
2026-04-29 08:02:00+00:00,1317.4000244140625,1317.4000244140625,1317.9000244140625,1317.4000244140625,1317.699951171875,429
2026-04-29 08:03:00+00:00,1317.0,1317.0,1317.699951171875,1317.0,1317.5999755859375,587
2026-04-29 08:04:00+00:00,1317.5,1317.5,1317.5,1317.0,1317.300048828125,289
2026-04-29 08:05:00+00:00,1317.0999755859375,1317.0999755859375,1317.5,1317.0,1317.300048828125,436
2026-04-29 08:06:00+00:00,1317.300048828125,1317.300048828125,1317.5,1317.0,1317.5,636
2026-04-29 08:07:00+00:00,1317.0,1317.0,1317.5,1317.0,1317.300048828125,3150
2026-04-29 08:08:00+00:00,1316.9000244140625,1316.9000244140625,1317.0,1316.0999755859375,1316.0999755859375,6583
2026-04-29 08:09:00+00:00,1316.300048828125,1316.300048828125,1317.0999755859375,1316.300048828125,1317.0,7319
2026-04-29 08:10:00+00:00,1316.300048828125,1316.300048828125,1316.300048828125,1316.0,1316.199951171875,1929
2026-04-29 08:11:00+00:00,1316.0,1316.0,1316.300048828125,1316.0,1316.0,1262
2026-04-29 08:12:00+00:00,1316.5,1316.5,1316.5999755859375,1315.5999755859375,1316.300048828125,6244
2026-04-29 08:13:00+00:00,1315.699951171875,1315.699951171875,1316.4000244140625,1315.699951171875,1316.300048828125,609
2026-04-29 08:14:00+00:00,1315.699951171875,1315.699951171875,1316.300048828125,1315.699951171875,1316.199951171875,1200
2026-04-29 08:15:00+00:00,1316.199951171875,1316.199951171875,1316.699951171875,1316.0,1316.0999755859375,5085
2026-04-29 08:16:00+00:00,1315.5999755859375,1315.5999755859375,1316.199951171875,1315.5999755859375,1316.0999755859375,4990
2026-04-29 08:17:00+00:00,1316.0,1316.0,1316.300048828125,1315.5999755859375,1316.0999755859375,1296
2026-04-29 08:18:00+00:00,1316.199951171875,1316.199951171875,1316.300048828125,1316.0,1316.0,544
2026-04-29 08:19:00+00:00,1317.0999755859375,1317.0999755859375,1317.0999755859375,1316.0,1316.199951171875,5859
2026-04-29 08:20:00+00:00,1317.0999755859375,1317.0999755859375,1317.0999755859375,1316.800048828125,1317.0,377
2026-04-29 08:21:00+00:00,1316.699951171875,1316.699951171875,1317.0999755859375,1316.699951171875,1317.0999755859375,526
2026-04-29 08:22:00+00:00,1316.699951171875,1316.699951171875,1317.0,1316.699951171875,1317.0,301
2026-04-29 08:23:00+00:00,1316.9000244140625,1316.9000244140625,1317.0,1316.699951171875,1316.9000244140625,587
2026-04-29 08:24:00+00:00,1316.9000244140625,1316.9000244140625,1317.0999755859375,1316.9000244140625,1317.0,438
2026-04-29 08:25:00+00:00,1317.300048828125,1317.300048828125,1317.300048828125,1316.9000244140625,1317.0999755859375,1201
2026-04-29 08:26:00+00:00,1316.5999755859375,1316.5999755859375,1317.5999755859375,1316.5,1317.300048828125,11926
2026-04-29 08:27:00+00:00,1316.5999755859375,1316.5999755859375,1317.0,1316.5,1316.800048828125,784
2026-04-29 08:28:00+00:00,1317.199951171875,1317.199951171875,1317.199951171875,1316.5,1316.5,2201
2026-04-29 08:29:00+00:00,1316.5,1316.5,1317.5,1316.5,1317.5,2880
2026-04-29 08:30:00+00:00,1316.800048828125,1316.800048828125,1317.0999755859375,1316.5999755859375,1316.800048828125,1282
2026-04-29 08:31:00+00:00,1316.9000244140625,1316.9000244140625,1316.9000244140625,1316.4000244140625,1316.800048828125,430
2026-04-29 08:32:00+00:00,1316.199951171875,1316.199951171875,1316.9000244140625,1316.0,1316.9000244140625,725
2026-04-29 08:33:00+00:00,1316.5999755859375,1316.5999755859375,1316.5999755859375,1316.0,1316.199951171875,4798
2026-04-29 08:34:00+00:00,1316.0999755859375,1316.0999755859375,1316.5999755859375,1316.0,1316.5999755859375,18753
2026-04-29 08:35:00+00:00,1316.300048828125,1316.300048828125,1316.5,1315.9000244140625,1316.5,1635
2026-04-29 08:36:00+00:00,1316.9000244140625,1316.9000244140625,1316.9000244140625,1316.0,1316.0,2667
2026-04-29 08:37:00+00:00,1317.800048828125,1317.800048828125,1317.800048828125,1317.0999755859375,1317.5,1938
2026-04-29 08:38:00+00:00,1317.300048828125,1317.300048828125,1317.5,1317.0,1317.5,889
2026-04-29 08:39:00+00:00,1316.800048828125,1316.800048828125,1317.0,1316.5,1316.5,840
2026-04-29 08:40:00+00:00,1316.800048828125,1316.800048828125,1316.9000244140625,1316.5999755859375,1316.800048828125,307
2026-04-29 08:41:00+00:00,1317.9000244140625,1317.9000244140625,1317.9000244140625,1316.5,1316.800048828125,2916
2026-04-29 08:42:00+00:00,1317.5999755859375,1317.5999755859375,1318.0,1317.199951171875,1317.699951171875,1116
2026-04-29 08:43:00+00:00,1317.5,1317.5,1317.5999755859375,1317.5,1317.5999755859375,29
2026-04-29 08:44:00+00:00,1318.0,1318.0,1318.0,1317.199951171875,1317.4000244140625,1422
2026-04-29 08:45:00+00:00,1318.0,1318.0,1318.0999755859375,1317.4000244140625,1318.0,1409
2026-04-29 08:46:00+00:00,1318.0999755859375,1318.0999755859375,1318.199951171875,1317.4000244140625,1318.0,906
2026-04-29 08:47:00+00:00,1317.699951171875,1317.699951171875,1318.199951171875,1317.5,1318.199951171875,877
2026-04-29 08:48:00+00:00,1318.0,1318.0,1318.0999755859375,1317.800048828125,1317.800048828125,1038
2026-04-29 08:49:00+00:00,1317.0,1317.0,1317.5999755859375,1317.0,1317.5,1713
2026-04-29 08:50:00+00:00,1317.5999755859375,1317.5999755859375,1317.5999755859375,1317.0,1317.300048828125,1562
2026-04-29 08:51:00+00:00,1317.5999755859375,1317.5999755859375,1318.0999755859375,1317.5999755859375,1317.699951171875,2756
2026-04-29 08:52:00+00:00,1317.199951171875,1317.199951171875,1317.5,1317.199951171875,1317.199951171875,1131
2026-04-29 08:53:00+00:00,1317.5999755859375,1317.5999755859375,1317.5999755859375,1316.800048828125,1317.5,3021
2026-04-29 08:54:00+00:00,1318.0,1318.0,1318.0,1317.199951171875,1317.5999755859375,2734
2026-04-29 08:55:00+00:00,1317.5999755859375,1317.5999755859375,1318.0,1317.5,1317.9000244140625,971
2026-04-29 08:56:00+00:00,1317.699951171875,1317.699951171875,1318.0,1317.699951171875,1318.0,1238
2026-04-29 08:57:00+00:00,1318.800048828125,1318.800048828125,1318.800048828125,1317.800048828125,1318.0999755859375,4587
2026-04-29 08:58:00+00:00,1317.800048828125,1317.800048828125,1318.699951171875,1317.800048828125,1318.699951171875,1406
2026-04-29 08:59:00+00:00,1318.5,1318.5,1318.5,1317.5,1317.5,2035
2026-04-29 09:00:00+00:00,1319.0,1319.0,1319.0,1317.9000244140625,1317.9000244140625,1735
2026-04-29 09:01:00+00:00,1319.300048828125,1319.300048828125,1319.4000244140625,1319.0,1319.0,1810
2026-04-29 09:02:00+00:00,1319.9000244140625,1319.9000244140625,1319.9000244140625,1319.300048828125,1319.300048828125,2301
2026-04-29 09:03:00+00:00,1319.5,1319.5,1320.0,1319.300048828125,1320.0,3298
2026-04-29 09:04:00+00:00,1320.0,1320.0,1320.0,1319.5,1319.699951171875,1193
2026-04-29 09:05:00+00:00,1320.0,1320.0,1320.0,1319.699951171875,1320.0,1310
2026-04-29 09:06:00+00:00,1320.199951171875,1320.199951171875,1320.199951171875,1319.800048828125,1319.800048828125,1255
2026-04-29 09:07:00+00:00,1320.9000244140625,1320.9000244140625,1320.9000244140625,1320.300048828125,1320.300048828125,4181
2026-04-29 09:08:00+00:00,1321.0,1321.0,1321.5,1320.5999755859375,1320.5999755859375,6175
2026-04-29 09:09:00+00:00,1321.0,1321.0,1321.0999755859375,1320.800048828125,1321.0,1243
2026-04-29 09:10:00+00:00,1321.0999755859375,1321.0999755859375,1321.0999755859375,1320.699951171875,1320.699951171875,1262
2026-04-29 09:11:00+00:00,1321.5,1321.5,1321.9000244140625,1321.0999755859375,1321.4000244140625,4533
2026-04-29 09:12:00+00:00,1321.300048828125,1321.300048828125,1322.0,1320.5999755859375,1321.4000244140625,6360
2026-04-29 09:13:00+00:00,1321.199951171875,1321.199951171875,1321.4000244140625,1320.699951171875,1321.300048828125,2061
2026-04-29 09:14:00+00:00,1321.4000244140625,1321.4000244140625,1321.4000244140625,1320.699951171875,1320.699951171875,2224
2026-04-29 09:15:00+00:00,1320.0999755859375,1320.0999755859375,1321.4000244140625,1320.0999755859375,1320.800048828125,1620
2026-04-29 09:16:00+00:00,1318.9000244140625,1318.9000244140625,1320.0,1318.199951171875,1320.0,7119
2026-04-29 09:17:00+00:00,1319.199951171875,1319.199951171875,1319.199951171875,1318.5999755859375,1319.0999755859375,1393
2026-04-29 09:18:00+00:00,1319.9000244140625,1319.9000244140625,1319.9000244140625,1319.5,1319.5,2282
2026-04-29 09:19:00+00:00,1319.4000244140625,1319.4000244140625,1320.0,1319.4000244140625,1319.9000244140625,1766
2026-04-29 09:20:00+00:00,1319.4000244140625,1319.4000244140625,1319.5999755859375,1319.199951171875,1319.300048828125,1593
2026-04-29 09:21:00+00:00,1318.699951171875,1318.699951171875,1319.699951171875,1318.699951171875,1319.5999755859375,1769
2026-04-29 09:22:00+00:00,1318.5999755859375,1318.5999755859375,1319.5999755859375,1318.0999755859375,1319.199951171875,5097
2026-04-29 09:23:00+00:00,1318.699951171875,1318.699951171875,1319.199951171875,1318.4000244140625,1318.4000244140625,3777
2026-04-29 09:24:00+00:00,1318.800048828125,1318.800048828125,1319.199951171875,1318.5999755859375,1319.199951171875,2287
2026-04-29 09:25:00+00:00,1318.5,1318.5,1318.5,1318.0999755859375,1318.5,1333
2026-04-29 09:26:00+00:00,1317.9000244140625,1317.9000244140625,1318.699951171875,1317.9000244140625,1318.5,2890
2026-04-29 09:27:00+00:00,1318.300048828125,1318.300048828125,1318.5,1317.9000244140625,1318.0,3829
2026-04-29 09:28:00+00:00,1318.199951171875,1318.199951171875,1318.300048828125,1317.300048828125,1318.300048828125,3093
2026-04-29 09:29:00+00:00,1317.800048828125,1317.800048828125,1318.199951171875,1317.5,1318.199951171875,1852
2026-04-29 09:30:00+00:00,1318.0,1318.0,1318.0999755859375,1317.4000244140625,1317.4000244140625,5609
2026-04-29 09:31:00+00:00,1318.5,1318.5,1318.800048828125,1317.9000244140625,1317.9000244140625,3094
2026-04-29 09:32:00+00:00,1317.699951171875,1317.699951171875,1318.9000244140625,1317.5999755859375,1318.5999755859375,6186
2026-04-29 09:33:00+00:00,1317.800048828125,1317.800048828125,1318.0,1317.4000244140625,1317.5999755859375,2182
2026-04-29 09:34:00+00:00,1317.5999755859375,1317.5999755859375,1317.9000244140625,1317.5,1317.5999755859375,2556
2026-04-29 09:35:00+00:00,1317.0,1317.0,1317.9000244140625,1317.0,1317.5999755859375,4245
2026-04-29 09:36:00+00:00,1317.0,1317.0,1317.4000244140625,1316.800048828125,1316.800048828125,2165
2026-04-29 09:37:00+00:00,1317.4000244140625,1317.4000244140625,1317.5999755859375,1316.9000244140625,1317.0999755859375,3577
2026-04-29 09:38:00+00:00,1317.800048828125,1317.800048828125,1318.0,1317.4000244140625,1317.4000244140625,2766
2026-04-29 09:39:00+00:00,1317.800048828125,1317.800048828125,1317.800048828125,1317.4000244140625,1317.5999755859375,2620
2026-04-29 09:40:00+00:00,1316.800048828125,1316.800048828125,1317.800048828125,1316.800048828125,1317.5999755859375,6999
2026-04-29 09:41:00+00:00,1317.199951171875,1317.199951171875,1317.300048828125,1317.0,1317.300048828125,5178
2026-04-29 09:42:00+00:00,1318.4000244140625,1318.4000244140625,1318.4000244140625,1317.300048828125,1317.300048828125,8339
2026-04-29 09:43:00+00:00,1319.0999755859375,1319.0999755859375,1319.4000244140625,1318.300048828125,1318.300048828125,11858
2026-04-29 09:44:00+00:00,1318.300048828125,1318.300048828125,1319.800048828125,1317.5,1319.4000244140625,12096
2026-04-29 09:45:00+00:00,1318.199951171875,1318.199951171875,1318.9000244140625,1317.699951171875,1318.9000244140625,8656
2026-04-29 09:46:00+00:00,1317.4000244140625,1317.4000244140625,1317.4000244140625,1317.199951171875,1317.199951171875,7957
2026-04-29 09:47:00+00:00,1317.300048828125,1317.300048828125,1317.800048828125,1317.0,1317.199951171875,8172
2026-04-29 09:48:00+00:00,1317.5,1317.5,1317.800048828125,1317.0999755859375,1317.4000244140625,7082
2026-04-29 09:49:00+00:00,1317.800048828125,1317.800048828125,1318.4000244140625,1317.5999755859375,1318.4000244140625,11568
2026-04-29 09:50:00+00:00,1318.4000244140625,1318.4000244140625,1318.4000244140625,1317.5,1317.800048828125,9261
2026-04-29 09:51:00+00:00,1318.0999755859375,1318.0999755859375,1318.5999755859375,1317.5999755859375,1317.5999755859375,8234
2026-04-29 09:52:00+00:00,1318.199951171875,1318.199951171875,1318.300048828125,1317.5,1317.9000244140625,9188
2026-04-29 09:53:00+00:00,1318.0,1318.0,1318.300048828125,1317.699951171875,1318.300048828125,8761
2026-04-29 09:54:00+00:00,1318.0999755859375,1318.0999755859375,1318.4000244140625,1318.0,1318.199951171875,10128
2026-04-29 09:55:00+00:00,1318.0,1318.0,1318.0999755859375,1317.4000244140625,1318.0999755859375,9112
2026-04-29 09:56:00+00:00,1317.0999755859375,1317.0999755859375,1317.9000244140625,1316.4000244140625,1317.9000244140625,9184
2026-04-29 09:57:00+00:00,1316.0999755859375,1316.0999755859375,1317.800048828125,1316.0999755859375,1316.800048828125,15315
2026-04-29 09:58:00+00:00,1315.800048828125,1315.800048828125,1317.0,1314.4000244140625,1317.0,19883
2026-04-29 09:59:00+00:00,1318.699951171875,1318.699951171875,1318.9000244140625,1313.0,1315.800048828125,6003
2026-04-30 03:45:00+00:00,1317.300048828125,1317.300048828125,1319.0,1310.199951171875,1317.699951171875,0
2026-04-30 03:46:00+00:00,1315.800048828125,1315.800048828125,1318.300048828125,1315.800048828125,1317.199951171875,12134
2026-04-30 03:47:00+00:00,1315.199951171875,1315.199951171875,1316.5999755859375,1314.5,1314.5,8756
2026-04-30 03:48:00+00:00,1314.5999755859375,1314.5999755859375,1315.800048828125,1313.9000244140625,1315.800048828125,11724
2026-04-30 03:49:00+00:00,1312.5999755859375,1312.5999755859375,1314.9000244140625,1312.5999755859375,1314.5999755859375,7029
2026-04-30 03:50:00+00:00,1313.199951171875,1313.199951171875,1314.4000244140625,1313.199951171875,1314.4000244140625,4232
2026-04-30 03:51:00+00:00,1311.5999755859375,1311.5999755859375,1313.0,1311.0999755859375,1313.0,6048
2026-04-30 03:52:00+00:00,1311.300048828125,1311.300048828125,1311.9000244140625,1310.9000244140625,1311.0999755859375,7108
2026-04-30 03:53:00+00:00,1311.5999755859375,1311.5999755859375,1313.800048828125,1311.5999755859375,1313.0,4029
2026-04-30 03:54:00+00:00,1312.800048828125,1312.800048828125,1313.300048828125,1311.5,1312.0999755859375,5112
2026-04-30 03:55:00+00:00,1310.5999755859375,1310.5999755859375,1312.5,1310.5,1312.5,8283
2026-04-30 03:56:00+00:00,1311.0999755859375,1311.0999755859375,1311.0999755859375,1309.0999755859375,1310.0999755859375,21675
2026-04-30 03:57:00+00:00,1311.4000244140625,1311.4000244140625,1311.800048828125,1310.5999755859375,1311.800048828125,5754
2026-04-30 03:58:00+00:00,1313.300048828125,1313.300048828125,1315.0999755859375,1313.300048828125,1314.0,3632
2026-04-30 03:59:00+00:00,1313.9000244140625,1313.9000244140625,1314.0,1312.9000244140625,1313.0999755859375,2006
2026-04-30 04:00:00+00:00,1313.4000244140625,1313.4000244140625,1313.5,1312.800048828125,1313.4000244140625,2848
2026-04-30 04:01:00+00:00,1314.5,1314.5,1315.5,1313.0999755859375,1313.0999755859375,2906
2026-04-30 04:02:00+00:00,1316.0,1316.0,1316.300048828125,1314.9000244140625,1315.4000244140625,2980
2026-04-30 04:03:00+00:00,1315.800048828125,1315.800048828125,1316.300048828125,1315.800048828125,1315.800048828125,1979
2026-04-30 04:04:00+00:00,1317.0,1317.0,1317.0,1315.800048828125,1315.800048828125,2853
2026-04-30 04:05:00+00:00,1314.9000244140625,1314.9000244140625,1316.699951171875,1314.4000244140625,1316.699951171875,3121
2026-04-30 04:06:00+00:00,1314.5,1314.5,1315.4000244140625,1313.5999755859375,1315.4000244140625,4002
2026-04-30 04:07:00+00:00,1315.5999755859375,1315.5999755859375,1316.0,1314.199951171875,1314.800048828125,3573
2026-04-30 04:08:00+00:00,1319.800048828125,1319.800048828125,1319.800048828125,1315.9000244140625,1315.9000244140625,7133
2026-04-30 04:09:00+00:00,1319.5999755859375,1319.5999755859375,1319.9000244140625,1319.0,1319.800048828125,5005
2026-04-30 04:10:00+00:00,1320.0,1320.0,1320.0,1318.5999755859375,1319.0,4057
2026-04-30 04:11:00+00:00,1321.0,1321.0,1321.0999755859375,1318.5999755859375,1320.4000244140625,3980
2026-04-30 04:12:00+00:00,1321.5,1321.5,1321.5999755859375,1320.300048828125,1320.800048828125,6334
2026-04-30 04:13:00+00:00,1325.0,1325.0,1325.0,1321.5,1322.0,20504
2026-04-30 04:14:00+00:00,1325.300048828125,1325.300048828125,1325.5999755859375,1323.5,1325.199951171875,20095
2026-04-30 04:15:00+00:00,1327.199951171875,1327.199951171875,1327.300048828125,1325.0,1325.0,16958
2026-04-30 04:16:00+00:00,1329.0999755859375,1329.0999755859375,1329.300048828125,1326.5999755859375,1327.300048828125,23219
2026-04-30 04:17:00+00:00,1328.5,1328.5,1329.0,1327.300048828125,1328.800048828125,15543
2026-04-30 04:18:00+00:00,1328.800048828125,1328.800048828125,1328.800048828125,1327.300048828125,1328.5,9349
2026-04-30 04:19:00+00:00,1329.199951171875,1329.199951171875,1329.5999755859375,1328.699951171875,1328.800048828125,14350
2026-04-30 04:20:00+00:00,1328.199951171875,1328.199951171875,1329.5,1327.0999755859375,1329.199951171875,15239
2026-04-30 04:21:00+00:00,1326.199951171875,1326.199951171875,1328.0,1325.4000244140625,1328.0,10309
2026-04-30 04:22:00+00:00,1324.300048828125,1324.300048828125,1326.800048828125,1324.300048828125,1326.300048828125,13220
2026-04-30 04:23:00+00:00,1323.5,1323.5,1325.300048828125,1323.5,1324.5,10442
2026-04-30 04:24:00+00:00,1324.0999755859375,1324.0999755859375,1324.9000244140625,1323.5999755859375,1323.5999755859375,4497
2026-04-30 04:25:00+00:00,1325.0,1325.0,1325.0,1323.5999755859375,1323.5999755859375,4781
2026-04-30 04:26:00+00:00,1324.0999755859375,1324.0999755859375,1325.0,1324.0,1325.0,3130
2026-04-30 04:27:00+00:00,1322.5999755859375,1322.5999755859375,1324.699951171875,1322.5999755859375,1324.0999755859375,6330
2026-04-30 04:28:00+00:00,1322.0,1322.0,1323.0,1321.5,1322.5,9041
2026-04-30 04:29:00+00:00,1321.5,1321.5,1322.300048828125,1321.0,1322.0,5174
2026-04-30 04:30:00+00:00,1320.199951171875,1320.199951171875,1321.4000244140625,1320.199951171875,1321.300048828125,6469
2026-04-30 04:31:00+00:00,1320.300048828125,1320.300048828125,1321.4000244140625,1320.0,1320.5999755859375,25639
2026-04-30 04:32:00+00:00,1320.300048828125,1320.300048828125,1320.699951171875,1320.0,1320.699951171875,3117
2026-04-30 04:33:00+00:00,1319.699951171875,1319.699951171875,1320.0,1319.4000244140625,1320.0,1890
2026-04-30 04:34:00+00:00,1317.5999755859375,1317.5999755859375,1319.5999755859375,1317.5999755859375,1319.4000244140625,8409
2026-04-30 04:35:00+00:00,1319.699951171875,1319.699951171875,1320.5,1317.300048828125,1317.300048828125,9790
2026-04-30 04:36:00+00:00,1319.0,1319.0,1319.800048828125,1318.199951171875,1319.800048828125,2072
2026-04-30 04:37:00+00:00,1318.0999755859375,1318.0999755859375,1318.800048828125,1318.0999755859375,1318.300048828125,1026
2026-04-30 04:38:00+00:00,1318.300048828125,1318.300048828125,1318.5,1318.0,1318.4000244140625,2512
2026-04-30 04:39:00+00:00,1317.5,1317.5,1318.5,1317.0,1318.5,5178
2026-04-30 04:40:00+00:00,1317.0,1317.0,1317.5,1315.300048828125,1317.5,9808
2026-04-30 04:41:00+00:00,1316.0999755859375,1316.0999755859375,1316.800048828125,1315.699951171875,1316.800048828125,956
2026-04-30 04:42:00+00:00,1315.800048828125,1315.800048828125,1316.4000244140625,1315.0,1316.0999755859375,5209
2026-04-30 04:43:00+00:00,1316.0,1316.0,1316.0999755859375,1315.800048828125,1315.800048828125,619
2026-04-30 04:44:00+00:00,1317.300048828125,1317.300048828125,1317.300048828125,1316.199951171875,1316.199951171875,4661
2026-04-30 04:45:00+00:00,1316.5999755859375,1316.5999755859375,1317.0,1316.5999755859375,1316.9000244140625,1846
2026-04-30 04:46:00+00:00,1316.5,1316.5,1317.0,1316.5,1317.0,2451
2026-04-30 04:47:00+00:00,1316.0999755859375,1316.0999755859375,1316.4000244140625,1315.4000244140625,1316.4000244140625,5851
2026-04-30 04:48:00+00:00,1316.800048828125,1316.800048828125,1317.0,1316.0999755859375,1316.300048828125,1295
2026-04-30 04:49:00+00:00,1317.800048828125,1317.800048828125,1317.800048828125,1316.5,1316.5,2732
2026-04-30 04:50:00+00:00,1317.9000244140625,1317.9000244140625,1318.0,1317.4000244140625,1317.5999755859375,2553
2026-04-30 04:51:00+00:00,1318.699951171875,1318.699951171875,1318.800048828125,1318.0,1318.0,2126
2026-04-30 04:52:00+00:00,1317.9000244140625,1317.9000244140625,1318.5999755859375,1317.5,1318.5999755859375,3995
2026-04-30 04:53:00+00:00,1317.5999755859375,1317.5999755859375,1318.0999755859375,1317.0,1318.0,5722
2026-04-30 04:54:00+00:00,1317.199951171875,1317.199951171875,1317.4000244140625,1316.800048828125,1317.0999755859375,2527
2026-04-30 04:55:00+00:00,1316.699951171875,1316.699951171875,1317.4000244140625,1316.5,1316.5999755859375,784
2026-04-30 04:56:00+00:00,1315.699951171875,1315.699951171875,1316.800048828125,1315.199951171875,1316.699951171875,1846
2026-04-30 04:57:00+00:00,1317.699951171875,1317.699951171875,1317.699951171875,1316.0,1316.0,1747
2026-04-30 04:58:00+00:00,1317.4000244140625,1317.4000244140625,1317.9000244140625,1317.199951171875,1317.699951171875,445
2026-04-30 04:59:00+00:00,1317.199951171875,1317.199951171875,1317.199951171875,1316.0999755859375,1317.0,1078
2026-04-30 05:00:00+00:00,1318.199951171875,1318.199951171875,1318.199951171875,1317.0,1317.0999755859375,2548
2026-04-30 05:01:00+00:00,1318.199951171875,1318.199951171875,1318.300048828125,1318.0,1318.0,1046
2026-04-30 05:02:00+00:00,1317.9000244140625,1317.9000244140625,1318.199951171875,1317.4000244140625,1318.199951171875,501
2026-04-30 05:03:00+00:00,1317.0,1317.0,1317.9000244140625,1317.0,1317.9000244140625,2537
2026-04-30 05:04:00+00:00,1315.800048828125,1315.800048828125,1316.5,1315.199951171875,1316.5,3203
2026-04-30 05:05:00+00:00,1316.5,1316.5,1316.5,1315.5,1315.800048828125,1245
2026-04-30 05:06:00+00:00,1316.199951171875,1316.199951171875,1316.5,1316.199951171875,1316.5,777
2026-04-30 05:07:00+00:00,1316.0,1316.0,1316.199951171875,1315.5,1316.199951171875,910
2026-04-30 05:08:00+00:00,1314.5999755859375,1314.5999755859375,1316.0999755859375,1314.0999755859375,1316.0999755859375,5823
2026-04-30 05:09:00+00:00,1314.199951171875,1314.199951171875,1314.800048828125,1313.9000244140625,1314.5999755859375,864
2026-04-30 05:10:00+00:00,1314.5,1314.5,1314.800048828125,1314.5,1314.5999755859375,2383
2026-04-30 05:11:00+00:00,1313.5999755859375,1313.5999755859375,1314.800048828125,1313.5999755859375,1314.800048828125,967
2026-04-30 05:12:00+00:00,1313.4000244140625,1313.4000244140625,1313.800048828125,1313.199951171875,1313.800048828125,1116
2026-04-30 05:13:00+00:00,1314.5999755859375,1314.5999755859375,1315.800048828125,1313.199951171875,1313.199951171875,5867
2026-04-30 05:14:00+00:00,1314.4000244140625,1314.4000244140625,1315.4000244140625,1314.4000244140625,1315.300048828125,310
2026-04-30 05:15:00+00:00,1312.4000244140625,1312.4000244140625,1314.300048828125,1312.4000244140625,1314.300048828125,4001
2026-04-30 05:16:00+00:00,1313.0,1313.0,1313.300048828125,1311.9000244140625,1312.5,4406
2026-04-30 05:17:00+00:00,1312.300048828125,1312.300048828125,1313.199951171875,1312.300048828125,1313.0,2317
2026-04-30 05:18:00+00:00,1312.699951171875,1312.699951171875,1313.0,1312.199951171875,1312.800048828125,1143
2026-04-30 05:19:00+00:00,1312.699951171875,1312.699951171875,1312.699951171875,1312.5999755859375,1312.699951171875,161
2026-04-30 05:20:00+00:00,1312.5999755859375,1312.5999755859375,1312.9000244140625,1312.5999755859375,1312.699951171875,952
2026-04-30 05:21:00+00:00,1313.0999755859375,1313.0999755859375,1313.9000244140625,1312.199951171875,1312.199951171875,2441
2026-04-30 05:22:00+00:00,1312.4000244140625,1312.4000244140625,1313.0999755859375,1312.199951171875,1313.0999755859375,1006
2026-04-30 05:23:00+00:00,1312.4000244140625,1312.4000244140625,1312.5,1312.0,1312.0999755859375,1758
2026-04-30 05:24:00+00:00,1312.5999755859375,1312.5999755859375,1312.800048828125,1312.4000244140625,1312.4000244140625,1996
2026-04-30 05:25:00+00:00,1312.9000244140625,1312.9000244140625,1312.9000244140625,1312.699951171875,1312.800048828125,1037
2026-04-30 05:26:00+00:00,1312.300048828125,1312.300048828125,1312.9000244140625,1312.300048828125,1312.9000244140625,174
2026-04-30 05:27:00+00:00,1312.5,1312.5,1312.5,1312.0,1312.199951171875,1808
2026-04-30 05:28:00+00:00,1312.0999755859375,1312.0999755859375,1312.699951171875,1312.0,1312.5999755859375,1765
2026-04-30 05:29:00+00:00,1311.5999755859375,1311.5999755859375,1312.5,1311.5999755859375,1312.5,1232
2026-04-30 05:30:00+00:00,1310.5,1310.5,1310.800048828125,1310.300048828125,1310.699951171875,3707
2026-04-30 05:31:00+00:00,1311.0,1311.0,1311.0,1310.199951171875,1310.4000244140625,1259
2026-04-30 05:32:00+00:00,1310.5,1310.5,1311.0,1310.199951171875,1311.0,699
2026-04-30 05:33:00+00:00,1311.699951171875,1311.699951171875,1312.9000244140625,1310.199951171875,1310.5999755859375,10474
2026-04-30 05:34:00+00:00,1311.199951171875,1311.199951171875,1311.699951171875,1310.5,1311.5999755859375,648
2026-04-30 05:35:00+00:00,1311.199951171875,1311.199951171875,1311.300048828125,1310.699951171875,1310.9000244140625,1177
2026-04-30 05:36:00+00:00,1311.4000244140625,1311.4000244140625,1311.4000244140625,1311.0999755859375,1311.0999755859375,682
2026-04-30 05:37:00+00:00,1311.4000244140625,1311.4000244140625,1311.800048828125,1311.0999755859375,1311.300048828125,997
2026-04-30 05:38:00+00:00,1312.4000244140625,1312.4000244140625,1312.9000244140625,1311.0,1311.699951171875,2096
2026-04-30 05:39:00+00:00,1313.0999755859375,1313.0999755859375,1313.0999755859375,1311.5999755859375,1312.800048828125,3474
2026-04-30 05:40:00+00:00,1312.800048828125,1312.800048828125,1313.199951171875,1312.699951171875,1313.199951171875,466
2026-04-30 05:41:00+00:00,1312.0,1312.0,1312.5999755859375,1311.699951171875,1312.5,1103
2026-04-30 05:42:00+00:00,1311.800048828125,1311.800048828125,1312.0,1311.800048828125,1312.0,276
2026-04-30 05:43:00+00:00,1313.0,1313.0,1313.0,1311.699951171875,1311.800048828125,3910
2026-04-30 05:44:00+00:00,1312.4000244140625,1312.4000244140625,1313.0,1311.699951171875,1313.0,1850
2026-04-30 05:45:00+00:00,1312.300048828125,1312.300048828125,1312.5,1311.699951171875,1311.699951171875,2751
2026-04-30 05:46:00+00:00,1312.699951171875,1312.699951171875,1312.699951171875,1312.0999755859375,1312.199951171875,576
2026-04-30 05:47:00+00:00,1312.300048828125,1312.300048828125,1312.9000244140625,1312.199951171875,1312.9000244140625,223
2026-04-30 05:48:00+00:00,1312.0,1312.0,1312.5,1312.0,1312.199951171875,1467
2026-04-30 05:49:00+00:00,1312.0,1312.0,1312.0,1311.699951171875,1312.0,857
2026-04-30 05:50:00+00:00,1311.9000244140625,1311.9000244140625,1312.0999755859375,1311.699951171875,1311.9000244140625,867
2026-04-30 05:51:00+00:00,1312.0999755859375,1312.0999755859375,1312.0999755859375,1311.699951171875,1311.699951171875,529
2026-04-30 05:52:00+00:00,1312.199951171875,1312.199951171875,1312.199951171875,1311.699951171875,1312.0999755859375,874
2026-04-30 05:53:00+00:00,1312.199951171875,1312.199951171875,1312.199951171875,1311.699951171875,1312.199951171875,144
2026-04-30 05:54:00+00:00,1311.699951171875,1311.699951171875,1312.199951171875,1311.699951171875,1312.199951171875,847
2026-04-30 05:55:00+00:00,1312.4000244140625,1312.4000244140625,1312.699951171875,1312.0999755859375,1312.0999755859375,1442
2026-04-30 05:56:00+00:00,1311.800048828125,1311.800048828125,1312.5,1311.800048828125,1312.5,993
2026-04-30 05:57:00+00:00,1312.199951171875,1312.199951171875,1312.199951171875,1311.800048828125,1312.199951171875,527
2026-04-30 05:58:00+00:00,1311.800048828125,1311.800048828125,1312.0999755859375,1311.699951171875,1312.0999755859375,1104
2026-04-30 05:59:00+00:00,1311.9000244140625,1311.9000244140625,1312.0,1311.699951171875,1312.0,759
2026-04-30 06:00:00+00:00,1311.9000244140625,1311.9000244140625,1312.0,1311.5999755859375,1311.9000244140625,1966
2026-04-30 06:01:00+00:00,1312.300048828125,1312.300048828125,1312.300048828125,1312.0,1312.0,864
2026-04-30 06:02:00+00:00,1312.4000244140625,1312.4000244140625,1312.5,1311.9000244140625,1312.4000244140625,256
2026-04-30 06:03:00+00:00,1312.5999755859375,1312.5999755859375,1312.5999755859375,1311.699951171875,1311.699951171875,1101
2026-04-30 06:04:00+00:00,1312.699951171875,1312.699951171875,1313.0,1312.0,1313.0,529
2026-04-30 06:05:00+00:00,1312.9000244140625,1312.9000244140625,1312.9000244140625,1312.5,1312.699951171875,202
2026-04-30 06:06:00+00:00,1313.0,1313.0,1313.800048828125,1312.9000244140625,1312.9000244140625,2660
2026-04-30 06:07:00+00:00,1312.800048828125,1312.800048828125,1313.0999755859375,1312.699951171875,1313.0,2270
2026-04-30 06:08:00+00:00,1312.0,1312.0,1312.4000244140625,1312.0,1312.4000244140625,912
2026-04-30 06:09:00+00:00,1312.4000244140625,1312.4000244140625,1312.4000244140625,1312.0,1312.0,333
2026-04-30 06:10:00+00:00,1311.5999755859375,1311.5999755859375,1312.4000244140625,1311.5,1312.300048828125,12498
2026-04-30 06:11:00+00:00,1312.4000244140625,1312.4000244140625,1312.800048828125,1311.800048828125,1312.300048828125,2548
2026-04-30 06:12:00+00:00,1312.0999755859375,1312.0999755859375,1312.199951171875,1311.5999755859375,1312.0999755859375,454
2026-04-30 06:13:00+00:00,1313.4000244140625,1313.4000244140625,1314.0,1312.699951171875,1312.699951171875,476
2026-04-30 06:14:00+00:00,1313.4000244140625,1313.4000244140625,1313.4000244140625,1313.4000244140625,1313.4000244140625,538
2026-04-30 06:15:00+00:00,1312.5,1312.5,1312.5999755859375,1312.0999755859375,1312.5999755859375,1530
2026-04-30 06:16:00+00:00,1312.5,1312.5,1312.5,1312.5,1312.5,72
2026-04-30 06:17:00+00:00,1312.5,1312.5,1312.5,1312.4000244140625,1312.5,94
2026-04-30 06:18:00+00:00,1312.300048828125,1312.300048828125,1312.5,1312.199951171875,1312.5,124
2026-04-30 06:19:00+00:00,1312.300048828125,1312.300048828125,1312.300048828125,1312.0,1312.300048828125,330
2026-04-30 06:20:00+00:00,1313.0999755859375,1313.0999755859375,1313.0999755859375,1312.0,1312.300048828125,2155
2026-04-30 06:21:00+00:00,1312.9000244140625,1312.9000244140625,1313.0999755859375,1312.4000244140625,1313.0999755859375,278
2026-04-30 06:22:00+00:00,1312.0,1312.0,1312.9000244140625,1312.0,1312.9000244140625,1018
2026-04-30 06:23:00+00:00,1312.0,1312.0,1312.0999755859375,1311.800048828125,1312.0,2051
2026-04-30 06:24:00+00:00,1311.9000244140625,1311.9000244140625,1312.0,1311.5999755859375,1311.699951171875,5906
2026-04-30 06:25:00+00:00,1312.0,1312.0,1312.0,1311.699951171875,1311.800048828125,388
2026-04-30 06:26:00+00:00,1312.9000244140625,1312.9000244140625,1312.9000244140625,1311.800048828125,1312.0,1969
2026-04-30 06:27:00+00:00,1312.5999755859375,1312.5999755859375,1312.699951171875,1312.199951171875,1312.199951171875,543
2026-04-30 06:28:00+00:00,1312.0999755859375,1312.0999755859375,1312.5,1312.0999755859375,1312.199951171875,521
2026-04-30 06:29:00+00:00,1312.199951171875,1312.199951171875,1312.5,1312.0999755859375,1312.5,161
2026-04-30 06:30:00+00:00,1312.4000244140625,1312.4000244140625,1312.4000244140625,1312.0999755859375,1312.4000244140625,178
2026-04-30 06:31:00+00:00,1312.199951171875,1312.199951171875,1312.300048828125,1312.0999755859375,1312.300048828125,739
2026-04-30 06:32:00+00:00,1312.199951171875,1312.199951171875,1312.300048828125,1312.0,1312.0,209
2026-04-30 06:33:00+00:00,1312.4000244140625,1312.4000244140625,1312.5,1312.199951171875,1312.199951171875,1149
2026-04-30 06:34:00+00:00,1312.4000244140625,1312.4000244140625,1313.0999755859375,1312.0999755859375,1312.4000244140625,1070
2026-04-30 06:35:00+00:00,1312.199951171875,1312.199951171875,1312.699951171875,1312.0,1312.699951171875,1147
2026-04-30 06:36:00+00:00,1312.0999755859375,1312.0999755859375,1312.699951171875,1312.0999755859375,1312.5999755859375,72
2026-04-30 06:37:00+00:00,1312.0999755859375,1312.0999755859375,1312.800048828125,1312.0999755859375,1312.800048828125,711
2026-04-30 06:38:00+00:00,1311.699951171875,1311.699951171875,1312.5,1311.699951171875,1312.5,3299
2026-04-30 06:39:00+00:00,1312.0,1312.0,1312.0,1311.699951171875,1311.699951171875,443
2026-04-30 06:40:00+00:00,1311.9000244140625,1311.9000244140625,1311.9000244140625,1311.699951171875,1311.699951171875,116
2026-04-30 06:41:00+00:00,1311.5,1311.5,1311.9000244140625,1311.5,1311.699951171875,17135
2026-04-30 06:42:00+00:00,1311.5,1311.5,1311.5,1311.199951171875,1311.5,986
2026-04-30 06:43:00+00:00,1311.800048828125,1311.800048828125,1312.0,1311.5,1311.5,1102
2026-04-30 06:44:00+00:00,1311.9000244140625,1311.9000244140625,1312.0,1311.5,1311.699951171875,546
2026-04-30 06:45:00+00:00,1311.5,1311.5,1312.0999755859375,1311.5,1311.9000244140625,3205
2026-04-30 06:46:00+00:00,1310.699951171875,1310.699951171875,1311.699951171875,1310.699951171875,1311.699951171875,7029
2026-04-30 06:47:00+00:00,1310.800048828125,1310.800048828125,1311.699951171875,1310.0999755859375,1310.699951171875,9044
2026-04-30 06:48:00+00:00,1310.5999755859375,1310.5999755859375,1311.199951171875,1310.0999755859375,1311.199951171875,232
2026-04-30 06:49:00+00:00,1310.300048828125,1310.300048828125,1310.5999755859375,1310.300048828125,1310.300048828125,101
2026-04-30 06:50:00+00:00,1310.0,1310.0,1310.5,1310.0,1310.5,532
2026-04-30 06:51:00+00:00,1311.0999755859375,1311.0999755859375,1311.0999755859375,1310.0,1310.199951171875,2456
2026-04-30 06:52:00+00:00,1311.5999755859375,1311.5999755859375,1311.5999755859375,1310.800048828125,1311.0999755859375,321
2026-04-30 06:53:00+00:00,1311.5,1311.5,1311.699951171875,1310.699951171875,1311.699951171875,486
2026-04-30 06:54:00+00:00,1311.800048828125,1311.800048828125,1311.9000244140625,1311.199951171875,1311.5,422
2026-04-30 06:55:00+00:00,1312.0,1312.0,1312.0,1311.800048828125,1311.800048828125,915
2026-04-30 06:56:00+00:00,1311.9000244140625,1311.9000244140625,1312.199951171875,1311.9000244140625,1312.0,1007
2026-04-30 06:57:00+00:00,1312.9000244140625,1312.9000244140625,1312.9000244140625,1311.0999755859375,1312.0,1884
2026-04-30 06:58:00+00:00,1312.5,1312.5,1313.0,1312.4000244140625,1313.0,798
2026-04-30 06:59:00+00:00,1313.0999755859375,1313.0999755859375,1313.0999755859375,1312.4000244140625,1312.5,1139
2026-04-30 07:00:00+00:00,1312.300048828125,1312.300048828125,1313.199951171875,1312.300048828125,1313.199951171875,254
2026-04-30 07:01:00+00:00,1312.0,1312.0,1312.300048828125,1311.699951171875,1312.0,5856
2026-04-30 07:02:00+00:00,1311.5,1311.5,1312.0,1311.5,1312.0,2489
2026-04-30 07:03:00+00:00,1311.0999755859375,1311.0999755859375,1311.300048828125,1310.5,1311.300048828125,659
2026-04-30 07:04:00+00:00,1310.9000244140625,1310.9000244140625,1311.0999755859375,1310.5,1311.0999755859375,34
2026-04-30 07:05:00+00:00,1310.5999755859375,1310.5999755859375,1311.0,1310.4000244140625,1310.699951171875,369
2026-04-30 07:06:00+00:00,1312.5999755859375,1312.5999755859375,1312.699951171875,1310.5999755859375,1310.5999755859375,3074
2026-04-30 07:07:00+00:00,1312.199951171875,1312.199951171875,1312.5,1312.199951171875,1312.199951171875,17
2026-04-30 07:08:00+00:00,1312.5,1312.5,1312.699951171875,1312.199951171875,1312.300048828125,153
2026-04-30 07:09:00+00:00,1312.699951171875,1312.699951171875,1312.800048828125,1312.300048828125,1312.699951171875,279
2026-04-30 07:10:00+00:00,1313.0,1313.0,1313.0,1312.699951171875,1312.800048828125,308
2026-04-30 07:11:00+00:00,1313.5,1313.5,1313.699951171875,1313.0,1313.0,840
2026-04-30 07:12:00+00:00,1313.699951171875,1313.699951171875,1313.699951171875,1313.5,1313.5999755859375,493
2026-04-30 07:13:00+00:00,1312.699951171875,1312.699951171875,1313.699951171875,1312.300048828125,1313.699951171875,569
2026-04-30 07:14:00+00:00,1314.0999755859375,1314.0999755859375,1314.0999755859375,1312.5,1312.5,1863
2026-04-30 07:15:00+00:00,1314.4000244140625,1314.4000244140625,1314.4000244140625,1313.699951171875,1314.0999755859375,868
2026-04-30 07:16:00+00:00,1314.0,1314.0,1314.5,1314.0,1314.4000244140625,1591
2026-04-30 07:17:00+00:00,1313.9000244140625,1313.9000244140625,1314.5,1313.800048828125,1314.5,137
2026-04-30 07:18:00+00:00,1313.699951171875,1313.699951171875,1314.0,1313.699951171875,1313.9000244140625,160
2026-04-30 07:19:00+00:00,1314.699951171875,1314.699951171875,1314.800048828125,1313.300048828125,1313.800048828125,4634
2026-04-30 07:20:00+00:00,1313.5,1313.5,1314.5999755859375,1313.0,1314.5999755859375,418
2026-04-30 07:21:00+00:00,1313.199951171875,1313.199951171875,1313.5,1312.5,1313.199951171875,775
2026-04-30 07:22:00+00:00,1313.699951171875,1313.699951171875,1313.800048828125,1313.0999755859375,1313.0999755859375,1164
2026-04-30 07:23:00+00:00,1313.4000244140625,1313.4000244140625,1313.5999755859375,1312.800048828125,1313.5999755859375,684
2026-04-30 07:24:00+00:00,1312.5,1312.5,1313.4000244140625,1312.5,1313.4000244140625,410
2026-04-30 07:25:00+00:00,1312.9000244140625,1312.9000244140625,1313.0,1312.5,1312.9000244140625,271
2026-04-30 07:26:00+00:00,1312.9000244140625,1312.9000244140625,1313.0999755859375,1312.800048828125,1312.9000244140625,2593
2026-04-30 07:27:00+00:00,1313.199951171875,1313.199951171875,1313.199951171875,1312.9000244140625,1313.0999755859375,226
2026-04-30 07:28:00+00:00,1312.5999755859375,1312.5999755859375,1313.300048828125,1312.5999755859375,1313.199951171875,946
2026-04-30 07:29:00+00:00,1314.0999755859375,1314.0999755859375,1314.0999755859375,1312.699951171875,1312.9000244140625,838
2026-04-30 07:30:00+00:00,1314.300048828125,1314.300048828125,1314.4000244140625,1313.5999755859375,1313.9000244140625,95
2026-04-30 07:31:00+00:00,1313.9000244140625,1313.9000244140625,1314.300048828125,1313.5,1314.300048828125,221
2026-04-30 07:32:00+00:00,1313.5999755859375,1313.5999755859375,1314.699951171875,1313.5,1313.699951171875,1126
2026-04-30 07:33:00+00:00,1314.5999755859375,1314.5999755859375,1314.5999755859375,1314.199951171875,1314.199951171875,265
2026-04-30 07:34:00+00:00,1314.699951171875,1314.699951171875,1314.699951171875,1314.300048828125,1314.5999755859375,125
2026-04-30 07:35:00+00:00,1314.800048828125,1314.800048828125,1314.800048828125,1314.5,1314.699951171875,177
2026-04-30 07:36:00+00:00,1314.4000244140625,1314.4000244140625,1314.5999755859375,1314.0,1314.5,366
2026-04-30 07:37:00+00:00,1314.300048828125,1314.300048828125,1314.9000244140625,1314.0999755859375,1314.9000244140625,1434
2026-04-30 07:38:00+00:00,1315.9000244140625,1315.9000244140625,1315.9000244140625,1314.300048828125,1314.800048828125,1705
2026-04-30 07:39:00+00:00,1316.4000244140625,1316.4000244140625,1316.9000244140625,1315.5999755859375,1315.5999755859375,3174
2026-04-30 07:40:00+00:00,1317.0999755859375,1317.0999755859375,1317.0999755859375,1316.0999755859375,1317.0,3981
2026-04-30 07:41:00+00:00,1317.0999755859375,1317.0999755859375,1317.5999755859375,1316.5,1317.0999755859375,1241
2026-04-30 07:42:00+00:00,1317.9000244140625,1317.9000244140625,1317.9000244140625,1316.199951171875,1316.699951171875,1686
2026-04-30 07:43:00+00:00,1317.699951171875,1317.699951171875,1317.800048828125,1317.0,1317.300048828125,1732
2026-04-30 07:44:00+00:00,1316.800048828125,1316.800048828125,1317.9000244140625,1316.5,1317.9000244140625,2094
2026-04-30 07:45:00+00:00,1317.0,1317.0,1317.0,1316.300048828125,1316.800048828125,626
2026-04-30 07:46:00+00:00,1315.0999755859375,1315.0999755859375,1317.0,1315.0999755859375,1317.0,2341
2026-04-30 07:47:00+00:00,1315.5,1315.5,1315.9000244140625,1315.0999755859375,1315.699951171875,1852
2026-04-30 07:48:00+00:00,1315.5999755859375,1315.5999755859375,1315.699951171875,1315.0,1315.5999755859375,290
2026-04-30 07:49:00+00:00,1315.5,1315.5,1315.5999755859375,1315.0,1315.5,29
2026-04-30 07:50:00+00:00,1315.300048828125,1315.300048828125,1315.5,1315.0,1315.0,61
2026-04-30 07:51:00+00:00,1315.300048828125,1315.300048828125,1315.5999755859375,1315.300048828125,1315.5,415
2026-04-30 07:52:00+00:00,1315.300048828125,1315.300048828125,1315.5999755859375,1315.0,1315.0,593
2026-04-30 07:53:00+00:00,1314.800048828125,1314.800048828125,1315.4000244140625,1314.0999755859375,1315.4000244140625,880
2026-04-30 07:54:00+00:00,1314.800048828125,1314.800048828125,1315.300048828125,1314.5999755859375,1315.0,162
2026-04-30 07:55:00+00:00,1314.9000244140625,1314.9000244140625,1314.9000244140625,1314.5,1314.800048828125,133
2026-04-30 07:56:00+00:00,1314.9000244140625,1314.9000244140625,1315.0999755859375,1314.5,1314.9000244140625,970
2026-04-30 07:57:00+00:00,1314.699951171875,1314.699951171875,1315.0999755859375,1314.5,1315.0,151
2026-04-30 07:58:00+00:00,1314.5999755859375,1314.5999755859375,1314.9000244140625,1314.300048828125,1314.5,26
2026-04-30 07:59:00+00:00,1314.0,1314.0,1314.5999755859375,1314.0,1314.5999755859375,147
2026-04-30 08:00:00+00:00,1313.9000244140625,1313.9000244140625,1314.4000244140625,1313.199951171875,1314.4000244140625,2057
2026-04-30 08:01:00+00:00,1314.5999755859375,1314.5999755859375,1314.5999755859375,1313.199951171875,1313.9000244140625,3116
2026-04-30 08:02:00+00:00,1314.0999755859375,1314.0999755859375,1314.5999755859375,1314.0,1314.5,569
2026-04-30 08:03:00+00:00,1314.0999755859375,1314.0999755859375,1314.199951171875,1314.0999755859375,1314.199951171875,513
2026-04-30 08:04:00+00:00,1313.800048828125,1313.800048828125,1314.0999755859375,1313.800048828125,1314.0999755859375,1035
2026-04-30 08:05:00+00:00,1315.0,1315.0,1315.4000244140625,1313.9000244140625,1314.0,2239
2026-04-30 08:06:00+00:00,1315.199951171875,1315.199951171875,1315.800048828125,1314.5,1315.5,3733
2026-04-30 08:07:00+00:00,1315.9000244140625,1315.9000244140625,1315.9000244140625,1314.5999755859375,1314.5999755859375,7942
2026-04-30 08:08:00+00:00,1315.300048828125,1315.300048828125,1315.699951171875,1315.0,1315.5999755859375,774
2026-04-30 08:09:00+00:00,1315.5,1315.5,1315.5,1315.0,1315.300048828125,990
2026-04-30 08:10:00+00:00,1315.9000244140625,1315.9000244140625,1315.9000244140625,1315.0,1315.5999755859375,699
2026-04-30 08:11:00+00:00,1316.800048828125,1316.800048828125,1316.9000244140625,1316.0,1316.0,3332
2026-04-30 08:12:00+00:00,1317.0,1317.0,1317.0999755859375,1316.199951171875,1316.4000244140625,790
2026-04-30 08:13:00+00:00,1317.199951171875,1317.199951171875,1317.699951171875,1317.0,1317.0,2299
2026-04-30 08:14:00+00:00,1317.5,1317.5,1317.699951171875,1317.0,1317.0,350
2026-04-30 08:15:00+00:00,1317.300048828125,1317.300048828125,1317.699951171875,1317.0,1317.5,144
2026-04-30 08:16:00+00:00,1317.0,1317.0,1317.300048828125,1316.5,1317.300048828125,468
2026-04-30 08:17:00+00:00,1317.199951171875,1317.199951171875,1317.199951171875,1317.0,1317.0,3273
2026-04-30 08:18:00+00:00,1317.0,1317.0,1317.4000244140625,1316.9000244140625,1317.300048828125,514
2026-04-30 08:19:00+00:00,1316.9000244140625,1316.9000244140625,1317.0,1316.4000244140625,1316.9000244140625,251
2026-04-30 08:20:00+00:00,1316.300048828125,1316.300048828125,1316.9000244140625,1315.800048828125,1316.4000244140625,953
2026-04-30 08:21:00+00:00,1316.699951171875,1316.699951171875,1316.699951171875,1315.5,1316.300048828125,5792
2026-04-30 08:22:00+00:00,1316.300048828125,1316.300048828125,1316.699951171875,1316.199951171875,1316.5999755859375,1249
2026-04-30 08:23:00+00:00,1316.800048828125,1316.800048828125,1317.199951171875,1316.4000244140625,1316.5,1186
2026-04-30 08:24:00+00:00,1316.5,1316.5,1316.5,1316.0,1316.0,2184
2026-04-30 08:25:00+00:00,1316.4000244140625,1316.4000244140625,1316.9000244140625,1316.4000244140625,1316.699951171875,468
2026-04-30 08:26:00+00:00,1316.4000244140625,1316.4000244140625,1316.800048828125,1316.4000244140625,1316.800048828125,639
2026-04-30 08:27:00+00:00,1316.699951171875,1316.699951171875,1316.800048828125,1316.300048828125,1316.800048828125,1295
2026-04-30 08:28:00+00:00,1316.5999755859375,1316.5999755859375,1316.699951171875,1316.199951171875,1316.199951171875,752
2026-04-30 08:29:00+00:00,1317.5,1317.5,1317.5,1316.5999755859375,1316.5999755859375,1477
2026-04-30 08:30:00+00:00,1316.5999755859375,1316.5999755859375,1317.5999755859375,1316.5,1316.9000244140625,1430
2026-04-30 08:31:00+00:00,1316.9000244140625,1316.9000244140625,1317.699951171875,1316.4000244140625,1317.0,1807
2026-04-30 08:32:00+00:00,1316.800048828125,1316.800048828125,1317.4000244140625,1316.4000244140625,1316.9000244140625,1994
2026-04-30 08:33:00+00:00,1317.0,1317.0,1317.0,1316.5,1316.699951171875,771
2026-04-30 08:34:00+00:00,1315.5999755859375,1315.5999755859375,1316.4000244140625,1315.5999755859375,1316.4000244140625,2576
2026-04-30 08:35:00+00:00,1316.4000244140625,1316.4000244140625,1316.4000244140625,1315.699951171875,1316.0,1353
2026-04-30 08:36:00+00:00,1315.0999755859375,1315.0999755859375,1316.4000244140625,1315.0,1316.4000244140625,5129
2026-04-30 08:37:00+00:00,1315.5,1315.5,1315.5,1314.9000244140625,1315.5,1307
2026-04-30 08:38:00+00:00,1315.199951171875,1315.199951171875,1315.5,1314.699951171875,1315.5,523
2026-04-30 08:39:00+00:00,1316.800048828125,1316.800048828125,1316.800048828125,1314.5,1315.199951171875,4231
2026-04-30 08:40:00+00:00,1316.199951171875,1316.199951171875,1317.0,1316.0999755859375,1316.9000244140625,4703
2026-04-30 08:41:00+00:00,1315.300048828125,1315.300048828125,1316.300048828125,1314.800048828125,1316.300048828125,892
2026-04-30 08:42:00+00:00,1314.4000244140625,1314.4000244140625,1315.300048828125,1314.4000244140625,1315.199951171875,4584
2026-04-30 08:43:00+00:00,1314.4000244140625,1314.4000244140625,1315.0,1314.4000244140625,1314.5999755859375,520
2026-04-30 08:44:00+00:00,1314.5,1314.5,1314.699951171875,1313.9000244140625,1314.699951171875,423
2026-04-30 08:45:00+00:00,1314.5999755859375,1314.5999755859375,1314.5999755859375,1314.0,1314.5,4258
2026-04-30 08:46:00+00:00,1314.5,1314.5,1314.800048828125,1314.199951171875,1314.5,672
2026-04-30 08:47:00+00:00,1314.199951171875,1314.199951171875,1314.5,1314.199951171875,1314.5,674
2026-04-30 08:48:00+00:00,1313.5999755859375,1313.5999755859375,1313.699951171875,1313.0999755859375,1313.5999755859375,1911
2026-04-30 08:49:00+00:00,1312.800048828125,1312.800048828125,1313.4000244140625,1312.699951171875,1313.4000244140625,473
2026-04-30 08:50:00+00:00,1313.0,1313.0,1313.0999755859375,1313.0,1313.0999755859375,183
2026-04-30 08:51:00+00:00,1312.5999755859375,1312.5999755859375,1313.0,1312.4000244140625,1312.699951171875,2761
2026-04-30 08:52:00+00:00,1312.4000244140625,1312.4000244140625,1312.5999755859375,1311.9000244140625,1311.9000244140625,684
2026-04-30 08:53:00+00:00,1313.0999755859375,1313.0999755859375,1313.199951171875,1312.4000244140625,1312.4000244140625,1722
2026-04-30 08:54:00+00:00,1313.5999755859375,1313.5999755859375,1313.5999755859375,1312.9000244140625,1313.0999755859375,1678
2026-04-30 08:55:00+00:00,1313.0,1313.0,1313.699951171875,1313.0,1313.5999755859375,1056
2026-04-30 08:56:00+00:00,1313.300048828125,1313.300048828125,1313.5999755859375,1313.0,1313.300048828125,1631
2026-04-30 08:57:00+00:00,1311.699951171875,1311.699951171875,1313.5,1311.699951171875,1313.0,3439
2026-04-30 08:58:00+00:00,1312.0999755859375,1312.0999755859375,1312.199951171875,1311.300048828125,1311.5999755859375,5783
2026-04-30 08:59:00+00:00,1312.800048828125,1312.800048828125,1312.800048828125,1311.5999755859375,1312.0999755859375,3033
2026-04-30 09:00:00+00:00,1312.800048828125,1312.800048828125,1312.9000244140625,1312.800048828125,1312.800048828125,1459
2026-04-30 09:01:00+00:00,1313.0,1313.0,1313.0,1312.4000244140625,1312.699951171875,666
2026-04-30 09:02:00+00:00,1313.699951171875,1313.699951171875,1314.0999755859375,1313.4000244140625,1313.699951171875,1513
2026-04-30 09:03:00+00:00,1313.4000244140625,1313.4000244140625,1314.0,1312.800048828125,1313.699951171875,1866
2026-04-30 09:04:00+00:00,1314.0999755859375,1314.0999755859375,1314.199951171875,1313.9000244140625,1314.0,236
2026-04-30 09:05:00+00:00,1314.300048828125,1314.300048828125,1314.4000244140625,1313.800048828125,1314.0999755859375,71
2026-04-30 09:06:00+00:00,1314.5999755859375,1314.5999755859375,1315.0,1314.199951171875,1314.199951171875,4444
2026-04-30 09:07:00+00:00,1314.5,1314.5,1314.800048828125,1314.5,1314.699951171875,198
2026-04-30 09:08:00+00:00,1314.0,1314.0,1314.800048828125,1314.0,1314.5,153
2026-04-30 09:09:00+00:00,1314.699951171875,1314.699951171875,1314.800048828125,1314.300048828125,1314.800048828125,175
2026-04-30 09:10:00+00:00,1314.5999755859375,1314.5999755859375,1314.800048828125,1314.0999755859375,1314.0999755859375,411
2026-04-30 09:11:00+00:00,1314.699951171875,1314.699951171875,1314.800048828125,1314.4000244140625,1314.4000244140625,297
2026-04-30 09:12:00+00:00,1314.9000244140625,1314.9000244140625,1314.9000244140625,1314.5999755859375,1314.5999755859375,212
2026-04-30 09:13:00+00:00,1315.0,1315.0,1315.0999755859375,1314.800048828125,1314.9000244140625,1015
2026-04-30 09:14:00+00:00,1314.699951171875,1314.699951171875,1315.0999755859375,1314.699951171875,1315.0,240
2026-04-30 09:15:00+00:00,1314.5,1314.5,1315.0,1314.5,1314.9000244140625,586
2026-04-30 09:16:00+00:00,1314.0,1314.0,1314.5,1313.800048828125,1314.4000244140625,640
2026-04-30 09:17:00+00:00,1313.0999755859375,1313.0999755859375,1314.0,1312.9000244140625,1314.0,833
2026-04-30 09:18:00+00:00,1313.5999755859375,1313.5999755859375,1313.5999755859375,1312.5,1312.800048828125,6970
2026-04-30 09:19:00+00:00,1312.5,1312.5,1313.5999755859375,1312.5,1313.5999755859375,614
2026-04-30 09:20:00+00:00,1312.0,1312.0,1313.0,1312.0,1313.0,2919
2026-04-30 09:21:00+00:00,1312.300048828125,1312.300048828125,1312.300048828125,1311.4000244140625,1312.0999755859375,4769
2026-04-30 09:22:00+00:00,1312.0999755859375,1312.0999755859375,1312.5,1312.0,1312.0999755859375,3634
2026-04-30 09:23:00+00:00,1312.0,1312.0,1312.300048828125,1312.0,1312.0,834
2026-04-30 09:24:00+00:00,1313.0,1313.0,1313.0,1312.0,1312.300048828125,5688
2026-04-30 09:25:00+00:00,1312.4000244140625,1312.4000244140625,1313.0,1312.4000244140625,1313.0,694
2026-04-30 09:26:00+00:00,1313.300048828125,1313.300048828125,1313.300048828125,1312.699951171875,1312.699951171875,1322
2026-04-30 09:27:00+00:00,1313.0,1313.0,1313.9000244140625,1312.5999755859375,1313.699951171875,1190
2026-04-30 09:28:00+00:00,1313.5999755859375,1313.5999755859375,1313.5999755859375,1313.0,1313.0,1928
2026-04-30 09:29:00+00:00,1314.300048828125,1314.300048828125,1314.699951171875,1313.199951171875,1313.199951171875,1983
2026-04-30 09:30:00+00:00,1314.199951171875,1314.199951171875,1314.4000244140625,1313.199951171875,1314.4000244140625,20705
2026-04-30 09:31:00+00:00,1312.800048828125,1312.800048828125,1314.199951171875,1312.800048828125,1314.0999755859375,10471
2026-04-30 09:32:00+00:00,1312.4000244140625,1312.4000244140625,1312.699951171875,1312.4000244140625,1312.5999755859375,9928
2026-04-30 09:33:00+00:00,1312.300048828125,1312.300048828125,1312.5,1312.199951171875,1312.4000244140625,19715
2026-04-30 09:34:00+00:00,1311.9000244140625,1311.9000244140625,1312.5,1311.9000244140625,1312.5,5108
2026-04-30 09:35:00+00:00,1311.5999755859375,1311.5999755859375,1311.5999755859375,1311.5,1311.5999755859375,17257
2026-04-30 09:36:00+00:00,1311.5999755859375,1311.5999755859375,1311.800048828125,1311.300048828125,1311.800048828125,5780
2026-04-30 09:37:00+00:00,1311.5,1311.5,1311.5,1311.4000244140625,1311.4000244140625,19605
2026-04-30 09:38:00+00:00,1310.199951171875,1310.199951171875,1311.300048828125,1310.0,1311.300048828125,10406
2026-04-30 09:39:00+00:00,1308.699951171875,1308.699951171875,1310.0,1308.699951171875,1309.5999755859375,11357
2026-04-30 09:40:00+00:00,1307.5999755859375,1307.5999755859375,1308.699951171875,1307.4000244140625,1308.5999755859375,24363
2026-04-30 09:41:00+00:00,1308.4000244140625,1308.4000244140625,1308.5999755859375,1307.5,1307.5,22310
2026-04-30 09:42:00+00:00,1307.699951171875,1307.699951171875,1308.5999755859375,1307.5999755859375,1308.5999755859375,4969
2026-04-30 09:43:00+00:00,1307.699951171875,1307.699951171875,1307.9000244140625,1307.4000244140625,1307.5999755859375,13652
2026-04-30 09:44:00+00:00,1308.199951171875,1308.199951171875,1308.199951171875,1307.5,1307.699951171875,22019
2026-04-30 09:45:00+00:00,1308.0,1308.0,1308.300048828125,1307.9000244140625,1308.199951171875,12169
2026-04-30 09:46:00+00:00,1307.5,1307.5,1308.0,1307.300048828125,1308.0,12691
2026-04-30 09:47:00+00:00,1309.5999755859375,1309.5999755859375,1309.5999755859375,1308.300048828125,1308.300048828125,23621
2026-04-30 09:48:00+00:00,1309.0999755859375,1309.0999755859375,1309.4000244140625,1309.0,1309.300048828125,9013
2026-04-30 09:49:00+00:00,1308.300048828125,1308.300048828125,1309.0,1308.300048828125,1309.0,7706
2026-04-30 09:50:00+00:00,1307.9000244140625,1307.9000244140625,1308.300048828125,1307.0,1308.300048828125,16101
2026-04-30 09:51:00+00:00,1308.4000244140625,1308.4000244140625,1308.4000244140625,1307.9000244140625,1308.0999755859375,26781
2026-04-30 09:52:00+00:00,1308.0999755859375,1308.0999755859375,1308.4000244140625,1308.0999755859375,1308.4000244140625,12084
2026-04-30 09:53:00+00:00,1310.300048828125,1310.300048828125,1310.5,1308.5,1308.5,17515
2026-04-30 09:54:00+00:00,1310.199951171875,1310.199951171875,1310.199951171875,1310.0999755859375,1310.199951171875,7985
2026-04-30 09:55:00+00:00,1309.5,1309.5,1310.199951171875,1309.0,1310.0999755859375,10425
2026-04-30 09:56:00+00:00,1309.9000244140625,1309.9000244140625,1309.9000244140625,1308.300048828125,1309.5,19014
2026-04-30 09:57:00+00:00,1310.0,1310.0,1310.300048828125,1310.0,1310.300048828125,8691
2026-04-30 09:58:00+00:00,1309.199951171875,1309.199951171875,1310.199951171875,1308.0,1308.0,18057
2026-04-30 09:59:00+00:00,1312.0,1312.0,1312.0,1307.0,1308.4000244140625,8210
