Price,Adj Close,Close,High,Low,Open,Volume
Ticker,DABUR.NS,DABUR.NS,DABUR.NS,DABUR.NS,DABUR.NS,DABUR.NS
Datetime,,,,,,
2026-04-23 03:45:00+00:00,456.3500061035156,456.3500061035156,458.8999938964844,453.8500061035156,458.8999938964844,0
2026-04-23 03:46:00+00:00,457.0,457.0,457.3999938964844,455.95001220703125,455.95001220703125,35957
2026-04-23 03:47:00+00:00,457.0,457.0,457.20001220703125,456.6000061035156,456.6000061035156,3207
2026-04-23 03:48:00+00:00,454.8500061035156,454.8500061035156,456.20001220703125,454.8500061035156,455.79998779296875,10079
2026-04-23 03:49:00+00:00,455.0,455.0,455.8999938964844,454.95001220703125,455.3500061035156,41750
2026-04-23 03:50:00+00:00,455.1000061035156,455.1000061035156,455.6000061035156,454.54998779296875,455.45001220703125,7569
2026-04-23 03:51:00+00:00,454.54998779296875,454.54998779296875,454.8999938964844,454.54998779296875,454.8500061035156,10037
2026-04-23 03:52:00+00:00,454.1000061035156,454.1000061035156,454.75,453.95001220703125,454.75,15546
2026-04-23 03:53:00+00:00,454.45001220703125,454.45001220703125,454.5,453.8999938964844,454.20001220703125,11314
2026-04-23 03:54:00+00:00,454.79998779296875,454.79998779296875,455.25,454.54998779296875,454.75,4819
2026-04-23 03:55:00+00:00,454.95001220703125,454.95001220703125,455.20001220703125,454.75,454.79998779296875,589
2026-04-23 03:56:00+00:00,454.79998779296875,454.79998779296875,455.20001220703125,454.54998779296875,454.95001220703125,6672
2026-04-23 03:57:00+00:00,454.1000061035156,454.1000061035156,455.1499938964844,454.1000061035156,454.79998779296875,3118
2026-04-23 03:58:00+00:00,454.20001220703125,454.20001220703125,454.6000061035156,454.04998779296875,454.3999938964844,4563
2026-04-23 03:59:00+00:00,454.5,454.5,454.5,454.20001220703125,454.20001220703125,4449
2026-04-23 04:00:00+00:00,454.95001220703125,454.95001220703125,454.95001220703125,454.1499938964844,454.8500061035156,6065
2026-04-23 04:01:00+00:00,456.3999938964844,456.3999938964844,456.5,455.0,455.0,7216
2026-04-23 04:02:00+00:00,456.79998779296875,456.79998779296875,456.79998779296875,456.25,456.25,3269
2026-04-23 04:03:00+00:00,455.95001220703125,455.95001220703125,456.8500061035156,455.95001220703125,456.8500061035156,1647
2026-04-23 04:04:00+00:00,456.6000061035156,456.6000061035156,456.6000061035156,455.8999938964844,456.0,1496
2026-04-23 04:05:00+00:00,456.6000061035156,456.6000061035156,456.70001220703125,456.6000061035156,456.6000061035156,629
2026-04-23 04:06:00+00:00,455.45001220703125,455.45001220703125,456.45001220703125,455.3999938964844,456.45001220703125,2149
2026-04-23 04:07:00+00:00,455.3999938964844,455.3999938964844,455.79998779296875,455.29998779296875,455.79998779296875,921
2026-04-23 04:08:00+00:00,455.75,455.75,455.75,454.95001220703125,455.29998779296875,4119
2026-04-23 04:09:00+00:00,455.75,455.75,456.25,455.6499938964844,455.8500061035156,3137
2026-04-23 04:10:00+00:00,456.29998779296875,456.29998779296875,456.3999938964844,455.8999938964844,455.8999938964844,2616
2026-04-23 04:11:00+00:00,456.8999938964844,456.8999938964844,456.8999938964844,456.5,456.6000061035156,3392
2026-04-23 04:12:00+00:00,456.45001220703125,456.45001220703125,456.79998779296875,456.3999938964844,456.6000061035156,573
2026-04-23 04:13:00+00:00,456.8500061035156,456.8500061035156,457.0,456.3500061035156,456.3500061035156,267
2026-04-23 04:14:00+00:00,456.75,456.75,456.95001220703125,456.70001220703125,456.75,2355
2026-04-23 04:15:00+00:00,457.0,457.0,457.0,456.20001220703125,456.75,5741
2026-04-23 04:16:00+00:00,457.04998779296875,457.04998779296875,457.04998779296875,456.54998779296875,456.75,4692
2026-04-23 04:17:00+00:00,457.75,457.75,457.75,456.95001220703125,456.95001220703125,7190
2026-04-23 04:18:00+00:00,457.6499938964844,457.6499938964844,457.75,457.45001220703125,457.75,4089
2026-04-23 04:19:00+00:00,457.95001220703125,457.95001220703125,458.0,457.8500061035156,458.0,2281
2026-04-23 04:20:00+00:00,457.8500061035156,457.8500061035156,458.0,457.75,457.75,1522
2026-04-23 04:21:00+00:00,457.45001220703125,457.45001220703125,458.0,457.45001220703125,457.8500061035156,1702
2026-04-23 04:22:00+00:00,458.3500061035156,458.3500061035156,458.3500061035156,457.3500061035156,457.3500061035156,1290
2026-04-23 04:23:00+00:00,458.79998779296875,458.79998779296875,458.79998779296875,458.3500061035156,458.3500061035156,1880
2026-04-23 04:24:00+00:00,457.70001220703125,457.70001220703125,458.3500061035156,457.6000061035156,458.29998779296875,9281
2026-04-23 04:25:00+00:00,457.70001220703125,457.70001220703125,457.8500061035156,457.70001220703125,457.79998779296875,1519
2026-04-23 04:26:00+00:00,457.6499938964844,457.6499938964844,457.8999938964844,457.6499938964844,457.6499938964844,2176
2026-04-23 04:27:00+00:00,457.5,457.5,457.95001220703125,457.20001220703125,457.79998779296875,7137
2026-04-23 04:28:00+00:00,458.1000061035156,458.1000061035156,458.25,457.95001220703125,457.95001220703125,1831
2026-04-23 04:29:00+00:00,458.79998779296875,458.79998779296875,458.8999938964844,458.1000061035156,458.1000061035156,5901
2026-04-23 04:30:00+00:00,459.20001220703125,459.20001220703125,459.79998779296875,458.95001220703125,458.95001220703125,8113
2026-04-23 04:31:00+00:00,459.5,459.5,459.5,458.8500061035156,459.04998779296875,5170
2026-04-23 04:32:00+00:00,460.8999938964844,460.8999938964844,460.8999938964844,460.0,460.0,18987
2026-04-23 04:33:00+00:00,461.20001220703125,461.20001220703125,461.20001220703125,460.70001220703125,460.8999938964844,11236
2026-04-23 04:34:00+00:00,460.70001220703125,460.70001220703125,461.20001220703125,460.70001220703125,461.1499938964844,3018
2026-04-23 04:35:00+00:00,461.0,461.0,461.1499938964844,460.75,460.95001220703125,5792
2026-04-23 04:36:00+00:00,460.79998779296875,460.79998779296875,461.1000061035156,460.75,461.0,1367
2026-04-23 04:37:00+00:00,460.1499938964844,460.1499938964844,460.8500061035156,460.1499938964844,460.8500061035156,4519
2026-04-23 04:38:00+00:00,460.70001220703125,460.70001220703125,460.70001220703125,460.04998779296875,460.04998779296875,5633
2026-04-23 04:39:00+00:00,460.25,460.25,460.70001220703125,460.1499938964844,460.6499938964844,2920
2026-04-23 04:40:00+00:00,460.0,460.0,460.45001220703125,459.75,460.45001220703125,4190
2026-04-23 04:41:00+00:00,460.6000061035156,460.6000061035156,460.6000061035156,459.95001220703125,460.20001220703125,2354
2026-04-23 04:42:00+00:00,460.0,460.0,460.6499938964844,460.0,460.6499938964844,4383
2026-04-23 04:43:00+00:00,459.70001220703125,459.70001220703125,460.04998779296875,459.6499938964844,460.04998779296875,1902
2026-04-23 04:44:00+00:00,459.8999938964844,459.8999938964844,459.95001220703125,459.70001220703125,459.95001220703125,4151
2026-04-23 04:45:00+00:00,459.5,459.5,460.0,459.5,459.75,3195
2026-04-23 04:46:00+00:00,460.1000061035156,460.1000061035156,460.1000061035156,459.5,459.5,2403
2026-04-23 04:47:00+00:00,459.5,459.5,460.1000061035156,459.5,460.1000061035156,2127
2026-04-23 04:48:00+00:00,459.3500061035156,459.3500061035156,459.75,459.1000061035156,459.6000061035156,4813
2026-04-23 04:49:00+00:00,459.20001220703125,459.20001220703125,459.45001220703125,459.1000061035156,459.29998779296875,5688
2026-04-23 04:50:00+00:00,459.70001220703125,459.70001220703125,459.70001220703125,459.0,459.0,1200
2026-04-23 04:51:00+00:00,459.25,459.25,459.75,459.25,459.70001220703125,2344
2026-04-23 04:52:00+00:00,459.3999938964844,459.3999938964844,459.45001220703125,459.29998779296875,459.3999938964844,1370
2026-04-23 04:53:00+00:00,459.1000061035156,459.1000061035156,459.3999938964844,459.1000061035156,459.3999938964844,3345
2026-04-23 04:54:00+00:00,459.5,459.5,459.70001220703125,459.25,459.3999938964844,1364
2026-04-23 04:55:00+00:00,459.45001220703125,459.45001220703125,459.6000061035156,459.0,459.6000061035156,3283
2026-04-23 04:56:00+00:00,459.45001220703125,459.45001220703125,459.95001220703125,459.3999938964844,459.70001220703125,6112
2026-04-23 04:57:00+00:00,459.54998779296875,459.54998779296875,459.54998779296875,459.25,459.45001220703125,1283
2026-04-23 04:58:00+00:00,459.20001220703125,459.20001220703125,459.5,458.95001220703125,459.5,1919
2026-04-23 04:59:00+00:00,459.1000061035156,459.1000061035156,459.3500061035156,459.1000061035156,459.29998779296875,7338
2026-04-23 05:00:00+00:00,459.1000061035156,459.1000061035156,459.45001220703125,459.0,459.0,3939
2026-04-23 05:01:00+00:00,459.0,459.0,459.3500061035156,458.70001220703125,459.0,5324
2026-04-23 05:02:00+00:00,458.75,458.75,459.20001220703125,458.75,459.1499938964844,1707
2026-04-23 05:03:00+00:00,458.8999938964844,458.8999938964844,458.95001220703125,458.3999938964844,458.3999938964844,2817
2026-04-23 05:04:00+00:00,459.29998779296875,459.29998779296875,459.3500061035156,458.8500061035156,458.8999938964844,4802
2026-04-23 05:05:00+00:00,459.1499938964844,459.1499938964844,459.29998779296875,458.95001220703125,459.29998779296875,1204
2026-04-23 05:06:00+00:00,458.6000061035156,458.6000061035156,459.3999938964844,458.6000061035156,459.3500061035156,4250
2026-04-23 05:07:00+00:00,458.54998779296875,458.54998779296875,459.1000061035156,458.54998779296875,458.8999938964844,1325
2026-04-23 05:08:00+00:00,458.3999938964844,458.3999938964844,458.5,458.3500061035156,458.3999938964844,2112
2026-04-23 05:09:00+00:00,458.6000061035156,458.6000061035156,458.6499938964844,458.3500061035156,458.3500061035156,1281
2026-04-23 05:10:00+00:00,458.29998779296875,458.29998779296875,458.5,458.1499938964844,458.3500061035156,1621
2026-04-23 05:11:00+00:00,457.70001220703125,457.70001220703125,458.29998779296875,457.6000061035156,458.29998779296875,4246
2026-04-23 05:12:00+00:00,458.1000061035156,458.1000061035156,458.1000061035156,457.8500061035156,457.8500061035156,4685
2026-04-23 05:13:00+00:00,457.6499938964844,457.6499938964844,458.20001220703125,457.3999938964844,458.1000061035156,4452
2026-04-23 05:14:00+00:00,457.6000061035156,457.6000061035156,457.70001220703125,457.3500061035156,457.5,2643
2026-04-23 05:15:00+00:00,457.54998779296875,457.54998779296875,457.6499938964844,457.25,457.6499938964844,3235
2026-04-23 05:16:00+00:00,457.25,457.25,457.70001220703125,457.25,457.6499938964844,3061
2026-04-23 05:17:00+00:00,457.20001220703125,457.20001220703125,457.45001220703125,456.6499938964844,457.0,6783
2026-04-23 05:18:00+00:00,457.29998779296875,457.29998779296875,457.45001220703125,457.1000061035156,457.3999938964844,2144
2026-04-23 05:19:00+00:00,457.3999938964844,457.3999938964844,457.6000061035156,457.29998779296875,457.45001220703125,1722
2026-04-23 05:20:00+00:00,457.25,457.25,457.6000061035156,457.25,457.6000061035156,1540
2026-04-23 05:21:00+00:00,457.5,457.5,457.5,457.1499938964844,457.3999938964844,2165
2026-04-23 05:22:00+00:00,457.54998779296875,457.54998779296875,457.6499938964844,457.3500061035156,457.6000061035156,2134
2026-04-23 05:23:00+00:00,457.79998779296875,457.79998779296875,458.0,457.54998779296875,457.54998779296875,4142
2026-04-23 05:24:00+00:00,457.6000061035156,457.6000061035156,457.8500061035156,457.6000061035156,457.79998779296875,1205
2026-04-23 05:25:00+00:00,457.8999938964844,457.8999938964844,458.0,457.6499938964844,457.75,1847
2026-04-23 05:26:00+00:00,457.54998779296875,457.54998779296875,457.8500061035156,457.29998779296875,457.8500061035156,1536
2026-04-23 05:27:00+00:00,457.54998779296875,457.54998779296875,457.54998779296875,457.3500061035156,457.54998779296875,1065
2026-04-23 05:28:00+00:00,458.04998779296875,458.04998779296875,458.3500061035156,457.5,457.54998779296875,6199
2026-04-23 05:29:00+00:00,457.75,457.75,458.04998779296875,457.5,458.0,5802
2026-04-23 05:30:00+00:00,457.8999938964844,457.8999938964844,457.8999938964844,457.5,457.75,4323
2026-04-23 05:31:00+00:00,458.1499938964844,458.1499938964844,458.1499938964844,457.6000061035156,457.8999938964844,1859
2026-04-23 05:32:00+00:00,458.0,458.0,458.25,458.0,458.1000061035156,5957
2026-04-23 05:33:00+00:00,457.70001220703125,457.70001220703125,458.0,457.3999938964844,458.0,3242
2026-04-23 05:34:00+00:00,457.8999938964844,457.8999938964844,457.8999938964844,457.5,457.6499938964844,1417
2026-04-23 05:35:00+00:00,458.3500061035156,458.3500061035156,458.3500061035156,457.54998779296875,457.8500061035156,9969
2026-04-23 05:36:00+00:00,457.54998779296875,457.54998779296875,458.3500061035156,457.54998779296875,458.3500061035156,3881
2026-04-23 05:37:00+00:00,457.79998779296875,457.79998779296875,457.95001220703125,457.6000061035156,457.6000061035156,2929
2026-04-23 05:38:00+00:00,457.5,457.5,457.79998779296875,457.3999938964844,457.5,5747
2026-04-23 05:39:00+00:00,457.45001220703125,457.45001220703125,457.79998779296875,457.45001220703125,457.5,3859
2026-04-23 05:40:00+00:00,457.1499938964844,457.1499938964844,457.45001220703125,457.1000061035156,457.45001220703125,1463
2026-04-23 05:41:00+00:00,457.0,457.0,457.3999938964844,456.95001220703125,457.3999938964844,2441
2026-04-23 05:42:00+00:00,457.20001220703125,457.20001220703125,457.6000061035156,457.20001220703125,457.20001220703125,1871
2026-04-23 05:43:00+00:00,457.0,457.0,457.20001220703125,456.75,457.04998779296875,1730
2026-04-23 05:44:00+00:00,456.6000061035156,456.6000061035156,457.20001220703125,456.6000061035156,457.1000061035156,1636
2026-04-23 05:45:00+00:00,456.54998779296875,456.54998779296875,456.70001220703125,456.45001220703125,456.5,3753
2026-04-23 05:46:00+00:00,456.70001220703125,456.70001220703125,456.95001220703125,456.54998779296875,456.54998779296875,1399
2026-04-23 05:47:00+00:00,456.6499938964844,456.6499938964844,457.0,456.6499938964844,456.75,2108
2026-04-23 05:48:00+00:00,456.79998779296875,456.79998779296875,457.0,456.70001220703125,456.8500061035156,947
2026-04-23 05:49:00+00:00,456.8999938964844,456.8999938964844,457.0,456.70001220703125,456.95001220703125,2492
2026-04-23 05:50:00+00:00,456.54998779296875,456.54998779296875,457.1499938964844,456.54998779296875,457.0,1495
2026-04-23 05:51:00+00:00,456.95001220703125,456.95001220703125,457.1000061035156,456.54998779296875,456.54998779296875,2252
2026-04-23 05:52:00+00:00,456.8999938964844,456.8999938964844,457.1000061035156,456.5,457.1000061035156,2587
2026-04-23 05:53:00+00:00,456.95001220703125,456.95001220703125,457.0,456.75,456.75,2092
2026-04-23 05:54:00+00:00,456.5,456.5,456.75,456.5,456.75,2549
2026-04-23 05:55:00+00:00,456.54998779296875,456.54998779296875,456.79998779296875,456.3500061035156,456.3500061035156,1732
2026-04-23 05:56:00+00:00,457.0,457.0,457.0,456.75,456.95001220703125,1310
2026-04-23 05:57:00+00:00,456.25,456.25,456.6499938964844,456.25,456.6499938964844,5098
2026-04-23 05:58:00+00:00,456.6499938964844,456.6499938964844,456.79998779296875,456.54998779296875,456.54998779296875,1102
2026-04-23 05:59:00+00:00,457.1499938964844,457.1499938964844,457.1499938964844,456.6499938964844,456.6499938964844,2560
2026-04-23 06:00:00+00:00,456.75,456.75,457.04998779296875,456.75,457.0,2331
2026-04-23 06:01:00+00:00,455.6499938964844,455.6499938964844,456.45001220703125,455.54998779296875,456.20001220703125,7853
2026-04-23 06:02:00+00:00,455.45001220703125,455.45001220703125,455.75,455.45001220703125,455.6499938964844,3550
2026-04-23 06:03:00+00:00,455.8999938964844,455.8999938964844,455.8999938964844,455.5,455.79998779296875,3930
2026-04-23 06:04:00+00:00,455.70001220703125,455.70001220703125,455.8999938964844,455.70001220703125,455.70001220703125,2059
2026-04-23 06:05:00+00:00,455.45001220703125,455.45001220703125,455.8999938964844,455.45001220703125,455.70001220703125,432
2026-04-23 06:06:00+00:00,455.45001220703125,455.45001220703125,455.5,455.1000061035156,455.5,4476
2026-04-23 06:07:00+00:00,455.25,455.25,455.5,455.1499938964844,455.3999938964844,1284
2026-04-23 06:08:00+00:00,455.6000061035156,455.6000061035156,455.6000061035156,455.1000061035156,455.25,2447
2026-04-23 06:09:00+00:00,455.79998779296875,455.79998779296875,455.79998779296875,455.45001220703125,455.45001220703125,308
2026-04-23 06:10:00+00:00,455.6000061035156,455.6000061035156,455.8500061035156,455.54998779296875,455.6499938964844,199
2026-04-23 06:11:00+00:00,455.6499938964844,455.6499938964844,455.75,455.6499938964844,455.6499938964844,110
2026-04-23 06:12:00+00:00,455.3500061035156,455.3500061035156,455.6000061035156,455.3500061035156,455.54998779296875,934
2026-04-23 06:13:00+00:00,455.3500061035156,455.3500061035156,455.6000061035156,455.29998779296875,455.54998779296875,397
2026-04-23 06:14:00+00:00,455.5,455.5,455.75,455.04998779296875,455.3500061035156,956
2026-04-23 06:15:00+00:00,455.8999938964844,455.8999938964844,455.95001220703125,455.5,455.6499938964844,1481
2026-04-23 06:16:00+00:00,455.75,455.75,455.8999938964844,455.75,455.8500061035156,461
2026-04-23 06:17:00+00:00,455.5,455.5,455.8999938964844,455.5,455.75,2177
2026-04-23 06:18:00+00:00,455.79998779296875,455.79998779296875,455.79998779296875,455.3500061035156,455.54998779296875,2677
2026-04-23 06:19:00+00:00,455.54998779296875,455.54998779296875,455.79998779296875,455.3999938964844,455.3999938964844,1697
2026-04-23 06:20:00+00:00,456.1499938964844,456.1499938964844,456.1499938964844,455.6000061035156,455.75,642
2026-04-23 06:21:00+00:00,456.5,456.5,456.5,456.1000061035156,456.1000061035156,2672
2026-04-23 06:22:00+00:00,455.8500061035156,455.8500061035156,456.45001220703125,455.8500061035156,456.45001220703125,1894
2026-04-23 06:23:00+00:00,455.95001220703125,455.95001220703125,456.20001220703125,455.95001220703125,456.20001220703125,583
2026-04-23 06:24:00+00:00,456.45001220703125,456.45001220703125,456.45001220703125,455.8500061035156,456.1499938964844,2654
2026-04-23 06:25:00+00:00,456.79998779296875,456.79998779296875,456.79998779296875,456.3999938964844,456.3999938964844,138
2026-04-23 06:26:00+00:00,456.5,456.5,456.6000061035156,456.5,456.54998779296875,3170
2026-04-23 06:27:00+00:00,456.20001220703125,456.20001220703125,456.45001220703125,456.0,456.3999938964844,1284
2026-04-23 06:28:00+00:00,456.3999938964844,456.3999938964844,456.3999938964844,456.25,456.3500061035156,151
2026-04-23 06:29:00+00:00,456.04998779296875,456.04998779296875,456.3999938964844,456.0,456.1499938964844,1783
2026-04-23 06:30:00+00:00,455.6000061035156,455.6000061035156,456.04998779296875,455.5,456.04998779296875,2188
2026-04-23 06:31:00+00:00,455.5,455.5,455.75,455.5,455.75,122
2026-04-23 06:32:00+00:00,455.70001220703125,455.70001220703125,455.95001220703125,455.70001220703125,455.8500061035156,1755
2026-04-23 06:33:00+00:00,455.8999938964844,455.8999938964844,456.0,455.75,456.0,1708
2026-04-23 06:34:00+00:00,455.54998779296875,455.54998779296875,455.8999938964844,455.54998779296875,455.8999938964844,431
2026-04-23 06:35:00+00:00,455.6499938964844,455.6499938964844,455.75,455.54998779296875,455.75,8
2026-04-23 06:36:00+00:00,455.70001220703125,455.70001220703125,455.8500061035156,455.70001220703125,455.70001220703125,1
2026-04-23 06:37:00+00:00,456.1000061035156,456.1000061035156,456.1000061035156,455.75,455.8500061035156,990
2026-04-23 06:38:00+00:00,456.1000061035156,456.1000061035156,456.1000061035156,455.95001220703125,455.95001220703125,971
2026-04-23 06:39:00+00:00,456.3999938964844,456.3999938964844,456.3999938964844,456.04998779296875,456.04998779296875,801
2026-04-23 06:40:00+00:00,456.3999938964844,456.3999938964844,456.45001220703125,456.1000061035156,456.3999938964844,1046
2026-04-23 06:41:00+00:00,456.54998779296875,456.54998779296875,456.6000061035156,456.3500061035156,456.3999938964844,4586
2026-04-23 06:42:00+00:00,457.3999938964844,457.3999938964844,457.3999938964844,457.0,457.0,2306
2026-04-23 06:43:00+00:00,456.6499938964844,456.6499938964844,457.3500061035156,456.6499938964844,457.20001220703125,2606
2026-04-23 06:44:00+00:00,456.95001220703125,456.95001220703125,457.54998779296875,456.6000061035156,456.6000061035156,5823
2026-04-23 06:45:00+00:00,457.45001220703125,457.45001220703125,457.54998779296875,456.6499938964844,456.6499938964844,5615
2026-04-23 06:46:00+00:00,457.8500061035156,457.8500061035156,457.8500061035156,457.5,457.5,1348
2026-04-23 06:47:00+00:00,457.6499938964844,457.6499938964844,457.6499938964844,457.3500061035156,457.54998779296875,1346
2026-04-23 06:48:00+00:00,457.5,457.5,457.6499938964844,457.5,457.54998779296875,1231
2026-04-23 06:49:00+00:00,457.5,457.5,457.5,457.25,457.5,4809
2026-04-23 06:50:00+00:00,457.5,457.5,457.6000061035156,457.5,457.5,1367
2026-04-23 06:51:00+00:00,457.1000061035156,457.1000061035156,457.6000061035156,457.0,457.6000061035156,6688
2026-04-23 06:52:00+00:00,457.54998779296875,457.54998779296875,457.6499938964844,457.54998779296875,457.54998779296875,12491
2026-04-23 06:53:00+00:00,457.20001220703125,457.20001220703125,457.54998779296875,457.20001220703125,457.54998779296875,2803
2026-04-23 06:54:00+00:00,457.6000061035156,457.6000061035156,457.95001220703125,457.29998779296875,457.29998779296875,12048
2026-04-23 06:55:00+00:00,457.20001220703125,457.20001220703125,457.6499938964844,457.20001220703125,457.6499938964844,1262
2026-04-23 06:56:00+00:00,456.3999938964844,456.3999938964844,457.1499938964844,456.3999938964844,457.1499938964844,2212
2026-04-23 06:57:00+00:00,457.1499938964844,457.1499938964844,457.1499938964844,456.1499938964844,456.3999938964844,11883
2026-04-23 06:58:00+00:00,456.8500061035156,456.8500061035156,457.29998779296875,456.8500061035156,457.1499938964844,4957
2026-04-23 06:59:00+00:00,456.70001220703125,456.70001220703125,456.8500061035156,456.54998779296875,456.8500061035156,1863
2026-04-23 07:00:00+00:00,456.5,456.5,456.79998779296875,456.45001220703125,456.5,1801
2026-04-23 07:01:00+00:00,456.6499938964844,456.6499938964844,456.8999938964844,456.29998779296875,456.5,5534
2026-04-23 07:02:00+00:00,457.1499938964844,457.1499938964844,457.20001220703125,456.5,456.70001220703125,4705
2026-04-23 07:03:00+00:00,457.45001220703125,457.45001220703125,457.5,457.1499938964844,457.1499938964844,2934
2026-04-23 07:04:00+00:00,457.70001220703125,457.70001220703125,457.8500061035156,457.3999938964844,457.5,1870
2026-04-23 07:05:00+00:00,457.70001220703125,457.70001220703125,457.8500061035156,457.54998779296875,457.70001220703125,443
2026-04-23 07:06:00+00:00,457.54998779296875,457.54998779296875,457.8500061035156,457.5,457.70001220703125,3831
2026-04-23 07:07:00+00:00,457.8500061035156,457.8500061035156,457.8500061035156,457.54998779296875,457.70001220703125,405
2026-04-23 07:08:00+00:00,458.0,458.0,458.0,457.70001220703125,457.8999938964844,850
2026-04-23 07:09:00+00:00,458.1000061035156,458.1000061035156,458.25,458.0,458.25,2892
2026-04-23 07:10:00+00:00,458.1499938964844,458.1499938964844,458.1499938964844,457.8999938964844,458.1000061035156,1276
2026-04-23 07:11:00+00:00,458.04998779296875,458.04998779296875,458.29998779296875,458.0,458.04998779296875,919
2026-04-23 07:12:00+00:00,456.95001220703125,456.95001220703125,458.1000061035156,456.95001220703125,458.04998779296875,4605
2026-04-23 07:13:00+00:00,457.20001220703125,457.20001220703125,457.29998779296875,457.0,457.0,261
2026-04-23 07:14:00+00:00,457.25,457.25,457.3500061035156,456.75,456.75,16547
2026-04-23 07:15:00+00:00,457.29998779296875,457.29998779296875,457.3500061035156,457.25,457.3500061035156,469
2026-04-23 07:16:00+00:00,457.29998779296875,457.29998779296875,457.3500061035156,457.25,457.29998779296875,460
2026-04-23 07:17:00+00:00,457.3500061035156,457.3500061035156,457.3500061035156,457.25,457.29998779296875,1536
2026-04-23 07:18:00+00:00,457.0,457.0,457.20001220703125,456.8500061035156,457.0,4454
2026-04-23 07:19:00+00:00,456.8999938964844,456.8999938964844,456.8999938964844,456.8500061035156,456.8500061035156,0
2026-04-23 07:20:00+00:00,456.95001220703125,456.95001220703125,457.1000061035156,456.95001220703125,456.95001220703125,204
2026-04-23 07:21:00+00:00,456.95001220703125,456.95001220703125,456.95001220703125,456.95001220703125,456.95001220703125,185
2026-04-23 07:22:00+00:00,456.95001220703125,456.95001220703125,457.1000061035156,456.95001220703125,456.95001220703125,1252
2026-04-23 07:23:00+00:00,457.1000061035156,457.1000061035156,457.1000061035156,457.0,457.1000061035156,202
2026-04-23 07:24:00+00:00,457.29998779296875,457.29998779296875,457.3999938964844,456.95001220703125,456.95001220703125,1515
2026-04-23 07:25:00+00:00,457.45001220703125,457.45001220703125,457.45001220703125,457.29998779296875,457.29998779296875,2240
2026-04-23 07:26:00+00:00,457.3999938964844,457.3999938964844,457.3999938964844,457.29998779296875,457.29998779296875,194
2026-04-23 07:27:00+00:00,457.29998779296875,457.29998779296875,457.3999938964844,457.29998779296875,457.29998779296875,3
2026-04-23 07:28:00+00:00,457.3500061035156,457.3500061035156,457.45001220703125,457.29998779296875,457.45001220703125,889
2026-04-23 07:29:00+00:00,457.3500061035156,457.3500061035156,457.3500061035156,457.3500061035156,457.3500061035156,9
2026-04-23 07:30:00+00:00,457.3500061035156,457.3500061035156,457.3999938964844,457.3500061035156,457.3500061035156,20
2026-04-23 07:31:00+00:00,457.3500061035156,457.3500061035156,457.3999938964844,457.3500061035156,457.3999938964844,15
2026-04-23 07:32:00+00:00,457.1499938964844,457.1499938964844,457.3500061035156,457.1499938964844,457.3500061035156,3208
2026-04-23 07:33:00+00:00,456.5,456.5,456.70001220703125,456.29998779296875,456.45001220703125,6563
2026-04-23 07:34:00+00:00,456.6000061035156,456.6000061035156,456.75,456.54998779296875,456.54998779296875,89
2026-04-23 07:35:00+00:00,456.75,456.75,456.95001220703125,456.45001220703125,456.70001220703125,2579
2026-04-23 07:36:00+00:00,456.8500061035156,456.8500061035156,456.8500061035156,456.6000061035156,456.75,733
2026-04-23 07:37:00+00:00,456.95001220703125,456.95001220703125,456.95001220703125,456.70001220703125,456.70001220703125,355
2026-04-23 07:38:00+00:00,456.79998779296875,456.79998779296875,456.79998779296875,456.79998779296875,456.79998779296875,1515
2026-04-23 07:39:00+00:00,456.79998779296875,456.79998779296875,456.8999938964844,456.79998779296875,456.8999938964844,27
2026-04-23 07:40:00+00:00,456.70001220703125,456.70001220703125,456.8999938964844,456.70001220703125,456.8999938964844,2099
2026-04-23 07:41:00+00:00,456.3999938964844,456.3999938964844,456.8999938964844,456.25,456.70001220703125,13173
2026-04-23 07:42:00+00:00,456.45001220703125,456.45001220703125,456.8500061035156,456.29998779296875,456.54998779296875,3147
2026-04-23 07:43:00+00:00,456.75,456.75,456.95001220703125,456.54998779296875,456.79998779296875,1039
2026-04-23 07:44:00+00:00,456.75,456.75,456.8500061035156,456.75,456.75,530
2026-04-23 07:45:00+00:00,456.75,456.75,456.75,456.75,456.75,1
2026-04-23 07:46:00+00:00,456.45001220703125,456.45001220703125,456.8500061035156,456.29998779296875,456.8500061035156,1417
2026-04-23 07:47:00+00:00,456.5,456.5,456.6499938964844,456.5,456.6499938964844,331
2026-04-23 07:48:00+00:00,456.1499938964844,456.1499938964844,456.3500061035156,456.1499938964844,456.3500061035156,4964
2026-04-23 07:49:00+00:00,456.25,456.25,456.3999938964844,456.25,456.3999938964844,21
2026-04-23 07:50:00+00:00,457.1499938964844,457.1499938964844,457.1499938964844,456.6499938964844,456.6499938964844,1122
2026-04-23 07:51:00+00:00,456.95001220703125,456.95001220703125,457.1499938964844,456.95001220703125,457.1499938964844,494
2026-04-23 07:52:00+00:00,457.3500061035156,457.3500061035156,457.3999938964844,456.95001220703125,457.20001220703125,1306
2026-04-23 07:53:00+00:00,457.5,457.5,457.6499938964844,457.45001220703125,457.5,1291
2026-04-23 07:54:00+00:00,457.5,457.5,457.5,457.3999938964844,457.5,1220
2026-04-23 07:55:00+00:00,457.5,457.5,457.5,457.25,457.45001220703125,3518
2026-04-23 07:56:00+00:00,457.45001220703125,457.45001220703125,457.6000061035156,457.3999938964844,457.3999938964844,2388
2026-04-23 07:57:00+00:00,457.8500061035156,457.8500061035156,457.8500061035156,457.6499938964844,457.6499938964844,800
2026-04-23 07:58:00+00:00,458.25,458.25,458.25,457.6000061035156,457.8500061035156,3401
2026-04-23 07:59:00+00:00,458.1000061035156,458.1000061035156,458.20001220703125,458.1000061035156,458.20001220703125,870
2026-04-23 08:00:00+00:00,457.54998779296875,457.54998779296875,458.1000061035156,457.54998779296875,458.1000061035156,3469
2026-04-23 08:01:00+00:00,457.54998779296875,457.54998779296875,457.54998779296875,457.3500061035156,457.54998779296875,606
2026-04-23 08:02:00+00:00,457.3500061035156,457.3500061035156,457.54998779296875,457.3500061035156,457.5,874
2026-04-23 08:03:00+00:00,457.20001220703125,457.20001220703125,457.3500061035156,457.04998779296875,457.20001220703125,1952
2026-04-23 08:04:00+00:00,456.8999938964844,456.8999938964844,457.20001220703125,456.79998779296875,457.1499938964844,1160
2026-04-23 08:05:00+00:00,457.0,457.0,457.0,456.79998779296875,457.0,1633
2026-04-23 08:06:00+00:00,457.8999938964844,457.8999938964844,457.8999938964844,456.8999938964844,457.1000061035156,19898
2026-04-23 08:07:00+00:00,458.1499938964844,458.1499938964844,458.1499938964844,457.6499938964844,457.95001220703125,3509
2026-04-23 08:08:00+00:00,457.6499938964844,457.6499938964844,458.1499938964844,457.45001220703125,458.1499938964844,823
2026-04-23 08:09:00+00:00,457.70001220703125,457.70001220703125,457.70001220703125,457.5,457.5,1053
2026-04-23 08:10:00+00:00,457.70001220703125,457.70001220703125,457.8500061035156,457.70001220703125,457.70001220703125,96
2026-04-23 08:11:00+00:00,458.70001220703125,458.70001220703125,458.75,457.70001220703125,457.70001220703125,11980
2026-04-23 08:12:00+00:00,458.5,458.5,458.70001220703125,458.20001220703125,458.70001220703125,11936
2026-04-23 08:13:00+00:00,458.1000061035156,458.1000061035156,458.54998779296875,458.1000061035156,458.3999938964844,1328
2026-04-23 08:14:00+00:00,458.29998779296875,458.29998779296875,458.29998779296875,458.1000061035156,458.1000061035156,1935
2026-04-23 08:15:00+00:00,458.25,458.25,458.25,458.1000061035156,458.1000061035156,0
2026-04-23 08:16:00+00:00,458.3500061035156,458.3500061035156,458.5,458.3500061035156,458.5,6059
2026-04-23 08:17:00+00:00,458.45001220703125,458.45001220703125,458.8500061035156,458.20001220703125,458.5,9565
2026-04-23 08:18:00+00:00,458.25,458.25,458.25,458.25,458.25,0
2026-04-23 08:19:00+00:00,458.45001220703125,458.45001220703125,458.5,458.25,458.25,412
2026-04-23 08:20:00+00:00,458.6000061035156,458.6000061035156,458.6000061035156,458.29998779296875,458.5,144
2026-04-23 08:21:00+00:00,458.29998779296875,458.29998779296875,458.8500061035156,458.29998779296875,458.54998779296875,2026
2026-04-23 08:22:00+00:00,458.25,458.25,458.54998779296875,458.25,458.3999938964844,256
2026-04-23 08:23:00+00:00,458.1000061035156,458.1000061035156,458.25,458.1000061035156,458.25,318
2026-04-23 08:24:00+00:00,458.45001220703125,458.45001220703125,458.45001220703125,458.1499938964844,458.1499938964844,1077
2026-04-23 08:25:00+00:00,458.3999938964844,458.3999938964844,458.5,458.20001220703125,458.45001220703125,638
2026-04-23 08:26:00+00:00,458.6000061035156,458.6000061035156,458.75,458.3999938964844,458.3999938964844,92
2026-04-23 08:27:00+00:00,458.70001220703125,458.70001220703125,458.95001220703125,458.70001220703125,458.95001220703125,815
2026-04-23 08:28:00+00:00,458.95001220703125,458.95001220703125,458.95001220703125,458.6499938964844,458.70001220703125,1720
2026-04-23 08:29:00+00:00,458.8500061035156,458.8500061035156,458.95001220703125,458.70001220703125,458.70001220703125,618
2026-04-23 08:30:00+00:00,458.8999938964844,458.8999938964844,458.8999938964844,458.75,458.75,473
2026-04-23 08:31:00+00:00,459.1000061035156,459.1000061035156,459.1000061035156,458.8999938964844,458.8999938964844,2775
2026-04-23 08:32:00+00:00,459.25,459.25,459.3999938964844,459.1000061035156,459.20001220703125,260
2026-04-23 08:33:00+00:00,459.25,459.25,459.54998779296875,459.20001220703125,459.3999938964844,3080
2026-04-23 08:34:00+00:00,459.3999938964844,459.3999938964844,459.75,459.29998779296875,459.29998779296875,5255
2026-04-23 08:35:00+00:00,458.75,458.75,459.1499938964844,458.6000061035156,459.1499938964844,5869
2026-04-23 08:36:00+00:00,458.70001220703125,458.70001220703125,458.75,458.45001220703125,458.70001220703125,1214
2026-04-23 08:37:00+00:00,458.70001220703125,458.70001220703125,458.70001220703125,458.54998779296875,458.54998779296875,4
2026-04-23 08:38:00+00:00,458.54998779296875,458.54998779296875,458.79998779296875,458.54998779296875,458.79998779296875,430
2026-04-23 08:39:00+00:00,458.45001220703125,458.45001220703125,458.54998779296875,458.3999938964844,458.54998779296875,455
2026-04-23 08:40:00+00:00,458.5,458.5,458.5,458.45001220703125,458.5,940
2026-04-23 08:41:00+00:00,458.6000061035156,458.6000061035156,458.79998779296875,458.5,458.5,1674
2026-04-23 08:42:00+00:00,458.6000061035156,458.6000061035156,458.75,458.54998779296875,458.54998779296875,1591
2026-04-23 08:43:00+00:00,458.3500061035156,458.3500061035156,458.3999938964844,458.3500061035156,458.3999938964844,3388
2026-04-23 08:44:00+00:00,458.1000061035156,458.1000061035156,458.3500061035156,458.1000061035156,458.3500061035156,1233
2026-04-23 08:45:00+00:00,458.3500061035156,458.3500061035156,458.5,458.1000061035156,458.1000061035156,727
2026-04-23 08:46:00+00:00,458.3500061035156,458.3500061035156,458.3500061035156,458.3500061035156,458.3500061035156,44
2026-04-23 08:47:00+00:00,458.25,458.25,458.25,458.0,458.1499938964844,3628
2026-04-23 08:48:00+00:00,457.8999938964844,457.8999938964844,458.25,457.8999938964844,458.25,341
2026-04-23 08:49:00+00:00,458.3500061035156,458.3500061035156,458.3500061035156,458.0,458.0,2913
2026-04-23 08:50:00+00:00,457.8999938964844,457.8999938964844,458.20001220703125,457.8999938964844,458.20001220703125,1353
2026-04-23 08:51:00+00:00,458.0,458.0,458.0,458.0,458.0,65
2026-04-23 08:52:00+00:00,458.0,458.0,458.0,458.0,458.0,46
2026-04-23 08:53:00+00:00,458.04998779296875,458.04998779296875,458.1499938964844,458.04998779296875,458.04998779296875,476
2026-04-23 08:54:00+00:00,458.1000061035156,458.1000061035156,458.20001220703125,457.8500061035156,458.04998779296875,1143
2026-04-23 08:55:00+00:00,457.8500061035156,457.8500061035156,457.8500061035156,457.54998779296875,457.8500061035156,2282
2026-04-23 08:56:00+00:00,458.0,458.0,458.0,457.8500061035156,457.95001220703125,1455
2026-04-23 08:57:00+00:00,458.1000061035156,458.1000061035156,458.20001220703125,458.04998779296875,458.04998779296875,354
2026-04-23 08:58:00+00:00,458.1000061035156,458.1000061035156,458.1000061035156,458.0,458.0,1250
2026-04-23 08:59:00+00:00,457.45001220703125,457.45001220703125,458.1000061035156,457.45001220703125,458.1000061035156,2630
2026-04-23 09:00:00+00:00,458.04998779296875,458.04998779296875,458.04998779296875,457.70001220703125,457.70001220703125,4403
2026-04-23 09:01:00+00:00,458.1499938964844,458.1499938964844,458.20001220703125,458.0,458.0,351
2026-04-23 09:02:00+00:00,458.1000061035156,458.1000061035156,458.1000061035156,458.0,458.04998779296875,3826
2026-04-23 09:03:00+00:00,458.1499938964844,458.1499938964844,458.1499938964844,458.1000061035156,458.1000061035156,510
2026-04-23 09:04:00+00:00,457.8500061035156,457.8500061035156,458.1499938964844,457.8500061035156,458.1499938964844,1842
2026-04-23 09:05:00+00:00,457.8500061035156,457.8500061035156,458.0,457.79998779296875,457.79998779296875,807
2026-04-23 09:06:00+00:00,457.8999938964844,457.8999938964844,457.8999938964844,457.8500061035156,457.8500061035156,27
2026-04-23 09:07:00+00:00,457.8999938964844,457.8999938964844,457.8999938964844,457.6000061035156,457.8999938964844,3969
2026-04-23 09:08:00+00:00,458.04998779296875,458.04998779296875,458.04998779296875,457.6000061035156,457.8999938964844,8849
2026-04-23 09:09:00+00:00,458.04998779296875,458.04998779296875,458.04998779296875,457.6000061035156,458.04998779296875,12473
2026-04-23 09:10:00+00:00,458.20001220703125,458.20001220703125,458.20001220703125,458.0,458.1000061035156,1225
2026-04-23 09:11:00+00:00,458.1000061035156,458.1000061035156,458.25,458.1000061035156,458.1000061035156,1089
2026-04-23 09:12:00+00:00,458.5,458.5,458.5,458.20001220703125,458.20001220703125,1824
2026-04-23 09:13:00+00:00,458.20001220703125,458.20001220703125,458.5,458.20001220703125,458.45001220703125,6329
2026-04-23 09:14:00+00:00,458.25,458.25,458.29998779296875,457.45001220703125,457.8500061035156,8995
2026-04-23 09:15:00+00:00,458.8999938964844,458.8999938964844,458.8999938964844,458.04998779296875,458.04998779296875,1484
2026-04-23 09:16:00+00:00,458.95001220703125,458.95001220703125,459.0,458.8999938964844,458.95001220703125,2550
2026-04-23 09:17:00+00:00,459.29998779296875,459.29998779296875,459.29998779296875,459.0,459.0,1685
2026-04-23 09:18:00+00:00,458.95001220703125,458.95001220703125,459.3999938964844,458.95001220703125,459.20001220703125,1444
2026-04-23 09:19:00+00:00,459.1000061035156,459.1000061035156,459.20001220703125,458.95001220703125,459.20001220703125,439
2026-04-23 09:20:00+00:00,459.5,459.5,459.5,459.0,459.0,1561
2026-04-23 09:21:00+00:00,459.3999938964844,459.3999938964844,459.3999938964844,459.3999938964844,459.3999938964844,3277
2026-04-23 09:22:00+00:00,460.0,460.0,460.0,459.1000061035156,459.29998779296875,13027
2026-04-23 09:23:00+00:00,459.79998779296875,459.79998779296875,460.0,459.54998779296875,459.79998779296875,10849
2026-04-23 09:24:00+00:00,459.95001220703125,459.95001220703125,460.1499938964844,459.8999938964844,459.8999938964844,184
2026-04-23 09:25:00+00:00,460.25,460.25,460.5,460.0,460.0,1249
2026-04-23 09:26:00+00:00,460.5,460.5,460.5,460.25,460.25,2792
2026-04-23 09:27:00+00:00,460.20001220703125,460.20001220703125,460.25,460.0,460.25,2523
2026-04-23 09:28:00+00:00,459.75,459.75,460.1499938964844,459.54998779296875,460.04998779296875,1045
2026-04-23 09:29:00+00:00,459.75,459.75,459.75,459.5,459.75,1447
2026-04-23 09:30:00+00:00,460.45001220703125,460.45001220703125,460.45001220703125,459.45001220703125,459.75,9777
2026-04-23 09:31:00+00:00,460.6000061035156,460.6000061035156,460.6499938964844,460.45001220703125,460.45001220703125,6559
2026-04-23 09:32:00+00:00,461.1000061035156,461.1000061035156,461.20001220703125,460.75,460.75,22354
2026-04-23 09:33:00+00:00,460.8999938964844,460.8999938964844,461.04998779296875,460.75,461.0,3008
2026-04-23 09:34:00+00:00,460.75,460.75,461.0,460.6499938964844,460.75,5151
2026-04-23 09:35:00+00:00,460.8999938964844,460.8999938964844,460.8999938964844,460.75,460.75,2718
2026-04-23 09:36:00+00:00,460.70001220703125,460.70001220703125,461.0,460.5,460.8999938964844,13037
2026-04-23 09:37:00+00:00,460.6000061035156,460.6000061035156,460.6000061035156,460.20001220703125,460.5,5310
2026-04-23 09:38:00+00:00,460.25,460.25,460.70001220703125,460.25,460.70001220703125,8448
2026-04-23 09:39:00+00:00,460.1499938964844,460.1499938964844,460.3999938964844,460.1499938964844,460.20001220703125,6966
2026-04-23 09:40:00+00:00,460.25,460.25,460.3999938964844,460.1000061035156,460.3999938964844,6654
2026-04-23 09:41:00+00:00,460.1499938964844,460.1499938964844,460.25,459.8500061035156,460.25,5677
2026-04-23 09:42:00+00:00,460.0,460.0,460.25,459.6000061035156,460.25,16181
2026-04-23 09:43:00+00:00,460.0,460.0,460.1000061035156,459.70001220703125,460.1000061035156,8033
2026-04-23 09:44:00+00:00,460.1499938964844,460.1499938964844,460.25,460.0,460.1499938964844,39322
2026-04-23 09:45:00+00:00,460.1499938964844,460.1499938964844,460.45001220703125,460.0,460.25,13615
2026-04-23 09:46:00+00:00,460.20001220703125,460.20001220703125,460.20001220703125,460.1000061035156,460.1499938964844,5456
2026-04-23 09:47:00+00:00,460.20001220703125,460.20001220703125,460.20001220703125,460.1000061035156,460.1499938964844,2515
2026-04-23 09:48:00+00:00,460.1000061035156,460.1000061035156,460.20001220703125,460.1000061035156,460.1499938964844,6555
2026-04-23 09:49:00+00:00,460.04998779296875,460.04998779296875,460.1000061035156,460.04998779296875,460.1000061035156,5021
2026-04-23 09:50:00+00:00,460.1499938964844,460.1499938964844,460.1499938964844,460.1000061035156,460.1499938964844,1858
2026-04-23 09:51:00+00:00,460.1499938964844,460.1499938964844,460.25,460.0,460.25,4769
2026-04-23 09:52:00+00:00,459.75,459.75,460.1000061035156,459.45001220703125,460.0,16198
2026-04-23 09:53:00+00:00,459.70001220703125,459.70001220703125,459.70001220703125,459.3999938964844,459.3999938964844,926
2026-04-23 09:54:00+00:00,459.5,459.5,459.54998779296875,459.3999938964844,459.45001220703125,5148
2026-04-23 09:55:00+00:00,459.3500061035156,459.3500061035156,459.5,459.3500061035156,459.5,9122
2026-04-23 09:56:00+00:00,459.20001220703125,459.20001220703125,459.20001220703125,458.8500061035156,459.20001220703125,4224
2026-04-23 09:57:00+00:00,458.95001220703125,458.95001220703125,459.1499938964844,458.95001220703125,459.1499938964844,9464
2026-04-23 09:58:00+00:00,458.1499938964844,458.1499938964844,459.04998779296875,458.1499938964844,459.04998779296875,13175
2026-04-23 09:59:00+00:00,459.20001220703125,459.20001220703125,459.20001220703125,458.04998779296875,459.1499938964844,3810
2026-04-24 03:45:00+00:00,459.45001220703125,459.45001220703125,461.20001220703125,459.3500061035156,460.0,0
2026-04-24 03:46:00+00:00,459.75,459.75,459.75,458.25,458.6000061035156,13974
2026-04-24 03:47:00+00:00,458.6499938964844,458.6499938964844,459.79998779296875,458.25,459.79998779296875,11099
2026-04-24 03:48:00+00:00,460.1000061035156,460.1000061035156,460.1000061035156,458.8999938964844,459.25,7658
2026-04-24 03:49:00+00:00,461.20001220703125,461.20001220703125,462.1000061035156,460.6499938964844,461.3999938964844,11574
2026-04-24 03:50:00+00:00,460.3999938964844,460.3999938964844,460.95001220703125,460.3999938964844,460.3999938964844,3321
2026-04-24 03:51:00+00:00,460.1000061035156,460.1000061035156,460.95001220703125,460.1000061035156,460.3999938964844,4675
2026-04-24 03:52:00+00:00,460.54998779296875,460.54998779296875,460.6000061035156,460.1499938964844,460.6000061035156,2074
2026-04-24 03:53:00+00:00,460.5,460.5,461.29998779296875,460.5,461.0,7160
2026-04-24 03:54:00+00:00,460.1000061035156,460.1000061035156,460.6499938964844,460.1000061035156,460.25,10648
2026-04-24 03:55:00+00:00,460.29998779296875,460.29998779296875,460.5,459.8999938964844,460.0,5395
2026-04-24 03:56:00+00:00,458.5,458.5,460.20001220703125,458.5,460.20001220703125,2662
2026-04-24 03:57:00+00:00,458.8500061035156,458.8500061035156,458.8500061035156,458.6499938964844,458.75,4748
2026-04-24 03:58:00+00:00,458.54998779296875,458.54998779296875,458.8500061035156,458.54998779296875,458.75,6023
2026-04-24 03:59:00+00:00,458.79998779296875,458.79998779296875,458.8500061035156,458.6000061035156,458.8500061035156,4371
2026-04-24 04:00:00+00:00,458.75,458.75,459.29998779296875,458.04998779296875,458.04998779296875,19826
2026-04-24 04:01:00+00:00,459.20001220703125,459.20001220703125,459.20001220703125,458.79998779296875,458.79998779296875,733
2026-04-24 04:02:00+00:00,458.04998779296875,458.04998779296875,459.70001220703125,457.6499938964844,459.70001220703125,9772
2026-04-24 04:03:00+00:00,457.70001220703125,457.70001220703125,458.25,457.70001220703125,458.25,622
2026-04-24 04:04:00+00:00,456.5,456.5,457.70001220703125,456.45001220703125,457.70001220703125,8700
2026-04-24 04:05:00+00:00,457.0,457.0,457.20001220703125,456.6000061035156,456.8999938964844,5444
2026-04-24 04:06:00+00:00,456.25,456.25,456.75,456.25,456.3500061035156,1891
2026-04-24 04:07:00+00:00,456.5,456.5,456.75,455.95001220703125,455.95001220703125,11367
2026-04-24 04:08:00+00:00,455.75,455.75,456.29998779296875,455.75,456.1000061035156,1140
2026-04-24 04:09:00+00:00,455.5,455.5,456.1499938964844,455.5,455.8999938964844,1667
2026-04-24 04:10:00+00:00,456.1000061035156,456.1000061035156,456.1000061035156,454.95001220703125,455.3999938964844,8940
2026-04-24 04:11:00+00:00,456.0,456.0,456.1000061035156,455.75,456.1000061035156,870
2026-04-24 04:12:00+00:00,456.1000061035156,456.1000061035156,456.1000061035156,455.8999938964844,456.04998779296875,960
2026-04-24 04:13:00+00:00,455.95001220703125,455.95001220703125,456.1000061035156,455.8999938964844,456.0,1032
2026-04-24 04:14:00+00:00,455.95001220703125,455.95001220703125,456.0,455.6000061035156,455.75,1308
2026-04-24 04:15:00+00:00,456.0,456.0,456.25,455.79998779296875,455.95001220703125,1278
2026-04-24 04:16:00+00:00,456.0,456.0,456.04998779296875,455.70001220703125,456.04998779296875,538
2026-04-24 04:17:00+00:00,455.1499938964844,455.1499938964844,456.0,455.1499938964844,455.95001220703125,1717
2026-04-24 04:18:00+00:00,455.6000061035156,455.6000061035156,455.8999938964844,455.1499938964844,455.1499938964844,8709
2026-04-24 04:19:00+00:00,455.1000061035156,455.1000061035156,455.3999938964844,455.1000061035156,455.3500061035156,1114
2026-04-24 04:20:00+00:00,455.1000061035156,455.1000061035156,455.1499938964844,455.1000061035156,455.1000061035156,445
2026-04-24 04:21:00+00:00,456.29998779296875,456.29998779296875,456.29998779296875,455.20001220703125,455.25,3771
2026-04-24 04:22:00+00:00,456.29998779296875,456.29998779296875,456.6499938964844,456.04998779296875,456.6499938964844,2590
2026-04-24 04:23:00+00:00,456.6499938964844,456.6499938964844,456.6499938964844,456.45001220703125,456.45001220703125,263
2026-04-24 04:24:00+00:00,455.8999938964844,455.8999938964844,456.04998779296875,455.75,456.04998779296875,966
2026-04-24 04:25:00+00:00,455.3999938964844,455.3999938964844,455.3999938964844,455.25,455.25,1058
2026-04-24 04:26:00+00:00,455.45001220703125,455.45001220703125,455.79998779296875,455.25,455.3999938964844,1618
2026-04-24 04:27:00+00:00,455.6499938964844,455.6499938964844,455.6499938964844,455.45001220703125,455.45001220703125,122
2026-04-24 04:28:00+00:00,455.6000061035156,455.6000061035156,455.6499938964844,455.5,455.6499938964844,252
2026-04-24 04:29:00+00:00,455.79998779296875,455.79998779296875,455.79998779296875,455.75,455.79998779296875,609
2026-04-24 04:30:00+00:00,455.79998779296875,455.79998779296875,455.79998779296875,455.54998779296875,455.75,885
2026-04-24 04:31:00+00:00,455.6000061035156,455.6000061035156,455.79998779296875,455.25,455.79998779296875,2153
2026-04-24 04:32:00+00:00,455.20001220703125,455.20001220703125,455.79998779296875,455.20001220703125,455.6000061035156,855
2026-04-24 04:33:00+00:00,455.20001220703125,455.20001220703125,455.3999938964844,455.04998779296875,455.3999938964844,1148
2026-04-24 04:34:00+00:00,455.29998779296875,455.29998779296875,455.29998779296875,455.1000061035156,455.20001220703125,1442
2026-04-24 04:35:00+00:00,455.3500061035156,455.3500061035156,455.3999938964844,455.29998779296875,455.29998779296875,144
2026-04-24 04:36:00+00:00,455.95001220703125,455.95001220703125,455.95001220703125,455.3500061035156,455.3500061035156,3387
2026-04-24 04:37:00+00:00,456.1499938964844,456.1499938964844,456.1499938964844,455.95001220703125,455.95001220703125,741
2026-04-24 04:38:00+00:00,456.25,456.25,456.25,456.1000061035156,456.1499938964844,1397
2026-04-24 04:39:00+00:00,456.1000061035156,456.1000061035156,456.1000061035156,455.95001220703125,455.95001220703125,320
2026-04-24 04:40:00+00:00,455.95001220703125,455.95001220703125,456.1499938964844,455.8999938964844,456.1499938964844,1023
2026-04-24 04:41:00+00:00,456.0,456.0,456.1499938964844,455.79998779296875,455.8999938964844,2048
2026-04-24 04:42:00+00:00,456.0,456.0,456.1499938964844,455.79998779296875,455.79998779296875,535
2026-04-24 04:43:00+00:00,455.6000061035156,455.6000061035156,456.25,455.6000061035156,456.25,272
2026-04-24 04:44:00+00:00,455.5,455.5,455.54998779296875,455.3500061035156,455.3500061035156,267
2026-04-24 04:45:00+00:00,455.25,455.25,455.3999938964844,455.25,455.29998779296875,926
2026-04-24 04:46:00+00:00,455.0,455.0,455.20001220703125,454.95001220703125,455.20001220703125,829
2026-04-24 04:47:00+00:00,455.3500061035156,455.3500061035156,455.3500061035156,455.1000061035156,455.20001220703125,1267
2026-04-24 04:48:00+00:00,455.20001220703125,455.20001220703125,455.29998779296875,455.04998779296875,455.29998779296875,844
2026-04-24 04:49:00+00:00,455.1000061035156,455.1000061035156,455.1499938964844,455.0,455.0,1496
2026-04-24 04:50:00+00:00,454.8999938964844,454.8999938964844,455.25,454.8999938964844,455.1000061035156,672
2026-04-24 04:51:00+00:00,454.70001220703125,454.70001220703125,455.0,454.6000061035156,454.6499938964844,3928
2026-04-24 04:52:00+00:00,454.5,454.5,454.8999938964844,454.5,454.8999938964844,1299
2026-04-24 04:53:00+00:00,454.6000061035156,454.6000061035156,454.6499938964844,454.25,454.25,1995
2026-04-24 04:54:00+00:00,454.6000061035156,454.6000061035156,454.6499938964844,454.45001220703125,454.5,774
2026-04-24 04:55:00+00:00,454.25,454.25,454.3999938964844,454.04998779296875,454.04998779296875,3407
2026-04-24 04:56:00+00:00,454.70001220703125,454.70001220703125,454.75,454.29998779296875,454.29998779296875,712
2026-04-24 04:57:00+00:00,454.75,454.75,454.8500061035156,454.6000061035156,454.75,173
2026-04-24 04:58:00+00:00,454.79998779296875,454.79998779296875,454.79998779296875,454.54998779296875,454.79998779296875,250
2026-04-24 04:59:00+00:00,454.79998779296875,454.79998779296875,454.79998779296875,454.54998779296875,454.79998779296875,311
2026-04-24 05:00:00+00:00,454.3500061035156,454.3500061035156,454.8500061035156,454.1000061035156,454.75,1879
2026-04-24 05:01:00+00:00,454.29998779296875,454.29998779296875,454.45001220703125,454.20001220703125,454.20001220703125,370
2026-04-24 05:02:00+00:00,454.25,454.25,454.29998779296875,454.0,454.29998779296875,2045
2026-04-24 05:03:00+00:00,454.1499938964844,454.1499938964844,454.3500061035156,454.1000061035156,454.1499938964844,248
2026-04-24 05:04:00+00:00,454.20001220703125,454.20001220703125,454.29998779296875,454.0,454.1499938964844,954
2026-04-24 05:05:00+00:00,454.1000061035156,454.1000061035156,454.1499938964844,453.95001220703125,454.1499938964844,1061
2026-04-24 05:06:00+00:00,454.04998779296875,454.04998779296875,454.1000061035156,453.95001220703125,454.0,1918
2026-04-24 05:07:00+00:00,454.1499938964844,454.1499938964844,454.20001220703125,453.95001220703125,453.95001220703125,1192
2026-04-24 05:08:00+00:00,453.95001220703125,453.95001220703125,454.5,453.8999938964844,454.3500061035156,1286
2026-04-24 05:09:00+00:00,454.20001220703125,454.20001220703125,454.20001220703125,453.95001220703125,454.1000061035156,2057
2026-04-24 05:10:00+00:00,454.04998779296875,454.04998779296875,454.25,454.0,454.04998779296875,1120
2026-04-24 05:11:00+00:00,454.0,454.0,454.20001220703125,453.79998779296875,454.1499938964844,1304
2026-04-24 05:12:00+00:00,453.75,453.75,454.0,453.75,454.0,1833
2026-04-24 05:13:00+00:00,453.75,453.75,453.95001220703125,453.75,453.95001220703125,17
2026-04-24 05:14:00+00:00,453.3500061035156,453.3500061035156,453.95001220703125,453.0,453.8500061035156,10336
2026-04-24 05:15:00+00:00,453.8500061035156,453.8500061035156,453.8999938964844,453.1000061035156,453.20001220703125,2634
2026-04-24 05:16:00+00:00,453.75,453.75,454.1000061035156,453.5,453.95001220703125,5742
2026-04-24 05:17:00+00:00,453.6000061035156,453.6000061035156,453.75,453.54998779296875,453.6000061035156,1172
2026-04-24 05:18:00+00:00,453.5,453.5,453.8500061035156,453.5,453.6499938964844,1433
2026-04-24 05:19:00+00:00,453.6000061035156,453.6000061035156,453.6000061035156,453.20001220703125,453.5,5891
2026-04-24 05:20:00+00:00,453.75,453.75,453.79998779296875,453.6000061035156,453.79998779296875,192
2026-04-24 05:21:00+00:00,453.79998779296875,453.79998779296875,453.8999938964844,453.75,453.79998779296875,586
2026-04-24 05:22:00+00:00,453.54998779296875,453.54998779296875,453.95001220703125,453.54998779296875,453.8999938964844,1315
2026-04-24 05:23:00+00:00,453.8500061035156,453.8500061035156,453.8500061035156,453.54998779296875,453.6000061035156,56
2026-04-24 05:24:00+00:00,454.04998779296875,454.04998779296875,454.3500061035156,453.70001220703125,453.70001220703125,672
2026-04-24 05:25:00+00:00,454.20001220703125,454.20001220703125,454.25,453.95001220703125,454.25,207
2026-04-24 05:26:00+00:00,453.8500061035156,453.8500061035156,454.1000061035156,453.8500061035156,454.04998779296875,57
2026-04-24 05:27:00+00:00,453.54998779296875,453.54998779296875,453.8500061035156,453.5,453.8500061035156,859
2026-04-24 05:28:00+00:00,453.3999938964844,453.3999938964844,453.54998779296875,453.04998779296875,453.54998779296875,2201
2026-04-24 05:29:00+00:00,453.3999938964844,453.3999938964844,453.3999938964844,453.20001220703125,453.29998779296875,266
2026-04-24 05:30:00+00:00,453.1499938964844,453.1499938964844,453.3999938964844,453.0,453.3999938964844,465
2026-04-24 05:31:00+00:00,452.8999938964844,452.8999938964844,453.1000061035156,452.70001220703125,453.1000061035156,1759
2026-04-24 05:32:00+00:00,452.8500061035156,452.8500061035156,453.1499938964844,452.8500061035156,452.95001220703125,5850
2026-04-24 05:33:00+00:00,452.79998779296875,452.79998779296875,453.0,452.6000061035156,452.8500061035156,5650
2026-04-24 05:34:00+00:00,452.5,452.5,452.8999938964844,452.45001220703125,452.8999938964844,7915
2026-04-24 05:35:00+00:00,452.70001220703125,452.70001220703125,452.70001220703125,452.20001220703125,452.3500061035156,3605
2026-04-24 05:36:00+00:00,452.25,452.25,453.1000061035156,452.1499938964844,452.6000061035156,11159
2026-04-24 05:37:00+00:00,452.25,452.25,452.3500061035156,452.1000061035156,452.20001220703125,410
2026-04-24 05:38:00+00:00,452.25,452.25,452.5,452.25,452.29998779296875,637
2026-04-24 05:39:00+00:00,452.25,452.25,452.54998779296875,452.20001220703125,452.20001220703125,911
2026-04-24 05:40:00+00:00,452.20001220703125,452.20001220703125,452.3999938964844,452.1000061035156,452.3999938964844,1544
2026-04-24 05:41:00+00:00,451.6000061035156,451.6000061035156,452.3500061035156,451.6000061035156,452.1499938964844,2508
2026-04-24 05:42:00+00:00,451.6499938964844,451.6499938964844,451.79998779296875,451.6000061035156,451.6000061035156,320
2026-04-24 05:43:00+00:00,451.3500061035156,451.3500061035156,451.75,451.3500061035156,451.54998779296875,3334
2026-04-24 05:44:00+00:00,451.8500061035156,451.8500061035156,451.95001220703125,451.3999938964844,451.45001220703125,4124
2026-04-24 05:45:00+00:00,451.45001220703125,451.45001220703125,451.8500061035156,451.25,451.8500061035156,7493
2026-04-24 05:46:00+00:00,450.3999938964844,450.3999938964844,451.70001220703125,450.25,451.6000061035156,24750
2026-04-24 05:47:00+00:00,450.3999938964844,450.3999938964844,450.6000061035156,450.29998779296875,450.54998779296875,3067
2026-04-24 05:48:00+00:00,450.6000061035156,450.6000061035156,450.79998779296875,450.6000061035156,450.6000061035156,13806
2026-04-24 05:49:00+00:00,450.54998779296875,450.54998779296875,450.75,450.45001220703125,450.75,2973
2026-04-24 05:50:00+00:00,450.6499938964844,450.6499938964844,450.8999938964844,450.54998779296875,450.54998779296875,3479
2026-04-24 05:51:00+00:00,450.3500061035156,450.3500061035156,450.70001220703125,450.3500061035156,450.6000061035156,771
2026-04-24 05:52:00+00:00,450.5,450.5,451.0,450.5,451.0,2298
2026-04-24 05:53:00+00:00,450.6000061035156,450.6000061035156,450.8500061035156,450.5,450.6000061035156,3097
2026-04-24 05:54:00+00:00,450.5,450.5,450.8999938964844,450.5,450.6499938964844,5578
2026-04-24 05:55:00+00:00,450.54998779296875,450.54998779296875,450.6499938964844,450.5,450.5,68
2026-04-24 05:56:00+00:00,450.5,450.5,450.70001220703125,450.5,450.70001220703125,2751
2026-04-24 05:57:00+00:00,450.3500061035156,450.3500061035156,450.5,450.29998779296875,450.3500061035156,2115
2026-04-24 05:58:00+00:00,450.29998779296875,450.29998779296875,450.5,450.29998779296875,450.5,192
2026-04-24 05:59:00+00:00,450.45001220703125,450.45001220703125,450.6499938964844,450.04998779296875,450.29998779296875,12398
2026-04-24 06:00:00+00:00,450.6000061035156,450.6000061035156,450.75,450.45001220703125,450.45001220703125,1398
2026-04-24 06:01:00+00:00,450.70001220703125,450.70001220703125,450.75,450.6499938964844,450.6499938964844,8081
2026-04-24 06:02:00+00:00,450.54998779296875,450.54998779296875,450.75,450.54998779296875,450.6499938964844,797
2026-04-24 06:03:00+00:00,449.70001220703125,449.70001220703125,450.70001220703125,449.70001220703125,450.70001220703125,104906
2026-04-24 06:04:00+00:00,449.70001220703125,449.70001220703125,449.8500061035156,449.5,449.5,94903
2026-04-24 06:05:00+00:00,450.5,450.5,450.5,449.6000061035156,449.6000061035156,4341
2026-04-24 06:06:00+00:00,450.25,450.25,450.3500061035156,450.1000061035156,450.25,862
2026-04-24 06:07:00+00:00,450.1499938964844,450.1499938964844,450.20001220703125,450.04998779296875,450.20001220703125,312
2026-04-24 06:08:00+00:00,450.8999938964844,450.8999938964844,451.0,450.25,450.25,2190
2026-04-24 06:09:00+00:00,451.1000061035156,451.1000061035156,451.29998779296875,450.95001220703125,451.04998779296875,5549
2026-04-24 06:10:00+00:00,450.3500061035156,450.3500061035156,451.29998779296875,450.3500061035156,451.20001220703125,1259
2026-04-24 06:11:00+00:00,450.95001220703125,450.95001220703125,450.95001220703125,450.3999938964844,450.3999938964844,134
2026-04-24 06:12:00+00:00,450.6499938964844,450.6499938964844,450.75,450.5,450.75,42
2026-04-24 06:13:00+00:00,450.8999938964844,450.8999938964844,451.04998779296875,450.6000061035156,450.6000061035156,103
2026-04-24 06:14:00+00:00,450.79998779296875,450.79998779296875,451.0,450.79998779296875,451.0,1526
2026-04-24 06:15:00+00:00,450.6499938964844,450.6499938964844,450.8500061035156,450.6000061035156,450.8500061035156,303
2026-04-24 06:16:00+00:00,450.95001220703125,450.95001220703125,451.25,450.95001220703125,451.1499938964844,1997
2026-04-24 06:17:00+00:00,451.0,451.0,451.1499938964844,451.0,451.1499938964844,536
2026-04-24 06:18:00+00:00,450.8999938964844,450.8999938964844,450.95001220703125,450.5,450.8500061035156,372
2026-04-24 06:19:00+00:00,450.95001220703125,450.95001220703125,451.1499938964844,450.79998779296875,451.04998779296875,76
2026-04-24 06:20:00+00:00,450.3999938964844,450.3999938964844,451.1499938964844,450.3500061035156,451.04998779296875,900
2026-04-24 06:21:00+00:00,450.70001220703125,450.70001220703125,451.1499938964844,450.6000061035156,450.6000061035156,861
2026-04-24 06:22:00+00:00,450.5,450.5,450.6000061035156,450.5,450.54998779296875,150
2026-04-24 06:23:00+00:00,450.6000061035156,450.6000061035156,450.6499938964844,450.25,450.6000061035156,815
2026-04-24 06:24:00+00:00,450.25,450.25,450.45001220703125,450.04998779296875,450.45001220703125,1287
2026-04-24 06:25:00+00:00,450.25,450.25,450.3500061035156,450.20001220703125,450.29998779296875,317
2026-04-24 06:26:00+00:00,450.29998779296875,450.29998779296875,450.5,450.20001220703125,450.25,876
2026-04-24 06:27:00+00:00,450.3500061035156,450.3500061035156,450.3999938964844,450.29998779296875,450.29998779296875,137
2026-04-24 06:28:00+00:00,450.20001220703125,450.20001220703125,450.3500061035156,450.20001220703125,450.3500061035156,568
2026-04-24 06:29:00+00:00,450.20001220703125,450.20001220703125,450.3500061035156,450.20001220703125,450.25,82
2026-04-24 06:30:00+00:00,450.20001220703125,450.20001220703125,450.3999938964844,450.20001220703125,450.3999938964844,371
2026-04-24 06:31:00+00:00,450.20001220703125,450.20001220703125,450.20001220703125,450.20001220703125,450.20001220703125,1283
2026-04-24 06:32:00+00:00,450.3500061035156,450.3500061035156,450.3999938964844,450.20001220703125,450.25,131
2026-04-24 06:33:00+00:00,450.54998779296875,450.54998779296875,450.54998779296875,450.3500061035156,450.3500061035156,25
2026-04-24 06:34:00+00:00,450.8999938964844,450.8999938964844,450.95001220703125,450.3999938964844,450.5,2054
2026-04-24 06:35:00+00:00,450.25,450.25,451.20001220703125,450.25,450.95001220703125,2096
2026-04-24 06:36:00+00:00,450.5,450.5,450.6000061035156,450.25,450.5,775
2026-04-24 06:37:00+00:00,450.29998779296875,450.29998779296875,450.5,450.25,450.3500061035156,422
2026-04-24 06:38:00+00:00,450.29998779296875,450.29998779296875,450.5,450.25,450.3999938964844,345
2026-04-24 06:39:00+00:00,450.25,450.25,450.3999938964844,450.25,450.29998779296875,97
2026-04-24 06:40:00+00:00,450.3500061035156,450.3500061035156,450.5,450.25,450.45001220703125,100
2026-04-24 06:41:00+00:00,450.75,450.75,450.75,450.3999938964844,450.5,1783
2026-04-24 06:42:00+00:00,450.5,450.5,450.8999938964844,450.45001220703125,450.75,976
2026-04-24 06:43:00+00:00,450.54998779296875,450.54998779296875,450.54998779296875,450.29998779296875,450.5,896
2026-04-24 06:44:00+00:00,450.6000061035156,450.6000061035156,450.70001220703125,450.3500061035156,450.54998779296875,135
2026-04-24 06:45:00+00:00,450.29998779296875,450.29998779296875,450.75,450.29998779296875,450.75,108
2026-04-24 06:46:00+00:00,450.25,450.25,450.3999938964844,450.25,450.29998779296875,434
2026-04-24 06:47:00+00:00,450.45001220703125,450.45001220703125,450.5,450.25,450.25,183
2026-04-24 06:48:00+00:00,450.25,450.25,450.54998779296875,450.25,450.5,959
2026-04-24 06:49:00+00:00,450.3999938964844,450.3999938964844,450.5,450.25,450.5,637
2026-04-24 06:50:00+00:00,450.25,450.25,450.45001220703125,450.25,450.25,177
2026-04-24 06:51:00+00:00,450.45001220703125,450.45001220703125,450.5,450.25,450.3999938964844,291
2026-04-24 06:52:00+00:00,450.25,450.25,450.3999938964844,450.20001220703125,450.29998779296875,2598
2026-04-24 06:53:00+00:00,449.79998779296875,449.79998779296875,450.1499938964844,449.6499938964844,450.1499938964844,1591
2026-04-24 06:54:00+00:00,449.95001220703125,449.95001220703125,449.95001220703125,449.6499938964844,449.79998779296875,5518
2026-04-24 06:55:00+00:00,450.04998779296875,450.04998779296875,450.04998779296875,449.6499938964844,449.8999938964844,1087
2026-04-24 06:56:00+00:00,449.95001220703125,449.95001220703125,450.0,449.75,449.75,455
2026-04-24 06:57:00+00:00,450.0,450.0,450.0,449.70001220703125,449.70001220703125,1243
2026-04-24 06:58:00+00:00,450.0,450.0,450.0,449.75,450.0,427
2026-04-24 06:59:00+00:00,450.0,450.0,450.0,449.95001220703125,450.0,1040
2026-04-24 07:00:00+00:00,450.20001220703125,450.20001220703125,450.3500061035156,450.1499938964844,450.1499938964844,265
2026-04-24 07:01:00+00:00,450.3500061035156,450.3500061035156,450.3500061035156,450.20001220703125,450.25,1015
2026-04-24 07:02:00+00:00,449.95001220703125,449.95001220703125,450.3500061035156,449.95001220703125,450.20001220703125,2664
2026-04-24 07:03:00+00:00,450.0,450.0,450.0,449.95001220703125,449.95001220703125,195
2026-04-24 07:04:00+00:00,450.1000061035156,450.1000061035156,450.1000061035156,450.1000061035156,450.1000061035156,10
2026-04-24 07:05:00+00:00,450.20001220703125,450.20001220703125,450.25,450.1499938964844,450.1499938964844,162
2026-04-24 07:06:00+00:00,450.25,450.25,450.5,450.20001220703125,450.3500061035156,46
2026-04-24 07:07:00+00:00,450.5,450.5,450.5,450.25,450.45001220703125,224
2026-04-24 07:08:00+00:00,450.8500061035156,450.8500061035156,451.25,450.3500061035156,450.3500061035156,4218
2026-04-24 07:09:00+00:00,450.75,450.75,451.1000061035156,450.75,450.8500061035156,790
2026-04-24 07:10:00+00:00,450.75,450.75,451.1499938964844,450.75,450.8999938964844,207
2026-04-24 07:11:00+00:00,450.5,450.5,451.20001220703125,450.3999938964844,450.75,6016
2026-04-24 07:12:00+00:00,450.3500061035156,450.3500061035156,450.79998779296875,450.29998779296875,450.6000061035156,2236
2026-04-24 07:13:00+00:00,450.3999938964844,450.3999938964844,450.5,450.3500061035156,450.3500061035156,403
2026-04-24 07:14:00+00:00,450.29998779296875,450.29998779296875,450.54998779296875,450.29998779296875,450.3999938964844,734
2026-04-24 07:15:00+00:00,450.45001220703125,450.45001220703125,450.45001220703125,450.25,450.25,281
2026-04-24 07:16:00+00:00,450.45001220703125,450.45001220703125,450.45001220703125,450.29998779296875,450.3500061035156,85
2026-04-24 07:17:00+00:00,450.3500061035156,450.3500061035156,450.5,450.25,450.3999938964844,305
2026-04-24 07:18:00+00:00,450.3500061035156,450.3500061035156,450.5,450.3500061035156,450.3500061035156,309
2026-04-24 07:19:00+00:00,450.3999938964844,450.3999938964844,450.6000061035156,450.3500061035156,450.6000061035156,199
2026-04-24 07:20:00+00:00,451.29998779296875,451.29998779296875,451.29998779296875,450.3999938964844,450.3999938964844,86
2026-04-24 07:21:00+00:00,451.04998779296875,451.04998779296875,451.6499938964844,451.04998779296875,451.6499938964844,2080
2026-04-24 07:22:00+00:00,451.04998779296875,451.04998779296875,451.29998779296875,451.0,451.25,1234
2026-04-24 07:23:00+00:00,452.0,452.0,452.3999938964844,451.25,451.25,3595
2026-04-24 07:24:00+00:00,451.54998779296875,451.54998779296875,451.6499938964844,451.54998779296875,451.6499938964844,1870
2026-04-24 07:25:00+00:00,451.3500061035156,451.3500061035156,451.70001220703125,451.29998779296875,451.70001220703125,1330
2026-04-24 07:26:00+00:00,451.75,451.75,452.04998779296875,451.5,451.6000061035156,5382
2026-04-24 07:27:00+00:00,451.1499938964844,451.1499938964844,451.75,451.1499938964844,451.75,174
2026-04-24 07:28:00+00:00,450.70001220703125,450.70001220703125,451.1000061035156,450.70001220703125,450.79998779296875,1506
2026-04-24 07:29:00+00:00,451.0,451.0,451.0,450.70001220703125,450.8999938964844,7069
2026-04-24 07:30:00+00:00,450.3999938964844,450.3999938964844,451.0,450.3999938964844,451.0,2889
2026-04-24 07:31:00+00:00,450.1499938964844,450.1499938964844,450.45001220703125,450.1000061035156,450.3999938964844,1668
2026-04-24 07:32:00+00:00,450.1000061035156,450.1000061035156,450.45001220703125,450.1000061035156,450.25,550
2026-04-24 07:33:00+00:00,450.1000061035156,450.1000061035156,450.1000061035156,449.8999938964844,449.8999938964844,912
2026-04-24 07:34:00+00:00,449.8500061035156,449.8500061035156,450.1000061035156,449.8500061035156,450.04998779296875,351
2026-04-24 07:35:00+00:00,450.1000061035156,450.1000061035156,450.1499938964844,449.8500061035156,449.8500061035156,11
2026-04-24 07:36:00+00:00,450.1000061035156,450.1000061035156,450.1499938964844,450.0,450.0,184
2026-04-24 07:37:00+00:00,450.20001220703125,450.20001220703125,450.20001220703125,450.0,450.0,1331
2026-04-24 07:38:00+00:00,450.1499938964844,450.1499938964844,450.29998779296875,450.1499938964844,450.20001220703125,269
2026-04-24 07:39:00+00:00,450.04998779296875,450.04998779296875,450.04998779296875,450.04998779296875,450.04998779296875,54
2026-04-24 07:40:00+00:00,450.1499938964844,450.1499938964844,450.1499938964844,450.0,450.1499938964844,1043
2026-04-24 07:41:00+00:00,450.04998779296875,450.04998779296875,450.04998779296875,450.04998779296875,450.04998779296875,4
2026-04-24 07:42:00+00:00,450.25,450.25,450.25,450.04998779296875,450.04998779296875,142
2026-04-24 07:43:00+00:00,450.1000061035156,450.1000061035156,450.25,450.1000061035156,450.25,559
2026-04-24 07:44:00+00:00,450.20001220703125,450.20001220703125,450.20001220703125,450.1000061035156,450.1000061035156,35
2026-04-24 07:45:00+00:00,450.20001220703125,450.20001220703125,450.25,450.04998779296875,450.25,370
2026-04-24 07:46:00+00:00,450.04998779296875,450.04998779296875,450.20001220703125,450.04998779296875,450.20001220703125,178
2026-04-24 07:47:00+00:00,449.75,449.75,450.20001220703125,449.75,450.04998779296875,5089
2026-04-24 07:48:00+00:00,449.8999938964844,449.8999938964844,449.8999938964844,449.79998779296875,449.79998779296875,532
2026-04-24 07:49:00+00:00,449.8999938964844,449.8999938964844,449.8999938964844,449.70001220703125,449.8999938964844,655
2026-04-24 07:50:00+00:00,450.0,450.0,450.1499938964844,450.0,450.0,191
2026-04-24 07:51:00+00:00,450.25,450.25,450.25,450.1499938964844,450.1499938964844,27
2026-04-24 07:52:00+00:00,450.25,450.25,450.25,450.25,450.25,147
2026-04-24 07:53:00+00:00,450.04998779296875,450.04998779296875,450.1499938964844,450.04998779296875,450.1499938964844,996
2026-04-24 07:54:00+00:00,450.1000061035156,450.1000061035156,450.1000061035156,450.04998779296875,450.04998779296875,36
2026-04-24 07:55:00+00:00,450.04998779296875,450.04998779296875,450.1000061035156,450.04998779296875,450.1000061035156,152
2026-04-24 07:56:00+00:00,450.1000061035156,450.1000061035156,450.1000061035156,450.04998779296875,450.1000061035156,282
2026-04-24 07:57:00+00:00,449.6000061035156,449.6000061035156,450.04998779296875,449.54998779296875,450.04998779296875,872
2026-04-24 07:58:00+00:00,449.5,449.5,449.5,449.5,449.5,827
2026-04-24 07:59:00+00:00,449.5,449.5,449.5,449.5,449.5,66
2026-04-24 08:00:00+00:00,449.5,449.5,449.5,449.5,449.5,397
2026-04-24 08:01:00+00:00,450.0,450.0,450.1000061035156,449.6000061035156,449.6000061035156,10837
2026-04-24 08:02:00+00:00,449.6000061035156,449.6000061035156,449.8999938964844,449.54998779296875,449.6499938964844,849
2026-04-24 08:03:00+00:00,450.0,450.0,450.0,449.5,449.5,445
2026-04-24 08:04:00+00:00,449.6000061035156,449.6000061035156,449.79998779296875,449.5,449.79998779296875,1559
2026-04-24 08:05:00+00:00,449.6000061035156,449.6000061035156,449.6000061035156,449.54998779296875,449.54998779296875,0
2026-04-24 08:06:00+00:00,449.25,449.25,449.6000061035156,449.25,449.6000061035156,8432
2026-04-24 08:07:00+00:00,449.3999938964844,449.3999938964844,449.3999938964844,449.29998779296875,449.3999938964844,268
2026-04-24 08:08:00+00:00,448.6499938964844,448.6499938964844,448.6499938964844,448.25,448.25,11473
2026-04-24 08:09:00+00:00,448.8500061035156,448.8500061035156,448.8500061035156,448.5,448.6499938964844,3764
2026-04-24 08:10:00+00:00,448.8999938964844,448.8999938964844,448.8999938964844,448.54998779296875,448.6000061035156,4308
2026-04-24 08:11:00+00:00,448.8999938964844,448.8999938964844,449.1499938964844,448.8500061035156,448.95001220703125,0
2026-04-24 08:12:00+00:00,448.6499938964844,448.6499938964844,448.8500061035156,448.54998779296875,448.54998779296875,1531
2026-04-24 08:13:00+00:00,448.3999938964844,448.3999938964844,448.70001220703125,448.3999938964844,448.70001220703125,2770
2026-04-24 08:14:00+00:00,448.6499938964844,448.6499938964844,448.79998779296875,448.3999938964844,448.3999938964844,1089
2026-04-24 08:15:00+00:00,448.8999938964844,448.8999938964844,448.8999938964844,448.70001220703125,448.79998779296875,566
2026-04-24 08:16:00+00:00,449.0,449.0,449.1499938964844,448.79998779296875,448.8999938964844,989
2026-04-24 08:17:00+00:00,449.0,449.0,449.04998779296875,449.0,449.04998779296875,0
2026-04-24 08:18:00+00:00,449.20001220703125,449.20001220703125,449.20001220703125,449.1000061035156,449.20001220703125,318
2026-04-24 08:19:00+00:00,449.29998779296875,449.29998779296875,449.3999938964844,449.25,449.25,1705
2026-04-24 08:20:00+00:00,449.3999938964844,449.3999938964844,449.3999938964844,449.25,449.25,13
2026-04-24 08:21:00+00:00,449.29998779296875,449.29998779296875,449.5,449.29998779296875,449.45001220703125,222
2026-04-24 08:22:00+00:00,449.0,449.0,449.29998779296875,449.0,449.25,425
2026-04-24 08:23:00+00:00,448.95001220703125,448.95001220703125,449.0,448.95001220703125,449.0,3654
2026-04-24 08:24:00+00:00,449.29998779296875,449.29998779296875,449.3999938964844,449.04998779296875,449.04998779296875,0
2026-04-24 08:25:00+00:00,449.3500061035156,449.3500061035156,449.3500061035156,449.1000061035156,449.1000061035156,126
2026-04-24 08:26:00+00:00,449.1499938964844,449.1499938964844,449.1499938964844,449.1499938964844,449.1499938964844,440
2026-04-24 08:27:00+00:00,448.95001220703125,448.95001220703125,449.20001220703125,448.95001220703125,449.1499938964844,775
2026-04-24 08:28:00+00:00,449.20001220703125,449.20001220703125,449.20001220703125,448.8999938964844,448.8999938964844,712
2026-04-24 08:29:00+00:00,449.3500061035156,449.3500061035156,449.3999938964844,449.29998779296875,449.29998779296875,148
2026-04-24 08:30:00+00:00,449.3999938964844,449.3999938964844,449.3999938964844,449.3500061035156,449.3500061035156,468
2026-04-24 08:31:00+00:00,449.6000061035156,449.6000061035156,449.6000061035156,449.6000061035156,449.6000061035156,0
2026-04-24 08:32:00+00:00,449.3999938964844,449.3999938964844,449.79998779296875,449.1000061035156,449.54998779296875,1945
2026-04-24 08:33:00+00:00,449.54998779296875,449.54998779296875,449.54998779296875,449.3500061035156,449.3999938964844,120
2026-04-24 08:34:00+00:00,449.3500061035156,449.3500061035156,449.5,449.3500061035156,449.5,645
2026-04-24 08:35:00+00:00,449.25,449.25,449.3500061035156,449.25,449.3500061035156,118
2026-04-24 08:36:00+00:00,449.1000061035156,449.1000061035156,449.20001220703125,448.8999938964844,449.20001220703125,1335
2026-04-24 08:37:00+00:00,448.95001220703125,448.95001220703125,449.0,448.79998779296875,448.79998779296875,239
2026-04-24 08:38:00+00:00,448.8500061035156,448.8500061035156,448.8500061035156,448.79998779296875,448.79998779296875,8594
2026-04-24 08:39:00+00:00,448.8500061035156,448.8500061035156,448.8500061035156,448.6000061035156,448.8500061035156,1172
2026-04-24 08:40:00+00:00,448.8999938964844,448.8999938964844,449.04998779296875,448.8500061035156,448.8500061035156,1163
2026-04-24 08:41:00+00:00,448.75,448.75,448.95001220703125,448.75,448.95001220703125,66
2026-04-24 08:42:00+00:00,448.8500061035156,448.8500061035156,449.04998779296875,448.8500061035156,449.04998779296875,341
2026-04-24 08:43:00+00:00,448.6499938964844,448.6499938964844,449.04998779296875,448.6499938964844,449.04998779296875,371
2026-04-24 08:44:00+00:00,448.95001220703125,448.95001220703125,449.0,448.75,449.0,257
2026-04-24 08:45:00+00:00,448.75,448.75,448.8999938964844,448.75,448.8999938964844,198
2026-04-24 08:46:00+00:00,448.95001220703125,448.95001220703125,448.95001220703125,448.79998779296875,448.95001220703125,0
2026-04-24 08:47:00+00:00,449.20001220703125,449.20001220703125,449.29998779296875,448.95001220703125,448.95001220703125,840
2026-04-24 08:48:00+00:00,449.04998779296875,449.04998779296875,449.20001220703125,448.79998779296875,449.20001220703125,783
2026-04-24 08:49:00+00:00,449.1000061035156,449.1000061035156,449.3999938964844,449.1000061035156,449.3500061035156,1169
2026-04-24 08:50:00+00:00,449.04998779296875,449.04998779296875,449.3999938964844,449.04998779296875,449.1499938964844,782
2026-04-24 08:51:00+00:00,449.45001220703125,449.45001220703125,449.45001220703125,449.3500061035156,449.3999938964844,203
2026-04-24 08:52:00+00:00,449.6000061035156,449.6000061035156,449.70001220703125,449.04998779296875,449.3500061035156,9055
2026-04-24 08:53:00+00:00,449.25,449.25,449.54998779296875,448.79998779296875,449.5,3297
2026-04-24 08:54:00+00:00,449.6000061035156,449.6000061035156,449.6000061035156,448.95001220703125,448.95001220703125,7382
2026-04-24 08:55:00+00:00,450.0,450.0,450.0,449.54998779296875,449.75,13054
2026-04-24 08:56:00+00:00,450.1499938964844,450.1499938964844,450.3999938964844,449.95001220703125,450.0,6874
2026-04-24 08:57:00+00:00,450.45001220703125,450.45001220703125,450.79998779296875,450.1499938964844,450.1499938964844,34978
2026-04-24 08:58:00+00:00,450.5,450.5,450.70001220703125,450.45001220703125,450.70001220703125,5409
2026-04-24 08:59:00+00:00,450.3500061035156,450.3500061035156,450.6499938964844,450.25,450.6499938964844,8574
2026-04-24 09:00:00+00:00,450.45001220703125,450.45001220703125,450.5,450.1499938964844,450.29998779296875,3694
2026-04-24 09:01:00+00:00,450.54998779296875,450.54998779296875,450.70001220703125,450.3500061035156,450.70001220703125,2994
2026-04-24 09:02:00+00:00,450.20001220703125,450.20001220703125,450.6000061035156,450.20001220703125,450.5,1981
2026-04-24 09:03:00+00:00,450.29998779296875,450.29998779296875,450.45001220703125,450.1499938964844,450.20001220703125,1991
2026-04-24 09:04:00+00:00,449.8500061035156,449.8500061035156,450.20001220703125,449.8500061035156,450.04998779296875,2425
2026-04-24 09:05:00+00:00,449.8500061035156,449.8500061035156,450.20001220703125,449.70001220703125,449.8500061035156,4470
2026-04-24 09:06:00+00:00,450.5,450.5,450.5,450.0,450.1000061035156,8230
2026-04-24 09:07:00+00:00,450.1000061035156,450.1000061035156,450.29998779296875,450.1000061035156,450.29998779296875,329
2026-04-24 09:08:00+00:00,450.0,450.0,450.25,449.95001220703125,450.1000061035156,2174
2026-04-24 09:09:00+00:00,450.25,450.25,450.25,450.04998779296875,450.25,5053
2026-04-24 09:10:00+00:00,450.29998779296875,450.29998779296875,450.5,450.1000061035156,450.1000061035156,5855
2026-04-24 09:11:00+00:00,451.0,451.0,451.0,450.04998779296875,450.3500061035156,34564
2026-04-24 09:12:00+00:00,451.0,451.0,451.0,450.54998779296875,450.6499938964844,3903
2026-04-24 09:13:00+00:00,451.0,451.0,451.29998779296875,450.6000061035156,451.1000061035156,11046
2026-04-24 09:14:00+00:00,450.8500061035156,450.8500061035156,451.20001220703125,450.8500061035156,451.20001220703125,2963
2026-04-24 09:15:00+00:00,451.1499938964844,451.1499938964844,451.20001220703125,450.6499938964844,450.6499938964844,6197
2026-04-24 09:16:00+00:00,451.04998779296875,451.04998779296875,451.29998779296875,450.95001220703125,451.04998779296875,16114
2026-04-24 09:17:00+00:00,451.3999938964844,451.3999938964844,451.5,451.1499938964844,451.1499938964844,8800
2026-04-24 09:18:00+00:00,451.5,451.5,451.5,451.1499938964844,451.29998779296875,4636
2026-04-24 09:19:00+00:00,451.3999938964844,451.3999938964844,451.5,451.3500061035156,451.3500061035156,489
2026-04-24 09:20:00+00:00,451.1000061035156,451.1000061035156,451.45001220703125,450.79998779296875,451.45001220703125,18612
2026-04-24 09:21:00+00:00,451.6000061035156,451.6000061035156,451.79998779296875,451.1499938964844,451.29998779296875,18049
2026-04-24 09:22:00+00:00,451.54998779296875,451.54998779296875,451.75,451.20001220703125,451.75,12651
2026-04-24 09:23:00+00:00,450.25,450.25,451.70001220703125,450.25,451.70001220703125,22099
2026-04-24 09:24:00+00:00,450.0,450.0,450.29998779296875,449.6499938964844,450.29998779296875,5935
2026-04-24 09:25:00+00:00,450.1499938964844,450.1499938964844,450.45001220703125,450.0,450.0,2797
2026-04-24 09:26:00+00:00,450.25,450.25,450.3500061035156,450.0,450.25,1874
2026-04-24 09:27:00+00:00,450.25,450.25,450.3999938964844,450.0,450.20001220703125,773
2026-04-24 09:28:00+00:00,450.3500061035156,450.3500061035156,450.5,450.25,450.3999938964844,5360
2026-04-24 09:29:00+00:00,450.45001220703125,450.45001220703125,450.54998779296875,450.1499938964844,450.54998779296875,1569
2026-04-24 09:30:00+00:00,450.1499938964844,450.1499938964844,450.29998779296875,449.8999938964844,450.29998779296875,3668
2026-04-24 09:31:00+00:00,450.0,450.0,450.1499938964844,449.54998779296875,450.1499938964844,9491
2026-04-24 09:32:00+00:00,450.04998779296875,450.04998779296875,450.1499938964844,449.8999938964844,450.0,21085
2026-04-24 09:33:00+00:00,450.1000061035156,450.1000061035156,450.45001220703125,449.70001220703125,450.1499938964844,70646
2026-04-24 09:34:00+00:00,450.3999938964844,450.3999938964844,450.95001220703125,450.1000061035156,450.1000061035156,47130
2026-04-24 09:35:00+00:00,450.6000061035156,450.6000061035156,450.8500061035156,450.20001220703125,450.29998779296875,4875
2026-04-24 09:36:00+00:00,451.0,451.0,451.20001220703125,450.75,450.79998779296875,6297
2026-04-24 09:37:00+00:00,451.3500061035156,451.3500061035156,451.5,451.0,451.0,7745
2026-04-24 09:38:00+00:00,451.29998779296875,451.29998779296875,451.5,451.1499938964844,451.3500061035156,3707
2026-04-24 09:39:00+00:00,451.1000061035156,451.1000061035156,451.29998779296875,451.1000061035156,451.25,1547
2026-04-24 09:40:00+00:00,450.8500061035156,450.8500061035156,451.29998779296875,450.8500061035156,451.29998779296875,2226
2026-04-24 09:41:00+00:00,451.79998779296875,451.79998779296875,451.79998779296875,450.79998779296875,450.8999938964844,55391
2026-04-24 09:42:00+00:00,451.70001220703125,451.70001220703125,451.75,451.54998779296875,451.75,5963
2026-04-24 09:43:00+00:00,452.20001220703125,452.20001220703125,452.3500061035156,451.6499938964844,451.6499938964844,10940
2026-04-24 09:44:00+00:00,452.1499938964844,452.1499938964844,452.45001220703125,452.1499938964844,452.20001220703125,7382
2026-04-24 09:45:00+00:00,452.5,452.5,452.6499938964844,452.25,452.25,5929
2026-04-24 09:46:00+00:00,452.95001220703125,452.95001220703125,452.95001220703125,452.6000061035156,452.70001220703125,3091
2026-04-24 09:47:00+00:00,452.79998779296875,452.79998779296875,452.95001220703125,452.79998779296875,452.95001220703125,4109
2026-04-24 09:48:00+00:00,452.54998779296875,452.54998779296875,452.8999938964844,452.5,452.8999938964844,9253
2026-04-24 09:49:00+00:00,452.45001220703125,452.45001220703125,452.6499938964844,452.45001220703125,452.6499938964844,1618
2026-04-24 09:50:00+00:00,452.45001220703125,452.45001220703125,452.75,452.45001220703125,452.45001220703125,5957
2026-04-24 09:51:00+00:00,452.45001220703125,452.45001220703125,452.75,452.45001220703125,452.45001220703125,3013
2026-04-24 09:52:00+00:00,452.29998779296875,452.29998779296875,452.54998779296875,452.1000061035156,452.5,2236
2026-04-24 09:53:00+00:00,452.29998779296875,452.29998779296875,452.29998779296875,452.20001220703125,452.25,2624
2026-04-24 09:54:00+00:00,452.6000061035156,452.6000061035156,452.6499938964844,452.3500061035156,452.3999938964844,10968
2026-04-24 09:55:00+00:00,452.6499938964844,452.6499938964844,452.6499938964844,452.45001220703125,452.45001220703125,2099
2026-04-24 09:56:00+00:00,452.3999938964844,452.3999938964844,452.54998779296875,452.25,452.54998779296875,5233
2026-04-24 09:57:00+00:00,452.20001220703125,452.20001220703125,452.3500061035156,452.20001220703125,452.3500061035156,4171
2026-04-24 09:58:00+00:00,453.20001220703125,453.20001220703125,453.20001220703125,452.25,452.25,12200
2026-04-24 09:59:00+00:00,454.0,454.0,454.0,451.1000061035156,453.20001220703125,3667
2026-04-27 03:45:00+00:00,454.95001220703125,454.95001220703125,454.95001220703125,452.5,452.5,0
2026-04-27 03:46:00+00:00,456.04998779296875,456.04998779296875,456.20001220703125,454.5,455.04998779296875,7750
2026-04-27 03:47:00+00:00,455.04998779296875,455.04998779296875,456.04998779296875,454.5,456.04998779296875,13355
2026-04-27 03:48:00+00:00,456.8999938964844,456.8999938964844,456.8999938964844,456.0,456.20001220703125,19633
2026-04-27 03:49:00+00:00,455.79998779296875,455.79998779296875,456.75,455.54998779296875,456.75,2912
2026-04-27 03:50:00+00:00,456.3999938964844,456.3999938964844,456.3999938964844,455.45001220703125,455.70001220703125,5626
2026-04-27 03:51:00+00:00,455.8999938964844,455.8999938964844,456.54998779296875,455.8500061035156,456.1000061035156,1835
2026-04-27 03:52:00+00:00,455.45001220703125,455.45001220703125,456.20001220703125,455.3500061035156,456.1000061035156,1192
2026-04-27 03:53:00+00:00,455.3999938964844,455.3999938964844,455.8500061035156,455.3999938964844,455.3999938964844,2561
2026-04-27 03:54:00+00:00,455.04998779296875,455.04998779296875,455.45001220703125,454.95001220703125,455.45001220703125,9058
2026-04-27 03:55:00+00:00,454.79998779296875,454.79998779296875,455.0,454.5,454.95001220703125,15379
2026-04-27 03:56:00+00:00,454.8500061035156,454.8500061035156,455.1499938964844,454.75,454.8999938964844,1781
2026-04-27 03:57:00+00:00,455.04998779296875,455.04998779296875,455.04998779296875,454.5,455.04998779296875,1841
2026-04-27 03:58:00+00:00,454.20001220703125,454.20001220703125,454.6499938964844,454.20001220703125,454.6499938964844,6951
2026-04-27 03:59:00+00:00,453.45001220703125,453.45001220703125,454.1000061035156,452.70001220703125,454.1000061035156,7818
2026-04-27 04:00:00+00:00,454.5,454.5,454.5,453.75,453.75,8371
2026-04-27 04:01:00+00:00,454.04998779296875,454.04998779296875,454.3999938964844,453.8999938964844,454.3999938964844,1401
2026-04-27 04:02:00+00:00,454.29998779296875,454.29998779296875,454.45001220703125,454.0,454.25,3906
2026-04-27 04:03:00+00:00,454.6499938964844,454.6499938964844,454.6499938964844,453.8999938964844,454.20001220703125,4404
2026-04-27 04:04:00+00:00,454.54998779296875,454.54998779296875,454.6499938964844,454.1000061035156,454.3500061035156,722
2026-04-27 04:05:00+00:00,454.95001220703125,454.95001220703125,454.95001220703125,454.20001220703125,454.20001220703125,731
2026-04-27 04:06:00+00:00,454.8500061035156,454.8500061035156,455.04998779296875,454.70001220703125,454.95001220703125,10747
2026-04-27 04:07:00+00:00,454.70001220703125,454.70001220703125,455.04998779296875,454.3999938964844,455.04998779296875,4789
2026-04-27 04:08:00+00:00,454.54998779296875,454.54998779296875,454.79998779296875,454.3999938964844,454.70001220703125,756
2026-04-27 04:09:00+00:00,454.04998779296875,454.04998779296875,454.6000061035156,454.04998779296875,454.6000061035156,922
2026-04-27 04:10:00+00:00,453.70001220703125,453.70001220703125,454.0,453.6499938964844,454.0,2523
2026-04-27 04:11:00+00:00,454.3999938964844,454.3999938964844,454.6000061035156,453.75,453.75,4932
2026-04-27 04:12:00+00:00,454.45001220703125,454.45001220703125,454.6499938964844,454.3999938964844,454.5,1521
2026-04-27 04:13:00+00:00,455.29998779296875,455.29998779296875,455.29998779296875,454.45001220703125,454.45001220703125,2019
2026-04-27 04:14:00+00:00,455.5,455.5,455.6499938964844,455.29998779296875,455.6000061035156,330
2026-04-27 04:15:00+00:00,455.6000061035156,455.6000061035156,456.1499938964844,455.6000061035156,455.95001220703125,3475
2026-04-27 04:16:00+00:00,455.75,455.75,455.95001220703125,455.6000061035156,455.6000061035156,419
2026-04-27 04:17:00+00:00,456.20001220703125,456.20001220703125,456.20001220703125,455.95001220703125,456.04998779296875,945
2026-04-27 04:18:00+00:00,456.29998779296875,456.29998779296875,456.29998779296875,455.79998779296875,455.95001220703125,1242
2026-04-27 04:19:00+00:00,456.1499938964844,456.1499938964844,456.45001220703125,456.04998779296875,456.04998779296875,245
2026-04-27 04:20:00+00:00,456.0,456.0,456.3999938964844,455.79998779296875,456.3999938964844,794
2026-04-27 04:21:00+00:00,456.54998779296875,456.54998779296875,456.8999938964844,456.0,456.0,13130
2026-04-27 04:22:00+00:00,456.3999938964844,456.3999938964844,456.8500061035156,456.25,456.8500061035156,823
2026-04-27 04:23:00+00:00,456.3999938964844,456.3999938964844,456.79998779296875,455.70001220703125,456.29998779296875,4134
2026-04-27 04:24:00+00:00,456.25,456.25,456.3999938964844,456.1000061035156,456.3999938964844,361
2026-04-27 04:25:00+00:00,456.5,456.5,456.54998779296875,456.25,456.54998779296875,397
2026-04-27 04:26:00+00:00,456.54998779296875,456.54998779296875,456.8500061035156,456.45001220703125,456.5,909
2026-04-27 04:27:00+00:00,456.6499938964844,456.6499938964844,456.8500061035156,456.5,456.54998779296875,1165
2026-04-27 04:28:00+00:00,456.79998779296875,456.79998779296875,456.8500061035156,456.45001220703125,456.75,1415
2026-04-27 04:29:00+00:00,456.45001220703125,456.45001220703125,456.75,456.45001220703125,456.5,380
2026-04-27 04:30:00+00:00,456.6499938964844,456.6499938964844,456.8500061035156,456.6000061035156,456.6499938964844,398
2026-04-27 04:31:00+00:00,456.79998779296875,456.79998779296875,456.79998779296875,456.5,456.70001220703125,2817
2026-04-27 04:32:00+00:00,457.25,457.25,457.25,456.6499938964844,456.75,1574
2026-04-27 04:33:00+00:00,457.25,457.25,457.3500061035156,457.0,457.0,394
2026-04-27 04:34:00+00:00,456.54998779296875,456.54998779296875,457.3999938964844,456.54998779296875,457.3999938964844,1306
2026-04-27 04:35:00+00:00,456.54998779296875,456.54998779296875,456.6000061035156,456.45001220703125,456.5,792
2026-04-27 04:36:00+00:00,455.79998779296875,455.79998779296875,456.45001220703125,455.5,456.45001220703125,3812
2026-04-27 04:37:00+00:00,455.29998779296875,455.29998779296875,455.8500061035156,455.29998779296875,455.8500061035156,1579
2026-04-27 04:38:00+00:00,455.45001220703125,455.45001220703125,455.70001220703125,455.3999938964844,455.3999938964844,438
2026-04-27 04:39:00+00:00,455.29998779296875,455.29998779296875,455.45001220703125,455.1000061035156,455.1000061035156,713
2026-04-27 04:40:00+00:00,455.1000061035156,455.1000061035156,455.1499938964844,455.1000061035156,455.1499938964844,391
2026-04-27 04:41:00+00:00,455.3999938964844,455.3999938964844,455.3999938964844,455.1000061035156,455.1499938964844,368
2026-04-27 04:42:00+00:00,455.45001220703125,455.45001220703125,455.6000061035156,455.3500061035156,455.54998779296875,787
2026-04-27 04:43:00+00:00,455.54998779296875,455.54998779296875,456.04998779296875,455.3500061035156,455.54998779296875,6833
2026-04-27 04:44:00+00:00,455.3500061035156,455.3500061035156,455.70001220703125,455.3500061035156,455.5,2060
2026-04-27 04:45:00+00:00,456.8999938964844,456.8999938964844,456.8999938964844,455.3999938964844,455.3999938964844,4277
2026-04-27 04:46:00+00:00,457.20001220703125,457.20001220703125,457.20001220703125,456.70001220703125,456.8999938964844,2752
2026-04-27 04:47:00+00:00,456.79998779296875,456.79998779296875,457.20001220703125,456.79998779296875,457.04998779296875,1930
2026-04-27 04:48:00+00:00,457.0,457.0,457.0,456.75,457.0,516
2026-04-27 04:49:00+00:00,456.95001220703125,456.95001220703125,457.0,456.95001220703125,456.95001220703125,184
2026-04-27 04:50:00+00:00,456.0,456.0,456.95001220703125,455.70001220703125,456.95001220703125,1562
2026-04-27 04:51:00+00:00,456.04998779296875,456.04998779296875,456.04998779296875,455.6499938964844,456.0,1149
2026-04-27 04:52:00+00:00,456.0,456.0,456.0,455.6499938964844,455.95001220703125,274
2026-04-27 04:53:00+00:00,455.8999938964844,455.8999938964844,456.0,455.70001220703125,456.0,510
2026-04-27 04:54:00+00:00,456.1000061035156,456.1000061035156,456.1499938964844,455.75,455.75,290
2026-04-27 04:55:00+00:00,456.0,456.0,456.20001220703125,456.0,456.1000061035156,1629
2026-04-27 04:56:00+00:00,456.3999938964844,456.3999938964844,456.45001220703125,456.0,456.0,960
2026-04-27 04:57:00+00:00,456.25,456.25,456.54998779296875,456.20001220703125,456.3500061035156,527
2026-04-27 04:58:00+00:00,456.25,456.25,456.3999938964844,456.0,456.3999938964844,7901
2026-04-27 04:59:00+00:00,456.3500061035156,456.3500061035156,456.5,456.29998779296875,456.29998779296875,151
2026-04-27 05:00:00+00:00,456.5,456.5,456.5,456.25,456.45001220703125,1441
2026-04-27 05:01:00+00:00,455.95001220703125,455.95001220703125,456.29998779296875,455.8999938964844,456.29998779296875,1385
2026-04-27 05:02:00+00:00,456.20001220703125,456.20001220703125,456.25,456.0,456.0,4182
2026-04-27 05:03:00+00:00,456.0,456.0,456.1499938964844,455.6000061035156,456.1499938964844,885
2026-04-27 05:04:00+00:00,456.1000061035156,456.1000061035156,456.1000061035156,455.95001220703125,455.95001220703125,692
2026-04-27 05:05:00+00:00,456.20001220703125,456.20001220703125,456.20001220703125,456.0,456.1000061035156,550
2026-04-27 05:06:00+00:00,456.20001220703125,456.20001220703125,456.25,456.1000061035156,456.1000061035156,832
2026-04-27 05:07:00+00:00,455.79998779296875,455.79998779296875,456.25,455.79998779296875,456.25,1237
2026-04-27 05:08:00+00:00,456.1000061035156,456.1000061035156,456.1499938964844,455.95001220703125,455.95001220703125,94
2026-04-27 05:09:00+00:00,456.1000061035156,456.1000061035156,456.1000061035156,455.8999938964844,456.04998779296875,422
2026-04-27 05:10:00+00:00,456.20001220703125,456.20001220703125,456.25,455.95001220703125,456.0,2095
2026-04-27 05:11:00+00:00,456.6000061035156,456.6000061035156,456.6000061035156,456.25,456.45001220703125,543
2026-04-27 05:12:00+00:00,456.8999938964844,456.8999938964844,456.8999938964844,456.3999938964844,456.3999938964844,138
2026-04-27 05:13:00+00:00,456.79998779296875,456.79998779296875,456.95001220703125,456.79998779296875,456.95001220703125,430
2026-04-27 05:14:00+00:00,456.6499938964844,456.6499938964844,456.8999938964844,456.6499938964844,456.70001220703125,1225
2026-04-27 05:15:00+00:00,456.79998779296875,456.79998779296875,456.8999938964844,456.75,456.75,95
2026-04-27 05:16:00+00:00,456.6000061035156,456.6000061035156,456.6000061035156,456.29998779296875,456.3500061035156,604
2026-04-27 05:17:00+00:00,456.5,456.5,456.6499938964844,456.3999938964844,456.6000061035156,4544
2026-04-27 05:18:00+00:00,456.8500061035156,456.8500061035156,456.8999938964844,456.75,456.75,125
2026-04-27 05:19:00+00:00,457.0,457.0,457.0,456.8500061035156,456.8500061035156,493
2026-04-27 05:20:00+00:00,457.0,457.0,457.0,456.8999938964844,456.8999938964844,348
2026-04-27 05:21:00+00:00,456.8500061035156,456.8500061035156,457.0,456.6000061035156,457.0,2092
2026-04-27 05:22:00+00:00,456.70001220703125,456.70001220703125,456.95001220703125,456.70001220703125,456.95001220703125,693
2026-04-27 05:23:00+00:00,456.6499938964844,456.6499938964844,456.8999938964844,456.6499938964844,456.70001220703125,316
2026-04-27 05:24:00+00:00,456.70001220703125,456.70001220703125,456.79998779296875,456.6000061035156,456.79998779296875,42
2026-04-27 05:25:00+00:00,456.6000061035156,456.6000061035156,456.70001220703125,456.5,456.70001220703125,647
2026-04-27 05:26:00+00:00,456.45001220703125,456.45001220703125,456.6000061035156,456.45001220703125,456.6000061035156,636
2026-04-27 05:27:00+00:00,456.6000061035156,456.6000061035156,456.6000061035156,456.54998779296875,456.54998779296875,46
2026-04-27 05:28:00+00:00,456.45001220703125,456.45001220703125,456.6000061035156,456.3999938964844,456.54998779296875,47
2026-04-27 05:29:00+00:00,456.54998779296875,456.54998779296875,456.6000061035156,456.3999938964844,456.6000061035156,1035
2026-04-27 05:30:00+00:00,456.54998779296875,456.54998779296875,456.54998779296875,456.3999938964844,456.5,307
2026-04-27 05:31:00+00:00,456.20001220703125,456.20001220703125,456.20001220703125,456.0,456.20001220703125,884
2026-04-27 05:32:00+00:00,456.1000061035156,456.1000061035156,456.20001220703125,456.04998779296875,456.20001220703125,124
2026-04-27 05:33:00+00:00,455.95001220703125,455.95001220703125,456.0,455.3999938964844,456.0,3542
2026-04-27 05:34:00+00:00,456.1000061035156,456.1000061035156,456.1499938964844,455.8999938964844,456.04998779296875,152
2026-04-27 05:35:00+00:00,455.8999938964844,455.8999938964844,456.20001220703125,455.8999938964844,456.04998779296875,74
2026-04-27 05:36:00+00:00,456.1499938964844,456.1499938964844,456.25,455.95001220703125,456.0,1201
2026-04-27 05:37:00+00:00,456.0,456.0,456.25,455.79998779296875,456.25,1573
2026-04-27 05:38:00+00:00,455.75,455.75,456.04998779296875,455.70001220703125,456.04998779296875,120
2026-04-27 05:39:00+00:00,455.6499938964844,455.6499938964844,455.70001220703125,455.6499938964844,455.70001220703125,55
2026-04-27 05:40:00+00:00,455.5,455.5,455.79998779296875,455.45001220703125,455.70001220703125,275
2026-04-27 05:41:00+00:00,455.6499938964844,455.6499938964844,455.6499938964844,455.3500061035156,455.3500061035156,82
2026-04-27 05:42:00+00:00,455.6000061035156,455.6000061035156,455.6499938964844,455.3500061035156,455.6499938964844,490
2026-04-27 05:43:00+00:00,455.8500061035156,455.8500061035156,455.8500061035156,455.45001220703125,455.70001220703125,922
2026-04-27 05:44:00+00:00,456.1000061035156,456.1000061035156,456.1499938964844,455.8500061035156,455.8500061035156,155
2026-04-27 05:45:00+00:00,456.1000061035156,456.1000061035156,456.1000061035156,455.79998779296875,455.79998779296875,612
2026-04-27 05:46:00+00:00,456.0,456.0,456.1499938964844,456.0,456.1000061035156,760
2026-04-27 05:47:00+00:00,456.1000061035156,456.1000061035156,456.20001220703125,456.1000061035156,456.20001220703125,52
2026-04-27 05:48:00+00:00,456.1000061035156,456.1000061035156,456.1000061035156,456.0,456.1000061035156,729
2026-04-27 05:49:00+00:00,455.6499938964844,455.6499938964844,456.04998779296875,455.3999938964844,456.04998779296875,8362
2026-04-27 05:50:00+00:00,455.6000061035156,455.6000061035156,455.6499938964844,455.5,455.6499938964844,272
2026-04-27 05:51:00+00:00,455.6000061035156,455.6000061035156,455.6499938964844,455.54998779296875,455.54998779296875,1188
2026-04-27 05:52:00+00:00,455.54998779296875,455.54998779296875,455.6499938964844,455.3999938964844,455.6499938964844,36
2026-04-27 05:53:00+00:00,455.54998779296875,455.54998779296875,455.54998779296875,455.45001220703125,455.54998779296875,4014
2026-04-27 05:54:00+00:00,455.3999938964844,455.3999938964844,455.6000061035156,455.3500061035156,455.6000061035156,712
2026-04-27 05:55:00+00:00,455.3500061035156,455.3500061035156,455.3500061035156,454.95001220703125,455.20001220703125,4165
2026-04-27 05:56:00+00:00,455.0,455.0,455.29998779296875,454.75,455.29998779296875,740
2026-04-27 05:57:00+00:00,454.95001220703125,454.95001220703125,454.95001220703125,454.6499938964844,454.95001220703125,266
2026-04-27 05:58:00+00:00,454.75,454.75,455.1499938964844,454.75,455.1000061035156,686
2026-04-27 05:59:00+00:00,454.8999938964844,454.8999938964844,454.95001220703125,454.79998779296875,454.8999938964844,197
2026-04-27 06:00:00+00:00,454.8500061035156,454.8500061035156,454.95001220703125,454.54998779296875,454.79998779296875,666
2026-04-27 06:01:00+00:00,454.75,454.75,454.8500061035156,454.6000061035156,454.6499938964844,6829
2026-04-27 06:02:00+00:00,454.54998779296875,454.54998779296875,454.79998779296875,454.45001220703125,454.79998779296875,447
2026-04-27 06:03:00+00:00,454.6000061035156,454.6000061035156,454.6499938964844,454.5,454.5,140
2026-04-27 06:04:00+00:00,454.1000061035156,454.1000061035156,454.54998779296875,454.1000061035156,454.54998779296875,5239
2026-04-27 06:05:00+00:00,454.3500061035156,454.3500061035156,454.3999938964844,454.3500061035156,454.3999938964844,906
2026-04-27 06:06:00+00:00,454.5,454.5,454.5,454.29998779296875,454.3500061035156,601
2026-04-27 06:07:00+00:00,454.70001220703125,454.70001220703125,454.70001220703125,454.3500061035156,454.5,1180
2026-04-27 06:08:00+00:00,454.8999938964844,454.8999938964844,454.8999938964844,454.6499938964844,454.6499938964844,1343
2026-04-27 06:09:00+00:00,455.5,455.5,455.5,454.6499938964844,454.8500061035156,1014
2026-04-27 06:10:00+00:00,455.54998779296875,455.54998779296875,455.70001220703125,455.54998779296875,455.70001220703125,2537
2026-04-27 06:11:00+00:00,455.5,455.5,455.6000061035156,455.5,455.54998779296875,1387
2026-04-27 06:12:00+00:00,455.1000061035156,455.1000061035156,455.25,455.0,455.25,995
2026-04-27 06:13:00+00:00,455.1499938964844,455.1499938964844,455.29998779296875,455.04998779296875,455.20001220703125,477
2026-04-27 06:14:00+00:00,455.04998779296875,455.04998779296875,455.04998779296875,454.79998779296875,455.0,874
2026-04-27 06:15:00+00:00,454.95001220703125,454.95001220703125,455.04998779296875,454.95001220703125,455.04998779296875,1174
2026-04-27 06:16:00+00:00,454.8500061035156,454.8500061035156,455.0,454.75,454.8999938964844,822
2026-04-27 06:17:00+00:00,454.95001220703125,454.95001220703125,454.95001220703125,454.70001220703125,454.70001220703125,206
2026-04-27 06:18:00+00:00,455.0,455.0,455.0,454.70001220703125,454.8999938964844,1435
2026-04-27 06:19:00+00:00,455.25,455.25,455.29998779296875,454.75,454.95001220703125,5014
2026-04-27 06:20:00+00:00,455.04998779296875,455.04998779296875,455.3500061035156,455.04998779296875,455.25,1283
2026-04-27 06:21:00+00:00,455.04998779296875,455.04998779296875,455.45001220703125,455.04998779296875,455.29998779296875,817
2026-04-27 06:22:00+00:00,454.8999938964844,454.8999938964844,455.0,454.8999938964844,455.0,431
2026-04-27 06:23:00+00:00,455.1000061035156,455.1000061035156,455.1000061035156,454.95001220703125,454.95001220703125,1479
2026-04-27 06:24:00+00:00,455.1000061035156,455.1000061035156,455.20001220703125,455.1000061035156,455.1000061035156,929
2026-04-27 06:25:00+00:00,455.5,455.5,455.5,455.1000061035156,455.20001220703125,680
2026-04-27 06:26:00+00:00,455.20001220703125,455.20001220703125,455.45001220703125,455.20001220703125,455.45001220703125,722
2026-04-27 06:27:00+00:00,455.3500061035156,455.3500061035156,455.3500061035156,455.29998779296875,455.29998779296875,38
2026-04-27 06:28:00+00:00,455.3500061035156,455.3500061035156,455.3500061035156,455.1499938964844,455.3500061035156,200
2026-04-27 06:30:00+00:00,455.6499938964844,455.6499938964844,455.6499938964844,455.1000061035156,455.1000061035156,970
2026-04-27 06:31:00+00:00,455.8999938964844,455.8999938964844,455.8999938964844,455.70001220703125,455.70001220703125,135
2026-04-27 06:32:00+00:00,455.29998779296875,455.29998779296875,455.79998779296875,455.25,455.75,1527
2026-04-27 06:33:00+00:00,455.25,455.25,455.29998779296875,455.20001220703125,455.20001220703125,127
2026-04-27 06:34:00+00:00,455.04998779296875,455.04998779296875,455.25,454.95001220703125,455.25,2971
2026-04-27 06:35:00+00:00,455.20001220703125,455.20001220703125,455.20001220703125,454.8500061035156,455.04998779296875,646
2026-04-27 06:36:00+00:00,455.3500061035156,455.3500061035156,455.3500061035156,455.1000061035156,455.1499938964844,56
2026-04-27 06:37:00+00:00,455.3500061035156,455.3500061035156,455.3500061035156,455.25,455.25,326
2026-04-27 06:38:00+00:00,455.29998779296875,455.29998779296875,455.5,455.1000061035156,455.29998779296875,1968
2026-04-27 06:39:00+00:00,455.25,455.25,455.25,455.04998779296875,455.1499938964844,93
2026-04-27 06:40:00+00:00,455.0,455.0,455.1000061035156,454.8999938964844,455.1000061035156,511
2026-04-27 06:41:00+00:00,455.1000061035156,455.1000061035156,455.20001220703125,454.95001220703125,454.95001220703125,1262
2026-04-27 06:42:00+00:00,455.0,455.0,455.1499938964844,454.95001220703125,455.1499938964844,264
2026-04-27 06:43:00+00:00,455.1000061035156,455.1000061035156,455.1000061035156,455.04998779296875,455.04998779296875,39
2026-04-27 06:44:00+00:00,454.8999938964844,454.8999938964844,455.04998779296875,454.8999938964844,455.0,358
2026-04-27 06:45:00+00:00,455.0,455.0,455.0,454.8500061035156,454.95001220703125,267
2026-04-27 06:46:00+00:00,454.8500061035156,454.8500061035156,454.95001220703125,454.70001220703125,454.79998779296875,1263
2026-04-27 06:47:00+00:00,454.45001220703125,454.45001220703125,454.8500061035156,454.45001220703125,454.79998779296875,1837
2026-04-27 06:48:00+00:00,454.54998779296875,454.54998779296875,454.6499938964844,454.29998779296875,454.6000061035156,2618
2026-04-27 06:49:00+00:00,454.20001220703125,454.20001220703125,454.3999938964844,454.1499938964844,454.3999938964844,0
2026-04-27 06:50:00+00:00,454.3500061035156,454.3500061035156,454.3500061035156,454.20001220703125,454.29998779296875,863
2026-04-27 06:51:00+00:00,454.1000061035156,454.1000061035156,454.3500061035156,454.0,454.20001220703125,779
2026-04-27 06:52:00+00:00,453.95001220703125,453.95001220703125,454.1000061035156,453.79998779296875,453.95001220703125,707
2026-04-27 06:53:00+00:00,454.20001220703125,454.20001220703125,454.29998779296875,453.8999938964844,453.8999938964844,1189
2026-04-27 06:54:00+00:00,454.8500061035156,454.8500061035156,454.8500061035156,454.25,454.25,822
2026-04-27 06:55:00+00:00,454.75,454.75,455.0,454.75,455.0,364
2026-04-27 06:56:00+00:00,455.0,455.0,455.0,454.75,454.8500061035156,0
2026-04-27 06:57:00+00:00,454.8500061035156,454.8500061035156,455.1000061035156,454.79998779296875,455.1000061035156,718
2026-04-27 06:58:00+00:00,454.79998779296875,454.79998779296875,454.8500061035156,454.75,454.8500061035156,147
2026-04-27 06:59:00+00:00,454.70001220703125,454.70001220703125,455.04998779296875,454.70001220703125,454.8999938964844,511
2026-04-27 07:00:00+00:00,454.29998779296875,454.29998779296875,454.79998779296875,454.29998779296875,454.75,65
2026-04-27 07:01:00+00:00,454.6000061035156,454.6000061035156,454.75,454.29998779296875,454.29998779296875,2283
2026-04-27 07:02:00+00:00,454.75,454.75,454.8500061035156,454.6000061035156,454.79998779296875,1241
2026-04-27 07:03:00+00:00,454.8500061035156,454.8500061035156,455.20001220703125,454.6499938964844,454.70001220703125,263
2026-04-27 07:04:00+00:00,454.8999938964844,454.8999938964844,455.20001220703125,454.8999938964844,455.04998779296875,233
2026-04-27 07:05:00+00:00,455.79998779296875,455.79998779296875,455.79998779296875,454.8999938964844,455.0,2240
2026-04-27 07:06:00+00:00,455.79998779296875,455.79998779296875,455.8999938964844,455.79998779296875,455.8999938964844,316
2026-04-27 07:07:00+00:00,455.54998779296875,455.54998779296875,455.8500061035156,455.45001220703125,455.8500061035156,444
2026-04-27 07:08:00+00:00,455.3500061035156,455.3500061035156,455.3999938964844,455.29998779296875,455.3999938964844,257
2026-04-27 07:09:00+00:00,455.3500061035156,455.3500061035156,455.3500061035156,455.3500061035156,455.3500061035156,1730
2026-04-27 07:10:00+00:00,455.3500061035156,455.3500061035156,455.3500061035156,455.1000061035156,455.3500061035156,1044
2026-04-27 07:11:00+00:00,455.29998779296875,455.29998779296875,455.29998779296875,455.25,455.29998779296875,101
2026-04-27 07:12:00+00:00,455.20001220703125,455.20001220703125,455.20001220703125,455.0,455.0,136
2026-04-27 07:13:00+00:00,455.25,455.25,455.25,455.04998779296875,455.20001220703125,282
2026-04-27 07:14:00+00:00,455.45001220703125,455.45001220703125,455.45001220703125,455.25,455.25,339
2026-04-27 07:15:00+00:00,455.5,455.5,455.54998779296875,455.3999938964844,455.3999938964844,184
2026-04-27 07:16:00+00:00,455.70001220703125,455.70001220703125,455.70001220703125,455.3500061035156,455.5,292
2026-04-27 07:17:00+00:00,455.6499938964844,455.6499938964844,455.70001220703125,455.45001220703125,455.45001220703125,3542
2026-04-27 07:18:00+00:00,455.6499938964844,455.6499938964844,455.70001220703125,455.3999938964844,455.70001220703125,0
2026-04-27 07:19:00+00:00,455.3999938964844,455.3999938964844,455.70001220703125,455.3999938964844,455.70001220703125,594
2026-04-27 07:20:00+00:00,455.1499938964844,455.1499938964844,455.45001220703125,455.1499938964844,455.3999938964844,900
2026-04-27 07:21:00+00:00,454.75,454.75,455.0,454.75,455.0,1077
2026-04-27 07:22:00+00:00,455.1000061035156,455.1000061035156,455.1000061035156,454.8500061035156,454.95001220703125,529
2026-04-27 07:23:00+00:00,455.3999938964844,455.3999938964844,455.3999938964844,455.20001220703125,455.20001220703125,295
2026-04-27 07:24:00+00:00,455.20001220703125,455.20001220703125,455.3999938964844,455.20001220703125,455.3999938964844,542
2026-04-27 07:25:00+00:00,455.0,455.0,455.20001220703125,455.0,455.1499938964844,333
2026-04-27 07:26:00+00:00,455.04998779296875,455.04998779296875,455.1499938964844,454.8999938964844,455.0,480
2026-04-27 07:27:00+00:00,454.95001220703125,454.95001220703125,455.1499938964844,454.95001220703125,454.95001220703125,201
2026-04-27 07:28:00+00:00,455.1000061035156,455.1000061035156,455.1000061035156,455.0,455.0,224
2026-04-27 07:29:00+00:00,454.8999938964844,454.8999938964844,455.1499938964844,454.8999938964844,455.1499938964844,365
2026-04-27 07:30:00+00:00,454.75,454.75,454.79998779296875,454.75,454.79998779296875,402
2026-04-27 07:31:00+00:00,454.79998779296875,454.79998779296875,454.79998779296875,454.6000061035156,454.6000061035156,683
2026-04-27 07:32:00+00:00,454.6000061035156,454.6000061035156,454.75,454.6000061035156,454.75,35
2026-04-27 07:33:00+00:00,454.75,454.75,455.1000061035156,454.70001220703125,454.70001220703125,1425
2026-04-27 07:34:00+00:00,454.75,454.75,454.75,454.6499938964844,454.75,0
2026-04-27 07:35:00+00:00,454.20001220703125,454.20001220703125,454.6499938964844,454.20001220703125,454.6000061035156,595
2026-04-27 07:36:00+00:00,454.54998779296875,454.54998779296875,454.54998779296875,454.3500061035156,454.3500061035156,170
2026-04-27 07:37:00+00:00,454.70001220703125,454.70001220703125,454.75,454.29998779296875,454.5,636
2026-04-27 07:38:00+00:00,454.8999938964844,454.8999938964844,454.8999938964844,454.6499938964844,454.6499938964844,411
2026-04-27 07:39:00+00:00,454.8500061035156,454.8500061035156,454.8500061035156,454.79998779296875,454.79998779296875,0
2026-04-27 07:40:00+00:00,454.8999938964844,454.8999938964844,455.0,454.8500061035156,455.0,259
2026-04-27 07:41:00+00:00,454.3500061035156,454.3500061035156,454.8999938964844,454.20001220703125,454.8999938964844,774
2026-04-27 07:42:00+00:00,454.8999938964844,454.8999938964844,454.8999938964844,454.45001220703125,454.45001220703125,599
2026-04-27 07:43:00+00:00,454.75,454.75,454.95001220703125,454.75,454.95001220703125,389
2026-04-27 07:44:00+00:00,455.04998779296875,455.04998779296875,455.04998779296875,454.75,454.8500061035156,305
2026-04-27 07:45:00+00:00,454.8500061035156,454.8500061035156,455.1499938964844,454.8500061035156,454.8500061035156,758
2026-04-27 07:46:00+00:00,455.29998779296875,455.29998779296875,455.29998779296875,454.8500061035156,454.95001220703125,777
2026-04-27 07:47:00+00:00,455.20001220703125,455.20001220703125,455.25,455.20001220703125,455.25,50
2026-04-27 07:48:00+00:00,454.75,454.75,455.0,454.75,455.0,1798
2026-04-27 07:49:00+00:00,454.3500061035156,454.3500061035156,454.8500061035156,454.3500061035156,454.75,1407
2026-04-27 07:50:00+00:00,454.3999938964844,454.3999938964844,454.54998779296875,454.1499938964844,454.54998779296875,85
2026-04-27 07:51:00+00:00,454.5,454.5,454.5,454.3500061035156,454.3999938964844,389
2026-04-27 07:52:00+00:00,454.70001220703125,454.70001220703125,454.70001220703125,454.5,454.5,73
2026-04-27 07:53:00+00:00,454.8500061035156,454.8500061035156,454.8500061035156,454.6000061035156,454.6000061035156,304
2026-04-27 07:54:00+00:00,454.5,454.5,454.70001220703125,454.5,454.70001220703125,645
2026-04-27 07:55:00+00:00,455.1499938964844,455.1499938964844,455.1499938964844,454.79998779296875,454.8999938964844,568
2026-04-27 07:56:00+00:00,454.8999938964844,454.8999938964844,455.04998779296875,454.79998779296875,454.79998779296875,128
2026-04-27 07:57:00+00:00,454.79998779296875,454.79998779296875,454.79998779296875,454.75,454.75,375
2026-04-27 07:58:00+00:00,454.54998779296875,454.54998779296875,455.0,454.54998779296875,455.0,1
2026-04-27 07:59:00+00:00,454.54998779296875,454.54998779296875,454.79998779296875,454.54998779296875,454.79998779296875,20
2026-04-27 08:00:00+00:00,454.3999938964844,454.3999938964844,454.95001220703125,454.3999938964844,454.95001220703125,10865
2026-04-27 08:01:00+00:00,454.5,454.5,454.6000061035156,454.5,454.6000061035156,122
2026-04-27 08:02:00+00:00,454.1499938964844,454.1499938964844,454.3500061035156,454.04998779296875,454.1499938964844,1391
2026-04-27 08:03:00+00:00,454.3999938964844,454.3999938964844,454.3999938964844,454.1499938964844,454.20001220703125,168
2026-04-27 08:04:00+00:00,454.1499938964844,454.1499938964844,454.45001220703125,454.1499938964844,454.3999938964844,739
2026-04-27 08:05:00+00:00,454.25,454.25,454.45001220703125,454.25,454.25,456
2026-04-27 08:06:00+00:00,454.3999938964844,454.3999938964844,454.3999938964844,454.25,454.29998779296875,284
2026-04-27 08:07:00+00:00,454.04998779296875,454.04998779296875,454.29998779296875,454.04998779296875,454.29998779296875,942
2026-04-27 08:08:00+00:00,454.04998779296875,454.04998779296875,454.04998779296875,454.04998779296875,454.04998779296875,122
2026-04-27 08:09:00+00:00,454.1499938964844,454.1499938964844,454.20001220703125,454.04998779296875,454.04998779296875,469
2026-04-27 08:10:00+00:00,454.29998779296875,454.29998779296875,454.3500061035156,454.1000061035156,454.1000061035156,60
2026-04-27 08:11:00+00:00,454.25,454.25,454.29998779296875,454.20001220703125,454.25,107
2026-04-27 08:12:00+00:00,454.29998779296875,454.29998779296875,454.29998779296875,454.20001220703125,454.20001220703125,18
2026-04-27 08:13:00+00:00,454.20001220703125,454.20001220703125,454.3999938964844,454.20001220703125,454.3500061035156,563
2026-04-27 08:14:00+00:00,453.6499938964844,453.6499938964844,454.3999938964844,453.6499938964844,454.1000061035156,2823
2026-04-27 08:15:00+00:00,454.1000061035156,454.1000061035156,454.1000061035156,453.79998779296875,453.79998779296875,773
2026-04-27 08:16:00+00:00,454.20001220703125,454.20001220703125,454.20001220703125,454.1499938964844,454.20001220703125,24
2026-04-27 08:17:00+00:00,454.20001220703125,454.20001220703125,454.3999938964844,454.1000061035156,454.3500061035156,623
2026-04-27 08:18:00+00:00,453.70001220703125,453.70001220703125,454.29998779296875,453.70001220703125,454.29998779296875,518
2026-04-27 08:19:00+00:00,453.6499938964844,453.6499938964844,453.75,453.6000061035156,453.75,96
2026-04-27 08:20:00+00:00,453.3999938964844,453.3999938964844,453.3999938964844,453.04998779296875,453.29998779296875,1050
2026-04-27 08:21:00+00:00,453.6499938964844,453.6499938964844,453.6499938964844,453.3500061035156,453.3500061035156,232
2026-04-27 08:22:00+00:00,453.3999938964844,453.3999938964844,453.54998779296875,453.3999938964844,453.54998779296875,261
2026-04-27 08:23:00+00:00,453.5,453.5,453.5,453.3999938964844,453.3999938964844,66
2026-04-27 08:24:00+00:00,454.0,454.0,454.0,453.54998779296875,453.54998779296875,5688
2026-04-27 08:25:00+00:00,453.8500061035156,453.8500061035156,454.0,453.8500061035156,454.0,28
2026-04-27 08:26:00+00:00,453.3999938964844,453.3999938964844,454.0,453.3500061035156,454.0,2235
2026-04-27 08:27:00+00:00,453.8500061035156,453.8500061035156,453.8500061035156,453.6000061035156,453.6000061035156,18
2026-04-27 08:28:00+00:00,453.70001220703125,453.70001220703125,454.04998779296875,453.70001220703125,453.79998779296875,680
2026-04-27 08:29:00+00:00,453.70001220703125,453.70001220703125,453.8999938964844,453.6000061035156,453.6499938964844,190
2026-04-27 08:30:00+00:00,453.95001220703125,453.95001220703125,453.95001220703125,453.70001220703125,453.95001220703125,65
2026-04-27 08:31:00+00:00,453.79998779296875,453.79998779296875,453.95001220703125,453.79998779296875,453.8999938964844,598
2026-04-27 08:32:00+00:00,453.6499938964844,453.6499938964844,453.95001220703125,453.54998779296875,453.54998779296875,534
2026-04-27 08:33:00+00:00,453.70001220703125,453.70001220703125,453.8500061035156,453.54998779296875,453.8500061035156,301
2026-04-27 08:34:00+00:00,453.6000061035156,453.6000061035156,453.70001220703125,453.5,453.70001220703125,2639
2026-04-27 08:35:00+00:00,453.3999938964844,453.3999938964844,453.5,453.29998779296875,453.29998779296875,524
2026-04-27 08:36:00+00:00,453.54998779296875,453.54998779296875,453.6000061035156,453.5,453.5,578
2026-04-27 08:37:00+00:00,453.5,453.5,453.5,453.25,453.3999938964844,570
2026-04-27 08:38:00+00:00,453.3999938964844,453.3999938964844,453.6000061035156,453.3999938964844,453.6000061035156,390
2026-04-27 08:39:00+00:00,453.1499938964844,453.1499938964844,453.3500061035156,453.1499938964844,453.1499938964844,497
2026-04-27 08:40:00+00:00,453.3999938964844,453.3999938964844,453.3999938964844,453.20001220703125,453.3500061035156,208
2026-04-27 08:41:00+00:00,453.3999938964844,453.3999938964844,453.3999938964844,453.04998779296875,453.3999938964844,1954
2026-04-27 08:42:00+00:00,453.29998779296875,453.29998779296875,453.3999938964844,453.1000061035156,453.1000061035156,84
2026-04-27 08:43:00+00:00,453.29998779296875,453.29998779296875,453.29998779296875,453.04998779296875,453.04998779296875,1504
2026-04-27 08:44:00+00:00,453.25,453.25,453.3500061035156,453.04998779296875,453.3500061035156,1029
2026-04-27 08:45:00+00:00,453.3500061035156,453.3500061035156,453.3500061035156,453.1499938964844,453.25,432
2026-04-27 08:46:00+00:00,453.25,453.25,453.3500061035156,453.25,453.3500061035156,48
2026-04-27 08:47:00+00:00,453.3999938964844,453.3999938964844,453.3999938964844,453.25,453.25,404
2026-04-27 08:48:00+00:00,453.3999938964844,453.3999938964844,453.3999938964844,453.3999938964844,453.3999938964844,43
2026-04-27 08:49:00+00:00,453.29998779296875,453.29998779296875,453.3999938964844,453.29998779296875,453.3500061035156,945
2026-04-27 08:50:00+00:00,452.6499938964844,452.6499938964844,453.29998779296875,452.6000061035156,453.29998779296875,4107
2026-04-27 08:51:00+00:00,452.75,452.75,452.8999938964844,452.75,452.8500061035156,347
2026-04-27 08:52:00+00:00,452.79998779296875,452.79998779296875,452.8500061035156,452.79998779296875,452.8500061035156,90
2026-04-27 08:53:00+00:00,452.8500061035156,452.8500061035156,452.8500061035156,452.6000061035156,452.6000061035156,137
2026-04-27 08:54:00+00:00,452.79998779296875,452.79998779296875,452.8500061035156,452.6000061035156,452.8500061035156,304
2026-04-27 08:55:00+00:00,452.79998779296875,452.79998779296875,452.79998779296875,452.79998779296875,452.79998779296875,363
2026-04-27 08:56:00+00:00,453.0,453.0,453.0,452.95001220703125,452.95001220703125,199
2026-04-27 08:57:00+00:00,453.0,453.0,453.0,452.8500061035156,453.0,865
2026-04-27 08:58:00+00:00,453.1000061035156,453.1000061035156,453.1499938964844,453.04998779296875,453.1000061035156,803
2026-04-27 08:59:00+00:00,453.29998779296875,453.29998779296875,453.29998779296875,453.1000061035156,453.1499938964844,851
2026-04-27 09:00:00+00:00,453.0,453.0,453.25,453.0,453.25,1016
2026-04-27 09:01:00+00:00,452.29998779296875,452.29998779296875,453.1499938964844,452.29998779296875,453.1000061035156,4071
2026-04-27 09:02:00+00:00,452.29998779296875,452.29998779296875,452.5,452.20001220703125,452.29998779296875,2206
2026-04-27 09:03:00+00:00,451.95001220703125,451.95001220703125,452.29998779296875,451.95001220703125,452.29998779296875,2883
2026-04-27 09:04:00+00:00,451.79998779296875,451.79998779296875,452.04998779296875,451.70001220703125,451.8500061035156,5462
2026-04-27 09:05:00+00:00,451.95001220703125,451.95001220703125,452.0,451.6000061035156,451.79998779296875,3646
2026-04-27 09:06:00+00:00,451.75,451.75,451.95001220703125,451.5,451.95001220703125,6688
2026-04-27 09:07:00+00:00,452.45001220703125,452.45001220703125,452.45001220703125,451.5,451.5,1195
2026-04-27 09:08:00+00:00,452.75,452.75,452.8500061035156,452.6499938964844,452.70001220703125,1567
2026-04-27 09:09:00+00:00,452.79998779296875,452.79998779296875,452.8500061035156,452.75,452.75,481
2026-04-27 09:10:00+00:00,452.75,452.75,452.8500061035156,452.54998779296875,452.8500061035156,815
2026-04-27 09:11:00+00:00,452.79998779296875,452.79998779296875,452.79998779296875,452.6499938964844,452.6499938964844,396
2026-04-27 09:12:00+00:00,452.8999938964844,452.8999938964844,452.95001220703125,452.6000061035156,452.79998779296875,455
2026-04-27 09:13:00+00:00,453.1000061035156,453.1000061035156,453.1000061035156,452.75,452.8999938964844,1869
2026-04-27 09:14:00+00:00,453.45001220703125,453.45001220703125,453.45001220703125,453.0,453.1499938964844,3257
2026-04-27 09:15:00+00:00,453.1499938964844,453.1499938964844,453.54998779296875,453.1499938964844,453.3999938964844,2193
2026-04-27 09:16:00+00:00,453.5,453.5,453.5,453.0,453.3500061035156,917
2026-04-27 09:17:00+00:00,453.45001220703125,453.45001220703125,453.5,453.20001220703125,453.20001220703125,789
2026-04-27 09:18:00+00:00,453.1499938964844,453.1499938964844,453.45001220703125,453.1000061035156,453.45001220703125,953
2026-04-27 09:19:00+00:00,453.45001220703125,453.45001220703125,453.45001220703125,453.20001220703125,453.3999938964844,430
2026-04-27 09:20:00+00:00,453.45001220703125,453.45001220703125,453.5,453.29998779296875,453.5,307
2026-04-27 09:21:00+00:00,453.20001220703125,453.20001220703125,453.3999938964844,453.0,453.25,1278
2026-04-27 09:22:00+00:00,453.1000061035156,453.1000061035156,453.20001220703125,453.0,453.20001220703125,999
2026-04-27 09:23:00+00:00,452.95001220703125,452.95001220703125,453.1499938964844,452.95001220703125,453.1499938964844,676
2026-04-27 09:24:00+00:00,453.1499938964844,453.1499938964844,453.1499938964844,452.8999938964844,452.8999938964844,967
2026-04-27 09:25:00+00:00,452.6499938964844,452.6499938964844,453.29998779296875,452.6499938964844,453.1000061035156,1498
2026-04-27 09:26:00+00:00,452.6000061035156,452.6000061035156,452.75,452.5,452.6499938964844,903
2026-04-27 09:27:00+00:00,452.8999938964844,452.8999938964844,452.8999938964844,452.6499938964844,452.75,2697
2026-04-27 09:28:00+00:00,452.75,452.75,452.8999938964844,452.6499938964844,452.75,2309
2026-04-27 09:29:00+00:00,452.8500061035156,452.8500061035156,452.8999938964844,452.6000061035156,452.8999938964844,6823
2026-04-27 09:30:00+00:00,452.1000061035156,452.1000061035156,452.3500061035156,452.1000061035156,452.20001220703125,3979
2026-04-27 09:31:00+00:00,451.8999938964844,451.8999938964844,452.6000061035156,451.6499938964844,452.25,5125
2026-04-27 09:32:00+00:00,452.25,452.25,452.25,451.54998779296875,451.8999938964844,6088
2026-04-27 09:33:00+00:00,451.75,451.75,452.3500061035156,451.75,452.29998779296875,4283
2026-04-27 09:34:00+00:00,452.1000061035156,452.1000061035156,452.29998779296875,451.75,452.0,3220
2026-04-27 09:35:00+00:00,451.8999938964844,451.8999938964844,452.29998779296875,451.8500061035156,452.29998779296875,5266
2026-04-27 09:36:00+00:00,452.20001220703125,452.20001220703125,452.20001220703125,451.79998779296875,452.04998779296875,4402
2026-04-27 09:37:00+00:00,452.25,452.25,452.25,452.0,452.25,9452
2026-04-27 09:38:00+00:00,452.29998779296875,452.29998779296875,452.3500061035156,452.1000061035156,452.3500061035156,4136
2026-04-27 09:39:00+00:00,452.25,452.25,452.45001220703125,452.04998779296875,452.29998779296875,5562
2026-04-27 09:40:00+00:00,452.3999938964844,452.3999938964844,452.3999938964844,452.1000061035156,452.3999938964844,1964
2026-04-27 09:41:00+00:00,452.5,452.5,452.8999938964844,452.1000061035156,452.1000061035156,10038
2026-04-27 09:42:00+00:00,452.6000061035156,452.6000061035156,452.75,452.6000061035156,452.6499938964844,5865
2026-04-27 09:43:00+00:00,452.20001220703125,452.20001220703125,452.5,452.20001220703125,452.5,4652
2026-04-27 09:44:00+00:00,452.0,452.0,452.3999938964844,452.0,452.3999938964844,5773
2026-04-27 09:45:00+00:00,452.45001220703125,452.45001220703125,452.5,452.0,452.29998779296875,6376
2026-04-27 09:46:00+00:00,452.25,452.25,452.45001220703125,452.04998779296875,452.45001220703125,2469
2026-04-27 09:47:00+00:00,452.25,452.25,452.3999938964844,452.04998779296875,452.25,2864
2026-04-27 09:48:00+00:00,452.1000061035156,452.1000061035156,452.20001220703125,451.79998779296875,452.20001220703125,5744
2026-04-27 09:49:00+00:00,451.75,451.75,452.1000061035156,451.3500061035156,452.1000061035156,9349
2026-04-27 09:50:00+00:00,451.3999938964844,451.3999938964844,451.70001220703125,451.3500061035156,451.6499938964844,3638
2026-04-27 09:51:00+00:00,451.75,451.75,451.79998779296875,451.54998779296875,451.54998779296875,11500
2026-04-27 09:52:00+00:00,451.6000061035156,451.6000061035156,452.0,451.6000061035156,451.79998779296875,5655
2026-04-27 09:53:00+00:00,451.79998779296875,451.79998779296875,451.8999938964844,451.70001220703125,451.8999938964844,3405
2026-04-27 09:54:00+00:00,451.79998779296875,451.79998779296875,451.95001220703125,451.75,451.75,12256
2026-04-27 09:55:00+00:00,452.0,452.0,452.1499938964844,451.75,452.0,7997
2026-04-27 09:56:00+00:00,451.8500061035156,451.8500061035156,452.0,451.70001220703125,452.0,3383
2026-04-27 09:57:00+00:00,451.6499938964844,451.6499938964844,451.8500061035156,451.54998779296875,451.8500061035156,5336
2026-04-27 09:58:00+00:00,452.3999938964844,452.3999938964844,452.3999938964844,451.5,451.54998779296875,4277
2026-04-27 09:59:00+00:00,452.3999938964844,452.3999938964844,452.3999938964844,451.0,451.0,4356
2026-04-28 03:45:00+00:00,450.5,450.5,451.3500061035156,450.25,451.0,0
2026-04-28 03:46:00+00:00,451.1499938964844,451.1499938964844,452.04998779296875,450.70001220703125,450.70001220703125,7271
2026-04-28 03:47:00+00:00,451.25,451.25,451.5,450.79998779296875,451.04998779296875,1660
2026-04-28 03:48:00+00:00,450.45001220703125,450.45001220703125,451.29998779296875,450.45001220703125,451.29998779296875,3414
2026-04-28 03:49:00+00:00,451.79998779296875,451.79998779296875,451.79998779296875,451.20001220703125,451.29998779296875,11368
2026-04-28 03:50:00+00:00,452.04998779296875,452.04998779296875,452.8500061035156,452.04998779296875,452.3500061035156,10707
2026-04-28 03:51:00+00:00,451.70001220703125,451.70001220703125,452.1499938964844,451.0,452.1499938964844,6188
2026-04-28 03:52:00+00:00,452.1499938964844,452.1499938964844,452.29998779296875,451.8500061035156,451.8500061035156,2633
2026-04-28 03:53:00+00:00,451.75,451.75,452.1499938964844,451.54998779296875,452.1499938964844,1105
2026-04-28 03:54:00+00:00,451.29998779296875,451.29998779296875,451.6000061035156,451.1000061035156,451.54998779296875,6521
2026-04-28 03:55:00+00:00,451.3999938964844,451.3999938964844,451.3999938964844,451.04998779296875,451.04998779296875,582
2026-04-28 03:56:00+00:00,451.75,451.75,451.95001220703125,451.6499938964844,451.6499938964844,547
2026-04-28 03:57:00+00:00,451.04998779296875,451.04998779296875,451.70001220703125,451.04998779296875,451.6499938964844,1838
2026-04-28 03:58:00+00:00,451.04998779296875,451.04998779296875,451.45001220703125,451.04998779296875,451.1000061035156,1345
2026-04-28 03:59:00+00:00,450.8500061035156,450.8500061035156,451.04998779296875,450.5,450.5,2187
2026-04-28 04:00:00+00:00,450.8999938964844,450.8999938964844,451.1000061035156,450.6499938964844,451.04998779296875,0
2026-04-28 04:01:00+00:00,450.6000061035156,450.6000061035156,450.8999938964844,450.6000061035156,450.6499938964844,184
2026-04-28 04:02:00+00:00,450.0,450.0,450.70001220703125,450.0,450.70001220703125,5263
2026-04-28 04:03:00+00:00,450.0,450.0,450.3500061035156,449.75,450.3500061035156,6339
2026-04-28 04:04:00+00:00,449.3999938964844,449.3999938964844,449.79998779296875,449.3999938964844,449.75,1604
2026-04-28 04:05:00+00:00,449.25,449.25,449.6000061035156,449.25,449.6000061035156,2906
2026-04-28 04:06:00+00:00,449.6499938964844,449.6499938964844,449.6499938964844,449.20001220703125,449.3999938964844,530
2026-04-28 04:07:00+00:00,449.8500061035156,449.8500061035156,449.8999938964844,449.6499938964844,449.8500061035156,2407
2026-04-28 04:08:00+00:00,449.75,449.75,450.0,449.75,449.8500061035156,6513
2026-04-28 04:09:00+00:00,449.75,449.75,450.0,449.70001220703125,449.95001220703125,165
2026-04-28 04:10:00+00:00,450.0,450.0,450.1499938964844,450.0,450.0,402
2026-04-28 04:11:00+00:00,450.5,450.5,450.5,450.1000061035156,450.1000061035156,1098
2026-04-28 04:12:00+00:00,450.29998779296875,450.29998779296875,450.79998779296875,450.0,450.6499938964844,7121
2026-04-28 04:13:00+00:00,450.70001220703125,450.70001220703125,450.79998779296875,450.45001220703125,450.5,498
2026-04-28 04:14:00+00:00,450.3500061035156,450.3500061035156,450.79998779296875,450.3500061035156,450.79998779296875,1487
2026-04-28 04:15:00+00:00,450.3500061035156,450.3500061035156,450.70001220703125,450.3500061035156,450.3500061035156,153
2026-04-28 04:16:00+00:00,450.8999938964844,450.8999938964844,451.0,450.8500061035156,450.8999938964844,525
2026-04-28 04:17:00+00:00,450.79998779296875,450.79998779296875,450.95001220703125,450.6000061035156,450.95001220703125,317
2026-04-28 04:18:00+00:00,450.3500061035156,450.3500061035156,450.70001220703125,450.3500061035156,450.5,1125
2026-04-28 04:19:00+00:00,450.45001220703125,450.45001220703125,450.5,450.1000061035156,450.5,1501
2026-04-28 04:20:00+00:00,450.79998779296875,450.79998779296875,450.79998779296875,450.20001220703125,450.20001220703125,427
2026-04-28 04:21:00+00:00,450.3999938964844,450.3999938964844,450.70001220703125,450.3999938964844,450.6000061035156,340
2026-04-28 04:22:00+00:00,450.79998779296875,450.79998779296875,450.79998779296875,450.3999938964844,450.45001220703125,290
2026-04-28 04:23:00+00:00,450.79998779296875,450.79998779296875,450.79998779296875,450.6000061035156,450.6000061035156,428
2026-04-28 04:24:00+00:00,450.70001220703125,450.70001220703125,450.75,450.6000061035156,450.75,513
2026-04-28 04:25:00+00:00,450.5,450.5,450.6499938964844,450.5,450.6000061035156,483
2026-04-28 04:26:00+00:00,450.5,450.5,450.6499938964844,450.5,450.5,84
2026-04-28 04:27:00+00:00,450.54998779296875,450.54998779296875,450.54998779296875,450.25,450.3999938964844,364
2026-04-28 04:28:00+00:00,450.6000061035156,450.6000061035156,450.70001220703125,450.3500061035156,450.70001220703125,1052
2026-04-28 04:29:00+00:00,450.6000061035156,450.6000061035156,450.70001220703125,450.3500061035156,450.3500061035156,1952
2026-04-28 04:30:00+00:00,450.3500061035156,450.3500061035156,450.8999938964844,450.3500061035156,450.8999938964844,1179
2026-04-28 04:31:00+00:00,450.3999938964844,450.3999938964844,450.6499938964844,450.3500061035156,450.6499938964844,137
2026-04-28 04:32:00+00:00,450.29998779296875,450.29998779296875,450.54998779296875,450.29998779296875,450.3999938964844,83
2026-04-28 04:33:00+00:00,450.6000061035156,450.6000061035156,450.6000061035156,450.5,450.5,4990
2026-04-28 04:34:00+00:00,450.5,450.5,450.6000061035156,450.29998779296875,450.6000061035156,795
2026-04-28 04:35:00+00:00,450.0,450.0,450.29998779296875,449.95001220703125,450.29998779296875,4950
2026-04-28 04:36:00+00:00,450.20001220703125,450.20001220703125,450.3500061035156,449.95001220703125,450.3500061035156,898
2026-04-28 04:37:00+00:00,450.04998779296875,450.04998779296875,450.29998779296875,450.0,450.20001220703125,236
2026-04-28 04:38:00+00:00,449.79998779296875,449.79998779296875,450.29998779296875,449.79998779296875,450.0,1835
2026-04-28 04:39:00+00:00,449.8999938964844,449.8999938964844,450.0,449.70001220703125,449.79998779296875,398
2026-04-28 04:40:00+00:00,449.8500061035156,449.8500061035156,450.0,449.75,449.8999938964844,324
2026-04-28 04:41:00+00:00,449.8500061035156,449.8500061035156,450.0,449.8500061035156,449.8500061035156,310
2026-04-28 04:42:00+00:00,450.04998779296875,450.04998779296875,450.1000061035156,449.75,449.95001220703125,716
2026-04-28 04:43:00+00:00,449.79998779296875,449.79998779296875,450.04998779296875,449.75,450.04998779296875,1001
2026-04-28 04:44:00+00:00,450.1000061035156,450.1000061035156,450.1499938964844,449.8500061035156,449.8500061035156,899
2026-04-28 04:45:00+00:00,450.1000061035156,450.1000061035156,450.1000061035156,450.0,450.0,173
2026-04-28 04:46:00+00:00,450.1499938964844,450.1499938964844,450.29998779296875,450.1499938964844,450.1499938964844,384
2026-04-28 04:47:00+00:00,450.1499938964844,450.1499938964844,450.29998779296875,450.1499938964844,450.1499938964844,201
2026-04-28 04:48:00+00:00,450.25,450.25,450.29998779296875,450.1499938964844,450.1499938964844,461
2026-04-28 04:49:00+00:00,450.3999938964844,450.3999938964844,450.3999938964844,450.1499938964844,450.3500061035156,531
2026-04-28 04:50:00+00:00,450.20001220703125,450.20001220703125,450.20001220703125,450.20001220703125,450.20001220703125,132
2026-04-28 04:51:00+00:00,450.6000061035156,450.6000061035156,450.70001220703125,450.25,450.25,1732
2026-04-28 04:52:00+00:00,450.54998779296875,450.54998779296875,450.54998779296875,450.3999938964844,450.3999938964844,468
2026-04-28 04:53:00+00:00,450.20001220703125,450.20001220703125,450.54998779296875,450.20001220703125,450.54998779296875,1411
2026-04-28 04:54:00+00:00,450.54998779296875,450.54998779296875,450.54998779296875,450.1499938964844,450.25,318
2026-04-28 04:55:00+00:00,450.3999938964844,450.3999938964844,450.6000061035156,450.3999938964844,450.3999938964844,101
2026-04-28 04:56:00+00:00,450.3999938964844,450.3999938964844,450.3999938964844,450.1499938964844,450.3999938964844,768
2026-04-28 04:57:00+00:00,450.1000061035156,450.1000061035156,450.3500061035156,450.1000061035156,450.1000061035156,371
2026-04-28 04:58:00+00:00,450.1499938964844,450.1499938964844,450.1499938964844,450.0,450.1000061035156,1244
2026-04-28 04:59:00+00:00,450.3500061035156,450.3500061035156,450.3500061035156,450.1499938964844,450.1499938964844,453
2026-04-28 05:00:00+00:00,450.1499938964844,450.1499938964844,450.1499938964844,450.0,450.1499938964844,139
2026-04-28 05:01:00+00:00,449.8500061035156,449.8500061035156,450.1499938964844,449.8500061035156,450.1499938964844,887
2026-04-28 05:02:00+00:00,449.75,449.75,449.79998779296875,449.75,449.79998779296875,50
2026-04-28 05:03:00+00:00,449.95001220703125,449.95001220703125,449.95001220703125,449.75,449.95001220703125,62
2026-04-28 05:04:00+00:00,449.6499938964844,449.6499938964844,449.79998779296875,449.6000061035156,449.70001220703125,228
2026-04-28 05:05:00+00:00,449.70001220703125,449.70001220703125,450.0,449.6499938964844,449.79998779296875,1758
2026-04-28 05:06:00+00:00,449.70001220703125,449.70001220703125,449.95001220703125,449.6000061035156,449.6000061035156,571
2026-04-28 05:07:00+00:00,449.95001220703125,449.95001220703125,450.1000061035156,449.8500061035156,450.1000061035156,1664
2026-04-28 05:08:00+00:00,449.95001220703125,449.95001220703125,450.0,449.75,450.0,639
2026-04-28 05:09:00+00:00,450.0,450.0,450.0,449.75,449.75,207
2026-04-28 05:10:00+00:00,449.8500061035156,449.8500061035156,449.95001220703125,449.70001220703125,449.95001220703125,688
2026-04-28 05:11:00+00:00,449.6499938964844,449.6499938964844,449.95001220703125,449.6499938964844,449.6499938964844,179
2026-04-28 05:12:00+00:00,449.6000061035156,449.6000061035156,449.70001220703125,449.6000061035156,449.70001220703125,82
2026-04-28 05:13:00+00:00,449.8500061035156,449.8500061035156,449.8500061035156,449.6000061035156,449.6000061035156,97
2026-04-28 05:14:00+00:00,450.1499938964844,450.1499938964844,450.1499938964844,449.6000061035156,449.6000061035156,1380
2026-04-28 05:15:00+00:00,450.20001220703125,450.20001220703125,450.20001220703125,449.95001220703125,449.95001220703125,286
2026-04-28 05:16:00+00:00,450.0,450.0,450.20001220703125,449.95001220703125,450.20001220703125,529
2026-04-28 05:17:00+00:00,449.95001220703125,449.95001220703125,450.04998779296875,449.79998779296875,450.04998779296875,490
2026-04-28 05:18:00+00:00,450.0,450.0,450.0,449.79998779296875,449.79998779296875,488
2026-04-28 05:19:00+00:00,449.79998779296875,449.79998779296875,450.0,449.79998779296875,450.0,198
2026-04-28 05:20:00+00:00,449.79998779296875,449.79998779296875,450.1000061035156,449.79998779296875,449.79998779296875,186
2026-04-28 05:21:00+00:00,449.8999938964844,449.8999938964844,450.1000061035156,449.79998779296875,449.79998779296875,88
2026-04-28 05:22:00+00:00,450.1000061035156,450.1000061035156,450.1000061035156,449.79998779296875,449.8500061035156,194
2026-04-28 05:23:00+00:00,450.1000061035156,450.1000061035156,450.1499938964844,449.79998779296875,449.8500061035156,767
2026-04-28 05:24:00+00:00,450.1000061035156,450.1000061035156,450.1000061035156,449.8500061035156,450.04998779296875,230
2026-04-28 05:25:00+00:00,450.20001220703125,450.20001220703125,450.5,450.20001220703125,450.3999938964844,851
2026-04-28 05:26:00+00:00,450.25,450.25,450.29998779296875,450.20001220703125,450.20001220703125,107
2026-04-28 05:27:00+00:00,450.1499938964844,450.1499938964844,450.29998779296875,450.1499938964844,450.20001220703125,572
2026-04-28 05:28:00+00:00,450.1000061035156,450.1000061035156,450.3999938964844,450.1000061035156,450.1000061035156,622
2026-04-28 05:29:00+00:00,450.0,450.0,450.29998779296875,450.0,450.1000061035156,289
2026-04-28 05:30:00+00:00,450.0,450.0,450.0,449.79998779296875,450.0,1363
2026-04-28 05:31:00+00:00,449.79998779296875,449.79998779296875,449.8999938964844,449.79998779296875,449.79998779296875,919
2026-04-28 05:32:00+00:00,449.79998779296875,449.79998779296875,450.0,449.79998779296875,449.79998779296875,519
2026-04-28 05:33:00+00:00,449.6499938964844,449.6499938964844,449.79998779296875,449.5,449.79998779296875,2079
2026-04-28 05:34:00+00:00,449.75,449.75,449.75,449.5,449.54998779296875,444
2026-04-28 05:35:00+00:00,449.54998779296875,449.54998779296875,449.75,449.5,449.75,840
2026-04-28 05:36:00+00:00,449.54998779296875,449.54998779296875,449.8500061035156,449.5,449.54998779296875,215
2026-04-28 05:37:00+00:00,449.79998779296875,449.79998779296875,449.8500061035156,449.54998779296875,449.75,1319
2026-04-28 05:38:00+00:00,449.6000061035156,449.6000061035156,449.6000061035156,449.6000061035156,449.6000061035156,0
2026-04-28 05:39:00+00:00,450.04998779296875,450.04998779296875,450.29998779296875,449.95001220703125,450.1499938964844,1033
2026-04-28 05:40:00+00:00,449.70001220703125,449.70001220703125,450.0,449.70001220703125,449.8500061035156,76
2026-04-28 05:41:00+00:00,449.79998779296875,449.79998779296875,449.79998779296875,449.75,449.75,123
2026-04-28 05:42:00+00:00,449.79998779296875,449.79998779296875,450.04998779296875,449.75,450.04998779296875,606
2026-04-28 05:43:00+00:00,449.8500061035156,449.8500061035156,450.45001220703125,449.79998779296875,450.45001220703125,5093
2026-04-28 05:44:00+00:00,449.79998779296875,449.79998779296875,449.79998779296875,449.75,449.79998779296875,368
2026-04-28 05:45:00+00:00,449.79998779296875,449.79998779296875,450.0,449.79998779296875,449.79998779296875,43
2026-04-28 05:46:00+00:00,449.54998779296875,449.54998779296875,450.0,449.54998779296875,449.79998779296875,1685
2026-04-28 05:47:00+00:00,450.0,450.0,450.0,449.6499938964844,449.6499938964844,976
2026-04-28 05:48:00+00:00,449.6499938964844,449.6499938964844,450.0,449.6499938964844,449.8999938964844,1048
2026-04-28 05:49:00+00:00,449.6499938964844,449.6499938964844,449.79998779296875,449.6499938964844,449.79998779296875,182
2026-04-28 05:50:00+00:00,450.3500061035156,450.3500061035156,450.45001220703125,449.6499938964844,449.6499938964844,1750
2026-04-28 05:51:00+00:00,450.54998779296875,450.54998779296875,450.79998779296875,450.5,450.5,1841
2026-04-28 05:52:00+00:00,450.8999938964844,450.8999938964844,450.8999938964844,450.70001220703125,450.8999938964844,1039
2026-04-28 05:53:00+00:00,450.79998779296875,450.79998779296875,450.8999938964844,450.70001220703125,450.70001220703125,1256
2026-04-28 05:54:00+00:00,450.1499938964844,450.1499938964844,450.70001220703125,450.1499938964844,450.70001220703125,1875
2026-04-28 05:55:00+00:00,449.8999938964844,449.8999938964844,450.25,449.8999938964844,450.1499938964844,679
2026-04-28 05:56:00+00:00,450.04998779296875,450.04998779296875,450.1499938964844,449.95001220703125,449.95001220703125,142
2026-04-28 05:57:00+00:00,449.8999938964844,449.8999938964844,450.1000061035156,449.8999938964844,450.1000061035156,129
2026-04-28 05:58:00+00:00,449.75,449.75,449.8999938964844,449.75,449.8999938964844,569
2026-04-28 05:59:00+00:00,449.5,449.5,450.0,449.5,450.0,11647
2026-04-28 06:00:00+00:00,449.3999938964844,449.3999938964844,449.6000061035156,449.3999938964844,449.5,225
2026-04-28 06:01:00+00:00,449.70001220703125,449.70001220703125,449.70001220703125,449.3999938964844,449.3999938964844,213
2026-04-28 06:02:00+00:00,450.25,450.25,450.29998779296875,449.6000061035156,449.70001220703125,573
2026-04-28 06:03:00+00:00,450.20001220703125,450.20001220703125,450.29998779296875,449.79998779296875,450.29998779296875,932
2026-04-28 06:04:00+00:00,450.1499938964844,450.1499938964844,450.20001220703125,449.8999938964844,449.95001220703125,1346
2026-04-28 06:05:00+00:00,450.1499938964844,450.1499938964844,450.1499938964844,449.8500061035156,450.1000061035156,282
2026-04-28 06:06:00+00:00,450.1000061035156,450.1000061035156,450.25,449.8999938964844,449.8999938964844,2638
2026-04-28 06:07:00+00:00,450.04998779296875,450.04998779296875,450.04998779296875,449.8500061035156,449.8999938964844,497
2026-04-28 06:08:00+00:00,449.8500061035156,449.8500061035156,450.04998779296875,449.8500061035156,450.04998779296875,452
2026-04-28 06:09:00+00:00,449.95001220703125,449.95001220703125,450.20001220703125,449.8500061035156,450.1000061035156,606
2026-04-28 06:10:00+00:00,450.25,450.25,450.29998779296875,449.75,449.75,553
2026-04-28 06:11:00+00:00,450.20001220703125,450.20001220703125,450.25,449.8999938964844,450.25,320
2026-04-28 06:12:00+00:00,450.25,450.25,450.3500061035156,450.0,450.3500061035156,544
2026-04-28 06:13:00+00:00,450.29998779296875,450.29998779296875,450.29998779296875,450.04998779296875,450.29998779296875,635
2026-04-28 06:14:00+00:00,450.29998779296875,450.29998779296875,450.29998779296875,450.1000061035156,450.1000061035156,330
2026-04-28 06:15:00+00:00,450.25,450.25,450.54998779296875,450.25,450.29998779296875,1182
2026-04-28 06:16:00+00:00,450.1499938964844,450.1499938964844,450.25,449.95001220703125,450.25,317
2026-04-28 06:17:00+00:00,449.6499938964844,449.6499938964844,450.1000061035156,449.6499938964844,450.0,898
2026-04-28 06:18:00+00:00,450.0,450.0,450.1499938964844,449.8999938964844,450.1000061035156,867
2026-04-28 06:19:00+00:00,449.8999938964844,449.8999938964844,450.29998779296875,449.8999938964844,450.1000061035156,859
2026-04-28 06:20:00+00:00,449.8999938964844,449.8999938964844,450.25,449.8999938964844,450.04998779296875,179
2026-04-28 06:21:00+00:00,450.3500061035156,450.3500061035156,450.54998779296875,450.1000061035156,450.1499938964844,629
2026-04-28 06:22:00+00:00,450.1000061035156,450.1000061035156,450.3999938964844,450.1000061035156,450.1499938964844,41
2026-04-28 06:23:00+00:00,450.0,450.0,450.04998779296875,450.0,450.04998779296875,402
2026-04-28 06:24:00+00:00,449.8500061035156,449.8500061035156,450.25,449.8500061035156,450.0,617
2026-04-28 06:25:00+00:00,449.8500061035156,449.8500061035156,450.20001220703125,449.8500061035156,449.95001220703125,988
2026-04-28 06:26:00+00:00,449.6000061035156,449.6000061035156,449.8500061035156,449.6000061035156,449.8500061035156,1036
2026-04-28 06:27:00+00:00,449.6000061035156,449.6000061035156,449.8500061035156,449.54998779296875,449.6000061035156,117
2026-04-28 06:28:00+00:00,449.75,449.75,449.8500061035156,449.5,449.8500061035156,93
2026-04-28 06:29:00+00:00,449.54998779296875,449.54998779296875,449.79998779296875,449.54998779296875,449.54998779296875,307
2026-04-28 06:30:00+00:00,449.54998779296875,449.54998779296875,449.79998779296875,449.54998779296875,449.79998779296875,126
2026-04-28 06:31:00+00:00,449.5,449.5,449.79998779296875,449.3500061035156,449.79998779296875,2336
2026-04-28 06:32:00+00:00,449.3999938964844,449.3999938964844,449.6000061035156,449.3500061035156,449.6000061035156,115
2026-04-28 06:33:00+00:00,449.8500061035156,449.8500061035156,449.8500061035156,449.3999938964844,449.54998779296875,431
2026-04-28 06:34:00+00:00,449.79998779296875,449.79998779296875,449.8999938964844,449.6000061035156,449.8500061035156,470
2026-04-28 06:35:00+00:00,449.54998779296875,449.54998779296875,449.79998779296875,449.5,449.6000061035156,364
2026-04-28 06:36:00+00:00,449.6499938964844,449.6499938964844,449.6499938964844,449.5,449.54998779296875,406
2026-04-28 06:37:00+00:00,449.6499938964844,449.6499938964844,449.8999938964844,449.6499938964844,449.8999938964844,520
2026-04-28 06:38:00+00:00,450.1499938964844,450.1499938964844,450.3500061035156,449.8500061035156,449.8500061035156,1771
2026-04-28 06:39:00+00:00,449.8999938964844,449.8999938964844,450.1000061035156,449.8999938964844,450.04998779296875,163
2026-04-28 06:40:00+00:00,450.0,450.0,450.25,449.8999938964844,450.1499938964844,167
2026-04-28 06:41:00+00:00,450.0,450.0,450.29998779296875,450.0,450.29998779296875,323
2026-04-28 06:42:00+00:00,450.0,450.0,450.1499938964844,450.0,450.0,123
2026-04-28 06:43:00+00:00,450.25,450.25,450.3500061035156,450.0,450.1499938964844,414
2026-04-28 06:44:00+00:00,450.5,450.5,450.79998779296875,450.1499938964844,450.1499938964844,741
2026-04-28 06:45:00+00:00,450.75,450.75,450.79998779296875,450.5,450.5,29
2026-04-28 06:46:00+00:00,450.6499938964844,450.6499938964844,450.8999938964844,450.54998779296875,450.54998779296875,1259
2026-04-28 06:47:00+00:00,450.79998779296875,450.79998779296875,450.8999938964844,450.6499938964844,450.8999938964844,161
2026-04-28 06:48:00+00:00,450.6499938964844,450.6499938964844,450.79998779296875,450.6499938964844,450.6499938964844,247
2026-04-28 06:49:00+00:00,450.6000061035156,450.6000061035156,450.8999938964844,450.6000061035156,450.70001220703125,489
2026-04-28 06:50:00+00:00,450.5,450.5,450.6000061035156,450.45001220703125,450.54998779296875,294
2026-04-28 06:51:00+00:00,450.3999938964844,450.3999938964844,450.6000061035156,450.3999938964844,450.5,798
2026-04-28 06:52:00+00:00,450.0,450.0,450.1000061035156,450.0,450.1000061035156,627
2026-04-28 06:53:00+00:00,450.04998779296875,450.04998779296875,450.29998779296875,450.04998779296875,450.29998779296875,168
2026-04-28 06:54:00+00:00,450.1499938964844,450.1499938964844,450.25,450.0,450.0,94
2026-04-28 06:55:00+00:00,450.25,450.25,450.25,450.04998779296875,450.04998779296875,65
2026-04-28 06:56:00+00:00,450.04998779296875,450.04998779296875,450.04998779296875,450.0,450.0,115
2026-04-28 06:57:00+00:00,450.0,450.0,450.04998779296875,450.0,450.04998779296875,76
2026-04-28 06:58:00+00:00,450.1499938964844,450.1499938964844,450.1499938964844,449.95001220703125,450.0,561
2026-04-28 06:59:00+00:00,449.95001220703125,449.95001220703125,450.20001220703125,449.95001220703125,450.1499938964844,97
2026-04-28 07:00:00+00:00,449.8999938964844,449.8999938964844,450.1499938964844,449.8999938964844,450.1499938964844,96
2026-04-28 07:01:00+00:00,450.04998779296875,450.04998779296875,450.04998779296875,449.8999938964844,449.8999938964844,73
2026-04-28 07:02:00+00:00,449.75,449.75,450.04998779296875,449.75,450.0,104
2026-04-28 07:03:00+00:00,449.8999938964844,449.8999938964844,450.0,449.79998779296875,450.0,46
2026-04-28 07:04:00+00:00,449.75,449.75,449.95001220703125,449.70001220703125,449.70001220703125,203
2026-04-28 07:05:00+00:00,450.8999938964844,450.8999938964844,450.8999938964844,450.04998779296875,450.04998779296875,1681
2026-04-28 07:06:00+00:00,450.70001220703125,450.70001220703125,450.8999938964844,450.3999938964844,450.70001220703125,966
2026-04-28 07:07:00+00:00,450.3500061035156,450.3500061035156,450.75,450.25,450.5,498
2026-04-28 07:08:00+00:00,450.1000061035156,450.1000061035156,450.45001220703125,450.1000061035156,450.1499938964844,125
2026-04-28 07:09:00+00:00,450.25,450.25,450.29998779296875,450.0,450.04998779296875,150
2026-04-28 07:10:00+00:00,450.5,450.5,450.5,450.0,450.25,362
2026-04-28 07:11:00+00:00,450.54998779296875,450.54998779296875,450.54998779296875,450.20001220703125,450.20001220703125,144
2026-04-28 07:12:00+00:00,450.6000061035156,450.6000061035156,450.6000061035156,450.20001220703125,450.25,107
2026-04-28 07:13:00+00:00,450.54998779296875,450.54998779296875,450.6000061035156,450.25,450.54998779296875,417
2026-04-28 07:14:00+00:00,450.5,450.5,450.54998779296875,450.3500061035156,450.3500061035156,457
2026-04-28 07:15:00+00:00,450.45001220703125,450.45001220703125,450.79998779296875,450.45001220703125,450.6000061035156,709
2026-04-28 07:16:00+00:00,450.5,450.5,450.8500061035156,450.5,450.54998779296875,96
2026-04-28 07:17:00+00:00,450.54998779296875,450.54998779296875,450.54998779296875,450.25,450.25,37
2026-04-28 07:18:00+00:00,450.8500061035156,450.8500061035156,450.8500061035156,450.3999938964844,450.3999938964844,83
2026-04-28 07:19:00+00:00,450.75,450.75,450.75,450.54998779296875,450.75,113
2026-04-28 07:20:00+00:00,451.5,451.5,451.5,450.54998779296875,450.54998779296875,9308
2026-04-28 07:21:00+00:00,451.79998779296875,451.79998779296875,451.79998779296875,451.29998779296875,451.29998779296875,3209
2026-04-28 07:22:00+00:00,451.8999938964844,451.8999938964844,452.0,451.6499938964844,451.8500061035156,2787
2026-04-28 07:23:00+00:00,451.70001220703125,451.70001220703125,451.70001220703125,451.70001220703125,451.70001220703125,234
2026-04-28 07:24:00+00:00,451.54998779296875,451.54998779296875,451.95001220703125,451.5,451.70001220703125,1223
2026-04-28 07:25:00+00:00,451.8500061035156,451.8500061035156,451.8500061035156,451.5,451.5,261
2026-04-28 07:26:00+00:00,451.70001220703125,451.70001220703125,451.8500061035156,451.6499938964844,451.8500061035156,140
2026-04-28 07:27:00+00:00,451.5,451.5,451.79998779296875,451.5,451.75,179
2026-04-28 07:28:00+00:00,451.6499938964844,451.6499938964844,451.75,451.3999938964844,451.5,8324
2026-04-28 07:29:00+00:00,451.3500061035156,451.3500061035156,451.3999938964844,451.3500061035156,451.3500061035156,660
2026-04-28 07:30:00+00:00,451.3500061035156,451.3500061035156,451.5,451.3500061035156,451.3500061035156,66
2026-04-28 07:31:00+00:00,451.1499938964844,451.1499938964844,451.3500061035156,451.0,451.3500061035156,13820
2026-04-28 07:32:00+00:00,451.04998779296875,451.04998779296875,451.25,451.04998779296875,451.04998779296875,95
2026-04-28 07:33:00+00:00,451.04998779296875,451.04998779296875,451.04998779296875,451.04998779296875,451.04998779296875,145
2026-04-28 07:34:00+00:00,450.54998779296875,450.54998779296875,451.1000061035156,450.54998779296875,451.1000061035156,901
2026-04-28 07:35:00+00:00,450.6000061035156,450.6000061035156,450.79998779296875,450.5,450.5,71
2026-04-28 07:36:00+00:00,450.75,450.75,450.95001220703125,450.75,450.79998779296875,993
2026-04-28 07:37:00+00:00,450.79998779296875,450.79998779296875,450.79998779296875,450.54998779296875,450.54998779296875,152
2026-04-28 07:38:00+00:00,450.6499938964844,450.6499938964844,450.8999938964844,450.6000061035156,450.6499938964844,842
2026-04-28 07:39:00+00:00,450.6000061035156,450.6000061035156,450.8999938964844,450.6000061035156,450.8999938964844,210
2026-04-28 07:40:00+00:00,450.3999938964844,450.3999938964844,450.79998779296875,450.3999938964844,450.79998779296875,410
2026-04-28 07:41:00+00:00,450.6499938964844,450.6499938964844,450.6499938964844,450.3500061035156,450.3500061035156,147
2026-04-28 07:42:00+00:00,450.3500061035156,450.3500061035156,450.45001220703125,450.3500061035156,450.45001220703125,80
2026-04-28 07:43:00+00:00,450.29998779296875,450.29998779296875,450.3500061035156,450.29998779296875,450.3500061035156,47
2026-04-28 07:44:00+00:00,450.29998779296875,450.29998779296875,450.54998779296875,450.29998779296875,450.3500061035156,364
2026-04-28 07:45:00+00:00,450.29998779296875,450.29998779296875,450.29998779296875,450.04998779296875,450.29998779296875,442
2026-04-28 07:46:00+00:00,450.29998779296875,450.29998779296875,450.3999938964844,450.0,450.04998779296875,169
2026-04-28 07:47:00+00:00,449.70001220703125,449.70001220703125,450.25,449.70001220703125,450.1000061035156,6669
2026-04-28 07:48:00+00:00,450.04998779296875,450.04998779296875,450.29998779296875,449.75,449.75,111
2026-04-28 07:49:00+00:00,450.54998779296875,450.54998779296875,450.54998779296875,450.1499938964844,450.25,1446
2026-04-28 07:50:00+00:00,450.29998779296875,450.29998779296875,450.54998779296875,450.25,450.54998779296875,99
2026-04-28 07:51:00+00:00,450.3500061035156,450.3500061035156,450.3500061035156,450.25,450.29998779296875,100
2026-04-28 07:52:00+00:00,450.54998779296875,450.54998779296875,450.75,450.3500061035156,450.3500061035156,1729
2026-04-28 07:53:00+00:00,450.6000061035156,450.6000061035156,450.75,450.54998779296875,450.6000061035156,133
2026-04-28 07:54:00+00:00,450.5,450.5,450.75,450.5,450.75,569
2026-04-28 07:55:00+00:00,450.5,450.5,450.79998779296875,450.5,450.79998779296875,343
2026-04-28 07:56:00+00:00,450.5,450.5,450.6499938964844,450.5,450.5,378
2026-04-28 07:57:00+00:00,450.6499938964844,450.6499938964844,450.6499938964844,450.5,450.5,35
2026-04-28 07:58:00+00:00,450.70001220703125,450.70001220703125,450.70001220703125,450.5,450.6000061035156,514
2026-04-28 07:59:00+00:00,450.5,450.5,450.54998779296875,450.5,450.5,141
2026-04-28 08:00:00+00:00,450.5,450.5,450.6499938964844,450.5,450.5,25
2026-04-28 08:01:00+00:00,450.70001220703125,450.70001220703125,450.79998779296875,450.3999938964844,450.79998779296875,756
2026-04-28 08:02:00+00:00,450.5,450.5,450.6000061035156,450.5,450.6000061035156,9
2026-04-28 08:03:00+00:00,450.20001220703125,450.20001220703125,450.6000061035156,450.20001220703125,450.5,372
2026-04-28 08:04:00+00:00,450.20001220703125,450.20001220703125,450.29998779296875,450.20001220703125,450.25,15
2026-04-28 08:05:00+00:00,449.79998779296875,449.79998779296875,450.45001220703125,449.75,450.45001220703125,234
2026-04-28 08:06:00+00:00,450.3500061035156,450.3500061035156,450.3500061035156,449.75,449.79998779296875,6670
2026-04-28 08:07:00+00:00,450.29998779296875,450.29998779296875,450.6000061035156,450.04998779296875,450.3500061035156,199
2026-04-28 08:08:00+00:00,450.1000061035156,450.1000061035156,450.20001220703125,449.79998779296875,450.1000061035156,1458
2026-04-28 08:09:00+00:00,450.0,450.0,450.1000061035156,449.79998779296875,450.1000061035156,178
2026-04-28 08:10:00+00:00,449.79998779296875,449.79998779296875,450.75,449.79998779296875,449.8999938964844,2938
2026-04-28 08:11:00+00:00,449.75,449.75,450.25,449.75,449.8500061035156,5316
2026-04-28 08:12:00+00:00,450.1000061035156,450.1000061035156,450.3500061035156,449.79998779296875,449.95001220703125,4559
2026-04-28 08:13:00+00:00,450.3999938964844,450.3999938964844,451.0,450.3999938964844,450.70001220703125,791
2026-04-28 08:14:00+00:00,450.45001220703125,450.45001220703125,450.6499938964844,450.1499938964844,450.3999938964844,6327
2026-04-28 08:15:00+00:00,450.20001220703125,450.20001220703125,450.45001220703125,450.1499938964844,450.45001220703125,98
2026-04-28 08:16:00+00:00,450.29998779296875,450.29998779296875,450.45001220703125,450.1000061035156,450.20001220703125,96
2026-04-28 08:17:00+00:00,450.1000061035156,450.1000061035156,450.3999938964844,450.1000061035156,450.1000061035156,1440
2026-04-28 08:18:00+00:00,450.1000061035156,450.1000061035156,450.1000061035156,450.1000061035156,450.1000061035156,10
2026-04-28 08:19:00+00:00,449.79998779296875,449.79998779296875,450.20001220703125,449.79998779296875,450.1000061035156,130
2026-04-28 08:20:00+00:00,449.79998779296875,449.79998779296875,449.8999938964844,449.6499938964844,449.8999938964844,503
2026-04-28 08:21:00+00:00,449.8500061035156,449.8500061035156,450.1000061035156,449.79998779296875,449.79998779296875,1308
2026-04-28 08:22:00+00:00,449.95001220703125,449.95001220703125,450.1000061035156,449.75,450.1000061035156,1089
2026-04-28 08:23:00+00:00,450.04998779296875,450.04998779296875,450.25,449.95001220703125,450.25,103
2026-04-28 08:24:00+00:00,450.20001220703125,450.20001220703125,450.3500061035156,450.04998779296875,450.04998779296875,82
2026-04-28 08:25:00+00:00,450.25,450.25,450.25,450.20001220703125,450.20001220703125,54
2026-04-28 08:26:00+00:00,450.20001220703125,450.20001220703125,450.3999938964844,450.20001220703125,450.25,55
2026-04-28 08:27:00+00:00,450.3500061035156,450.3500061035156,450.3999938964844,450.20001220703125,450.20001220703125,172
2026-04-28 08:28:00+00:00,450.6000061035156,450.6000061035156,450.79998779296875,450.1499938964844,450.1499938964844,2180
2026-04-28 08:29:00+00:00,450.3999938964844,450.3999938964844,450.95001220703125,450.1499938964844,450.8999938964844,378
2026-04-28 08:30:00+00:00,450.3500061035156,450.3500061035156,450.6000061035156,450.1000061035156,450.3999938964844,1678
2026-04-28 08:31:00+00:00,450.6000061035156,450.6000061035156,450.75,450.29998779296875,450.29998779296875,13
2026-04-28 08:32:00+00:00,450.3999938964844,450.3999938964844,450.8500061035156,450.29998779296875,450.6000061035156,2672
2026-04-28 08:33:00+00:00,450.79998779296875,450.79998779296875,451.04998779296875,450.25,450.54998779296875,10937
2026-04-28 08:34:00+00:00,450.79998779296875,450.79998779296875,450.95001220703125,450.79998779296875,450.79998779296875,20
2026-04-28 08:35:00+00:00,450.3500061035156,450.3500061035156,450.95001220703125,450.29998779296875,450.79998779296875,1713
2026-04-28 08:36:00+00:00,450.79998779296875,450.79998779296875,450.79998779296875,450.3500061035156,450.3500061035156,506
2026-04-28 08:37:00+00:00,450.3999938964844,450.3999938964844,450.75,450.3999938964844,450.75,21
2026-04-28 08:38:00+00:00,450.45001220703125,450.45001220703125,450.79998779296875,450.3999938964844,450.3999938964844,112
2026-04-28 08:39:00+00:00,450.29998779296875,450.29998779296875,450.45001220703125,450.1499938964844,450.45001220703125,232
2026-04-28 08:40:00+00:00,450.45001220703125,450.45001220703125,450.6000061035156,450.29998779296875,450.29998779296875,246
2026-04-28 08:41:00+00:00,450.1000061035156,450.1000061035156,450.5,450.1000061035156,450.29998779296875,231
2026-04-28 08:42:00+00:00,449.8999938964844,449.8999938964844,450.1000061035156,449.79998779296875,450.1000061035156,1377
2026-04-28 08:43:00+00:00,449.95001220703125,449.95001220703125,450.1000061035156,449.79998779296875,449.8999938964844,93
2026-04-28 08:44:00+00:00,449.75,449.75,450.1000061035156,449.75,450.1000061035156,20
2026-04-28 08:45:00+00:00,449.3999938964844,449.3999938964844,449.8500061035156,449.3500061035156,449.45001220703125,5251
2026-04-28 08:46:00+00:00,449.3999938964844,449.3999938964844,449.6499938964844,449.3999938964844,449.3999938964844,552
2026-04-28 08:47:00+00:00,449.3999938964844,449.3999938964844,449.3999938964844,449.3500061035156,449.3999938964844,231
2026-04-28 08:48:00+00:00,450.1499938964844,450.1499938964844,450.1499938964844,449.3999938964844,449.45001220703125,2670
2026-04-28 08:49:00+00:00,450.04998779296875,450.04998779296875,450.04998779296875,449.8500061035156,449.8500061035156,226
2026-04-28 08:50:00+00:00,449.95001220703125,449.95001220703125,450.1499938964844,449.8999938964844,450.0,1226
2026-04-28 08:51:00+00:00,450.04998779296875,450.04998779296875,450.25,450.0,450.1499938964844,704
2026-04-28 08:52:00+00:00,450.20001220703125,450.20001220703125,450.3500061035156,450.04998779296875,450.04998779296875,1549
2026-04-28 08:53:00+00:00,450.3999938964844,450.3999938964844,450.70001220703125,450.3999938964844,450.54998779296875,166
2026-04-28 08:54:00+00:00,450.3500061035156,450.3500061035156,450.3999938964844,450.0,450.3999938964844,1499
2026-04-28 08:55:00+00:00,450.45001220703125,450.45001220703125,450.45001220703125,450.0,450.1499938964844,484
2026-04-28 08:56:00+00:00,450.3999938964844,450.3999938964844,450.3999938964844,450.1499938964844,450.20001220703125,384
2026-04-28 08:57:00+00:00,449.8500061035156,449.8500061035156,450.1499938964844,449.8500061035156,450.04998779296875,734
2026-04-28 08:58:00+00:00,449.75,449.75,450.04998779296875,449.75,449.8500061035156,257
2026-04-28 08:59:00+00:00,449.8999938964844,449.8999938964844,450.1000061035156,449.75,450.1000061035156,268
2026-04-28 09:00:00+00:00,450.79998779296875,450.79998779296875,450.79998779296875,450.0,450.0,1468
2026-04-28 09:01:00+00:00,450.79998779296875,450.79998779296875,451.0,450.6000061035156,451.0,2439
2026-04-28 09:02:00+00:00,450.45001220703125,450.45001220703125,451.0,450.45001220703125,451.0,2087
2026-04-28 09:03:00+00:00,450.5,450.5,450.70001220703125,450.5,450.70001220703125,549
2026-04-28 09:04:00+00:00,450.1000061035156,450.1000061035156,450.70001220703125,450.1000061035156,450.5,4265
2026-04-28 09:05:00+00:00,450.25,450.25,450.3500061035156,449.95001220703125,450.1000061035156,1852
2026-04-28 09:06:00+00:00,450.6499938964844,450.6499938964844,450.6499938964844,450.25,450.25,3453
2026-04-28 09:07:00+00:00,451.0,451.0,451.0,450.45001220703125,450.45001220703125,498
2026-04-28 09:08:00+00:00,451.29998779296875,451.29998779296875,451.29998779296875,450.75,451.0,4459
2026-04-28 09:09:00+00:00,451.0,451.0,451.20001220703125,450.75,450.8500061035156,613
2026-04-28 09:10:00+00:00,451.29998779296875,451.29998779296875,451.29998779296875,451.0,451.1499938964844,575
2026-04-28 09:11:00+00:00,451.54998779296875,451.54998779296875,451.54998779296875,451.0,451.04998779296875,2483
2026-04-28 09:12:00+00:00,451.45001220703125,451.45001220703125,451.54998779296875,451.1499938964844,451.54998779296875,726
2026-04-28 09:13:00+00:00,451.20001220703125,451.20001220703125,451.45001220703125,451.20001220703125,451.45001220703125,505
2026-04-28 09:14:00+00:00,451.1499938964844,451.1499938964844,451.3500061035156,451.04998779296875,451.20001220703125,474
2026-04-28 09:15:00+00:00,451.54998779296875,451.54998779296875,451.75,451.1499938964844,451.1499938964844,3762
2026-04-28 09:16:00+00:00,451.8999938964844,451.8999938964844,451.8999938964844,451.54998779296875,451.54998779296875,5657
2026-04-28 09:17:00+00:00,451.70001220703125,451.70001220703125,451.8999938964844,451.70001220703125,451.8999938964844,795
2026-04-28 09:18:00+00:00,451.75,451.75,451.8500061035156,451.70001220703125,451.70001220703125,312
2026-04-28 09:19:00+00:00,451.75,451.75,451.8999938964844,451.75,451.75,528
2026-04-28 09:20:00+00:00,451.79998779296875,451.79998779296875,451.8500061035156,451.75,451.8500061035156,505
2026-04-28 09:21:00+00:00,451.54998779296875,451.54998779296875,451.8999938964844,451.54998779296875,451.8999938964844,777
2026-04-28 09:22:00+00:00,451.3500061035156,451.3500061035156,451.70001220703125,451.29998779296875,451.5,265
2026-04-28 09:23:00+00:00,451.45001220703125,451.45001220703125,451.70001220703125,451.3500061035156,451.3500061035156,773
2026-04-28 09:24:00+00:00,451.6499938964844,451.6499938964844,451.8500061035156,451.5,451.5,716
2026-04-28 09:25:00+00:00,451.6499938964844,451.6499938964844,451.8500061035156,451.6499938964844,451.6499938964844,479
2026-04-28 09:26:00+00:00,451.6000061035156,451.6000061035156,451.6000061035156,451.54998779296875,451.6000061035156,3978
2026-04-28 09:27:00+00:00,451.8999938964844,451.8999938964844,451.8999938964844,451.6000061035156,451.8500061035156,0
2026-04-28 09:28:00+00:00,451.8999938964844,451.8999938964844,451.95001220703125,451.6499938964844,451.8999938964844,6864
2026-04-28 09:29:00+00:00,451.45001220703125,451.45001220703125,452.20001220703125,451.45001220703125,452.20001220703125,2167
2026-04-28 09:30:00+00:00,451.95001220703125,451.95001220703125,452.1499938964844,451.95001220703125,452.1499938964844,2105
2026-04-28 09:31:00+00:00,451.79998779296875,451.79998779296875,452.0,451.70001220703125,451.8999938964844,5014
2026-04-28 09:32:00+00:00,451.29998779296875,451.29998779296875,451.6499938964844,451.04998779296875,451.6499938964844,2191
2026-04-28 09:33:00+00:00,450.70001220703125,450.70001220703125,451.20001220703125,450.70001220703125,451.20001220703125,5371
2026-04-28 09:34:00+00:00,450.3500061035156,450.3500061035156,450.6499938964844,450.25,450.6499938964844,6619
2026-04-28 09:35:00+00:00,450.29998779296875,450.29998779296875,450.5,450.1000061035156,450.1499938964844,5003
2026-04-28 09:36:00+00:00,450.45001220703125,450.45001220703125,450.5,450.1499938964844,450.45001220703125,476
2026-04-28 09:37:00+00:00,450.3500061035156,450.3500061035156,450.3999938964844,450.04998779296875,450.25,3098
2026-04-28 09:38:00+00:00,450.25,450.25,450.3999938964844,450.20001220703125,450.3999938964844,468
2026-04-28 09:39:00+00:00,450.25,450.25,450.3500061035156,450.1000061035156,450.25,2755
2026-04-28 09:40:00+00:00,450.1499938964844,450.1499938964844,450.3500061035156,450.1000061035156,450.3500061035156,2248
2026-04-28 09:41:00+00:00,450.0,450.0,450.20001220703125,450.0,450.1000061035156,1790
2026-04-28 09:42:00+00:00,450.1499938964844,450.1499938964844,450.3999938964844,450.1000061035156,450.1000061035156,5893
2026-04-28 09:43:00+00:00,450.1000061035156,450.1000061035156,450.3500061035156,450.04998779296875,450.3500061035156,606
2026-04-28 09:44:00+00:00,450.29998779296875,450.29998779296875,450.29998779296875,450.1000061035156,450.29998779296875,1000
2026-04-28 09:45:00+00:00,449.79998779296875,449.79998779296875,450.29998779296875,449.79998779296875,450.1000061035156,3335
2026-04-28 09:46:00+00:00,449.75,449.75,449.8999938964844,449.5,449.79998779296875,5153
2026-04-28 09:47:00+00:00,450.04998779296875,450.04998779296875,450.04998779296875,449.75,449.79998779296875,2815
2026-04-28 09:48:00+00:00,450.1000061035156,450.1000061035156,450.1499938964844,449.8500061035156,450.1499938964844,4212
2026-04-28 09:49:00+00:00,449.79998779296875,449.79998779296875,450.1000061035156,449.79998779296875,449.8500061035156,3392
2026-04-28 09:50:00+00:00,449.79998779296875,449.79998779296875,449.8500061035156,449.70001220703125,449.70001220703125,7740
2026-04-28 09:51:00+00:00,449.8500061035156,449.8500061035156,449.8500061035156,449.5,449.79998779296875,1475
2026-04-28 09:52:00+00:00,449.8999938964844,449.8999938964844,449.8999938964844,449.70001220703125,449.8500061035156,2619
2026-04-28 09:53:00+00:00,449.8500061035156,449.8500061035156,449.8999938964844,449.79998779296875,449.79998779296875,6012
2026-04-28 09:54:00+00:00,449.95001220703125,449.95001220703125,449.95001220703125,449.6499938964844,449.8500061035156,6623
2026-04-28 09:55:00+00:00,449.95001220703125,449.95001220703125,449.95001220703125,449.6000061035156,449.8999938964844,5672
2026-04-28 09:56:00+00:00,450.0,450.0,450.1000061035156,449.95001220703125,449.95001220703125,5817
2026-04-28 09:57:00+00:00,449.8999938964844,449.8999938964844,450.0,449.8999938964844,450.0,1765
2026-04-28 09:58:00+00:00,450.0,450.0,450.3500061035156,449.5,449.8999938964844,9215
2026-04-28 09:59:00+00:00,450.20001220703125,450.20001220703125,450.3999938964844,449.0,449.75,3817
2026-04-29 03:45:00+00:00,450.70001220703125,450.70001220703125,450.70001220703125,449.95001220703125,449.95001220703125,0
2026-04-29 03:46:00+00:00,450.6000061035156,450.6000061035156,450.95001220703125,450.45001220703125,450.95001220703125,3851
2026-04-29 03:47:00+00:00,451.6499938964844,451.6499938964844,451.6499938964844,450.6000061035156,450.6000061035156,2476
2026-04-29 03:48:00+00:00,451.6499938964844,451.6499938964844,452.20001220703125,451.6499938964844,452.0,5930
2026-04-29 03:49:00+00:00,451.5,451.5,451.79998779296875,451.20001220703125,451.79998779296875,781
2026-04-29 03:50:00+00:00,451.6499938964844,451.6499938964844,451.6499938964844,451.25,451.5,1209
2026-04-29 03:51:00+00:00,451.1499938964844,451.1499938964844,451.75,451.1000061035156,451.75,3638
2026-04-29 03:52:00+00:00,451.1499938964844,451.1499938964844,451.29998779296875,451.1499938964844,451.1499938964844,1457
2026-04-29 03:53:00+00:00,450.8999938964844,450.8999938964844,451.0,450.75,450.95001220703125,198
2026-04-29 03:54:00+00:00,451.8999938964844,451.8999938964844,451.8999938964844,450.8999938964844,450.8999938964844,2376
2026-04-29 03:55:00+00:00,452.8999938964844,452.8999938964844,452.8999938964844,451.95001220703125,451.95001220703125,1889
2026-04-29 03:56:00+00:00,453.79998779296875,453.79998779296875,453.8999938964844,452.8500061035156,452.8500061035156,3989
2026-04-29 03:57:00+00:00,455.25,455.25,455.54998779296875,454.5,454.5,10793
2026-04-29 03:58:00+00:00,454.04998779296875,454.04998779296875,454.8500061035156,454.04998779296875,454.8500061035156,2395
2026-04-29 03:59:00+00:00,455.20001220703125,455.20001220703125,455.20001220703125,454.04998779296875,454.04998779296875,2128
2026-04-29 04:00:00+00:00,455.5,455.5,455.70001220703125,455.1000061035156,455.70001220703125,3897
2026-04-29 04:01:00+00:00,455.0,455.0,455.79998779296875,454.8500061035156,455.79998779296875,8144
2026-04-29 04:02:00+00:00,454.45001220703125,454.45001220703125,455.3999938964844,454.29998779296875,455.3999938964844,8158
2026-04-29 04:03:00+00:00,454.20001220703125,454.20001220703125,454.45001220703125,454.20001220703125,454.20001220703125,1686
2026-04-29 04:04:00+00:00,453.8500061035156,453.8500061035156,454.1499938964844,453.54998779296875,454.1499938964844,3864
2026-04-29 04:05:00+00:00,454.1000061035156,454.1000061035156,454.20001220703125,453.70001220703125,453.75,3605
2026-04-29 04:06:00+00:00,454.3500061035156,454.3500061035156,454.3999938964844,453.95001220703125,453.95001220703125,4789
2026-04-29 04:07:00+00:00,454.1000061035156,454.1000061035156,454.3500061035156,454.04998779296875,454.3500061035156,1792
2026-04-29 04:08:00+00:00,453.8999938964844,453.8999938964844,454.20001220703125,453.70001220703125,454.1000061035156,2637
2026-04-29 04:09:00+00:00,453.8999938964844,453.8999938964844,454.1499938964844,453.6000061035156,453.6000061035156,1859
2026-04-29 04:10:00+00:00,454.04998779296875,454.04998779296875,454.1000061035156,453.8500061035156,453.8999938964844,523
2026-04-29 04:11:00+00:00,453.1000061035156,453.1000061035156,453.8500061035156,453.1000061035156,453.8500061035156,3089
2026-04-29 04:12:00+00:00,453.3500061035156,453.3500061035156,453.3500061035156,453.0,453.20001220703125,881
2026-04-29 04:13:00+00:00,453.3500061035156,453.3500061035156,453.6499938964844,453.3500061035156,453.3999938964844,3457
2026-04-29 04:14:00+00:00,453.1000061035156,453.1000061035156,453.45001220703125,453.0,453.45001220703125,8245
2026-04-29 04:15:00+00:00,452.20001220703125,452.20001220703125,452.8999938964844,452.20001220703125,452.8999938964844,3230
2026-04-29 04:16:00+00:00,452.3999938964844,452.3999938964844,452.54998779296875,452.20001220703125,452.20001220703125,3209
2026-04-29 04:17:00+00:00,452.79998779296875,452.79998779296875,452.8500061035156,452.6499938964844,452.70001220703125,709
2026-04-29 04:18:00+00:00,452.6000061035156,452.6000061035156,452.79998779296875,452.54998779296875,452.79998779296875,760
2026-04-29 04:19:00+00:00,453.25,453.25,453.25,452.79998779296875,452.79998779296875,1045
2026-04-29 04:20:00+00:00,453.0,453.0,453.20001220703125,452.79998779296875,453.20001220703125,540
2026-04-29 04:21:00+00:00,453.0,453.0,453.1499938964844,453.0,453.0,732
2026-04-29 04:22:00+00:00,453.3500061035156,453.3500061035156,453.5,453.0,453.29998779296875,4320
2026-04-29 04:23:00+00:00,453.29998779296875,453.29998779296875,453.29998779296875,453.1000061035156,453.1000061035156,391
2026-04-29 04:24:00+00:00,453.20001220703125,453.20001220703125,453.3999938964844,453.1000061035156,453.3999938964844,613
2026-04-29 04:25:00+00:00,453.3999938964844,453.3999938964844,453.3999938964844,452.8999938964844,453.3999938964844,5814
2026-04-29 04:26:00+00:00,453.04998779296875,453.04998779296875,453.29998779296875,453.04998779296875,453.29998779296875,413
2026-04-29 04:27:00+00:00,453.6000061035156,453.6000061035156,453.6000061035156,453.29998779296875,453.29998779296875,6729
2026-04-29 04:28:00+00:00,453.45001220703125,453.45001220703125,453.45001220703125,453.3500061035156,453.3500061035156,1350
2026-04-29 04:29:00+00:00,453.5,453.5,453.54998779296875,453.25,453.3500061035156,833
2026-04-29 04:30:00+00:00,453.25,453.25,453.45001220703125,453.25,453.25,271
2026-04-29 04:31:00+00:00,453.54998779296875,453.54998779296875,453.54998779296875,453.20001220703125,453.45001220703125,637
2026-04-29 04:32:00+00:00,453.3500061035156,453.3500061035156,453.70001220703125,453.3500061035156,453.54998779296875,1982
2026-04-29 04:33:00+00:00,453.3999938964844,453.3999938964844,453.54998779296875,453.3999938964844,453.5,300
2026-04-29 04:34:00+00:00,453.3500061035156,453.3500061035156,453.5,453.25,453.5,3117
2026-04-29 04:35:00+00:00,453.3500061035156,453.3500061035156,453.3500061035156,453.1499938964844,453.3500061035156,316
2026-04-29 04:36:00+00:00,453.29998779296875,453.29998779296875,453.29998779296875,453.1000061035156,453.1000061035156,123
2026-04-29 04:37:00+00:00,453.0,453.0,453.20001220703125,452.8500061035156,453.20001220703125,1879
2026-04-29 04:38:00+00:00,452.54998779296875,452.54998779296875,452.95001220703125,452.54998779296875,452.8500061035156,2043
2026-04-29 04:39:00+00:00,452.79998779296875,452.79998779296875,452.95001220703125,452.79998779296875,452.79998779296875,745
2026-04-29 04:40:00+00:00,452.79998779296875,452.79998779296875,452.8500061035156,452.75,452.79998779296875,2724
2026-04-29 04:41:00+00:00,452.79998779296875,452.79998779296875,452.95001220703125,452.79998779296875,452.79998779296875,354
2026-04-29 04:42:00+00:00,453.0,453.0,453.0,452.6000061035156,452.6000061035156,2290
2026-04-29 04:43:00+00:00,452.95001220703125,452.95001220703125,452.95001220703125,452.70001220703125,452.95001220703125,757
2026-04-29 04:44:00+00:00,453.0,453.0,453.25,453.0,453.25,6431
2026-04-29 04:45:00+00:00,453.0,453.0,453.29998779296875,452.79998779296875,452.79998779296875,1277
2026-04-29 04:46:00+00:00,453.29998779296875,453.29998779296875,453.29998779296875,453.04998779296875,453.25,193
2026-04-29 04:47:00+00:00,453.3999938964844,453.3999938964844,453.3999938964844,453.1499938964844,453.29998779296875,1004
2026-04-29 04:48:00+00:00,453.3500061035156,453.3500061035156,453.6499938964844,453.1000061035156,453.6499938964844,1175
2026-04-29 04:49:00+00:00,453.25,453.25,453.3500061035156,453.04998779296875,453.3500061035156,682
2026-04-29 04:50:00+00:00,453.3500061035156,453.3500061035156,453.3500061035156,453.3500061035156,453.3500061035156,1274
2026-04-29 04:51:00+00:00,453.29998779296875,453.29998779296875,453.3500061035156,453.1000061035156,453.3500061035156,381
2026-04-29 04:52:00+00:00,453.1000061035156,453.1000061035156,453.29998779296875,453.0,453.29998779296875,913
2026-04-29 04:53:00+00:00,453.04998779296875,453.04998779296875,453.1000061035156,453.04998779296875,453.1000061035156,522
2026-04-29 04:54:00+00:00,453.1000061035156,453.1000061035156,453.1000061035156,453.0,453.1000061035156,671
2026-04-29 04:55:00+00:00,453.20001220703125,453.20001220703125,453.20001220703125,453.1499938964844,453.1499938964844,971
2026-04-29 04:56:00+00:00,453.29998779296875,453.29998779296875,453.29998779296875,453.20001220703125,453.20001220703125,1492
2026-04-29 04:57:00+00:00,453.29998779296875,453.29998779296875,453.3999938964844,453.29998779296875,453.29998779296875,459
2026-04-29 04:58:00+00:00,453.5,453.5,453.54998779296875,453.29998779296875,453.29998779296875,1087
2026-04-29 04:59:00+00:00,453.54998779296875,453.54998779296875,453.54998779296875,453.1000061035156,453.29998779296875,1019
2026-04-29 05:00:00+00:00,453.1000061035156,453.1000061035156,453.45001220703125,453.1000061035156,453.45001220703125,1273
2026-04-29 05:01:00+00:00,453.29998779296875,453.29998779296875,453.3500061035156,453.20001220703125,453.20001220703125,213
2026-04-29 05:02:00+00:00,453.25,453.25,453.29998779296875,453.1000061035156,453.29998779296875,457
2026-04-29 05:03:00+00:00,453.1499938964844,453.1499938964844,453.1499938964844,453.0,453.04998779296875,5907
2026-04-29 05:04:00+00:00,453.04998779296875,453.04998779296875,453.1499938964844,453.0,453.1499938964844,735
2026-04-29 05:05:00+00:00,453.04998779296875,453.04998779296875,453.04998779296875,453.0,453.04998779296875,421
2026-04-29 05:06:00+00:00,453.3999938964844,453.3999938964844,453.3999938964844,453.0,453.04998779296875,1365
2026-04-29 05:07:00+00:00,453.3999938964844,453.3999938964844,453.3999938964844,453.25,453.3999938964844,170
2026-04-29 05:08:00+00:00,453.20001220703125,453.20001220703125,453.54998779296875,453.20001220703125,453.25,1905
2026-04-29 05:09:00+00:00,453.5,453.5,453.5,453.20001220703125,453.25,2956
2026-04-29 05:10:00+00:00,453.29998779296875,453.29998779296875,453.5,453.29998779296875,453.5,1605
2026-04-29 05:11:00+00:00,453.3500061035156,453.3500061035156,453.3500061035156,453.29998779296875,453.29998779296875,112
2026-04-29 05:12:00+00:00,453.3999938964844,453.3999938964844,453.3999938964844,453.29998779296875,453.3500061035156,573
2026-04-29 05:13:00+00:00,453.25,453.25,453.3999938964844,453.25,453.3999938964844,600
2026-04-29 05:14:00+00:00,453.3500061035156,453.3500061035156,453.3500061035156,453.25,453.25,0
2026-04-29 05:15:00+00:00,453.1000061035156,453.1000061035156,453.3999938964844,453.1000061035156,453.25,5356
2026-04-29 05:16:00+00:00,453.0,453.0,453.20001220703125,452.70001220703125,453.04998779296875,5429
2026-04-29 05:17:00+00:00,452.70001220703125,452.70001220703125,452.79998779296875,452.5,452.79998779296875,0
2026-04-29 05:18:00+00:00,452.75,452.75,452.75,452.54998779296875,452.54998779296875,93
2026-04-29 05:19:00+00:00,453.04998779296875,453.04998779296875,453.1000061035156,452.75,452.75,2579
2026-04-29 05:20:00+00:00,453.0,453.0,453.04998779296875,452.79998779296875,452.79998779296875,0
2026-04-29 05:21:00+00:00,452.95001220703125,452.95001220703125,452.95001220703125,452.79998779296875,452.79998779296875,38
2026-04-29 05:22:00+00:00,452.8999938964844,452.8999938964844,452.8999938964844,452.70001220703125,452.75,471
2026-04-29 05:23:00+00:00,452.70001220703125,452.70001220703125,452.8999938964844,452.70001220703125,452.8999938964844,592
2026-04-29 05:24:00+00:00,452.6000061035156,452.6000061035156,452.8500061035156,452.6000061035156,452.70001220703125,207
2026-04-29 05:25:00+00:00,452.70001220703125,452.70001220703125,452.70001220703125,452.3500061035156,452.5,7261
2026-04-29 05:26:00+00:00,452.6499938964844,452.6499938964844,452.79998779296875,452.45001220703125,452.70001220703125,88
2026-04-29 05:27:00+00:00,452.5,452.5,452.5,452.5,452.5,51
2026-04-29 05:28:00+00:00,452.75,452.75,452.75,452.5,452.5,141
2026-04-29 05:29:00+00:00,452.8999938964844,452.8999938964844,453.04998779296875,452.75,452.75,1180
2026-04-29 05:30:00+00:00,453.04998779296875,453.04998779296875,453.04998779296875,453.0,453.04998779296875,2448
2026-04-29 05:31:00+00:00,453.04998779296875,453.04998779296875,453.25,452.8500061035156,453.04998779296875,1508
2026-04-29 05:32:00+00:00,452.8500061035156,452.8500061035156,453.04998779296875,452.8500061035156,452.8500061035156,0
2026-04-29 05:33:00+00:00,453.04998779296875,453.04998779296875,453.04998779296875,452.79998779296875,453.04998779296875,54
2026-04-29 05:34:00+00:00,452.95001220703125,452.95001220703125,453.04998779296875,452.79998779296875,453.04998779296875,229
2026-04-29 05:35:00+00:00,452.75,452.75,452.95001220703125,452.75,452.79998779296875,635
2026-04-29 05:36:00+00:00,452.8999938964844,452.8999938964844,452.95001220703125,452.8999938964844,452.95001220703125,138
2026-04-29 05:37:00+00:00,452.8500061035156,452.8500061035156,452.8500061035156,452.75,452.75,113
2026-04-29 05:38:00+00:00,452.8999938964844,452.8999938964844,453.1000061035156,452.8500061035156,452.8500061035156,1607
2026-04-29 05:39:00+00:00,453.29998779296875,453.29998779296875,453.29998779296875,453.1000061035156,453.1000061035156,962
2026-04-29 05:40:00+00:00,453.29998779296875,453.29998779296875,453.29998779296875,453.20001220703125,453.29998779296875,686
2026-04-29 05:41:00+00:00,453.1000061035156,453.1000061035156,453.3500061035156,453.1000061035156,453.3500061035156,1107
2026-04-29 05:42:00+00:00,453.0,453.0,453.1000061035156,453.0,453.1000061035156,490
2026-04-29 05:43:00+00:00,453.79998779296875,453.79998779296875,453.79998779296875,453.1000061035156,453.1000061035156,6950
2026-04-29 05:44:00+00:00,453.3999938964844,453.3999938964844,453.75,453.3999938964844,453.75,1050
2026-04-29 05:45:00+00:00,453.75,453.75,453.8999938964844,453.3999938964844,453.5,1549
2026-04-29 05:46:00+00:00,453.75,453.75,454.0,453.6499938964844,453.79998779296875,1543
2026-04-29 05:47:00+00:00,453.54998779296875,453.54998779296875,453.8999938964844,453.54998779296875,453.8999938964844,988
2026-04-29 05:48:00+00:00,453.8999938964844,453.8999938964844,453.8999938964844,453.75,453.75,1249
2026-04-29 05:49:00+00:00,453.70001220703125,453.70001220703125,453.95001220703125,453.70001220703125,453.8500061035156,1926
2026-04-29 05:50:00+00:00,453.75,453.75,453.8999938964844,453.70001220703125,453.70001220703125,2384
2026-04-29 05:51:00+00:00,454.0,454.0,454.0,453.95001220703125,453.95001220703125,1007
2026-04-29 05:52:00+00:00,454.0,454.0,454.0,453.95001220703125,453.95001220703125,2114
2026-04-29 05:53:00+00:00,454.1000061035156,454.1000061035156,454.1000061035156,454.0,454.0,351
2026-04-29 05:54:00+00:00,454.20001220703125,454.20001220703125,454.20001220703125,454.1499938964844,454.1499938964844,1641
2026-04-29 05:55:00+00:00,454.0,454.0,454.3999938964844,454.0,454.0,6128
2026-04-29 05:56:00+00:00,454.0,454.0,454.1499938964844,454.0,454.1499938964844,2554
2026-04-29 05:57:00+00:00,453.75,453.75,454.0,453.75,453.79998779296875,949
2026-04-29 05:58:00+00:00,454.0,454.0,454.0,453.75,453.8999938964844,1986
2026-04-29 05:59:00+00:00,454.04998779296875,454.04998779296875,454.04998779296875,454.0,454.0,312
2026-04-29 06:00:00+00:00,454.0,454.0,454.20001220703125,454.0,454.1000061035156,682
2026-04-29 06:01:00+00:00,454.79998779296875,454.79998779296875,454.79998779296875,454.1000061035156,454.1000061035156,1417
2026-04-29 06:02:00+00:00,454.3999938964844,454.3999938964844,454.6000061035156,454.3999938964844,454.6000061035156,223
2026-04-29 06:03:00+00:00,454.54998779296875,454.54998779296875,454.54998779296875,454.3999938964844,454.3999938964844,849
2026-04-29 06:04:00+00:00,454.8999938964844,454.8999938964844,454.8999938964844,454.3999938964844,454.3999938964844,2190
2026-04-29 06:05:00+00:00,455.25,455.25,455.25,454.70001220703125,454.8999938964844,8523
2026-04-29 06:06:00+00:00,455.6499938964844,455.6499938964844,455.8500061035156,455.20001220703125,455.3999938964844,3948
2026-04-29 06:07:00+00:00,455.1000061035156,455.1000061035156,455.70001220703125,455.1000061035156,455.70001220703125,1268
2026-04-29 06:08:00+00:00,455.04998779296875,455.04998779296875,455.04998779296875,455.0,455.04998779296875,210
2026-04-29 06:09:00+00:00,454.79998779296875,454.79998779296875,455.04998779296875,454.79998779296875,455.0,207
2026-04-29 06:10:00+00:00,454.79998779296875,454.79998779296875,454.8500061035156,454.79998779296875,454.8500061035156,1520
2026-04-29 06:11:00+00:00,454.6499938964844,454.6499938964844,454.8500061035156,454.6499938964844,454.70001220703125,1202
2026-04-29 06:12:00+00:00,454.6499938964844,454.6499938964844,454.6499938964844,454.6499938964844,454.6499938964844,30
2026-04-29 06:13:00+00:00,454.5,454.5,454.6499938964844,454.5,454.6499938964844,578
2026-04-29 06:14:00+00:00,454.6000061035156,454.6000061035156,454.8999938964844,454.6000061035156,454.6499938964844,1890
2026-04-29 06:15:00+00:00,454.6000061035156,454.6000061035156,454.8500061035156,454.6000061035156,454.8500061035156,488
2026-04-29 06:16:00+00:00,454.6000061035156,454.6000061035156,454.6499938964844,454.3999938964844,454.6000061035156,891
2026-04-29 06:17:00+00:00,454.3999938964844,454.3999938964844,454.5,454.29998779296875,454.29998779296875,521
2026-04-29 06:18:00+00:00,454.6000061035156,454.6000061035156,454.6000061035156,454.29998779296875,454.29998779296875,1180
2026-04-29 06:20:00+00:00,454.3999938964844,454.3999938964844,454.54998779296875,454.3999938964844,454.54998779296875,150
2026-04-29 06:21:00+00:00,454.54998779296875,454.54998779296875,454.54998779296875,454.3500061035156,454.3500061035156,26
2026-04-29 06:22:00+00:00,454.8500061035156,454.8500061035156,454.8500061035156,454.25,454.54998779296875,1654
2026-04-29 06:23:00+00:00,454.8500061035156,454.8500061035156,454.8500061035156,454.6000061035156,454.8500061035156,2029
2026-04-29 06:24:00+00:00,455.29998779296875,455.29998779296875,455.29998779296875,454.8500061035156,454.8500061035156,4369
2026-04-29 06:25:00+00:00,455.70001220703125,455.70001220703125,455.70001220703125,455.3999938964844,455.6499938964844,2505
2026-04-29 06:26:00+00:00,456.45001220703125,456.45001220703125,456.45001220703125,455.3999938964844,455.70001220703125,11887
2026-04-29 06:27:00+00:00,456.45001220703125,456.45001220703125,457.0,456.3999938964844,456.5,12637
2026-04-29 06:28:00+00:00,456.25,456.25,456.54998779296875,456.25,456.45001220703125,1221
2026-04-29 06:29:00+00:00,456.5,456.5,456.5,456.25,456.5,227
2026-04-29 06:30:00+00:00,456.20001220703125,456.20001220703125,456.5,456.20001220703125,456.5,770
2026-04-29 06:31:00+00:00,456.1499938964844,456.1499938964844,456.3999938964844,456.0,456.3999938964844,3641
2026-04-29 06:32:00+00:00,455.8500061035156,455.8500061035156,456.04998779296875,455.75,456.04998779296875,3283
2026-04-29 06:33:00+00:00,455.45001220703125,455.45001220703125,455.8500061035156,455.45001220703125,455.8500061035156,190
2026-04-29 06:34:00+00:00,455.70001220703125,455.70001220703125,455.70001220703125,455.5,455.5,1902
2026-04-29 06:35:00+00:00,455.6000061035156,455.6000061035156,455.8500061035156,455.6000061035156,455.8500061035156,413
2026-04-29 06:36:00+00:00,455.6499938964844,455.6499938964844,455.6499938964844,455.3999938964844,455.6000061035156,784
2026-04-29 06:37:00+00:00,455.54998779296875,455.54998779296875,455.75,455.54998779296875,455.6499938964844,1195
2026-04-29 06:38:00+00:00,455.5,455.5,455.75,455.5,455.75,200
2026-04-29 06:39:00+00:00,455.75,455.75,455.75,455.54998779296875,455.75,371
2026-04-29 06:40:00+00:00,455.75,455.75,455.75,455.54998779296875,455.75,893
2026-04-29 06:41:00+00:00,455.79998779296875,455.79998779296875,456.20001220703125,455.79998779296875,456.04998779296875,2957
2026-04-29 06:42:00+00:00,456.0,456.0,456.0,455.79998779296875,455.79998779296875,981
2026-04-29 06:43:00+00:00,456.1000061035156,456.1000061035156,456.54998779296875,455.75,456.0,8083
2026-04-29 06:44:00+00:00,455.79998779296875,455.79998779296875,456.1000061035156,455.6000061035156,456.1000061035156,2303
2026-04-29 06:45:00+00:00,455.8500061035156,455.8500061035156,455.8500061035156,455.79998779296875,455.79998779296875,0
2026-04-29 06:46:00+00:00,454.75,454.75,456.0,454.75,455.8500061035156,6174
2026-04-29 06:47:00+00:00,455.20001220703125,455.20001220703125,455.20001220703125,454.79998779296875,454.79998779296875,3534
2026-04-29 06:48:00+00:00,455.25,455.25,455.3500061035156,455.04998779296875,455.1000061035156,2414
2026-04-29 06:49:00+00:00,455.1000061035156,455.1000061035156,455.1000061035156,455.1000061035156,455.1000061035156,270
2026-04-29 06:50:00+00:00,455.1499938964844,455.1499938964844,455.1499938964844,455.0,455.0,3820
2026-04-29 06:51:00+00:00,454.8999938964844,454.8999938964844,455.0,454.79998779296875,455.0,3384
2026-04-29 06:52:00+00:00,454.8999938964844,454.8999938964844,454.95001220703125,454.8999938964844,454.8999938964844,0
2026-04-29 06:53:00+00:00,455.1499938964844,455.1499938964844,455.1499938964844,454.8500061035156,454.95001220703125,2902
2026-04-29 06:54:00+00:00,455.20001220703125,455.20001220703125,455.20001220703125,454.8999938964844,454.8999938964844,281
2026-04-29 06:55:00+00:00,455.45001220703125,455.45001220703125,455.45001220703125,455.20001220703125,455.20001220703125,791
2026-04-29 06:56:00+00:00,455.3999938964844,455.3999938964844,455.3999938964844,455.25,455.25,89
2026-04-29 06:57:00+00:00,455.5,455.5,455.6499938964844,455.29998779296875,455.3999938964844,1983
2026-04-29 06:58:00+00:00,455.5,455.5,455.6000061035156,455.5,455.5,401
2026-04-29 06:59:00+00:00,455.3999938964844,455.3999938964844,455.6000061035156,455.20001220703125,455.5,1152
2026-04-29 07:00:00+00:00,455.04998779296875,455.04998779296875,455.20001220703125,455.04998779296875,455.1000061035156,2200
2026-04-29 07:01:00+00:00,455.1499938964844,455.1499938964844,455.5,455.1499938964844,455.25,2764
2026-04-29 07:02:00+00:00,455.3500061035156,455.3500061035156,455.3500061035156,455.25,455.25,15
2026-04-29 07:03:00+00:00,455.3500061035156,455.3500061035156,455.54998779296875,455.3500061035156,455.5,283
2026-04-29 07:04:00+00:00,456.04998779296875,456.04998779296875,456.25,455.70001220703125,455.75,4564
2026-04-29 07:05:00+00:00,455.70001220703125,455.70001220703125,456.20001220703125,455.70001220703125,456.04998779296875,1335
2026-04-29 07:06:00+00:00,455.70001220703125,455.70001220703125,456.0,455.70001220703125,455.70001220703125,503
2026-04-29 07:07:00+00:00,455.5,455.5,455.70001220703125,455.5,455.70001220703125,285
2026-04-29 07:08:00+00:00,455.5,455.5,455.5,455.3999938964844,455.45001220703125,903
2026-04-29 07:09:00+00:00,455.1000061035156,455.1000061035156,455.5,455.1000061035156,455.45001220703125,1567
2026-04-29 07:10:00+00:00,455.6000061035156,455.6000061035156,455.6000061035156,455.04998779296875,455.1000061035156,5437
2026-04-29 07:11:00+00:00,455.3500061035156,455.3500061035156,455.6499938964844,455.25,455.6499938964844,2202
2026-04-29 07:12:00+00:00,455.54998779296875,455.54998779296875,455.54998779296875,455.25,455.54998779296875,7
2026-04-29 07:13:00+00:00,455.54998779296875,455.54998779296875,455.54998779296875,455.3500061035156,455.54998779296875,60
2026-04-29 07:14:00+00:00,455.54998779296875,455.54998779296875,455.54998779296875,455.3500061035156,455.3500061035156,807
2026-04-29 07:15:00+00:00,455.70001220703125,455.70001220703125,455.70001220703125,455.3999938964844,455.3999938964844,1388
2026-04-29 07:16:00+00:00,455.5,455.5,455.70001220703125,455.5,455.70001220703125,1354
2026-04-29 07:17:00+00:00,455.5,455.5,455.70001220703125,455.5,455.70001220703125,1
2026-04-29 07:18:00+00:00,455.5,455.5,455.70001220703125,455.5,455.70001220703125,15
2026-04-29 07:19:00+00:00,456.04998779296875,456.04998779296875,456.04998779296875,455.5,455.70001220703125,4910
2026-04-29 07:20:00+00:00,456.1000061035156,456.1000061035156,456.1499938964844,455.95001220703125,455.95001220703125,1651
2026-04-29 07:21:00+00:00,455.70001220703125,455.70001220703125,456.20001220703125,455.70001220703125,456.1000061035156,3079
2026-04-29 07:22:00+00:00,455.79998779296875,455.79998779296875,455.95001220703125,455.70001220703125,455.79998779296875,1498
2026-04-29 07:23:00+00:00,455.79998779296875,455.79998779296875,456.04998779296875,455.79998779296875,455.79998779296875,266
2026-04-29 07:24:00+00:00,455.75,455.75,456.0,455.54998779296875,456.0,4384
2026-04-29 07:25:00+00:00,455.95001220703125,455.95001220703125,456.0,455.8500061035156,456.0,740
2026-04-29 07:26:00+00:00,456.45001220703125,456.45001220703125,456.45001220703125,455.8999938964844,455.95001220703125,4051
2026-04-29 07:27:00+00:00,456.29998779296875,456.29998779296875,456.3999938964844,456.0,456.1499938964844,522
2026-04-29 07:28:00+00:00,456.0,456.0,456.29998779296875,456.0,456.29998779296875,837
2026-04-29 07:29:00+00:00,456.0,456.0,456.20001220703125,456.0,456.20001220703125,249
2026-04-29 07:30:00+00:00,456.1000061035156,456.1000061035156,456.1000061035156,456.0,456.0,1220
2026-04-29 07:31:00+00:00,456.0,456.0,456.1499938964844,456.0,456.1499938964844,17
2026-04-29 07:32:00+00:00,456.0,456.0,456.0,456.0,456.0,801
2026-04-29 07:33:00+00:00,455.8500061035156,455.8500061035156,456.04998779296875,455.8500061035156,455.8999938964844,617
2026-04-29 07:34:00+00:00,455.79998779296875,455.79998779296875,455.8500061035156,455.79998779296875,455.8500061035156,234
2026-04-29 07:35:00+00:00,455.6499938964844,455.6499938964844,455.8500061035156,455.6499938964844,455.79998779296875,1181
2026-04-29 07:36:00+00:00,455.79998779296875,455.79998779296875,455.8500061035156,455.6499938964844,455.6499938964844,1711
2026-04-29 07:37:00+00:00,456.04998779296875,456.04998779296875,456.1499938964844,455.79998779296875,456.0,5344
2026-04-29 07:38:00+00:00,456.0,456.0,456.3500061035156,456.0,456.3500061035156,1584
2026-04-29 07:39:00+00:00,455.8500061035156,455.8500061035156,456.20001220703125,455.8500061035156,456.20001220703125,656
2026-04-29 07:40:00+00:00,455.95001220703125,455.95001220703125,456.0,455.70001220703125,456.0,415
2026-04-29 07:41:00+00:00,455.8999938964844,455.8999938964844,455.8999938964844,455.70001220703125,455.70001220703125,124
2026-04-29 07:42:00+00:00,455.70001220703125,455.70001220703125,455.8500061035156,455.70001220703125,455.70001220703125,495
2026-04-29 07:43:00+00:00,455.70001220703125,455.70001220703125,455.70001220703125,455.70001220703125,455.70001220703125,592
2026-04-29 07:44:00+00:00,455.54998779296875,455.54998779296875,455.75,455.54998779296875,455.75,218
2026-04-29 07:45:00+00:00,455.29998779296875,455.29998779296875,455.54998779296875,455.29998779296875,455.5,1113
2026-04-29 07:46:00+00:00,455.54998779296875,455.54998779296875,455.54998779296875,455.54998779296875,455.54998779296875,737
2026-04-29 07:47:00+00:00,455.6499938964844,455.6499938964844,455.6499938964844,455.54998779296875,455.54998779296875,149
2026-04-29 07:48:00+00:00,455.54998779296875,455.54998779296875,455.75,455.54998779296875,455.54998779296875,487
2026-04-29 07:49:00+00:00,456.8500061035156,456.8500061035156,457.04998779296875,455.54998779296875,455.54998779296875,27085
2026-04-29 07:50:00+00:00,457.70001220703125,457.70001220703125,457.70001220703125,456.79998779296875,456.79998779296875,5188
2026-04-29 07:51:00+00:00,457.6000061035156,457.6000061035156,458.0,457.6000061035156,457.6499938964844,4720
2026-04-29 07:52:00+00:00,457.8500061035156,457.8500061035156,457.8999938964844,457.54998779296875,457.54998779296875,2231
2026-04-29 07:53:00+00:00,457.95001220703125,457.95001220703125,458.0,457.8500061035156,457.8500061035156,1377
2026-04-29 07:54:00+00:00,457.6000061035156,457.6000061035156,457.95001220703125,457.6000061035156,457.95001220703125,1930
2026-04-29 07:55:00+00:00,457.6499938964844,457.6499938964844,457.8999938964844,457.6499938964844,457.75,2456
2026-04-29 07:56:00+00:00,458.0,458.0,458.0,457.8999938964844,457.8999938964844,2555
2026-04-29 07:57:00+00:00,458.25,458.25,458.25,457.6499938964844,457.79998779296875,1985
2026-04-29 07:58:00+00:00,458.04998779296875,458.04998779296875,458.25,457.95001220703125,458.0,733
2026-04-29 07:59:00+00:00,458.0,458.0,458.04998779296875,457.8999938964844,458.04998779296875,865
2026-04-29 08:00:00+00:00,457.8999938964844,457.8999938964844,458.04998779296875,457.6499938964844,458.0,1481
2026-04-29 08:01:00+00:00,457.79998779296875,457.79998779296875,457.95001220703125,457.6000061035156,457.8999938964844,1071
2026-04-29 08:02:00+00:00,457.54998779296875,457.54998779296875,457.75,457.45001220703125,457.75,781
2026-04-29 08:03:00+00:00,457.6000061035156,457.6000061035156,457.6000061035156,457.3999938964844,457.54998779296875,388
2026-04-29 08:04:00+00:00,457.79998779296875,457.79998779296875,457.79998779296875,457.3999938964844,457.6000061035156,1783
2026-04-29 08:05:00+00:00,457.79998779296875,457.79998779296875,457.95001220703125,457.6000061035156,457.79998779296875,4272
2026-04-29 08:06:00+00:00,457.75,457.75,457.79998779296875,457.3999938964844,457.5,3218
2026-04-29 08:07:00+00:00,457.3999938964844,457.3999938964844,457.70001220703125,457.3999938964844,457.70001220703125,2356
2026-04-29 08:08:00+00:00,457.04998779296875,457.04998779296875,457.6499938964844,457.04998779296875,457.6499938964844,225
2026-04-29 08:09:00+00:00,456.70001220703125,456.70001220703125,457.25,456.70001220703125,457.04998779296875,2218
2026-04-29 08:10:00+00:00,456.54998779296875,456.54998779296875,457.0,456.54998779296875,457.0,411
2026-04-29 08:11:00+00:00,456.75,456.75,456.8500061035156,456.54998779296875,456.79998779296875,386
2026-04-29 08:12:00+00:00,456.8500061035156,456.8500061035156,456.8500061035156,456.5,456.5,1574
2026-04-29 08:13:00+00:00,456.70001220703125,456.70001220703125,456.75,456.6499938964844,456.6499938964844,188
2026-04-29 08:14:00+00:00,456.6000061035156,456.6000061035156,456.6000061035156,456.6000061035156,456.6000061035156,1
2026-04-29 08:15:00+00:00,456.3999938964844,456.3999938964844,456.6499938964844,456.0,456.6000061035156,4037
2026-04-29 08:16:00+00:00,456.6499938964844,456.6499938964844,456.6499938964844,456.04998779296875,456.04998779296875,3181
2026-04-29 08:17:00+00:00,456.3500061035156,456.3500061035156,456.6000061035156,456.29998779296875,456.5,419
2026-04-29 08:18:00+00:00,456.45001220703125,456.45001220703125,456.45001220703125,456.1499938964844,456.29998779296875,513
2026-04-29 08:19:00+00:00,456.45001220703125,456.45001220703125,456.45001220703125,456.29998779296875,456.45001220703125,27
2026-04-29 08:20:00+00:00,456.79998779296875,456.79998779296875,457.0,456.20001220703125,456.45001220703125,3775
2026-04-29 08:21:00+00:00,457.0,457.0,457.0,456.75,457.0,662
2026-04-29 08:22:00+00:00,456.95001220703125,456.95001220703125,456.95001220703125,456.95001220703125,456.95001220703125,11
2026-04-29 08:23:00+00:00,456.8999938964844,456.8999938964844,457.29998779296875,456.8999938964844,457.0,4717
2026-04-29 08:24:00+00:00,456.20001220703125,456.20001220703125,456.6499938964844,456.20001220703125,456.6499938964844,206
2026-04-29 08:25:00+00:00,456.5,456.5,456.5,456.1499938964844,456.1499938964844,499
2026-04-29 08:26:00+00:00,456.5,456.5,456.5,456.5,456.5,0
2026-04-29 08:27:00+00:00,456.6000061035156,456.6000061035156,456.8500061035156,456.6000061035156,456.6000061035156,1383
2026-04-29 08:28:00+00:00,457.0,457.0,457.0,456.70001220703125,456.8500061035156,207
2026-04-29 08:29:00+00:00,457.0,457.0,457.1000061035156,456.79998779296875,456.8500061035156,475
2026-04-29 08:30:00+00:00,456.45001220703125,456.45001220703125,456.75,456.45001220703125,456.75,753
2026-04-29 08:31:00+00:00,456.5,456.5,456.8500061035156,456.5,456.79998779296875,119
2026-04-29 08:32:00+00:00,456.3999938964844,456.3999938964844,456.3999938964844,456.3999938964844,456.3999938964844,39
2026-04-29 08:33:00+00:00,456.25,456.25,456.6000061035156,456.04998779296875,456.6000061035156,1549
2026-04-29 08:34:00+00:00,456.20001220703125,456.20001220703125,456.20001220703125,455.79998779296875,456.0,5515
2026-04-29 08:35:00+00:00,456.04998779296875,456.04998779296875,456.25,456.0,456.20001220703125,976
2026-04-29 08:36:00+00:00,456.3500061035156,456.3500061035156,456.3500061035156,456.0,456.0,1081
2026-04-29 08:37:00+00:00,456.5,456.5,456.54998779296875,456.3500061035156,456.45001220703125,1877
2026-04-29 08:38:00+00:00,456.45001220703125,456.45001220703125,456.5,456.20001220703125,456.20001220703125,136
2026-04-29 08:39:00+00:00,456.25,456.25,456.25,456.0,456.0,132
2026-04-29 08:40:00+00:00,456.04998779296875,456.04998779296875,456.3500061035156,456.0,456.0,807
2026-04-29 08:41:00+00:00,456.04998779296875,456.04998779296875,456.1000061035156,456.04998779296875,456.1000061035156,51
2026-04-29 08:42:00+00:00,456.20001220703125,456.20001220703125,456.20001220703125,456.0,456.0,2296
2026-04-29 08:43:00+00:00,456.3500061035156,456.3500061035156,456.3500061035156,456.04998779296875,456.04998779296875,1394
2026-04-29 08:44:00+00:00,456.45001220703125,456.45001220703125,456.75,456.3500061035156,456.3500061035156,1908
2026-04-29 08:45:00+00:00,456.3500061035156,456.3500061035156,456.6499938964844,456.3500061035156,456.3500061035156,420
2026-04-29 08:46:00+00:00,456.6000061035156,456.6000061035156,456.6499938964844,456.6000061035156,456.6499938964844,515
2026-04-29 08:47:00+00:00,456.45001220703125,456.45001220703125,456.6499938964844,456.3500061035156,456.6499938964844,1486
2026-04-29 08:48:00+00:00,456.1499938964844,456.1499938964844,456.45001220703125,456.1499938964844,456.45001220703125,360
2026-04-29 08:49:00+00:00,456.20001220703125,456.20001220703125,456.20001220703125,456.1000061035156,456.1000061035156,86
2026-04-29 08:50:00+00:00,456.0,456.0,456.04998779296875,456.0,456.0,1366
2026-04-29 08:51:00+00:00,456.1000061035156,456.1000061035156,456.1000061035156,456.0,456.0,729
2026-04-29 08:52:00+00:00,456.54998779296875,456.54998779296875,456.6000061035156,456.1499938964844,456.1499938964844,2271
2026-04-29 08:53:00+00:00,456.5,456.5,456.5,456.04998779296875,456.25,2480
2026-04-29 08:54:00+00:00,457.0,457.0,457.0,456.25,456.75,9007
2026-04-29 08:55:00+00:00,456.75,456.75,456.79998779296875,456.54998779296875,456.6499938964844,3032
2026-04-29 08:56:00+00:00,457.0,457.0,457.0,456.8500061035156,456.8500061035156,4030
2026-04-29 08:57:00+00:00,457.0,457.0,457.0,456.79998779296875,457.0,3398
2026-04-29 08:58:00+00:00,457.0,457.0,457.29998779296875,456.8999938964844,456.8999938964844,8983
2026-04-29 08:59:00+00:00,457.04998779296875,457.04998779296875,457.1000061035156,456.8999938964844,456.95001220703125,3037
2026-04-29 09:00:00+00:00,456.8999938964844,456.8999938964844,457.0,456.70001220703125,456.70001220703125,2437
2026-04-29 09:01:00+00:00,456.70001220703125,456.70001220703125,457.0,456.70001220703125,456.95001220703125,3023
2026-04-29 09:02:00+00:00,457.0,457.0,457.04998779296875,457.0,457.04998779296875,4132
2026-04-29 09:03:00+00:00,456.8999938964844,456.8999938964844,456.8999938964844,456.5,456.75,2091
2026-04-29 09:04:00+00:00,456.95001220703125,456.95001220703125,456.95001220703125,456.6499938964844,456.95001220703125,3319
2026-04-29 09:05:00+00:00,456.5,456.5,457.20001220703125,456.04998779296875,457.0,5797
2026-04-29 09:06:00+00:00,456.20001220703125,456.20001220703125,456.5,456.1000061035156,456.5,2336
2026-04-29 09:07:00+00:00,456.3999938964844,456.3999938964844,456.6499938964844,456.3500061035156,456.45001220703125,4711
2026-04-29 09:08:00+00:00,456.75,456.75,456.79998779296875,456.45001220703125,456.45001220703125,2262
2026-04-29 09:09:00+00:00,456.8500061035156,456.8500061035156,456.8999938964844,456.5,456.5,3105
2026-04-29 09:10:00+00:00,456.8999938964844,456.8999938964844,456.95001220703125,456.5,456.95001220703125,5231
2026-04-29 09:11:00+00:00,456.6499938964844,456.6499938964844,456.95001220703125,456.6499938964844,456.8999938964844,4328
2026-04-29 09:12:00+00:00,456.75,456.75,457.0,456.70001220703125,456.75,4536
2026-04-29 09:13:00+00:00,457.04998779296875,457.04998779296875,457.04998779296875,456.6000061035156,456.79998779296875,11070
2026-04-29 09:14:00+00:00,457.3500061035156,457.3500061035156,457.3500061035156,456.79998779296875,457.04998779296875,3219
2026-04-29 09:15:00+00:00,457.0,457.0,457.3999938964844,456.75,457.3500061035156,5783
2026-04-29 09:16:00+00:00,456.54998779296875,456.54998779296875,457.0,456.54998779296875,457.0,2698
2026-04-29 09:17:00+00:00,456.3500061035156,456.3500061035156,456.70001220703125,456.3500061035156,456.54998779296875,2936
2026-04-29 09:18:00+00:00,456.5,456.5,456.79998779296875,456.5,456.6499938964844,3083
2026-04-29 09:19:00+00:00,456.5,456.5,456.8500061035156,456.25,456.8500061035156,6664
2026-04-29 09:20:00+00:00,456.1499938964844,456.1499938964844,456.70001220703125,456.1499938964844,456.54998779296875,4338
2026-04-29 09:21:00+00:00,456.6499938964844,456.6499938964844,456.6499938964844,456.20001220703125,456.54998779296875,4378
2026-04-29 09:22:00+00:00,456.20001220703125,456.20001220703125,456.70001220703125,456.20001220703125,456.70001220703125,6750
2026-04-29 09:23:00+00:00,456.3500061035156,456.3500061035156,456.3500061035156,456.0,456.29998779296875,5800
2026-04-29 09:24:00+00:00,456.1000061035156,456.1000061035156,456.3999938964844,456.04998779296875,456.1000061035156,3534
2026-04-29 09:25:00+00:00,455.54998779296875,455.54998779296875,456.3999938964844,455.54998779296875,456.04998779296875,8910
2026-04-29 09:26:00+00:00,455.79998779296875,455.79998779296875,455.8500061035156,455.45001220703125,455.75,5659
2026-04-29 09:27:00+00:00,455.8999938964844,455.8999938964844,455.95001220703125,455.6499938964844,455.95001220703125,3545
2026-04-29 09:28:00+00:00,455.70001220703125,455.70001220703125,455.8999938964844,455.29998779296875,455.8999938964844,5181
2026-04-29 09:29:00+00:00,455.20001220703125,455.20001220703125,455.54998779296875,455.0,455.29998779296875,7815
2026-04-29 09:30:00+00:00,455.5,455.5,455.5,455.1000061035156,455.1000061035156,5995
2026-04-29 09:31:00+00:00,455.8999938964844,455.8999938964844,455.8999938964844,455.6000061035156,455.75,6620
2026-04-29 09:32:00+00:00,456.0,456.0,456.0,455.70001220703125,455.8999938964844,7257
2026-04-29 09:33:00+00:00,455.70001220703125,455.70001220703125,456.0,455.70001220703125,455.70001220703125,5848
2026-04-29 09:34:00+00:00,455.5,455.5,455.8500061035156,455.45001220703125,455.6499938964844,6877
2026-04-29 09:35:00+00:00,456.70001220703125,456.70001220703125,456.70001220703125,455.5,455.70001220703125,37094
2026-04-29 09:36:00+00:00,457.0,457.0,457.0,456.1499938964844,456.8999938964844,42856
2026-04-29 09:37:00+00:00,456.95001220703125,456.95001220703125,457.04998779296875,456.6499938964844,456.70001220703125,8830
2026-04-29 09:38:00+00:00,456.8999938964844,456.8999938964844,457.0,456.8999938964844,456.95001220703125,6428
2026-04-29 09:39:00+00:00,456.6499938964844,456.6499938964844,457.04998779296875,456.6499938964844,456.75,10113
2026-04-29 09:40:00+00:00,456.70001220703125,456.70001220703125,456.95001220703125,456.3500061035156,456.95001220703125,11750
2026-04-29 09:41:00+00:00,456.25,456.25,456.70001220703125,456.25,456.70001220703125,7116
2026-04-29 09:42:00+00:00,456.20001220703125,456.20001220703125,456.3500061035156,456.1000061035156,456.25,8977
2026-04-29 09:43:00+00:00,456.04998779296875,456.04998779296875,456.3500061035156,456.04998779296875,456.1499938964844,8007
2026-04-29 09:44:00+00:00,456.04998779296875,456.04998779296875,456.04998779296875,455.8500061035156,456.0,7058
2026-04-29 09:45:00+00:00,455.79998779296875,455.79998779296875,456.20001220703125,455.79998779296875,456.04998779296875,11416
2026-04-29 09:46:00+00:00,455.6499938964844,455.6499938964844,455.79998779296875,455.54998779296875,455.79998779296875,10414
2026-04-29 09:47:00+00:00,455.3999938964844,455.3999938964844,455.70001220703125,455.3999938964844,455.6499938964844,5895
2026-04-29 09:48:00+00:00,455.29998779296875,455.29998779296875,455.6499938964844,455.25,455.6499938964844,7501
2026-04-29 09:49:00+00:00,455.70001220703125,455.70001220703125,455.70001220703125,455.3500061035156,455.3500061035156,5616
2026-04-29 09:50:00+00:00,455.5,455.5,455.79998779296875,455.3999938964844,455.5,10598
2026-04-29 09:51:00+00:00,456.0,456.0,456.0,455.54998779296875,455.6499938964844,6016
2026-04-29 09:52:00+00:00,455.8999938964844,455.8999938964844,456.1000061035156,455.70001220703125,456.1000061035156,12291
2026-04-29 09:53:00+00:00,455.95001220703125,455.95001220703125,456.0,455.70001220703125,455.8999938964844,10670
2026-04-29 09:54:00+00:00,455.79998779296875,455.79998779296875,456.1000061035156,455.6000061035156,455.70001220703125,10566
2026-04-29 09:55:00+00:00,455.54998779296875,455.54998779296875,456.04998779296875,455.1499938964844,456.04998779296875,15386
2026-04-29 09:56:00+00:00,455.45001220703125,455.45001220703125,455.6000061035156,455.25,455.5,6260
2026-04-29 09:57:00+00:00,455.04998779296875,455.04998779296875,455.6499938964844,454.95001220703125,455.6499938964844,27921
2026-04-29 09:58:00+00:00,456.1000061035156,456.1000061035156,456.1000061035156,455.04998779296875,455.29998779296875,11243
2026-04-29 09:59:00+00:00,457.04998779296875,457.04998779296875,457.04998779296875,455.04998779296875,455.75,7258
2026-04-30 03:45:00+00:00,452.1499938964844,452.1499938964844,456.0,451.1000061035156,456.0,0
2026-04-30 03:46:00+00:00,453.0,453.0,453.20001220703125,451.20001220703125,451.20001220703125,19595
2026-04-30 03:47:00+00:00,452.04998779296875,452.04998779296875,453.0,451.6499938964844,451.6499938964844,15978
2026-04-30 03:48:00+00:00,450.5,450.5,452.45001220703125,450.5,452.45001220703125,6343
2026-04-30 03:49:00+00:00,450.75,450.75,450.8999938964844,450.5,450.6000061035156,8372
2026-04-30 03:50:00+00:00,450.1000061035156,450.1000061035156,450.6499938964844,449.70001220703125,450.6499938964844,10668
2026-04-30 03:51:00+00:00,449.5,449.5,450.29998779296875,449.25,450.29998779296875,7270
2026-04-30 03:52:00+00:00,449.3999938964844,449.3999938964844,449.3999938964844,449.20001220703125,449.3500061035156,9718
2026-04-30 03:53:00+00:00,449.54998779296875,449.54998779296875,450.04998779296875,449.1499938964844,449.29998779296875,6408
2026-04-30 03:54:00+00:00,449.5,449.5,449.6499938964844,449.3500061035156,449.54998779296875,2671
2026-04-30 03:55:00+00:00,449.95001220703125,449.95001220703125,450.1499938964844,449.70001220703125,449.70001220703125,2343
2026-04-30 03:56:00+00:00,449.3999938964844,449.3999938964844,450.29998779296875,449.29998779296875,450.29998779296875,3602
2026-04-30 03:57:00+00:00,449.3500061035156,449.3500061035156,449.79998779296875,449.3500061035156,449.75,729
2026-04-30 03:58:00+00:00,449.8500061035156,449.8500061035156,449.8999938964844,449.1000061035156,449.45001220703125,4199
2026-04-30 03:59:00+00:00,448.3999938964844,448.3999938964844,449.8999938964844,448.3999938964844,449.8999938964844,12821
2026-04-30 04:00:00+00:00,448.6000061035156,448.6000061035156,448.70001220703125,448.25,448.3999938964844,5992
2026-04-30 04:01:00+00:00,448.70001220703125,448.70001220703125,448.8500061035156,448.6000061035156,448.6000061035156,1516
2026-04-30 04:02:00+00:00,449.20001220703125,449.20001220703125,449.29998779296875,448.79998779296875,448.79998779296875,2095
2026-04-30 04:03:00+00:00,449.3500061035156,449.3500061035156,449.3500061035156,449.0,449.0,2589
2026-04-30 04:04:00+00:00,449.3500061035156,449.3500061035156,449.3999938964844,448.8500061035156,449.25,4185
2026-04-30 04:05:00+00:00,449.1499938964844,449.1499938964844,449.70001220703125,448.8500061035156,449.70001220703125,8176
2026-04-30 04:06:00+00:00,448.8999938964844,448.8999938964844,449.1000061035156,448.8500061035156,449.1000061035156,3030
2026-04-30 04:07:00+00:00,448.8500061035156,448.8500061035156,448.8999938964844,448.25,448.8999938964844,1976
2026-04-30 04:08:00+00:00,449.04998779296875,449.04998779296875,449.1000061035156,448.6000061035156,448.6000061035156,1295
2026-04-30 04:09:00+00:00,449.20001220703125,449.20001220703125,449.25,448.6000061035156,449.0,1255
2026-04-30 04:10:00+00:00,448.6000061035156,448.6000061035156,449.04998779296875,448.6000061035156,448.6000061035156,3733
2026-04-30 04:11:00+00:00,449.25,449.25,449.25,448.79998779296875,448.79998779296875,633
2026-04-30 04:12:00+00:00,449.25,449.25,449.25,448.95001220703125,449.1000061035156,965
2026-04-30 04:13:00+00:00,449.20001220703125,449.20001220703125,449.25,449.1000061035156,449.25,287
2026-04-30 04:14:00+00:00,449.1000061035156,449.1000061035156,449.25,448.8999938964844,449.20001220703125,1021
2026-04-30 04:15:00+00:00,449.5,449.5,449.5,449.1000061035156,449.1000061035156,3299
2026-04-30 04:16:00+00:00,449.79998779296875,449.79998779296875,450.0,449.3999938964844,449.5,3227
2026-04-30 04:17:00+00:00,449.95001220703125,449.95001220703125,449.95001220703125,449.79998779296875,449.79998779296875,360
2026-04-30 04:18:00+00:00,450.1499938964844,450.1499938964844,450.45001220703125,449.95001220703125,449.95001220703125,3050
2026-04-30 04:19:00+00:00,450.6499938964844,450.6499938964844,450.6499938964844,450.0,450.0,15009
2026-04-30 04:20:00+00:00,450.29998779296875,450.29998779296875,451.04998779296875,450.29998779296875,451.04998779296875,1743
2026-04-30 04:21:00+00:00,449.8999938964844,449.8999938964844,450.5,449.8999938964844,450.45001220703125,1787
2026-04-30 04:22:00+00:00,450.3500061035156,450.3500061035156,450.3999938964844,450.1499938964844,450.1499938964844,700
2026-04-30 04:23:00+00:00,450.6000061035156,450.6000061035156,450.6000061035156,450.04998779296875,450.1000061035156,1071
2026-04-30 04:24:00+00:00,450.0,450.0,450.54998779296875,450.0,450.3999938964844,117
2026-04-30 04:25:00+00:00,449.95001220703125,449.95001220703125,450.3999938964844,449.95001220703125,450.04998779296875,2063
2026-04-30 04:26:00+00:00,449.8999938964844,449.8999938964844,450.1000061035156,449.70001220703125,449.70001220703125,148
2026-04-30 04:27:00+00:00,449.8999938964844,449.8999938964844,449.8999938964844,449.54998779296875,449.8500061035156,4790
2026-04-30 04:28:00+00:00,449.79998779296875,449.79998779296875,449.8999938964844,449.75,449.8999938964844,25
2026-04-30 04:29:00+00:00,449.8999938964844,449.8999938964844,449.8999938964844,449.6000061035156,449.6000061035156,486
2026-04-30 04:30:00+00:00,450.0,450.0,450.0,449.6000061035156,449.8500061035156,2837
2026-04-30 04:31:00+00:00,449.3999938964844,449.3999938964844,449.8999938964844,449.3999938964844,449.8500061035156,648
2026-04-30 04:32:00+00:00,449.5,449.5,449.75,449.3999938964844,449.70001220703125,518
2026-04-30 04:33:00+00:00,449.25,449.25,449.5,449.25,449.3999938964844,318
2026-04-30 04:34:00+00:00,449.1000061035156,449.1000061035156,449.3999938964844,449.1000061035156,449.25,1614
2026-04-30 04:35:00+00:00,449.3999938964844,449.3999938964844,449.3999938964844,448.8999938964844,448.8999938964844,1557
2026-04-30 04:36:00+00:00,449.29998779296875,449.29998779296875,449.3500061035156,449.04998779296875,449.20001220703125,454
2026-04-30 04:37:00+00:00,449.0,449.0,449.20001220703125,448.8500061035156,449.20001220703125,214
2026-04-30 04:38:00+00:00,447.79998779296875,447.79998779296875,448.79998779296875,447.79998779296875,448.79998779296875,16750
2026-04-30 04:39:00+00:00,448.1499938964844,448.1499938964844,448.29998779296875,447.6499938964844,447.70001220703125,3413
2026-04-30 04:40:00+00:00,447.6499938964844,447.6499938964844,447.95001220703125,447.6000061035156,447.95001220703125,1244
2026-04-30 04:41:00+00:00,447.8999938964844,447.8999938964844,447.95001220703125,447.70001220703125,447.95001220703125,802
2026-04-30 04:42:00+00:00,447.25,447.25,447.75,447.25,447.6000061035156,2554
2026-04-30 04:43:00+00:00,447.29998779296875,447.29998779296875,447.95001220703125,447.29998779296875,447.79998779296875,2423
2026-04-30 04:44:00+00:00,447.54998779296875,447.54998779296875,447.70001220703125,447.20001220703125,447.54998779296875,3437
2026-04-30 04:45:00+00:00,447.45001220703125,447.45001220703125,447.54998779296875,447.3999938964844,447.54998779296875,1339
2026-04-30 04:46:00+00:00,447.6499938964844,447.6499938964844,447.6499938964844,447.25,447.45001220703125,1153
2026-04-30 04:47:00+00:00,447.6499938964844,447.6499938964844,447.75,447.3500061035156,447.3500061035156,3094
2026-04-30 04:48:00+00:00,447.6499938964844,447.6499938964844,447.70001220703125,447.6000061035156,447.6499938964844,1173
2026-04-30 04:49:00+00:00,447.75,447.75,447.79998779296875,447.45001220703125,447.45001220703125,962
2026-04-30 04:50:00+00:00,447.79998779296875,447.79998779296875,447.79998779296875,447.6499938964844,447.75,559
2026-04-30 04:51:00+00:00,447.5,447.5,447.79998779296875,447.29998779296875,447.79998779296875,5073
2026-04-30 04:52:00+00:00,447.45001220703125,447.45001220703125,447.5,447.25,447.29998779296875,2681
2026-04-30 04:53:00+00:00,447.3999938964844,447.3999938964844,447.5,447.3999938964844,447.45001220703125,152
2026-04-30 04:54:00+00:00,447.5,447.5,447.5,447.29998779296875,447.3999938964844,372
2026-04-30 04:55:00+00:00,447.5,447.5,447.5,447.3500061035156,447.5,988
2026-04-30 04:56:00+00:00,447.54998779296875,447.54998779296875,447.54998779296875,447.5,447.5,404
2026-04-30 04:57:00+00:00,447.29998779296875,447.29998779296875,447.6499938964844,447.29998779296875,447.45001220703125,1440
2026-04-30 04:58:00+00:00,447.54998779296875,447.54998779296875,447.54998779296875,447.29998779296875,447.5,945
2026-04-30 04:59:00+00:00,447.20001220703125,447.20001220703125,447.70001220703125,446.75,447.29998779296875,8617
2026-04-30 05:00:00+00:00,447.8999938964844,447.8999938964844,447.8999938964844,447.20001220703125,447.20001220703125,2605
2026-04-30 05:01:00+00:00,448.3500061035156,448.3500061035156,448.3500061035156,447.6000061035156,447.8500061035156,1015
2026-04-30 05:02:00+00:00,448.29998779296875,448.29998779296875,448.29998779296875,447.54998779296875,448.0,857
2026-04-30 05:03:00+00:00,449.0,449.0,449.0,447.8500061035156,447.8500061035156,13162
2026-04-30 05:04:00+00:00,450.5,450.5,450.6499938964844,449.1499938964844,449.1499938964844,6527
2026-04-30 05:05:00+00:00,451.95001220703125,451.95001220703125,452.3999938964844,450.5,450.5,13973
2026-04-30 05:06:00+00:00,451.75,451.75,452.45001220703125,450.8999938964844,451.95001220703125,18706
2026-04-30 05:07:00+00:00,452.3999938964844,452.3999938964844,452.8500061035156,451.29998779296875,451.95001220703125,11691
2026-04-30 05:08:00+00:00,452.1000061035156,452.1000061035156,452.6499938964844,451.8999938964844,452.3999938964844,2135
2026-04-30 05:09:00+00:00,451.20001220703125,451.20001220703125,452.1000061035156,451.20001220703125,452.1000061035156,4838
2026-04-30 05:10:00+00:00,450.1000061035156,450.1000061035156,451.29998779296875,449.75,451.1000061035156,3230
2026-04-30 05:11:00+00:00,448.3999938964844,448.3999938964844,450.04998779296875,448.20001220703125,450.04998779296875,5982
2026-04-30 05:12:00+00:00,447.5,447.5,448.20001220703125,446.95001220703125,447.79998779296875,7725
2026-04-30 05:13:00+00:00,446.95001220703125,446.95001220703125,447.5,446.79998779296875,447.5,7635
2026-04-30 05:14:00+00:00,446.3999938964844,446.3999938964844,446.70001220703125,445.79998779296875,446.45001220703125,22906
2026-04-30 05:15:00+00:00,444.8500061035156,444.8500061035156,447.0,444.5,447.0,17167
2026-04-30 05:16:00+00:00,445.5,445.5,445.95001220703125,445.0,445.0,4023
2026-04-30 05:17:00+00:00,446.29998779296875,446.29998779296875,446.29998779296875,445.5,445.54998779296875,1254
2026-04-30 05:18:00+00:00,446.3999938964844,446.3999938964844,446.54998779296875,446.25,446.29998779296875,1665
2026-04-30 05:19:00+00:00,446.1499938964844,446.1499938964844,446.45001220703125,445.70001220703125,446.3500061035156,4400
2026-04-30 05:20:00+00:00,445.45001220703125,445.45001220703125,445.8500061035156,445.29998779296875,445.8500061035156,2274
2026-04-30 05:21:00+00:00,444.8999938964844,444.8999938964844,445.6499938964844,444.8999938964844,445.54998779296875,13601
2026-04-30 05:22:00+00:00,444.70001220703125,444.70001220703125,445.1499938964844,444.54998779296875,445.04998779296875,7492
2026-04-30 05:23:00+00:00,445.1499938964844,445.1499938964844,445.29998779296875,444.6499938964844,444.6499938964844,3368
2026-04-30 05:24:00+00:00,445.0,445.0,445.04998779296875,444.70001220703125,445.04998779296875,695
2026-04-30 05:25:00+00:00,444.54998779296875,444.54998779296875,445.0,444.45001220703125,445.0,3291
2026-04-30 05:26:00+00:00,444.25,444.25,444.95001220703125,444.04998779296875,444.5,3922
2026-04-30 05:27:00+00:00,444.54998779296875,444.54998779296875,444.70001220703125,443.79998779296875,444.04998779296875,4806
2026-04-30 05:28:00+00:00,445.25,445.25,445.6000061035156,444.54998779296875,444.54998779296875,2612
2026-04-30 05:29:00+00:00,445.1000061035156,445.1000061035156,445.79998779296875,445.04998779296875,445.5,1270
2026-04-30 05:30:00+00:00,445.54998779296875,445.54998779296875,445.79998779296875,445.1000061035156,445.3500061035156,727
2026-04-30 05:31:00+00:00,445.1000061035156,445.1000061035156,445.6000061035156,445.1000061035156,445.6000061035156,213
2026-04-30 05:32:00+00:00,445.29998779296875,445.29998779296875,445.3500061035156,445.1000061035156,445.3500061035156,1041
2026-04-30 05:33:00+00:00,445.0,445.0,445.25,445.0,445.20001220703125,705
2026-04-30 05:34:00+00:00,445.1499938964844,445.1499938964844,445.1499938964844,445.04998779296875,445.04998779296875,245
2026-04-30 05:35:00+00:00,445.29998779296875,445.29998779296875,445.3500061035156,444.8999938964844,445.1499938964844,1848
2026-04-30 05:36:00+00:00,444.6000061035156,444.6000061035156,445.1000061035156,444.54998779296875,445.0,1849
2026-04-30 05:37:00+00:00,444.75,444.75,444.75,444.45001220703125,444.45001220703125,2011
2026-04-30 05:38:00+00:00,444.20001220703125,444.20001220703125,444.70001220703125,443.6000061035156,444.70001220703125,12104
2026-04-30 05:39:00+00:00,444.5,444.5,444.5,444.20001220703125,444.25,414
2026-04-30 05:40:00+00:00,444.45001220703125,444.45001220703125,444.54998779296875,444.3500061035156,444.3500061035156,817
2026-04-30 05:41:00+00:00,443.75,443.75,444.54998779296875,443.75,444.20001220703125,2321
2026-04-30 05:42:00+00:00,443.75,443.75,443.79998779296875,443.5,443.70001220703125,1221
2026-04-30 05:43:00+00:00,443.04998779296875,443.04998779296875,443.75,443.0,443.75,16285
2026-04-30 05:44:00+00:00,442.1499938964844,442.1499938964844,442.70001220703125,441.70001220703125,442.6499938964844,20773
2026-04-30 05:45:00+00:00,442.25,442.25,442.29998779296875,442.04998779296875,442.1499938964844,2375
2026-04-30 05:46:00+00:00,442.54998779296875,442.54998779296875,442.54998779296875,442.29998779296875,442.3999938964844,1000
2026-04-30 05:47:00+00:00,442.54998779296875,442.54998779296875,442.6499938964844,442.5,442.6499938964844,1554
2026-04-30 05:48:00+00:00,441.6499938964844,441.6499938964844,442.54998779296875,441.3999938964844,442.54998779296875,2020
2026-04-30 05:49:00+00:00,441.75,441.75,442.1000061035156,441.3999938964844,441.5,4854
2026-04-30 05:50:00+00:00,440.95001220703125,440.95001220703125,441.79998779296875,440.95001220703125,441.79998779296875,6734
2026-04-30 05:51:00+00:00,441.04998779296875,441.04998779296875,441.25,440.70001220703125,440.70001220703125,11040
2026-04-30 05:52:00+00:00,441.20001220703125,441.20001220703125,441.20001220703125,441.0,441.0,816
2026-04-30 05:53:00+00:00,441.29998779296875,441.29998779296875,441.8500061035156,441.04998779296875,441.04998779296875,4295
2026-04-30 05:54:00+00:00,441.0,441.0,441.25,440.79998779296875,441.25,3557
2026-04-30 05:55:00+00:00,441.04998779296875,441.04998779296875,441.1000061035156,440.70001220703125,440.8999938964844,2644
2026-04-30 05:56:00+00:00,441.6499938964844,441.6499938964844,441.79998779296875,440.8999938964844,440.8999938964844,3061
2026-04-30 05:57:00+00:00,441.70001220703125,441.70001220703125,441.70001220703125,441.5,441.6499938964844,564
2026-04-30 05:58:00+00:00,441.45001220703125,441.45001220703125,441.6499938964844,441.3500061035156,441.6499938964844,3472
2026-04-30 05:59:00+00:00,441.6499938964844,441.6499938964844,441.6499938964844,441.54998779296875,441.54998779296875,1058
2026-04-30 06:00:00+00:00,441.95001220703125,441.95001220703125,442.1499938964844,441.75,441.8500061035156,4270
2026-04-30 06:01:00+00:00,442.1000061035156,442.1000061035156,442.1000061035156,441.79998779296875,441.95001220703125,3810
2026-04-30 06:02:00+00:00,441.8500061035156,441.8500061035156,442.04998779296875,441.75,441.8500061035156,1550
2026-04-30 06:03:00+00:00,442.3999938964844,442.3999938964844,442.5,441.95001220703125,441.95001220703125,4293
2026-04-30 06:04:00+00:00,442.3500061035156,442.3500061035156,442.5,442.29998779296875,442.3500061035156,5211
2026-04-30 06:05:00+00:00,442.0,442.0,442.3999938964844,441.75,442.3999938964844,3694
2026-04-30 06:06:00+00:00,443.25,443.25,443.25,442.0,442.0,6717
2026-04-30 06:07:00+00:00,442.5,442.5,443.45001220703125,442.5,443.1000061035156,7141
2026-04-30 06:08:00+00:00,442.0,442.0,442.45001220703125,442.0,442.29998779296875,4388
2026-04-30 06:09:00+00:00,442.04998779296875,442.04998779296875,442.25,441.8999938964844,442.0,1905
2026-04-30 06:10:00+00:00,442.1000061035156,442.1000061035156,442.1000061035156,441.75,442.04998779296875,934
2026-04-30 06:11:00+00:00,441.95001220703125,441.95001220703125,442.1499938964844,441.70001220703125,442.0,1810
2026-04-30 06:12:00+00:00,441.8500061035156,441.8500061035156,442.1000061035156,441.75,441.95001220703125,1557
2026-04-30 06:13:00+00:00,442.1000061035156,442.1000061035156,442.1000061035156,441.8500061035156,441.8500061035156,607
2026-04-30 06:14:00+00:00,442.0,442.0,442.1000061035156,442.0,442.1000061035156,926
2026-04-30 06:15:00+00:00,441.8999938964844,441.8999938964844,441.8999938964844,441.75,441.8999938964844,547
2026-04-30 06:16:00+00:00,441.20001220703125,441.20001220703125,441.79998779296875,441.20001220703125,441.6000061035156,9076
2026-04-30 06:17:00+00:00,441.29998779296875,441.29998779296875,441.45001220703125,441.1499938964844,441.20001220703125,3787
2026-04-30 06:18:00+00:00,441.29998779296875,441.29998779296875,441.3500061035156,441.20001220703125,441.29998779296875,1480
2026-04-30 06:19:00+00:00,441.20001220703125,441.20001220703125,441.3500061035156,441.04998779296875,441.25,966
2026-04-30 06:20:00+00:00,441.45001220703125,441.45001220703125,441.5,441.3500061035156,441.3500061035156,956
2026-04-30 06:21:00+00:00,441.5,441.5,441.5,441.45001220703125,441.45001220703125,2212
2026-04-30 06:22:00+00:00,441.04998779296875,441.04998779296875,441.5,441.04998779296875,441.29998779296875,2891
2026-04-30 06:23:00+00:00,440.8999938964844,440.8999938964844,441.0,440.75,440.95001220703125,1625
2026-04-30 06:24:00+00:00,441.3500061035156,441.3500061035156,441.3500061035156,440.70001220703125,440.8500061035156,3625
2026-04-30 06:25:00+00:00,441.1499938964844,441.1499938964844,441.29998779296875,441.04998779296875,441.1000061035156,2315
2026-04-30 06:26:00+00:00,441.1499938964844,441.1499938964844,441.3999938964844,441.1499938964844,441.1499938964844,1178
2026-04-30 06:27:00+00:00,441.1000061035156,441.1000061035156,441.3500061035156,441.1000061035156,441.29998779296875,3434
2026-04-30 06:28:00+00:00,441.29998779296875,441.29998779296875,441.3500061035156,441.1000061035156,441.29998779296875,250
2026-04-30 06:29:00+00:00,441.04998779296875,441.04998779296875,441.45001220703125,441.04998779296875,441.29998779296875,1125
2026-04-30 06:30:00+00:00,440.8999938964844,440.8999938964844,441.0,440.8999938964844,440.8999938964844,493
2026-04-30 06:31:00+00:00,440.6000061035156,440.6000061035156,440.79998779296875,440.6000061035156,440.6000061035156,288
2026-04-30 06:32:00+00:00,440.6499938964844,440.6499938964844,441.1499938964844,440.3999938964844,440.54998779296875,9559
2026-04-30 06:33:00+00:00,440.54998779296875,440.54998779296875,440.6499938964844,440.54998779296875,440.6000061035156,1395
2026-04-30 06:34:00+00:00,441.04998779296875,441.04998779296875,441.1000061035156,440.5,440.54998779296875,3053
2026-04-30 06:35:00+00:00,441.0,441.0,441.0,440.79998779296875,440.79998779296875,1722
2026-04-30 06:36:00+00:00,441.70001220703125,441.70001220703125,441.70001220703125,440.95001220703125,440.95001220703125,2267
2026-04-30 06:37:00+00:00,441.79998779296875,441.79998779296875,441.79998779296875,441.6499938964844,441.70001220703125,901
2026-04-30 06:38:00+00:00,441.6000061035156,441.6000061035156,441.8500061035156,441.54998779296875,441.79998779296875,1005
2026-04-30 06:39:00+00:00,441.25,441.25,441.6499938964844,441.25,441.6499938964844,1983
2026-04-30 06:40:00+00:00,441.6499938964844,441.6499938964844,441.6499938964844,441.3500061035156,441.3999938964844,374
2026-04-30 06:41:00+00:00,441.8999938964844,441.8999938964844,441.8999938964844,441.54998779296875,441.54998779296875,741
2026-04-30 06:42:00+00:00,441.79998779296875,441.79998779296875,441.8999938964844,441.75,441.75,1056
2026-04-30 06:43:00+00:00,441.70001220703125,441.70001220703125,441.95001220703125,441.6000061035156,441.95001220703125,6173
2026-04-30 06:44:00+00:00,441.8500061035156,441.8500061035156,441.8500061035156,441.5,441.5,3139
2026-04-30 06:45:00+00:00,441.5,441.5,441.75,441.5,441.75,1633
2026-04-30 06:46:00+00:00,441.75,441.75,441.75,441.6000061035156,441.6499938964844,718
2026-04-30 06:47:00+00:00,441.95001220703125,441.95001220703125,441.95001220703125,441.75,441.75,2176
2026-04-30 06:48:00+00:00,442.1000061035156,442.1000061035156,442.1000061035156,441.8500061035156,441.8500061035156,869
2026-04-30 06:49:00+00:00,442.1000061035156,442.1000061035156,442.1499938964844,442.0,442.1000061035156,1749
2026-04-30 06:50:00+00:00,441.79998779296875,441.79998779296875,442.1000061035156,441.79998779296875,442.1000061035156,2057
2026-04-30 06:51:00+00:00,441.79998779296875,441.79998779296875,441.95001220703125,441.79998779296875,441.95001220703125,579
2026-04-30 06:52:00+00:00,442.1499938964844,442.1499938964844,442.1499938964844,441.95001220703125,441.95001220703125,3358
2026-04-30 06:53:00+00:00,442.20001220703125,442.20001220703125,442.3999938964844,442.1499938964844,442.25,1129
2026-04-30 06:54:00+00:00,442.20001220703125,442.20001220703125,442.25,442.1000061035156,442.25,637
2026-04-30 06:55:00+00:00,442.29998779296875,442.29998779296875,442.29998779296875,442.0,442.0,989
2026-04-30 06:56:00+00:00,442.5,442.5,442.6499938964844,442.3500061035156,442.3500061035156,3572
2026-04-30 06:57:00+00:00,443.1499938964844,443.1499938964844,443.20001220703125,442.79998779296875,442.79998779296875,2329
2026-04-30 06:58:00+00:00,443.20001220703125,443.20001220703125,443.6499938964844,443.20001220703125,443.54998779296875,4080
2026-04-30 06:59:00+00:00,443.29998779296875,443.29998779296875,443.3999938964844,443.1000061035156,443.3500061035156,2389
2026-04-30 07:00:00+00:00,443.04998779296875,443.04998779296875,443.29998779296875,443.04998779296875,443.29998779296875,309
2026-04-30 07:01:00+00:00,442.95001220703125,442.95001220703125,443.20001220703125,442.95001220703125,443.0,2277
2026-04-30 07:02:00+00:00,443.3999938964844,443.3999938964844,443.3999938964844,442.95001220703125,443.20001220703125,3689
2026-04-30 07:03:00+00:00,443.1499938964844,443.1499938964844,443.6000061035156,443.1499938964844,443.45001220703125,971
2026-04-30 07:04:00+00:00,443.04998779296875,443.04998779296875,443.3500061035156,443.0,443.25,1231
2026-04-30 07:05:00+00:00,443.1499938964844,443.1499938964844,443.20001220703125,443.0,443.20001220703125,325
2026-04-30 07:06:00+00:00,442.95001220703125,442.95001220703125,443.1000061035156,442.75,443.1000061035156,2804
2026-04-30 07:07:00+00:00,442.75,442.75,442.95001220703125,442.5,442.95001220703125,363
2026-04-30 07:08:00+00:00,442.75,442.75,442.8500061035156,442.45001220703125,442.45001220703125,800
2026-04-30 07:09:00+00:00,442.54998779296875,442.54998779296875,442.75,442.45001220703125,442.5,716
2026-04-30 07:10:00+00:00,442.45001220703125,442.45001220703125,442.75,442.45001220703125,442.75,458
2026-04-30 07:11:00+00:00,442.45001220703125,442.45001220703125,442.70001220703125,442.45001220703125,442.6499938964844,485
2026-04-30 07:12:00+00:00,442.6499938964844,442.6499938964844,442.75,442.3500061035156,442.3500061035156,2689
2026-04-30 07:13:00+00:00,442.70001220703125,442.70001220703125,442.70001220703125,442.3500061035156,442.54998779296875,686
2026-04-30 07:14:00+00:00,442.5,442.5,442.70001220703125,442.29998779296875,442.6000061035156,840
2026-04-30 07:15:00+00:00,442.70001220703125,442.70001220703125,442.8500061035156,442.54998779296875,442.70001220703125,801
2026-04-30 07:16:00+00:00,442.8500061035156,442.8500061035156,442.8500061035156,442.45001220703125,442.45001220703125,1641
2026-04-30 07:17:00+00:00,443.04998779296875,443.04998779296875,443.1000061035156,442.75,443.04998779296875,980
2026-04-30 07:18:00+00:00,442.8500061035156,442.8500061035156,443.1000061035156,442.8500061035156,442.8999938964844,1081
2026-04-30 07:19:00+00:00,443.3500061035156,443.3500061035156,443.3500061035156,442.79998779296875,442.79998779296875,1940
2026-04-30 07:20:00+00:00,443.20001220703125,443.20001220703125,443.29998779296875,443.0,443.0,908
2026-04-30 07:21:00+00:00,443.29998779296875,443.29998779296875,443.29998779296875,443.20001220703125,443.29998779296875,301
2026-04-30 07:22:00+00:00,443.29998779296875,443.29998779296875,443.29998779296875,443.0,443.0,636
2026-04-30 07:23:00+00:00,443.0,443.0,443.29998779296875,443.0,443.25,1156
2026-04-30 07:24:00+00:00,443.25,443.25,443.29998779296875,443.04998779296875,443.25,831
2026-04-30 07:25:00+00:00,442.8999938964844,442.8999938964844,443.25,442.79998779296875,443.25,1221
2026-04-30 07:26:00+00:00,442.75,442.75,443.20001220703125,442.75,443.0,985
2026-04-30 07:27:00+00:00,443.3999938964844,443.3999938964844,443.45001220703125,443.0,443.0,1152
2026-04-30 07:28:00+00:00,443.3999938964844,443.3999938964844,443.3999938964844,443.20001220703125,443.20001220703125,1636
2026-04-30 07:29:00+00:00,443.3500061035156,443.3500061035156,443.45001220703125,443.04998779296875,443.3999938964844,2080
2026-04-30 07:30:00+00:00,443.1000061035156,443.1000061035156,443.25,443.1000061035156,443.25,471
2026-04-30 07:31:00+00:00,443.1499938964844,443.1499938964844,443.25,443.0,443.0,347
2026-04-30 07:32:00+00:00,442.75,442.75,443.1000061035156,442.75,443.0,6965
2026-04-30 07:33:00+00:00,442.54998779296875,442.54998779296875,442.6499938964844,442.29998779296875,442.6499938964844,463
2026-04-30 07:34:00+00:00,442.25,442.25,442.5,442.1499938964844,442.3999938964844,3235
2026-04-30 07:35:00+00:00,442.6499938964844,442.6499938964844,442.6499938964844,442.1499938964844,442.29998779296875,11294
2026-04-30 07:36:00+00:00,442.25,442.25,442.6000061035156,442.20001220703125,442.25,1460
2026-04-30 07:37:00+00:00,442.3500061035156,442.3500061035156,442.54998779296875,442.3500061035156,442.3999938964844,1157
2026-04-30 07:38:00+00:00,442.54998779296875,442.54998779296875,442.70001220703125,442.54998779296875,442.6499938964844,1128
2026-04-30 07:39:00+00:00,442.6000061035156,442.6000061035156,442.95001220703125,442.54998779296875,442.6000061035156,1352
2026-04-30 07:40:00+00:00,442.54998779296875,442.54998779296875,442.79998779296875,442.3999938964844,442.79998779296875,443
2026-04-30 07:41:00+00:00,442.54998779296875,442.54998779296875,442.8500061035156,442.29998779296875,442.54998779296875,908
2026-04-30 07:42:00+00:00,442.54998779296875,442.54998779296875,442.79998779296875,442.5,442.5,276
2026-04-30 07:43:00+00:00,442.70001220703125,442.70001220703125,442.79998779296875,442.5,442.79998779296875,166
2026-04-30 07:44:00+00:00,442.70001220703125,442.70001220703125,442.79998779296875,442.54998779296875,442.75,473
2026-04-30 07:45:00+00:00,442.70001220703125,442.70001220703125,442.75,442.70001220703125,442.70001220703125,1606
2026-04-30 07:46:00+00:00,442.6499938964844,442.6499938964844,442.70001220703125,442.45001220703125,442.45001220703125,328
2026-04-30 07:47:00+00:00,442.3500061035156,442.3500061035156,442.6000061035156,442.29998779296875,442.5,1049
2026-04-30 07:48:00+00:00,442.3999938964844,442.3999938964844,442.6000061035156,442.29998779296875,442.6000061035156,10209
2026-04-30 07:49:00+00:00,442.04998779296875,442.04998779296875,442.3500061035156,442.04998779296875,442.29998779296875,888
2026-04-30 07:50:00+00:00,442.0,442.0,442.20001220703125,442.0,442.20001220703125,911
2026-04-30 07:51:00+00:00,442.04998779296875,442.04998779296875,442.20001220703125,442.04998779296875,442.20001220703125,379
2026-04-30 07:52:00+00:00,442.04998779296875,442.04998779296875,442.3500061035156,442.04998779296875,442.1499938964844,1046
2026-04-30 07:53:00+00:00,442.3500061035156,442.3500061035156,442.3999938964844,442.20001220703125,442.20001220703125,460
2026-04-30 07:54:00+00:00,442.45001220703125,442.45001220703125,442.8999938964844,442.20001220703125,442.20001220703125,5049
2026-04-30 07:55:00+00:00,442.45001220703125,442.45001220703125,442.6499938964844,442.3999938964844,442.6499938964844,243
2026-04-30 07:56:00+00:00,442.25,442.25,442.5,442.25,442.25,712
2026-04-30 07:57:00+00:00,442.6499938964844,442.6499938964844,443.1000061035156,442.5,442.5,4949
2026-04-30 07:58:00+00:00,442.20001220703125,442.20001220703125,442.8500061035156,442.20001220703125,442.8500061035156,858
2026-04-30 07:59:00+00:00,442.70001220703125,442.70001220703125,442.75,442.3999938964844,442.3999938964844,1621
2026-04-30 08:00:00+00:00,442.3999938964844,442.3999938964844,442.70001220703125,442.3999938964844,442.70001220703125,540
2026-04-30 08:01:00+00:00,442.29998779296875,442.29998779296875,442.6499938964844,442.29998779296875,442.3999938964844,103
2026-04-30 08:02:00+00:00,442.04998779296875,442.04998779296875,442.5,442.04998779296875,442.29998779296875,685
2026-04-30 08:03:00+00:00,442.04998779296875,442.04998779296875,442.3500061035156,442.04998779296875,442.04998779296875,752
2026-04-30 08:04:00+00:00,442.54998779296875,442.54998779296875,442.54998779296875,442.29998779296875,442.3500061035156,251
2026-04-30 08:05:00+00:00,442.6499938964844,442.6499938964844,442.75,442.25,442.25,1099
2026-04-30 08:06:00+00:00,442.54998779296875,442.54998779296875,442.6499938964844,442.45001220703125,442.45001220703125,1064
2026-04-30 08:07:00+00:00,442.45001220703125,442.45001220703125,442.70001220703125,442.45001220703125,442.54998779296875,574
2026-04-30 08:08:00+00:00,442.6000061035156,442.6000061035156,442.75,442.3999938964844,442.75,335
2026-04-30 08:09:00+00:00,442.54998779296875,442.54998779296875,442.75,442.5,442.5,495
2026-04-30 08:10:00+00:00,443.1000061035156,443.1000061035156,443.20001220703125,442.70001220703125,442.70001220703125,1927
2026-04-30 08:11:00+00:00,443.25,443.25,443.3999938964844,442.95001220703125,443.1000061035156,811
2026-04-30 08:12:00+00:00,443.25,443.25,443.25,443.0,443.20001220703125,830
2026-04-30 08:13:00+00:00,443.5,443.5,443.5,443.0,443.0,6202
2026-04-30 08:14:00+00:00,443.25,443.25,443.45001220703125,443.20001220703125,443.29998779296875,787
2026-04-30 08:15:00+00:00,443.5,443.5,443.5,443.25,443.45001220703125,1549
2026-04-30 08:16:00+00:00,443.20001220703125,443.20001220703125,443.5,443.20001220703125,443.29998779296875,1128
2026-04-30 08:17:00+00:00,443.0,443.0,443.3999938964844,443.0,443.20001220703125,1048
2026-04-30 08:18:00+00:00,443.1499938964844,443.1499938964844,443.20001220703125,443.0,443.20001220703125,498
2026-04-30 08:19:00+00:00,442.8999938964844,442.8999938964844,443.20001220703125,442.8999938964844,443.1499938964844,1311
2026-04-30 08:20:00+00:00,443.1000061035156,443.1000061035156,443.1000061035156,443.0,443.0,571
2026-04-30 08:21:00+00:00,443.25,443.25,443.25,443.04998779296875,443.1000061035156,2723
2026-04-30 08:22:00+00:00,442.79998779296875,442.79998779296875,443.04998779296875,442.75,443.0,1187
2026-04-30 08:23:00+00:00,443.0,443.0,443.0,442.8500061035156,442.95001220703125,467
2026-04-30 08:24:00+00:00,443.04998779296875,443.04998779296875,443.1499938964844,442.8999938964844,442.8999938964844,2405
2026-04-30 08:25:00+00:00,443.04998779296875,443.04998779296875,443.29998779296875,443.04998779296875,443.20001220703125,568
2026-04-30 08:26:00+00:00,443.29998779296875,443.29998779296875,443.3500061035156,443.04998779296875,443.29998779296875,800
2026-04-30 08:27:00+00:00,443.45001220703125,443.45001220703125,443.5,443.29998779296875,443.3500061035156,1003
2026-04-30 08:28:00+00:00,443.5,443.5,443.5,443.45001220703125,443.45001220703125,967
2026-04-30 08:29:00+00:00,443.8500061035156,443.8500061035156,443.8999938964844,443.3999938964844,443.3999938964844,2317
2026-04-30 08:30:00+00:00,443.5,443.5,443.8500061035156,443.5,443.70001220703125,2118
2026-04-30 08:31:00+00:00,443.5,443.5,443.70001220703125,443.3500061035156,443.70001220703125,1435
2026-04-30 08:32:00+00:00,443.0,443.0,443.5,443.0,443.3500061035156,3128
2026-04-30 08:33:00+00:00,443.20001220703125,443.20001220703125,443.20001220703125,443.0,443.20001220703125,78
2026-04-30 08:34:00+00:00,443.0,443.0,443.25,443.0,443.0,1359
2026-04-30 08:35:00+00:00,442.70001220703125,442.70001220703125,442.8999938964844,442.70001220703125,442.8999938964844,1827
2026-04-30 08:36:00+00:00,442.3999938964844,442.3999938964844,442.8999938964844,442.3999938964844,442.8999938964844,1719
2026-04-30 08:37:00+00:00,442.54998779296875,442.54998779296875,442.6499938964844,442.3500061035156,442.6499938964844,414
2026-04-30 08:38:00+00:00,442.5,442.5,442.54998779296875,442.20001220703125,442.54998779296875,2767
2026-04-30 08:39:00+00:00,443.0,443.0,443.0,442.3500061035156,442.3500061035156,5501
2026-04-30 08:40:00+00:00,442.8999938964844,442.8999938964844,443.04998779296875,442.79998779296875,443.04998779296875,614
2026-04-30 08:41:00+00:00,442.95001220703125,442.95001220703125,442.95001220703125,442.70001220703125,442.95001220703125,632
2026-04-30 08:42:00+00:00,442.75,442.75,442.95001220703125,442.70001220703125,442.75,835
2026-04-30 08:43:00+00:00,443.0,443.0,443.1000061035156,442.70001220703125,442.8999938964844,1189
2026-04-30 08:44:00+00:00,442.79998779296875,442.79998779296875,443.1000061035156,442.75,443.1000061035156,1119
2026-04-30 08:45:00+00:00,442.8500061035156,442.8500061035156,443.20001220703125,442.8500061035156,442.95001220703125,1822
2026-04-30 08:46:00+00:00,443.0,443.0,443.1499938964844,442.79998779296875,442.8999938964844,1321
2026-04-30 08:47:00+00:00,443.0,443.0,443.1000061035156,442.8500061035156,443.04998779296875,792
2026-04-30 08:48:00+00:00,442.54998779296875,442.54998779296875,442.8500061035156,442.3500061035156,442.8500061035156,2320
2026-04-30 08:49:00+00:00,442.3999938964844,442.3999938964844,442.75,442.3999938964844,442.70001220703125,2682
2026-04-30 08:50:00+00:00,442.70001220703125,442.70001220703125,442.75,442.5,442.6499938964844,1192
2026-04-30 08:51:00+00:00,442.75,442.75,442.79998779296875,442.75,442.79998779296875,54
2026-04-30 08:52:00+00:00,442.5,442.5,442.79998779296875,442.5,442.75,619
2026-04-30 08:53:00+00:00,442.45001220703125,442.45001220703125,442.70001220703125,442.25,442.54998779296875,13370
2026-04-30 08:54:00+00:00,442.6499938964844,442.6499938964844,442.70001220703125,442.3500061035156,442.45001220703125,5659
2026-04-30 08:55:00+00:00,442.6000061035156,442.6000061035156,442.6499938964844,442.6000061035156,442.6499938964844,750
2026-04-30 08:56:00+00:00,442.5,442.5,442.6499938964844,442.3999938964844,442.6499938964844,798
2026-04-30 08:57:00+00:00,442.8999938964844,442.8999938964844,442.8999938964844,442.5,442.6000061035156,905
2026-04-30 08:58:00+00:00,442.70001220703125,442.70001220703125,442.79998779296875,442.54998779296875,442.6000061035156,3213
2026-04-30 08:59:00+00:00,442.8500061035156,442.8500061035156,443.1000061035156,442.54998779296875,442.54998779296875,3691
2026-04-30 09:00:00+00:00,442.8500061035156,442.8500061035156,443.04998779296875,442.79998779296875,442.79998779296875,1481
2026-04-30 09:01:00+00:00,443.3500061035156,443.3500061035156,443.3500061035156,443.0,443.1000061035156,1787
2026-04-30 09:02:00+00:00,443.25,443.25,443.5,443.04998779296875,443.5,1991
2026-04-30 09:03:00+00:00,443.20001220703125,443.20001220703125,443.25,443.0,443.25,1351
2026-04-30 09:04:00+00:00,443.3500061035156,443.3500061035156,443.75,443.25,443.75,8467
2026-04-30 09:05:00+00:00,443.8500061035156,443.8500061035156,443.8500061035156,443.54998779296875,443.79998779296875,3401
2026-04-30 09:06:00+00:00,443.79998779296875,443.79998779296875,443.95001220703125,443.6000061035156,443.6000061035156,4321
2026-04-30 09:07:00+00:00,443.79998779296875,443.79998779296875,444.04998779296875,443.79998779296875,443.8999938964844,2740
2026-04-30 09:08:00+00:00,444.04998779296875,444.04998779296875,444.1000061035156,443.8999938964844,443.95001220703125,5593
2026-04-30 09:09:00+00:00,444.04998779296875,444.04998779296875,444.25,444.04998779296875,444.1499938964844,2820
2026-04-30 09:10:00+00:00,443.8500061035156,443.8500061035156,444.04998779296875,443.70001220703125,443.8500061035156,1334
2026-04-30 09:11:00+00:00,443.5,443.5,443.70001220703125,443.5,443.54998779296875,2027
2026-04-30 09:12:00+00:00,443.79998779296875,443.79998779296875,443.79998779296875,443.5,443.5,1193
2026-04-30 09:13:00+00:00,444.0,444.0,444.0,443.8500061035156,443.8500061035156,213
2026-04-30 09:14:00+00:00,444.1499938964844,444.1499938964844,444.1499938964844,444.0,444.0,251
2026-04-30 09:15:00+00:00,443.8999938964844,443.8999938964844,444.20001220703125,443.8999938964844,444.1499938964844,2293
2026-04-30 09:16:00+00:00,444.0,444.0,444.04998779296875,444.0,444.04998779296875,317
2026-04-30 09:17:00+00:00,443.79998779296875,443.79998779296875,444.0,443.3999938964844,444.0,6316
2026-04-30 09:18:00+00:00,443.75,443.75,443.8999938964844,443.45001220703125,443.6000061035156,473
2026-04-30 09:19:00+00:00,443.70001220703125,443.70001220703125,443.79998779296875,443.6000061035156,443.79998779296875,825
2026-04-30 09:20:00+00:00,443.1499938964844,443.1499938964844,443.6000061035156,443.0,443.3999938964844,2146
2026-04-30 09:21:00+00:00,443.1499938964844,443.1499938964844,443.1499938964844,442.70001220703125,443.0,4094
2026-04-30 09:22:00+00:00,443.0,443.0,443.1000061035156,442.8500061035156,443.1000061035156,32
2026-04-30 09:23:00+00:00,443.04998779296875,443.04998779296875,443.1000061035156,442.95001220703125,442.95001220703125,1489
2026-04-30 09:24:00+00:00,442.95001220703125,442.95001220703125,443.20001220703125,442.75,443.1000061035156,1179
2026-04-30 09:25:00+00:00,442.95001220703125,442.95001220703125,443.0,442.79998779296875,442.79998779296875,1220
2026-04-30 09:26:00+00:00,442.8500061035156,442.8500061035156,443.0,442.6499938964844,442.70001220703125,2541
2026-04-30 09:27:00+00:00,442.8500061035156,442.8500061035156,442.8500061035156,442.6499938964844,442.70001220703125,547
2026-04-30 09:28:00+00:00,443.04998779296875,443.04998779296875,443.04998779296875,442.70001220703125,442.70001220703125,1887
2026-04-30 09:29:00+00:00,443.25,443.25,443.25,443.0,443.0,1333
2026-04-30 09:30:00+00:00,442.6000061035156,442.6000061035156,443.25,442.20001220703125,443.25,35690
2026-04-30 09:31:00+00:00,441.8999938964844,441.8999938964844,442.45001220703125,441.6000061035156,442.45001220703125,15657
2026-04-30 09:32:00+00:00,441.6499938964844,441.6499938964844,441.79998779296875,441.5,441.70001220703125,10225
2026-04-30 09:33:00+00:00,442.0,442.0,442.1499938964844,441.6000061035156,441.8500061035156,12904
2026-04-30 09:34:00+00:00,441.8999938964844,441.8999938964844,442.1499938964844,441.8500061035156,442.0,10430
2026-04-30 09:35:00+00:00,441.70001220703125,441.70001220703125,441.8999938964844,441.70001220703125,441.8999938964844,13230
2026-04-30 09:36:00+00:00,441.6000061035156,441.6000061035156,441.8500061035156,441.5,441.8500061035156,10908
2026-04-30 09:37:00+00:00,441.45001220703125,441.45001220703125,441.79998779296875,441.45001220703125,441.75,11799
2026-04-30 09:38:00+00:00,441.25,441.25,441.45001220703125,441.0,441.45001220703125,11136
2026-04-30 09:39:00+00:00,440.95001220703125,440.95001220703125,441.20001220703125,440.95001220703125,441.1000061035156,12565
2026-04-30 09:40:00+00:00,440.95001220703125,440.95001220703125,441.04998779296875,440.70001220703125,440.8999938964844,20817
2026-04-30 09:41:00+00:00,441.1499938964844,441.1499938964844,441.1499938964844,440.95001220703125,441.04998779296875,8208
2026-04-30 09:42:00+00:00,441.3500061035156,441.3500061035156,441.3500061035156,440.8999938964844,441.1499938964844,12304
2026-04-30 09:43:00+00:00,440.95001220703125,440.95001220703125,441.20001220703125,440.8999938964844,441.04998779296875,10993
2026-04-30 09:44:00+00:00,440.95001220703125,440.95001220703125,440.95001220703125,440.6499938964844,440.8999938964844,16387
2026-04-30 09:45:00+00:00,441.1000061035156,441.1000061035156,441.1499938964844,440.70001220703125,440.70001220703125,16876
2026-04-30 09:46:00+00:00,441.29998779296875,441.29998779296875,441.54998779296875,441.1499938964844,441.54998779296875,13350
2026-04-30 09:47:00+00:00,441.3500061035156,441.3500061035156,441.3500061035156,441.1499938964844,441.1499938964844,13719
2026-04-30 09:48:00+00:00,441.20001220703125,441.20001220703125,441.3500061035156,441.1499938964844,441.29998779296875,10978
2026-04-30 09:49:00+00:00,441.75,441.75,441.8500061035156,440.8999938964844,441.20001220703125,21390
2026-04-30 09:50:00+00:00,441.70001220703125,441.70001220703125,441.70001220703125,441.6499938964844,441.70001220703125,10142
2026-04-30 09:51:00+00:00,441.6000061035156,441.6000061035156,441.70001220703125,441.6000061035156,441.70001220703125,12732
2026-04-30 09:52:00+00:00,441.45001220703125,441.45001220703125,441.6499938964844,441.29998779296875,441.6499938964844,16035
2026-04-30 09:53:00+00:00,441.6499938964844,441.6499938964844,441.70001220703125,441.45001220703125,441.45001220703125,17086
2026-04-30 09:54:00+00:00,441.6000061035156,441.6000061035156,441.75,441.3500061035156,441.75,18162
2026-04-30 09:55:00+00:00,442.1000061035156,442.1000061035156,442.54998779296875,441.45001220703125,441.75,30142
2026-04-30 09:56:00+00:00,441.8999938964844,441.8999938964844,442.25,441.8500061035156,442.25,10962
2026-04-30 09:57:00+00:00,442.0,442.0,442.1000061035156,441.8500061035156,441.8500061035156,11483
2026-04-30 09:58:00+00:00,442.1499938964844,442.1499938964844,442.20001220703125,441.70001220703125,441.95001220703125,27054
2026-04-30 09:59:00+00:00,442.54998779296875,442.54998779296875,442.95001220703125,442.1499938964844,442.25,6466
