Price,Adj Close,Close,High,Low,Open,Volume
Ticker,HCLTECH.NS,HCLTECH.NS,HCLTECH.NS,HCLTECH.NS,HCLTECH.NS,HCLTECH.NS
Datetime,,,,,,
2026-04-23 03:45:00+00:00,1281.5,1281.5,1294.0,1280.5999755859375,1290.800048828125,0
2026-04-23 03:46:00+00:00,1289.9000244140625,1289.9000244140625,1289.9000244140625,1282.300048828125,1282.5999755859375,134708
2026-04-23 03:47:00+00:00,1288.0999755859375,1288.0999755859375,1289.9000244140625,1286.9000244140625,1289.9000244140625,139900
2026-04-23 03:48:00+00:00,1285.5,1285.5,1288.0,1284.199951171875,1288.0,114662
2026-04-23 03:49:00+00:00,1286.0999755859375,1286.0999755859375,1287.5999755859375,1285.300048828125,1286.0,56109
2026-04-23 03:50:00+00:00,1283.0,1283.0,1286.699951171875,1281.0,1286.699951171875,109076
2026-04-23 03:51:00+00:00,1282.0,1282.0,1282.9000244140625,1281.4000244140625,1282.800048828125,62061
2026-04-23 03:52:00+00:00,1282.800048828125,1282.800048828125,1283.199951171875,1281.0,1281.5999755859375,50809
2026-04-23 03:53:00+00:00,1285.699951171875,1285.699951171875,1286.199951171875,1282.699951171875,1282.800048828125,46337
2026-04-23 03:54:00+00:00,1283.0999755859375,1283.0999755859375,1286.4000244140625,1282.800048828125,1286.0,64016
2026-04-23 03:55:00+00:00,1283.199951171875,1283.199951171875,1284.5999755859375,1282.300048828125,1283.0999755859375,44508
2026-04-23 03:56:00+00:00,1280.5999755859375,1280.5999755859375,1283.4000244140625,1280.4000244140625,1283.300048828125,94881
2026-04-23 03:57:00+00:00,1278.0,1278.0,1280.699951171875,1276.800048828125,1280.5,138699
2026-04-23 03:58:00+00:00,1278.0999755859375,1278.0999755859375,1280.0,1277.199951171875,1277.9000244140625,66811
2026-04-23 03:59:00+00:00,1276.800048828125,1276.800048828125,1279.5,1275.800048828125,1277.800048828125,69134
2026-04-23 04:00:00+00:00,1276.0,1276.0,1276.800048828125,1275.0999755859375,1276.800048828125,61835
2026-04-23 04:01:00+00:00,1275.699951171875,1275.699951171875,1276.5,1275.300048828125,1276.5,38628
2026-04-23 04:02:00+00:00,1275.0,1275.0,1275.5,1273.199951171875,1275.5,95435
2026-04-23 04:03:00+00:00,1274.4000244140625,1274.4000244140625,1276.0,1274.300048828125,1274.300048828125,29999
2026-04-23 04:04:00+00:00,1275.0,1275.0,1275.199951171875,1273.0,1274.0999755859375,49176
2026-04-23 04:05:00+00:00,1274.9000244140625,1274.9000244140625,1275.300048828125,1274.0999755859375,1275.0,36492
2026-04-23 04:06:00+00:00,1273.5,1273.5,1275.4000244140625,1273.0999755859375,1275.0,41003
2026-04-23 04:07:00+00:00,1273.9000244140625,1273.9000244140625,1274.199951171875,1273.199951171875,1273.5,25315
2026-04-23 04:08:00+00:00,1273.4000244140625,1273.4000244140625,1274.0,1273.0999755859375,1273.699951171875,37633
2026-04-23 04:09:00+00:00,1273.4000244140625,1273.4000244140625,1274.5,1273.0,1273.300048828125,41275
2026-04-23 04:10:00+00:00,1274.0,1274.0,1274.0,1273.4000244140625,1273.5,25182
2026-04-23 04:11:00+00:00,1275.4000244140625,1275.4000244140625,1275.9000244140625,1273.9000244140625,1274.0,31446
2026-04-23 04:12:00+00:00,1275.300048828125,1275.300048828125,1275.699951171875,1274.0999755859375,1275.699951171875,20718
2026-04-23 04:13:00+00:00,1275.9000244140625,1275.9000244140625,1276.4000244140625,1275.5,1275.699951171875,31864
2026-04-23 04:14:00+00:00,1274.300048828125,1274.300048828125,1276.0,1274.300048828125,1276.0,64532
2026-04-23 04:15:00+00:00,1275.300048828125,1275.300048828125,1275.4000244140625,1273.300048828125,1274.5,41843
2026-04-23 04:16:00+00:00,1275.9000244140625,1275.9000244140625,1276.9000244140625,1275.0,1275.800048828125,41288
2026-04-23 04:17:00+00:00,1277.800048828125,1277.800048828125,1277.800048828125,1275.9000244140625,1276.0999755859375,33908
2026-04-23 04:18:00+00:00,1278.0999755859375,1278.0999755859375,1278.9000244140625,1277.0999755859375,1277.699951171875,44477
2026-04-23 04:19:00+00:00,1278.199951171875,1278.199951171875,1278.300048828125,1276.800048828125,1278.0,21895
2026-04-23 04:20:00+00:00,1277.9000244140625,1277.9000244140625,1278.4000244140625,1277.300048828125,1278.199951171875,24539
2026-04-23 04:21:00+00:00,1278.5,1278.5,1278.9000244140625,1277.800048828125,1278.199951171875,25543
2026-04-23 04:22:00+00:00,1278.699951171875,1278.699951171875,1279.0999755859375,1278.0,1278.800048828125,24493
2026-04-23 04:23:00+00:00,1279.0,1279.0,1279.0,1278.0999755859375,1278.699951171875,39825
2026-04-23 04:24:00+00:00,1278.5,1278.5,1279.5999755859375,1278.0,1279.0,41093
2026-04-23 04:25:00+00:00,1278.699951171875,1278.699951171875,1279.0,1278.0999755859375,1278.5999755859375,18762
2026-04-23 04:26:00+00:00,1279.5999755859375,1279.5999755859375,1279.5999755859375,1278.5,1278.9000244140625,22579
2026-04-23 04:27:00+00:00,1279.5,1279.5,1279.9000244140625,1279.0999755859375,1279.300048828125,26122
2026-04-23 04:28:00+00:00,1279.5,1279.5,1279.9000244140625,1279.199951171875,1279.4000244140625,17713
2026-04-23 04:29:00+00:00,1278.800048828125,1278.800048828125,1279.5,1278.0,1279.4000244140625,43588
2026-04-23 04:30:00+00:00,1278.300048828125,1278.300048828125,1278.9000244140625,1277.4000244140625,1278.9000244140625,15197
2026-04-23 04:31:00+00:00,1276.5,1276.5,1278.4000244140625,1275.5,1278.4000244140625,36287
2026-04-23 04:32:00+00:00,1277.0,1277.0,1277.5,1276.199951171875,1276.5,28871
2026-04-23 04:33:00+00:00,1278.5999755859375,1278.5999755859375,1278.800048828125,1277.0,1277.199951171875,12149
2026-04-23 04:34:00+00:00,1279.9000244140625,1279.9000244140625,1280.0,1278.5,1278.5999755859375,48488
2026-04-23 04:35:00+00:00,1280.699951171875,1280.699951171875,1281.4000244140625,1279.9000244140625,1279.9000244140625,47633
2026-04-23 04:36:00+00:00,1280.300048828125,1280.300048828125,1281.5999755859375,1279.5999755859375,1280.699951171875,35364
2026-04-23 04:37:00+00:00,1280.699951171875,1280.699951171875,1280.9000244140625,1280.0999755859375,1280.800048828125,14726
2026-04-23 04:38:00+00:00,1280.0,1280.0,1280.800048828125,1278.800048828125,1280.699951171875,26493
2026-04-23 04:39:00+00:00,1279.4000244140625,1279.4000244140625,1280.0,1279.0,1280.0,18705
2026-04-23 04:40:00+00:00,1277.5999755859375,1277.5999755859375,1279.4000244140625,1277.5999755859375,1279.4000244140625,31786
2026-04-23 04:41:00+00:00,1277.199951171875,1277.199951171875,1277.9000244140625,1276.9000244140625,1277.9000244140625,23219
2026-04-23 04:42:00+00:00,1277.5999755859375,1277.5999755859375,1277.5999755859375,1276.5999755859375,1277.199951171875,13131
2026-04-23 04:43:00+00:00,1276.199951171875,1276.199951171875,1277.699951171875,1276.199951171875,1277.4000244140625,12082
2026-04-23 04:44:00+00:00,1276.699951171875,1276.699951171875,1276.699951171875,1276.300048828125,1276.300048828125,21792
2026-04-23 04:45:00+00:00,1276.0,1276.0,1276.699951171875,1276.0,1276.699951171875,14580
2026-04-23 04:46:00+00:00,1276.5,1276.5,1276.5999755859375,1275.9000244140625,1276.4000244140625,16865
2026-04-23 04:47:00+00:00,1277.0,1277.0,1277.0999755859375,1276.5999755859375,1276.9000244140625,11061
2026-04-23 04:48:00+00:00,1276.9000244140625,1276.9000244140625,1277.9000244140625,1276.800048828125,1277.0,28310
2026-04-23 04:49:00+00:00,1277.4000244140625,1277.4000244140625,1277.699951171875,1276.9000244140625,1277.4000244140625,8389
2026-04-23 04:50:00+00:00,1277.0,1277.0,1277.5,1276.9000244140625,1277.4000244140625,6341
2026-04-23 04:51:00+00:00,1277.199951171875,1277.199951171875,1277.9000244140625,1277.199951171875,1277.5,9121
2026-04-23 04:52:00+00:00,1277.800048828125,1277.800048828125,1277.800048828125,1277.199951171875,1277.5,9659
2026-04-23 04:53:00+00:00,1278.199951171875,1278.199951171875,1278.4000244140625,1277.699951171875,1277.9000244140625,12149
2026-04-23 04:54:00+00:00,1279.4000244140625,1279.4000244140625,1279.4000244140625,1278.199951171875,1278.199951171875,5260
2026-04-23 04:55:00+00:00,1278.5999755859375,1278.5999755859375,1279.199951171875,1278.4000244140625,1279.199951171875,9811
2026-04-23 04:56:00+00:00,1279.199951171875,1279.199951171875,1279.5,1278.5,1278.800048828125,9806
2026-04-23 04:57:00+00:00,1279.0,1279.0,1279.4000244140625,1278.4000244140625,1279.0999755859375,12635
2026-04-23 04:58:00+00:00,1278.0,1278.0,1279.300048828125,1278.0,1279.0999755859375,10213
2026-04-23 04:59:00+00:00,1277.800048828125,1277.800048828125,1278.5,1277.300048828125,1277.800048828125,13540
2026-04-23 05:00:00+00:00,1277.9000244140625,1277.9000244140625,1278.5,1277.800048828125,1277.9000244140625,12069
2026-04-23 05:01:00+00:00,1278.0,1278.0,1278.0999755859375,1277.5,1277.9000244140625,7777
2026-04-23 05:02:00+00:00,1277.4000244140625,1277.4000244140625,1277.699951171875,1276.9000244140625,1277.5999755859375,27808
2026-04-23 05:03:00+00:00,1277.300048828125,1277.300048828125,1277.800048828125,1277.199951171875,1277.4000244140625,3616
2026-04-23 05:04:00+00:00,1277.0,1277.0,1277.4000244140625,1277.0,1277.0,11223
2026-04-23 05:05:00+00:00,1276.800048828125,1276.800048828125,1277.0,1276.699951171875,1276.800048828125,13641
2026-04-23 05:06:00+00:00,1276.800048828125,1276.800048828125,1276.9000244140625,1276.5,1276.9000244140625,9171
2026-04-23 05:07:00+00:00,1276.699951171875,1276.699951171875,1277.0,1276.5,1276.800048828125,6581
2026-04-23 05:08:00+00:00,1276.0999755859375,1276.0999755859375,1276.699951171875,1276.0999755859375,1276.699951171875,10899
2026-04-23 05:09:00+00:00,1276.4000244140625,1276.4000244140625,1276.800048828125,1276.0,1276.0,10827
2026-04-23 05:10:00+00:00,1276.800048828125,1276.800048828125,1276.800048828125,1276.300048828125,1276.300048828125,6213
2026-04-23 05:11:00+00:00,1277.4000244140625,1277.4000244140625,1277.5999755859375,1276.699951171875,1276.699951171875,7428
2026-04-23 05:12:00+00:00,1277.5,1277.5,1277.5,1277.199951171875,1277.199951171875,4476
2026-04-23 05:13:00+00:00,1277.0,1277.0,1277.9000244140625,1276.5,1277.4000244140625,16881
2026-04-23 05:14:00+00:00,1277.0999755859375,1277.0999755859375,1277.5,1277.0,1277.4000244140625,7325
2026-04-23 05:15:00+00:00,1277.4000244140625,1277.4000244140625,1277.5999755859375,1277.0,1277.5,7516
2026-04-23 05:16:00+00:00,1277.199951171875,1277.199951171875,1277.5,1277.0,1277.4000244140625,10236
2026-04-23 05:17:00+00:00,1277.0999755859375,1277.0999755859375,1277.199951171875,1276.199951171875,1276.5,12367
2026-04-23 05:18:00+00:00,1276.5,1276.5,1276.9000244140625,1276.0,1276.9000244140625,6833
2026-04-23 05:19:00+00:00,1276.699951171875,1276.699951171875,1277.4000244140625,1276.5,1276.5,23203
2026-04-23 05:20:00+00:00,1276.699951171875,1276.699951171875,1277.199951171875,1276.199951171875,1277.199951171875,7230
2026-04-23 05:21:00+00:00,1276.5,1276.5,1276.9000244140625,1276.199951171875,1276.5,4734
2026-04-23 05:22:00+00:00,1276.5999755859375,1276.5999755859375,1277.0,1276.5,1276.699951171875,6157
2026-04-23 05:23:00+00:00,1278.0,1278.0,1278.199951171875,1276.300048828125,1276.5,13902
2026-04-23 05:24:00+00:00,1277.9000244140625,1277.9000244140625,1278.300048828125,1277.699951171875,1278.0,6325
2026-04-23 05:25:00+00:00,1277.5,1277.5,1278.0999755859375,1277.0,1278.0,6477
2026-04-23 05:26:00+00:00,1277.0,1277.0,1277.5,1276.800048828125,1277.4000244140625,16885
2026-04-23 05:27:00+00:00,1277.0,1277.0,1277.5,1276.9000244140625,1277.5,10454
2026-04-23 05:28:00+00:00,1278.9000244140625,1278.9000244140625,1278.9000244140625,1276.9000244140625,1277.0999755859375,12406
2026-04-23 05:29:00+00:00,1278.0999755859375,1278.0999755859375,1279.199951171875,1277.5,1279.199951171875,11713
2026-04-23 05:30:00+00:00,1277.800048828125,1277.800048828125,1278.300048828125,1277.5999755859375,1278.0999755859375,8812
2026-04-23 05:31:00+00:00,1277.4000244140625,1277.4000244140625,1278.0999755859375,1277.300048828125,1277.9000244140625,8243
2026-04-23 05:32:00+00:00,1278.0,1278.0,1278.0999755859375,1277.4000244140625,1277.800048828125,7871
2026-04-23 05:33:00+00:00,1278.0,1278.0,1278.0,1277.5,1278.0,3531
2026-04-23 05:34:00+00:00,1277.5,1277.5,1278.0,1277.5,1278.0,26917
2026-04-23 05:35:00+00:00,1277.5999755859375,1277.5999755859375,1278.5999755859375,1277.4000244140625,1277.9000244140625,8923
2026-04-23 05:36:00+00:00,1277.699951171875,1277.699951171875,1278.0,1277.5,1277.9000244140625,6123
2026-04-23 05:37:00+00:00,1277.199951171875,1277.199951171875,1277.699951171875,1277.0,1277.699951171875,10164
2026-04-23 05:38:00+00:00,1276.9000244140625,1276.9000244140625,1277.5,1276.9000244140625,1277.199951171875,4811
2026-04-23 05:39:00+00:00,1276.300048828125,1276.300048828125,1277.300048828125,1275.800048828125,1277.300048828125,33595
2026-04-23 05:40:00+00:00,1276.0,1276.0,1276.0999755859375,1275.699951171875,1275.800048828125,15184
2026-04-23 05:41:00+00:00,1275.4000244140625,1275.4000244140625,1276.0999755859375,1275.4000244140625,1276.0999755859375,10047
2026-04-23 05:42:00+00:00,1275.5,1275.5,1276.0,1275.199951171875,1276.0,4480
2026-04-23 05:43:00+00:00,1275.0,1275.0,1275.4000244140625,1275.0,1275.199951171875,25326
2026-04-23 05:44:00+00:00,1275.4000244140625,1275.4000244140625,1275.4000244140625,1275.0999755859375,1275.0999755859375,17908
2026-04-23 05:45:00+00:00,1275.4000244140625,1275.4000244140625,1275.9000244140625,1275.0999755859375,1275.4000244140625,15490
2026-04-23 05:46:00+00:00,1276.0999755859375,1276.0999755859375,1276.0999755859375,1275.300048828125,1275.9000244140625,5061
2026-04-23 05:47:00+00:00,1276.0,1276.0,1276.5999755859375,1275.800048828125,1275.800048828125,7172
2026-04-23 05:48:00+00:00,1276.0,1276.0,1276.9000244140625,1275.5,1276.0,24758
2026-04-23 05:49:00+00:00,1275.300048828125,1275.300048828125,1276.0999755859375,1275.300048828125,1276.0,10319
2026-04-23 05:50:00+00:00,1275.4000244140625,1275.4000244140625,1275.5999755859375,1275.300048828125,1275.5,5240
2026-04-23 05:51:00+00:00,1275.0,1275.0,1275.4000244140625,1274.199951171875,1275.4000244140625,78530
2026-04-23 05:52:00+00:00,1274.0,1274.0,1275.0,1274.0,1275.0,14747
2026-04-23 05:53:00+00:00,1274.800048828125,1274.800048828125,1274.800048828125,1274.0,1274.5,8516
2026-04-23 05:54:00+00:00,1274.5999755859375,1274.5999755859375,1274.9000244140625,1274.300048828125,1274.800048828125,10488
2026-04-23 05:55:00+00:00,1274.9000244140625,1274.9000244140625,1275.0,1274.4000244140625,1274.5999755859375,6393
2026-04-23 05:56:00+00:00,1275.0,1275.0,1275.0,1274.5999755859375,1274.9000244140625,8995
2026-04-23 05:57:00+00:00,1274.5999755859375,1274.5999755859375,1274.9000244140625,1274.5999755859375,1274.9000244140625,6303
2026-04-23 05:58:00+00:00,1276.800048828125,1276.800048828125,1277.0,1274.9000244140625,1274.9000244140625,14214
2026-04-23 05:59:00+00:00,1276.4000244140625,1276.4000244140625,1277.4000244140625,1276.0999755859375,1276.9000244140625,13432
2026-04-23 06:00:00+00:00,1277.0,1277.0,1277.0,1276.0999755859375,1276.4000244140625,7538
2026-04-23 06:01:00+00:00,1276.800048828125,1276.800048828125,1277.0,1276.4000244140625,1277.0,5674
2026-04-23 06:02:00+00:00,1276.199951171875,1276.199951171875,1277.0,1276.0999755859375,1277.0,7467
2026-04-23 06:03:00+00:00,1276.0999755859375,1276.0999755859375,1276.0999755859375,1275.5,1275.5,25093
2026-04-23 06:04:00+00:00,1276.5,1276.5,1276.5,1275.800048828125,1276.0999755859375,8023
2026-04-23 06:05:00+00:00,1275.699951171875,1275.699951171875,1276.4000244140625,1275.5,1276.199951171875,6085
2026-04-23 06:06:00+00:00,1274.800048828125,1274.800048828125,1275.699951171875,1274.800048828125,1275.699951171875,20833
2026-04-23 06:07:00+00:00,1275.199951171875,1275.199951171875,1275.5,1274.5999755859375,1274.5999755859375,10175
2026-04-23 06:08:00+00:00,1275.4000244140625,1275.4000244140625,1275.800048828125,1275.0,1275.5,5319
2026-04-23 06:09:00+00:00,1275.5,1275.5,1276.0,1275.0999755859375,1276.0,11644
2026-04-23 06:10:00+00:00,1275.4000244140625,1275.4000244140625,1275.5,1275.0,1275.5,5612
2026-04-23 06:11:00+00:00,1275.0999755859375,1275.0999755859375,1275.5,1275.0,1275.199951171875,4788
2026-04-23 06:12:00+00:00,1275.9000244140625,1275.9000244140625,1275.9000244140625,1275.0,1275.5,5520
2026-04-23 06:13:00+00:00,1275.9000244140625,1275.9000244140625,1276.5999755859375,1275.800048828125,1276.0,9322
2026-04-23 06:14:00+00:00,1276.5,1276.5,1276.5999755859375,1275.5999755859375,1276.199951171875,9835
2026-04-23 06:15:00+00:00,1276.0999755859375,1276.0999755859375,1277.199951171875,1275.699951171875,1276.699951171875,24849
2026-04-23 06:16:00+00:00,1276.199951171875,1276.199951171875,1276.4000244140625,1275.5999755859375,1275.5999755859375,5343
2026-04-23 06:17:00+00:00,1275.5999755859375,1275.5999755859375,1276.199951171875,1275.5999755859375,1276.199951171875,5408
2026-04-23 06:18:00+00:00,1275.699951171875,1275.699951171875,1275.699951171875,1275.0999755859375,1275.5,9188
2026-04-23 06:19:00+00:00,1275.5,1275.5,1275.5999755859375,1275.0,1275.5999755859375,5154
2026-04-23 06:20:00+00:00,1274.4000244140625,1274.4000244140625,1275.5999755859375,1274.199951171875,1275.5,20234
2026-04-23 06:21:00+00:00,1274.4000244140625,1274.4000244140625,1274.4000244140625,1274.0999755859375,1274.4000244140625,19376
2026-04-23 06:22:00+00:00,1272.9000244140625,1272.9000244140625,1274.5,1272.0999755859375,1274.5,87809
2026-04-23 06:23:00+00:00,1272.9000244140625,1272.9000244140625,1273.300048828125,1272.5999755859375,1272.9000244140625,8880
2026-04-23 06:24:00+00:00,1273.4000244140625,1273.4000244140625,1273.5,1272.9000244140625,1273.0,16934
2026-04-23 06:25:00+00:00,1273.5999755859375,1273.5999755859375,1273.800048828125,1273.300048828125,1273.4000244140625,10889
2026-04-23 06:26:00+00:00,1273.5,1273.5,1274.0,1273.4000244140625,1273.5999755859375,12550
2026-04-23 06:27:00+00:00,1273.9000244140625,1273.9000244140625,1273.9000244140625,1273.199951171875,1273.699951171875,5597
2026-04-23 06:28:00+00:00,1274.0,1274.0,1274.0,1273.199951171875,1273.9000244140625,30196
2026-04-23 06:29:00+00:00,1274.5999755859375,1274.5999755859375,1274.800048828125,1273.800048828125,1274.0,9417
2026-04-23 06:30:00+00:00,1274.4000244140625,1274.4000244140625,1274.800048828125,1273.9000244140625,1274.5999755859375,12633
2026-04-23 06:31:00+00:00,1275.0999755859375,1275.0999755859375,1275.4000244140625,1273.800048828125,1274.4000244140625,28862
2026-04-23 06:32:00+00:00,1275.9000244140625,1275.9000244140625,1276.0,1274.5999755859375,1275.0999755859375,29255
2026-04-23 06:33:00+00:00,1276.0,1276.0,1276.5999755859375,1275.5999755859375,1275.800048828125,35276
2026-04-23 06:34:00+00:00,1276.199951171875,1276.199951171875,1276.5,1275.800048828125,1276.199951171875,8109
2026-04-23 06:35:00+00:00,1275.699951171875,1275.699951171875,1276.300048828125,1275.5,1276.300048828125,5564
2026-04-23 06:36:00+00:00,1276.199951171875,1276.199951171875,1276.5999755859375,1275.699951171875,1275.699951171875,13862
2026-04-23 06:37:00+00:00,1276.5999755859375,1276.5999755859375,1276.5999755859375,1275.699951171875,1276.199951171875,21290
2026-04-23 06:38:00+00:00,1277.800048828125,1277.800048828125,1277.800048828125,1276.0999755859375,1276.0999755859375,15504
2026-04-23 06:39:00+00:00,1277.0,1277.0,1277.800048828125,1277.0,1277.800048828125,14960
2026-04-23 06:40:00+00:00,1277.0,1277.0,1277.0999755859375,1276.5999755859375,1277.0999755859375,9217
2026-04-23 06:41:00+00:00,1276.5999755859375,1276.5999755859375,1277.300048828125,1276.5999755859375,1277.300048828125,8801
2026-04-23 06:42:00+00:00,1278.0,1278.0,1278.5,1276.4000244140625,1276.800048828125,78731
2026-04-23 06:43:00+00:00,1278.4000244140625,1278.4000244140625,1279.5999755859375,1277.9000244140625,1278.0,82834
2026-04-23 06:44:00+00:00,1280.0,1280.0,1280.300048828125,1278.199951171875,1278.4000244140625,94443
2026-04-23 06:45:00+00:00,1280.0,1280.0,1280.5,1280.0,1280.199951171875,21073
2026-04-23 06:46:00+00:00,1280.0999755859375,1280.0999755859375,1280.4000244140625,1280.0,1280.300048828125,13692
2026-04-23 06:47:00+00:00,1280.0,1280.0,1280.199951171875,1280.0,1280.199951171875,29884
2026-04-23 06:48:00+00:00,1280.4000244140625,1280.4000244140625,1280.699951171875,1280.0999755859375,1280.0999755859375,22977
2026-04-23 06:49:00+00:00,1280.0,1280.0,1280.4000244140625,1279.9000244140625,1280.4000244140625,25995
2026-04-23 06:50:00+00:00,1280.4000244140625,1280.4000244140625,1280.699951171875,1279.300048828125,1280.0,35296
2026-04-23 06:51:00+00:00,1281.0999755859375,1281.0999755859375,1281.800048828125,1280.5,1280.5,60129
2026-04-23 06:52:00+00:00,1281.4000244140625,1281.4000244140625,1281.5,1281.0,1281.4000244140625,16897
2026-04-23 06:53:00+00:00,1281.9000244140625,1281.9000244140625,1281.9000244140625,1281.199951171875,1281.5999755859375,12455
2026-04-23 06:54:00+00:00,1281.0,1281.0,1281.800048828125,1281.0,1281.800048828125,12449
2026-04-23 06:55:00+00:00,1280.5,1280.5,1281.5,1280.0999755859375,1280.9000244140625,10547
2026-04-23 06:56:00+00:00,1280.199951171875,1280.199951171875,1280.5,1280.0,1280.4000244140625,15005
2026-04-23 06:57:00+00:00,1280.0,1280.0,1280.199951171875,1280.0,1280.0,13624
2026-04-23 06:58:00+00:00,1280.0999755859375,1280.0999755859375,1280.0999755859375,1280.0,1280.0,7090
2026-04-23 06:59:00+00:00,1280.0999755859375,1280.0999755859375,1280.0999755859375,1280.0,1280.0,14833
2026-04-23 07:00:00+00:00,1279.800048828125,1279.800048828125,1280.0999755859375,1279.800048828125,1280.0999755859375,27257
2026-04-23 07:01:00+00:00,1280.0,1280.0,1280.199951171875,1280.0,1280.0,22736
2026-04-23 07:02:00+00:00,1281.0999755859375,1281.0999755859375,1281.300048828125,1280.0,1280.0999755859375,23146
2026-04-23 07:03:00+00:00,1280.199951171875,1280.199951171875,1281.0,1280.0,1281.0,15408
2026-04-23 07:04:00+00:00,1280.0999755859375,1280.0999755859375,1280.5,1280.0,1280.5,7826
2026-04-23 07:05:00+00:00,1279.0,1279.0,1280.699951171875,1279.0,1280.300048828125,86197
2026-04-23 07:06:00+00:00,1278.5,1278.5,1279.4000244140625,1278.300048828125,1279.4000244140625,13915
2026-04-23 07:07:00+00:00,1278.4000244140625,1278.4000244140625,1278.800048828125,1278.0999755859375,1278.5,9664
2026-04-23 07:08:00+00:00,1279.199951171875,1279.199951171875,1279.199951171875,1278.300048828125,1278.300048828125,8900
2026-04-23 07:09:00+00:00,1279.199951171875,1279.199951171875,1279.4000244140625,1278.800048828125,1278.800048828125,4394
2026-04-23 07:10:00+00:00,1279.300048828125,1279.300048828125,1279.800048828125,1278.9000244140625,1279.199951171875,8618
2026-04-23 07:11:00+00:00,1280.300048828125,1280.300048828125,1280.300048828125,1279.5999755859375,1279.5999755859375,9871
2026-04-23 07:12:00+00:00,1280.0,1280.0,1280.5999755859375,1279.9000244140625,1279.9000244140625,107733
2026-04-23 07:13:00+00:00,1281.5999755859375,1281.5999755859375,1281.5999755859375,1280.0,1280.0,14351
2026-04-23 07:14:00+00:00,1282.0,1282.0,1282.9000244140625,1281.199951171875,1281.5,27772
2026-04-23 07:15:00+00:00,1281.699951171875,1281.699951171875,1282.300048828125,1281.4000244140625,1282.0,17464
2026-04-23 07:16:00+00:00,1281.4000244140625,1281.4000244140625,1282.0,1281.4000244140625,1281.699951171875,9711
2026-04-23 07:17:00+00:00,1281.0999755859375,1281.0999755859375,1282.0,1281.0999755859375,1282.0,6803
2026-04-23 07:18:00+00:00,1281.0,1281.0,1281.4000244140625,1281.0,1281.4000244140625,8512
2026-04-23 07:19:00+00:00,1281.5999755859375,1281.5999755859375,1281.5999755859375,1281.0,1281.0,6422
2026-04-23 07:20:00+00:00,1281.4000244140625,1281.4000244140625,1281.5999755859375,1281.0999755859375,1281.300048828125,4833
2026-04-23 07:21:00+00:00,1281.199951171875,1281.199951171875,1281.300048828125,1281.0,1281.300048828125,5234
2026-04-23 07:22:00+00:00,1281.0,1281.0,1281.300048828125,1281.0,1281.300048828125,3412
2026-04-23 07:23:00+00:00,1281.300048828125,1281.300048828125,1281.5,1280.9000244140625,1281.0,14870
2026-04-23 07:24:00+00:00,1281.199951171875,1281.199951171875,1281.5,1281.0,1281.300048828125,7092
2026-04-23 07:25:00+00:00,1281.300048828125,1281.300048828125,1282.0,1281.0999755859375,1281.5,19623
2026-04-23 07:26:00+00:00,1282.199951171875,1282.199951171875,1282.199951171875,1281.0999755859375,1281.300048828125,12550
2026-04-23 07:27:00+00:00,1281.9000244140625,1281.9000244140625,1282.199951171875,1281.5999755859375,1282.199951171875,5823
2026-04-23 07:28:00+00:00,1281.800048828125,1281.800048828125,1282.0,1281.5,1281.5999755859375,8417
2026-04-23 07:29:00+00:00,1282.5,1282.5,1282.5,1281.800048828125,1282.0,6692
2026-04-23 07:30:00+00:00,1282.5,1282.5,1282.5,1282.0,1282.5,6404
2026-04-23 07:31:00+00:00,1282.699951171875,1282.699951171875,1282.9000244140625,1282.199951171875,1282.199951171875,12714
2026-04-23 07:32:00+00:00,1282.0,1282.0,1282.699951171875,1281.699951171875,1282.199951171875,7859
2026-04-23 07:33:00+00:00,1282.199951171875,1282.199951171875,1282.5,1281.9000244140625,1282.199951171875,3120
2026-04-23 07:34:00+00:00,1282.0999755859375,1282.0999755859375,1282.5,1282.0999755859375,1282.0999755859375,4029
2026-04-23 07:35:00+00:00,1282.4000244140625,1282.4000244140625,1282.699951171875,1282.0,1282.0,5762
2026-04-23 07:36:00+00:00,1282.5,1282.5,1282.699951171875,1282.0999755859375,1282.4000244140625,3888
2026-04-23 07:37:00+00:00,1282.4000244140625,1282.4000244140625,1282.9000244140625,1281.800048828125,1282.5,14017
2026-04-23 07:38:00+00:00,1282.0999755859375,1282.0999755859375,1282.800048828125,1281.699951171875,1282.4000244140625,17970
2026-04-23 07:39:00+00:00,1282.0,1282.0,1282.4000244140625,1281.4000244140625,1281.699951171875,9880
2026-04-23 07:40:00+00:00,1281.9000244140625,1281.9000244140625,1282.4000244140625,1281.4000244140625,1282.300048828125,7839
2026-04-23 07:41:00+00:00,1281.199951171875,1281.199951171875,1281.9000244140625,1281.0,1281.800048828125,9387
2026-04-23 07:42:00+00:00,1280.699951171875,1280.699951171875,1281.199951171875,1280.300048828125,1281.0,8219
2026-04-23 07:43:00+00:00,1280.199951171875,1280.199951171875,1280.699951171875,1280.0999755859375,1280.699951171875,6773
2026-04-23 07:44:00+00:00,1280.800048828125,1280.800048828125,1280.9000244140625,1280.199951171875,1280.5,4949
2026-04-23 07:45:00+00:00,1280.4000244140625,1280.4000244140625,1280.800048828125,1280.0,1280.800048828125,6598
2026-04-23 07:46:00+00:00,1280.4000244140625,1280.4000244140625,1280.800048828125,1280.300048828125,1280.4000244140625,6261
2026-04-23 07:47:00+00:00,1280.5,1280.5,1281.199951171875,1280.199951171875,1280.800048828125,9024
2026-04-23 07:48:00+00:00,1281.0,1281.0,1281.0,1280.0,1280.5,12952
2026-04-23 07:49:00+00:00,1281.5999755859375,1281.5999755859375,1281.800048828125,1280.9000244140625,1281.0,9337
2026-04-23 07:50:00+00:00,1282.5999755859375,1282.5999755859375,1283.0,1281.800048828125,1281.9000244140625,14949
2026-04-23 07:51:00+00:00,1282.800048828125,1282.800048828125,1282.9000244140625,1282.0,1282.5999755859375,9934
2026-04-23 07:52:00+00:00,1282.5999755859375,1282.5999755859375,1282.800048828125,1282.199951171875,1282.800048828125,5730
2026-04-23 07:53:00+00:00,1283.699951171875,1283.699951171875,1284.0,1282.4000244140625,1282.699951171875,31130
2026-04-23 07:54:00+00:00,1283.800048828125,1283.800048828125,1284.0,1283.300048828125,1283.800048828125,9655
2026-04-23 07:55:00+00:00,1283.199951171875,1283.199951171875,1284.300048828125,1283.0,1283.699951171875,23269
2026-04-23 07:56:00+00:00,1282.699951171875,1282.699951171875,1283.5999755859375,1282.699951171875,1283.300048828125,6470
2026-04-23 07:57:00+00:00,1283.0,1283.0,1283.800048828125,1282.699951171875,1283.300048828125,6119
2026-04-23 07:58:00+00:00,1284.300048828125,1284.300048828125,1284.5,1283.300048828125,1283.300048828125,9725
2026-04-23 07:59:00+00:00,1283.800048828125,1283.800048828125,1284.5,1283.5,1284.300048828125,12014
2026-04-23 08:00:00+00:00,1283.199951171875,1283.199951171875,1284.0,1283.199951171875,1283.800048828125,5159
2026-04-23 08:01:00+00:00,1283.199951171875,1283.199951171875,1283.5999755859375,1282.800048828125,1283.0999755859375,6469
2026-04-23 08:02:00+00:00,1283.5999755859375,1283.5999755859375,1283.5999755859375,1283.0,1283.300048828125,4291
2026-04-23 08:03:00+00:00,1283.4000244140625,1283.4000244140625,1283.699951171875,1283.4000244140625,1283.5,4688
2026-04-23 08:04:00+00:00,1282.699951171875,1282.699951171875,1283.4000244140625,1282.4000244140625,1283.199951171875,12320
2026-04-23 08:05:00+00:00,1282.4000244140625,1282.4000244140625,1283.0,1282.0,1282.699951171875,14648
2026-04-23 08:06:00+00:00,1281.9000244140625,1281.9000244140625,1282.4000244140625,1281.4000244140625,1282.4000244140625,10367
2026-04-23 08:07:00+00:00,1281.5999755859375,1281.5999755859375,1282.0,1281.300048828125,1281.9000244140625,9613
2026-04-23 08:08:00+00:00,1280.9000244140625,1280.9000244140625,1281.5999755859375,1280.800048828125,1281.5,10730
2026-04-23 08:09:00+00:00,1281.0,1281.0,1281.300048828125,1280.5999755859375,1281.300048828125,5750
2026-04-23 08:10:00+00:00,1281.0,1281.0,1281.4000244140625,1280.5999755859375,1280.800048828125,8709
2026-04-23 08:11:00+00:00,1280.5,1280.5,1281.0,1280.5,1281.0,3870
2026-04-23 08:12:00+00:00,1280.5999755859375,1280.5999755859375,1280.9000244140625,1280.300048828125,1280.9000244140625,5791
2026-04-23 08:13:00+00:00,1281.0,1281.0,1281.0,1280.4000244140625,1280.4000244140625,9180
2026-04-23 08:14:00+00:00,1280.5,1280.5,1281.0,1280.5,1281.0,4726
2026-04-23 08:15:00+00:00,1280.9000244140625,1280.9000244140625,1281.0,1280.4000244140625,1280.9000244140625,7393
2026-04-23 08:16:00+00:00,1281.4000244140625,1281.4000244140625,1281.5999755859375,1280.9000244140625,1281.0999755859375,13373
2026-04-23 08:17:00+00:00,1280.5999755859375,1280.5999755859375,1281.5,1280.5999755859375,1281.4000244140625,6500
2026-04-23 08:18:00+00:00,1280.800048828125,1280.800048828125,1281.0,1280.5,1280.5999755859375,6063
2026-04-23 08:19:00+00:00,1280.199951171875,1280.199951171875,1280.699951171875,1280.0,1280.5,17291
2026-04-23 08:20:00+00:00,1280.0999755859375,1280.0999755859375,1280.5999755859375,1280.0,1280.199951171875,5869
2026-04-23 08:21:00+00:00,1280.300048828125,1280.300048828125,1280.4000244140625,1280.0,1280.4000244140625,4874
2026-04-23 08:22:00+00:00,1280.199951171875,1280.199951171875,1280.4000244140625,1280.0,1280.4000244140625,6088
2026-04-23 08:23:00+00:00,1280.300048828125,1280.300048828125,1280.300048828125,1278.699951171875,1280.199951171875,29611
2026-04-23 08:24:00+00:00,1278.199951171875,1278.199951171875,1280.300048828125,1278.0999755859375,1280.0,10049
2026-04-23 08:25:00+00:00,1278.699951171875,1278.699951171875,1279.199951171875,1278.0999755859375,1278.5,9962
2026-04-23 08:26:00+00:00,1279.300048828125,1279.300048828125,1279.300048828125,1278.0999755859375,1278.5999755859375,7397
2026-04-23 08:27:00+00:00,1278.800048828125,1278.800048828125,1279.300048828125,1278.5,1279.0,6974
2026-04-23 08:28:00+00:00,1278.199951171875,1278.199951171875,1279.0999755859375,1278.199951171875,1279.0,8740
2026-04-23 08:29:00+00:00,1277.5999755859375,1277.5999755859375,1278.199951171875,1277.5999755859375,1278.199951171875,23027
2026-04-23 08:30:00+00:00,1277.9000244140625,1277.9000244140625,1277.9000244140625,1277.5,1277.5999755859375,11197
2026-04-23 08:31:00+00:00,1277.4000244140625,1277.4000244140625,1278.0,1277.4000244140625,1278.0,6544
2026-04-23 08:32:00+00:00,1277.4000244140625,1277.4000244140625,1277.800048828125,1277.300048828125,1277.800048828125,5619
2026-04-23 08:33:00+00:00,1277.0,1277.0,1277.4000244140625,1277.0,1277.0999755859375,12561
2026-04-23 08:34:00+00:00,1277.199951171875,1277.199951171875,1277.4000244140625,1277.199951171875,1277.300048828125,8736
2026-04-23 08:35:00+00:00,1276.800048828125,1276.800048828125,1277.199951171875,1276.5999755859375,1276.800048828125,11272
2026-04-23 08:36:00+00:00,1276.5999755859375,1276.5999755859375,1276.699951171875,1276.4000244140625,1276.4000244140625,8718
2026-04-23 08:37:00+00:00,1276.0999755859375,1276.0999755859375,1276.5999755859375,1276.0999755859375,1276.5999755859375,9373
2026-04-23 08:38:00+00:00,1276.300048828125,1276.300048828125,1276.300048828125,1276.0,1276.300048828125,8833
2026-04-23 08:39:00+00:00,1275.699951171875,1275.699951171875,1276.300048828125,1275.699951171875,1276.300048828125,20695
2026-04-23 08:40:00+00:00,1275.5,1275.5,1275.9000244140625,1275.5,1275.9000244140625,7695
2026-04-23 08:41:00+00:00,1275.9000244140625,1275.9000244140625,1276.0,1275.300048828125,1275.5999755859375,21287
2026-04-23 08:42:00+00:00,1275.5999755859375,1275.5999755859375,1275.9000244140625,1275.5,1275.9000244140625,5166
2026-04-23 08:43:00+00:00,1275.4000244140625,1275.4000244140625,1275.800048828125,1275.300048828125,1275.5999755859375,12138
2026-04-23 08:44:00+00:00,1275.4000244140625,1275.4000244140625,1275.699951171875,1275.300048828125,1275.4000244140625,11755
2026-04-23 08:45:00+00:00,1275.9000244140625,1275.9000244140625,1275.9000244140625,1275.300048828125,1275.300048828125,9733
2026-04-23 08:46:00+00:00,1277.0999755859375,1277.0999755859375,1277.0999755859375,1276.0,1276.4000244140625,10964
2026-04-23 08:47:00+00:00,1276.0999755859375,1276.0999755859375,1277.300048828125,1276.0999755859375,1277.0999755859375,14244
2026-04-23 08:48:00+00:00,1275.800048828125,1275.800048828125,1276.5999755859375,1275.5,1276.5999755859375,10213
2026-04-23 08:49:00+00:00,1275.5,1275.5,1276.199951171875,1275.5,1275.800048828125,6080
2026-04-23 08:50:00+00:00,1275.4000244140625,1275.4000244140625,1275.5999755859375,1275.300048828125,1275.5,10015
2026-04-23 08:51:00+00:00,1275.300048828125,1275.300048828125,1276.0,1275.300048828125,1276.0,4541
2026-04-23 08:52:00+00:00,1276.4000244140625,1276.4000244140625,1276.4000244140625,1275.699951171875,1275.699951171875,10097
2026-04-23 08:53:00+00:00,1276.199951171875,1276.199951171875,1276.4000244140625,1275.699951171875,1276.300048828125,6774
2026-04-23 08:54:00+00:00,1276.0999755859375,1276.0999755859375,1276.300048828125,1275.5,1276.199951171875,6708
2026-04-23 08:55:00+00:00,1276.300048828125,1276.300048828125,1276.5,1275.5999755859375,1275.699951171875,10185
2026-04-23 08:56:00+00:00,1276.0999755859375,1276.0999755859375,1276.800048828125,1276.0,1276.4000244140625,5265
2026-04-23 08:57:00+00:00,1276.4000244140625,1276.4000244140625,1276.5999755859375,1276.0,1276.0,3579
2026-04-23 08:58:00+00:00,1275.699951171875,1275.699951171875,1276.4000244140625,1275.699951171875,1276.4000244140625,9497
2026-04-23 08:59:00+00:00,1276.300048828125,1276.300048828125,1276.300048828125,1275.5999755859375,1275.699951171875,8667
2026-04-23 09:00:00+00:00,1276.5999755859375,1276.5999755859375,1277.0,1276.4000244140625,1276.4000244140625,10677
2026-04-23 09:01:00+00:00,1276.5,1276.5,1276.800048828125,1276.300048828125,1276.699951171875,5740
2026-04-23 09:02:00+00:00,1276.5,1276.5,1276.699951171875,1276.199951171875,1276.699951171875,7455
2026-04-23 09:03:00+00:00,1276.5999755859375,1276.5999755859375,1276.5999755859375,1276.0999755859375,1276.300048828125,12204
2026-04-23 09:04:00+00:00,1277.5,1277.5,1277.9000244140625,1276.5,1276.5,22201
2026-04-23 09:05:00+00:00,1277.5,1277.5,1277.5999755859375,1276.5999755859375,1277.5,10983
2026-04-23 09:06:00+00:00,1277.9000244140625,1277.9000244140625,1279.199951171875,1277.0999755859375,1277.5,28425
2026-04-23 09:07:00+00:00,1278.699951171875,1278.699951171875,1279.0,1277.9000244140625,1278.0,13870
2026-04-23 09:08:00+00:00,1279.0999755859375,1279.0999755859375,1279.4000244140625,1278.4000244140625,1278.699951171875,7515
2026-04-23 09:09:00+00:00,1279.0,1279.0,1279.5,1278.9000244140625,1279.300048828125,12737
2026-04-23 09:10:00+00:00,1278.5999755859375,1278.5999755859375,1278.9000244140625,1278.0,1278.4000244140625,20516
2026-04-23 09:11:00+00:00,1278.5999755859375,1278.5999755859375,1279.0,1278.300048828125,1278.800048828125,10513
2026-04-23 09:12:00+00:00,1280.300048828125,1280.300048828125,1281.0,1278.4000244140625,1279.0,47593
2026-04-23 09:13:00+00:00,1280.0,1280.0,1280.699951171875,1279.4000244140625,1280.5,10588
2026-04-23 09:14:00+00:00,1279.5,1279.5,1279.699951171875,1278.699951171875,1279.5,14683
2026-04-23 09:15:00+00:00,1280.0,1280.0,1280.0,1279.0,1279.199951171875,9597
2026-04-23 09:16:00+00:00,1280.199951171875,1280.199951171875,1280.199951171875,1278.9000244140625,1280.0,21262
2026-04-23 09:17:00+00:00,1280.800048828125,1280.800048828125,1280.800048828125,1279.5,1280.300048828125,14865
2026-04-23 09:18:00+00:00,1280.4000244140625,1280.4000244140625,1280.800048828125,1280.0999755859375,1280.0999755859375,14441
2026-04-23 09:19:00+00:00,1279.9000244140625,1279.9000244140625,1280.4000244140625,1279.5999755859375,1280.4000244140625,14573
2026-04-23 09:20:00+00:00,1282.300048828125,1282.300048828125,1282.300048828125,1279.5999755859375,1279.9000244140625,32630
2026-04-23 09:21:00+00:00,1281.800048828125,1281.800048828125,1282.300048828125,1281.5,1282.0,26643
2026-04-23 09:22:00+00:00,1282.0,1282.0,1282.0999755859375,1281.0,1281.800048828125,16032
2026-04-23 09:23:00+00:00,1281.5,1281.5,1282.0,1281.0,1282.0,13228
2026-04-23 09:24:00+00:00,1282.300048828125,1282.300048828125,1282.4000244140625,1281.4000244140625,1281.800048828125,24839
2026-04-23 09:25:00+00:00,1283.800048828125,1283.800048828125,1284.0,1282.0999755859375,1282.4000244140625,38938
2026-04-23 09:26:00+00:00,1283.0999755859375,1283.0999755859375,1283.699951171875,1282.5999755859375,1283.199951171875,16661
2026-04-23 09:27:00+00:00,1282.800048828125,1282.800048828125,1283.0999755859375,1282.4000244140625,1283.0999755859375,17344
2026-04-23 09:28:00+00:00,1282.9000244140625,1282.9000244140625,1283.0,1282.5,1282.800048828125,13762
2026-04-23 09:29:00+00:00,1283.0,1283.0,1283.5,1282.4000244140625,1283.4000244140625,31626
2026-04-23 09:30:00+00:00,1283.0999755859375,1283.0999755859375,1283.5,1282.5999755859375,1283.300048828125,44964
2026-04-23 09:31:00+00:00,1283.0999755859375,1283.0999755859375,1283.5,1283.0,1283.4000244140625,18902
2026-04-23 09:32:00+00:00,1282.300048828125,1282.300048828125,1283.0999755859375,1282.0999755859375,1283.0999755859375,24534
2026-04-23 09:33:00+00:00,1281.9000244140625,1281.9000244140625,1282.5999755859375,1281.0,1282.300048828125,61511
2026-04-23 09:34:00+00:00,1281.0999755859375,1281.0999755859375,1282.4000244140625,1281.0999755859375,1282.199951171875,23990
2026-04-23 09:35:00+00:00,1280.9000244140625,1280.9000244140625,1281.5,1280.699951171875,1281.4000244140625,42419
2026-04-23 09:36:00+00:00,1279.699951171875,1279.699951171875,1281.0,1279.699951171875,1281.0,26019
2026-04-23 09:37:00+00:00,1279.699951171875,1279.699951171875,1279.800048828125,1279.199951171875,1279.699951171875,29190
2026-04-23 09:38:00+00:00,1279.5,1279.5,1279.800048828125,1279.199951171875,1279.5999755859375,22825
2026-04-23 09:39:00+00:00,1279.300048828125,1279.300048828125,1279.4000244140625,1279.199951171875,1279.199951171875,18033
2026-04-23 09:40:00+00:00,1279.0,1279.0,1279.699951171875,1279.0,1279.5,41265
2026-04-23 09:41:00+00:00,1278.0,1278.0,1279.0999755859375,1278.0,1279.0,18008
2026-04-23 09:42:00+00:00,1277.9000244140625,1277.9000244140625,1278.0999755859375,1277.5999755859375,1278.0,23761
2026-04-23 09:43:00+00:00,1277.300048828125,1277.300048828125,1277.9000244140625,1277.199951171875,1277.9000244140625,23592
2026-04-23 09:44:00+00:00,1276.699951171875,1276.699951171875,1277.4000244140625,1276.699951171875,1277.300048828125,23201
2026-04-23 09:45:00+00:00,1275.4000244140625,1275.4000244140625,1276.699951171875,1275.300048828125,1276.699951171875,51653
2026-04-23 09:46:00+00:00,1275.4000244140625,1275.4000244140625,1275.4000244140625,1275.0999755859375,1275.4000244140625,44045
2026-04-23 09:47:00+00:00,1275.0999755859375,1275.0999755859375,1275.4000244140625,1275.0999755859375,1275.4000244140625,32388
2026-04-23 09:48:00+00:00,1274.199951171875,1274.199951171875,1275.199951171875,1274.0999755859375,1275.199951171875,84835
2026-04-23 09:49:00+00:00,1275.9000244140625,1275.9000244140625,1275.9000244140625,1274.0,1274.199951171875,67342
2026-04-23 09:50:00+00:00,1276.5999755859375,1276.5999755859375,1277.5,1275.5999755859375,1275.9000244140625,74784
2026-04-23 09:51:00+00:00,1277.0,1277.0,1277.4000244140625,1276.5999755859375,1277.0,22874
2026-04-23 09:52:00+00:00,1277.0,1277.0,1277.0999755859375,1276.5,1277.0,31113
2026-04-23 09:53:00+00:00,1277.699951171875,1277.699951171875,1278.0,1276.699951171875,1277.0,31532
2026-04-23 09:54:00+00:00,1277.0,1277.0,1278.0,1276.9000244140625,1277.800048828125,49252
2026-04-23 09:55:00+00:00,1276.0,1276.0,1277.9000244140625,1276.0,1277.0,55830
2026-04-23 09:56:00+00:00,1275.699951171875,1275.699951171875,1276.699951171875,1275.5,1276.199951171875,46494
2026-04-23 09:57:00+00:00,1275.0999755859375,1275.0999755859375,1275.9000244140625,1275.0,1275.699951171875,35147
2026-04-23 09:58:00+00:00,1275.199951171875,1275.199951171875,1276.800048828125,1275.199951171875,1276.800048828125,27111
2026-04-23 09:59:00+00:00,1276.5,1276.5,1276.5,1275.5,1275.5,78071
2026-04-24 03:45:00+00:00,1249.0999755859375,1249.0999755859375,1264.4000244140625,1245.4000244140625,1264.4000244140625,0
2026-04-24 03:46:00+00:00,1248.699951171875,1248.699951171875,1254.5999755859375,1247.800048828125,1249.0,166725
2026-04-24 03:47:00+00:00,1254.0,1254.0,1254.300048828125,1249.0,1249.0,84752
2026-04-24 03:48:00+00:00,1248.199951171875,1248.199951171875,1254.800048828125,1247.300048828125,1254.0,89865
2026-04-24 03:49:00+00:00,1251.0999755859375,1251.0999755859375,1251.800048828125,1248.5,1248.800048828125,48530
2026-04-24 03:50:00+00:00,1246.199951171875,1246.199951171875,1252.5999755859375,1246.199951171875,1251.0999755859375,109388
2026-04-24 03:51:00+00:00,1245.199951171875,1245.199951171875,1246.9000244140625,1244.199951171875,1246.5999755859375,95197
2026-04-24 03:52:00+00:00,1244.199951171875,1244.199951171875,1245.5999755859375,1243.5999755859375,1245.300048828125,91522
2026-04-24 03:53:00+00:00,1242.0,1242.0,1244.9000244140625,1241.300048828125,1244.5999755859375,62730
2026-04-24 03:54:00+00:00,1240.699951171875,1240.699951171875,1242.800048828125,1240.699951171875,1242.800048828125,71156
2026-04-24 03:55:00+00:00,1240.0,1240.0,1241.800048828125,1240.0,1240.4000244140625,69607
2026-04-24 03:56:00+00:00,1238.800048828125,1238.800048828125,1240.4000244140625,1238.0,1240.4000244140625,111515
2026-04-24 03:57:00+00:00,1239.0,1239.0,1239.0,1237.0,1238.199951171875,72243
2026-04-24 03:58:00+00:00,1239.4000244140625,1239.4000244140625,1239.5999755859375,1237.5999755859375,1238.699951171875,29500
2026-04-24 03:59:00+00:00,1240.0,1240.0,1240.0,1238.4000244140625,1239.5,27224
2026-04-24 04:00:00+00:00,1238.5,1238.5,1240.0999755859375,1238.0,1240.0999755859375,43115
2026-04-24 04:01:00+00:00,1237.5,1237.5,1238.800048828125,1237.5,1238.300048828125,41402
2026-04-24 04:02:00+00:00,1235.9000244140625,1235.9000244140625,1237.9000244140625,1235.5999755859375,1237.699951171875,59026
2026-04-24 04:03:00+00:00,1236.5,1236.5,1236.800048828125,1235.199951171875,1235.5999755859375,38282
2026-04-24 04:04:00+00:00,1234.5999755859375,1234.5999755859375,1237.5999755859375,1234.0999755859375,1237.0999755859375,68945
2026-04-24 04:05:00+00:00,1234.300048828125,1234.300048828125,1234.5999755859375,1233.5,1234.5,55349
2026-04-24 04:06:00+00:00,1234.0999755859375,1234.0999755859375,1234.699951171875,1233.5999755859375,1234.300048828125,38349
2026-04-24 04:07:00+00:00,1235.699951171875,1235.699951171875,1235.699951171875,1233.9000244140625,1234.199951171875,39561
2026-04-24 04:08:00+00:00,1235.199951171875,1235.199951171875,1236.5,1235.0,1235.699951171875,34431
2026-04-24 04:09:00+00:00,1235.4000244140625,1235.4000244140625,1235.800048828125,1233.800048828125,1235.4000244140625,45301
2026-04-24 04:10:00+00:00,1234.0,1234.0,1235.699951171875,1234.0,1235.5,12690
2026-04-24 04:11:00+00:00,1232.800048828125,1232.800048828125,1234.4000244140625,1232.800048828125,1234.4000244140625,40324
2026-04-24 04:12:00+00:00,1231.699951171875,1231.699951171875,1232.699951171875,1231.5,1232.699951171875,36829
2026-04-24 04:13:00+00:00,1231.199951171875,1231.199951171875,1232.5,1231.0,1231.9000244140625,39449
2026-04-24 04:14:00+00:00,1231.0,1231.0,1231.800048828125,1230.199951171875,1231.0999755859375,38769
2026-04-24 04:15:00+00:00,1228.5999755859375,1228.5999755859375,1231.0999755859375,1228.5,1231.0999755859375,86224
2026-04-24 04:16:00+00:00,1227.199951171875,1227.199951171875,1229.0,1227.199951171875,1229.0,49339
2026-04-24 04:17:00+00:00,1227.0,1227.0,1228.199951171875,1227.0,1227.9000244140625,73758
2026-04-24 04:18:00+00:00,1226.199951171875,1226.199951171875,1228.5,1226.199951171875,1226.9000244140625,51798
2026-04-24 04:19:00+00:00,1224.800048828125,1224.800048828125,1225.9000244140625,1224.199951171875,1225.9000244140625,86241
2026-04-24 04:20:00+00:00,1222.5,1222.5,1225.0,1222.199951171875,1224.800048828125,60819
2026-04-24 04:21:00+00:00,1223.800048828125,1223.800048828125,1224.4000244140625,1222.0,1222.0,60960
2026-04-24 04:22:00+00:00,1226.0999755859375,1226.0999755859375,1226.300048828125,1222.5,1223.800048828125,48108
2026-04-24 04:23:00+00:00,1225.0,1225.0,1227.0,1224.800048828125,1226.5,28687
2026-04-24 04:24:00+00:00,1224.0,1224.0,1225.199951171875,1223.0999755859375,1225.199951171875,31854
2026-04-24 04:25:00+00:00,1223.5999755859375,1223.5999755859375,1224.5,1222.5999755859375,1223.9000244140625,25804
2026-04-24 04:26:00+00:00,1222.5999755859375,1222.5999755859375,1224.4000244140625,1222.5999755859375,1223.800048828125,26377
2026-04-24 04:27:00+00:00,1223.5,1223.5,1224.0,1222.5,1222.5999755859375,26722
2026-04-24 04:28:00+00:00,1224.0,1224.0,1224.5,1223.5999755859375,1224.0999755859375,16462
2026-04-24 04:29:00+00:00,1224.0999755859375,1224.0999755859375,1224.5999755859375,1223.300048828125,1223.5999755859375,15928
2026-04-24 04:30:00+00:00,1225.199951171875,1225.199951171875,1225.300048828125,1223.699951171875,1223.9000244140625,21645
2026-04-24 04:31:00+00:00,1224.5,1224.5,1225.300048828125,1223.9000244140625,1225.199951171875,21615
2026-04-24 04:32:00+00:00,1223.5,1223.5,1224.800048828125,1223.0999755859375,1224.4000244140625,35938
2026-04-24 04:33:00+00:00,1223.0,1223.0,1224.300048828125,1222.800048828125,1223.5,26493
2026-04-24 04:34:00+00:00,1222.699951171875,1222.699951171875,1223.5,1222.0999755859375,1223.0,21771
2026-04-24 04:35:00+00:00,1223.9000244140625,1223.9000244140625,1224.300048828125,1222.4000244140625,1222.4000244140625,10497
2026-04-24 04:36:00+00:00,1225.4000244140625,1225.4000244140625,1225.4000244140625,1223.5,1223.9000244140625,18485
2026-04-24 04:37:00+00:00,1224.699951171875,1224.699951171875,1226.0,1224.5,1225.699951171875,19629
2026-04-24 04:38:00+00:00,1224.0,1224.0,1224.9000244140625,1223.800048828125,1224.699951171875,15496
2026-04-24 04:39:00+00:00,1223.0,1223.0,1224.0,1222.199951171875,1223.9000244140625,32715
2026-04-24 04:40:00+00:00,1223.9000244140625,1223.9000244140625,1223.9000244140625,1222.0,1223.0,22508
2026-04-24 04:41:00+00:00,1223.5999755859375,1223.5999755859375,1224.0,1223.300048828125,1223.5999755859375,6979
2026-04-24 04:42:00+00:00,1224.699951171875,1224.699951171875,1225.4000244140625,1223.300048828125,1223.5999755859375,15509
2026-04-24 04:43:00+00:00,1224.5,1224.5,1225.0999755859375,1224.0999755859375,1225.0,14539
2026-04-24 04:44:00+00:00,1225.5,1225.5,1225.9000244140625,1224.0,1224.0,12734
2026-04-24 04:45:00+00:00,1224.0,1224.0,1225.699951171875,1223.699951171875,1225.0999755859375,12742
2026-04-24 04:46:00+00:00,1223.0,1223.0,1224.0999755859375,1222.800048828125,1224.0,17789
2026-04-24 04:47:00+00:00,1223.4000244140625,1223.4000244140625,1223.800048828125,1222.800048828125,1222.9000244140625,12115
2026-04-24 04:48:00+00:00,1225.699951171875,1225.699951171875,1226.0,1223.0999755859375,1223.300048828125,15025
2026-04-24 04:49:00+00:00,1225.0,1225.0,1226.9000244140625,1224.800048828125,1225.800048828125,20599
2026-04-24 04:50:00+00:00,1225.5,1225.5,1226.0,1225.0999755859375,1225.199951171875,12690
2026-04-24 04:51:00+00:00,1223.800048828125,1223.800048828125,1225.699951171875,1223.0,1225.4000244140625,30998
2026-04-24 04:52:00+00:00,1224.0,1224.0,1224.800048828125,1223.5,1223.800048828125,7270
2026-04-24 04:53:00+00:00,1224.0,1224.0,1224.300048828125,1223.5999755859375,1224.0,9500
2026-04-24 04:54:00+00:00,1222.9000244140625,1222.9000244140625,1224.0,1222.5999755859375,1223.9000244140625,12238
2026-04-24 04:55:00+00:00,1223.199951171875,1223.199951171875,1223.699951171875,1222.699951171875,1222.9000244140625,17820
2026-04-24 04:56:00+00:00,1224.300048828125,1224.300048828125,1224.800048828125,1223.300048828125,1223.300048828125,16381
2026-04-24 04:57:00+00:00,1224.800048828125,1224.800048828125,1225.0,1224.300048828125,1224.300048828125,7984
2026-04-24 04:58:00+00:00,1224.5999755859375,1224.5999755859375,1225.0,1224.5,1224.9000244140625,13338
2026-04-24 04:59:00+00:00,1224.0,1224.0,1225.0,1223.800048828125,1224.5999755859375,11839
2026-04-24 05:00:00+00:00,1223.800048828125,1223.800048828125,1224.0,1223.300048828125,1223.9000244140625,6391
2026-04-24 05:01:00+00:00,1223.9000244140625,1223.9000244140625,1224.300048828125,1223.300048828125,1223.5999755859375,6915
2026-04-24 05:02:00+00:00,1224.0999755859375,1224.0999755859375,1224.300048828125,1223.5999755859375,1223.9000244140625,5399
2026-04-24 05:03:00+00:00,1224.199951171875,1224.199951171875,1224.300048828125,1223.5999755859375,1224.199951171875,6945
2026-04-24 05:04:00+00:00,1224.5,1224.5,1225.300048828125,1223.9000244140625,1224.0999755859375,13839
2026-04-24 05:05:00+00:00,1224.199951171875,1224.199951171875,1224.5,1224.0,1224.5,5298
2026-04-24 05:06:00+00:00,1225.0999755859375,1225.0999755859375,1225.199951171875,1223.5,1224.0999755859375,19075
2026-04-24 05:07:00+00:00,1224.9000244140625,1224.9000244140625,1225.199951171875,1224.5,1225.199951171875,5064
2026-04-24 05:08:00+00:00,1224.5,1224.5,1224.699951171875,1224.199951171875,1224.699951171875,4920
2026-04-24 05:09:00+00:00,1224.199951171875,1224.199951171875,1224.199951171875,1224.0,1224.199951171875,6834
2026-04-24 05:10:00+00:00,1224.699951171875,1224.699951171875,1225.0,1224.0,1224.199951171875,8440
2026-04-24 05:11:00+00:00,1224.0,1224.0,1225.0,1224.0,1224.699951171875,9361
2026-04-24 05:12:00+00:00,1224.0,1224.0,1224.5,1223.5999755859375,1224.0999755859375,10332
2026-04-24 05:13:00+00:00,1224.0,1224.0,1224.4000244140625,1223.699951171875,1224.0,8253
2026-04-24 05:14:00+00:00,1223.800048828125,1223.800048828125,1224.199951171875,1223.699951171875,1224.0,14300
2026-04-24 05:15:00+00:00,1224.0,1224.0,1224.0999755859375,1223.5999755859375,1223.800048828125,9425
2026-04-24 05:16:00+00:00,1221.5999755859375,1221.5999755859375,1224.0999755859375,1221.0999755859375,1224.0999755859375,92710
2026-04-24 05:17:00+00:00,1220.800048828125,1220.800048828125,1221.699951171875,1220.199951171875,1221.699951171875,80987
2026-04-24 05:18:00+00:00,1220.0999755859375,1220.0999755859375,1220.5999755859375,1219.5,1220.5999755859375,34688
2026-04-24 05:19:00+00:00,1219.5,1219.5,1220.300048828125,1219.0,1220.300048828125,33693
2026-04-24 05:20:00+00:00,1219.5999755859375,1219.5999755859375,1219.9000244140625,1219.4000244140625,1219.5,78902
2026-04-24 05:21:00+00:00,1221.300048828125,1221.300048828125,1222.4000244140625,1219.800048828125,1219.9000244140625,22841
2026-04-24 05:22:00+00:00,1221.300048828125,1221.300048828125,1221.699951171875,1220.699951171875,1220.800048828125,11560
2026-04-24 05:23:00+00:00,1222.4000244140625,1222.4000244140625,1222.9000244140625,1220.800048828125,1221.300048828125,13929
2026-04-24 05:24:00+00:00,1222.800048828125,1222.800048828125,1222.9000244140625,1222.0,1222.0,5561
2026-04-24 05:25:00+00:00,1222.699951171875,1222.699951171875,1223.0,1222.5,1222.5999755859375,6468
2026-04-24 05:26:00+00:00,1221.5999755859375,1221.5999755859375,1222.4000244140625,1221.0999755859375,1222.4000244140625,11129
2026-04-24 05:27:00+00:00,1221.5,1221.5,1221.9000244140625,1221.0,1221.4000244140625,4830
2026-04-24 05:28:00+00:00,1221.5999755859375,1221.5999755859375,1222.0,1221.0,1221.199951171875,7616
2026-04-24 05:29:00+00:00,1221.800048828125,1221.800048828125,1222.0,1221.199951171875,1221.699951171875,10873
2026-04-24 05:30:00+00:00,1220.4000244140625,1220.4000244140625,1221.5999755859375,1220.0999755859375,1221.5,39580
2026-04-24 05:31:00+00:00,1220.4000244140625,1220.4000244140625,1220.9000244140625,1220.300048828125,1220.4000244140625,7126
2026-04-24 05:32:00+00:00,1220.0999755859375,1220.0999755859375,1221.0,1220.0,1220.4000244140625,11727
2026-04-24 05:33:00+00:00,1221.800048828125,1221.800048828125,1221.800048828125,1220.0,1220.300048828125,16239
2026-04-24 05:34:00+00:00,1221.5999755859375,1221.5999755859375,1222.199951171875,1221.0,1221.699951171875,10752
2026-04-24 05:35:00+00:00,1221.300048828125,1221.300048828125,1221.800048828125,1221.0,1221.5,4984
2026-04-24 05:36:00+00:00,1221.5999755859375,1221.5999755859375,1221.5999755859375,1220.699951171875,1221.0999755859375,10008
2026-04-24 05:37:00+00:00,1221.5999755859375,1221.5999755859375,1223.5999755859375,1221.300048828125,1221.300048828125,8658
2026-04-24 05:38:00+00:00,1222.199951171875,1222.199951171875,1222.5999755859375,1221.300048828125,1221.5,4934
2026-04-24 05:39:00+00:00,1222.0,1222.0,1222.5,1221.5,1222.0,8243
2026-04-24 05:40:00+00:00,1222.300048828125,1222.300048828125,1223.199951171875,1221.5,1222.0999755859375,40935
2026-04-24 05:41:00+00:00,1222.5,1222.5,1223.0,1222.0999755859375,1223.0,5499
2026-04-24 05:42:00+00:00,1222.0,1222.0,1222.5,1221.699951171875,1222.5,9273
2026-04-24 05:43:00+00:00,1221.5,1221.5,1222.0,1221.0,1222.0,24832
2026-04-24 05:44:00+00:00,1221.0999755859375,1221.0999755859375,1221.4000244140625,1220.5,1221.300048828125,5050
2026-04-24 05:45:00+00:00,1220.699951171875,1220.699951171875,1221.199951171875,1220.699951171875,1221.0999755859375,5079
2026-04-24 05:46:00+00:00,1221.5,1221.5,1221.5,1220.699951171875,1220.699951171875,15255
2026-04-24 05:47:00+00:00,1220.199951171875,1220.199951171875,1221.699951171875,1220.199951171875,1221.0999755859375,17645
2026-04-24 05:48:00+00:00,1221.4000244140625,1221.4000244140625,1222.0,1220.0,1220.800048828125,24086
2026-04-24 05:49:00+00:00,1221.5999755859375,1221.5999755859375,1221.800048828125,1220.9000244140625,1221.5999755859375,8474
2026-04-24 05:50:00+00:00,1221.699951171875,1221.699951171875,1221.800048828125,1220.800048828125,1221.300048828125,10771
2026-04-24 05:51:00+00:00,1222.9000244140625,1222.9000244140625,1222.9000244140625,1220.9000244140625,1221.300048828125,23893
2026-04-24 05:52:00+00:00,1222.9000244140625,1222.9000244140625,1223.699951171875,1222.199951171875,1222.699951171875,17835
2026-04-24 05:53:00+00:00,1223.0,1223.0,1223.0999755859375,1222.199951171875,1222.9000244140625,11577
2026-04-24 05:54:00+00:00,1223.199951171875,1223.199951171875,1224.300048828125,1222.5,1223.4000244140625,39252
2026-04-24 05:55:00+00:00,1222.5,1222.5,1223.199951171875,1222.199951171875,1223.0999755859375,8052
2026-04-24 05:56:00+00:00,1223.0999755859375,1223.0999755859375,1223.199951171875,1221.699951171875,1222.4000244140625,14787
2026-04-24 05:57:00+00:00,1222.800048828125,1222.800048828125,1223.0,1222.5,1222.800048828125,10069
2026-04-24 05:58:00+00:00,1221.699951171875,1221.699951171875,1222.800048828125,1221.5,1222.5,15948
2026-04-24 05:59:00+00:00,1222.0999755859375,1222.0999755859375,1222.5,1221.5999755859375,1222.0999755859375,9297
2026-04-24 06:00:00+00:00,1221.699951171875,1221.699951171875,1222.199951171875,1221.300048828125,1222.0,16474
2026-04-24 06:01:00+00:00,1222.9000244140625,1222.9000244140625,1223.5999755859375,1221.5,1221.800048828125,23144
2026-04-24 06:02:00+00:00,1222.9000244140625,1222.9000244140625,1222.9000244140625,1222.0,1222.5999755859375,8860
2026-04-24 06:03:00+00:00,1223.0,1223.0,1223.199951171875,1222.5,1222.5999755859375,11484
2026-04-24 06:04:00+00:00,1225.800048828125,1225.800048828125,1225.9000244140625,1223.199951171875,1223.199951171875,16752
2026-04-24 06:05:00+00:00,1225.199951171875,1225.199951171875,1225.800048828125,1224.800048828125,1225.5,18728
2026-04-24 06:06:00+00:00,1224.9000244140625,1224.9000244140625,1225.199951171875,1224.4000244140625,1225.0,9834
2026-04-24 06:07:00+00:00,1224.199951171875,1224.199951171875,1224.9000244140625,1224.0999755859375,1224.699951171875,13901
2026-04-24 06:08:00+00:00,1224.5,1224.5,1224.800048828125,1224.0,1224.5,6464
2026-04-24 06:09:00+00:00,1224.5,1224.5,1224.699951171875,1223.800048828125,1224.5,10246
2026-04-24 06:10:00+00:00,1222.5,1222.5,1224.5,1221.5,1224.300048828125,103280
2026-04-24 06:11:00+00:00,1221.0,1221.0,1222.5999755859375,1220.9000244140625,1222.0999755859375,87458
2026-04-24 06:12:00+00:00,1220.199951171875,1220.199951171875,1222.199951171875,1220.0,1220.9000244140625,60942
2026-04-24 06:13:00+00:00,1219.4000244140625,1219.4000244140625,1220.5999755859375,1219.4000244140625,1220.199951171875,69904
2026-04-24 06:14:00+00:00,1220.9000244140625,1220.9000244140625,1221.199951171875,1219.0,1219.4000244140625,59866
2026-04-24 06:15:00+00:00,1220.0,1220.0,1220.800048828125,1219.0999755859375,1220.800048828125,42334
2026-04-24 06:16:00+00:00,1219.300048828125,1219.300048828125,1220.0,1218.300048828125,1219.5999755859375,36180
2026-04-24 06:17:00+00:00,1216.699951171875,1216.699951171875,1219.300048828125,1216.199951171875,1219.300048828125,53143
2026-04-24 06:18:00+00:00,1215.5,1215.5,1216.699951171875,1215.300048828125,1216.699951171875,40255
2026-04-24 06:19:00+00:00,1215.5999755859375,1215.5999755859375,1216.300048828125,1215.300048828125,1215.800048828125,27467
2026-04-24 06:20:00+00:00,1215.199951171875,1215.199951171875,1215.699951171875,1215.0,1215.699951171875,45677
2026-04-24 06:21:00+00:00,1215.5999755859375,1215.5999755859375,1216.800048828125,1215.0,1215.300048828125,80388
2026-04-24 06:22:00+00:00,1214.0999755859375,1214.0999755859375,1216.0999755859375,1214.0999755859375,1215.800048828125,37117
2026-04-24 06:23:00+00:00,1214.0999755859375,1214.0999755859375,1214.800048828125,1214.0,1214.199951171875,16828
2026-04-24 06:24:00+00:00,1213.699951171875,1213.699951171875,1214.300048828125,1213.300048828125,1214.300048828125,12102
2026-04-24 06:25:00+00:00,1213.199951171875,1213.199951171875,1214.0,1212.300048828125,1213.699951171875,79814
2026-04-24 06:26:00+00:00,1212.199951171875,1212.199951171875,1214.4000244140625,1212.199951171875,1213.199951171875,28215
2026-04-24 06:27:00+00:00,1213.0,1213.0,1213.5,1212.0999755859375,1212.0999755859375,15833
2026-04-24 06:28:00+00:00,1212.199951171875,1212.199951171875,1213.5999755859375,1212.199951171875,1213.0,13338
2026-04-24 06:29:00+00:00,1212.0999755859375,1212.0999755859375,1213.0,1212.0,1212.199951171875,24325
2026-04-24 06:30:00+00:00,1211.0999755859375,1211.0999755859375,1211.800048828125,1210.5,1211.699951171875,45453
2026-04-24 06:31:00+00:00,1212.5,1212.5,1213.199951171875,1211.4000244140625,1211.4000244140625,39178
2026-04-24 06:32:00+00:00,1212.4000244140625,1212.4000244140625,1213.0,1212.0,1212.5,45009
2026-04-24 06:33:00+00:00,1212.5,1212.5,1213.0,1212.199951171875,1212.5,10816
2026-04-24 06:34:00+00:00,1212.699951171875,1212.699951171875,1213.699951171875,1212.0,1212.4000244140625,34113
2026-04-24 06:35:00+00:00,1212.5,1212.5,1212.800048828125,1212.0999755859375,1212.5999755859375,10284
2026-04-24 06:36:00+00:00,1212.5,1212.5,1212.699951171875,1212.0,1212.300048828125,61945
2026-04-24 06:37:00+00:00,1212.0999755859375,1212.0999755859375,1212.800048828125,1212.0,1212.199951171875,10243
2026-04-24 06:38:00+00:00,1213.5999755859375,1213.5999755859375,1214.0999755859375,1212.0,1212.0999755859375,15187
2026-04-24 06:39:00+00:00,1213.0,1213.0,1214.300048828125,1212.199951171875,1213.4000244140625,20626
2026-04-24 06:40:00+00:00,1212.9000244140625,1212.9000244140625,1213.199951171875,1212.4000244140625,1213.0,12558
2026-04-24 06:41:00+00:00,1212.4000244140625,1212.4000244140625,1213.199951171875,1212.0999755859375,1213.199951171875,9796
2026-04-24 06:42:00+00:00,1212.0999755859375,1212.0999755859375,1212.5,1212.0,1212.300048828125,11729
2026-04-24 06:43:00+00:00,1211.699951171875,1211.699951171875,1212.300048828125,1211.0,1212.300048828125,26024
2026-04-24 06:44:00+00:00,1211.699951171875,1211.699951171875,1211.9000244140625,1211.0999755859375,1211.800048828125,17185
2026-04-24 06:45:00+00:00,1210.5,1210.5,1211.699951171875,1210.199951171875,1211.699951171875,30053
2026-04-24 06:46:00+00:00,1211.0999755859375,1211.0999755859375,1211.300048828125,1210.300048828125,1210.5,13691
2026-04-24 06:47:00+00:00,1211.5,1211.5,1211.9000244140625,1211.0,1211.0999755859375,14149
2026-04-24 06:48:00+00:00,1210.5,1210.5,1211.699951171875,1210.0999755859375,1211.5,30133
2026-04-24 06:49:00+00:00,1211.5,1211.5,1212.0,1211.199951171875,1211.300048828125,14311
2026-04-24 06:50:00+00:00,1211.800048828125,1211.800048828125,1212.4000244140625,1211.5,1211.699951171875,23396
2026-04-24 06:51:00+00:00,1212.699951171875,1212.699951171875,1212.699951171875,1210.699951171875,1211.5,92063
2026-04-24 06:52:00+00:00,1211.5,1211.5,1212.699951171875,1211.300048828125,1212.699951171875,20490
2026-04-24 06:53:00+00:00,1211.800048828125,1211.800048828125,1212.0,1211.0999755859375,1211.300048828125,35066
2026-04-24 06:54:00+00:00,1210.800048828125,1210.800048828125,1212.0999755859375,1210.800048828125,1211.9000244140625,23139
2026-04-24 06:55:00+00:00,1210.4000244140625,1210.4000244140625,1211.199951171875,1210.199951171875,1211.199951171875,27618
2026-04-24 06:56:00+00:00,1210.4000244140625,1210.4000244140625,1210.5999755859375,1210.0,1210.4000244140625,36246
2026-04-24 06:57:00+00:00,1209.0999755859375,1209.0999755859375,1210.5,1209.0999755859375,1210.4000244140625,65125
2026-04-24 06:58:00+00:00,1208.699951171875,1208.699951171875,1209.0999755859375,1208.0999755859375,1209.0,45149
2026-04-24 06:59:00+00:00,1208.199951171875,1208.199951171875,1208.800048828125,1208.0999755859375,1208.5,29685
2026-04-24 07:00:00+00:00,1208.4000244140625,1208.4000244140625,1208.699951171875,1207.9000244140625,1208.4000244140625,53032
2026-04-24 07:01:00+00:00,1208.5,1208.5,1209.0,1208.0999755859375,1208.199951171875,23545
2026-04-24 07:02:00+00:00,1208.300048828125,1208.300048828125,1208.699951171875,1208.0,1208.300048828125,16574
2026-04-24 07:03:00+00:00,1208.4000244140625,1208.4000244140625,1208.4000244140625,1207.5999755859375,1208.0999755859375,24842
2026-04-24 07:04:00+00:00,1208.300048828125,1208.300048828125,1208.9000244140625,1208.199951171875,1208.199951171875,24610
2026-04-24 07:05:00+00:00,1208.0,1208.0,1208.699951171875,1207.5999755859375,1208.4000244140625,23101
2026-04-24 07:06:00+00:00,1208.800048828125,1208.800048828125,1209.0,1207.5999755859375,1207.9000244140625,24710
2026-04-24 07:07:00+00:00,1209.300048828125,1209.300048828125,1209.5,1208.4000244140625,1208.800048828125,26418
2026-04-24 07:08:00+00:00,1209.199951171875,1209.199951171875,1209.300048828125,1208.5999755859375,1209.0,9164
2026-04-24 07:09:00+00:00,1208.5999755859375,1208.5999755859375,1209.300048828125,1208.0999755859375,1209.0999755859375,28224
2026-04-24 07:10:00+00:00,1208.800048828125,1208.800048828125,1209.5,1208.4000244140625,1208.5999755859375,25946
2026-04-24 07:11:00+00:00,1209.199951171875,1209.199951171875,1209.699951171875,1208.699951171875,1208.800048828125,33122
2026-04-24 07:12:00+00:00,1208.800048828125,1208.800048828125,1209.0999755859375,1208.0,1209.0,54035
2026-04-24 07:13:00+00:00,1208.0,1208.0,1209.0999755859375,1207.9000244140625,1209.0999755859375,51128
2026-04-24 07:14:00+00:00,1206.5,1206.5,1208.0999755859375,1206.0999755859375,1207.800048828125,34424
2026-04-24 07:15:00+00:00,1206.5,1206.5,1206.5,1205.5,1206.5,48594
2026-04-24 07:16:00+00:00,1206.0999755859375,1206.0999755859375,1207.0,1205.5,1206.5999755859375,30610
2026-04-24 07:17:00+00:00,1206.5,1206.5,1206.699951171875,1205.699951171875,1206.0,26015
2026-04-24 07:18:00+00:00,1206.699951171875,1206.699951171875,1207.4000244140625,1206.199951171875,1206.5999755859375,57999
2026-04-24 07:19:00+00:00,1205.699951171875,1205.699951171875,1206.699951171875,1205.300048828125,1206.699951171875,16188
2026-04-24 07:20:00+00:00,1206.4000244140625,1206.4000244140625,1206.699951171875,1205.5,1205.5,18752
2026-04-24 07:21:00+00:00,1206.199951171875,1206.199951171875,1206.800048828125,1206.0,1206.4000244140625,12532
2026-04-24 07:22:00+00:00,1206.199951171875,1206.199951171875,1206.5,1205.300048828125,1206.199951171875,15564
2026-04-24 07:23:00+00:00,1206.0999755859375,1206.0999755859375,1206.4000244140625,1205.5,1206.0,23687
2026-04-24 07:24:00+00:00,1205.5,1205.5,1206.0,1205.4000244140625,1206.0,21485
2026-04-24 07:25:00+00:00,1205.5,1205.5,1206.0,1205.5,1205.800048828125,12507
2026-04-24 07:26:00+00:00,1205.5999755859375,1205.5999755859375,1206.0,1205.0999755859375,1205.5999755859375,17985
2026-04-24 07:27:00+00:00,1205.800048828125,1205.800048828125,1206.0,1205.300048828125,1205.5,18940
2026-04-24 07:28:00+00:00,1205.199951171875,1205.199951171875,1205.9000244140625,1205.199951171875,1205.800048828125,12211
2026-04-24 07:29:00+00:00,1205.300048828125,1205.300048828125,1205.5,1205.0,1205.300048828125,14155
2026-04-24 07:30:00+00:00,1204.5999755859375,1204.5999755859375,1205.300048828125,1204.4000244140625,1205.300048828125,33035
2026-04-24 07:31:00+00:00,1203.0,1203.0,1204.4000244140625,1202.0999755859375,1204.4000244140625,45400
2026-04-24 07:32:00+00:00,1203.4000244140625,1203.4000244140625,1203.9000244140625,1203.0,1203.0,28287
2026-04-24 07:33:00+00:00,1203.199951171875,1203.199951171875,1203.5999755859375,1203.0999755859375,1203.300048828125,17077
2026-04-24 07:34:00+00:00,1203.4000244140625,1203.4000244140625,1203.5,1202.5999755859375,1203.199951171875,15530
2026-04-24 07:35:00+00:00,1202.9000244140625,1202.9000244140625,1203.4000244140625,1202.5999755859375,1203.4000244140625,20806
2026-04-24 07:36:00+00:00,1202.0999755859375,1202.0999755859375,1202.699951171875,1202.0,1202.5999755859375,25304
2026-04-24 07:37:00+00:00,1203.0,1203.0,1203.300048828125,1202.0,1202.300048828125,22112
2026-04-24 07:38:00+00:00,1202.800048828125,1202.800048828125,1203.5,1202.5,1202.800048828125,16509
2026-04-24 07:39:00+00:00,1202.199951171875,1202.199951171875,1203.300048828125,1202.0999755859375,1202.699951171875,15267
2026-04-24 07:40:00+00:00,1201.9000244140625,1201.9000244140625,1202.300048828125,1201.5999755859375,1202.0999755859375,15610
2026-04-24 07:41:00+00:00,1202.199951171875,1202.199951171875,1202.199951171875,1201.300048828125,1202.0,18139
2026-04-24 07:42:00+00:00,1201.5,1201.5,1202.199951171875,1201.5,1202.0999755859375,11251
2026-04-24 07:43:00+00:00,1200.800048828125,1200.800048828125,1201.800048828125,1200.800048828125,1201.5,38375
2026-04-24 07:44:00+00:00,1201.699951171875,1201.699951171875,1202.0999755859375,1200.5999755859375,1200.800048828125,19076
2026-04-24 07:45:00+00:00,1201.5,1201.5,1201.9000244140625,1201.0999755859375,1201.9000244140625,12275
2026-04-24 07:46:00+00:00,1200.5999755859375,1200.5999755859375,1201.5,1200.5999755859375,1201.5,12282
2026-04-24 07:47:00+00:00,1200.699951171875,1200.699951171875,1201.0999755859375,1200.5999755859375,1200.699951171875,14598
2026-04-24 07:48:00+00:00,1201.0,1201.0,1201.199951171875,1200.199951171875,1200.5999755859375,12904
2026-04-24 07:49:00+00:00,1203.4000244140625,1203.4000244140625,1203.4000244140625,1200.5999755859375,1201.0999755859375,19572
2026-04-24 07:50:00+00:00,1204.300048828125,1204.300048828125,1204.5999755859375,1203.0999755859375,1203.699951171875,18880
2026-04-24 07:51:00+00:00,1203.5,1203.5,1204.699951171875,1203.4000244140625,1204.199951171875,10091
2026-04-24 07:52:00+00:00,1204.5,1204.5,1204.9000244140625,1203.0,1203.0,14256
2026-04-24 07:53:00+00:00,1204.0,1204.0,1204.800048828125,1203.4000244140625,1204.5,12598
2026-04-24 07:54:00+00:00,1203.5,1203.5,1203.9000244140625,1203.0,1203.5999755859375,8811
2026-04-24 07:55:00+00:00,1203.9000244140625,1203.9000244140625,1203.9000244140625,1203.0,1203.5,10537
2026-04-24 07:56:00+00:00,1205.5,1205.5,1205.5,1203.9000244140625,1204.0,13314
2026-04-24 07:57:00+00:00,1205.5,1205.5,1206.300048828125,1204.9000244140625,1205.800048828125,16538
2026-04-24 07:58:00+00:00,1204.9000244140625,1204.9000244140625,1205.4000244140625,1204.0,1205.4000244140625,16359
2026-04-24 07:59:00+00:00,1204.9000244140625,1204.9000244140625,1205.4000244140625,1204.699951171875,1204.9000244140625,8002
2026-04-24 08:00:00+00:00,1203.4000244140625,1203.4000244140625,1205.0,1203.0999755859375,1204.699951171875,18081
2026-04-24 08:01:00+00:00,1203.199951171875,1203.199951171875,1203.4000244140625,1202.699951171875,1203.4000244140625,17401
2026-04-24 08:02:00+00:00,1202.5,1202.5,1203.4000244140625,1202.199951171875,1203.4000244140625,14442
2026-04-24 08:03:00+00:00,1202.9000244140625,1202.9000244140625,1203.0999755859375,1202.0999755859375,1202.0999755859375,9535
2026-04-24 08:04:00+00:00,1202.0999755859375,1202.0999755859375,1202.9000244140625,1202.0,1202.9000244140625,11925
2026-04-24 08:05:00+00:00,1202.0,1202.0,1202.5999755859375,1201.300048828125,1202.0,14726
2026-04-24 08:06:00+00:00,1201.800048828125,1201.800048828125,1202.199951171875,1201.4000244140625,1202.199951171875,9741
2026-04-24 08:07:00+00:00,1201.800048828125,1201.800048828125,1202.0,1201.5,1201.800048828125,13938
2026-04-24 08:08:00+00:00,1201.300048828125,1201.300048828125,1202.0,1201.300048828125,1201.800048828125,7759
2026-04-24 08:09:00+00:00,1201.199951171875,1201.199951171875,1201.4000244140625,1200.5999755859375,1201.300048828125,17421
2026-04-24 08:10:00+00:00,1201.0999755859375,1201.0999755859375,1201.300048828125,1200.5999755859375,1201.199951171875,14193
2026-04-24 08:11:00+00:00,1200.199951171875,1200.199951171875,1201.9000244140625,1200.199951171875,1201.0999755859375,25992
2026-04-24 08:12:00+00:00,1200.800048828125,1200.800048828125,1200.9000244140625,1200.199951171875,1200.5999755859375,13158
2026-04-24 08:13:00+00:00,1200.300048828125,1200.300048828125,1201.300048828125,1200.199951171875,1201.0999755859375,11624
2026-04-24 08:14:00+00:00,1200.199951171875,1200.199951171875,1200.800048828125,1200.0999755859375,1200.300048828125,13544
2026-04-24 08:15:00+00:00,1201.0,1201.0,1201.199951171875,1200.199951171875,1200.199951171875,13282
2026-04-24 08:16:00+00:00,1202.0,1202.0,1202.5,1201.0,1201.199951171875,22437
2026-04-24 08:17:00+00:00,1200.9000244140625,1200.9000244140625,1202.0,1200.5,1202.0,10966
2026-04-24 08:18:00+00:00,1201.300048828125,1201.300048828125,1201.300048828125,1200.5999755859375,1201.0,5653
2026-04-24 08:19:00+00:00,1201.0,1201.0,1201.300048828125,1200.699951171875,1201.0,13959
2026-04-24 08:20:00+00:00,1201.800048828125,1201.800048828125,1201.800048828125,1201.199951171875,1201.199951171875,9868
2026-04-24 08:21:00+00:00,1201.5,1201.5,1201.5999755859375,1201.199951171875,1201.5999755859375,10086
2026-04-24 08:22:00+00:00,1201.0999755859375,1201.0999755859375,1201.300048828125,1201.0,1201.300048828125,8987
2026-04-24 08:23:00+00:00,1201.0,1201.0,1201.199951171875,1200.800048828125,1201.0,14761
2026-04-24 08:24:00+00:00,1201.699951171875,1201.699951171875,1202.0999755859375,1201.199951171875,1201.4000244140625,6911
2026-04-24 08:25:00+00:00,1201.5,1201.5,1201.699951171875,1201.300048828125,1201.699951171875,9589
2026-04-24 08:26:00+00:00,1201.4000244140625,1201.4000244140625,1201.5,1201.300048828125,1201.4000244140625,11363
2026-04-24 08:27:00+00:00,1200.5999755859375,1200.5999755859375,1201.4000244140625,1200.5,1201.4000244140625,23853
2026-04-24 08:28:00+00:00,1199.5999755859375,1199.5999755859375,1200.4000244140625,1199.0,1200.4000244140625,115004
2026-04-24 08:29:00+00:00,1199.0999755859375,1199.0999755859375,1199.9000244140625,1198.199951171875,1199.699951171875,27586
2026-04-24 08:30:00+00:00,1200.800048828125,1200.800048828125,1200.800048828125,1199.199951171875,1199.199951171875,12158
2026-04-24 08:31:00+00:00,1201.699951171875,1201.699951171875,1201.800048828125,1200.300048828125,1200.5999755859375,22970
2026-04-24 08:32:00+00:00,1201.9000244140625,1201.9000244140625,1202.5999755859375,1201.5999755859375,1201.5999755859375,23659
2026-04-24 08:33:00+00:00,1201.9000244140625,1201.9000244140625,1202.300048828125,1200.300048828125,1201.800048828125,19310
2026-04-24 08:34:00+00:00,1202.4000244140625,1202.4000244140625,1203.4000244140625,1201.4000244140625,1201.5,31561
2026-04-24 08:35:00+00:00,1204.0,1204.0,1204.5999755859375,1202.4000244140625,1202.5999755859375,21079
2026-04-24 08:36:00+00:00,1203.0,1203.0,1204.0,1203.0,1204.0,12977
2026-04-24 08:37:00+00:00,1203.9000244140625,1203.9000244140625,1204.199951171875,1202.4000244140625,1202.9000244140625,18056
2026-04-24 08:38:00+00:00,1203.5,1203.5,1203.9000244140625,1203.0,1203.9000244140625,11667
2026-04-24 08:39:00+00:00,1203.4000244140625,1203.4000244140625,1204.5,1203.0999755859375,1203.5999755859375,29192
2026-04-24 08:40:00+00:00,1201.0,1201.0,1203.4000244140625,1200.9000244140625,1203.300048828125,42982
2026-04-24 08:41:00+00:00,1199.9000244140625,1199.9000244140625,1201.0,1199.4000244140625,1200.800048828125,30423
2026-04-24 08:42:00+00:00,1199.5999755859375,1199.5999755859375,1200.199951171875,1199.5,1199.800048828125,22505
2026-04-24 08:43:00+00:00,1199.5999755859375,1199.5999755859375,1199.800048828125,1199.0999755859375,1199.800048828125,24597
2026-04-24 08:44:00+00:00,1199.199951171875,1199.199951171875,1199.699951171875,1198.5,1199.699951171875,38169
2026-04-24 08:45:00+00:00,1199.0999755859375,1199.0999755859375,1199.300048828125,1198.199951171875,1199.0,17002
2026-04-24 08:46:00+00:00,1200.5,1200.5,1200.800048828125,1199.0999755859375,1199.300048828125,16523
2026-04-24 08:47:00+00:00,1200.199951171875,1200.199951171875,1201.0,1199.800048828125,1200.9000244140625,12643
2026-04-24 08:48:00+00:00,1200.9000244140625,1200.9000244140625,1201.199951171875,1200.0,1200.0,14287
2026-04-24 08:49:00+00:00,1200.5999755859375,1200.5999755859375,1201.0,1200.5999755859375,1200.9000244140625,12998
2026-04-24 08:50:00+00:00,1201.4000244140625,1201.4000244140625,1201.4000244140625,1201.0,1201.0,9171
2026-04-24 08:51:00+00:00,1202.300048828125,1202.300048828125,1202.5999755859375,1201.300048828125,1201.300048828125,17305
2026-04-24 08:52:00+00:00,1202.800048828125,1202.800048828125,1203.199951171875,1202.5,1202.5999755859375,14625
2026-04-24 08:53:00+00:00,1202.300048828125,1202.300048828125,1202.5999755859375,1202.300048828125,1202.5999755859375,9379
2026-04-24 08:54:00+00:00,1201.9000244140625,1201.9000244140625,1202.5999755859375,1201.9000244140625,1202.5999755859375,7678
2026-04-24 08:55:00+00:00,1201.9000244140625,1201.9000244140625,1202.199951171875,1201.199951171875,1202.0999755859375,12055
2026-04-24 08:56:00+00:00,1201.800048828125,1201.800048828125,1202.0,1201.5,1201.9000244140625,10314
2026-04-24 08:57:00+00:00,1204.0999755859375,1204.0999755859375,1204.0999755859375,1201.0999755859375,1201.800048828125,25537
2026-04-24 08:58:00+00:00,1204.300048828125,1204.300048828125,1204.5,1203.5,1204.199951171875,21203
2026-04-24 08:59:00+00:00,1202.800048828125,1202.800048828125,1204.0,1202.800048828125,1204.0,12285
2026-04-24 09:00:00+00:00,1202.800048828125,1202.800048828125,1203.9000244140625,1202.300048828125,1202.800048828125,20309
2026-04-24 09:01:00+00:00,1203.199951171875,1203.199951171875,1203.300048828125,1202.0,1202.800048828125,16475
2026-04-24 09:02:00+00:00,1203.199951171875,1203.199951171875,1203.300048828125,1202.9000244140625,1203.199951171875,12363
2026-04-24 09:03:00+00:00,1202.699951171875,1202.699951171875,1203.199951171875,1202.300048828125,1203.199951171875,16286
2026-04-24 09:04:00+00:00,1202.300048828125,1202.300048828125,1202.699951171875,1202.0,1202.699951171875,14331
2026-04-24 09:05:00+00:00,1202.5999755859375,1202.5999755859375,1202.800048828125,1202.199951171875,1202.300048828125,12428
2026-04-24 09:06:00+00:00,1203.300048828125,1203.300048828125,1203.5999755859375,1202.5999755859375,1202.5999755859375,18585
2026-04-24 09:07:00+00:00,1203.0999755859375,1203.0999755859375,1203.800048828125,1203.0999755859375,1203.800048828125,21990
2026-04-24 09:08:00+00:00,1203.199951171875,1203.199951171875,1203.4000244140625,1202.699951171875,1203.300048828125,14301
2026-04-24 09:09:00+00:00,1203.699951171875,1203.699951171875,1203.800048828125,1203.300048828125,1203.699951171875,14672
2026-04-24 09:10:00+00:00,1204.300048828125,1204.300048828125,1204.5,1203.5999755859375,1203.699951171875,28588
2026-04-24 09:11:00+00:00,1203.800048828125,1203.800048828125,1204.4000244140625,1203.699951171875,1204.199951171875,12142
2026-04-24 09:12:00+00:00,1205.5999755859375,1205.5999755859375,1206.5,1204.0,1204.0,64290
2026-04-24 09:13:00+00:00,1205.800048828125,1205.800048828125,1205.800048828125,1204.5,1205.5,25715
2026-04-24 09:14:00+00:00,1205.199951171875,1205.199951171875,1205.800048828125,1205.0,1205.800048828125,12232
2026-04-24 09:15:00+00:00,1205.199951171875,1205.199951171875,1205.5,1205.0999755859375,1205.199951171875,19957
2026-04-24 09:16:00+00:00,1204.800048828125,1204.800048828125,1205.199951171875,1204.4000244140625,1205.199951171875,27191
2026-04-24 09:17:00+00:00,1205.800048828125,1205.800048828125,1205.9000244140625,1204.5,1204.5,24834
2026-04-24 09:18:00+00:00,1205.0,1205.0,1205.800048828125,1204.5,1205.800048828125,19481
2026-04-24 09:19:00+00:00,1205.0,1205.0,1205.300048828125,1204.9000244140625,1205.0,23125
2026-04-24 09:20:00+00:00,1205.199951171875,1205.199951171875,1205.199951171875,1204.9000244140625,1204.9000244140625,19863
2026-04-24 09:21:00+00:00,1205.800048828125,1205.800048828125,1205.800048828125,1205.0,1205.5,29014
2026-04-24 09:22:00+00:00,1204.9000244140625,1204.9000244140625,1205.9000244140625,1204.9000244140625,1205.800048828125,32974
2026-04-24 09:23:00+00:00,1204.5999755859375,1204.5999755859375,1205.0999755859375,1204.199951171875,1205.0999755859375,20636
2026-04-24 09:24:00+00:00,1204.4000244140625,1204.4000244140625,1205.0,1204.0,1204.5,41126
2026-04-24 09:25:00+00:00,1204.5,1204.5,1205.0,1204.0,1204.4000244140625,27168
2026-04-24 09:26:00+00:00,1205.4000244140625,1205.4000244140625,1205.5999755859375,1204.0999755859375,1204.300048828125,30984
2026-04-24 09:27:00+00:00,1205.0999755859375,1205.0999755859375,1205.5,1204.5,1205.199951171875,28171
2026-04-24 09:28:00+00:00,1205.199951171875,1205.199951171875,1205.4000244140625,1204.699951171875,1205.0999755859375,17867
2026-04-24 09:29:00+00:00,1205.300048828125,1205.300048828125,1205.4000244140625,1204.4000244140625,1205.199951171875,26537
2026-04-24 09:30:00+00:00,1205.5999755859375,1205.5999755859375,1206.0,1205.199951171875,1205.199951171875,59563
2026-04-24 09:31:00+00:00,1204.5999755859375,1204.5999755859375,1205.300048828125,1204.300048828125,1205.300048828125,50316
2026-04-24 09:32:00+00:00,1204.0999755859375,1204.0999755859375,1205.0,1204.0,1204.699951171875,33195
2026-04-24 09:33:00+00:00,1203.0,1203.0,1204.0999755859375,1203.0,1204.0,41810
2026-04-24 09:34:00+00:00,1201.0999755859375,1201.0999755859375,1203.0999755859375,1201.0999755859375,1203.0,40838
2026-04-24 09:35:00+00:00,1200.5,1200.5,1201.4000244140625,1200.4000244140625,1201.0,38082
2026-04-24 09:36:00+00:00,1202.4000244140625,1202.4000244140625,1202.4000244140625,1200.199951171875,1200.699951171875,46365
2026-04-24 09:37:00+00:00,1203.5999755859375,1203.5999755859375,1203.699951171875,1202.4000244140625,1202.4000244140625,40568
2026-04-24 09:38:00+00:00,1204.0,1204.0,1204.5,1203.5,1203.5,85990
2026-04-24 09:39:00+00:00,1204.0999755859375,1204.0999755859375,1204.199951171875,1203.5999755859375,1204.0,51336
2026-04-24 09:40:00+00:00,1203.9000244140625,1203.9000244140625,1204.300048828125,1203.800048828125,1204.0999755859375,54413
2026-04-24 09:41:00+00:00,1204.0999755859375,1204.0999755859375,1204.5,1203.9000244140625,1204.0,43091
2026-04-24 09:42:00+00:00,1204.0999755859375,1204.0999755859375,1204.0999755859375,1203.5999755859375,1204.0999755859375,52945
2026-04-24 09:43:00+00:00,1204.0999755859375,1204.0999755859375,1204.0999755859375,1203.5,1204.0,54180
2026-04-24 09:44:00+00:00,1204.0999755859375,1204.0999755859375,1204.4000244140625,1203.5999755859375,1204.300048828125,48744
2026-04-24 09:45:00+00:00,1204.0999755859375,1204.0999755859375,1204.300048828125,1203.0999755859375,1204.0999755859375,56607
2026-04-24 09:46:00+00:00,1204.199951171875,1204.199951171875,1204.300048828125,1203.0999755859375,1204.0999755859375,61756
2026-04-24 09:47:00+00:00,1204.300048828125,1204.300048828125,1204.300048828125,1203.800048828125,1204.199951171875,45155
2026-04-24 09:48:00+00:00,1202.699951171875,1202.699951171875,1204.300048828125,1202.300048828125,1204.199951171875,96758
2026-04-24 09:49:00+00:00,1202.4000244140625,1202.4000244140625,1202.699951171875,1202.300048828125,1202.699951171875,34486
2026-04-24 09:50:00+00:00,1203.5999755859375,1203.5999755859375,1203.9000244140625,1202.4000244140625,1202.4000244140625,55816
2026-04-24 09:51:00+00:00,1202.4000244140625,1202.4000244140625,1203.5999755859375,1202.0,1203.5999755859375,50578
2026-04-24 09:52:00+00:00,1202.199951171875,1202.199951171875,1202.4000244140625,1202.0,1202.4000244140625,29045
2026-04-24 09:53:00+00:00,1202.800048828125,1202.800048828125,1202.800048828125,1202.0,1202.199951171875,37742
2026-04-24 09:54:00+00:00,1202.0999755859375,1202.0999755859375,1202.800048828125,1201.699951171875,1202.800048828125,45117
2026-04-24 09:55:00+00:00,1201.199951171875,1201.199951171875,1203.4000244140625,1200.199951171875,1202.0999755859375,103340
2026-04-24 09:56:00+00:00,1201.9000244140625,1201.9000244140625,1202.300048828125,1200.699951171875,1201.4000244140625,53544
2026-04-24 09:57:00+00:00,1201.699951171875,1201.699951171875,1202.5,1201.4000244140625,1201.9000244140625,43925
2026-04-24 09:58:00+00:00,1201.9000244140625,1201.9000244140625,1202.699951171875,1201.300048828125,1202.5,41332
2026-04-24 09:59:00+00:00,1202.5,1202.5,1202.9000244140625,1201.9000244140625,1202.0,31268
2026-04-27 03:45:00+00:00,1208.800048828125,1208.800048828125,1211.0,1201.0,1208.199951171875,0
2026-04-27 03:46:00+00:00,1207.300048828125,1207.300048828125,1209.9000244140625,1206.4000244140625,1208.9000244140625,72361
2026-04-27 03:47:00+00:00,1205.0,1205.0,1207.0999755859375,1202.0,1206.5999755859375,58377
2026-04-27 03:48:00+00:00,1207.5,1207.5,1207.5999755859375,1204.0,1204.0,35980
2026-04-27 03:49:00+00:00,1204.9000244140625,1204.9000244140625,1207.699951171875,1202.199951171875,1207.5,37440
2026-04-27 03:50:00+00:00,1203.699951171875,1203.699951171875,1205.4000244140625,1203.0,1204.5,32964
2026-04-27 03:51:00+00:00,1211.0,1211.0,1212.300048828125,1203.0,1203.199951171875,66222
2026-04-27 03:52:00+00:00,1210.699951171875,1210.699951171875,1211.0,1208.800048828125,1211.0,45628
2026-04-27 03:53:00+00:00,1210.0,1210.0,1211.199951171875,1208.199951171875,1211.0,19477
2026-04-27 03:54:00+00:00,1211.5,1211.5,1211.5,1209.4000244140625,1209.9000244140625,14231
2026-04-27 03:55:00+00:00,1212.199951171875,1212.199951171875,1213.4000244140625,1212.0,1212.800048828125,38467
2026-04-27 03:56:00+00:00,1211.800048828125,1211.800048828125,1214.199951171875,1211.199951171875,1212.199951171875,22604
2026-04-27 03:57:00+00:00,1213.5,1213.5,1213.699951171875,1211.0,1211.4000244140625,14578
2026-04-27 03:58:00+00:00,1213.0,1213.0,1213.5,1211.9000244140625,1213.5,11776
2026-04-27 03:59:00+00:00,1213.199951171875,1213.199951171875,1213.800048828125,1212.4000244140625,1212.699951171875,16714
2026-04-27 04:00:00+00:00,1211.9000244140625,1211.9000244140625,1213.699951171875,1211.9000244140625,1213.699951171875,36172
2026-04-27 04:01:00+00:00,1212.5999755859375,1212.5999755859375,1212.9000244140625,1210.0,1211.0999755859375,24974
2026-04-27 04:02:00+00:00,1212.5999755859375,1212.5999755859375,1216.5999755859375,1212.5999755859375,1214.4000244140625,43115
2026-04-27 04:03:00+00:00,1210.300048828125,1210.300048828125,1213.5,1210.300048828125,1213.5,23960
2026-04-27 04:04:00+00:00,1210.800048828125,1210.800048828125,1212.199951171875,1210.199951171875,1212.199951171875,25665
2026-04-27 04:05:00+00:00,1210.800048828125,1210.800048828125,1211.300048828125,1210.0,1210.800048828125,13153
2026-04-27 04:06:00+00:00,1209.9000244140625,1209.9000244140625,1211.9000244140625,1209.9000244140625,1211.0,17423
2026-04-27 04:07:00+00:00,1207.5999755859375,1207.5999755859375,1209.4000244140625,1207.5999755859375,1207.5999755859375,33072
2026-04-27 04:08:00+00:00,1208.0,1208.0,1208.4000244140625,1207.0999755859375,1207.9000244140625,12351
2026-04-27 04:09:00+00:00,1207.5,1207.5,1208.4000244140625,1206.5,1208.0,16633
2026-04-27 04:10:00+00:00,1208.0,1208.0,1208.699951171875,1207.0,1208.4000244140625,11691
2026-04-27 04:11:00+00:00,1207.5999755859375,1207.5999755859375,1208.300048828125,1207.300048828125,1208.300048828125,7468
2026-04-27 04:12:00+00:00,1208.800048828125,1208.800048828125,1209.0,1207.5,1207.5,14111
2026-04-27 04:13:00+00:00,1211.0,1211.0,1211.0,1209.5,1209.5,17001
2026-04-27 04:14:00+00:00,1211.800048828125,1211.800048828125,1211.9000244140625,1210.5,1211.0,5022
2026-04-27 04:15:00+00:00,1216.0,1216.0,1216.800048828125,1214.199951171875,1214.199951171875,55171
2026-04-27 04:16:00+00:00,1215.199951171875,1215.199951171875,1216.4000244140625,1215.0999755859375,1216.4000244140625,18242
2026-04-27 04:17:00+00:00,1214.300048828125,1214.300048828125,1215.5999755859375,1214.300048828125,1215.199951171875,20507
2026-04-27 04:18:00+00:00,1214.4000244140625,1214.4000244140625,1215.5999755859375,1213.9000244140625,1214.0,17433
2026-04-27 04:19:00+00:00,1213.4000244140625,1213.4000244140625,1214.4000244140625,1212.800048828125,1213.5999755859375,13674
2026-04-27 04:20:00+00:00,1215.5999755859375,1215.5999755859375,1216.0,1213.4000244140625,1213.4000244140625,12200
2026-04-27 04:21:00+00:00,1214.5999755859375,1214.5999755859375,1215.9000244140625,1214.0999755859375,1215.9000244140625,18478
2026-04-27 04:22:00+00:00,1213.800048828125,1213.800048828125,1215.0,1211.800048828125,1214.5999755859375,34770
2026-04-27 04:23:00+00:00,1214.0999755859375,1214.0999755859375,1214.199951171875,1211.800048828125,1213.5,20937
2026-04-27 04:24:00+00:00,1213.5,1213.5,1214.199951171875,1212.4000244140625,1214.0,45472
2026-04-27 04:25:00+00:00,1213.699951171875,1213.699951171875,1214.0,1213.0999755859375,1213.800048828125,46346
2026-04-27 04:26:00+00:00,1215.5999755859375,1215.5999755859375,1215.9000244140625,1213.0,1213.0,40830
2026-04-27 04:27:00+00:00,1214.4000244140625,1214.4000244140625,1215.5,1213.800048828125,1215.0,18690
2026-04-27 04:28:00+00:00,1214.0999755859375,1214.0999755859375,1214.9000244140625,1213.800048828125,1214.4000244140625,7573
2026-04-27 04:29:00+00:00,1210.800048828125,1210.800048828125,1214.0999755859375,1210.5999755859375,1214.0999755859375,9746
2026-04-27 04:30:00+00:00,1209.4000244140625,1209.4000244140625,1210.5999755859375,1208.699951171875,1210.5,40639
2026-04-27 04:31:00+00:00,1212.5999755859375,1212.5999755859375,1212.5999755859375,1208.699951171875,1209.4000244140625,12921
2026-04-27 04:32:00+00:00,1210.0,1210.0,1212.699951171875,1210.0,1212.699951171875,36637
2026-04-27 04:33:00+00:00,1210.5999755859375,1210.5999755859375,1211.4000244140625,1210.0999755859375,1210.199951171875,18214
2026-04-27 04:34:00+00:00,1210.699951171875,1210.699951171875,1211.4000244140625,1210.0,1210.699951171875,17062
2026-04-27 04:35:00+00:00,1210.199951171875,1210.199951171875,1210.199951171875,1208.300048828125,1209.800048828125,15473
2026-04-27 04:36:00+00:00,1209.5,1209.5,1210.800048828125,1209.5,1210.5999755859375,5435
2026-04-27 04:37:00+00:00,1208.9000244140625,1208.9000244140625,1210.0,1208.5999755859375,1210.0,10887
2026-04-27 04:38:00+00:00,1208.699951171875,1208.699951171875,1209.300048828125,1208.0,1208.699951171875,21224
2026-04-27 04:39:00+00:00,1208.300048828125,1208.300048828125,1209.5,1208.0,1209.199951171875,11039
2026-04-27 04:40:00+00:00,1209.0,1209.0,1209.5,1207.699951171875,1208.0999755859375,21587
2026-04-27 04:41:00+00:00,1209.800048828125,1209.800048828125,1209.800048828125,1208.5,1209.0,10539
2026-04-27 04:42:00+00:00,1210.5999755859375,1210.5999755859375,1211.0999755859375,1209.199951171875,1209.5999755859375,14385
2026-04-27 04:43:00+00:00,1211.0,1211.0,1211.0,1210.300048828125,1210.800048828125,10188
2026-04-27 04:44:00+00:00,1212.0999755859375,1212.0999755859375,1212.699951171875,1210.699951171875,1210.699951171875,16905
2026-04-27 04:45:00+00:00,1213.0,1213.0,1213.199951171875,1211.800048828125,1212.0,13906
2026-04-27 04:46:00+00:00,1213.9000244140625,1213.9000244140625,1214.0,1212.800048828125,1213.0,12861
2026-04-27 04:47:00+00:00,1214.9000244140625,1214.9000244140625,1214.9000244140625,1213.9000244140625,1214.4000244140625,14926
2026-04-27 04:48:00+00:00,1215.300048828125,1215.300048828125,1215.300048828125,1214.699951171875,1214.699951171875,17114
2026-04-27 04:49:00+00:00,1217.4000244140625,1217.4000244140625,1217.9000244140625,1214.199951171875,1214.199951171875,45860
2026-04-27 04:50:00+00:00,1215.300048828125,1215.300048828125,1217.199951171875,1215.0,1217.199951171875,9374
2026-04-27 04:51:00+00:00,1216.4000244140625,1216.4000244140625,1216.9000244140625,1214.5999755859375,1215.300048828125,12040
2026-04-27 04:52:00+00:00,1217.199951171875,1217.199951171875,1217.5999755859375,1216.800048828125,1216.800048828125,8481
2026-04-27 04:53:00+00:00,1216.0999755859375,1216.0999755859375,1217.300048828125,1216.0999755859375,1217.0,8670
2026-04-27 04:54:00+00:00,1215.9000244140625,1215.9000244140625,1217.199951171875,1215.300048828125,1216.300048828125,10543
2026-04-27 04:55:00+00:00,1217.0,1217.0,1217.0999755859375,1215.199951171875,1215.9000244140625,8975
2026-04-27 04:56:00+00:00,1217.4000244140625,1217.4000244140625,1217.5999755859375,1216.4000244140625,1217.0,18600
2026-04-27 04:57:00+00:00,1216.0,1216.0,1216.800048828125,1215.5999755859375,1216.800048828125,6671
2026-04-27 04:58:00+00:00,1217.0,1217.0,1217.0,1216.0,1216.0,9879
2026-04-27 04:59:00+00:00,1216.300048828125,1216.300048828125,1216.9000244140625,1216.199951171875,1216.699951171875,8532
2026-04-27 05:00:00+00:00,1216.0,1216.0,1217.4000244140625,1216.0,1216.9000244140625,7946
2026-04-27 05:01:00+00:00,1215.699951171875,1215.699951171875,1216.9000244140625,1215.4000244140625,1216.5,9282
2026-04-27 05:02:00+00:00,1215.0,1215.0,1215.699951171875,1214.9000244140625,1215.699951171875,17000
2026-04-27 05:03:00+00:00,1215.0,1215.0,1215.9000244140625,1214.5,1215.0,13121
2026-04-27 05:04:00+00:00,1215.800048828125,1215.800048828125,1216.0,1215.0,1215.4000244140625,9915
2026-04-27 05:05:00+00:00,1214.699951171875,1214.699951171875,1215.800048828125,1214.699951171875,1215.199951171875,7047
2026-04-27 05:06:00+00:00,1215.5,1215.5,1215.9000244140625,1214.300048828125,1215.0999755859375,8428
2026-04-27 05:07:00+00:00,1215.5999755859375,1215.5999755859375,1216.0,1215.300048828125,1215.5,5078
2026-04-27 05:08:00+00:00,1214.800048828125,1214.800048828125,1215.699951171875,1214.800048828125,1215.5999755859375,11882
2026-04-27 05:09:00+00:00,1214.699951171875,1214.699951171875,1215.5,1214.699951171875,1215.199951171875,4352
2026-04-27 05:10:00+00:00,1214.199951171875,1214.199951171875,1214.699951171875,1214.0999755859375,1214.0999755859375,2483
2026-04-27 05:11:00+00:00,1214.199951171875,1214.199951171875,1215.300048828125,1214.0999755859375,1214.4000244140625,11810
2026-04-27 05:12:00+00:00,1215.0,1215.0,1215.300048828125,1214.5,1214.800048828125,8121
2026-04-27 05:13:00+00:00,1214.5,1214.5,1215.0,1214.0999755859375,1215.0,4837
2026-04-27 05:14:00+00:00,1215.0,1215.0,1215.0,1214.0999755859375,1214.5,8872
2026-04-27 05:15:00+00:00,1214.800048828125,1214.800048828125,1215.0999755859375,1214.300048828125,1215.0,8621
2026-04-27 05:16:00+00:00,1215.5,1215.5,1215.5,1214.0999755859375,1214.9000244140625,8767
2026-04-27 05:17:00+00:00,1215.5,1215.5,1215.699951171875,1215.300048828125,1215.5,3928
2026-04-27 05:18:00+00:00,1215.300048828125,1215.300048828125,1215.800048828125,1214.5,1215.800048828125,10603
2026-04-27 05:19:00+00:00,1216.4000244140625,1216.4000244140625,1216.4000244140625,1215.5999755859375,1215.5999755859375,14475
2026-04-27 05:20:00+00:00,1217.0,1217.0,1217.0,1216.0999755859375,1216.4000244140625,13418
2026-04-27 05:21:00+00:00,1216.800048828125,1216.800048828125,1217.199951171875,1216.300048828125,1217.0999755859375,22030
2026-04-27 05:22:00+00:00,1217.0,1217.0,1217.5999755859375,1216.300048828125,1216.800048828125,8967
2026-04-27 05:23:00+00:00,1216.0,1216.0,1217.0,1215.199951171875,1217.0,9631
2026-04-27 05:24:00+00:00,1215.800048828125,1215.800048828125,1216.0999755859375,1215.5999755859375,1216.0,4333
2026-04-27 05:25:00+00:00,1215.800048828125,1215.800048828125,1215.9000244140625,1215.300048828125,1215.9000244140625,4193
2026-04-27 05:26:00+00:00,1216.0,1216.0,1216.0,1215.199951171875,1215.5999755859375,2929
2026-04-27 05:27:00+00:00,1215.800048828125,1215.800048828125,1216.0,1215.5999755859375,1215.5999755859375,4604
2026-04-27 05:28:00+00:00,1216.300048828125,1216.300048828125,1216.800048828125,1215.5999755859375,1215.800048828125,10293
2026-04-27 05:29:00+00:00,1216.5,1216.5,1216.5999755859375,1216.300048828125,1216.300048828125,7954
2026-04-27 05:30:00+00:00,1217.4000244140625,1217.4000244140625,1217.5,1216.5,1216.5,9045
2026-04-27 05:31:00+00:00,1218.699951171875,1218.699951171875,1218.9000244140625,1217.5999755859375,1217.5999755859375,20964
2026-04-27 05:32:00+00:00,1218.5999755859375,1218.5999755859375,1219.4000244140625,1218.199951171875,1218.699951171875,20902
2026-04-27 05:33:00+00:00,1218.4000244140625,1218.4000244140625,1218.4000244140625,1217.5,1218.199951171875,21014
2026-04-27 05:34:00+00:00,1218.199951171875,1218.199951171875,1218.9000244140625,1216.699951171875,1218.5,12337
2026-04-27 05:35:00+00:00,1217.5999755859375,1217.5999755859375,1218.300048828125,1217.300048828125,1218.300048828125,10880
2026-04-27 05:36:00+00:00,1216.800048828125,1216.800048828125,1217.5999755859375,1216.0,1217.5999755859375,11998
2026-04-27 05:37:00+00:00,1216.0,1216.0,1217.0,1215.5,1216.5999755859375,21591
2026-04-27 05:38:00+00:00,1214.800048828125,1214.800048828125,1216.199951171875,1214.699951171875,1215.5999755859375,13652
2026-04-27 05:39:00+00:00,1215.4000244140625,1215.4000244140625,1215.4000244140625,1214.199951171875,1215.0,21013
2026-04-27 05:40:00+00:00,1217.0999755859375,1217.0999755859375,1217.0999755859375,1215.0,1215.5999755859375,15275
2026-04-27 05:41:00+00:00,1215.5999755859375,1215.5999755859375,1217.5999755859375,1215.4000244140625,1217.199951171875,10358
2026-04-27 05:42:00+00:00,1216.199951171875,1216.199951171875,1216.5,1215.300048828125,1215.5999755859375,3662
2026-04-27 05:43:00+00:00,1217.5,1217.5,1217.9000244140625,1215.800048828125,1216.0,7376
2026-04-27 05:44:00+00:00,1217.0999755859375,1217.0999755859375,1217.800048828125,1217.0,1217.199951171875,7354
2026-04-27 05:45:00+00:00,1217.0,1217.0,1217.300048828125,1216.300048828125,1217.0999755859375,14200
2026-04-27 05:46:00+00:00,1216.300048828125,1216.300048828125,1217.0999755859375,1216.199951171875,1217.0999755859375,10086
2026-04-27 05:47:00+00:00,1217.199951171875,1217.199951171875,1217.300048828125,1216.300048828125,1216.5,11763
2026-04-27 05:48:00+00:00,1217.0,1217.0,1217.199951171875,1216.4000244140625,1217.199951171875,7841
2026-04-27 05:49:00+00:00,1216.5999755859375,1216.5999755859375,1217.199951171875,1216.0999755859375,1217.0,4845
2026-04-27 05:50:00+00:00,1216.9000244140625,1216.9000244140625,1217.0,1216.4000244140625,1216.9000244140625,8660
2026-04-27 05:51:00+00:00,1216.0,1216.0,1216.9000244140625,1215.5999755859375,1216.9000244140625,25593
2026-04-27 05:52:00+00:00,1215.800048828125,1215.800048828125,1216.199951171875,1215.4000244140625,1215.4000244140625,6542
2026-04-27 05:53:00+00:00,1215.800048828125,1215.800048828125,1215.9000244140625,1215.300048828125,1215.9000244140625,7662
2026-04-27 05:54:00+00:00,1215.9000244140625,1215.9000244140625,1216.0,1215.5,1215.9000244140625,8091
2026-04-27 05:55:00+00:00,1215.699951171875,1215.699951171875,1216.4000244140625,1215.699951171875,1215.9000244140625,10232
2026-04-27 05:56:00+00:00,1215.4000244140625,1215.4000244140625,1216.0,1214.4000244140625,1215.800048828125,22668
2026-04-27 05:57:00+00:00,1215.4000244140625,1215.4000244140625,1215.4000244140625,1214.5,1215.199951171875,11394
2026-04-27 05:58:00+00:00,1215.4000244140625,1215.4000244140625,1215.5,1214.800048828125,1215.4000244140625,6960
2026-04-27 05:59:00+00:00,1215.699951171875,1215.699951171875,1216.5999755859375,1215.0999755859375,1215.0999755859375,32193
2026-04-27 06:00:00+00:00,1216.5,1216.5,1216.5,1215.0,1215.9000244140625,24435
2026-04-27 06:01:00+00:00,1216.0,1216.0,1217.0999755859375,1215.0,1216.800048828125,22686
2026-04-27 06:02:00+00:00,1216.300048828125,1216.300048828125,1216.5,1215.0,1215.4000244140625,17576
2026-04-27 06:03:00+00:00,1217.5999755859375,1217.5999755859375,1217.5999755859375,1216.0,1216.300048828125,18484
2026-04-27 06:04:00+00:00,1217.300048828125,1217.300048828125,1217.699951171875,1217.0999755859375,1217.5999755859375,17345
2026-04-27 06:05:00+00:00,1217.5,1217.5,1217.800048828125,1216.199951171875,1217.199951171875,21059
2026-04-27 06:06:00+00:00,1216.0,1216.0,1217.5,1215.699951171875,1217.5,5024
2026-04-27 06:07:00+00:00,1215.0,1215.0,1215.9000244140625,1214.800048828125,1215.9000244140625,17313
2026-04-27 06:08:00+00:00,1215.5999755859375,1215.5999755859375,1215.9000244140625,1214.5,1215.300048828125,64242
2026-04-27 06:09:00+00:00,1216.5,1216.5,1216.5,1215.199951171875,1215.199951171875,18064
2026-04-27 06:10:00+00:00,1216.300048828125,1216.300048828125,1216.5,1215.5,1216.5,26277
2026-04-27 06:11:00+00:00,1216.5,1216.5,1216.699951171875,1215.5999755859375,1215.9000244140625,28002
2026-04-27 06:12:00+00:00,1217.300048828125,1217.300048828125,1217.300048828125,1215.699951171875,1216.5,18501
2026-04-27 06:13:00+00:00,1217.0,1217.0,1217.800048828125,1216.199951171875,1217.300048828125,23982
2026-04-27 06:14:00+00:00,1217.800048828125,1217.800048828125,1218.800048828125,1216.199951171875,1217.0,108171
2026-04-27 06:15:00+00:00,1216.5,1216.5,1217.699951171875,1216.199951171875,1217.4000244140625,31554
2026-04-27 06:16:00+00:00,1216.5999755859375,1216.5999755859375,1217.0,1215.199951171875,1216.5,31213
2026-04-27 06:17:00+00:00,1217.4000244140625,1217.4000244140625,1217.4000244140625,1216.5999755859375,1216.5999755859375,6497
2026-04-27 06:18:00+00:00,1215.800048828125,1215.800048828125,1217.199951171875,1215.5999755859375,1217.199951171875,20519
2026-04-27 06:19:00+00:00,1216.300048828125,1216.300048828125,1216.5999755859375,1215.5999755859375,1215.800048828125,6256
2026-04-27 06:20:00+00:00,1215.800048828125,1215.800048828125,1216.800048828125,1215.699951171875,1216.800048828125,12805
2026-04-27 06:21:00+00:00,1214.199951171875,1214.199951171875,1215.800048828125,1214.0999755859375,1215.699951171875,20343
2026-04-27 06:22:00+00:00,1213.0,1213.0,1213.9000244140625,1212.300048828125,1213.9000244140625,31588
2026-04-27 06:23:00+00:00,1213.199951171875,1213.199951171875,1213.9000244140625,1212.5999755859375,1213.0,8437
2026-04-27 06:24:00+00:00,1214.300048828125,1214.300048828125,1214.300048828125,1213.0,1213.0999755859375,10173
2026-04-27 06:25:00+00:00,1215.0,1215.0,1215.0,1214.0,1214.300048828125,4216
2026-04-27 06:26:00+00:00,1214.300048828125,1214.300048828125,1215.0,1214.0999755859375,1215.0,3503
2026-04-27 06:27:00+00:00,1214.699951171875,1214.699951171875,1214.800048828125,1214.300048828125,1214.4000244140625,5134
2026-04-27 06:28:00+00:00,1214.4000244140625,1214.4000244140625,1214.800048828125,1214.199951171875,1214.5999755859375,5410
2026-04-27 06:29:00+00:00,1215.5,1215.5,1215.5999755859375,1214.199951171875,1214.4000244140625,5450
2026-04-27 06:30:00+00:00,1215.4000244140625,1215.4000244140625,1215.800048828125,1215.300048828125,1215.5999755859375,3821
2026-04-27 06:31:00+00:00,1215.4000244140625,1215.4000244140625,1215.5999755859375,1215.300048828125,1215.5999755859375,3596
2026-04-27 06:32:00+00:00,1215.0,1215.0,1215.5,1215.0,1215.4000244140625,13663
2026-04-27 06:33:00+00:00,1214.5,1214.5,1215.0,1214.5,1215.0,2792
2026-04-27 06:34:00+00:00,1214.9000244140625,1214.9000244140625,1215.0,1214.5,1214.5999755859375,4717
2026-04-27 06:35:00+00:00,1214.9000244140625,1214.9000244140625,1215.0999755859375,1214.9000244140625,1215.0999755859375,3980
2026-04-27 06:36:00+00:00,1217.4000244140625,1217.4000244140625,1217.4000244140625,1215.199951171875,1215.300048828125,70540
2026-04-27 06:37:00+00:00,1217.5999755859375,1217.5999755859375,1218.5,1217.5999755859375,1218.5,30633
2026-04-27 06:38:00+00:00,1219.0,1219.0,1219.199951171875,1217.5999755859375,1217.5999755859375,13328
2026-04-27 06:39:00+00:00,1219.4000244140625,1219.4000244140625,1219.5,1218.300048828125,1219.0,17249
2026-04-27 06:40:00+00:00,1220.300048828125,1220.300048828125,1220.800048828125,1218.9000244140625,1219.300048828125,25609
2026-04-27 06:41:00+00:00,1219.800048828125,1219.800048828125,1220.699951171875,1219.5,1220.0,9691
2026-04-27 06:42:00+00:00,1220.9000244140625,1220.9000244140625,1221.0999755859375,1219.5999755859375,1219.800048828125,13970
2026-04-27 06:43:00+00:00,1220.800048828125,1220.800048828125,1220.9000244140625,1220.0999755859375,1220.9000244140625,8150
2026-04-27 06:44:00+00:00,1220.300048828125,1220.300048828125,1220.699951171875,1219.699951171875,1220.4000244140625,10394
2026-04-27 06:45:00+00:00,1221.4000244140625,1221.4000244140625,1221.800048828125,1220.0,1220.300048828125,11983
2026-04-27 06:46:00+00:00,1220.699951171875,1220.699951171875,1221.4000244140625,1220.0,1221.4000244140625,11606
2026-04-27 06:47:00+00:00,1219.9000244140625,1219.9000244140625,1220.5999755859375,1219.4000244140625,1220.0,6517
2026-04-27 06:48:00+00:00,1219.5999755859375,1219.5999755859375,1220.0,1219.300048828125,1219.9000244140625,3517
2026-04-27 06:49:00+00:00,1220.0,1220.0,1220.300048828125,1219.5999755859375,1219.5999755859375,10316
2026-04-27 06:50:00+00:00,1218.5,1218.5,1220.0,1218.300048828125,1220.0,12828
2026-04-27 06:51:00+00:00,1218.5,1218.5,1218.5999755859375,1217.699951171875,1218.0,8023
2026-04-27 06:52:00+00:00,1219.0,1219.0,1219.0,1218.0999755859375,1218.5,3421
2026-04-27 06:53:00+00:00,1219.699951171875,1219.699951171875,1220.0,1219.300048828125,1219.5,6007
2026-04-27 06:54:00+00:00,1220.0,1220.0,1220.0,1219.5999755859375,1219.699951171875,3407
2026-04-27 06:55:00+00:00,1219.800048828125,1219.800048828125,1220.0,1219.199951171875,1220.0,3985
2026-04-27 06:56:00+00:00,1219.5999755859375,1219.5999755859375,1220.0,1219.4000244140625,1219.5999755859375,4858
2026-04-27 06:57:00+00:00,1218.4000244140625,1218.4000244140625,1219.699951171875,1218.4000244140625,1219.5,11737
2026-04-27 06:58:00+00:00,1219.199951171875,1219.199951171875,1219.199951171875,1218.4000244140625,1218.800048828125,4645
2026-04-27 06:59:00+00:00,1218.300048828125,1218.300048828125,1219.199951171875,1218.300048828125,1219.199951171875,4363
2026-04-27 07:00:00+00:00,1218.699951171875,1218.699951171875,1218.800048828125,1218.0999755859375,1218.300048828125,4741
2026-04-27 07:01:00+00:00,1219.5999755859375,1219.5999755859375,1219.5999755859375,1218.5999755859375,1218.699951171875,5630
2026-04-27 07:02:00+00:00,1218.800048828125,1218.800048828125,1219.5999755859375,1218.800048828125,1219.5999755859375,2802
2026-04-27 07:03:00+00:00,1219.0,1219.0,1219.199951171875,1218.699951171875,1218.800048828125,10978
2026-04-27 07:04:00+00:00,1218.800048828125,1218.800048828125,1219.0,1218.300048828125,1219.0,7036
2026-04-27 07:05:00+00:00,1218.199951171875,1218.199951171875,1218.9000244140625,1217.5999755859375,1218.9000244140625,13961
2026-04-27 07:06:00+00:00,1218.699951171875,1218.699951171875,1218.800048828125,1217.5999755859375,1218.199951171875,10563
2026-04-27 07:07:00+00:00,1218.5,1218.5,1218.800048828125,1217.800048828125,1218.800048828125,5587
2026-04-27 07:08:00+00:00,1217.800048828125,1217.800048828125,1218.5,1217.5999755859375,1218.5,5394
2026-04-27 07:09:00+00:00,1218.0999755859375,1218.0999755859375,1218.0999755859375,1217.5,1217.5999755859375,13125
2026-04-27 07:10:00+00:00,1217.800048828125,1217.800048828125,1218.300048828125,1217.199951171875,1218.300048828125,14742
2026-04-27 07:11:00+00:00,1217.0999755859375,1217.0999755859375,1218.0999755859375,1217.0,1217.300048828125,25424
2026-04-27 07:12:00+00:00,1218.4000244140625,1218.4000244140625,1218.4000244140625,1217.5,1217.800048828125,4951
2026-04-27 07:13:00+00:00,1218.0999755859375,1218.0999755859375,1219.0,1218.0999755859375,1218.5,6099
2026-04-27 07:14:00+00:00,1219.0999755859375,1219.0999755859375,1219.0999755859375,1217.4000244140625,1217.4000244140625,12621
2026-04-27 07:15:00+00:00,1218.800048828125,1218.800048828125,1219.199951171875,1218.0,1219.0999755859375,23549
2026-04-27 07:16:00+00:00,1218.800048828125,1218.800048828125,1219.0,1218.300048828125,1218.699951171875,7821
2026-04-27 07:17:00+00:00,1218.800048828125,1218.800048828125,1219.5,1218.4000244140625,1219.0,12360
2026-04-27 07:18:00+00:00,1218.699951171875,1218.699951171875,1218.800048828125,1218.199951171875,1218.800048828125,9420
2026-04-27 07:19:00+00:00,1218.5999755859375,1218.5999755859375,1218.9000244140625,1218.300048828125,1218.699951171875,13519
2026-04-27 07:20:00+00:00,1218.5,1218.5,1218.5999755859375,1217.9000244140625,1218.5999755859375,5688
2026-04-27 07:21:00+00:00,1218.699951171875,1218.699951171875,1218.699951171875,1217.5999755859375,1218.5,13488
2026-04-27 07:22:00+00:00,1218.9000244140625,1218.9000244140625,1219.4000244140625,1218.5,1218.699951171875,10735
2026-04-27 07:23:00+00:00,1218.5999755859375,1218.5999755859375,1219.699951171875,1218.5999755859375,1218.800048828125,16845
2026-04-27 07:24:00+00:00,1218.5999755859375,1218.5999755859375,1218.699951171875,1218.199951171875,1218.5999755859375,3085
2026-04-27 07:25:00+00:00,1218.5,1218.5,1218.5999755859375,1218.0,1218.5999755859375,7136
2026-04-27 07:26:00+00:00,1218.699951171875,1218.699951171875,1218.699951171875,1218.199951171875,1218.5,3262
2026-04-27 07:27:00+00:00,1218.5999755859375,1218.5999755859375,1218.800048828125,1218.5999755859375,1218.699951171875,5045
2026-04-27 07:28:00+00:00,1218.5,1218.5,1218.699951171875,1218.4000244140625,1218.5999755859375,3615
2026-04-27 07:29:00+00:00,1218.5,1218.5,1218.5,1218.4000244140625,1218.5,4743
2026-04-27 07:30:00+00:00,1219.0,1219.0,1219.0,1218.5,1218.5,4734
2026-04-27 07:31:00+00:00,1220.0,1220.0,1220.0,1218.9000244140625,1219.199951171875,5358
2026-04-27 07:32:00+00:00,1220.199951171875,1220.199951171875,1220.199951171875,1219.800048828125,1219.9000244140625,8513
2026-04-27 07:33:00+00:00,1220.4000244140625,1220.4000244140625,1220.5,1220.300048828125,1220.5,4217
2026-04-27 07:34:00+00:00,1220.0999755859375,1220.0999755859375,1221.0,1220.0999755859375,1220.5,6478
2026-04-27 07:35:00+00:00,1220.300048828125,1220.300048828125,1220.4000244140625,1220.300048828125,1220.4000244140625,3727
2026-04-27 07:36:00+00:00,1220.5,1220.5,1220.5999755859375,1220.300048828125,1220.4000244140625,2331
2026-04-27 07:37:00+00:00,1220.4000244140625,1220.4000244140625,1220.5999755859375,1220.199951171875,1220.4000244140625,8067
2026-04-27 07:38:00+00:00,1220.5,1220.5,1220.5,1220.300048828125,1220.300048828125,2377
2026-04-27 07:39:00+00:00,1219.9000244140625,1219.9000244140625,1220.4000244140625,1219.9000244140625,1220.300048828125,2989
2026-04-27 07:40:00+00:00,1220.0,1220.0,1220.199951171875,1220.0,1220.0,4611
2026-04-27 07:41:00+00:00,1220.199951171875,1220.199951171875,1220.199951171875,1220.0,1220.0,3250
2026-04-27 07:42:00+00:00,1219.9000244140625,1219.9000244140625,1220.0999755859375,1219.800048828125,1219.800048828125,11029
2026-04-27 07:43:00+00:00,1220.5,1220.5,1220.5999755859375,1219.5999755859375,1219.9000244140625,11398
2026-04-27 07:44:00+00:00,1220.800048828125,1220.800048828125,1221.0,1220.4000244140625,1220.5999755859375,14409
2026-04-27 07:45:00+00:00,1221.5,1221.5,1221.5,1220.4000244140625,1220.800048828125,14798
2026-04-27 07:46:00+00:00,1221.5,1221.5,1221.5,1221.0,1221.5,4129
2026-04-27 07:47:00+00:00,1221.0,1221.0,1221.5999755859375,1221.0,1221.199951171875,8117
2026-04-27 07:48:00+00:00,1221.0,1221.0,1221.0999755859375,1220.4000244140625,1221.0,9291
2026-04-27 07:49:00+00:00,1220.199951171875,1220.199951171875,1221.0,1220.0,1221.0,8659
2026-04-27 07:50:00+00:00,1220.800048828125,1220.800048828125,1220.9000244140625,1220.0,1220.199951171875,13950
2026-04-27 07:51:00+00:00,1221.0999755859375,1221.0999755859375,1221.5,1220.4000244140625,1220.4000244140625,10313
2026-04-27 07:52:00+00:00,1221.0999755859375,1221.0999755859375,1221.5,1220.4000244140625,1221.300048828125,12734
2026-04-27 07:53:00+00:00,1221.0,1221.0,1221.199951171875,1220.5,1221.0999755859375,6891
2026-04-27 07:54:00+00:00,1221.0,1221.0,1221.4000244140625,1220.800048828125,1221.0,7158
2026-04-27 07:55:00+00:00,1221.0999755859375,1221.0999755859375,1221.5,1221.0,1221.0,14501
2026-04-27 07:56:00+00:00,1221.300048828125,1221.300048828125,1221.300048828125,1220.4000244140625,1220.4000244140625,13386
2026-04-27 07:57:00+00:00,1221.5,1221.5,1221.5,1220.800048828125,1221.0,16101
2026-04-27 07:58:00+00:00,1221.4000244140625,1221.4000244140625,1221.5,1221.0,1221.5,3418
2026-04-27 07:59:00+00:00,1220.199951171875,1220.199951171875,1221.300048828125,1220.0999755859375,1221.300048828125,6310
2026-04-27 08:00:00+00:00,1220.9000244140625,1220.9000244140625,1220.9000244140625,1220.0999755859375,1220.300048828125,2722
2026-04-27 08:01:00+00:00,1221.0,1221.0,1221.199951171875,1220.800048828125,1220.9000244140625,3265
2026-04-27 08:02:00+00:00,1221.800048828125,1221.800048828125,1221.800048828125,1220.5999755859375,1221.0,14960
2026-04-27 08:03:00+00:00,1221.5,1221.5,1222.0,1221.0,1222.0,6663
2026-04-27 08:04:00+00:00,1221.5,1221.5,1221.5999755859375,1221.0,1221.300048828125,4362
2026-04-27 08:05:00+00:00,1222.199951171875,1222.199951171875,1222.199951171875,1221.5,1221.5,15627
2026-04-27 08:06:00+00:00,1221.5999755859375,1221.5999755859375,1222.0999755859375,1221.5999755859375,1222.0,8395
2026-04-27 08:07:00+00:00,1221.5,1221.5,1221.5,1220.9000244140625,1221.4000244140625,8010
2026-04-27 08:08:00+00:00,1221.9000244140625,1221.9000244140625,1222.0,1221.5,1221.5,6847
2026-04-27 08:09:00+00:00,1222.0,1222.0,1222.0,1221.5999755859375,1221.800048828125,2486
2026-04-27 08:10:00+00:00,1222.300048828125,1222.300048828125,1222.699951171875,1221.9000244140625,1222.0,12104
2026-04-27 08:11:00+00:00,1222.699951171875,1222.699951171875,1223.0,1222.199951171875,1222.5,43434
2026-04-27 08:12:00+00:00,1222.0,1222.0,1222.699951171875,1220.5,1222.699951171875,55578
2026-04-27 08:13:00+00:00,1222.0,1222.0,1222.4000244140625,1221.4000244140625,1222.0,9362
2026-04-27 08:14:00+00:00,1221.5,1221.5,1222.199951171875,1221.300048828125,1221.9000244140625,5499
2026-04-27 08:15:00+00:00,1221.9000244140625,1221.9000244140625,1222.0999755859375,1221.300048828125,1221.5,4350
2026-04-27 08:16:00+00:00,1222.0999755859375,1222.0999755859375,1222.300048828125,1221.699951171875,1221.699951171875,3361
2026-04-27 08:17:00+00:00,1222.4000244140625,1222.4000244140625,1222.5999755859375,1221.5,1222.0,18822
2026-04-27 08:18:00+00:00,1222.199951171875,1222.199951171875,1222.4000244140625,1221.5999755859375,1222.4000244140625,4115
2026-04-27 08:19:00+00:00,1220.9000244140625,1220.9000244140625,1222.199951171875,1220.9000244140625,1222.0,6964
2026-04-27 08:20:00+00:00,1220.800048828125,1220.800048828125,1221.0,1220.4000244140625,1221.0,8079
2026-04-27 08:21:00+00:00,1220.4000244140625,1220.4000244140625,1220.9000244140625,1220.4000244140625,1220.5999755859375,11071
2026-04-27 08:22:00+00:00,1220.5,1220.5,1220.800048828125,1220.4000244140625,1220.5999755859375,3642
2026-04-27 08:23:00+00:00,1220.300048828125,1220.300048828125,1220.699951171875,1220.300048828125,1220.5,11092
2026-04-27 08:24:00+00:00,1220.699951171875,1220.699951171875,1220.800048828125,1220.199951171875,1220.5,10357
2026-04-27 08:25:00+00:00,1220.9000244140625,1220.9000244140625,1221.0999755859375,1220.0999755859375,1220.699951171875,13936
2026-04-27 08:26:00+00:00,1220.5,1220.5,1221.0,1220.300048828125,1220.9000244140625,14308
2026-04-27 08:27:00+00:00,1222.0,1222.0,1222.0,1220.800048828125,1220.800048828125,20514
2026-04-27 08:28:00+00:00,1221.699951171875,1221.699951171875,1222.300048828125,1221.4000244140625,1222.0,17559
2026-04-27 08:29:00+00:00,1222.4000244140625,1222.4000244140625,1222.5999755859375,1221.5999755859375,1222.199951171875,9635
2026-04-27 08:30:00+00:00,1223.0999755859375,1223.0999755859375,1223.0999755859375,1221.5,1222.4000244140625,45623
2026-04-27 08:31:00+00:00,1222.5999755859375,1222.5999755859375,1223.4000244140625,1222.0999755859375,1223.0999755859375,27076
2026-04-27 08:32:00+00:00,1222.0999755859375,1222.0999755859375,1222.800048828125,1222.0999755859375,1222.199951171875,5562
2026-04-27 08:33:00+00:00,1221.199951171875,1221.199951171875,1222.0999755859375,1221.199951171875,1222.0999755859375,11003
2026-04-27 08:34:00+00:00,1221.5,1221.5,1221.9000244140625,1221.4000244140625,1221.4000244140625,6992
2026-04-27 08:35:00+00:00,1221.5999755859375,1221.5999755859375,1221.699951171875,1221.300048828125,1221.5,3928
2026-04-27 08:36:00+00:00,1220.5999755859375,1220.5999755859375,1221.699951171875,1220.5999755859375,1221.5999755859375,5805
2026-04-27 08:37:00+00:00,1220.800048828125,1220.800048828125,1221.0,1220.5999755859375,1220.5999755859375,4885
2026-04-27 08:38:00+00:00,1221.5,1221.5,1221.800048828125,1220.800048828125,1220.800048828125,6958
2026-04-27 08:39:00+00:00,1222.300048828125,1222.300048828125,1222.699951171875,1221.9000244140625,1222.0999755859375,3969
2026-04-27 08:40:00+00:00,1222.699951171875,1222.699951171875,1223.5,1221.800048828125,1222.300048828125,41526
2026-04-27 08:41:00+00:00,1222.699951171875,1222.699951171875,1223.0999755859375,1222.300048828125,1222.9000244140625,10123
2026-04-27 08:42:00+00:00,1223.300048828125,1223.300048828125,1223.4000244140625,1222.5,1222.5999755859375,15165
2026-04-27 08:43:00+00:00,1224.300048828125,1224.300048828125,1224.5,1222.9000244140625,1223.300048828125,36224
2026-04-27 08:44:00+00:00,1223.9000244140625,1223.9000244140625,1224.5,1223.0999755859375,1223.9000244140625,21899
2026-04-27 08:45:00+00:00,1223.5999755859375,1223.5999755859375,1224.300048828125,1223.199951171875,1223.9000244140625,30349
2026-04-27 08:46:00+00:00,1223.0,1223.0,1223.5,1222.800048828125,1223.5,6418
2026-04-27 08:47:00+00:00,1223.699951171875,1223.699951171875,1223.9000244140625,1222.800048828125,1222.800048828125,19227
2026-04-27 08:48:00+00:00,1223.300048828125,1223.300048828125,1224.0,1222.9000244140625,1223.699951171875,66192
2026-04-27 08:49:00+00:00,1223.5,1223.5,1224.199951171875,1223.0,1223.300048828125,16927
2026-04-27 08:50:00+00:00,1223.9000244140625,1223.9000244140625,1224.0,1222.800048828125,1223.0,39507
2026-04-27 08:51:00+00:00,1224.4000244140625,1224.4000244140625,1224.4000244140625,1223.0999755859375,1223.300048828125,26818
2026-04-27 08:52:00+00:00,1224.800048828125,1224.800048828125,1224.800048828125,1223.5999755859375,1224.5999755859375,31780
2026-04-27 08:53:00+00:00,1223.5,1223.5,1224.800048828125,1223.199951171875,1224.5999755859375,22200
2026-04-27 08:54:00+00:00,1223.0,1223.0,1223.5,1223.0,1223.199951171875,16258
2026-04-27 08:55:00+00:00,1223.4000244140625,1223.4000244140625,1223.4000244140625,1222.5999755859375,1223.0999755859375,8507
2026-04-27 08:56:00+00:00,1224.5999755859375,1224.5999755859375,1224.5999755859375,1223.0999755859375,1223.5,30135
2026-04-27 08:57:00+00:00,1224.5,1224.5,1224.5999755859375,1224.0,1224.5999755859375,9979
2026-04-27 08:58:00+00:00,1224.300048828125,1224.300048828125,1224.5999755859375,1224.0,1224.5,24909
2026-04-27 08:59:00+00:00,1225.0,1225.0,1225.0,1224.0,1224.300048828125,33163
2026-04-27 09:00:00+00:00,1226.5,1226.5,1226.699951171875,1225.0,1225.0,38747
2026-04-27 09:01:00+00:00,1227.0,1227.0,1228.0,1226.4000244140625,1226.800048828125,49785
2026-04-27 09:02:00+00:00,1226.0,1226.0,1227.0,1225.9000244140625,1226.800048828125,11363
2026-04-27 09:03:00+00:00,1225.5,1225.5,1226.0,1225.199951171875,1226.0,7204
2026-04-27 09:04:00+00:00,1226.0,1226.0,1226.800048828125,1225.4000244140625,1225.5,16932
2026-04-27 09:05:00+00:00,1226.199951171875,1226.199951171875,1226.199951171875,1225.5999755859375,1225.800048828125,18054
2026-04-27 09:06:00+00:00,1226.9000244140625,1226.9000244140625,1226.9000244140625,1225.9000244140625,1226.0999755859375,8960
2026-04-27 09:07:00+00:00,1227.9000244140625,1227.9000244140625,1228.0,1226.800048828125,1227.0,15184
2026-04-27 09:08:00+00:00,1228.199951171875,1228.199951171875,1228.9000244140625,1228.0,1228.0,26742
2026-04-27 09:09:00+00:00,1227.800048828125,1227.800048828125,1228.5999755859375,1227.699951171875,1228.199951171875,41143
2026-04-27 09:10:00+00:00,1227.300048828125,1227.300048828125,1227.300048828125,1226.5999755859375,1227.300048828125,7506
2026-04-27 09:11:00+00:00,1227.9000244140625,1227.9000244140625,1228.0,1227.0,1227.0,8225
2026-04-27 09:12:00+00:00,1228.300048828125,1228.300048828125,1228.4000244140625,1227.300048828125,1227.800048828125,17363
2026-04-27 09:13:00+00:00,1226.699951171875,1226.699951171875,1228.0999755859375,1226.5999755859375,1228.0,16036
2026-04-27 09:14:00+00:00,1226.0999755859375,1226.0999755859375,1226.9000244140625,1226.0,1226.9000244140625,8279
2026-04-27 09:15:00+00:00,1226.0,1226.0,1226.4000244140625,1225.699951171875,1226.0,15489
2026-04-27 09:16:00+00:00,1225.5,1225.5,1226.0,1225.199951171875,1226.0,11397
2026-04-27 09:17:00+00:00,1226.0,1226.0,1226.5,1225.4000244140625,1225.5,13341
2026-04-27 09:18:00+00:00,1226.300048828125,1226.300048828125,1226.699951171875,1225.5999755859375,1226.0,11978
2026-04-27 09:19:00+00:00,1225.800048828125,1225.800048828125,1226.199951171875,1225.5999755859375,1225.800048828125,5386
2026-04-27 09:20:00+00:00,1225.199951171875,1225.199951171875,1226.199951171875,1225.199951171875,1225.800048828125,6330
2026-04-27 09:21:00+00:00,1224.9000244140625,1224.9000244140625,1225.4000244140625,1224.4000244140625,1225.4000244140625,17912
2026-04-27 09:22:00+00:00,1225.5,1225.5,1225.699951171875,1224.5999755859375,1224.800048828125,13882
2026-04-27 09:23:00+00:00,1225.0,1225.0,1225.4000244140625,1224.800048828125,1225.4000244140625,5281
2026-04-27 09:24:00+00:00,1225.0,1225.0,1225.5,1224.4000244140625,1225.0,11865
2026-04-27 09:25:00+00:00,1224.9000244140625,1224.9000244140625,1225.0999755859375,1224.4000244140625,1225.0,16346
2026-04-27 09:26:00+00:00,1224.4000244140625,1224.4000244140625,1224.9000244140625,1224.4000244140625,1224.5,5739
2026-04-27 09:27:00+00:00,1224.800048828125,1224.800048828125,1224.800048828125,1224.300048828125,1224.300048828125,5494
2026-04-27 09:28:00+00:00,1225.0,1225.0,1225.0,1224.699951171875,1225.0,5117
2026-04-27 09:29:00+00:00,1224.699951171875,1224.699951171875,1225.0,1224.699951171875,1225.0,5916
2026-04-27 09:30:00+00:00,1223.9000244140625,1223.9000244140625,1225.0,1223.699951171875,1225.0,23339
2026-04-27 09:31:00+00:00,1222.9000244140625,1222.9000244140625,1224.0,1222.9000244140625,1223.5,22143
2026-04-27 09:32:00+00:00,1224.5,1224.5,1224.5,1223.0999755859375,1223.0999755859375,19180
2026-04-27 09:33:00+00:00,1225.800048828125,1225.800048828125,1226.0,1224.0999755859375,1224.0999755859375,19166
2026-04-27 09:34:00+00:00,1226.0,1226.0,1226.5,1225.4000244140625,1225.800048828125,13489
2026-04-27 09:35:00+00:00,1227.0999755859375,1227.0999755859375,1227.699951171875,1225.9000244140625,1225.9000244140625,25870
2026-04-27 09:36:00+00:00,1227.0999755859375,1227.0999755859375,1227.4000244140625,1227.0,1227.0999755859375,12897
2026-04-27 09:37:00+00:00,1227.0,1227.0,1227.199951171875,1227.0,1227.199951171875,19837
2026-04-27 09:38:00+00:00,1227.199951171875,1227.199951171875,1227.4000244140625,1226.9000244140625,1227.0999755859375,13453
2026-04-27 09:39:00+00:00,1226.5,1226.5,1227.5,1226.199951171875,1226.9000244140625,30355
2026-04-27 09:40:00+00:00,1225.9000244140625,1225.9000244140625,1226.300048828125,1225.699951171875,1226.199951171875,21396
2026-04-27 09:41:00+00:00,1226.300048828125,1226.300048828125,1226.4000244140625,1225.4000244140625,1225.9000244140625,23171
2026-04-27 09:42:00+00:00,1227.199951171875,1227.199951171875,1227.5,1226.300048828125,1226.300048828125,16819
2026-04-27 09:43:00+00:00,1227.5,1227.5,1227.800048828125,1227.199951171875,1227.5,13122
2026-04-27 09:44:00+00:00,1227.9000244140625,1227.9000244140625,1228.0,1227.300048828125,1227.4000244140625,16179
2026-04-27 09:45:00+00:00,1228.9000244140625,1228.9000244140625,1229.0,1227.699951171875,1227.699951171875,23733
2026-04-27 09:46:00+00:00,1229.199951171875,1229.199951171875,1229.5,1228.5,1229.0,31375
2026-04-27 09:47:00+00:00,1228.0,1228.0,1229.4000244140625,1227.5,1229.199951171875,20688
2026-04-27 09:48:00+00:00,1228.800048828125,1228.800048828125,1229.0,1227.800048828125,1228.0999755859375,14811
2026-04-27 09:49:00+00:00,1228.800048828125,1228.800048828125,1229.0,1228.5,1228.800048828125,36877
2026-04-27 09:50:00+00:00,1231.5999755859375,1231.5999755859375,1231.9000244140625,1229.9000244140625,1229.9000244140625,64361
2026-04-27 09:51:00+00:00,1231.699951171875,1231.699951171875,1232.0,1231.199951171875,1231.5999755859375,22687
2026-04-27 09:52:00+00:00,1230.5999755859375,1230.5999755859375,1232.0,1230.300048828125,1231.5999755859375,16164
2026-04-27 09:53:00+00:00,1231.5,1231.5,1231.5,1229.4000244140625,1230.199951171875,23330
2026-04-27 09:54:00+00:00,1230.5,1230.5,1231.5999755859375,1230.199951171875,1231.5,31029
2026-04-27 09:55:00+00:00,1230.9000244140625,1230.9000244140625,1231.5999755859375,1230.199951171875,1230.9000244140625,22221
2026-04-27 09:56:00+00:00,1229.199951171875,1229.199951171875,1231.0,1229.199951171875,1230.5999755859375,14551
2026-04-27 09:57:00+00:00,1230.9000244140625,1230.9000244140625,1230.9000244140625,1229.5,1229.5,21007
2026-04-27 09:58:00+00:00,1230.199951171875,1230.199951171875,1230.5,1230.0,1230.5,10473
2026-04-27 09:59:00+00:00,1230.0,1230.0,1230.199951171875,1229.699951171875,1230.0999755859375,20545
2026-04-28 03:45:00+00:00,1223.699951171875,1223.699951171875,1227.0,1221.0,1227.0,0
2026-04-28 03:46:00+00:00,1227.699951171875,1227.699951171875,1229.699951171875,1223.9000244140625,1223.9000244140625,43295
2026-04-28 03:47:00+00:00,1230.9000244140625,1230.9000244140625,1232.5999755859375,1228.5999755859375,1228.800048828125,39415
2026-04-28 03:48:00+00:00,1231.199951171875,1231.199951171875,1231.699951171875,1229.0,1230.800048828125,29853
2026-04-28 03:49:00+00:00,1230.300048828125,1230.300048828125,1231.800048828125,1230.199951171875,1231.0999755859375,10168
2026-04-28 03:50:00+00:00,1228.699951171875,1228.699951171875,1230.300048828125,1228.699951171875,1230.300048828125,13083
2026-04-28 03:51:00+00:00,1226.300048828125,1226.300048828125,1228.699951171875,1226.300048828125,1228.699951171875,17946
2026-04-28 03:52:00+00:00,1226.0,1226.0,1227.0999755859375,1226.0,1226.5,15852
2026-04-28 03:53:00+00:00,1226.4000244140625,1226.4000244140625,1226.4000244140625,1225.5,1226.199951171875,9647
2026-04-28 03:54:00+00:00,1226.9000244140625,1226.9000244140625,1227.5,1225.5,1226.0,11454
2026-04-28 03:55:00+00:00,1227.800048828125,1227.800048828125,1227.800048828125,1226.9000244140625,1226.9000244140625,10256
2026-04-28 03:56:00+00:00,1228.9000244140625,1228.9000244140625,1229.0,1227.9000244140625,1228.199951171875,7765
2026-04-28 03:57:00+00:00,1227.699951171875,1227.699951171875,1229.0999755859375,1227.699951171875,1229.0999755859375,8785
2026-04-28 03:58:00+00:00,1227.5999755859375,1227.5999755859375,1227.800048828125,1227.199951171875,1227.800048828125,3713
2026-04-28 03:59:00+00:00,1228.4000244140625,1228.4000244140625,1228.5999755859375,1228.199951171875,1228.5999755859375,11770
2026-04-28 04:00:00+00:00,1227.4000244140625,1227.4000244140625,1228.5999755859375,1227.4000244140625,1228.4000244140625,4485
2026-04-28 04:01:00+00:00,1227.4000244140625,1227.4000244140625,1228.0,1227.199951171875,1227.5,9517
2026-04-28 04:02:00+00:00,1226.300048828125,1226.300048828125,1227.0,1226.300048828125,1227.0,3634
2026-04-28 04:03:00+00:00,1225.0999755859375,1225.0999755859375,1226.699951171875,1225.0,1226.699951171875,9352
2026-04-28 04:04:00+00:00,1224.0999755859375,1224.0999755859375,1224.800048828125,1224.0999755859375,1224.800048828125,7984
2026-04-28 04:05:00+00:00,1223.5999755859375,1223.5999755859375,1225.0,1223.5999755859375,1224.0,8068
2026-04-28 04:06:00+00:00,1222.300048828125,1222.300048828125,1222.699951171875,1221.699951171875,1222.699951171875,10408
2026-04-28 04:07:00+00:00,1222.0999755859375,1222.0999755859375,1223.0,1222.0999755859375,1222.5,8936
2026-04-28 04:08:00+00:00,1221.199951171875,1221.199951171875,1221.800048828125,1221.0,1221.800048828125,7218
2026-04-28 04:09:00+00:00,1220.300048828125,1220.300048828125,1221.0,1220.0,1221.0,7599
2026-04-28 04:10:00+00:00,1219.300048828125,1219.300048828125,1220.0,1219.0,1219.0,19956
2026-04-28 04:11:00+00:00,1219.199951171875,1219.199951171875,1219.9000244140625,1219.0,1219.5,8359
2026-04-28 04:12:00+00:00,1218.800048828125,1218.800048828125,1219.4000244140625,1218.800048828125,1219.0,16143
2026-04-28 04:13:00+00:00,1219.199951171875,1219.199951171875,1219.199951171875,1218.199951171875,1219.0,7739
2026-04-28 04:14:00+00:00,1219.800048828125,1219.800048828125,1219.800048828125,1218.4000244140625,1218.5,9226
2026-04-28 04:15:00+00:00,1219.699951171875,1219.699951171875,1219.800048828125,1219.4000244140625,1219.800048828125,9944
2026-04-28 04:16:00+00:00,1219.5999755859375,1219.5999755859375,1220.4000244140625,1219.5999755859375,1219.5999755859375,7888
2026-04-28 04:17:00+00:00,1220.5,1220.5,1221.4000244140625,1219.300048828125,1219.5999755859375,12152
2026-04-28 04:18:00+00:00,1218.699951171875,1218.699951171875,1221.0,1218.4000244140625,1221.0,10691
2026-04-28 04:19:00+00:00,1216.4000244140625,1216.4000244140625,1218.699951171875,1216.4000244140625,1218.5,10181
2026-04-28 04:20:00+00:00,1216.800048828125,1216.800048828125,1217.199951171875,1216.4000244140625,1216.9000244140625,5398
2026-04-28 04:21:00+00:00,1217.800048828125,1217.800048828125,1217.800048828125,1216.5999755859375,1217.0,9398
2026-04-28 04:22:00+00:00,1216.5,1216.5,1217.300048828125,1216.5,1217.0,4082
2026-04-28 04:23:00+00:00,1216.5,1216.5,1217.0,1216.4000244140625,1216.4000244140625,3204
2026-04-28 04:24:00+00:00,1217.0,1217.0,1217.0,1216.5999755859375,1216.5999755859375,5274
2026-04-28 04:25:00+00:00,1216.300048828125,1216.300048828125,1217.300048828125,1216.0999755859375,1217.300048828125,12542
2026-04-28 04:26:00+00:00,1216.800048828125,1216.800048828125,1217.0,1216.300048828125,1216.800048828125,5439
2026-04-28 04:27:00+00:00,1218.0,1218.0,1218.0,1216.300048828125,1216.800048828125,8800
2026-04-28 04:28:00+00:00,1219.9000244140625,1219.9000244140625,1220.5,1217.800048828125,1218.0999755859375,11937
2026-04-28 04:29:00+00:00,1220.5999755859375,1220.5999755859375,1220.5999755859375,1220.0999755859375,1220.199951171875,8269
2026-04-28 04:30:00+00:00,1220.199951171875,1220.199951171875,1220.5999755859375,1219.699951171875,1220.5999755859375,4757
2026-04-28 04:31:00+00:00,1222.0999755859375,1222.0999755859375,1223.5,1220.199951171875,1220.199951171875,17305
2026-04-28 04:32:00+00:00,1222.199951171875,1222.199951171875,1223.5,1222.199951171875,1223.300048828125,7511
2026-04-28 04:33:00+00:00,1222.0,1222.0,1222.5,1221.800048828125,1222.199951171875,5726
2026-04-28 04:34:00+00:00,1220.4000244140625,1220.4000244140625,1222.0,1220.300048828125,1222.0,7666
2026-04-28 04:35:00+00:00,1220.9000244140625,1220.9000244140625,1221.300048828125,1220.0999755859375,1220.4000244140625,5394
2026-04-28 04:36:00+00:00,1221.199951171875,1221.199951171875,1221.4000244140625,1220.699951171875,1221.199951171875,4340
2026-04-28 04:37:00+00:00,1221.5,1221.5,1221.5999755859375,1221.0,1221.4000244140625,3604
2026-04-28 04:38:00+00:00,1222.800048828125,1222.800048828125,1222.800048828125,1221.4000244140625,1221.5,5029
2026-04-28 04:39:00+00:00,1223.0,1223.0,1224.0,1222.800048828125,1222.800048828125,11093
2026-04-28 04:40:00+00:00,1222.0,1222.0,1223.199951171875,1222.0,1223.0,4944
2026-04-28 04:41:00+00:00,1222.0,1222.0,1222.5,1221.800048828125,1222.5,2265
2026-04-28 04:42:00+00:00,1222.0,1222.0,1222.4000244140625,1222.0,1222.0999755859375,4535
2026-04-28 04:43:00+00:00,1220.699951171875,1220.699951171875,1222.0,1220.5999755859375,1222.0,8301
2026-04-28 04:44:00+00:00,1220.4000244140625,1220.4000244140625,1220.5999755859375,1220.199951171875,1220.199951171875,4165
2026-04-28 04:45:00+00:00,1219.699951171875,1219.699951171875,1220.5999755859375,1219.699951171875,1220.4000244140625,8288
2026-04-28 04:46:00+00:00,1219.5,1219.5,1220.199951171875,1219.5,1219.9000244140625,5388
2026-04-28 04:47:00+00:00,1219.0,1219.0,1219.300048828125,1218.699951171875,1219.0999755859375,3426
2026-04-28 04:48:00+00:00,1219.5,1219.5,1219.5,1218.800048828125,1218.800048828125,4720
2026-04-28 04:49:00+00:00,1219.199951171875,1219.199951171875,1219.5999755859375,1219.0,1219.5999755859375,3119
2026-04-28 04:50:00+00:00,1219.0999755859375,1219.0999755859375,1219.199951171875,1218.699951171875,1219.199951171875,3231
2026-04-28 04:51:00+00:00,1220.4000244140625,1220.4000244140625,1221.0999755859375,1219.0,1219.0,9497
2026-04-28 04:52:00+00:00,1220.199951171875,1220.199951171875,1220.5,1220.0,1220.5,1818
2026-04-28 04:53:00+00:00,1219.5,1219.5,1220.300048828125,1219.5,1220.300048828125,2401
2026-04-28 04:54:00+00:00,1219.199951171875,1219.199951171875,1219.5,1219.199951171875,1219.5,3064
2026-04-28 04:55:00+00:00,1219.5999755859375,1219.5999755859375,1219.5999755859375,1218.9000244140625,1218.9000244140625,6245
2026-04-28 04:56:00+00:00,1219.0,1219.0,1219.5999755859375,1219.0,1219.5999755859375,2439
2026-04-28 04:57:00+00:00,1218.300048828125,1218.300048828125,1219.0999755859375,1218.300048828125,1219.0999755859375,3803
2026-04-28 04:58:00+00:00,1218.4000244140625,1218.4000244140625,1218.5999755859375,1218.0999755859375,1218.300048828125,2683
2026-04-28 04:59:00+00:00,1218.199951171875,1218.199951171875,1218.4000244140625,1217.9000244140625,1218.4000244140625,8327
2026-04-28 05:00:00+00:00,1217.4000244140625,1217.4000244140625,1218.199951171875,1217.4000244140625,1217.800048828125,5737
2026-04-28 05:01:00+00:00,1215.800048828125,1215.800048828125,1217.5,1215.5,1217.5,18905
2026-04-28 05:02:00+00:00,1215.5,1215.5,1215.800048828125,1215.4000244140625,1215.800048828125,7928
2026-04-28 05:03:00+00:00,1215.9000244140625,1215.9000244140625,1215.9000244140625,1215.4000244140625,1215.5,4914
2026-04-28 05:04:00+00:00,1214.800048828125,1214.800048828125,1215.9000244140625,1214.800048828125,1215.9000244140625,26088
2026-04-28 05:05:00+00:00,1214.9000244140625,1214.9000244140625,1215.0,1214.300048828125,1214.9000244140625,8650
2026-04-28 05:06:00+00:00,1215.0999755859375,1215.0999755859375,1215.4000244140625,1214.699951171875,1214.800048828125,6738
2026-04-28 05:07:00+00:00,1212.699951171875,1212.699951171875,1215.199951171875,1212.5,1215.199951171875,14313
2026-04-28 05:08:00+00:00,1213.300048828125,1213.300048828125,1213.300048828125,1212.699951171875,1213.0,7975
2026-04-28 05:09:00+00:00,1212.5999755859375,1212.5999755859375,1213.199951171875,1212.5,1213.199951171875,6945
2026-04-28 05:10:00+00:00,1212.699951171875,1212.699951171875,1212.800048828125,1212.300048828125,1212.699951171875,7545
2026-04-28 05:11:00+00:00,1212.300048828125,1212.300048828125,1212.699951171875,1212.0999755859375,1212.699951171875,4676
2026-04-28 05:12:00+00:00,1212.4000244140625,1212.4000244140625,1212.5999755859375,1212.0999755859375,1212.300048828125,9174
2026-04-28 05:13:00+00:00,1211.5999755859375,1211.5999755859375,1212.0,1211.5,1211.9000244140625,14109
2026-04-28 05:14:00+00:00,1212.300048828125,1212.300048828125,1212.300048828125,1211.4000244140625,1211.5999755859375,13871
2026-04-28 05:15:00+00:00,1212.5,1212.5,1212.5999755859375,1212.0,1212.5,7355
2026-04-28 05:16:00+00:00,1212.0999755859375,1212.0999755859375,1214.5,1212.0999755859375,1212.5999755859375,16708
2026-04-28 05:17:00+00:00,1213.199951171875,1213.199951171875,1213.199951171875,1212.0999755859375,1212.5,5297
2026-04-28 05:18:00+00:00,1212.9000244140625,1212.9000244140625,1213.199951171875,1212.800048828125,1213.199951171875,5609
2026-04-28 05:19:00+00:00,1211.5999755859375,1211.5999755859375,1213.0,1211.5,1213.0,18499
2026-04-28 05:20:00+00:00,1211.5,1211.5,1211.800048828125,1211.300048828125,1211.5999755859375,8565
2026-04-28 05:21:00+00:00,1210.800048828125,1210.800048828125,1211.5999755859375,1210.5,1211.5999755859375,17239
2026-04-28 05:22:00+00:00,1211.4000244140625,1211.4000244140625,1211.5,1210.4000244140625,1211.0,6517
2026-04-28 05:23:00+00:00,1210.5999755859375,1210.5999755859375,1211.5999755859375,1210.5,1211.5,13211
2026-04-28 05:24:00+00:00,1211.800048828125,1211.800048828125,1212.0999755859375,1210.5,1211.0,9165
2026-04-28 05:25:00+00:00,1212.0,1212.0,1212.300048828125,1211.5999755859375,1212.0,3573
2026-04-28 05:26:00+00:00,1212.300048828125,1212.300048828125,1212.300048828125,1212.0,1212.199951171875,4443
2026-04-28 05:27:00+00:00,1212.800048828125,1212.800048828125,1212.800048828125,1212.300048828125,1212.300048828125,12091
2026-04-28 05:28:00+00:00,1212.800048828125,1212.800048828125,1212.9000244140625,1212.5999755859375,1212.9000244140625,3250
2026-04-28 05:29:00+00:00,1212.4000244140625,1212.4000244140625,1212.800048828125,1212.300048828125,1212.699951171875,8950
2026-04-28 05:30:00+00:00,1212.0,1212.0,1212.5,1211.699951171875,1212.5,6435
2026-04-28 05:31:00+00:00,1212.0999755859375,1212.0999755859375,1212.5,1211.9000244140625,1212.300048828125,2713
2026-04-28 05:32:00+00:00,1211.5999755859375,1211.5999755859375,1212.0999755859375,1211.300048828125,1212.0999755859375,8861
2026-04-28 05:33:00+00:00,1211.5,1211.5,1211.9000244140625,1211.5,1211.5,5443
2026-04-28 05:34:00+00:00,1210.9000244140625,1210.9000244140625,1211.5,1210.800048828125,1211.5,9198
2026-04-28 05:35:00+00:00,1210.300048828125,1210.300048828125,1210.800048828125,1210.0999755859375,1210.5999755859375,8702
2026-04-28 05:36:00+00:00,1210.4000244140625,1210.4000244140625,1210.5999755859375,1210.199951171875,1210.5999755859375,5143
2026-04-28 05:37:00+00:00,1210.5999755859375,1210.5999755859375,1210.800048828125,1210.4000244140625,1210.5,4990
2026-04-28 05:38:00+00:00,1210.4000244140625,1210.4000244140625,1210.5999755859375,1210.199951171875,1210.5,5008
2026-04-28 05:39:00+00:00,1209.199951171875,1209.199951171875,1210.5,1209.0999755859375,1210.5,40102
2026-04-28 05:40:00+00:00,1209.199951171875,1209.199951171875,1209.5999755859375,1209.199951171875,1209.4000244140625,6035
2026-04-28 05:41:00+00:00,1209.300048828125,1209.300048828125,1209.5,1209.199951171875,1209.5,8984
2026-04-28 05:42:00+00:00,1209.300048828125,1209.300048828125,1209.5999755859375,1208.5,1209.0999755859375,17724
2026-04-28 05:43:00+00:00,1209.4000244140625,1209.4000244140625,1209.800048828125,1209.4000244140625,1209.5999755859375,3152
2026-04-28 05:44:00+00:00,1209.5,1209.5,1209.5999755859375,1209.0999755859375,1209.199951171875,7347
2026-04-28 05:45:00+00:00,1209.0999755859375,1209.0999755859375,1209.5999755859375,1209.0999755859375,1209.5999755859375,7736
2026-04-28 05:46:00+00:00,1208.699951171875,1208.699951171875,1209.300048828125,1208.699951171875,1209.199951171875,5287
2026-04-28 05:47:00+00:00,1209.5,1209.5,1209.5,1208.5,1208.5,6933
2026-04-28 05:48:00+00:00,1209.5999755859375,1209.5999755859375,1209.699951171875,1209.0999755859375,1209.0999755859375,3627
2026-04-28 05:49:00+00:00,1209.0,1209.0,1209.5,1209.0,1209.5,4379
2026-04-28 05:50:00+00:00,1209.0999755859375,1209.0999755859375,1209.300048828125,1209.0,1209.0,3402
2026-04-28 05:51:00+00:00,1210.199951171875,1210.199951171875,1210.199951171875,1209.300048828125,1209.300048828125,6508
2026-04-28 05:52:00+00:00,1209.699951171875,1209.699951171875,1210.4000244140625,1209.699951171875,1210.4000244140625,3803
2026-04-28 05:53:00+00:00,1209.5999755859375,1209.5999755859375,1209.9000244140625,1209.5,1209.699951171875,3085
2026-04-28 05:54:00+00:00,1209.800048828125,1209.800048828125,1209.800048828125,1209.5,1209.699951171875,5475
2026-04-28 05:55:00+00:00,1209.4000244140625,1209.4000244140625,1209.699951171875,1209.0,1209.699951171875,2848
2026-04-28 05:56:00+00:00,1208.699951171875,1208.699951171875,1209.300048828125,1208.5,1209.199951171875,6564
2026-04-28 05:57:00+00:00,1207.4000244140625,1207.4000244140625,1208.5999755859375,1207.199951171875,1208.5999755859375,30192
2026-04-28 05:58:00+00:00,1207.0,1207.0,1207.300048828125,1206.5,1207.300048828125,17547
2026-04-28 05:59:00+00:00,1206.9000244140625,1206.9000244140625,1207.300048828125,1206.699951171875,1207.0,6696
2026-04-28 06:00:00+00:00,1206.800048828125,1206.800048828125,1206.9000244140625,1206.0999755859375,1206.9000244140625,15587
2026-04-28 06:01:00+00:00,1207.5,1207.5,1207.9000244140625,1206.300048828125,1206.300048828125,17273
2026-04-28 06:02:00+00:00,1208.0999755859375,1208.0999755859375,1208.199951171875,1207.199951171875,1207.5,16963
2026-04-28 06:03:00+00:00,1208.699951171875,1208.699951171875,1209.199951171875,1207.9000244140625,1208.5,18404
2026-04-28 06:04:00+00:00,1208.5999755859375,1208.5999755859375,1208.699951171875,1208.300048828125,1208.699951171875,9767
2026-04-28 06:05:00+00:00,1209.0,1209.0,1209.0999755859375,1208.5,1208.800048828125,9322
2026-04-28 06:06:00+00:00,1209.5,1209.5,1209.699951171875,1209.0,1209.0999755859375,17664
2026-04-28 06:07:00+00:00,1209.5,1209.5,1209.699951171875,1209.300048828125,1209.5,3933
2026-04-28 06:08:00+00:00,1209.5,1209.5,1209.699951171875,1209.199951171875,1209.4000244140625,4161
2026-04-28 06:09:00+00:00,1209.300048828125,1209.300048828125,1209.699951171875,1209.0999755859375,1209.5,7890
2026-04-28 06:10:00+00:00,1207.300048828125,1207.300048828125,1209.0,1207.300048828125,1209.0,43603
2026-04-28 06:11:00+00:00,1208.0,1208.0,1208.4000244140625,1206.800048828125,1207.0,14495
2026-04-28 06:12:00+00:00,1208.800048828125,1208.800048828125,1209.0,1207.800048828125,1208.0,10473
2026-04-28 06:13:00+00:00,1209.0,1209.0,1209.199951171875,1208.9000244140625,1209.0,5543
2026-04-28 06:14:00+00:00,1210.5,1210.5,1210.5,1209.0999755859375,1209.0999755859375,15005
2026-04-28 06:15:00+00:00,1210.0,1210.0,1210.5999755859375,1210.0,1210.5,13082
2026-04-28 06:16:00+00:00,1209.5999755859375,1209.5999755859375,1210.199951171875,1209.5,1210.199951171875,10142
2026-04-28 06:17:00+00:00,1209.199951171875,1209.199951171875,1210.0999755859375,1209.199951171875,1209.699951171875,19202
2026-04-28 06:18:00+00:00,1210.0,1210.0,1210.199951171875,1209.0,1209.0999755859375,15393
2026-04-28 06:19:00+00:00,1210.0,1210.0,1210.0999755859375,1209.5,1209.5,4984
2026-04-28 06:20:00+00:00,1210.0999755859375,1210.0999755859375,1210.0999755859375,1209.699951171875,1210.0999755859375,10747
2026-04-28 06:21:00+00:00,1209.199951171875,1209.199951171875,1210.0999755859375,1209.199951171875,1210.0999755859375,9604
2026-04-28 06:22:00+00:00,1208.5999755859375,1208.5999755859375,1209.300048828125,1208.4000244140625,1209.300048828125,9562
2026-04-28 06:23:00+00:00,1210.5,1210.5,1210.5,1208.699951171875,1208.800048828125,63365
2026-04-28 06:24:00+00:00,1210.0,1210.0,1210.4000244140625,1210.0,1210.199951171875,10610
2026-04-28 06:25:00+00:00,1209.300048828125,1209.300048828125,1210.0999755859375,1209.0,1210.0999755859375,12265
2026-04-28 06:26:00+00:00,1209.4000244140625,1209.4000244140625,1209.5,1209.0,1209.5,4044
2026-04-28 06:27:00+00:00,1209.0999755859375,1209.0999755859375,1209.800048828125,1209.0999755859375,1209.4000244140625,7056
2026-04-28 06:28:00+00:00,1208.300048828125,1208.300048828125,1209.0999755859375,1208.199951171875,1209.0999755859375,3112
2026-04-28 06:29:00+00:00,1208.699951171875,1208.699951171875,1208.699951171875,1208.300048828125,1208.300048828125,8779
2026-04-28 06:30:00+00:00,1208.199951171875,1208.199951171875,1208.5,1208.199951171875,1208.5,3489
2026-04-28 06:31:00+00:00,1208.5999755859375,1208.5999755859375,1208.5999755859375,1208.0,1208.199951171875,7672
2026-04-28 06:32:00+00:00,1208.0999755859375,1208.0999755859375,1208.4000244140625,1208.0,1208.4000244140625,4737
2026-04-28 06:33:00+00:00,1209.0999755859375,1209.0999755859375,1209.300048828125,1208.199951171875,1208.199951171875,42523
2026-04-28 06:34:00+00:00,1208.9000244140625,1208.9000244140625,1209.199951171875,1208.9000244140625,1208.9000244140625,35014
2026-04-28 06:35:00+00:00,1207.300048828125,1207.300048828125,1208.9000244140625,1207.300048828125,1208.9000244140625,9521
2026-04-28 06:36:00+00:00,1207.5999755859375,1207.5999755859375,1207.699951171875,1207.199951171875,1207.5,6752
2026-04-28 06:37:00+00:00,1207.0999755859375,1207.0999755859375,1207.800048828125,1207.0,1207.699951171875,4441
2026-04-28 06:38:00+00:00,1207.0999755859375,1207.0999755859375,1207.4000244140625,1207.0,1207.0,8538
2026-04-28 06:39:00+00:00,1206.9000244140625,1206.9000244140625,1207.199951171875,1206.699951171875,1207.0999755859375,8416
2026-04-28 06:40:00+00:00,1208.5999755859375,1208.5999755859375,1209.0,1206.800048828125,1206.9000244140625,40591
2026-04-28 06:41:00+00:00,1209.0,1209.0,1209.9000244140625,1207.699951171875,1208.9000244140625,56492
2026-04-28 06:42:00+00:00,1208.4000244140625,1208.4000244140625,1209.0,1208.0,1209.0,3966
2026-04-28 06:43:00+00:00,1208.4000244140625,1208.4000244140625,1208.4000244140625,1208.0,1208.4000244140625,5100
2026-04-28 06:44:00+00:00,1208.5999755859375,1208.5999755859375,1208.9000244140625,1208.4000244140625,1208.5999755859375,5133
2026-04-28 06:45:00+00:00,1208.0999755859375,1208.0999755859375,1208.4000244140625,1207.800048828125,1208.4000244140625,14945
2026-04-28 06:46:00+00:00,1207.699951171875,1207.699951171875,1208.0999755859375,1207.5999755859375,1207.800048828125,6872
2026-04-28 06:47:00+00:00,1207.699951171875,1207.699951171875,1207.800048828125,1207.199951171875,1207.800048828125,11091
2026-04-28 06:48:00+00:00,1207.5999755859375,1207.5999755859375,1207.5999755859375,1207.300048828125,1207.4000244140625,8023
2026-04-28 06:49:00+00:00,1208.199951171875,1208.199951171875,1208.699951171875,1207.5999755859375,1207.5999755859375,22789
2026-04-28 06:50:00+00:00,1208.300048828125,1208.300048828125,1208.9000244140625,1208.0,1208.5,64845
2026-04-28 06:51:00+00:00,1207.5999755859375,1207.5999755859375,1208.5,1207.5999755859375,1208.5,5139
2026-04-28 06:52:00+00:00,1206.5999755859375,1206.5999755859375,1207.5,1206.5999755859375,1207.5,15655
2026-04-28 06:53:00+00:00,1206.5,1206.5,1207.0,1206.0999755859375,1206.800048828125,29171
2026-04-28 06:54:00+00:00,1206.0999755859375,1206.0999755859375,1206.5,1206.0999755859375,1206.5,6276
2026-04-28 06:55:00+00:00,1206.300048828125,1206.300048828125,1206.4000244140625,1206.0999755859375,1206.0999755859375,9886
2026-04-28 06:56:00+00:00,1206.0,1206.0,1206.300048828125,1206.0,1206.300048828125,5805
2026-04-28 06:57:00+00:00,1206.0,1206.0,1206.199951171875,1205.9000244140625,1205.9000244140625,12839
2026-04-28 06:58:00+00:00,1205.0,1205.0,1206.0,1205.0,1206.0,18190
2026-04-28 06:59:00+00:00,1204.9000244140625,1204.9000244140625,1205.199951171875,1204.800048828125,1205.0999755859375,23107
2026-04-28 07:00:00+00:00,1204.5,1204.5,1204.9000244140625,1204.199951171875,1204.800048828125,17020
2026-04-28 07:01:00+00:00,1203.699951171875,1203.699951171875,1204.699951171875,1203.699951171875,1204.4000244140625,22040
2026-04-28 07:02:00+00:00,1204.0999755859375,1204.0999755859375,1204.800048828125,1203.699951171875,1203.699951171875,15182
2026-04-28 07:03:00+00:00,1203.5999755859375,1203.5999755859375,1204.300048828125,1203.5999755859375,1204.0999755859375,5540
2026-04-28 07:04:00+00:00,1203.800048828125,1203.800048828125,1203.800048828125,1203.300048828125,1203.800048828125,9361
2026-04-28 07:05:00+00:00,1203.4000244140625,1203.4000244140625,1203.9000244140625,1203.300048828125,1203.800048828125,6201
2026-04-28 07:06:00+00:00,1203.5999755859375,1203.5999755859375,1203.699951171875,1203.0999755859375,1203.5,8502
2026-04-28 07:07:00+00:00,1203.0999755859375,1203.0999755859375,1203.5999755859375,1203.0,1203.5999755859375,8257
2026-04-28 07:08:00+00:00,1203.0999755859375,1203.0999755859375,1203.300048828125,1203.0,1203.0999755859375,6222
2026-04-28 07:09:00+00:00,1202.199951171875,1202.199951171875,1203.0999755859375,1202.199951171875,1203.0999755859375,10391
2026-04-28 07:10:00+00:00,1201.800048828125,1201.800048828125,1202.300048828125,1201.5,1202.300048828125,17909
2026-04-28 07:11:00+00:00,1202.5,1202.5,1202.5,1201.300048828125,1201.9000244140625,11293
2026-04-28 07:12:00+00:00,1202.4000244140625,1202.4000244140625,1202.9000244140625,1202.0,1202.5,6421
2026-04-28 07:13:00+00:00,1202.5,1202.5,1202.699951171875,1202.300048828125,1202.699951171875,7266
2026-04-28 07:14:00+00:00,1202.0999755859375,1202.0999755859375,1202.5,1202.0,1202.5,8462
2026-04-28 07:15:00+00:00,1202.800048828125,1202.800048828125,1202.800048828125,1202.0,1202.0999755859375,11472
2026-04-28 07:16:00+00:00,1202.4000244140625,1202.4000244140625,1202.800048828125,1202.199951171875,1202.800048828125,5914
2026-04-28 07:17:00+00:00,1202.699951171875,1202.699951171875,1202.699951171875,1202.199951171875,1202.4000244140625,18958
2026-04-28 07:18:00+00:00,1202.5,1202.5,1202.9000244140625,1202.4000244140625,1202.800048828125,11998
2026-04-28 07:19:00+00:00,1202.5,1202.5,1202.5,1202.0999755859375,1202.4000244140625,9472
2026-04-28 07:20:00+00:00,1202.0999755859375,1202.0999755859375,1202.5999755859375,1202.0999755859375,1202.5,5464
2026-04-28 07:21:00+00:00,1202.0999755859375,1202.0999755859375,1202.199951171875,1202.0,1202.199951171875,17329
2026-04-28 07:22:00+00:00,1201.800048828125,1201.800048828125,1202.0999755859375,1201.5,1202.0999755859375,15135
2026-04-28 07:23:00+00:00,1201.300048828125,1201.300048828125,1201.800048828125,1201.300048828125,1201.800048828125,8745
2026-04-28 07:24:00+00:00,1201.199951171875,1201.199951171875,1201.4000244140625,1201.199951171875,1201.4000244140625,8718
2026-04-28 07:25:00+00:00,1201.300048828125,1201.300048828125,1201.300048828125,1201.0999755859375,1201.300048828125,16509
2026-04-28 07:26:00+00:00,1200.800048828125,1200.800048828125,1201.300048828125,1200.699951171875,1201.300048828125,25510
2026-04-28 07:27:00+00:00,1200.5999755859375,1200.5999755859375,1201.0,1200.5,1200.800048828125,10979
2026-04-28 07:28:00+00:00,1200.5999755859375,1200.5999755859375,1200.5999755859375,1200.0999755859375,1200.5999755859375,12664
2026-04-28 07:29:00+00:00,1200.800048828125,1200.800048828125,1201.0,1200.5,1200.5999755859375,14941
2026-04-28 07:30:00+00:00,1200.0999755859375,1200.0999755859375,1200.9000244140625,1200.0,1200.9000244140625,21411
2026-04-28 07:31:00+00:00,1199.0,1199.0,1199.800048828125,1198.4000244140625,1199.300048828125,64941
2026-04-28 07:32:00+00:00,1199.4000244140625,1199.4000244140625,1199.4000244140625,1198.800048828125,1199.0,7935
2026-04-28 07:33:00+00:00,1199.9000244140625,1199.9000244140625,1199.9000244140625,1199.0,1199.0,10426
2026-04-28 07:34:00+00:00,1199.5999755859375,1199.5999755859375,1200.4000244140625,1199.5999755859375,1199.9000244140625,22112
2026-04-28 07:35:00+00:00,1199.9000244140625,1199.9000244140625,1199.9000244140625,1199.199951171875,1199.5999755859375,8321
2026-04-28 07:36:00+00:00,1200.4000244140625,1200.4000244140625,1200.4000244140625,1199.9000244140625,1199.9000244140625,10197
2026-04-28 07:37:00+00:00,1200.0999755859375,1200.0999755859375,1200.5,1199.699951171875,1200.4000244140625,7954
2026-04-28 07:38:00+00:00,1200.800048828125,1200.800048828125,1201.199951171875,1199.699951171875,1200.0999755859375,15991
2026-04-28 07:39:00+00:00,1200.0,1200.0,1200.9000244140625,1200.0,1200.800048828125,7529
2026-04-28 07:40:00+00:00,1200.0,1200.0,1200.4000244140625,1200.0,1200.0,11277
2026-04-28 07:41:00+00:00,1200.0,1200.0,1200.199951171875,1199.800048828125,1200.199951171875,9445
2026-04-28 07:42:00+00:00,1200.0999755859375,1200.0999755859375,1200.4000244140625,1199.9000244140625,1200.199951171875,13624
2026-04-28 07:43:00+00:00,1200.800048828125,1200.800048828125,1201.199951171875,1200.0999755859375,1200.0999755859375,12042
2026-04-28 07:44:00+00:00,1200.5,1200.5,1201.199951171875,1200.5,1201.199951171875,12547
2026-04-28 07:45:00+00:00,1200.5999755859375,1200.5999755859375,1200.699951171875,1200.199951171875,1200.5,5438
2026-04-28 07:46:00+00:00,1200.199951171875,1200.199951171875,1200.699951171875,1200.0,1200.4000244140625,11894
2026-04-28 07:47:00+00:00,1200.4000244140625,1200.4000244140625,1200.4000244140625,1200.0999755859375,1200.0999755859375,7902
2026-04-28 07:48:00+00:00,1201.0,1201.0,1201.300048828125,1200.5,1200.5,20976
2026-04-28 07:49:00+00:00,1200.699951171875,1200.699951171875,1201.300048828125,1200.699951171875,1201.300048828125,4665
2026-04-28 07:50:00+00:00,1200.0,1200.0,1200.800048828125,1200.0,1200.800048828125,10381
2026-04-28 07:51:00+00:00,1199.9000244140625,1199.9000244140625,1200.0,1199.4000244140625,1200.0,18908
2026-04-28 07:52:00+00:00,1199.699951171875,1199.699951171875,1200.300048828125,1199.5,1200.0,3881
2026-04-28 07:53:00+00:00,1199.699951171875,1199.699951171875,1199.9000244140625,1199.5,1199.699951171875,4347
2026-04-28 07:54:00+00:00,1199.0,1199.0,1199.699951171875,1199.0,1199.699951171875,8499
2026-04-28 07:55:00+00:00,1199.0,1199.0,1199.199951171875,1199.0,1199.199951171875,8495
2026-04-28 07:56:00+00:00,1198.199951171875,1198.199951171875,1199.199951171875,1198.199951171875,1199.0999755859375,11960
2026-04-28 07:57:00+00:00,1199.4000244140625,1199.4000244140625,1199.4000244140625,1198.199951171875,1198.199951171875,21963
2026-04-28 07:58:00+00:00,1199.0,1199.0,1199.4000244140625,1198.800048828125,1199.4000244140625,5217
2026-04-28 07:59:00+00:00,1197.4000244140625,1197.4000244140625,1199.0,1197.4000244140625,1199.0,30711
2026-04-28 08:00:00+00:00,1197.0,1197.0,1198.0999755859375,1197.0,1197.5,33218
2026-04-28 08:01:00+00:00,1197.4000244140625,1197.4000244140625,1197.5999755859375,1197.0999755859375,1197.300048828125,15470
2026-04-28 08:02:00+00:00,1198.199951171875,1198.199951171875,1198.4000244140625,1197.5,1197.5,22923
2026-04-28 08:03:00+00:00,1197.5999755859375,1197.5999755859375,1198.199951171875,1197.5,1198.0999755859375,9473
2026-04-28 08:04:00+00:00,1197.4000244140625,1197.4000244140625,1198.0999755859375,1197.300048828125,1197.9000244140625,10650
2026-04-28 08:05:00+00:00,1196.800048828125,1196.800048828125,1197.5,1196.800048828125,1197.4000244140625,20001
2026-04-28 08:06:00+00:00,1196.5,1196.5,1197.0999755859375,1196.0999755859375,1196.699951171875,40493
2026-04-28 08:07:00+00:00,1198.699951171875,1198.699951171875,1198.9000244140625,1196.5999755859375,1196.9000244140625,42124
2026-04-28 08:08:00+00:00,1199.5999755859375,1199.5999755859375,1199.699951171875,1198.0,1198.699951171875,30018
2026-04-28 08:09:00+00:00,1200.199951171875,1200.199951171875,1200.199951171875,1198.9000244140625,1199.5,32751
2026-04-28 08:10:00+00:00,1200.0,1200.0,1200.0999755859375,1199.0999755859375,1200.0999755859375,22706
2026-04-28 08:11:00+00:00,1199.0999755859375,1199.0999755859375,1200.0,1198.699951171875,1200.0,7711
2026-04-28 08:12:00+00:00,1198.5,1198.5,1198.9000244140625,1198.0999755859375,1198.9000244140625,8906
2026-04-28 08:13:00+00:00,1199.199951171875,1199.199951171875,1199.199951171875,1198.5,1198.5999755859375,14725
2026-04-28 08:14:00+00:00,1198.199951171875,1198.199951171875,1199.300048828125,1198.199951171875,1199.300048828125,9394
2026-04-28 08:15:00+00:00,1198.300048828125,1198.300048828125,1198.300048828125,1197.300048828125,1198.199951171875,18264
2026-04-28 08:16:00+00:00,1198.5999755859375,1198.5999755859375,1198.699951171875,1198.0,1198.300048828125,6410
2026-04-28 08:17:00+00:00,1198.0,1198.0,1198.5999755859375,1198.0,1198.5999755859375,20586
2026-04-28 08:18:00+00:00,1197.4000244140625,1197.4000244140625,1198.0,1197.300048828125,1198.0,20194
2026-04-28 08:19:00+00:00,1197.5,1197.5,1197.5,1197.0,1197.4000244140625,11097
2026-04-28 08:20:00+00:00,1197.800048828125,1197.800048828125,1197.800048828125,1197.300048828125,1197.5,9534
2026-04-28 08:21:00+00:00,1198.0999755859375,1198.0999755859375,1198.4000244140625,1197.300048828125,1197.800048828125,13728
2026-04-28 08:22:00+00:00,1197.9000244140625,1197.9000244140625,1198.300048828125,1197.800048828125,1197.800048828125,5122
2026-04-28 08:23:00+00:00,1197.9000244140625,1197.9000244140625,1198.5,1197.800048828125,1197.9000244140625,12180
2026-04-28 08:24:00+00:00,1197.4000244140625,1197.4000244140625,1198.0999755859375,1197.0999755859375,1198.0999755859375,11205
2026-04-28 08:25:00+00:00,1198.199951171875,1198.199951171875,1198.199951171875,1197.0,1197.300048828125,26479
2026-04-28 08:26:00+00:00,1198.300048828125,1198.300048828125,1198.5,1198.0,1198.199951171875,10922
2026-04-28 08:27:00+00:00,1197.300048828125,1197.300048828125,1198.5,1197.0,1198.300048828125,19681
2026-04-28 08:28:00+00:00,1198.199951171875,1198.199951171875,1198.4000244140625,1197.5,1197.5,11984
2026-04-28 08:29:00+00:00,1197.800048828125,1197.800048828125,1198.199951171875,1197.699951171875,1198.199951171875,12631
2026-04-28 08:30:00+00:00,1197.4000244140625,1197.4000244140625,1197.800048828125,1197.4000244140625,1197.800048828125,11652
2026-04-28 08:31:00+00:00,1197.199951171875,1197.199951171875,1197.4000244140625,1197.0,1197.4000244140625,13279
2026-04-28 08:32:00+00:00,1196.9000244140625,1196.9000244140625,1197.199951171875,1196.800048828125,1197.199951171875,15203
2026-04-28 08:33:00+00:00,1196.5,1196.5,1196.800048828125,1196.4000244140625,1196.800048828125,21349
2026-04-28 08:34:00+00:00,1196.4000244140625,1196.4000244140625,1196.5,1196.300048828125,1196.5,17418
2026-04-28 08:35:00+00:00,1195.699951171875,1195.699951171875,1196.300048828125,1195.699951171875,1196.300048828125,22689
2026-04-28 08:36:00+00:00,1196.199951171875,1196.199951171875,1196.199951171875,1195.5999755859375,1195.800048828125,46007
2026-04-28 08:37:00+00:00,1195.699951171875,1195.699951171875,1196.199951171875,1195.699951171875,1196.199951171875,7185
2026-04-28 08:38:00+00:00,1195.800048828125,1195.800048828125,1195.9000244140625,1195.699951171875,1195.9000244140625,10815
2026-04-28 08:39:00+00:00,1195.800048828125,1195.800048828125,1195.9000244140625,1195.5999755859375,1195.9000244140625,29422
2026-04-28 08:40:00+00:00,1195.5999755859375,1195.5999755859375,1195.800048828125,1195.5,1195.5999755859375,11136
2026-04-28 08:41:00+00:00,1195.199951171875,1195.199951171875,1195.699951171875,1195.199951171875,1195.5999755859375,16454
2026-04-28 08:42:00+00:00,1194.9000244140625,1194.9000244140625,1195.4000244140625,1194.699951171875,1195.4000244140625,57422
2026-04-28 08:43:00+00:00,1195.199951171875,1195.199951171875,1195.199951171875,1194.699951171875,1195.0,18052
2026-04-28 08:44:00+00:00,1195.0,1195.0,1195.300048828125,1194.9000244140625,1195.300048828125,12201
2026-04-28 08:45:00+00:00,1194.5999755859375,1194.5999755859375,1195.0999755859375,1194.5999755859375,1195.0999755859375,14018
2026-04-28 08:46:00+00:00,1194.5,1194.5,1194.9000244140625,1194.5,1194.699951171875,25157
2026-04-28 08:47:00+00:00,1194.5999755859375,1194.5999755859375,1194.800048828125,1194.0999755859375,1194.5,35779
2026-04-28 08:48:00+00:00,1195.0,1195.0,1195.0,1193.9000244140625,1194.800048828125,66164
2026-04-28 08:49:00+00:00,1194.5999755859375,1194.5999755859375,1195.0999755859375,1194.199951171875,1195.0999755859375,61222
2026-04-28 08:50:00+00:00,1193.699951171875,1193.699951171875,1194.5999755859375,1193.199951171875,1194.5999755859375,65202
2026-04-28 08:51:00+00:00,1193.300048828125,1193.300048828125,1193.800048828125,1193.199951171875,1193.699951171875,12793
2026-04-28 08:52:00+00:00,1193.800048828125,1193.800048828125,1193.9000244140625,1193.699951171875,1193.800048828125,25430
2026-04-28 08:53:00+00:00,1194.5,1194.5,1194.800048828125,1193.5999755859375,1194.0,27377
2026-04-28 08:54:00+00:00,1194.0,1194.0,1194.5999755859375,1193.800048828125,1194.5,13960
2026-04-28 08:55:00+00:00,1194.199951171875,1194.199951171875,1194.199951171875,1193.9000244140625,1194.0,9675
2026-04-28 08:56:00+00:00,1194.300048828125,1194.300048828125,1194.4000244140625,1194.0999755859375,1194.0999755859375,13632
2026-04-28 08:57:00+00:00,1193.800048828125,1193.800048828125,1194.300048828125,1193.800048828125,1194.300048828125,13980
2026-04-28 08:58:00+00:00,1193.0,1193.0,1193.9000244140625,1193.0,1193.9000244140625,26726
2026-04-28 08:59:00+00:00,1194.0,1194.0,1194.0,1192.5999755859375,1193.0,22688
2026-04-28 09:00:00+00:00,1194.4000244140625,1194.4000244140625,1194.800048828125,1193.800048828125,1194.0,34380
2026-04-28 09:01:00+00:00,1195.0999755859375,1195.0999755859375,1195.0999755859375,1193.9000244140625,1194.4000244140625,54714
2026-04-28 09:02:00+00:00,1193.9000244140625,1193.9000244140625,1195.199951171875,1193.5999755859375,1195.199951171875,23584
2026-04-28 09:03:00+00:00,1194.5,1194.5,1194.5999755859375,1193.5999755859375,1193.9000244140625,18459
2026-04-28 09:04:00+00:00,1194.199951171875,1194.199951171875,1194.5999755859375,1193.800048828125,1194.199951171875,10870
2026-04-28 09:05:00+00:00,1194.0999755859375,1194.0999755859375,1194.199951171875,1193.800048828125,1194.199951171875,17301
2026-04-28 09:06:00+00:00,1194.5,1194.5,1194.699951171875,1194.0,1194.0,14260
2026-04-28 09:07:00+00:00,1195.0,1195.0,1195.0,1194.5,1194.5,16772
2026-04-28 09:08:00+00:00,1195.0,1195.0,1195.5,1194.800048828125,1195.0,41661
2026-04-28 09:09:00+00:00,1195.0999755859375,1195.0999755859375,1195.800048828125,1194.699951171875,1195.0,26539
2026-04-28 09:10:00+00:00,1194.800048828125,1194.800048828125,1195.0999755859375,1194.300048828125,1195.0999755859375,16424
2026-04-28 09:11:00+00:00,1194.699951171875,1194.699951171875,1194.9000244140625,1194.300048828125,1194.9000244140625,18952
2026-04-28 09:12:00+00:00,1194.5,1194.5,1194.9000244140625,1194.5,1194.9000244140625,12867
2026-04-28 09:13:00+00:00,1194.4000244140625,1194.4000244140625,1195.0,1194.0,1194.9000244140625,13701
2026-04-28 09:14:00+00:00,1195.0999755859375,1195.0999755859375,1195.199951171875,1194.0,1194.4000244140625,33178
2026-04-28 09:15:00+00:00,1195.0999755859375,1195.0999755859375,1195.300048828125,1194.300048828125,1195.0999755859375,23167
2026-04-28 09:16:00+00:00,1195.0,1195.0,1195.4000244140625,1194.699951171875,1195.0999755859375,18412
2026-04-28 09:17:00+00:00,1196.4000244140625,1196.4000244140625,1196.699951171875,1195.0,1195.199951171875,30969
2026-04-28 09:18:00+00:00,1196.0999755859375,1196.0999755859375,1196.300048828125,1195.5,1196.300048828125,5034
2026-04-28 09:19:00+00:00,1195.4000244140625,1195.4000244140625,1196.0999755859375,1195.4000244140625,1196.0999755859375,14213
2026-04-28 09:20:00+00:00,1196.300048828125,1196.300048828125,1196.300048828125,1195.4000244140625,1195.4000244140625,19902
2026-04-28 09:21:00+00:00,1196.9000244140625,1196.9000244140625,1197.0,1196.199951171875,1196.199951171875,20457
2026-04-28 09:22:00+00:00,1196.699951171875,1196.699951171875,1196.9000244140625,1196.0,1196.9000244140625,10626
2026-04-28 09:23:00+00:00,1197.300048828125,1197.300048828125,1197.4000244140625,1196.300048828125,1196.699951171875,23153
2026-04-28 09:24:00+00:00,1198.9000244140625,1198.9000244140625,1198.9000244140625,1196.5999755859375,1197.199951171875,39331
2026-04-28 09:25:00+00:00,1199.0,1199.0,1199.5,1198.0,1198.5999755859375,46892
2026-04-28 09:26:00+00:00,1199.699951171875,1199.699951171875,1200.199951171875,1198.4000244140625,1199.0,43687
2026-04-28 09:27:00+00:00,1199.0999755859375,1199.0999755859375,1199.9000244140625,1198.9000244140625,1199.9000244140625,17629
2026-04-28 09:28:00+00:00,1199.5,1199.5,1199.9000244140625,1198.800048828125,1199.199951171875,24601
2026-04-28 09:29:00+00:00,1198.9000244140625,1198.9000244140625,1199.800048828125,1198.9000244140625,1199.5999755859375,27368
2026-04-28 09:30:00+00:00,1198.0,1198.0,1199.199951171875,1197.699951171875,1199.0,58547
2026-04-28 09:31:00+00:00,1198.199951171875,1198.199951171875,1198.300048828125,1197.4000244140625,1198.0,44108
2026-04-28 09:32:00+00:00,1197.0999755859375,1197.0999755859375,1198.199951171875,1197.0999755859375,1198.0999755859375,28170
2026-04-28 09:33:00+00:00,1196.699951171875,1196.699951171875,1197.199951171875,1195.9000244140625,1197.199951171875,42082
2026-04-28 09:34:00+00:00,1196.4000244140625,1196.4000244140625,1197.5999755859375,1196.199951171875,1196.800048828125,53373
2026-04-28 09:35:00+00:00,1197.0999755859375,1197.0999755859375,1198.199951171875,1196.4000244140625,1196.4000244140625,52591
2026-04-28 09:36:00+00:00,1198.199951171875,1198.199951171875,1198.199951171875,1197.199951171875,1197.5,36550
2026-04-28 09:37:00+00:00,1196.699951171875,1196.699951171875,1198.199951171875,1196.300048828125,1198.0999755859375,38789
2026-04-28 09:38:00+00:00,1196.5,1196.5,1197.0,1196.4000244140625,1196.699951171875,30084
2026-04-28 09:39:00+00:00,1196.5,1196.5,1196.5,1196.0999755859375,1196.4000244140625,51337
2026-04-28 09:40:00+00:00,1195.9000244140625,1195.9000244140625,1197.199951171875,1195.800048828125,1197.199951171875,68571
2026-04-28 09:41:00+00:00,1195.5999755859375,1195.5999755859375,1196.5,1195.300048828125,1195.9000244140625,63085
2026-04-28 09:42:00+00:00,1195.0,1195.0,1195.5999755859375,1195.0,1195.5999755859375,45557
2026-04-28 09:43:00+00:00,1194.800048828125,1194.800048828125,1195.0999755859375,1194.5,1195.0,69071
2026-04-28 09:44:00+00:00,1194.800048828125,1194.800048828125,1195.0,1194.199951171875,1194.5999755859375,68410
2026-04-28 09:45:00+00:00,1194.9000244140625,1194.9000244140625,1195.4000244140625,1194.699951171875,1194.800048828125,84473
2026-04-28 09:46:00+00:00,1195.0999755859375,1195.0999755859375,1195.300048828125,1194.4000244140625,1195.199951171875,62081
2026-04-28 09:47:00+00:00,1194.9000244140625,1194.9000244140625,1195.9000244140625,1194.4000244140625,1195.4000244140625,52729
2026-04-28 09:48:00+00:00,1194.699951171875,1194.699951171875,1195.0,1194.4000244140625,1194.800048828125,57976
2026-04-28 09:49:00+00:00,1195.300048828125,1195.300048828125,1195.4000244140625,1194.5999755859375,1194.699951171875,73044
2026-04-28 09:50:00+00:00,1195.0999755859375,1195.0999755859375,1195.199951171875,1194.5,1195.0999755859375,54308
2026-04-28 09:51:00+00:00,1194.5,1194.5,1195.199951171875,1194.5,1195.0999755859375,73535
2026-04-28 09:52:00+00:00,1195.5,1195.5,1196.4000244140625,1194.9000244140625,1194.9000244140625,84871
2026-04-28 09:53:00+00:00,1195.699951171875,1195.699951171875,1196.0,1195.0,1195.300048828125,69642
2026-04-28 09:54:00+00:00,1196.0,1196.0,1196.0999755859375,1194.5999755859375,1195.699951171875,82751
2026-04-28 09:55:00+00:00,1196.699951171875,1196.699951171875,1197.199951171875,1195.800048828125,1196.0,76457
2026-04-28 09:56:00+00:00,1196.9000244140625,1196.9000244140625,1197.4000244140625,1196.0999755859375,1196.699951171875,35917
2026-04-28 09:57:00+00:00,1197.5,1197.5,1197.800048828125,1196.699951171875,1196.9000244140625,62714
2026-04-28 09:58:00+00:00,1198.5,1198.5,1198.5999755859375,1196.9000244140625,1196.9000244140625,28601
2026-04-28 09:59:00+00:00,1199.9000244140625,1199.9000244140625,1199.9000244140625,1198.0,1198.5,36427
2026-04-29 03:45:00+00:00,1198.800048828125,1198.800048828125,1203.0,1198.300048828125,1200.0,0
2026-04-29 03:46:00+00:00,1198.199951171875,1198.199951171875,1199.800048828125,1196.800048828125,1198.0,54070
2026-04-29 03:47:00+00:00,1194.5999755859375,1194.5999755859375,1198.0999755859375,1194.0,1198.0999755859375,61336
2026-04-29 03:48:00+00:00,1194.5,1194.5,1196.4000244140625,1194.5,1194.9000244140625,31835
2026-04-29 03:49:00+00:00,1195.0999755859375,1195.0999755859375,1195.5,1194.0999755859375,1194.699951171875,33390
2026-04-29 03:50:00+00:00,1196.0,1196.0,1196.800048828125,1195.0,1195.800048828125,26426
2026-04-29 03:51:00+00:00,1195.800048828125,1195.800048828125,1196.5999755859375,1194.4000244140625,1196.0,30422
2026-04-29 03:52:00+00:00,1195.199951171875,1195.199951171875,1195.699951171875,1194.800048828125,1195.699951171875,9057
2026-04-29 03:53:00+00:00,1195.0,1195.0,1195.5,1194.699951171875,1195.5,19785
2026-04-29 03:54:00+00:00,1195.800048828125,1195.800048828125,1195.800048828125,1195.0,1195.199951171875,11440
2026-04-29 03:55:00+00:00,1195.0,1195.0,1195.9000244140625,1194.300048828125,1195.9000244140625,22517
2026-04-29 03:56:00+00:00,1193.0,1193.0,1195.0999755859375,1193.0,1194.699951171875,41309
2026-04-29 03:57:00+00:00,1193.699951171875,1193.699951171875,1194.699951171875,1193.0,1193.4000244140625,14239
2026-04-29 03:58:00+00:00,1195.0,1195.0,1195.5,1194.699951171875,1194.699951171875,16591
2026-04-29 03:59:00+00:00,1194.5,1194.5,1195.4000244140625,1193.699951171875,1194.9000244140625,14849
2026-04-29 04:00:00+00:00,1194.300048828125,1194.300048828125,1194.9000244140625,1193.9000244140625,1194.5,18337
2026-04-29 04:01:00+00:00,1193.300048828125,1193.300048828125,1194.5999755859375,1192.0999755859375,1194.4000244140625,35747
2026-04-29 04:02:00+00:00,1194.0,1194.0,1194.0,1192.800048828125,1193.0999755859375,15155
2026-04-29 04:03:00+00:00,1193.699951171875,1193.699951171875,1194.300048828125,1193.699951171875,1194.300048828125,13214
2026-04-29 04:04:00+00:00,1193.9000244140625,1193.9000244140625,1194.300048828125,1193.4000244140625,1193.800048828125,9781
2026-04-29 04:05:00+00:00,1195.0,1195.0,1195.0999755859375,1194.4000244140625,1194.4000244140625,12921
2026-04-29 04:06:00+00:00,1197.300048828125,1197.300048828125,1197.300048828125,1195.0,1195.300048828125,27816
2026-04-29 04:07:00+00:00,1198.0,1198.0,1198.800048828125,1196.5,1196.9000244140625,31825
2026-04-29 04:08:00+00:00,1198.699951171875,1198.699951171875,1198.9000244140625,1198.0,1198.5,25403
2026-04-29 04:09:00+00:00,1200.4000244140625,1200.4000244140625,1201.300048828125,1198.0999755859375,1198.5999755859375,39104
2026-04-29 04:10:00+00:00,1203.9000244140625,1203.9000244140625,1203.9000244140625,1200.4000244140625,1200.800048828125,27598
2026-04-29 04:11:00+00:00,1202.0,1202.0,1203.699951171875,1201.5999755859375,1203.5,29675
2026-04-29 04:12:00+00:00,1202.4000244140625,1202.4000244140625,1202.9000244140625,1201.0999755859375,1202.199951171875,32554
2026-04-29 04:13:00+00:00,1202.9000244140625,1202.9000244140625,1202.9000244140625,1202.199951171875,1202.4000244140625,10354
2026-04-29 04:14:00+00:00,1203.0999755859375,1203.0999755859375,1203.9000244140625,1202.9000244140625,1202.9000244140625,17767
2026-04-29 04:15:00+00:00,1203.0,1203.0,1203.5,1202.5999755859375,1203.300048828125,16005
2026-04-29 04:16:00+00:00,1204.5999755859375,1204.5999755859375,1204.5999755859375,1203.0999755859375,1203.0999755859375,23389
2026-04-29 04:17:00+00:00,1204.0999755859375,1204.0999755859375,1204.5999755859375,1204.0999755859375,1204.5999755859375,13298
2026-04-29 04:18:00+00:00,1204.199951171875,1204.199951171875,1204.800048828125,1204.199951171875,1204.199951171875,14408
2026-04-29 04:19:00+00:00,1206.5999755859375,1206.5999755859375,1206.5999755859375,1204.699951171875,1204.699951171875,40944
2026-04-29 04:20:00+00:00,1205.699951171875,1205.699951171875,1208.4000244140625,1205.199951171875,1206.5999755859375,46713
2026-04-29 04:21:00+00:00,1207.0,1207.0,1207.0,1205.0999755859375,1205.5999755859375,16592
2026-04-29 04:22:00+00:00,1208.4000244140625,1208.4000244140625,1208.5,1206.300048828125,1207.4000244140625,25510
2026-04-29 04:23:00+00:00,1210.300048828125,1210.300048828125,1210.5999755859375,1208.800048828125,1208.800048828125,39256
2026-04-29 04:24:00+00:00,1208.0999755859375,1208.0999755859375,1210.5,1208.0999755859375,1210.300048828125,48981
2026-04-29 04:25:00+00:00,1207.9000244140625,1207.9000244140625,1208.800048828125,1207.0,1207.9000244140625,30478
2026-04-29 04:26:00+00:00,1207.199951171875,1207.199951171875,1208.300048828125,1207.199951171875,1208.0,13481
2026-04-29 04:27:00+00:00,1207.0,1207.0,1207.4000244140625,1206.0,1207.199951171875,10871
2026-04-29 04:28:00+00:00,1204.199951171875,1204.199951171875,1207.0999755859375,1203.5999755859375,1206.699951171875,19804
2026-04-29 04:29:00+00:00,1204.5,1204.5,1204.9000244140625,1202.699951171875,1204.800048828125,23935
2026-04-29 04:30:00+00:00,1206.0,1206.0,1206.300048828125,1204.5,1204.800048828125,11929
2026-04-29 04:31:00+00:00,1205.699951171875,1205.699951171875,1207.4000244140625,1205.300048828125,1206.199951171875,107932
2026-04-29 04:32:00+00:00,1206.199951171875,1206.199951171875,1206.9000244140625,1205.4000244140625,1205.699951171875,19075
2026-04-29 04:33:00+00:00,1205.5,1205.5,1206.199951171875,1204.9000244140625,1206.199951171875,8300
2026-04-29 04:34:00+00:00,1204.699951171875,1204.699951171875,1205.5,1204.699951171875,1205.5,12151
2026-04-29 04:35:00+00:00,1202.800048828125,1202.800048828125,1205.0,1202.5999755859375,1205.0,17383
2026-04-29 04:36:00+00:00,1203.300048828125,1203.300048828125,1203.800048828125,1202.800048828125,1203.0,7531
2026-04-29 04:37:00+00:00,1204.0999755859375,1204.0999755859375,1204.699951171875,1203.0999755859375,1203.300048828125,14489
2026-04-29 04:38:00+00:00,1205.0999755859375,1205.0999755859375,1205.800048828125,1204.300048828125,1204.4000244140625,15028
2026-04-29 04:39:00+00:00,1204.5999755859375,1204.5999755859375,1205.5,1204.199951171875,1205.5,7156
2026-04-29 04:40:00+00:00,1206.699951171875,1206.699951171875,1206.9000244140625,1205.0,1205.0,19502
2026-04-29 04:41:00+00:00,1206.0,1206.0,1206.800048828125,1206.0,1206.800048828125,7739
2026-04-29 04:42:00+00:00,1204.9000244140625,1204.9000244140625,1205.800048828125,1204.9000244140625,1205.199951171875,10034
2026-04-29 04:43:00+00:00,1205.800048828125,1205.800048828125,1205.800048828125,1204.5999755859375,1205.0,41239
2026-04-29 04:44:00+00:00,1206.199951171875,1206.199951171875,1207.0999755859375,1204.9000244140625,1205.4000244140625,15689
2026-04-29 04:45:00+00:00,1206.9000244140625,1206.9000244140625,1206.9000244140625,1205.5999755859375,1206.5,10139
2026-04-29 04:46:00+00:00,1206.0,1206.0,1206.5999755859375,1205.5,1206.5999755859375,5912
2026-04-29 04:47:00+00:00,1205.0,1205.0,1206.0,1204.800048828125,1206.0,8139
2026-04-29 04:48:00+00:00,1204.699951171875,1204.699951171875,1204.9000244140625,1204.199951171875,1204.9000244140625,5777
2026-04-29 04:49:00+00:00,1203.300048828125,1203.300048828125,1204.800048828125,1203.300048828125,1204.5,7402
2026-04-29 04:50:00+00:00,1204.0,1204.0,1204.0,1203.4000244140625,1203.4000244140625,12425
2026-04-29 04:51:00+00:00,1203.4000244140625,1203.4000244140625,1204.0,1203.4000244140625,1204.0,5621
2026-04-29 04:52:00+00:00,1204.0999755859375,1204.0999755859375,1204.0999755859375,1203.300048828125,1203.4000244140625,7169
2026-04-29 04:53:00+00:00,1204.0999755859375,1204.0999755859375,1204.300048828125,1203.9000244140625,1204.0999755859375,4827
2026-04-29 04:54:00+00:00,1203.800048828125,1203.800048828125,1204.300048828125,1203.5999755859375,1204.300048828125,4608
2026-04-29 04:55:00+00:00,1203.5999755859375,1203.5999755859375,1203.800048828125,1203.5,1203.800048828125,6511
2026-04-29 04:56:00+00:00,1203.0999755859375,1203.0999755859375,1203.5999755859375,1203.0,1203.5999755859375,4450
2026-04-29 04:57:00+00:00,1203.9000244140625,1203.9000244140625,1203.9000244140625,1202.699951171875,1203.0,9733
2026-04-29 04:58:00+00:00,1203.800048828125,1203.800048828125,1204.0,1203.800048828125,1203.9000244140625,3283
2026-04-29 04:59:00+00:00,1203.800048828125,1203.800048828125,1203.800048828125,1203.5,1203.800048828125,4229
2026-04-29 05:00:00+00:00,1203.4000244140625,1203.4000244140625,1204.0,1203.4000244140625,1204.0,4617
2026-04-29 05:01:00+00:00,1203.699951171875,1203.699951171875,1203.9000244140625,1203.0,1203.300048828125,5865
2026-04-29 05:02:00+00:00,1203.5,1203.5,1203.699951171875,1203.199951171875,1203.699951171875,4884
2026-04-29 05:03:00+00:00,1203.300048828125,1203.300048828125,1203.5,1203.199951171875,1203.5,2357
2026-04-29 05:04:00+00:00,1202.5,1202.5,1203.4000244140625,1202.5,1203.199951171875,8224
2026-04-29 05:05:00+00:00,1202.0,1202.0,1203.0999755859375,1202.0,1202.300048828125,20983
2026-04-29 05:06:00+00:00,1203.0,1203.0,1203.199951171875,1202.300048828125,1202.5999755859375,6781
2026-04-29 05:07:00+00:00,1203.5999755859375,1203.5999755859375,1203.5999755859375,1203.0999755859375,1203.199951171875,6547
2026-04-29 05:08:00+00:00,1204.0,1204.0,1204.4000244140625,1203.5999755859375,1203.5999755859375,6456
2026-04-29 05:09:00+00:00,1203.0999755859375,1203.0999755859375,1204.199951171875,1203.0999755859375,1204.0999755859375,15730
2026-04-29 05:10:00+00:00,1202.5,1202.5,1203.199951171875,1202.5,1203.199951171875,4767
2026-04-29 05:11:00+00:00,1204.0999755859375,1204.0999755859375,1204.0999755859375,1202.699951171875,1202.9000244140625,9601
2026-04-29 05:12:00+00:00,1203.4000244140625,1203.4000244140625,1204.0,1203.0999755859375,1204.0,5127
2026-04-29 05:13:00+00:00,1202.4000244140625,1202.4000244140625,1203.4000244140625,1202.4000244140625,1203.4000244140625,3586
2026-04-29 05:14:00+00:00,1202.199951171875,1202.199951171875,1202.300048828125,1202.0,1202.300048828125,4757
2026-04-29 05:15:00+00:00,1202.0,1202.0,1202.4000244140625,1201.0999755859375,1202.0,42430
2026-04-29 05:16:00+00:00,1200.9000244140625,1200.9000244140625,1202.0,1200.5,1202.0,7021
2026-04-29 05:17:00+00:00,1201.300048828125,1201.300048828125,1201.9000244140625,1200.5999755859375,1200.9000244140625,9148
2026-04-29 05:18:00+00:00,1201.4000244140625,1201.4000244140625,1201.699951171875,1201.0999755859375,1201.5999755859375,2130
2026-04-29 05:19:00+00:00,1201.699951171875,1201.699951171875,1201.699951171875,1201.4000244140625,1201.5,4374
2026-04-29 05:20:00+00:00,1201.0,1201.0,1201.4000244140625,1200.9000244140625,1201.4000244140625,4633
2026-04-29 05:21:00+00:00,1201.9000244140625,1201.9000244140625,1202.4000244140625,1201.0999755859375,1201.0999755859375,9384
2026-04-29 05:22:00+00:00,1201.9000244140625,1201.9000244140625,1201.9000244140625,1201.5999755859375,1201.800048828125,3630
2026-04-29 05:23:00+00:00,1202.0,1202.0,1202.0,1201.5999755859375,1201.9000244140625,3544
2026-04-29 05:24:00+00:00,1201.4000244140625,1201.4000244140625,1201.800048828125,1201.0999755859375,1201.800048828125,3555
2026-04-29 05:25:00+00:00,1201.199951171875,1201.199951171875,1201.4000244140625,1201.0,1201.300048828125,4457
2026-04-29 05:26:00+00:00,1203.5999755859375,1203.5999755859375,1203.800048828125,1201.0999755859375,1201.300048828125,71381
2026-04-29 05:27:00+00:00,1203.699951171875,1203.699951171875,1203.800048828125,1203.4000244140625,1203.5,4722
2026-04-29 05:28:00+00:00,1205.5999755859375,1205.5999755859375,1206.0999755859375,1203.300048828125,1203.5999755859375,85237
2026-04-29 05:29:00+00:00,1206.5,1206.5,1206.5,1205.800048828125,1206.0999755859375,15756
2026-04-29 05:30:00+00:00,1208.4000244140625,1208.4000244140625,1208.699951171875,1206.5999755859375,1206.5999755859375,26510
2026-04-29 05:31:00+00:00,1209.199951171875,1209.199951171875,1210.0,1208.0,1208.699951171875,27436
2026-04-29 05:32:00+00:00,1208.0,1208.0,1209.199951171875,1208.0,1209.199951171875,7105
2026-04-29 05:33:00+00:00,1208.0999755859375,1208.0999755859375,1208.5,1208.0,1208.0,6602
2026-04-29 05:34:00+00:00,1207.800048828125,1207.800048828125,1208.300048828125,1207.800048828125,1208.0,19586
2026-04-29 05:35:00+00:00,1207.300048828125,1207.300048828125,1207.9000244140625,1206.5999755859375,1207.9000244140625,21695
2026-04-29 05:36:00+00:00,1207.0,1207.0,1207.5999755859375,1207.0,1207.300048828125,5225
2026-04-29 05:37:00+00:00,1209.199951171875,1209.199951171875,1209.9000244140625,1207.0,1207.4000244140625,20706
2026-04-29 05:38:00+00:00,1209.199951171875,1209.199951171875,1209.5999755859375,1209.0,1209.300048828125,3991
2026-04-29 05:39:00+00:00,1209.699951171875,1209.699951171875,1209.9000244140625,1209.0,1209.5,11294
2026-04-29 05:40:00+00:00,1209.0999755859375,1209.0999755859375,1209.699951171875,1209.0,1209.699951171875,5030
2026-04-29 05:41:00+00:00,1209.800048828125,1209.800048828125,1209.800048828125,1209.0,1209.199951171875,9325
2026-04-29 05:42:00+00:00,1209.800048828125,1209.800048828125,1209.9000244140625,1209.5999755859375,1209.699951171875,7988
2026-04-29 05:43:00+00:00,1209.300048828125,1209.300048828125,1209.9000244140625,1208.9000244140625,1209.699951171875,13739
2026-04-29 05:44:00+00:00,1209.300048828125,1209.300048828125,1209.699951171875,1209.0,1209.4000244140625,7232
2026-04-29 05:45:00+00:00,1209.0999755859375,1209.0999755859375,1209.300048828125,1209.0,1209.300048828125,5275
2026-04-29 05:46:00+00:00,1208.800048828125,1208.800048828125,1209.0999755859375,1208.699951171875,1209.0999755859375,10974
2026-04-29 05:47:00+00:00,1208.300048828125,1208.300048828125,1208.800048828125,1208.0999755859375,1208.5999755859375,26760
2026-04-29 05:48:00+00:00,1206.0999755859375,1206.0999755859375,1208.300048828125,1206.0999755859375,1208.300048828125,19273
2026-04-29 05:49:00+00:00,1208.0,1208.0,1208.0,1206.0999755859375,1206.5999755859375,8508
2026-04-29 05:50:00+00:00,1209.0,1209.0,1209.199951171875,1207.699951171875,1207.9000244140625,43469
2026-04-29 05:51:00+00:00,1209.800048828125,1209.800048828125,1209.800048828125,1209.0,1209.0999755859375,7497
2026-04-29 05:52:00+00:00,1209.4000244140625,1209.4000244140625,1209.800048828125,1209.300048828125,1209.800048828125,2292
2026-04-29 05:53:00+00:00,1207.4000244140625,1207.4000244140625,1208.800048828125,1207.4000244140625,1208.800048828125,24916
2026-04-29 05:54:00+00:00,1208.300048828125,1208.300048828125,1208.300048828125,1207.4000244140625,1207.5,6495
2026-04-29 05:55:00+00:00,1208.4000244140625,1208.4000244140625,1208.4000244140625,1208.0999755859375,1208.300048828125,5328
2026-04-29 05:56:00+00:00,1208.5,1208.5,1208.5,1208.0,1208.4000244140625,6264
2026-04-29 05:57:00+00:00,1209.0,1209.0,1209.0999755859375,1208.800048828125,1208.800048828125,18676
2026-04-29 05:58:00+00:00,1208.5999755859375,1208.5999755859375,1209.0999755859375,1208.5999755859375,1209.0,19308
2026-04-29 05:59:00+00:00,1207.800048828125,1207.800048828125,1209.0999755859375,1207.699951171875,1208.5999755859375,11581
2026-04-29 06:00:00+00:00,1207.0,1207.0,1207.800048828125,1206.699951171875,1207.800048828125,4535
2026-04-29 06:01:00+00:00,1207.0,1207.0,1207.4000244140625,1206.9000244140625,1207.0,3836
2026-04-29 06:02:00+00:00,1206.5999755859375,1206.5999755859375,1207.0,1206.5,1207.0,6340
2026-04-29 06:03:00+00:00,1206.699951171875,1206.699951171875,1206.699951171875,1206.5,1206.699951171875,2966
2026-04-29 06:04:00+00:00,1206.4000244140625,1206.4000244140625,1206.800048828125,1206.300048828125,1206.699951171875,5358
2026-04-29 06:05:00+00:00,1206.699951171875,1206.699951171875,1207.0,1206.300048828125,1207.0,4687
2026-04-29 06:06:00+00:00,1205.5,1205.5,1206.4000244140625,1205.5,1206.4000244140625,4531
2026-04-29 06:07:00+00:00,1205.699951171875,1205.699951171875,1206.0,1205.5,1205.5,5690
2026-04-29 06:08:00+00:00,1205.5999755859375,1205.5999755859375,1206.0,1205.199951171875,1206.0,7185
2026-04-29 06:09:00+00:00,1205.5,1205.5,1205.800048828125,1205.199951171875,1205.5999755859375,2767
2026-04-29 06:10:00+00:00,1205.199951171875,1205.199951171875,1205.5,1205.0999755859375,1205.5,3485
2026-04-29 06:11:00+00:00,1204.0999755859375,1204.0999755859375,1205.199951171875,1203.699951171875,1205.199951171875,18589
2026-04-29 06:12:00+00:00,1204.5999755859375,1204.5999755859375,1204.5999755859375,1204.0999755859375,1204.4000244140625,2172
2026-04-29 06:13:00+00:00,1204.4000244140625,1204.4000244140625,1204.699951171875,1204.199951171875,1204.5999755859375,4082
2026-04-29 06:14:00+00:00,1204.0,1204.0,1204.4000244140625,1204.0,1204.4000244140625,3194
2026-04-29 06:15:00+00:00,1203.5999755859375,1203.5999755859375,1203.800048828125,1203.5999755859375,1203.699951171875,4127
2026-04-29 06:16:00+00:00,1204.4000244140625,1204.4000244140625,1204.699951171875,1203.699951171875,1203.699951171875,9448
2026-04-29 06:17:00+00:00,1204.199951171875,1204.199951171875,1204.699951171875,1204.0,1204.199951171875,3112
2026-04-29 06:18:00+00:00,1203.699951171875,1203.699951171875,1204.300048828125,1203.699951171875,1204.0999755859375,3441
2026-04-29 06:19:00+00:00,1203.800048828125,1203.800048828125,1203.9000244140625,1203.5,1203.800048828125,3777
2026-04-29 06:20:00+00:00,1203.9000244140625,1203.9000244140625,1203.9000244140625,1203.699951171875,1203.800048828125,3530
2026-04-29 06:21:00+00:00,1204.800048828125,1204.800048828125,1204.800048828125,1203.800048828125,1203.800048828125,7602
2026-04-29 06:22:00+00:00,1204.5999755859375,1204.5999755859375,1205.0,1204.300048828125,1204.800048828125,7171
2026-04-29 06:23:00+00:00,1204.0999755859375,1204.0999755859375,1204.699951171875,1203.9000244140625,1204.699951171875,2411
2026-04-29 06:24:00+00:00,1204.0999755859375,1204.0999755859375,1204.300048828125,1204.0,1204.199951171875,4868
2026-04-29 06:25:00+00:00,1204.9000244140625,1204.9000244140625,1204.9000244140625,1204.0999755859375,1204.199951171875,7825
2026-04-29 06:26:00+00:00,1204.4000244140625,1204.4000244140625,1205.0,1204.199951171875,1205.0,6049
2026-04-29 06:27:00+00:00,1204.300048828125,1204.300048828125,1204.300048828125,1204.0,1204.0999755859375,6063
2026-04-29 06:28:00+00:00,1204.5999755859375,1204.5999755859375,1204.5999755859375,1204.0999755859375,1204.300048828125,6988
2026-04-29 06:29:00+00:00,1204.5,1204.5,1204.5999755859375,1204.199951171875,1204.5999755859375,2760
2026-04-29 06:30:00+00:00,1204.4000244140625,1204.4000244140625,1204.699951171875,1204.199951171875,1204.4000244140625,7459
2026-04-29 06:31:00+00:00,1204.4000244140625,1204.4000244140625,1204.699951171875,1204.4000244140625,1204.699951171875,1556
2026-04-29 06:32:00+00:00,1204.199951171875,1204.199951171875,1204.4000244140625,1204.199951171875,1204.4000244140625,2755
2026-04-29 06:33:00+00:00,1204.300048828125,1204.300048828125,1204.300048828125,1204.199951171875,1204.300048828125,3896
2026-04-29 06:34:00+00:00,1204.300048828125,1204.300048828125,1204.300048828125,1204.199951171875,1204.300048828125,3383
2026-04-29 06:35:00+00:00,1203.0,1203.0,1204.300048828125,1203.0,1204.300048828125,12327
2026-04-29 06:36:00+00:00,1202.9000244140625,1202.9000244140625,1203.4000244140625,1202.800048828125,1203.4000244140625,4867
2026-04-29 06:37:00+00:00,1203.0,1203.0,1203.5,1202.9000244140625,1203.199951171875,5669
2026-04-29 06:38:00+00:00,1203.699951171875,1203.699951171875,1203.800048828125,1203.0,1203.0999755859375,6302
2026-04-29 06:39:00+00:00,1204.300048828125,1204.300048828125,1204.4000244140625,1203.800048828125,1204.0,5099
2026-04-29 06:40:00+00:00,1205.0999755859375,1205.0999755859375,1205.0999755859375,1204.300048828125,1204.4000244140625,5610
2026-04-29 06:41:00+00:00,1205.800048828125,1205.800048828125,1206.0,1205.0999755859375,1205.0999755859375,8164
2026-04-29 06:42:00+00:00,1204.9000244140625,1204.9000244140625,1205.800048828125,1204.800048828125,1205.800048828125,5337
2026-04-29 06:43:00+00:00,1205.0999755859375,1205.0999755859375,1205.199951171875,1204.9000244140625,1204.9000244140625,3630
2026-04-29 06:44:00+00:00,1204.5,1204.5,1205.4000244140625,1204.5,1205.4000244140625,4205
2026-04-29 06:45:00+00:00,1204.5999755859375,1204.5999755859375,1204.9000244140625,1204.300048828125,1204.800048828125,3921
2026-04-29 06:46:00+00:00,1204.5,1204.5,1204.9000244140625,1204.5,1204.800048828125,2634
2026-04-29 06:47:00+00:00,1204.5,1204.5,1204.699951171875,1204.300048828125,1204.699951171875,3716
2026-04-29 06:48:00+00:00,1204.5,1204.5,1204.5999755859375,1204.0999755859375,1204.5,2725
2026-04-29 06:49:00+00:00,1204.0999755859375,1204.0999755859375,1204.4000244140625,1204.0,1204.199951171875,3055
2026-04-29 06:50:00+00:00,1204.0999755859375,1204.0999755859375,1204.199951171875,1203.9000244140625,1204.0999755859375,5483
2026-04-29 06:51:00+00:00,1203.5999755859375,1203.5999755859375,1204.0999755859375,1203.5999755859375,1204.0999755859375,2777
2026-04-29 06:52:00+00:00,1203.5,1203.5,1203.9000244140625,1203.0999755859375,1203.5,11746
2026-04-29 06:53:00+00:00,1203.800048828125,1203.800048828125,1204.0,1203.4000244140625,1203.5,4252
2026-04-29 06:54:00+00:00,1204.4000244140625,1204.4000244140625,1204.4000244140625,1203.699951171875,1203.699951171875,5799
2026-04-29 06:55:00+00:00,1205.199951171875,1205.199951171875,1205.199951171875,1204.4000244140625,1204.4000244140625,4369
2026-04-29 06:56:00+00:00,1205.5,1205.5,1205.5,1205.0,1205.0,4322
2026-04-29 06:57:00+00:00,1204.9000244140625,1204.9000244140625,1205.5,1204.800048828125,1205.300048828125,3668
2026-04-29 06:58:00+00:00,1205.0999755859375,1205.0999755859375,1205.0999755859375,1204.800048828125,1204.9000244140625,3732
2026-04-29 06:59:00+00:00,1205.4000244140625,1205.4000244140625,1205.4000244140625,1204.800048828125,1204.800048828125,3928
2026-04-29 07:00:00+00:00,1205.199951171875,1205.199951171875,1205.300048828125,1205.0,1205.199951171875,3493
2026-04-29 07:01:00+00:00,1205.300048828125,1205.300048828125,1205.4000244140625,1204.9000244140625,1205.199951171875,7673
2026-04-29 07:02:00+00:00,1205.800048828125,1205.800048828125,1205.9000244140625,1205.4000244140625,1205.4000244140625,4175
2026-04-29 07:03:00+00:00,1205.5999755859375,1205.5999755859375,1205.800048828125,1205.5,1205.800048828125,2496
2026-04-29 07:04:00+00:00,1205.9000244140625,1205.9000244140625,1206.0,1205.4000244140625,1205.4000244140625,4875
2026-04-29 07:05:00+00:00,1205.5999755859375,1205.5999755859375,1205.800048828125,1205.5999755859375,1205.800048828125,3036
2026-04-29 07:06:00+00:00,1205.9000244140625,1205.9000244140625,1205.9000244140625,1205.5999755859375,1205.800048828125,4924
2026-04-29 07:07:00+00:00,1205.699951171875,1205.699951171875,1205.9000244140625,1205.699951171875,1205.9000244140625,2863
2026-04-29 07:08:00+00:00,1205.5,1205.5,1205.800048828125,1205.199951171875,1205.800048828125,5987
2026-04-29 07:09:00+00:00,1205.199951171875,1205.199951171875,1205.4000244140625,1204.9000244140625,1205.4000244140625,2417
2026-04-29 07:10:00+00:00,1205.0,1205.0,1205.199951171875,1204.699951171875,1204.800048828125,8090
2026-04-29 07:11:00+00:00,1205.0999755859375,1205.0999755859375,1205.0999755859375,1204.800048828125,1204.9000244140625,4354
2026-04-29 07:12:00+00:00,1204.9000244140625,1204.9000244140625,1205.0999755859375,1204.699951171875,1205.0,2580
2026-04-29 07:13:00+00:00,1205.4000244140625,1205.4000244140625,1205.4000244140625,1204.9000244140625,1205.0,6418
2026-04-29 07:14:00+00:00,1205.300048828125,1205.300048828125,1205.5999755859375,1205.0,1205.4000244140625,4200
2026-04-29 07:15:00+00:00,1205.4000244140625,1205.4000244140625,1205.5999755859375,1205.199951171875,1205.5999755859375,2624
2026-04-29 07:16:00+00:00,1205.5999755859375,1205.5999755859375,1205.5999755859375,1205.199951171875,1205.5,3726
2026-04-29 07:17:00+00:00,1205.5,1205.5,1205.5999755859375,1205.300048828125,1205.5,3136
2026-04-29 07:18:00+00:00,1205.5999755859375,1205.5999755859375,1205.5999755859375,1205.5,1205.5,3528
2026-04-29 07:19:00+00:00,1205.4000244140625,1205.4000244140625,1205.699951171875,1205.300048828125,1205.5,3250
2026-04-29 07:20:00+00:00,1205.5999755859375,1205.5999755859375,1205.9000244140625,1205.4000244140625,1205.5999755859375,6613
2026-04-29 07:21:00+00:00,1206.199951171875,1206.199951171875,1206.199951171875,1205.5999755859375,1205.5999755859375,7026
2026-04-29 07:22:00+00:00,1205.9000244140625,1205.9000244140625,1206.300048828125,1205.5999755859375,1206.199951171875,6948
2026-04-29 07:23:00+00:00,1203.9000244140625,1203.9000244140625,1206.0999755859375,1203.5,1206.0,26295
2026-04-29 07:24:00+00:00,1202.9000244140625,1202.9000244140625,1203.5999755859375,1202.5,1203.300048828125,16193
2026-04-29 07:25:00+00:00,1203.699951171875,1203.699951171875,1204.4000244140625,1202.9000244140625,1202.9000244140625,13957
2026-04-29 07:26:00+00:00,1204.800048828125,1204.800048828125,1204.800048828125,1203.5999755859375,1203.9000244140625,27094
2026-04-29 07:27:00+00:00,1204.0999755859375,1204.0999755859375,1204.800048828125,1204.0,1204.800048828125,17715
2026-04-29 07:28:00+00:00,1204.0,1204.0,1204.4000244140625,1203.699951171875,1204.300048828125,5811
2026-04-29 07:29:00+00:00,1203.9000244140625,1203.9000244140625,1204.0999755859375,1203.699951171875,1204.0,8267
2026-04-29 07:30:00+00:00,1204.300048828125,1204.300048828125,1204.5999755859375,1203.800048828125,1203.800048828125,16300
2026-04-29 07:31:00+00:00,1204.5,1204.5,1204.5,1204.0,1204.300048828125,4809
2026-04-29 07:32:00+00:00,1204.5,1204.5,1205.0,1204.300048828125,1204.4000244140625,19736
2026-04-29 07:33:00+00:00,1204.5,1204.5,1205.4000244140625,1204.5,1204.9000244140625,20012
2026-04-29 07:34:00+00:00,1204.199951171875,1204.199951171875,1204.9000244140625,1204.199951171875,1204.699951171875,5437
2026-04-29 07:35:00+00:00,1203.0,1203.0,1204.5999755859375,1202.699951171875,1204.5999755859375,13986
2026-04-29 07:36:00+00:00,1202.9000244140625,1202.9000244140625,1203.199951171875,1202.9000244140625,1203.0,9408
2026-04-29 07:37:00+00:00,1204.0,1204.0,1204.0,1202.9000244140625,1203.0,12652
2026-04-29 07:38:00+00:00,1204.4000244140625,1204.4000244140625,1204.5999755859375,1203.800048828125,1204.0,4427
2026-04-29 07:39:00+00:00,1203.5,1203.5,1204.0999755859375,1203.0999755859375,1204.0999755859375,5055
2026-04-29 07:40:00+00:00,1203.5999755859375,1203.5999755859375,1203.699951171875,1203.0999755859375,1203.5999755859375,2154
2026-04-29 07:41:00+00:00,1203.699951171875,1203.699951171875,1203.800048828125,1203.5999755859375,1203.800048828125,1983
2026-04-29 07:42:00+00:00,1203.699951171875,1203.699951171875,1203.699951171875,1203.199951171875,1203.5999755859375,4954
2026-04-29 07:43:00+00:00,1203.800048828125,1203.800048828125,1203.800048828125,1203.5,1203.699951171875,4966
2026-04-29 07:44:00+00:00,1203.699951171875,1203.699951171875,1203.9000244140625,1203.199951171875,1203.5,3427
2026-04-29 07:45:00+00:00,1203.5,1203.5,1203.699951171875,1203.0999755859375,1203.699951171875,2798
2026-04-29 07:46:00+00:00,1203.5,1203.5,1203.5999755859375,1203.4000244140625,1203.5999755859375,6291
2026-04-29 07:47:00+00:00,1203.5999755859375,1203.5999755859375,1203.699951171875,1203.0999755859375,1203.699951171875,4840
2026-04-29 07:48:00+00:00,1203.800048828125,1203.800048828125,1203.800048828125,1203.199951171875,1203.5999755859375,5581
2026-04-29 07:49:00+00:00,1203.9000244140625,1203.9000244140625,1204.199951171875,1203.5,1203.5,4145
2026-04-29 07:50:00+00:00,1203.9000244140625,1203.9000244140625,1204.300048828125,1203.9000244140625,1204.300048828125,3874
2026-04-29 07:51:00+00:00,1204.0,1204.0,1204.0,1203.5999755859375,1204.0,3758
2026-04-29 07:52:00+00:00,1204.0,1204.0,1204.199951171875,1203.5,1204.0,3441
2026-04-29 07:53:00+00:00,1204.199951171875,1204.199951171875,1204.5,1203.9000244140625,1203.9000244140625,4982
2026-04-29 07:54:00+00:00,1204.0999755859375,1204.0999755859375,1204.5,1204.0999755859375,1204.5,2030
2026-04-29 07:55:00+00:00,1204.4000244140625,1204.4000244140625,1204.4000244140625,1204.0,1204.0,3693
2026-04-29 07:56:00+00:00,1204.800048828125,1204.800048828125,1205.0,1204.199951171875,1204.4000244140625,6726
2026-04-29 07:57:00+00:00,1205.0999755859375,1205.0999755859375,1205.0999755859375,1204.5,1204.699951171875,6638
2026-04-29 07:58:00+00:00,1204.5,1204.5,1205.199951171875,1204.5,1205.0,3298
2026-04-29 07:59:00+00:00,1204.800048828125,1204.800048828125,1204.9000244140625,1204.5,1204.5,2457
2026-04-29 08:00:00+00:00,1203.9000244140625,1203.9000244140625,1204.699951171875,1203.699951171875,1204.699951171875,10566
2026-04-29 08:01:00+00:00,1203.800048828125,1203.800048828125,1204.0,1203.5999755859375,1203.800048828125,5170
2026-04-29 08:02:00+00:00,1203.9000244140625,1203.9000244140625,1204.0999755859375,1203.699951171875,1204.0,2477
2026-04-29 08:03:00+00:00,1203.699951171875,1203.699951171875,1204.0999755859375,1203.699951171875,1203.9000244140625,2485
2026-04-29 08:04:00+00:00,1203.800048828125,1203.800048828125,1204.0,1203.5999755859375,1203.699951171875,2706
2026-04-29 08:05:00+00:00,1203.5,1203.5,1203.800048828125,1203.5,1203.800048828125,2958
2026-04-29 08:06:00+00:00,1203.0999755859375,1203.0999755859375,1203.5,1202.800048828125,1203.5,12931
2026-04-29 08:07:00+00:00,1203.0,1203.0,1203.0999755859375,1202.699951171875,1202.9000244140625,2545
2026-04-29 08:08:00+00:00,1202.800048828125,1202.800048828125,1203.0,1202.699951171875,1203.0,2151
2026-04-29 08:09:00+00:00,1202.800048828125,1202.800048828125,1202.9000244140625,1202.5,1202.699951171875,5341
2026-04-29 08:10:00+00:00,1202.5,1202.5,1202.9000244140625,1202.0999755859375,1202.9000244140625,6298
2026-04-29 08:11:00+00:00,1202.199951171875,1202.199951171875,1202.5999755859375,1202.0999755859375,1202.5999755859375,7044
2026-04-29 08:12:00+00:00,1201.800048828125,1201.800048828125,1201.800048828125,1200.9000244140625,1201.699951171875,27313
2026-04-29 08:13:00+00:00,1202.0,1202.0,1202.0999755859375,1201.800048828125,1201.800048828125,4442
2026-04-29 08:14:00+00:00,1201.800048828125,1201.800048828125,1202.199951171875,1201.800048828125,1202.0999755859375,3364
2026-04-29 08:15:00+00:00,1202.0,1202.0,1202.0,1201.699951171875,1202.0,5968
2026-04-29 08:16:00+00:00,1202.0,1202.0,1202.0,1201.699951171875,1202.0,4534
2026-04-29 08:17:00+00:00,1201.9000244140625,1201.9000244140625,1202.300048828125,1201.9000244140625,1202.0999755859375,5411
2026-04-29 08:18:00+00:00,1201.5,1201.5,1201.800048828125,1201.5,1201.800048828125,4512
2026-04-29 08:19:00+00:00,1201.199951171875,1201.199951171875,1201.5,1201.0999755859375,1201.5,3993
2026-04-29 08:20:00+00:00,1202.199951171875,1202.199951171875,1202.199951171875,1201.199951171875,1201.199951171875,6336
2026-04-29 08:21:00+00:00,1202.0,1202.0,1202.199951171875,1201.699951171875,1201.800048828125,1811
2026-04-29 08:22:00+00:00,1202.300048828125,1202.300048828125,1202.5,1202.0,1202.0,3292
2026-04-29 08:23:00+00:00,1202.699951171875,1202.699951171875,1202.9000244140625,1202.4000244140625,1202.4000244140625,4107
2026-04-29 08:24:00+00:00,1202.199951171875,1202.199951171875,1202.699951171875,1202.0999755859375,1202.699951171875,4548
2026-04-29 08:25:00+00:00,1201.9000244140625,1201.9000244140625,1202.5999755859375,1201.9000244140625,1202.5,3970
2026-04-29 08:26:00+00:00,1202.4000244140625,1202.4000244140625,1202.699951171875,1202.199951171875,1202.199951171875,3408
2026-04-29 08:27:00+00:00,1202.4000244140625,1202.4000244140625,1202.699951171875,1202.300048828125,1202.300048828125,1893
2026-04-29 08:28:00+00:00,1202.0999755859375,1202.0999755859375,1202.4000244140625,1202.0,1202.300048828125,3366
2026-04-29 08:29:00+00:00,1202.0999755859375,1202.0999755859375,1202.300048828125,1202.0,1202.300048828125,4096
2026-04-29 08:30:00+00:00,1201.199951171875,1201.199951171875,1201.699951171875,1201.199951171875,1201.699951171875,7112
2026-04-29 08:31:00+00:00,1200.5999755859375,1200.5999755859375,1201.5,1200.5999755859375,1201.300048828125,7818
2026-04-29 08:32:00+00:00,1200.800048828125,1200.800048828125,1201.0,1200.800048828125,1201.0,7873
2026-04-29 08:33:00+00:00,1200.0999755859375,1200.0999755859375,1201.0,1200.0999755859375,1200.9000244140625,12151
2026-04-29 08:34:00+00:00,1200.0999755859375,1200.0999755859375,1200.300048828125,1199.9000244140625,1199.9000244140625,26977
2026-04-29 08:35:00+00:00,1200.0999755859375,1200.0999755859375,1200.300048828125,1200.0,1200.0999755859375,7005
2026-04-29 08:36:00+00:00,1200.5999755859375,1200.5999755859375,1200.5999755859375,1200.0,1200.0,11131
2026-04-29 08:37:00+00:00,1200.5,1200.5,1200.9000244140625,1200.4000244140625,1200.699951171875,4119
2026-04-29 08:38:00+00:00,1200.699951171875,1200.699951171875,1200.9000244140625,1200.5,1200.9000244140625,5287
2026-04-29 08:39:00+00:00,1200.800048828125,1200.800048828125,1200.800048828125,1200.5999755859375,1200.800048828125,6536
2026-04-29 08:40:00+00:00,1200.5999755859375,1200.5999755859375,1200.9000244140625,1200.5,1200.800048828125,2062
2026-04-29 08:41:00+00:00,1200.699951171875,1200.699951171875,1200.699951171875,1200.300048828125,1200.5999755859375,7774
2026-04-29 08:42:00+00:00,1200.5999755859375,1200.5999755859375,1200.699951171875,1200.5999755859375,1200.699951171875,4584
2026-04-29 08:43:00+00:00,1200.800048828125,1200.800048828125,1200.800048828125,1200.5999755859375,1200.5999755859375,3668
2026-04-29 08:44:00+00:00,1201.0999755859375,1201.0999755859375,1201.800048828125,1200.800048828125,1200.800048828125,8156
2026-04-29 08:45:00+00:00,1201.199951171875,1201.199951171875,1201.5,1201.199951171875,1201.5,1981
2026-04-29 08:46:00+00:00,1201.800048828125,1201.800048828125,1201.800048828125,1201.5,1201.5999755859375,6097
2026-04-29 08:47:00+00:00,1201.300048828125,1201.300048828125,1201.800048828125,1201.300048828125,1201.699951171875,4864
2026-04-29 08:48:00+00:00,1201.0999755859375,1201.0999755859375,1201.4000244140625,1201.0999755859375,1201.300048828125,4773
2026-04-29 08:49:00+00:00,1200.5,1200.5,1200.9000244140625,1200.5,1200.9000244140625,4135
2026-04-29 08:50:00+00:00,1200.5999755859375,1200.5999755859375,1200.699951171875,1200.5999755859375,1200.5999755859375,3243
2026-04-29 08:51:00+00:00,1200.699951171875,1200.699951171875,1200.800048828125,1200.5,1200.699951171875,3414
2026-04-29 08:52:00+00:00,1200.5999755859375,1200.5999755859375,1200.699951171875,1200.300048828125,1200.300048828125,4352
2026-04-29 08:53:00+00:00,1200.699951171875,1200.699951171875,1201.0,1200.5,1200.5999755859375,4993
2026-04-29 08:54:00+00:00,1200.4000244140625,1200.4000244140625,1200.699951171875,1200.300048828125,1200.699951171875,7360
2026-04-29 08:55:00+00:00,1200.5999755859375,1200.5999755859375,1200.5999755859375,1200.199951171875,1200.4000244140625,6510
2026-04-29 08:56:00+00:00,1200.5,1200.5,1200.9000244140625,1200.5,1200.800048828125,3823
2026-04-29 08:57:00+00:00,1200.0,1200.0,1200.4000244140625,1199.800048828125,1200.300048828125,10116
2026-04-29 08:58:00+00:00,1200.199951171875,1200.199951171875,1200.300048828125,1200.0,1200.199951171875,4747
2026-04-29 08:59:00+00:00,1199.5999755859375,1199.5999755859375,1200.0999755859375,1199.5,1200.0999755859375,9298
2026-04-29 09:00:00+00:00,1200.0,1200.0,1200.0,1199.5999755859375,1199.699951171875,5264
2026-04-29 09:01:00+00:00,1200.800048828125,1200.800048828125,1200.800048828125,1200.0,1200.0999755859375,7388
2026-04-29 09:02:00+00:00,1201.699951171875,1201.699951171875,1201.699951171875,1200.800048828125,1200.800048828125,7247
2026-04-29 09:03:00+00:00,1201.5,1201.5,1201.800048828125,1201.4000244140625,1201.5999755859375,5234
2026-04-29 09:04:00+00:00,1201.800048828125,1201.800048828125,1201.800048828125,1201.5,1201.5,6358
2026-04-29 09:05:00+00:00,1201.0,1201.0,1201.800048828125,1201.0,1201.5999755859375,4533
2026-04-29 09:06:00+00:00,1201.5,1201.5,1201.5,1201.0999755859375,1201.199951171875,4627
2026-04-29 09:07:00+00:00,1201.4000244140625,1201.4000244140625,1201.5,1201.0,1201.5,4119
2026-04-29 09:08:00+00:00,1201.800048828125,1201.800048828125,1201.800048828125,1201.300048828125,1201.300048828125,10581
2026-04-29 09:09:00+00:00,1201.0,1201.0,1201.699951171875,1200.9000244140625,1201.699951171875,4731
2026-04-29 09:10:00+00:00,1201.300048828125,1201.300048828125,1201.5,1200.699951171875,1201.0999755859375,5041
2026-04-29 09:11:00+00:00,1201.9000244140625,1201.9000244140625,1201.9000244140625,1201.5,1201.5,12654
2026-04-29 09:12:00+00:00,1201.5999755859375,1201.5999755859375,1201.9000244140625,1201.5,1201.9000244140625,3493
2026-04-29 09:13:00+00:00,1201.699951171875,1201.699951171875,1202.0,1201.699951171875,1201.699951171875,6466
2026-04-29 09:14:00+00:00,1201.5,1201.5,1201.9000244140625,1201.5,1201.699951171875,5180
2026-04-29 09:15:00+00:00,1201.699951171875,1201.699951171875,1201.800048828125,1201.5,1201.699951171875,7100
2026-04-29 09:16:00+00:00,1201.0999755859375,1201.0999755859375,1201.5999755859375,1201.0999755859375,1201.5,5839
2026-04-29 09:17:00+00:00,1200.800048828125,1200.800048828125,1201.199951171875,1200.699951171875,1201.0999755859375,4924
2026-04-29 09:18:00+00:00,1200.9000244140625,1200.9000244140625,1200.9000244140625,1200.5999755859375,1200.800048828125,4010
2026-04-29 09:19:00+00:00,1201.0,1201.0,1201.0,1200.699951171875,1200.699951171875,6420
2026-04-29 09:20:00+00:00,1200.5999755859375,1200.5999755859375,1201.0,1200.5999755859375,1200.9000244140625,4062
2026-04-29 09:21:00+00:00,1200.9000244140625,1200.9000244140625,1200.9000244140625,1200.5999755859375,1200.800048828125,5022
2026-04-29 09:22:00+00:00,1200.9000244140625,1200.9000244140625,1201.0,1200.699951171875,1200.9000244140625,4453
2026-04-29 09:23:00+00:00,1200.9000244140625,1200.9000244140625,1200.9000244140625,1200.5999755859375,1200.9000244140625,4512
2026-04-29 09:24:00+00:00,1201.0,1201.0,1201.300048828125,1200.800048828125,1200.800048828125,11323
2026-04-29 09:25:00+00:00,1200.9000244140625,1200.9000244140625,1201.4000244140625,1200.800048828125,1201.0,10801
2026-04-29 09:26:00+00:00,1201.9000244140625,1201.9000244140625,1201.9000244140625,1200.5999755859375,1200.9000244140625,18566
2026-04-29 09:27:00+00:00,1201.5999755859375,1201.5999755859375,1202.0,1201.4000244140625,1201.5,28483
2026-04-29 09:28:00+00:00,1200.800048828125,1200.800048828125,1201.800048828125,1200.800048828125,1201.5999755859375,28594
2026-04-29 09:29:00+00:00,1201.0999755859375,1201.0999755859375,1201.4000244140625,1200.800048828125,1201.199951171875,9438
2026-04-29 09:30:00+00:00,1201.199951171875,1201.199951171875,1201.5,1200.5,1200.800048828125,21160
2026-04-29 09:31:00+00:00,1201.300048828125,1201.300048828125,1201.699951171875,1200.300048828125,1201.0,221756
2026-04-29 09:32:00+00:00,1201.800048828125,1201.800048828125,1202.0,1200.4000244140625,1201.199951171875,51804
2026-04-29 09:33:00+00:00,1201.0,1201.0,1201.699951171875,1201.0,1201.5999755859375,56167
2026-04-29 09:34:00+00:00,1201.0999755859375,1201.0999755859375,1201.199951171875,1200.199951171875,1201.199951171875,73780
2026-04-29 09:35:00+00:00,1200.5999755859375,1200.5999755859375,1201.4000244140625,1200.300048828125,1201.300048828125,50060
2026-04-29 09:36:00+00:00,1200.199951171875,1200.199951171875,1201.0,1200.199951171875,1200.5999755859375,19295
2026-04-29 09:37:00+00:00,1200.699951171875,1200.699951171875,1201.199951171875,1200.199951171875,1200.5,29804
2026-04-29 09:38:00+00:00,1201.0,1201.0,1201.199951171875,1200.699951171875,1200.699951171875,19682
2026-04-29 09:39:00+00:00,1201.4000244140625,1201.4000244140625,1201.5999755859375,1201.0,1201.0999755859375,21543
2026-04-29 09:40:00+00:00,1200.9000244140625,1200.9000244140625,1201.4000244140625,1200.9000244140625,1201.4000244140625,19563
2026-04-29 09:41:00+00:00,1200.4000244140625,1200.4000244140625,1200.800048828125,1200.300048828125,1200.800048828125,13539
2026-04-29 09:42:00+00:00,1200.800048828125,1200.800048828125,1200.800048828125,1200.4000244140625,1200.5,19057
2026-04-29 09:43:00+00:00,1200.4000244140625,1200.4000244140625,1200.9000244140625,1200.4000244140625,1200.699951171875,26719
2026-04-29 09:44:00+00:00,1199.5,1199.5,1200.300048828125,1199.4000244140625,1200.300048828125,33903
2026-04-29 09:45:00+00:00,1200.4000244140625,1200.4000244140625,1200.5999755859375,1199.300048828125,1199.699951171875,36118
2026-04-29 09:46:00+00:00,1200.0,1200.0,1200.5999755859375,1200.0,1200.5999755859375,21925
2026-04-29 09:47:00+00:00,1199.5999755859375,1199.5999755859375,1200.300048828125,1199.5999755859375,1200.0,26415
2026-04-29 09:48:00+00:00,1199.0999755859375,1199.0999755859375,1199.699951171875,1199.0999755859375,1199.5999755859375,28017
2026-04-29 09:49:00+00:00,1199.0999755859375,1199.0999755859375,1199.300048828125,1199.0,1199.300048828125,17600
2026-04-29 09:50:00+00:00,1199.199951171875,1199.199951171875,1199.300048828125,1199.199951171875,1199.300048828125,20720
2026-04-29 09:51:00+00:00,1199.199951171875,1199.199951171875,1199.300048828125,1199.199951171875,1199.199951171875,17753
2026-04-29 09:52:00+00:00,1198.0999755859375,1198.0999755859375,1199.5,1198.0999755859375,1199.5,29698
2026-04-29 09:53:00+00:00,1197.5,1197.5,1198.199951171875,1197.0999755859375,1198.0999755859375,32564
2026-04-29 09:54:00+00:00,1198.0,1198.0,1198.0,1197.300048828125,1197.300048828125,27525
2026-04-29 09:55:00+00:00,1197.9000244140625,1197.9000244140625,1198.0,1197.800048828125,1197.800048828125,15242
2026-04-29 09:56:00+00:00,1198.0,1198.0,1198.0999755859375,1197.5999755859375,1198.0,14327
2026-04-29 09:57:00+00:00,1198.0,1198.0,1198.0,1197.5999755859375,1197.5999755859375,20390
2026-04-29 09:58:00+00:00,1198.0,1198.0,1198.0,1197.9000244140625,1198.0,15510
2026-04-29 09:59:00+00:00,1200.199951171875,1200.199951171875,1200.199951171875,1197.800048828125,1198.0999755859375,28027
2026-04-30 03:45:00+00:00,1198.300048828125,1198.300048828125,1201.0,1195.5,1199.300048828125,0
2026-04-30 03:46:00+00:00,1194.5,1194.5,1198.4000244140625,1194.5,1197.300048828125,36027
2026-04-30 03:47:00+00:00,1195.800048828125,1195.800048828125,1196.300048828125,1194.5,1194.5,19392
2026-04-30 03:48:00+00:00,1193.699951171875,1193.699951171875,1197.0999755859375,1193.5,1196.199951171875,18806
2026-04-30 03:49:00+00:00,1193.5,1193.5,1193.699951171875,1192.5,1193.300048828125,17282
2026-04-30 03:50:00+00:00,1193.5999755859375,1193.5999755859375,1195.5,1193.5999755859375,1195.300048828125,7879
2026-04-30 03:51:00+00:00,1191.4000244140625,1191.4000244140625,1194.0,1191.4000244140625,1194.0,28828
2026-04-30 03:52:00+00:00,1189.0,1189.0,1190.9000244140625,1188.0999755859375,1190.9000244140625,41881
2026-04-30 03:53:00+00:00,1188.5999755859375,1188.5999755859375,1190.0,1188.300048828125,1189.0999755859375,14467
2026-04-30 03:54:00+00:00,1188.0,1188.0,1189.300048828125,1187.699951171875,1189.0,20872
2026-04-30 03:55:00+00:00,1187.4000244140625,1187.4000244140625,1187.800048828125,1187.4000244140625,1187.800048828125,12955
2026-04-30 03:56:00+00:00,1187.0,1187.0,1187.4000244140625,1186.9000244140625,1187.4000244140625,30961
2026-04-30 03:57:00+00:00,1187.5,1187.5,1187.5999755859375,1187.0,1187.0,11644
2026-04-30 03:58:00+00:00,1186.699951171875,1186.699951171875,1187.5,1186.699951171875,1187.0,11676
2026-04-30 03:59:00+00:00,1185.5,1185.5,1186.5999755859375,1185.5,1186.5999755859375,10451
2026-04-30 04:00:00+00:00,1188.0,1188.0,1188.0,1185.5,1185.5,36946
2026-04-30 04:01:00+00:00,1188.5,1188.5,1189.0,1187.5999755859375,1187.9000244140625,10587
2026-04-30 04:02:00+00:00,1192.5,1192.5,1192.5,1189.4000244140625,1189.9000244140625,32552
2026-04-30 04:03:00+00:00,1191.699951171875,1191.699951171875,1193.0,1190.4000244140625,1192.0999755859375,28811
2026-04-30 04:04:00+00:00,1192.5999755859375,1192.5999755859375,1193.0,1191.0,1192.0,31709
2026-04-30 04:05:00+00:00,1191.800048828125,1191.800048828125,1192.5,1191.0,1192.5,13552
2026-04-30 04:06:00+00:00,1192.5999755859375,1192.5999755859375,1192.800048828125,1192.0999755859375,1192.0999755859375,17899
2026-04-30 04:07:00+00:00,1193.300048828125,1193.300048828125,1193.5,1192.800048828125,1193.199951171875,21328
2026-04-30 04:08:00+00:00,1191.4000244140625,1191.4000244140625,1191.699951171875,1191.0,1191.699951171875,8228
2026-04-30 04:09:00+00:00,1191.0,1191.0,1191.5999755859375,1191.0,1191.4000244140625,4989
2026-04-30 04:10:00+00:00,1191.0,1191.0,1191.300048828125,1190.0999755859375,1191.0,6020
2026-04-30 04:11:00+00:00,1191.300048828125,1191.300048828125,1191.4000244140625,1190.800048828125,1191.300048828125,10152
2026-04-30 04:12:00+00:00,1194.5999755859375,1194.5999755859375,1194.9000244140625,1190.5999755859375,1191.0999755859375,24455
2026-04-30 04:13:00+00:00,1193.699951171875,1193.699951171875,1195.0,1193.699951171875,1194.9000244140625,12260
2026-04-30 04:14:00+00:00,1194.0,1194.0,1194.0,1193.4000244140625,1193.5999755859375,7467
2026-04-30 04:15:00+00:00,1194.300048828125,1194.300048828125,1194.5,1193.5,1193.5,7661
2026-04-30 04:16:00+00:00,1194.0,1194.0,1194.199951171875,1193.5,1194.0999755859375,6965
2026-04-30 04:17:00+00:00,1193.300048828125,1193.300048828125,1193.800048828125,1193.300048828125,1193.800048828125,3768
2026-04-30 04:18:00+00:00,1193.0,1193.0,1193.5,1192.5,1193.0999755859375,6643
2026-04-30 04:19:00+00:00,1194.699951171875,1194.699951171875,1194.800048828125,1193.0,1193.0,11969
2026-04-30 04:20:00+00:00,1194.800048828125,1194.800048828125,1195.0,1193.5999755859375,1195.0,12572
2026-04-30 04:21:00+00:00,1197.5,1197.5,1197.5,1194.699951171875,1194.9000244140625,30765
2026-04-30 04:22:00+00:00,1196.0,1196.0,1197.9000244140625,1195.5,1197.699951171875,12660
2026-04-30 04:23:00+00:00,1197.0,1197.0,1197.699951171875,1196.0,1196.0999755859375,13202
2026-04-30 04:24:00+00:00,1195.9000244140625,1195.9000244140625,1197.699951171875,1195.5,1197.0,15956
2026-04-30 04:25:00+00:00,1195.4000244140625,1195.4000244140625,1195.9000244140625,1195.199951171875,1195.9000244140625,6453
2026-04-30 04:26:00+00:00,1195.699951171875,1195.699951171875,1196.0,1195.0999755859375,1195.5,13398
2026-04-30 04:27:00+00:00,1196.699951171875,1196.699951171875,1197.0,1195.300048828125,1195.800048828125,12587
2026-04-30 04:28:00+00:00,1197.5,1197.5,1198.199951171875,1196.699951171875,1196.699951171875,24477
2026-04-30 04:29:00+00:00,1197.5999755859375,1197.5999755859375,1197.9000244140625,1197.0,1197.4000244140625,7235
2026-04-30 04:30:00+00:00,1196.199951171875,1196.199951171875,1197.5999755859375,1196.199951171875,1197.5999755859375,6231
2026-04-30 04:31:00+00:00,1196.5,1196.5,1196.5,1195.5999755859375,1196.199951171875,5011
2026-04-30 04:32:00+00:00,1196.699951171875,1196.699951171875,1197.0,1196.0999755859375,1196.5,9955
2026-04-30 04:33:00+00:00,1197.0999755859375,1197.0999755859375,1197.300048828125,1196.4000244140625,1196.5999755859375,10061
2026-04-30 04:34:00+00:00,1196.5,1196.5,1196.9000244140625,1195.9000244140625,1196.9000244140625,3768
2026-04-30 04:35:00+00:00,1195.699951171875,1195.699951171875,1196.300048828125,1195.699951171875,1196.300048828125,5756
2026-04-30 04:36:00+00:00,1196.5,1196.5,1196.5,1195.5999755859375,1196.0,5387
2026-04-30 04:37:00+00:00,1195.800048828125,1195.800048828125,1196.4000244140625,1195.800048828125,1196.4000244140625,6443
2026-04-30 04:38:00+00:00,1194.800048828125,1194.800048828125,1195.9000244140625,1194.5999755859375,1195.9000244140625,9343
2026-04-30 04:39:00+00:00,1194.9000244140625,1194.9000244140625,1195.4000244140625,1194.0,1195.4000244140625,13178
2026-04-30 04:40:00+00:00,1194.199951171875,1194.199951171875,1194.9000244140625,1194.0,1194.800048828125,6038
2026-04-30 04:41:00+00:00,1194.0,1194.0,1194.5999755859375,1194.0,1194.300048828125,4552
2026-04-30 04:42:00+00:00,1194.5,1194.5,1194.5999755859375,1193.300048828125,1193.9000244140625,7653
2026-04-30 04:43:00+00:00,1195.699951171875,1195.699951171875,1195.699951171875,1194.4000244140625,1194.5999755859375,8328
2026-04-30 04:44:00+00:00,1195.5,1195.5,1195.9000244140625,1194.5,1195.9000244140625,6977
2026-04-30 04:45:00+00:00,1195.800048828125,1195.800048828125,1195.800048828125,1194.9000244140625,1195.4000244140625,3666
2026-04-30 04:46:00+00:00,1195.300048828125,1195.300048828125,1195.800048828125,1195.0999755859375,1195.699951171875,2808
2026-04-30 04:47:00+00:00,1193.800048828125,1193.800048828125,1195.199951171875,1193.300048828125,1195.199951171875,6759
2026-04-30 04:48:00+00:00,1194.199951171875,1194.199951171875,1194.300048828125,1193.5999755859375,1193.9000244140625,3510
2026-04-30 04:49:00+00:00,1194.0,1194.0,1194.800048828125,1194.0,1194.800048828125,3496
2026-04-30 04:50:00+00:00,1193.9000244140625,1193.9000244140625,1193.9000244140625,1193.0,1193.0,5298
2026-04-30 04:51:00+00:00,1195.0,1195.0,1195.199951171875,1194.5,1194.5,9370
2026-04-30 04:52:00+00:00,1194.5999755859375,1194.5999755859375,1195.699951171875,1194.5999755859375,1195.0999755859375,9095
2026-04-30 04:53:00+00:00,1194.699951171875,1194.699951171875,1195.300048828125,1194.4000244140625,1195.0,4108
2026-04-30 04:54:00+00:00,1195.5,1195.5,1195.5,1193.4000244140625,1194.699951171875,11331
2026-04-30 04:55:00+00:00,1196.0,1196.0,1196.0,1194.9000244140625,1195.5,5272
2026-04-30 04:56:00+00:00,1196.800048828125,1196.800048828125,1197.0,1195.800048828125,1196.0,12026
2026-04-30 04:57:00+00:00,1197.800048828125,1197.800048828125,1197.800048828125,1196.300048828125,1196.800048828125,9737
2026-04-30 04:58:00+00:00,1197.0,1197.0,1197.300048828125,1196.800048828125,1197.0,11266
2026-04-30 04:59:00+00:00,1197.0,1197.0,1197.5,1196.800048828125,1197.0,5995
2026-04-30 05:00:00+00:00,1196.800048828125,1196.800048828125,1197.0,1196.4000244140625,1197.0,2350
2026-04-30 05:01:00+00:00,1197.0,1197.0,1197.0999755859375,1196.4000244140625,1196.800048828125,4058
2026-04-30 05:02:00+00:00,1196.800048828125,1196.800048828125,1197.0,1196.800048828125,1197.0,2576
2026-04-30 05:03:00+00:00,1197.0,1197.0,1197.0,1196.4000244140625,1196.800048828125,2309
2026-04-30 05:04:00+00:00,1196.9000244140625,1196.9000244140625,1197.300048828125,1196.5,1197.0,4056
2026-04-30 05:05:00+00:00,1196.800048828125,1196.800048828125,1196.9000244140625,1196.699951171875,1196.9000244140625,5867
2026-04-30 05:06:00+00:00,1195.9000244140625,1195.9000244140625,1196.699951171875,1195.9000244140625,1196.699951171875,5281
2026-04-30 05:07:00+00:00,1196.9000244140625,1196.9000244140625,1196.9000244140625,1195.800048828125,1195.9000244140625,5706
2026-04-30 05:08:00+00:00,1196.4000244140625,1196.4000244140625,1196.9000244140625,1196.0999755859375,1196.9000244140625,1533
2026-04-30 05:09:00+00:00,1195.699951171875,1195.699951171875,1196.300048828125,1195.699951171875,1196.300048828125,515
2026-04-30 05:10:00+00:00,1196.4000244140625,1196.4000244140625,1196.4000244140625,1196.0,1196.0,5613
2026-04-30 05:11:00+00:00,1195.800048828125,1195.800048828125,1196.4000244140625,1195.800048828125,1196.4000244140625,1753
2026-04-30 05:12:00+00:00,1196.0,1196.0,1196.0999755859375,1195.5999755859375,1196.0,2552
2026-04-30 05:13:00+00:00,1196.5,1196.5,1196.5,1195.800048828125,1196.0,3024
2026-04-30 05:14:00+00:00,1196.800048828125,1196.800048828125,1197.0999755859375,1196.5,1196.5,9399
2026-04-30 05:15:00+00:00,1195.9000244140625,1195.9000244140625,1196.800048828125,1195.699951171875,1196.800048828125,4169
2026-04-30 05:16:00+00:00,1195.5999755859375,1195.5999755859375,1195.800048828125,1195.5999755859375,1195.800048828125,1931
2026-04-30 05:17:00+00:00,1194.4000244140625,1194.4000244140625,1195.800048828125,1194.199951171875,1195.800048828125,4256
2026-04-30 05:18:00+00:00,1194.5,1194.5,1195.0,1194.0,1195.0,7533
2026-04-30 05:19:00+00:00,1194.0,1194.0,1194.5,1194.0,1194.300048828125,3089
2026-04-30 05:20:00+00:00,1194.300048828125,1194.300048828125,1194.300048828125,1193.5999755859375,1194.300048828125,2834
2026-04-30 05:21:00+00:00,1194.4000244140625,1194.4000244140625,1194.5,1194.300048828125,1194.300048828125,1580
2026-04-30 05:22:00+00:00,1195.0999755859375,1195.0999755859375,1195.300048828125,1194.4000244140625,1194.5,7194
2026-04-30 05:23:00+00:00,1194.800048828125,1194.800048828125,1195.300048828125,1194.800048828125,1195.0,3346
2026-04-30 05:24:00+00:00,1194.800048828125,1194.800048828125,1195.199951171875,1194.800048828125,1195.199951171875,900
2026-04-30 05:25:00+00:00,1194.300048828125,1194.300048828125,1194.9000244140625,1194.0,1194.9000244140625,2868
2026-04-30 05:26:00+00:00,1194.699951171875,1194.699951171875,1194.699951171875,1194.5,1194.5999755859375,2096
2026-04-30 05:27:00+00:00,1196.0,1196.0,1196.0,1194.5,1194.699951171875,10272
2026-04-30 05:28:00+00:00,1195.9000244140625,1195.9000244140625,1196.0999755859375,1195.9000244140625,1196.0,7281
2026-04-30 05:29:00+00:00,1195.0999755859375,1195.0999755859375,1196.0,1195.0999755859375,1196.0,4827
2026-04-30 05:30:00+00:00,1195.5,1195.5,1195.5,1195.0,1195.0,3026
2026-04-30 05:31:00+00:00,1195.300048828125,1195.300048828125,1195.4000244140625,1195.0,1195.0,1154
2026-04-30 05:32:00+00:00,1194.800048828125,1194.800048828125,1195.4000244140625,1194.5999755859375,1195.4000244140625,1767
2026-04-30 05:33:00+00:00,1194.800048828125,1194.800048828125,1194.800048828125,1194.5,1194.800048828125,1406
2026-04-30 05:34:00+00:00,1194.699951171875,1194.699951171875,1194.800048828125,1194.4000244140625,1194.4000244140625,2334
2026-04-30 05:35:00+00:00,1195.4000244140625,1195.4000244140625,1195.4000244140625,1194.699951171875,1194.699951171875,3850
2026-04-30 05:36:00+00:00,1195.5999755859375,1195.5999755859375,1195.800048828125,1195.4000244140625,1195.800048828125,2312
2026-04-30 05:37:00+00:00,1195.800048828125,1195.800048828125,1195.800048828125,1195.5999755859375,1195.5999755859375,2365
2026-04-30 05:38:00+00:00,1195.5999755859375,1195.5999755859375,1195.800048828125,1195.300048828125,1195.800048828125,2210
2026-04-30 05:39:00+00:00,1194.9000244140625,1194.9000244140625,1195.5,1194.4000244140625,1195.0999755859375,5285
2026-04-30 05:40:00+00:00,1194.800048828125,1194.800048828125,1195.0,1194.300048828125,1194.5999755859375,1531
2026-04-30 05:41:00+00:00,1194.9000244140625,1194.9000244140625,1194.9000244140625,1194.5,1194.699951171875,3153
2026-04-30 05:42:00+00:00,1194.9000244140625,1194.9000244140625,1195.0,1194.699951171875,1195.0,794
2026-04-30 05:43:00+00:00,1194.5,1194.5,1195.0,1194.5,1195.0,1982
2026-04-30 05:44:00+00:00,1194.800048828125,1194.800048828125,1194.9000244140625,1194.5999755859375,1194.800048828125,2570
2026-04-30 05:45:00+00:00,1194.300048828125,1194.300048828125,1194.800048828125,1194.0999755859375,1194.800048828125,883
2026-04-30 05:46:00+00:00,1194.300048828125,1194.300048828125,1194.5999755859375,1194.0999755859375,1194.4000244140625,3013
2026-04-30 05:47:00+00:00,1194.5,1194.5,1194.5,1194.300048828125,1194.300048828125,665
2026-04-30 05:48:00+00:00,1193.800048828125,1193.800048828125,1194.5,1193.699951171875,1194.5,10583
2026-04-30 05:49:00+00:00,1193.0999755859375,1193.0999755859375,1193.9000244140625,1192.5,1193.9000244140625,6229
2026-04-30 05:50:00+00:00,1193.0999755859375,1193.0999755859375,1193.199951171875,1192.9000244140625,1193.0999755859375,1774
2026-04-30 05:51:00+00:00,1192.4000244140625,1192.4000244140625,1193.0999755859375,1192.4000244140625,1193.0999755859375,4302
2026-04-30 05:52:00+00:00,1191.800048828125,1191.800048828125,1192.4000244140625,1191.5,1192.4000244140625,8187
2026-04-30 05:53:00+00:00,1192.5,1192.5,1192.5999755859375,1191.5,1191.800048828125,7840
2026-04-30 05:54:00+00:00,1192.199951171875,1192.199951171875,1192.5,1192.199951171875,1192.4000244140625,1748
2026-04-30 05:55:00+00:00,1192.5,1192.5,1192.5,1192.0,1192.199951171875,2899
2026-04-30 05:56:00+00:00,1192.5,1192.5,1192.5999755859375,1192.300048828125,1192.5,1109
2026-04-30 05:57:00+00:00,1192.199951171875,1192.199951171875,1192.5,1192.0,1192.5,1523
2026-04-30 05:58:00+00:00,1192.4000244140625,1192.4000244140625,1192.4000244140625,1192.199951171875,1192.4000244140625,2305
2026-04-30 05:59:00+00:00,1192.300048828125,1192.300048828125,1192.4000244140625,1192.0999755859375,1192.4000244140625,2257
2026-04-30 06:00:00+00:00,1192.5,1192.5,1192.5,1192.4000244140625,1192.4000244140625,1638
2026-04-30 06:01:00+00:00,1192.0,1192.0,1192.5999755859375,1192.0,1192.5,6577
2026-04-30 06:02:00+00:00,1191.9000244140625,1191.9000244140625,1192.0,1191.5999755859375,1192.0,2102
2026-04-30 06:03:00+00:00,1191.5999755859375,1191.5999755859375,1191.800048828125,1191.199951171875,1191.800048828125,6224
2026-04-30 06:04:00+00:00,1191.800048828125,1191.800048828125,1191.800048828125,1191.5999755859375,1191.5999755859375,5199
2026-04-30 06:05:00+00:00,1192.0,1192.0,1192.0,1191.5999755859375,1191.9000244140625,1492
2026-04-30 06:06:00+00:00,1192.9000244140625,1192.9000244140625,1192.9000244140625,1192.0,1192.0,7648
2026-04-30 06:07:00+00:00,1194.5,1194.5,1194.5999755859375,1193.0,1193.0,20522
2026-04-30 06:08:00+00:00,1194.300048828125,1194.300048828125,1194.4000244140625,1194.0,1194.4000244140625,11196
2026-04-30 06:09:00+00:00,1194.4000244140625,1194.4000244140625,1194.5,1194.0,1194.0,7935
2026-04-30 06:10:00+00:00,1194.4000244140625,1194.4000244140625,1194.5,1194.0,1194.5,6445
2026-04-30 06:11:00+00:00,1194.699951171875,1194.699951171875,1194.699951171875,1194.4000244140625,1194.4000244140625,5221
2026-04-30 06:12:00+00:00,1195.9000244140625,1195.9000244140625,1195.9000244140625,1194.800048828125,1194.800048828125,8967
2026-04-30 06:13:00+00:00,1195.5999755859375,1195.5999755859375,1195.9000244140625,1195.199951171875,1195.9000244140625,1483
2026-04-30 06:14:00+00:00,1195.9000244140625,1195.9000244140625,1196.4000244140625,1195.0,1195.199951171875,9901
2026-04-30 06:15:00+00:00,1196.0,1196.0,1196.300048828125,1195.800048828125,1196.0,4504
2026-04-30 06:16:00+00:00,1195.9000244140625,1195.9000244140625,1195.9000244140625,1195.699951171875,1195.699951171875,891
2026-04-30 06:17:00+00:00,1195.4000244140625,1195.4000244140625,1195.9000244140625,1195.4000244140625,1195.5999755859375,2660
2026-04-30 06:18:00+00:00,1195.5,1195.5,1195.5999755859375,1195.199951171875,1195.5999755859375,1245
2026-04-30 06:19:00+00:00,1195.5,1195.5,1195.5,1195.0999755859375,1195.5,1947
2026-04-30 06:20:00+00:00,1196.5,1196.5,1196.800048828125,1195.5,1195.5,10952
2026-04-30 06:21:00+00:00,1197.699951171875,1197.699951171875,1197.9000244140625,1196.0,1196.5,13763
2026-04-30 06:22:00+00:00,1197.699951171875,1197.699951171875,1197.9000244140625,1197.4000244140625,1197.9000244140625,6209
2026-04-30 06:23:00+00:00,1198.800048828125,1198.800048828125,1199.0999755859375,1197.300048828125,1197.800048828125,18490
2026-04-30 06:24:00+00:00,1198.5999755859375,1198.5999755859375,1198.800048828125,1197.800048828125,1198.300048828125,12239
2026-04-30 06:25:00+00:00,1198.9000244140625,1198.9000244140625,1199.0,1198.0,1198.5999755859375,17968
2026-04-30 06:26:00+00:00,1199.9000244140625,1199.9000244140625,1199.9000244140625,1198.0999755859375,1198.5,26069
2026-04-30 06:27:00+00:00,1199.199951171875,1199.199951171875,1199.800048828125,1198.699951171875,1199.5999755859375,8821
2026-04-30 06:28:00+00:00,1199.5,1199.5,1199.9000244140625,1198.800048828125,1198.800048828125,16183
2026-04-30 06:29:00+00:00,1199.0,1199.0,1199.5,1199.0,1199.5,4613
2026-04-30 06:30:00+00:00,1200.4000244140625,1200.4000244140625,1200.4000244140625,1199.0,1199.4000244140625,17472
2026-04-30 06:31:00+00:00,1199.800048828125,1199.800048828125,1200.5999755859375,1199.5,1200.0,8486
2026-04-30 06:32:00+00:00,1200.300048828125,1200.300048828125,1200.4000244140625,1199.4000244140625,1199.800048828125,5086
2026-04-30 06:33:00+00:00,1200.9000244140625,1200.9000244140625,1201.0,1199.5999755859375,1200.0,21547
2026-04-30 06:34:00+00:00,1200.300048828125,1200.300048828125,1201.4000244140625,1200.300048828125,1201.300048828125,12635
2026-04-30 06:35:00+00:00,1200.5,1200.5,1201.0,1200.0999755859375,1200.0999755859375,2807
2026-04-30 06:36:00+00:00,1200.9000244140625,1200.9000244140625,1201.5999755859375,1200.5,1200.5,8768
2026-04-30 06:37:00+00:00,1200.9000244140625,1200.9000244140625,1201.0999755859375,1200.4000244140625,1200.5,4043
2026-04-30 06:38:00+00:00,1200.4000244140625,1200.4000244140625,1200.800048828125,1200.0,1200.699951171875,22553
2026-04-30 06:39:00+00:00,1200.5,1200.5,1201.0999755859375,1200.0999755859375,1200.0999755859375,7819
2026-04-30 06:40:00+00:00,1200.0,1200.0,1200.699951171875,1199.5999755859375,1200.699951171875,14354
2026-04-30 06:41:00+00:00,1200.5,1200.5,1200.800048828125,1200.0,1200.0,3940
2026-04-30 06:42:00+00:00,1200.199951171875,1200.199951171875,1200.9000244140625,1200.0999755859375,1200.300048828125,4032
2026-04-30 06:43:00+00:00,1200.800048828125,1200.800048828125,1200.800048828125,1200.0999755859375,1200.5,4370
2026-04-30 06:44:00+00:00,1200.9000244140625,1200.9000244140625,1200.9000244140625,1200.199951171875,1200.800048828125,7553
2026-04-30 06:45:00+00:00,1201.0,1201.0,1201.5,1200.5,1200.9000244140625,32893
2026-04-30 06:46:00+00:00,1200.800048828125,1200.800048828125,1201.300048828125,1200.5,1200.699951171875,7889
2026-04-30 06:47:00+00:00,1200.4000244140625,1200.4000244140625,1201.199951171875,1200.4000244140625,1200.9000244140625,7643
2026-04-30 06:48:00+00:00,1200.699951171875,1200.699951171875,1201.300048828125,1200.4000244140625,1200.5999755859375,19045
2026-04-30 06:49:00+00:00,1201.0,1201.0,1201.0,1199.9000244140625,1200.300048828125,52605
2026-04-30 06:50:00+00:00,1200.9000244140625,1200.9000244140625,1201.300048828125,1200.199951171875,1200.9000244140625,7572
2026-04-30 06:51:00+00:00,1201.0,1201.0,1201.300048828125,1200.199951171875,1200.199951171875,6498
2026-04-30 06:52:00+00:00,1201.300048828125,1201.300048828125,1201.4000244140625,1200.9000244140625,1201.0,9005
2026-04-30 06:53:00+00:00,1201.0999755859375,1201.0999755859375,1201.699951171875,1200.800048828125,1200.9000244140625,25903
2026-04-30 06:54:00+00:00,1202.300048828125,1202.300048828125,1202.9000244140625,1200.9000244140625,1201.0,20420
2026-04-30 06:55:00+00:00,1201.0,1201.0,1202.9000244140625,1200.5999755859375,1202.699951171875,38073
2026-04-30 06:56:00+00:00,1201.800048828125,1201.800048828125,1202.5,1201.0,1201.5,65898
2026-04-30 06:57:00+00:00,1200.5,1200.5,1202.199951171875,1200.199951171875,1202.0,14420
2026-04-30 06:58:00+00:00,1201.300048828125,1201.300048828125,1201.300048828125,1200.300048828125,1200.5999755859375,6049
2026-04-30 06:59:00+00:00,1201.4000244140625,1201.4000244140625,1201.4000244140625,1200.699951171875,1201.0,7776
2026-04-30 07:00:00+00:00,1201.300048828125,1201.300048828125,1201.699951171875,1200.800048828125,1201.0,10974
2026-04-30 07:01:00+00:00,1202.0,1202.0,1202.4000244140625,1201.0,1201.199951171875,15766
2026-04-30 07:02:00+00:00,1202.0,1202.0,1202.300048828125,1201.0999755859375,1201.9000244140625,9190
2026-04-30 07:03:00+00:00,1202.199951171875,1202.199951171875,1202.4000244140625,1201.4000244140625,1201.800048828125,12303
2026-04-30 07:04:00+00:00,1203.699951171875,1203.699951171875,1204.0,1202.199951171875,1202.4000244140625,24322
2026-04-30 07:05:00+00:00,1203.9000244140625,1203.9000244140625,1204.300048828125,1203.199951171875,1204.0,14630
2026-04-30 07:06:00+00:00,1203.5,1203.5,1204.0,1203.5,1203.5999755859375,6770
2026-04-30 07:07:00+00:00,1203.0,1203.0,1203.9000244140625,1202.5,1203.9000244140625,20396
2026-04-30 07:08:00+00:00,1203.0999755859375,1203.0999755859375,1203.5,1202.5,1202.9000244140625,14640
2026-04-30 07:09:00+00:00,1203.699951171875,1203.699951171875,1204.0,1203.199951171875,1203.300048828125,8032
2026-04-30 07:10:00+00:00,1205.4000244140625,1205.4000244140625,1205.699951171875,1203.4000244140625,1203.699951171875,36567
2026-04-30 07:11:00+00:00,1205.9000244140625,1205.9000244140625,1206.0,1205.0,1205.300048828125,10926
2026-04-30 07:12:00+00:00,1207.300048828125,1207.300048828125,1207.4000244140625,1205.5,1205.800048828125,27300
2026-04-30 07:13:00+00:00,1207.9000244140625,1207.9000244140625,1207.9000244140625,1206.4000244140625,1206.699951171875,21430
2026-04-30 07:14:00+00:00,1207.699951171875,1207.699951171875,1207.9000244140625,1207.300048828125,1207.9000244140625,11580
2026-04-30 07:15:00+00:00,1207.300048828125,1207.300048828125,1207.5,1207.0,1207.300048828125,6569
2026-04-30 07:16:00+00:00,1207.5,1207.5,1207.5,1207.0,1207.0,7915
2026-04-30 07:17:00+00:00,1206.800048828125,1206.800048828125,1207.9000244140625,1206.300048828125,1207.800048828125,18198
2026-04-30 07:18:00+00:00,1206.5,1206.5,1207.0999755859375,1206.0,1206.5,9140
2026-04-30 07:19:00+00:00,1206.9000244140625,1206.9000244140625,1207.800048828125,1206.300048828125,1206.300048828125,8016
2026-04-30 07:20:00+00:00,1208.5,1208.5,1209.5,1206.5999755859375,1206.9000244140625,24865
2026-04-30 07:21:00+00:00,1208.0,1208.0,1208.699951171875,1207.5999755859375,1208.300048828125,12385
2026-04-30 07:22:00+00:00,1206.699951171875,1206.699951171875,1208.0999755859375,1206.5999755859375,1208.0999755859375,17616
2026-04-30 07:23:00+00:00,1206.300048828125,1206.300048828125,1206.9000244140625,1206.0,1206.9000244140625,12474
2026-04-30 07:24:00+00:00,1206.699951171875,1206.699951171875,1207.0,1206.4000244140625,1206.800048828125,6808
2026-04-30 07:25:00+00:00,1206.699951171875,1206.699951171875,1206.9000244140625,1206.5,1206.699951171875,4759
2026-04-30 07:26:00+00:00,1206.4000244140625,1206.4000244140625,1206.9000244140625,1206.4000244140625,1206.4000244140625,3947
2026-04-30 07:27:00+00:00,1206.9000244140625,1206.9000244140625,1207.0999755859375,1206.4000244140625,1206.5,9494
2026-04-30 07:28:00+00:00,1206.699951171875,1206.699951171875,1207.0,1206.4000244140625,1206.9000244140625,3080
2026-04-30 07:29:00+00:00,1206.0999755859375,1206.0999755859375,1206.199951171875,1206.0999755859375,1206.0999755859375,3683
2026-04-30 07:30:00+00:00,1206.699951171875,1206.699951171875,1206.9000244140625,1206.0,1206.199951171875,11862
2026-04-30 07:31:00+00:00,1205.800048828125,1205.800048828125,1206.800048828125,1205.0,1206.800048828125,13119
2026-04-30 07:32:00+00:00,1205.9000244140625,1205.9000244140625,1205.9000244140625,1204.199951171875,1205.800048828125,27188
2026-04-30 07:33:00+00:00,1205.300048828125,1205.300048828125,1205.800048828125,1205.0,1205.800048828125,2821
2026-04-30 07:34:00+00:00,1205.0999755859375,1205.0999755859375,1205.5999755859375,1205.0,1205.300048828125,3247
2026-04-30 07:35:00+00:00,1203.5,1203.5,1205.5,1203.300048828125,1205.0999755859375,39735
2026-04-30 07:36:00+00:00,1203.5,1203.5,1205.0,1203.4000244140625,1203.9000244140625,12836
2026-04-30 07:37:00+00:00,1205.0,1205.0,1205.300048828125,1202.9000244140625,1203.5,28294
2026-04-30 07:38:00+00:00,1205.300048828125,1205.300048828125,1205.300048828125,1204.4000244140625,1205.0,5912
2026-04-30 07:39:00+00:00,1204.300048828125,1204.300048828125,1205.300048828125,1204.0,1205.300048828125,11098
2026-04-30 07:40:00+00:00,1204.5999755859375,1204.5999755859375,1204.699951171875,1204.199951171875,1204.199951171875,2467
2026-04-30 07:41:00+00:00,1205.199951171875,1205.199951171875,1206.0,1204.699951171875,1204.699951171875,10801
2026-04-30 07:42:00+00:00,1205.4000244140625,1205.4000244140625,1205.4000244140625,1205.0,1205.199951171875,8060
2026-04-30 07:43:00+00:00,1205.800048828125,1205.800048828125,1205.800048828125,1205.0,1205.4000244140625,6100
2026-04-30 07:44:00+00:00,1207.0999755859375,1207.0999755859375,1207.199951171875,1205.800048828125,1205.9000244140625,20743
2026-04-30 07:45:00+00:00,1206.800048828125,1206.800048828125,1207.699951171875,1206.199951171875,1207.300048828125,12195
2026-04-30 07:46:00+00:00,1206.199951171875,1206.199951171875,1207.300048828125,1206.0,1206.800048828125,11392
2026-04-30 07:47:00+00:00,1206.0999755859375,1206.0999755859375,1206.5999755859375,1205.800048828125,1206.199951171875,5731
2026-04-30 07:48:00+00:00,1206.699951171875,1206.699951171875,1206.699951171875,1206.199951171875,1206.5,5595
2026-04-30 07:49:00+00:00,1205.5,1205.5,1206.699951171875,1205.300048828125,1206.699951171875,4496
2026-04-30 07:50:00+00:00,1206.4000244140625,1206.4000244140625,1206.5,1205.199951171875,1205.5,7015
2026-04-30 07:51:00+00:00,1206.199951171875,1206.199951171875,1206.4000244140625,1205.9000244140625,1206.4000244140625,4314
2026-04-30 07:52:00+00:00,1205.300048828125,1205.300048828125,1206.199951171875,1205.0,1206.0,7926
2026-04-30 07:53:00+00:00,1206.5,1206.5,1206.5,1205.0,1205.300048828125,11343
2026-04-30 07:54:00+00:00,1206.0999755859375,1206.0999755859375,1206.9000244140625,1206.0,1206.4000244140625,7930
2026-04-30 07:55:00+00:00,1206.5,1206.5,1206.5,1205.800048828125,1206.0999755859375,4673
2026-04-30 07:56:00+00:00,1206.800048828125,1206.800048828125,1206.9000244140625,1206.0,1206.5,11845
2026-04-30 07:57:00+00:00,1206.0999755859375,1206.0999755859375,1207.0,1206.0999755859375,1206.800048828125,10444
2026-04-30 07:58:00+00:00,1206.4000244140625,1206.4000244140625,1206.5999755859375,1206.0,1206.5999755859375,5150
2026-04-30 07:59:00+00:00,1206.5999755859375,1206.5999755859375,1206.5999755859375,1206.199951171875,1206.4000244140625,4150
2026-04-30 08:00:00+00:00,1206.699951171875,1206.699951171875,1206.699951171875,1206.300048828125,1206.5,5200
2026-04-30 08:01:00+00:00,1207.0,1207.0,1207.800048828125,1206.699951171875,1206.699951171875,18036
2026-04-30 08:02:00+00:00,1206.800048828125,1206.800048828125,1207.199951171875,1206.699951171875,1207.0,3293
2026-04-30 08:03:00+00:00,1206.5999755859375,1206.5999755859375,1207.0999755859375,1206.5,1207.0,4315
2026-04-30 08:04:00+00:00,1207.0999755859375,1207.0999755859375,1207.5,1206.9000244140625,1206.9000244140625,8359
2026-04-30 08:05:00+00:00,1207.5,1207.5,1207.5,1206.5999755859375,1207.0999755859375,8413
2026-04-30 08:06:00+00:00,1207.699951171875,1207.699951171875,1207.9000244140625,1207.300048828125,1207.4000244140625,8921
2026-04-30 08:07:00+00:00,1207.4000244140625,1207.4000244140625,1208.0,1206.9000244140625,1207.9000244140625,4985
2026-04-30 08:08:00+00:00,1206.9000244140625,1206.9000244140625,1207.699951171875,1206.9000244140625,1207.4000244140625,6969
2026-04-30 08:09:00+00:00,1207.0999755859375,1207.0999755859375,1207.300048828125,1206.699951171875,1206.699951171875,1865
2026-04-30 08:10:00+00:00,1207.300048828125,1207.300048828125,1207.5,1206.5999755859375,1207.300048828125,9535
2026-04-30 08:11:00+00:00,1208.4000244140625,1208.4000244140625,1208.699951171875,1207.5,1207.5,22923
2026-04-30 08:12:00+00:00,1207.9000244140625,1207.9000244140625,1208.5999755859375,1207.199951171875,1208.300048828125,19763
2026-04-30 08:13:00+00:00,1207.5,1207.5,1207.9000244140625,1207.0999755859375,1207.800048828125,8313
2026-04-30 08:14:00+00:00,1207.5,1207.5,1207.5,1207.0,1207.0999755859375,5838
2026-04-30 08:15:00+00:00,1207.0999755859375,1207.0999755859375,1207.9000244140625,1207.0,1207.5,9621
2026-04-30 08:16:00+00:00,1207.0,1207.0,1207.0,1206.0999755859375,1206.800048828125,12984
2026-04-30 08:17:00+00:00,1206.699951171875,1206.699951171875,1207.0,1206.5,1207.0,2915
2026-04-30 08:18:00+00:00,1207.300048828125,1207.300048828125,1207.5999755859375,1207.0,1207.199951171875,3975
2026-04-30 08:19:00+00:00,1207.5999755859375,1207.5999755859375,1207.699951171875,1207.199951171875,1207.4000244140625,4951
2026-04-30 08:20:00+00:00,1207.5999755859375,1207.5999755859375,1208.0,1207.5999755859375,1207.5999755859375,9896
2026-04-30 08:21:00+00:00,1208.0999755859375,1208.0999755859375,1208.5999755859375,1207.5999755859375,1207.9000244140625,28419
2026-04-30 08:22:00+00:00,1208.5,1208.5,1208.699951171875,1207.699951171875,1208.300048828125,5410
2026-04-30 08:23:00+00:00,1208.699951171875,1208.699951171875,1208.800048828125,1208.199951171875,1208.699951171875,7547
2026-04-30 08:24:00+00:00,1208.5999755859375,1208.5999755859375,1208.800048828125,1208.5,1208.5,4172
2026-04-30 08:25:00+00:00,1209.300048828125,1209.300048828125,1209.300048828125,1208.699951171875,1208.699951171875,9593
2026-04-30 08:26:00+00:00,1209.4000244140625,1209.4000244140625,1209.4000244140625,1209.0,1209.0,8270
2026-04-30 08:27:00+00:00,1209.800048828125,1209.800048828125,1209.800048828125,1209.300048828125,1209.300048828125,10504
2026-04-30 08:28:00+00:00,1210.0,1210.0,1210.5999755859375,1209.9000244140625,1209.9000244140625,21038
2026-04-30 08:29:00+00:00,1209.800048828125,1209.800048828125,1210.4000244140625,1209.199951171875,1210.0,16179
2026-04-30 08:30:00+00:00,1210.4000244140625,1210.4000244140625,1210.9000244140625,1209.5999755859375,1210.0,11700
2026-04-30 08:31:00+00:00,1210.9000244140625,1210.9000244140625,1211.0,1210.0,1210.0,12028
2026-04-30 08:32:00+00:00,1211.300048828125,1211.300048828125,1211.4000244140625,1210.4000244140625,1210.4000244140625,5989
2026-04-30 08:33:00+00:00,1213.0,1213.0,1213.699951171875,1211.0,1211.199951171875,18808
2026-04-30 08:34:00+00:00,1211.800048828125,1211.800048828125,1213.199951171875,1211.800048828125,1213.0,13221
2026-04-30 08:35:00+00:00,1211.699951171875,1211.699951171875,1212.699951171875,1211.199951171875,1212.300048828125,8779
2026-04-30 08:36:00+00:00,1210.5,1210.5,1211.9000244140625,1210.0,1211.699951171875,15426
2026-04-30 08:37:00+00:00,1209.0999755859375,1209.0999755859375,1210.5,1209.0,1210.5,15866
2026-04-30 08:38:00+00:00,1210.800048828125,1210.800048828125,1210.800048828125,1209.0,1209.0,16653
2026-04-30 08:39:00+00:00,1211.0,1211.0,1211.0,1210.0,1210.300048828125,8202
2026-04-30 08:40:00+00:00,1210.800048828125,1210.800048828125,1211.300048828125,1210.699951171875,1211.0,13520
2026-04-30 08:41:00+00:00,1210.4000244140625,1210.4000244140625,1210.9000244140625,1209.699951171875,1210.9000244140625,6330
2026-04-30 08:42:00+00:00,1210.199951171875,1210.199951171875,1210.4000244140625,1210.0,1210.300048828125,4412
2026-04-30 08:43:00+00:00,1210.800048828125,1210.800048828125,1211.4000244140625,1210.0999755859375,1210.0999755859375,9220
2026-04-30 08:44:00+00:00,1210.0,1210.0,1210.4000244140625,1210.0,1210.4000244140625,3606
2026-04-30 08:45:00+00:00,1210.0,1210.0,1210.199951171875,1210.0,1210.0,5725
2026-04-30 08:46:00+00:00,1210.199951171875,1210.199951171875,1210.5,1210.0,1210.0,4580
2026-04-30 08:47:00+00:00,1211.0999755859375,1211.0999755859375,1211.4000244140625,1210.300048828125,1210.300048828125,57105
2026-04-30 08:48:00+00:00,1210.0999755859375,1210.0999755859375,1211.0,1209.699951171875,1210.9000244140625,19478
2026-04-30 08:49:00+00:00,1210.0999755859375,1210.0999755859375,1210.699951171875,1209.699951171875,1210.0999755859375,37312
2026-04-30 08:50:00+00:00,1209.199951171875,1209.199951171875,1210.0999755859375,1209.199951171875,1210.0,10902
2026-04-30 08:51:00+00:00,1209.5999755859375,1209.5999755859375,1210.0,1208.0,1209.199951171875,18890
2026-04-30 08:52:00+00:00,1209.199951171875,1209.199951171875,1209.300048828125,1208.5,1209.0999755859375,3791
2026-04-30 08:53:00+00:00,1209.5,1209.5,1209.5999755859375,1208.800048828125,1209.199951171875,10019
2026-04-30 08:54:00+00:00,1209.699951171875,1209.699951171875,1209.699951171875,1209.0999755859375,1209.5,21075
2026-04-30 08:55:00+00:00,1209.4000244140625,1209.4000244140625,1209.9000244140625,1209.0999755859375,1209.5999755859375,14654
2026-04-30 08:56:00+00:00,1209.4000244140625,1209.4000244140625,1209.9000244140625,1208.5,1209.5,21185
2026-04-30 08:57:00+00:00,1209.199951171875,1209.199951171875,1209.800048828125,1208.699951171875,1209.300048828125,38624
2026-04-30 08:58:00+00:00,1209.699951171875,1209.699951171875,1209.9000244140625,1208.199951171875,1209.0999755859375,32299
2026-04-30 08:59:00+00:00,1209.5,1209.5,1210.5,1208.800048828125,1209.5,14697
2026-04-30 09:00:00+00:00,1209.0,1209.0,1210.0,1208.800048828125,1209.5,27447
2026-04-30 09:01:00+00:00,1209.300048828125,1209.300048828125,1209.5,1209.0999755859375,1209.300048828125,5237
2026-04-30 09:02:00+00:00,1209.4000244140625,1209.4000244140625,1209.800048828125,1209.4000244140625,1209.800048828125,6711
2026-04-30 09:03:00+00:00,1211.199951171875,1211.199951171875,1211.300048828125,1209.300048828125,1209.4000244140625,17593
2026-04-30 09:04:00+00:00,1211.0999755859375,1211.0999755859375,1212.0,1211.0999755859375,1211.199951171875,9737
2026-04-30 09:05:00+00:00,1211.4000244140625,1211.4000244140625,1211.699951171875,1211.199951171875,1211.199951171875,4078
2026-04-30 09:06:00+00:00,1210.5999755859375,1210.5999755859375,1211.800048828125,1210.5999755859375,1211.4000244140625,10566
2026-04-30 09:07:00+00:00,1210.300048828125,1210.300048828125,1210.699951171875,1210.0,1210.5,5444
2026-04-30 09:08:00+00:00,1210.300048828125,1210.300048828125,1210.4000244140625,1210.0,1210.0999755859375,21902
2026-04-30 09:09:00+00:00,1210.800048828125,1210.800048828125,1210.800048828125,1210.0999755859375,1210.0999755859375,9307
2026-04-30 09:10:00+00:00,1211.4000244140625,1211.4000244140625,1211.4000244140625,1210.9000244140625,1210.9000244140625,10469
2026-04-30 09:11:00+00:00,1211.0,1211.0,1211.4000244140625,1211.0,1211.4000244140625,7981
2026-04-30 09:12:00+00:00,1211.0,1211.0,1211.0,1210.9000244140625,1211.0,22682
2026-04-30 09:13:00+00:00,1211.0,1211.0,1211.0999755859375,1210.699951171875,1211.0999755859375,19129
2026-04-30 09:14:00+00:00,1209.699951171875,1209.699951171875,1211.0,1209.0,1211.0,41057
2026-04-30 09:15:00+00:00,1209.9000244140625,1209.9000244140625,1209.9000244140625,1209.5,1209.5999755859375,2027
2026-04-30 09:16:00+00:00,1210.0999755859375,1210.0999755859375,1210.0999755859375,1209.5999755859375,1209.5999755859375,4021
2026-04-30 09:17:00+00:00,1208.0999755859375,1208.0999755859375,1209.300048828125,1208.0999755859375,1209.300048828125,8292
2026-04-30 09:18:00+00:00,1207.800048828125,1207.800048828125,1208.0999755859375,1207.4000244140625,1208.0999755859375,5810
2026-04-30 09:19:00+00:00,1206.0,1206.0,1207.800048828125,1206.0,1207.800048828125,10042
2026-04-30 09:20:00+00:00,1205.0999755859375,1205.0999755859375,1205.800048828125,1205.0,1205.800048828125,15099
2026-04-30 09:21:00+00:00,1206.300048828125,1206.300048828125,1206.5,1205.0,1205.0999755859375,35846
2026-04-30 09:22:00+00:00,1206.5999755859375,1206.5999755859375,1206.800048828125,1206.199951171875,1206.5,23664
2026-04-30 09:23:00+00:00,1206.4000244140625,1206.4000244140625,1206.5999755859375,1205.9000244140625,1206.199951171875,6079
2026-04-30 09:24:00+00:00,1205.5,1205.5,1206.4000244140625,1205.5,1206.199951171875,5249
2026-04-30 09:25:00+00:00,1205.9000244140625,1205.9000244140625,1206.4000244140625,1205.5,1205.800048828125,6990
2026-04-30 09:26:00+00:00,1206.0,1206.0,1206.199951171875,1205.9000244140625,1206.199951171875,5346
2026-04-30 09:27:00+00:00,1205.5,1205.5,1206.0999755859375,1205.0999755859375,1205.800048828125,16965
2026-04-30 09:28:00+00:00,1205.800048828125,1205.800048828125,1206.0999755859375,1205.4000244140625,1205.5999755859375,6573
2026-04-30 09:29:00+00:00,1205.699951171875,1205.699951171875,1206.300048828125,1205.699951171875,1205.699951171875,10284
2026-04-30 09:30:00+00:00,1203.9000244140625,1203.9000244140625,1204.9000244140625,1202.9000244140625,1204.9000244140625,40511
2026-04-30 09:31:00+00:00,1203.0,1203.0,1204.199951171875,1202.800048828125,1204.199951171875,17286
2026-04-30 09:32:00+00:00,1201.699951171875,1201.699951171875,1203.0,1201.5999755859375,1203.0,23047
2026-04-30 09:33:00+00:00,1200.4000244140625,1200.4000244140625,1201.4000244140625,1200.0999755859375,1201.4000244140625,47272
2026-04-30 09:34:00+00:00,1200.5999755859375,1200.5999755859375,1200.800048828125,1200.300048828125,1200.300048828125,30291
2026-04-30 09:35:00+00:00,1200.199951171875,1200.199951171875,1200.5,1199.5,1200.300048828125,85329
2026-04-30 09:36:00+00:00,1199.800048828125,1199.800048828125,1200.699951171875,1199.300048828125,1200.0999755859375,97950
2026-04-30 09:37:00+00:00,1199.5,1199.5,1199.9000244140625,1199.5,1199.699951171875,20598
2026-04-30 09:38:00+00:00,1198.9000244140625,1198.9000244140625,1199.5999755859375,1198.9000244140625,1199.5,23771
2026-04-30 09:39:00+00:00,1198.5999755859375,1198.5999755859375,1199.0,1198.5,1198.5,22106
2026-04-30 09:40:00+00:00,1198.5,1198.5,1198.699951171875,1198.0999755859375,1198.699951171875,33309
2026-04-30 09:41:00+00:00,1197.5,1197.5,1198.5,1197.5,1198.4000244140625,23636
2026-04-30 09:42:00+00:00,1198.5999755859375,1198.5999755859375,1198.800048828125,1197.9000244140625,1197.9000244140625,66204
2026-04-30 09:43:00+00:00,1198.4000244140625,1198.4000244140625,1198.5999755859375,1197.800048828125,1198.5,37674
2026-04-30 09:44:00+00:00,1198.0999755859375,1198.0999755859375,1198.4000244140625,1197.699951171875,1198.4000244140625,35297
2026-04-30 09:45:00+00:00,1198.0999755859375,1198.0999755859375,1198.199951171875,1198.0,1198.0999755859375,34278
2026-04-30 09:46:00+00:00,1198.300048828125,1198.300048828125,1198.300048828125,1198.0999755859375,1198.0999755859375,37591
2026-04-30 09:47:00+00:00,1198.4000244140625,1198.4000244140625,1198.5,1198.0,1198.5,32946
2026-04-30 09:48:00+00:00,1197.5,1197.5,1198.0,1197.300048828125,1198.0,54925
2026-04-30 09:49:00+00:00,1197.5999755859375,1197.5999755859375,1197.9000244140625,1197.300048828125,1197.5,49264
2026-04-30 09:50:00+00:00,1197.4000244140625,1197.4000244140625,1197.9000244140625,1197.199951171875,1197.4000244140625,95180
2026-04-30 09:51:00+00:00,1198.4000244140625,1198.4000244140625,1199.5999755859375,1198.199951171875,1198.199951171875,47954
2026-04-30 09:52:00+00:00,1197.800048828125,1197.800048828125,1198.4000244140625,1197.800048828125,1198.4000244140625,28283
2026-04-30 09:53:00+00:00,1198.0999755859375,1198.0999755859375,1198.0999755859375,1197.5,1197.800048828125,43772
2026-04-30 09:54:00+00:00,1198.5999755859375,1198.5999755859375,1198.800048828125,1197.9000244140625,1197.9000244140625,46971
2026-04-30 09:55:00+00:00,1199.199951171875,1199.199951171875,1199.199951171875,1198.0999755859375,1198.5999755859375,38600
2026-04-30 09:56:00+00:00,1199.5,1199.5,1199.699951171875,1199.0,1199.5999755859375,38084
2026-04-30 09:57:00+00:00,1199.9000244140625,1199.9000244140625,1200.0,1198.800048828125,1199.300048828125,42240
2026-04-30 09:58:00+00:00,1200.300048828125,1200.300048828125,1200.4000244140625,1199.4000244140625,1199.800048828125,40066
2026-04-30 09:59:00+00:00,1201.4000244140625,1201.4000244140625,1202.0,1199.0,1199.699951171875,19333
