Price,Adj Close,Close,High,Low,Open,Volume
Ticker,HEROMOTOCO.NS,HEROMOTOCO.NS,HEROMOTOCO.NS,HEROMOTOCO.NS,HEROMOTOCO.NS,HEROMOTOCO.NS
Datetime,,,,,,
2026-04-23 03:45:00+00:00,5123.5,5123.5,5125.0,5110.0,5125.0,0
2026-04-23 03:46:00+00:00,5131.5,5131.5,5136.5,5119.0,5124.0,6963
2026-04-23 03:47:00+00:00,5145.0,5145.0,5145.0,5132.0,5132.0,3022
2026-04-23 03:48:00+00:00,5125.0,5125.0,5144.0,5125.0,5144.0,3481
2026-04-23 03:49:00+00:00,5123.5,5123.5,5130.0,5123.0,5130.0,3875
2026-04-23 03:50:00+00:00,5142.5,5142.5,5142.5,5121.0,5121.5,2583
2026-04-23 03:51:00+00:00,5148.0,5148.0,5148.0,5137.5,5144.0,1904
2026-04-23 03:52:00+00:00,5138.0,5138.0,5146.5,5135.5,5146.5,1697
2026-04-23 03:53:00+00:00,5135.0,5135.0,5140.0,5134.5,5137.5,2317
2026-04-23 03:54:00+00:00,5129.0,5129.0,5135.0,5129.0,5134.5,951
2026-04-23 03:55:00+00:00,5127.0,5127.0,5132.0,5127.0,5129.0,1485
2026-04-23 03:56:00+00:00,5129.0,5129.0,5132.0,5128.0,5130.0,1401
2026-04-23 03:57:00+00:00,5131.0,5131.0,5133.5,5129.0,5130.5,855
2026-04-23 03:58:00+00:00,5130.0,5130.0,5133.5,5130.0,5133.5,709
2026-04-23 03:59:00+00:00,5129.5,5129.5,5132.0,5129.5,5130.5,1209
2026-04-23 04:00:00+00:00,5128.5,5128.5,5129.5,5120.0,5126.5,2155
2026-04-23 04:01:00+00:00,5125.0,5125.0,5135.0,5124.5,5127.5,1744
2026-04-23 04:02:00+00:00,5127.5,5127.5,5127.5,5124.0,5124.0,556
2026-04-23 04:03:00+00:00,5125.5,5125.5,5128.5,5119.5,5128.5,2337
2026-04-23 04:04:00+00:00,5121.5,5121.5,5126.0,5121.5,5124.5,614
2026-04-23 04:05:00+00:00,5119.5,5119.5,5122.0,5119.5,5122.0,2322
2026-04-23 04:06:00+00:00,5120.0,5120.0,5124.5,5115.5,5115.5,892
2026-04-23 04:07:00+00:00,5122.0,5122.0,5123.5,5116.5,5116.5,714
2026-04-23 04:08:00+00:00,5118.5,5118.5,5121.0,5114.0,5121.0,5233
2026-04-23 04:09:00+00:00,5116.5,5116.5,5120.0,5116.5,5119.5,668
2026-04-23 04:10:00+00:00,5114.0,5114.0,5118.5,5114.0,5116.5,687
2026-04-23 04:11:00+00:00,5112.5,5112.5,5115.0,5111.5,5115.0,1402
2026-04-23 04:12:00+00:00,5112.0,5112.0,5116.0,5112.0,5114.5,1060
2026-04-23 04:13:00+00:00,5119.0,5119.0,5119.0,5112.5,5113.0,661
2026-04-23 04:14:00+00:00,5123.0,5123.0,5123.0,5117.0,5117.0,729
2026-04-23 04:15:00+00:00,5123.0,5123.0,5123.5,5119.0,5120.5,1584
2026-04-23 04:16:00+00:00,5124.0,5124.0,5124.0,5121.0,5123.0,927
2026-04-23 04:17:00+00:00,5129.0,5129.0,5129.0,5124.0,5124.0,719
2026-04-23 04:18:00+00:00,5131.0,5131.0,5131.0,5127.5,5127.5,1614
2026-04-23 04:19:00+00:00,5129.5,5129.5,5132.5,5129.5,5130.5,753
2026-04-23 04:20:00+00:00,5127.5,5127.5,5130.5,5127.5,5130.0,476
2026-04-23 04:21:00+00:00,5127.0,5127.0,5127.0,5126.0,5127.0,571
2026-04-23 04:22:00+00:00,5128.5,5128.5,5128.5,5127.0,5127.0,385
2026-04-23 04:23:00+00:00,5130.0,5130.0,5133.0,5129.5,5129.5,1147
2026-04-23 04:24:00+00:00,5131.5,5131.5,5133.5,5130.0,5132.0,927
2026-04-23 04:25:00+00:00,5127.5,5127.5,5132.0,5125.5,5132.0,1493
2026-04-23 04:26:00+00:00,5130.0,5130.0,5130.0,5127.0,5127.0,410
2026-04-23 04:27:00+00:00,5129.5,5129.5,5130.0,5129.5,5130.0,607
2026-04-23 04:28:00+00:00,5128.0,5128.0,5134.0,5128.0,5128.0,1099
2026-04-23 04:29:00+00:00,5130.0,5130.0,5130.5,5128.0,5130.5,921
2026-04-23 04:30:00+00:00,5125.5,5125.5,5129.5,5125.0,5129.5,1296
2026-04-23 04:31:00+00:00,5124.5,5124.5,5126.5,5120.0,5126.5,1358
2026-04-23 04:32:00+00:00,5124.5,5124.5,5126.0,5123.0,5123.0,727
2026-04-23 04:33:00+00:00,5128.0,5128.0,5128.0,5122.0,5125.0,911
2026-04-23 04:34:00+00:00,5130.0,5130.0,5132.0,5128.0,5128.0,999
2026-04-23 04:35:00+00:00,5128.0,5128.0,5130.0,5127.5,5130.0,811
2026-04-23 04:36:00+00:00,5128.0,5128.0,5128.0,5123.5,5128.0,1033
2026-04-23 04:37:00+00:00,5125.0,5125.0,5129.0,5124.0,5126.0,688
2026-04-23 04:38:00+00:00,5128.0,5128.0,5128.5,5123.0,5124.0,1048
2026-04-23 04:39:00+00:00,5127.0,5127.0,5127.0,5125.0,5125.0,509
2026-04-23 04:40:00+00:00,5126.5,5126.5,5127.5,5125.0,5127.0,623
2026-04-23 04:41:00+00:00,5127.5,5127.5,5127.5,5125.0,5126.5,603
2026-04-23 04:42:00+00:00,5125.0,5125.0,5129.0,5125.0,5129.0,463
2026-04-23 04:43:00+00:00,5123.5,5123.5,5125.0,5120.5,5125.0,802
2026-04-23 04:44:00+00:00,5122.0,5122.0,5123.5,5121.5,5122.0,538
2026-04-23 04:45:00+00:00,5104.0,5104.0,5118.5,5102.0,5118.5,5594
2026-04-23 04:46:00+00:00,5105.5,5105.5,5105.5,5102.0,5104.0,1257
2026-04-23 04:47:00+00:00,5096.5,5096.5,5105.5,5096.5,5105.5,4639
2026-04-23 04:48:00+00:00,5089.5,5089.5,5096.5,5086.5,5096.5,2277
2026-04-23 04:49:00+00:00,5095.5,5095.5,5097.0,5089.0,5089.0,1338
2026-04-23 04:50:00+00:00,5098.0,5098.0,5098.0,5094.5,5095.5,600
2026-04-23 04:51:00+00:00,5094.0,5094.0,5100.0,5092.5,5098.0,967
2026-04-23 04:52:00+00:00,5093.5,5093.5,5095.0,5092.5,5095.0,118
2026-04-23 04:53:00+00:00,5094.5,5094.5,5096.0,5093.5,5093.5,616
2026-04-23 04:54:00+00:00,5092.5,5092.5,5096.5,5092.5,5094.5,1185
2026-04-23 04:55:00+00:00,5091.0,5091.0,5093.5,5090.0,5093.5,1248
2026-04-23 04:56:00+00:00,5093.5,5093.5,5093.5,5090.5,5092.0,776
2026-04-23 04:57:00+00:00,5095.5,5095.5,5097.0,5093.5,5097.0,558
2026-04-23 04:58:00+00:00,5095.5,5095.5,5096.0,5093.0,5094.5,648
2026-04-23 04:59:00+00:00,5091.5,5091.5,5095.0,5090.5,5094.0,721
2026-04-23 05:00:00+00:00,5089.5,5089.5,5091.5,5087.5,5091.5,2398
2026-04-23 05:01:00+00:00,5090.0,5090.0,5091.0,5089.0,5090.5,292
2026-04-23 05:02:00+00:00,5088.0,5088.0,5091.0,5086.5,5091.0,845
2026-04-23 05:03:00+00:00,5088.0,5088.0,5090.0,5086.5,5088.0,700
2026-04-23 05:04:00+00:00,5090.0,5090.0,5091.0,5087.0,5087.0,367
2026-04-23 05:05:00+00:00,5088.0,5088.0,5090.0,5087.0,5090.0,636
2026-04-23 05:06:00+00:00,5086.0,5086.0,5088.0,5086.0,5088.0,325
2026-04-23 05:07:00+00:00,5088.0,5088.0,5089.0,5084.0,5086.0,1570
2026-04-23 05:08:00+00:00,5088.0,5088.0,5089.5,5087.0,5087.0,567
2026-04-23 05:09:00+00:00,5089.0,5089.0,5090.0,5088.5,5088.5,313
2026-04-23 05:10:00+00:00,5088.5,5088.5,5090.0,5088.0,5088.5,390
2026-04-23 05:11:00+00:00,5085.5,5085.5,5089.5,5083.5,5089.0,1167
2026-04-23 05:12:00+00:00,5083.5,5083.5,5087.0,5081.0,5085.0,3349
2026-04-23 05:13:00+00:00,5082.5,5082.5,5084.0,5080.0,5083.0,1286
2026-04-23 05:14:00+00:00,5085.0,5085.0,5085.0,5081.5,5084.0,428
2026-04-23 05:15:00+00:00,5082.5,5082.5,5083.5,5081.0,5083.5,568
2026-04-23 05:16:00+00:00,5081.0,5081.0,5083.5,5081.0,5081.5,620
2026-04-23 05:17:00+00:00,5085.0,5085.0,5085.0,5080.5,5083.5,463
2026-04-23 05:18:00+00:00,5086.0,5086.0,5088.0,5085.5,5086.0,199
2026-04-23 05:19:00+00:00,5083.0,5083.0,5088.0,5083.0,5088.0,569
2026-04-23 05:20:00+00:00,5084.0,5084.0,5084.5,5083.0,5083.5,315
2026-04-23 05:21:00+00:00,5081.5,5081.5,5084.5,5081.5,5083.0,657
2026-04-23 05:22:00+00:00,5080.5,5080.5,5081.5,5080.5,5081.0,439
2026-04-23 05:23:00+00:00,5080.5,5080.5,5082.0,5080.5,5081.5,356
2026-04-23 05:24:00+00:00,5076.0,5076.0,5082.0,5075.5,5080.5,2695
2026-04-23 05:25:00+00:00,5073.5,5073.5,5076.0,5072.0,5076.0,1547
2026-04-23 05:26:00+00:00,5067.5,5067.5,5074.0,5066.0,5074.0,3037
2026-04-23 05:27:00+00:00,5068.5,5068.5,5069.0,5066.0,5066.0,361
2026-04-23 05:28:00+00:00,5072.5,5072.5,5072.5,5067.0,5068.5,1918
2026-04-23 05:29:00+00:00,5073.5,5073.5,5075.0,5070.0,5072.0,1172
2026-04-23 05:30:00+00:00,5068.0,5068.0,5074.0,5068.0,5074.0,1433
2026-04-23 05:31:00+00:00,5068.5,5068.5,5069.5,5067.0,5069.5,688
2026-04-23 05:32:00+00:00,5068.5,5068.5,5070.5,5068.5,5069.5,353
2026-04-23 05:33:00+00:00,5066.0,5066.0,5068.5,5065.0,5068.5,1091
2026-04-23 05:34:00+00:00,5066.0,5066.0,5067.0,5065.0,5065.0,492
2026-04-23 05:35:00+00:00,5066.0,5066.0,5067.0,5065.0,5067.0,482
2026-04-23 05:36:00+00:00,5065.0,5065.0,5066.5,5065.0,5066.0,1481
2026-04-23 05:37:00+00:00,5065.0,5065.0,5066.5,5065.0,5065.0,583
2026-04-23 05:38:00+00:00,5067.5,5067.5,5068.5,5065.0,5065.0,821
2026-04-23 05:39:00+00:00,5065.0,5065.0,5066.5,5064.0,5066.0,1052
2026-04-23 05:40:00+00:00,5063.5,5063.5,5063.5,5062.0,5063.0,724
2026-04-23 05:41:00+00:00,5062.0,5062.0,5063.0,5061.5,5063.0,790
2026-04-23 05:42:00+00:00,5060.5,5060.5,5062.5,5060.5,5062.0,2872
2026-04-23 05:43:00+00:00,5066.5,5066.5,5066.5,5056.0,5056.0,3749
2026-04-23 05:44:00+00:00,5065.0,5065.0,5066.5,5064.5,5066.5,501
2026-04-23 05:45:00+00:00,5070.0,5070.0,5071.5,5064.0,5066.5,2329
2026-04-23 05:46:00+00:00,5070.5,5070.5,5071.5,5068.0,5070.0,842
2026-04-23 05:47:00+00:00,5074.0,5074.0,5074.0,5069.5,5071.5,1169
2026-04-23 05:48:00+00:00,5073.0,5073.0,5075.0,5072.0,5074.0,316
2026-04-23 05:49:00+00:00,5070.0,5070.0,5074.5,5070.0,5072.5,904
2026-04-23 05:50:00+00:00,5072.5,5072.5,5074.0,5070.5,5072.0,433
2026-04-23 05:51:00+00:00,5074.0,5074.0,5074.0,5071.5,5071.5,427
2026-04-23 05:52:00+00:00,5074.0,5074.0,5074.0,5072.0,5072.0,391
2026-04-23 05:53:00+00:00,5075.0,5075.0,5075.0,5073.0,5074.0,337
2026-04-23 05:54:00+00:00,5072.5,5072.5,5073.5,5072.5,5072.5,290
2026-04-23 05:55:00+00:00,5072.0,5072.0,5072.5,5071.5,5071.5,358
2026-04-23 05:56:00+00:00,5073.0,5073.0,5074.0,5072.0,5072.0,383
2026-04-23 05:57:00+00:00,5072.0,5072.0,5072.5,5071.5,5072.5,621
2026-04-23 05:58:00+00:00,5073.0,5073.0,5073.0,5072.0,5072.0,327
2026-04-23 05:59:00+00:00,5074.5,5074.5,5075.0,5073.0,5075.0,389
2026-04-23 06:00:00+00:00,5071.5,5071.5,5075.0,5071.5,5074.5,1048
2026-04-23 06:01:00+00:00,5072.0,5072.0,5072.5,5070.0,5071.5,517
2026-04-23 06:02:00+00:00,5071.0,5071.0,5071.5,5070.0,5071.5,353
2026-04-23 06:03:00+00:00,5070.0,5070.0,5070.5,5069.5,5070.5,219
2026-04-23 06:04:00+00:00,5068.0,5068.0,5070.0,5068.0,5070.0,582
2026-04-23 06:05:00+00:00,5066.0,5066.0,5069.0,5065.0,5069.0,445
2026-04-23 06:06:00+00:00,5064.5,5064.5,5068.0,5063.0,5064.5,890
2026-04-23 06:07:00+00:00,5064.0,5064.0,5066.5,5064.0,5066.5,423
2026-04-23 06:08:00+00:00,5064.5,5064.5,5066.0,5064.0,5065.5,471
2026-04-23 06:09:00+00:00,5065.0,5065.0,5065.0,5064.0,5064.5,212
2026-04-23 06:10:00+00:00,5064.0,5064.0,5065.0,5064.0,5065.0,403
2026-04-23 06:11:00+00:00,5062.5,5062.5,5064.5,5061.5,5064.0,1278
2026-04-23 06:12:00+00:00,5057.5,5057.5,5061.5,5056.0,5061.5,1885
2026-04-23 06:13:00+00:00,5059.0,5059.0,5060.5,5057.5,5059.5,558
2026-04-23 06:14:00+00:00,5058.5,5058.5,5060.5,5058.5,5060.5,446
2026-04-23 06:15:00+00:00,5056.5,5056.5,5059.5,5055.0,5059.5,1554
2026-04-23 06:16:00+00:00,5054.0,5054.0,5056.5,5052.0,5056.5,1383
2026-04-23 06:17:00+00:00,5052.5,5052.5,5055.0,5051.5,5054.5,741
2026-04-23 06:18:00+00:00,5054.0,5054.0,5054.0,5052.5,5053.5,273
2026-04-23 06:19:00+00:00,5052.5,5052.5,5054.0,5051.5,5054.0,870
2026-04-23 06:20:00+00:00,5053.5,5053.5,5054.0,5051.5,5052.5,956
2026-04-23 06:21:00+00:00,5054.5,5054.5,5057.5,5053.5,5056.0,1644
2026-04-23 06:22:00+00:00,5054.0,5054.0,5055.5,5053.0,5055.5,399
2026-04-23 06:23:00+00:00,5057.0,5057.0,5058.0,5053.5,5053.5,1264
2026-04-23 06:24:00+00:00,5056.0,5056.0,5058.0,5054.5,5055.5,818
2026-04-23 06:25:00+00:00,5056.0,5056.0,5057.5,5053.0,5054.5,723
2026-04-23 06:26:00+00:00,5054.0,5054.0,5056.0,5054.0,5055.0,390
2026-04-23 06:27:00+00:00,5052.0,5052.0,5054.5,5052.0,5054.0,535
2026-04-23 06:28:00+00:00,5051.5,5051.5,5052.5,5051.0,5052.5,507
2026-04-23 06:29:00+00:00,5050.5,5050.5,5051.5,5050.0,5051.0,1668
2026-04-23 06:30:00+00:00,5048.0,5048.0,5051.0,5048.0,5050.5,2920
2026-04-23 06:31:00+00:00,5047.0,5047.0,5049.0,5045.0,5049.0,1457
2026-04-23 06:32:00+00:00,5048.0,5048.0,5049.0,5046.0,5046.5,915
2026-04-23 06:33:00+00:00,5049.0,5049.0,5049.0,5046.5,5047.0,1076
2026-04-23 06:34:00+00:00,5043.5,5043.5,5048.0,5043.5,5048.0,960
2026-04-23 06:35:00+00:00,5044.0,5044.0,5045.5,5043.0,5045.5,542
2026-04-23 06:36:00+00:00,5046.5,5046.5,5046.5,5043.0,5043.0,2021
2026-04-23 06:37:00+00:00,5046.0,5046.0,5047.5,5046.0,5046.5,1623
2026-04-23 06:38:00+00:00,5046.0,5046.0,5048.0,5045.5,5046.0,1265
2026-04-23 06:39:00+00:00,5046.0,5046.0,5046.5,5045.0,5046.0,2158
2026-04-23 06:40:00+00:00,5033.0,5033.0,5045.5,5031.5,5045.5,14134
2026-04-23 06:41:00+00:00,5030.0,5030.0,5034.5,5030.0,5032.0,2422
2026-04-23 06:42:00+00:00,5030.0,5030.0,5030.0,5028.5,5029.5,3272
2026-04-23 06:43:00+00:00,5034.5,5034.5,5034.5,5029.0,5029.0,3469
2026-04-23 06:44:00+00:00,5037.0,5037.0,5040.0,5035.5,5036.0,2750
2026-04-23 06:45:00+00:00,5036.0,5036.0,5038.5,5035.5,5037.5,1025
2026-04-23 06:46:00+00:00,5035.0,5035.0,5037.0,5033.0,5037.0,1797
2026-04-23 06:47:00+00:00,5032.0,5032.0,5035.0,5030.0,5035.0,1696
2026-04-23 06:48:00+00:00,5035.0,5035.0,5035.0,5030.0,5030.5,1118
2026-04-23 06:49:00+00:00,5036.0,5036.0,5036.0,5034.0,5035.5,1003
2026-04-23 06:50:00+00:00,5040.0,5040.0,5040.5,5034.0,5035.5,1699
2026-04-23 06:51:00+00:00,5040.0,5040.0,5040.0,5038.5,5039.0,675
2026-04-23 06:52:00+00:00,5041.0,5041.0,5041.0,5038.5,5038.5,1432
2026-04-23 06:53:00+00:00,5039.0,5039.0,5042.5,5039.0,5040.5,1242
2026-04-23 06:54:00+00:00,5034.5,5034.5,5039.0,5033.5,5039.0,1453
2026-04-23 06:55:00+00:00,5032.5,5032.5,5034.5,5030.5,5034.5,1907
2026-04-23 06:56:00+00:00,5030.0,5030.0,5032.5,5030.0,5031.5,699
2026-04-23 06:57:00+00:00,5027.0,5027.0,5030.5,5027.0,5029.0,2261
2026-04-23 06:58:00+00:00,5027.0,5027.0,5029.0,5026.0,5029.0,1187
2026-04-23 06:59:00+00:00,5026.0,5026.0,5026.5,5025.0,5026.5,1311
2026-04-23 07:00:00+00:00,5026.5,5026.5,5026.5,5025.5,5025.5,748
2026-04-23 07:01:00+00:00,5026.0,5026.0,5027.0,5025.0,5026.5,1068
2026-04-23 07:02:00+00:00,5024.5,5024.5,5025.5,5024.5,5025.5,821
2026-04-23 07:03:00+00:00,5027.5,5027.5,5027.5,5023.5,5023.5,1999
2026-04-23 07:04:00+00:00,5029.5,5029.5,5030.5,5028.0,5030.5,1891
2026-04-23 07:05:00+00:00,5032.0,5032.0,5033.0,5030.5,5030.5,850
2026-04-23 07:06:00+00:00,5032.5,5032.5,5033.5,5032.0,5032.5,1280
2026-04-23 07:07:00+00:00,5033.5,5033.5,5034.0,5032.0,5034.0,550
2026-04-23 07:08:00+00:00,5034.5,5034.5,5034.5,5032.0,5033.5,1147
2026-04-23 07:09:00+00:00,5035.5,5035.5,5036.0,5035.0,5035.0,942
2026-04-23 07:10:00+00:00,5035.5,5035.5,5035.5,5033.0,5035.0,992
2026-04-23 07:11:00+00:00,5032.5,5032.5,5034.5,5032.0,5034.5,726
2026-04-23 07:12:00+00:00,5029.5,5029.5,5033.5,5029.0,5033.5,495
2026-04-23 07:13:00+00:00,5028.0,5028.0,5029.5,5027.0,5029.5,1187
2026-04-23 07:14:00+00:00,5031.5,5031.5,5033.0,5026.0,5028.0,1018
2026-04-23 07:15:00+00:00,5030.0,5030.0,5031.5,5028.5,5031.5,679
2026-04-23 07:16:00+00:00,5030.0,5030.0,5030.5,5028.0,5029.0,692
2026-04-23 07:17:00+00:00,5029.5,5029.5,5030.5,5028.0,5030.0,767
2026-04-23 07:18:00+00:00,5028.5,5028.5,5029.5,5028.0,5028.0,622
2026-04-23 07:19:00+00:00,5027.5,5027.5,5028.0,5026.0,5028.0,880
2026-04-23 07:20:00+00:00,5027.0,5027.0,5027.5,5026.0,5027.5,520
2026-04-23 07:21:00+00:00,5027.0,5027.0,5028.0,5027.0,5027.5,1005
2026-04-23 07:22:00+00:00,5027.0,5027.0,5028.0,5025.5,5027.5,1187
2026-04-23 07:23:00+00:00,5028.0,5028.0,5028.0,5026.5,5028.0,794
2026-04-23 07:24:00+00:00,5027.5,5027.5,5028.0,5026.0,5028.0,858
2026-04-23 07:25:00+00:00,5027.5,5027.5,5028.0,5026.0,5027.5,814
2026-04-23 07:26:00+00:00,5031.5,5031.5,5032.0,5027.5,5027.5,1293
2026-04-23 07:27:00+00:00,5030.0,5030.0,5032.0,5030.0,5031.5,594
2026-04-23 07:28:00+00:00,5034.0,5034.0,5034.0,5030.0,5030.0,1121
2026-04-23 07:29:00+00:00,5035.0,5035.0,5037.0,5032.5,5034.0,841
2026-04-23 07:30:00+00:00,5036.5,5036.5,5036.5,5034.0,5034.0,1145
2026-04-23 07:31:00+00:00,5035.5,5035.5,5036.0,5034.0,5036.0,655
2026-04-23 07:32:00+00:00,5035.5,5035.5,5036.0,5034.5,5036.0,880
2026-04-23 07:33:00+00:00,5036.5,5036.5,5037.0,5034.0,5034.0,1089
2026-04-23 07:34:00+00:00,5037.0,5037.0,5037.5,5035.0,5035.0,803
2026-04-23 07:35:00+00:00,5037.5,5037.5,5038.0,5036.5,5037.5,746
2026-04-23 07:36:00+00:00,5037.0,5037.0,5038.0,5036.0,5038.0,776
2026-04-23 07:37:00+00:00,5038.0,5038.0,5038.0,5035.5,5036.5,6413
2026-04-23 07:38:00+00:00,5037.5,5037.5,5039.5,5037.5,5037.5,2253
2026-04-23 07:39:00+00:00,5038.5,5038.5,5039.0,5037.5,5038.5,413
2026-04-23 07:40:00+00:00,5036.0,5036.0,5038.0,5036.0,5038.0,1107
2026-04-23 07:41:00+00:00,5033.5,5033.5,5037.0,5033.0,5036.0,1071
2026-04-23 07:42:00+00:00,5033.0,5033.0,5034.5,5032.5,5034.5,1207
2026-04-23 07:43:00+00:00,5033.0,5033.0,5034.5,5032.0,5034.0,989
2026-04-23 07:44:00+00:00,5032.0,5032.0,5032.5,5030.5,5032.5,1638
2026-04-23 07:45:00+00:00,5032.0,5032.0,5033.5,5032.0,5032.5,561
2026-04-23 07:46:00+00:00,5030.0,5030.0,5032.5,5029.0,5032.0,1186
2026-04-23 07:47:00+00:00,5034.5,5034.5,5034.5,5030.0,5030.0,1322
2026-04-23 07:48:00+00:00,5034.0,5034.0,5035.0,5031.0,5034.5,1784
2026-04-23 07:49:00+00:00,5037.0,5037.0,5037.5,5033.5,5035.0,1809
2026-04-23 07:50:00+00:00,5039.5,5039.5,5040.0,5037.0,5037.0,1741
2026-04-23 07:51:00+00:00,5040.0,5040.0,5040.0,5037.0,5037.0,1299
2026-04-23 07:52:00+00:00,5039.0,5039.0,5039.5,5037.0,5039.0,884
2026-04-23 07:53:00+00:00,5047.0,5047.0,5047.0,5039.5,5039.5,3246
2026-04-23 07:54:00+00:00,5047.0,5047.0,5048.0,5045.5,5048.0,1766
2026-04-23 07:55:00+00:00,5040.5,5040.5,5047.0,5040.0,5047.0,14209
2026-04-23 07:56:00+00:00,5042.0,5042.0,5042.0,5037.5,5041.0,3237
2026-04-23 07:57:00+00:00,5041.5,5041.5,5045.5,5040.5,5040.5,1756
2026-04-23 07:58:00+00:00,5043.0,5043.0,5043.5,5039.5,5041.0,2392
2026-04-23 07:59:00+00:00,5040.5,5040.5,5044.0,5040.5,5043.0,1140
2026-04-23 08:00:00+00:00,5037.0,5037.0,5041.5,5037.0,5041.5,1490
2026-04-23 08:01:00+00:00,5040.0,5040.0,5040.0,5036.5,5038.0,1836
2026-04-23 08:02:00+00:00,5039.5,5039.5,5039.5,5037.0,5039.0,948
2026-04-23 08:03:00+00:00,5036.5,5036.5,5039.5,5036.5,5039.0,875
2026-04-23 08:04:00+00:00,5033.0,5033.0,5036.5,5033.0,5036.5,1566
2026-04-23 08:05:00+00:00,5033.5,5033.5,5033.5,5030.0,5030.0,1954
2026-04-23 08:06:00+00:00,5035.0,5035.0,5035.0,5031.0,5033.5,958
2026-04-23 08:07:00+00:00,5035.0,5035.0,5035.5,5033.5,5034.5,669
2026-04-23 08:08:00+00:00,5030.0,5030.0,5035.5,5030.0,5035.5,1660
2026-04-23 08:09:00+00:00,5030.5,5030.5,5030.5,5028.0,5030.0,1358
2026-04-23 08:10:00+00:00,5032.0,5032.0,5032.0,5030.0,5030.0,1083
2026-04-23 08:11:00+00:00,5033.0,5033.0,5034.5,5028.5,5031.0,2135
2026-04-23 08:12:00+00:00,5035.0,5035.0,5037.0,5031.5,5031.5,1200
2026-04-23 08:13:00+00:00,5034.5,5034.5,5038.0,5034.0,5036.5,1992
2026-04-23 08:14:00+00:00,5035.0,5035.0,5037.0,5034.0,5034.0,897
2026-04-23 08:15:00+00:00,5034.5,5034.5,5036.0,5033.5,5035.5,432
2026-04-23 08:16:00+00:00,5021.0,5021.0,5036.5,5021.0,5036.5,6999
2026-04-23 08:17:00+00:00,5022.0,5022.0,5024.0,5021.0,5021.5,1504
2026-04-23 08:18:00+00:00,5018.5,5018.5,5023.0,5016.0,5021.5,4112
2026-04-23 08:19:00+00:00,5023.5,5023.5,5023.5,5018.0,5018.0,1364
2026-04-23 08:20:00+00:00,5023.0,5023.0,5023.0,5021.0,5022.0,729
2026-04-23 08:21:00+00:00,5023.5,5023.5,5025.5,5021.5,5022.5,1609
2026-04-23 08:22:00+00:00,5023.0,5023.0,5024.0,5021.5,5023.0,493
2026-04-23 08:23:00+00:00,5019.0,5019.0,5023.0,5019.0,5023.0,842
2026-04-23 08:24:00+00:00,5020.5,5020.5,5020.5,5018.5,5018.5,1125
2026-04-23 08:25:00+00:00,5020.5,5020.5,5021.5,5020.0,5020.5,1279
2026-04-23 08:26:00+00:00,5023.5,5023.5,5026.5,5020.5,5021.0,1734
2026-04-23 08:27:00+00:00,5024.5,5024.5,5026.0,5024.0,5025.0,1479
2026-04-23 08:28:00+00:00,5023.5,5023.5,5024.5,5023.0,5024.5,564
2026-04-23 08:29:00+00:00,5022.5,5022.5,5023.5,5021.0,5023.5,1514
2026-04-23 08:30:00+00:00,5021.0,5021.0,5023.0,5020.0,5023.0,1308
2026-04-23 08:31:00+00:00,5022.5,5022.5,5022.5,5020.0,5021.0,1804
2026-04-23 08:32:00+00:00,5021.0,5021.0,5024.5,5021.0,5022.5,4394
2026-04-23 08:33:00+00:00,5024.0,5024.0,5024.0,5021.0,5021.0,1284
2026-04-23 08:34:00+00:00,5023.5,5023.5,5025.0,5022.5,5025.0,649
2026-04-23 08:35:00+00:00,5022.5,5022.5,5023.5,5022.0,5023.5,694
2026-04-23 08:36:00+00:00,5020.0,5020.0,5022.5,5019.0,5022.5,663
2026-04-23 08:37:00+00:00,5019.5,5019.5,5019.5,5019.0,5019.0,558
2026-04-23 08:38:00+00:00,5022.0,5022.0,5022.0,5018.0,5019.0,2070
2026-04-23 08:39:00+00:00,5020.0,5020.0,5022.0,5020.0,5021.5,457
2026-04-23 08:40:00+00:00,5016.5,5016.5,5020.5,5016.5,5020.5,1906
2026-04-23 08:41:00+00:00,5017.0,5017.0,5019.0,5015.0,5017.0,2056
2026-04-23 08:42:00+00:00,5006.5,5006.5,5016.5,5004.5,5016.5,36071
2026-04-23 08:43:00+00:00,5004.0,5004.0,5006.5,5003.5,5006.5,731
2026-04-23 08:44:00+00:00,5009.0,5009.0,5009.0,5004.0,5004.0,1777
2026-04-23 08:45:00+00:00,5012.5,5012.5,5013.0,5009.5,5010.0,1424
2026-04-23 08:46:00+00:00,5009.0,5009.0,5011.5,5008.0,5011.5,1170
2026-04-23 08:47:00+00:00,5012.5,5012.5,5013.0,5009.5,5009.5,2145
2026-04-23 08:48:00+00:00,5011.5,5011.5,5013.0,5011.5,5013.0,669
2026-04-23 08:49:00+00:00,5009.5,5009.5,5012.0,5009.5,5011.5,1038
2026-04-23 08:50:00+00:00,5011.0,5011.0,5011.0,5006.5,5009.0,2659
2026-04-23 08:51:00+00:00,5008.0,5008.0,5010.5,5007.0,5010.0,804
2026-04-23 08:52:00+00:00,5012.5,5012.5,5012.5,5008.0,5008.0,1569
2026-04-23 08:53:00+00:00,5014.0,5014.0,5014.0,5010.5,5010.5,1148
2026-04-23 08:54:00+00:00,5016.0,5016.0,5018.5,5015.5,5015.5,2520
2026-04-23 08:55:00+00:00,5015.0,5015.0,5016.5,5014.0,5015.5,717
2026-04-23 08:56:00+00:00,5013.5,5013.5,5015.0,5013.0,5015.0,506
2026-04-23 08:57:00+00:00,5017.5,5017.5,5017.5,5014.0,5015.0,2351
2026-04-23 08:58:00+00:00,5014.0,5014.0,5017.0,5014.0,5017.0,476
2026-04-23 08:59:00+00:00,5010.5,5010.5,5014.5,5010.5,5014.5,1833
2026-04-23 09:00:00+00:00,5008.0,5008.0,5009.5,5008.0,5009.0,2379
2026-04-23 09:01:00+00:00,5006.5,5006.5,5008.5,5006.0,5007.0,1041
2026-04-23 09:02:00+00:00,5007.0,5007.0,5008.5,5004.5,5007.0,2216
2026-04-23 09:03:00+00:00,4996.0,4996.0,5008.0,4996.0,5008.0,10317
2026-04-23 09:04:00+00:00,4998.5,4998.5,5000.0,4996.0,4997.5,1157
2026-04-23 09:05:00+00:00,4998.0,4998.0,4998.5,4996.0,4997.5,681
2026-04-23 09:06:00+00:00,4999.0,4999.0,5000.0,4998.0,4998.0,1786
2026-04-23 09:07:00+00:00,4998.0,4998.0,5000.0,4998.0,4999.0,1211
2026-04-23 09:08:00+00:00,4999.0,4999.0,4999.5,4996.5,4997.0,2051
2026-04-23 09:09:00+00:00,5001.5,5001.5,5001.5,4998.0,4998.0,1740
2026-04-23 09:10:00+00:00,5000.0,5000.0,5001.0,4999.0,5001.0,1699
2026-04-23 09:11:00+00:00,5001.0,5001.0,5002.5,4999.5,4999.5,5144
2026-04-23 09:12:00+00:00,5002.5,5002.5,5003.5,4998.0,5000.0,5147
2026-04-23 09:13:00+00:00,5005.0,5005.0,5006.0,5003.5,5004.0,1707
2026-04-23 09:14:00+00:00,5003.5,5003.5,5005.0,5001.5,5005.0,692
2026-04-23 09:15:00+00:00,5006.0,5006.0,5006.0,5001.0,5001.5,2760
2026-04-23 09:16:00+00:00,5009.5,5009.5,5009.5,5007.0,5009.5,1086
2026-04-23 09:17:00+00:00,5012.5,5012.5,5015.0,5009.5,5010.5,1991
2026-04-23 09:18:00+00:00,5017.5,5017.5,5018.0,5014.0,5014.5,1362
2026-04-23 09:19:00+00:00,5016.5,5016.5,5017.5,5016.0,5016.0,904
2026-04-23 09:20:00+00:00,5022.0,5022.0,5024.5,5016.5,5016.5,3246
2026-04-23 09:21:00+00:00,5020.0,5020.0,5023.0,5020.0,5022.0,1704
2026-04-23 09:22:00+00:00,5023.0,5023.0,5023.5,5020.0,5020.5,2822
2026-04-23 09:23:00+00:00,5024.0,5024.0,5025.0,5022.5,5022.5,1415
2026-04-23 09:24:00+00:00,5023.0,5023.0,5024.0,5022.5,5024.0,1298
2026-04-23 09:25:00+00:00,5024.0,5024.0,5024.0,5022.5,5023.0,927
2026-04-23 09:26:00+00:00,5025.5,5025.5,5027.0,5023.5,5024.5,3373
2026-04-23 09:27:00+00:00,5022.0,5022.0,5025.0,5020.5,5025.0,1500
2026-04-23 09:28:00+00:00,5023.0,5023.0,5023.5,5020.5,5020.5,2281
2026-04-23 09:29:00+00:00,5035.5,5035.5,5035.5,5022.5,5023.0,6363
2026-04-23 09:30:00+00:00,5028.5,5028.5,5037.0,5027.0,5036.0,3954
2026-04-23 09:31:00+00:00,5035.0,5035.0,5037.0,5029.5,5030.0,2738
2026-04-23 09:32:00+00:00,5037.5,5037.5,5039.5,5035.0,5035.0,3034
2026-04-23 09:33:00+00:00,5031.5,5031.5,5038.0,5031.5,5037.5,2759
2026-04-23 09:34:00+00:00,5033.5,5033.5,5033.5,5030.5,5033.0,2149
2026-04-23 09:35:00+00:00,5038.0,5038.0,5038.0,5034.5,5034.5,3406
2026-04-23 09:36:00+00:00,5030.0,5030.0,5038.0,5030.0,5038.0,3412
2026-04-23 09:37:00+00:00,5031.0,5031.0,5032.0,5030.5,5032.0,796
2026-04-23 09:38:00+00:00,5035.0,5035.0,5035.0,5031.0,5031.5,3147
2026-04-23 09:39:00+00:00,5033.5,5033.5,5035.0,5032.5,5035.0,1993
2026-04-23 09:40:00+00:00,5030.5,5030.5,5035.5,5030.5,5035.5,2963
2026-04-23 09:41:00+00:00,5028.5,5028.5,5031.5,5027.0,5031.5,2026
2026-04-23 09:42:00+00:00,5027.5,5027.5,5032.0,5027.0,5032.0,3578
2026-04-23 09:43:00+00:00,5027.0,5027.0,5027.0,5026.0,5027.0,1526
2026-04-23 09:44:00+00:00,5024.5,5024.5,5027.5,5024.0,5027.5,2693
2026-04-23 09:45:00+00:00,5025.5,5025.5,5025.5,5022.5,5025.0,4413
2026-04-23 09:46:00+00:00,5025.0,5025.0,5027.5,5024.5,5026.0,3253
2026-04-23 09:47:00+00:00,5031.5,5031.5,5032.0,5028.5,5028.5,8717
2026-04-23 09:48:00+00:00,5029.5,5029.5,5031.5,5026.0,5031.5,3467
2026-04-23 09:49:00+00:00,5029.5,5029.5,5030.0,5029.0,5029.5,1888
2026-04-23 09:50:00+00:00,5034.5,5034.5,5037.5,5031.0,5031.0,7540
2026-04-23 09:51:00+00:00,5037.5,5037.5,5038.0,5036.5,5036.5,2282
2026-04-23 09:52:00+00:00,5036.0,5036.0,5037.5,5034.0,5037.5,1754
2026-04-23 09:53:00+00:00,5035.0,5035.0,5036.0,5035.0,5035.5,1772
2026-04-23 09:54:00+00:00,5034.0,5034.0,5035.5,5033.5,5035.5,2359
2026-04-23 09:55:00+00:00,5029.5,5029.5,5034.0,5028.5,5034.0,4281
2026-04-23 09:56:00+00:00,5035.0,5035.0,5035.0,5027.5,5028.5,3459
2026-04-23 09:57:00+00:00,5035.0,5035.0,5037.0,5035.0,5035.0,2888
2026-04-23 09:58:00+00:00,5037.0,5037.0,5037.0,5035.0,5037.0,2973
2026-04-23 09:59:00+00:00,5034.0,5034.0,5036.5,5029.0,5036.5,1724
2026-04-24 03:45:00+00:00,5055.5,5055.5,5059.0,5042.5,5053.5,0
2026-04-24 03:46:00+00:00,5056.0,5056.0,5060.5,5049.0,5049.0,5383
2026-04-24 03:47:00+00:00,5047.5,5047.5,5058.5,5040.5,5058.5,6104
2026-04-24 03:48:00+00:00,5035.0,5035.0,5048.0,5035.0,5048.0,3610
2026-04-24 03:49:00+00:00,5032.0,5032.0,5045.5,5031.5,5045.5,2242
2026-04-24 03:50:00+00:00,5019.5,5019.5,5032.0,5019.5,5032.0,3707
2026-04-24 03:51:00+00:00,5020.0,5020.0,5028.0,5014.5,5017.0,3089
2026-04-24 03:52:00+00:00,5032.0,5032.0,5032.0,5023.5,5023.5,2466
2026-04-24 03:53:00+00:00,5044.5,5044.5,5044.5,5041.0,5041.0,2439
2026-04-24 03:54:00+00:00,5035.5,5035.5,5044.0,5035.0,5044.0,3244
2026-04-24 03:55:00+00:00,5039.0,5039.0,5041.5,5034.5,5035.5,1534
2026-04-24 03:56:00+00:00,5034.0,5034.0,5038.5,5033.5,5038.5,2058
2026-04-24 03:57:00+00:00,5029.0,5029.0,5034.0,5024.5,5034.0,2527
2026-04-24 03:58:00+00:00,5025.5,5025.5,5029.5,5019.5,5027.0,2261
2026-04-24 03:59:00+00:00,5026.5,5026.5,5031.5,5023.5,5023.5,1159
2026-04-24 04:00:00+00:00,5029.0,5029.0,5032.5,5023.0,5023.0,1970
2026-04-24 04:01:00+00:00,5028.5,5028.5,5029.0,5027.0,5029.0,997
2026-04-24 04:02:00+00:00,5020.0,5020.0,5032.5,5019.0,5029.0,1840
2026-04-24 04:03:00+00:00,5021.0,5021.0,5022.5,5019.0,5022.5,1236
2026-04-24 04:04:00+00:00,5016.0,5016.0,5022.0,5015.0,5022.0,2502
2026-04-24 04:05:00+00:00,5015.5,5015.5,5018.0,5013.0,5018.0,2011
2026-04-24 04:06:00+00:00,5006.0,5006.0,5014.0,5006.0,5014.0,2253
2026-04-24 04:07:00+00:00,5007.0,5007.0,5007.0,4998.0,4998.0,5566
2026-04-24 04:08:00+00:00,5009.0,5009.0,5009.0,5005.5,5007.0,1302
2026-04-24 04:09:00+00:00,5002.0,5002.0,5010.0,5001.0,5010.0,893
2026-04-24 04:10:00+00:00,5005.0,5005.0,5005.0,4996.0,5000.5,1379
2026-04-24 04:11:00+00:00,5004.5,5004.5,5004.5,5003.5,5004.0,839
2026-04-24 04:12:00+00:00,5013.0,5013.0,5013.0,5006.5,5006.5,1110
2026-04-24 04:13:00+00:00,5007.0,5007.0,5012.5,5005.0,5012.5,667
2026-04-24 04:14:00+00:00,5011.5,5011.5,5011.5,5007.5,5008.0,1234
2026-04-24 04:15:00+00:00,5010.0,5010.0,5010.0,5005.0,5009.0,886
2026-04-24 04:16:00+00:00,5010.0,5010.0,5010.0,5007.0,5008.0,1389
2026-04-24 04:17:00+00:00,5014.5,5014.5,5015.0,5008.5,5008.5,941
2026-04-24 04:18:00+00:00,5015.0,5015.0,5017.5,5013.5,5013.5,659
2026-04-24 04:19:00+00:00,5016.5,5016.5,5017.0,5013.5,5013.5,840
2026-04-24 04:20:00+00:00,5018.0,5018.0,5018.5,5016.0,5016.5,891
2026-04-24 04:21:00+00:00,5023.0,5023.0,5023.0,5018.0,5020.0,2078
2026-04-24 04:22:00+00:00,5021.5,5021.5,5024.5,5020.0,5024.5,1093
2026-04-24 04:23:00+00:00,5020.5,5020.5,5022.0,5017.5,5017.5,627
2026-04-24 04:24:00+00:00,5025.5,5025.5,5026.0,5022.0,5022.0,705
2026-04-24 04:25:00+00:00,5025.0,5025.0,5025.0,5020.0,5022.5,875
2026-04-24 04:26:00+00:00,5022.5,5022.5,5026.0,5022.5,5026.0,881
2026-04-24 04:27:00+00:00,5022.5,5022.5,5023.5,5021.0,5023.5,487
2026-04-24 04:28:00+00:00,5026.0,5026.0,5026.0,5021.0,5022.5,909
2026-04-24 04:29:00+00:00,5023.0,5023.0,5027.5,5023.0,5026.0,508
2026-04-24 04:30:00+00:00,5026.5,5026.5,5027.5,5022.5,5023.5,893
2026-04-24 04:31:00+00:00,5033.0,5033.0,5033.0,5025.0,5027.0,2559
2026-04-24 04:32:00+00:00,5030.0,5030.0,5034.5,5028.5,5034.5,1524
2026-04-24 04:33:00+00:00,5035.0,5035.0,5035.0,5030.0,5030.0,1038
2026-04-24 04:34:00+00:00,5044.5,5044.5,5045.5,5036.5,5036.5,7971
2026-04-24 04:35:00+00:00,5046.0,5046.0,5048.0,5043.0,5045.0,1368
2026-04-24 04:36:00+00:00,5047.5,5047.5,5048.0,5042.0,5042.0,886
2026-04-24 04:37:00+00:00,5044.5,5044.5,5048.0,5042.5,5046.5,1662
2026-04-24 04:38:00+00:00,5043.5,5043.5,5044.0,5041.0,5041.0,580
2026-04-24 04:39:00+00:00,5040.0,5040.0,5042.5,5038.0,5041.5,1426
2026-04-24 04:40:00+00:00,5040.5,5040.5,5041.0,5036.0,5039.5,776
2026-04-24 04:41:00+00:00,5039.0,5039.0,5043.0,5037.5,5037.5,5969
2026-04-24 04:42:00+00:00,5041.0,5041.0,5041.0,5038.5,5040.0,1269
2026-04-24 04:43:00+00:00,5031.0,5031.0,5041.0,5030.5,5041.0,697
2026-04-24 04:44:00+00:00,5025.0,5025.0,5032.5,5025.0,5031.0,546
2026-04-24 04:45:00+00:00,5026.5,5026.5,5026.5,5023.5,5024.5,626
2026-04-24 04:46:00+00:00,5027.0,5027.0,5029.0,5027.0,5027.5,765
2026-04-24 04:47:00+00:00,5022.5,5022.5,5026.5,5020.5,5026.5,805
2026-04-24 04:48:00+00:00,5022.5,5022.5,5022.5,5020.0,5022.0,1680
2026-04-24 04:49:00+00:00,5021.0,5021.0,5024.5,5020.5,5022.5,702
2026-04-24 04:50:00+00:00,5019.0,5019.0,5022.5,5019.0,5021.0,970
2026-04-24 04:51:00+00:00,5020.5,5020.5,5021.5,5018.0,5019.0,1248
2026-04-24 04:52:00+00:00,5024.5,5024.5,5024.5,5021.0,5021.0,410
2026-04-24 04:53:00+00:00,5025.0,5025.0,5028.0,5024.0,5024.0,1105
2026-04-24 04:54:00+00:00,5023.0,5023.0,5026.0,5021.5,5026.0,959
2026-04-24 04:55:00+00:00,5029.0,5029.0,5029.0,5023.0,5023.0,478
2026-04-24 04:56:00+00:00,5028.5,5028.5,5031.0,5027.0,5027.0,443
2026-04-24 04:57:00+00:00,5029.0,5029.0,5029.5,5029.0,5029.5,491
2026-04-24 04:58:00+00:00,5034.0,5034.0,5034.0,5029.0,5031.0,402
2026-04-24 04:59:00+00:00,5032.0,5032.0,5034.0,5032.0,5032.0,755
2026-04-24 05:00:00+00:00,5031.0,5031.0,5032.5,5030.0,5032.0,2021
2026-04-24 05:01:00+00:00,5031.0,5031.0,5034.0,5031.0,5033.0,181
2026-04-24 05:02:00+00:00,5031.0,5031.0,5032.0,5030.0,5030.5,419
2026-04-24 05:03:00+00:00,5033.0,5033.0,5033.0,5030.0,5031.0,441
2026-04-24 05:04:00+00:00,5033.0,5033.0,5035.0,5031.0,5035.0,1922
2026-04-24 05:05:00+00:00,5033.0,5033.0,5035.0,5033.0,5033.0,1338
2026-04-24 05:06:00+00:00,5041.0,5041.0,5041.0,5034.0,5035.0,7763
2026-04-24 05:07:00+00:00,5042.0,5042.0,5043.0,5040.0,5041.0,1892
2026-04-24 05:08:00+00:00,5039.5,5039.5,5042.0,5039.0,5042.0,843
2026-04-24 05:09:00+00:00,5044.5,5044.5,5045.0,5040.0,5040.0,1402
2026-04-24 05:10:00+00:00,5042.0,5042.0,5044.5,5041.0,5044.5,740
2026-04-24 05:11:00+00:00,5044.0,5044.0,5044.0,5037.0,5043.0,1365
2026-04-24 05:12:00+00:00,5044.5,5044.5,5045.5,5043.5,5044.0,387
2026-04-24 05:13:00+00:00,5046.0,5046.0,5047.0,5044.5,5046.0,452
2026-04-24 05:14:00+00:00,5042.5,5042.5,5046.0,5042.0,5046.0,762
2026-04-24 05:15:00+00:00,5044.0,5044.0,5044.0,5041.0,5041.0,403
2026-04-24 05:16:00+00:00,5044.5,5044.5,5044.5,5042.0,5043.0,881
2026-04-24 05:17:00+00:00,5042.5,5042.5,5043.5,5040.5,5042.0,506
2026-04-24 05:18:00+00:00,5035.0,5035.0,5041.0,5035.0,5040.5,585
2026-04-24 05:19:00+00:00,5033.0,5033.0,5037.5,5033.0,5037.5,937
2026-04-24 05:20:00+00:00,5034.5,5034.5,5034.5,5033.0,5034.5,418
2026-04-24 05:21:00+00:00,5036.0,5036.0,5038.5,5033.5,5034.5,845
2026-04-24 05:22:00+00:00,5033.5,5033.5,5037.5,5033.5,5036.0,695
2026-04-24 05:23:00+00:00,5038.5,5038.5,5038.5,5034.5,5035.5,561
2026-04-24 05:24:00+00:00,5044.0,5044.0,5044.0,5039.0,5039.0,856
2026-04-24 05:25:00+00:00,5045.0,5045.0,5045.0,5042.5,5043.0,754
2026-04-24 05:26:00+00:00,5048.0,5048.0,5048.0,5043.0,5043.0,1922
2026-04-24 05:27:00+00:00,5047.5,5047.5,5049.5,5045.0,5049.5,2397
2026-04-24 05:28:00+00:00,5043.5,5043.5,5046.5,5038.0,5046.5,985
2026-04-24 05:29:00+00:00,5038.5,5038.5,5041.0,5038.0,5040.0,967
2026-04-24 05:30:00+00:00,5034.5,5034.5,5039.0,5032.0,5039.0,1555
2026-04-24 05:31:00+00:00,5031.0,5031.0,5035.5,5031.0,5034.5,439
2026-04-24 05:32:00+00:00,5035.0,5035.0,5035.0,5030.5,5031.0,2266
2026-04-24 05:33:00+00:00,5039.0,5039.0,5039.0,5033.0,5033.0,482
2026-04-24 05:34:00+00:00,5037.0,5037.0,5040.0,5037.0,5037.0,588
2026-04-24 05:35:00+00:00,5038.5,5038.5,5038.5,5036.5,5037.0,305
2026-04-24 05:36:00+00:00,5035.0,5035.0,5038.5,5035.0,5037.0,263
2026-04-24 05:37:00+00:00,5032.5,5032.5,5036.5,5030.0,5035.0,794
2026-04-24 05:38:00+00:00,5035.0,5035.0,5036.5,5032.5,5032.5,219
2026-04-24 05:39:00+00:00,5030.0,5030.0,5036.0,5030.0,5036.0,297
2026-04-24 05:40:00+00:00,5029.0,5029.0,5031.5,5029.0,5030.0,242
2026-04-24 05:41:00+00:00,5027.0,5027.0,5029.5,5024.0,5029.0,465
2026-04-24 05:42:00+00:00,5023.5,5023.5,5026.0,5022.5,5023.0,411
2026-04-24 05:43:00+00:00,5026.5,5026.5,5026.5,5025.0,5025.0,408
2026-04-24 05:44:00+00:00,5022.5,5022.5,5026.0,5021.5,5026.0,508
2026-04-24 05:45:00+00:00,5022.0,5022.0,5025.0,5021.5,5025.0,208
2026-04-24 05:46:00+00:00,5022.5,5022.5,5022.5,5019.5,5020.0,1195
2026-04-24 05:47:00+00:00,5022.0,5022.0,5024.5,5021.0,5022.0,345
2026-04-24 05:48:00+00:00,5025.5,5025.5,5026.0,5022.0,5022.0,1758
2026-04-24 05:49:00+00:00,5029.0,5029.0,5030.0,5027.0,5027.0,313
2026-04-24 05:50:00+00:00,5036.5,5036.5,5036.5,5028.5,5029.0,488
2026-04-24 05:51:00+00:00,5037.0,5037.0,5038.0,5034.5,5034.5,537
2026-04-24 05:52:00+00:00,5036.0,5036.0,5038.0,5033.0,5033.0,511
2026-04-24 05:53:00+00:00,5025.5,5025.5,5035.0,5024.0,5034.5,2390
2026-04-24 05:54:00+00:00,5022.0,5022.0,5025.0,5022.0,5025.0,637
2026-04-24 05:55:00+00:00,5030.0,5030.0,5030.0,5022.0,5022.5,689
2026-04-24 05:56:00+00:00,5030.0,5030.0,5030.0,5028.5,5030.0,653
2026-04-24 05:57:00+00:00,5026.5,5026.5,5029.5,5026.0,5029.5,334
2026-04-24 05:58:00+00:00,5028.5,5028.5,5028.5,5026.5,5026.5,291
2026-04-24 05:59:00+00:00,5024.0,5024.0,5028.5,5022.0,5028.5,21343
2026-04-24 06:00:00+00:00,5024.5,5024.5,5027.0,5024.0,5024.0,414
2026-04-24 06:01:00+00:00,5022.5,5022.5,5027.0,5021.0,5024.5,11974
2026-04-24 06:02:00+00:00,5022.5,5022.5,5024.0,5021.5,5022.5,330
2026-04-24 06:03:00+00:00,5021.0,5021.0,5024.0,5021.0,5024.0,668
2026-04-24 06:04:00+00:00,5026.0,5026.0,5026.5,5023.0,5023.0,634
2026-04-24 06:05:00+00:00,5028.0,5028.0,5030.0,5027.0,5027.0,591
2026-04-24 06:06:00+00:00,5028.5,5028.5,5029.5,5027.0,5028.5,316
2026-04-24 06:07:00+00:00,5027.5,5027.5,5029.0,5026.0,5028.5,447
2026-04-24 06:08:00+00:00,5029.5,5029.5,5030.0,5026.0,5027.5,1049
2026-04-24 06:09:00+00:00,5030.0,5030.0,5030.0,5028.0,5029.0,1791
2026-04-24 06:10:00+00:00,5029.5,5029.5,5030.0,5029.5,5030.0,1172
2026-04-24 06:11:00+00:00,5027.0,5027.0,5030.0,5027.0,5030.0,534
2026-04-24 06:12:00+00:00,5028.0,5028.0,5028.0,5027.0,5027.0,100
2026-04-24 06:13:00+00:00,5030.0,5030.0,5030.0,5028.0,5028.0,6226
2026-04-24 06:14:00+00:00,5028.0,5028.0,5030.0,5028.0,5030.0,4452
2026-04-24 06:15:00+00:00,5027.5,5027.5,5029.0,5027.5,5028.0,423
2026-04-24 06:16:00+00:00,5021.5,5021.5,5027.5,5021.0,5025.5,990
2026-04-24 06:17:00+00:00,5017.5,5017.5,5022.0,5017.5,5021.5,588
2026-04-24 06:18:00+00:00,5018.5,5018.5,5019.5,5017.5,5017.5,1662
2026-04-24 06:19:00+00:00,5019.0,5019.0,5022.0,5017.5,5022.0,681
2026-04-24 06:20:00+00:00,5016.0,5016.0,5018.5,5014.0,5016.0,1275
2026-04-24 06:21:00+00:00,5016.0,5016.0,5016.0,5014.5,5016.0,204
2026-04-24 06:22:00+00:00,5013.0,5013.0,5015.0,5012.5,5013.5,411
2026-04-24 06:23:00+00:00,5013.5,5013.5,5015.0,5012.5,5012.5,357
2026-04-24 06:24:00+00:00,5015.5,5015.5,5015.5,5013.5,5015.0,578
2026-04-24 06:25:00+00:00,5014.0,5014.0,5018.0,5014.0,5018.0,1476
2026-04-24 06:26:00+00:00,5014.0,5014.0,5014.0,5012.0,5012.0,393
2026-04-24 06:27:00+00:00,5014.0,5014.0,5014.0,5013.0,5013.0,333
2026-04-24 06:28:00+00:00,5014.0,5014.0,5014.0,5013.5,5014.0,212
2026-04-24 06:29:00+00:00,5013.0,5013.0,5014.0,5012.0,5013.5,312
2026-04-24 06:30:00+00:00,5012.0,5012.0,5013.0,5011.0,5012.0,453
2026-04-24 06:31:00+00:00,5013.0,5013.0,5013.0,5011.0,5011.0,636
2026-04-24 06:32:00+00:00,5016.0,5016.0,5016.5,5015.5,5015.5,351
2026-04-24 06:33:00+00:00,5017.0,5017.0,5017.0,5015.0,5017.0,847
2026-04-24 06:34:00+00:00,5018.5,5018.5,5021.0,5015.0,5017.0,1593
2026-04-24 06:35:00+00:00,5021.0,5021.0,5021.0,5018.0,5020.0,526
2026-04-24 06:36:00+00:00,5026.0,5026.0,5026.0,5021.0,5021.0,620
2026-04-24 06:37:00+00:00,5024.5,5024.5,5026.0,5024.5,5025.0,532
2026-04-24 06:38:00+00:00,5023.0,5023.0,5023.0,5022.0,5022.5,312
2026-04-24 06:39:00+00:00,5023.5,5023.5,5025.0,5022.5,5022.5,410
2026-04-24 06:40:00+00:00,5025.0,5025.0,5025.0,5023.5,5023.5,277
2026-04-24 06:41:00+00:00,5025.0,5025.0,5025.0,5024.0,5024.0,284
2026-04-24 06:42:00+00:00,5024.0,5024.0,5025.0,5024.0,5024.5,293
2026-04-24 06:43:00+00:00,5025.5,5025.5,5028.0,5024.5,5024.5,1504
2026-04-24 06:44:00+00:00,5025.0,5025.0,5025.0,5022.5,5024.0,673
2026-04-24 06:45:00+00:00,5019.5,5019.5,5025.0,5019.5,5025.0,1135
2026-04-24 06:46:00+00:00,5018.0,5018.0,5020.5,5017.0,5017.5,498
2026-04-24 06:47:00+00:00,5017.0,5017.0,5018.5,5015.5,5018.5,327
2026-04-24 06:48:00+00:00,5012.5,5012.5,5016.0,5012.5,5016.0,310
2026-04-24 06:49:00+00:00,5013.5,5013.5,5014.5,5012.5,5014.5,240
2026-04-24 06:50:00+00:00,5008.0,5008.0,5013.5,5008.0,5013.5,721
2026-04-24 06:51:00+00:00,5009.5,5009.5,5010.0,5006.0,5008.0,541
2026-04-24 06:52:00+00:00,5007.0,5007.0,5009.0,5006.5,5008.0,348
2026-04-24 06:53:00+00:00,5002.5,5002.5,5006.0,5001.5,5006.0,747
2026-04-24 06:54:00+00:00,5001.5,5001.5,5003.0,5001.5,5003.0,257
2026-04-24 06:55:00+00:00,5003.5,5003.5,5007.5,5001.5,5002.0,520
2026-04-24 06:56:00+00:00,5001.5,5001.5,5005.0,5001.5,5003.5,1958
2026-04-24 06:57:00+00:00,5006.0,5006.0,5007.0,5002.5,5002.5,459
2026-04-24 06:58:00+00:00,5003.0,5003.0,5005.5,5001.5,5005.5,296
2026-04-24 06:59:00+00:00,5001.5,5001.5,5004.0,5000.0,5003.5,1063
2026-04-24 07:00:00+00:00,5001.5,5001.5,5001.5,5000.0,5000.0,345
2026-04-24 07:01:00+00:00,5003.0,5003.0,5003.5,5000.0,5000.5,255
2026-04-24 07:02:00+00:00,5000.5,5000.5,5004.0,5000.5,5004.0,396
2026-04-24 07:03:00+00:00,5001.0,5001.0,5002.5,5000.5,5001.0,436
2026-04-24 07:04:00+00:00,5002.0,5002.0,5002.5,5000.0,5002.5,297
2026-04-24 07:05:00+00:00,5000.5,5000.5,5001.5,5000.0,5000.5,308
2026-04-24 07:06:00+00:00,5002.0,5002.0,5002.0,5000.0,5000.5,503
2026-04-24 07:07:00+00:00,5004.5,5004.5,5008.5,5002.0,5002.0,583
2026-04-24 07:08:00+00:00,5011.0,5011.0,5011.0,5005.5,5006.5,196
2026-04-24 07:09:00+00:00,5007.5,5007.5,5009.0,5006.0,5008.5,660
2026-04-24 07:10:00+00:00,5007.5,5007.5,5007.5,5005.5,5007.5,248
2026-04-24 07:11:00+00:00,5009.0,5009.0,5013.0,5007.5,5007.5,912
2026-04-24 07:12:00+00:00,5010.5,5010.5,5010.5,5009.5,5010.5,114
2026-04-24 07:13:00+00:00,5006.5,5006.5,5011.0,5006.5,5010.5,550
2026-04-24 07:14:00+00:00,5005.0,5005.0,5008.5,5004.0,5007.0,198
2026-04-24 07:15:00+00:00,5003.5,5003.5,5005.0,5003.5,5004.0,263
2026-04-24 07:16:00+00:00,5006.5,5006.5,5008.0,5005.0,5006.0,216
2026-04-24 07:17:00+00:00,5006.0,5006.0,5008.0,5006.0,5008.0,341
2026-04-24 07:18:00+00:00,5008.0,5008.0,5009.5,5008.0,5008.0,194
2026-04-24 07:19:00+00:00,5004.0,5004.0,5009.0,5004.0,5008.5,466
2026-04-24 07:20:00+00:00,5006.5,5006.5,5007.0,5003.0,5005.0,367
2026-04-24 07:21:00+00:00,5007.0,5007.0,5007.0,5005.0,5007.0,591
2026-04-24 07:22:00+00:00,5008.0,5008.0,5010.5,5008.0,5009.0,323
2026-04-24 07:23:00+00:00,5012.0,5012.0,5013.5,5010.0,5010.0,650
2026-04-24 07:24:00+00:00,5008.5,5008.5,5010.0,5008.0,5009.0,801
2026-04-24 07:25:00+00:00,5010.0,5010.0,5010.0,5008.0,5008.5,290
2026-04-24 07:26:00+00:00,5014.0,5014.0,5014.0,5009.0,5010.0,312
2026-04-24 07:27:00+00:00,5008.5,5008.5,5014.0,5008.5,5014.0,625
2026-04-24 07:28:00+00:00,5012.0,5012.0,5012.0,5007.5,5007.5,812
2026-04-24 07:29:00+00:00,5006.5,5006.5,5011.5,5006.5,5011.5,2737
2026-04-24 07:30:00+00:00,4998.0,4998.0,5005.0,4998.0,5005.0,6315
2026-04-24 07:31:00+00:00,4998.0,4998.0,4998.0,4997.0,4998.0,427
2026-04-24 07:32:00+00:00,4997.0,4997.0,4998.5,4996.0,4998.0,1099
2026-04-24 07:33:00+00:00,4991.0,4991.0,4994.0,4991.0,4992.0,1798
2026-04-24 07:34:00+00:00,4991.5,4991.5,4993.0,4991.0,4991.0,701
2026-04-24 07:35:00+00:00,4992.0,4992.0,4992.5,4990.0,4990.5,445
2026-04-24 07:36:00+00:00,4992.0,4992.0,4992.5,4991.0,4992.0,352
2026-04-24 07:37:00+00:00,4993.5,4993.5,4995.0,4991.0,4991.0,506
2026-04-24 07:38:00+00:00,4994.0,4994.0,4994.5,4992.0,4994.5,428
2026-04-24 07:39:00+00:00,4990.0,4990.0,4994.5,4990.0,4994.0,507
2026-04-24 07:40:00+00:00,4988.0,4988.0,4991.5,4988.0,4991.5,2265
2026-04-24 07:41:00+00:00,4988.0,4988.0,4989.5,4987.5,4989.5,701
2026-04-24 07:42:00+00:00,4990.5,4990.5,4990.5,4988.5,4989.5,774
2026-04-24 07:43:00+00:00,4986.5,4986.5,4991.5,4986.5,4991.5,740
2026-04-24 07:44:00+00:00,4978.5,4978.5,4987.0,4976.5,4987.0,2739
2026-04-24 07:45:00+00:00,4973.5,4973.5,4977.0,4973.5,4976.0,3390
2026-04-24 07:46:00+00:00,4972.0,4972.0,4976.5,4972.0,4974.5,971
2026-04-24 07:47:00+00:00,4976.0,4976.0,4980.5,4974.0,4975.0,1835
2026-04-24 07:48:00+00:00,4980.0,4980.0,4980.0,4977.5,4977.5,523
2026-04-24 07:49:00+00:00,4980.0,4980.0,4983.5,4980.0,4980.0,961
2026-04-24 07:50:00+00:00,4978.0,4978.0,4980.5,4978.0,4980.0,317
2026-04-24 07:51:00+00:00,4975.5,4975.5,4979.5,4974.0,4979.5,283
2026-04-24 07:52:00+00:00,4976.5,4976.5,4977.5,4975.0,4975.0,643
2026-04-24 07:53:00+00:00,4975.0,4975.0,4976.5,4973.0,4976.5,957
2026-04-24 07:54:00+00:00,4973.0,4973.0,4975.0,4971.0,4975.0,1246
2026-04-24 07:55:00+00:00,4973.0,4973.0,4975.0,4973.0,4973.0,410
2026-04-24 07:56:00+00:00,4975.5,4975.5,4976.0,4973.0,4973.5,241
2026-04-24 07:57:00+00:00,4974.5,4974.5,4975.5,4972.0,4975.5,360
2026-04-24 07:58:00+00:00,4971.0,4971.0,4974.5,4970.0,4974.0,367
2026-04-24 07:59:00+00:00,4976.0,4976.0,4976.0,4972.0,4972.0,710
2026-04-24 08:00:00+00:00,4975.5,4975.5,4977.5,4973.0,4977.5,900
2026-04-24 08:01:00+00:00,4972.0,4972.0,4974.5,4970.0,4974.5,575
2026-04-24 08:02:00+00:00,4968.0,4968.0,4971.5,4968.0,4970.0,580
2026-04-24 08:03:00+00:00,4967.5,4967.5,4968.5,4965.5,4968.0,303
2026-04-24 08:04:00+00:00,4966.5,4966.5,4967.5,4965.0,4966.5,273
2026-04-24 08:05:00+00:00,4961.0,4961.0,4967.0,4961.0,4966.0,1598
2026-04-24 08:06:00+00:00,4960.0,4960.0,4962.5,4960.0,4960.0,1247
2026-04-24 08:07:00+00:00,4959.0,4959.0,4961.5,4959.0,4961.5,715
2026-04-24 08:08:00+00:00,4959.5,4959.5,4960.0,4958.0,4959.0,340
2026-04-24 08:09:00+00:00,4958.0,4958.0,4960.0,4957.0,4960.0,519
2026-04-24 08:10:00+00:00,4959.0,4959.0,4959.0,4957.5,4959.0,231
2026-04-24 08:11:00+00:00,4961.0,4961.0,4962.5,4959.0,4959.0,611
2026-04-24 08:12:00+00:00,4961.0,4961.0,4961.5,4960.0,4961.0,195
2026-04-24 08:13:00+00:00,4957.0,4957.0,4962.0,4955.5,4961.0,892
2026-04-24 08:14:00+00:00,4959.5,4959.5,4963.5,4957.0,4957.0,1003
2026-04-24 08:15:00+00:00,4965.0,4965.0,4965.0,4961.0,4962.0,555
2026-04-24 08:16:00+00:00,4966.5,4966.5,4968.5,4965.0,4965.0,432
2026-04-24 08:17:00+00:00,4965.5,4965.5,4966.5,4964.5,4966.5,376
2026-04-24 08:18:00+00:00,4961.0,4961.0,4967.5,4961.0,4965.0,636
2026-04-24 08:19:00+00:00,4963.0,4963.0,4966.5,4962.5,4963.0,1456
2026-04-24 08:20:00+00:00,4966.5,4966.5,4967.5,4964.5,4964.5,419
2026-04-24 08:21:00+00:00,4966.5,4966.5,4968.0,4966.0,4966.5,572
2026-04-24 08:22:00+00:00,4965.0,4965.0,4968.0,4964.5,4968.0,930
2026-04-24 08:23:00+00:00,4965.0,4965.0,4965.5,4964.5,4965.0,795
2026-04-24 08:24:00+00:00,4963.5,4963.5,4967.0,4963.5,4964.0,3648
2026-04-24 08:25:00+00:00,4965.0,4965.0,4965.0,4963.0,4963.0,1672
2026-04-24 08:26:00+00:00,4959.5,4959.5,4966.0,4959.0,4965.0,1693
2026-04-24 08:27:00+00:00,4955.0,4955.0,4958.0,4951.0,4958.0,3334
2026-04-24 08:28:00+00:00,4955.0,4955.0,4955.0,4954.5,4955.0,307
2026-04-24 08:29:00+00:00,4957.0,4957.0,4959.0,4955.5,4955.5,752
2026-04-24 08:30:00+00:00,4955.0,4955.0,4957.5,4951.0,4957.5,4222
2026-04-24 08:31:00+00:00,4954.5,4954.5,4957.0,4954.0,4956.0,14671
2026-04-24 08:32:00+00:00,4952.0,4952.0,4955.0,4950.5,4954.5,930
2026-04-24 08:33:00+00:00,4952.0,4952.0,4952.0,4952.0,4952.0,251
2026-04-24 08:34:00+00:00,4948.5,4948.5,4952.5,4948.5,4952.0,4078
2026-04-24 08:35:00+00:00,4948.0,4948.0,4950.0,4948.0,4949.5,911
2026-04-24 08:36:00+00:00,4947.5,4947.5,4948.0,4946.5,4948.0,515
2026-04-24 08:37:00+00:00,4945.0,4945.0,4945.0,4943.5,4943.5,700
2026-04-24 08:38:00+00:00,4946.5,4946.5,4946.5,4944.0,4945.0,501
2026-04-24 08:39:00+00:00,4947.0,4947.0,4949.5,4946.5,4946.5,576
2026-04-24 08:40:00+00:00,4948.0,4948.0,4948.0,4945.0,4947.0,359
2026-04-24 08:41:00+00:00,4949.5,4949.5,4949.5,4947.5,4949.0,452
2026-04-24 08:42:00+00:00,4950.0,4950.0,4950.0,4949.0,4949.5,494
2026-04-24 08:43:00+00:00,4949.5,4949.5,4950.0,4948.0,4948.5,664
2026-04-24 08:44:00+00:00,4950.0,4950.0,4950.0,4949.0,4949.0,2758
2026-04-24 08:45:00+00:00,4950.0,4950.0,4950.0,4949.0,4950.0,501
2026-04-24 08:46:00+00:00,4963.5,4963.5,4963.5,4949.0,4949.0,7663
2026-04-24 08:47:00+00:00,4965.0,4965.0,4968.0,4961.5,4961.5,1663
2026-04-24 08:48:00+00:00,4961.5,4961.5,4966.0,4961.5,4966.0,1043
2026-04-24 08:49:00+00:00,4957.5,4957.5,4964.0,4957.5,4963.0,1523
2026-04-24 08:50:00+00:00,4964.0,4964.0,4964.0,4958.0,4958.5,610
2026-04-24 08:51:00+00:00,4968.0,4968.0,4968.0,4964.0,4964.0,836
2026-04-24 08:52:00+00:00,4976.0,4976.0,4976.0,4970.5,4970.5,1308
2026-04-24 08:53:00+00:00,4973.0,4973.0,4975.0,4971.5,4974.0,790
2026-04-24 08:54:00+00:00,4968.5,4968.5,4973.0,4968.5,4973.0,1375
2026-04-24 08:55:00+00:00,4972.0,4972.0,4972.0,4967.0,4969.5,334
2026-04-24 08:56:00+00:00,4973.0,4973.0,4974.0,4970.0,4970.0,463
2026-04-24 08:57:00+00:00,4975.0,4975.0,4975.0,4971.0,4972.5,533
2026-04-24 08:58:00+00:00,4974.0,4974.0,4975.5,4974.0,4975.0,343
2026-04-24 08:59:00+00:00,4977.5,4977.5,4978.5,4974.0,4974.0,600
2026-04-24 09:00:00+00:00,4973.5,4973.5,4977.5,4972.0,4977.0,695
2026-04-24 09:01:00+00:00,4970.0,4970.0,4974.5,4970.0,4974.5,476
2026-04-24 09:02:00+00:00,4968.0,4968.0,4970.5,4966.5,4970.5,1077
2026-04-24 09:03:00+00:00,4966.5,4966.5,4968.0,4965.0,4968.0,924
2026-04-24 09:04:00+00:00,4962.0,4962.0,4965.5,4962.0,4965.0,1750
2026-04-24 09:05:00+00:00,4967.5,4967.5,4967.5,4964.5,4964.5,579
2026-04-24 09:06:00+00:00,4965.5,4965.5,4968.5,4965.5,4965.5,639
2026-04-24 09:07:00+00:00,4961.5,4961.5,4966.5,4960.0,4966.5,796
2026-04-24 09:08:00+00:00,4966.5,4966.5,4966.5,4960.5,4961.5,502
2026-04-24 09:09:00+00:00,4968.5,4968.5,4970.5,4966.5,4967.5,559
2026-04-24 09:10:00+00:00,4972.0,4972.0,4972.0,4970.0,4970.0,579
2026-04-24 09:11:00+00:00,4971.0,4971.0,4973.0,4968.5,4972.0,1826
2026-04-24 09:12:00+00:00,4971.0,4971.0,4973.0,4970.0,4970.5,524
2026-04-24 09:13:00+00:00,4973.0,4973.0,4973.5,4971.0,4971.0,546
2026-04-24 09:14:00+00:00,4973.0,4973.0,4973.0,4971.0,4971.5,2280
2026-04-24 09:15:00+00:00,4972.0,4972.0,4974.0,4969.5,4974.0,2025
2026-04-24 09:16:00+00:00,4964.0,4964.0,4971.5,4964.0,4971.5,1759
2026-04-24 09:17:00+00:00,4964.5,4964.5,4968.0,4964.0,4964.0,627
2026-04-24 09:18:00+00:00,4965.0,4965.0,4966.5,4964.0,4965.5,1163
2026-04-24 09:19:00+00:00,4965.5,4965.5,4966.5,4963.0,4964.5,2496
2026-04-24 09:20:00+00:00,4965.0,4965.0,4968.0,4962.5,4968.0,914
2026-04-24 09:21:00+00:00,4973.0,4973.0,4973.0,4964.0,4964.0,1656
2026-04-24 09:22:00+00:00,4965.0,4965.0,4972.5,4961.5,4972.0,2252
2026-04-24 09:23:00+00:00,4964.0,4964.0,4968.5,4964.0,4965.0,770
2026-04-24 09:24:00+00:00,4968.0,4968.0,4968.0,4965.5,4966.0,1130
2026-04-24 09:25:00+00:00,4965.5,4965.5,4967.0,4964.0,4967.0,1598
2026-04-24 09:26:00+00:00,4966.5,4966.5,4967.5,4965.0,4965.0,977
2026-04-24 09:27:00+00:00,4967.5,4967.5,4968.0,4964.5,4966.0,1219
2026-04-24 09:28:00+00:00,4970.5,4970.5,4971.0,4967.0,4967.5,1282
2026-04-24 09:29:00+00:00,4969.5,4969.5,4973.0,4969.0,4973.0,2132
2026-04-24 09:30:00+00:00,4961.5,4961.5,4962.5,4959.5,4962.5,4351
2026-04-24 09:31:00+00:00,4958.5,4958.5,4961.5,4957.5,4961.5,2601
2026-04-24 09:32:00+00:00,4960.5,4960.5,4962.0,4958.0,4958.0,3075
2026-04-24 09:33:00+00:00,4956.0,4956.0,4963.0,4956.0,4961.5,2594
2026-04-24 09:34:00+00:00,4955.0,4955.0,4957.5,4954.5,4957.5,3163
2026-04-24 09:35:00+00:00,4954.0,4954.0,4956.5,4952.0,4956.5,3207
2026-04-24 09:36:00+00:00,4955.0,4955.0,4955.5,4954.0,4955.5,2012
2026-04-24 09:37:00+00:00,4955.0,4955.0,4956.5,4953.5,4954.5,3208
2026-04-24 09:38:00+00:00,4955.0,4955.0,4956.5,4954.5,4955.0,1952
2026-04-24 09:39:00+00:00,4957.5,4957.5,4959.5,4956.0,4956.0,1994
2026-04-24 09:40:00+00:00,4953.5,4953.5,4958.0,4953.5,4957.5,3378
2026-04-24 09:41:00+00:00,4955.0,4955.0,4955.0,4952.5,4952.5,3534
2026-04-24 09:42:00+00:00,4950.5,4950.5,4953.0,4950.0,4953.0,3540
2026-04-24 09:43:00+00:00,4955.0,4955.0,4957.0,4951.0,4951.0,2440
2026-04-24 09:44:00+00:00,4956.0,4956.0,4959.0,4952.5,4954.5,4215
2026-04-24 09:45:00+00:00,4962.0,4962.0,4966.0,4956.5,4957.5,6264
2026-04-24 09:46:00+00:00,4964.5,4964.5,4965.0,4963.0,4963.0,1796
2026-04-24 09:47:00+00:00,4966.5,4966.5,4969.0,4965.5,4966.0,4442
2026-04-24 09:48:00+00:00,4962.5,4962.5,4966.5,4960.0,4966.5,4936
2026-04-24 09:49:00+00:00,4968.5,4968.5,4968.5,4960.0,4962.5,2545
2026-04-24 09:50:00+00:00,4966.5,4966.5,4970.0,4966.5,4969.5,2816
2026-04-24 09:51:00+00:00,4967.0,4967.0,4968.5,4964.5,4966.0,3745
2026-04-24 09:52:00+00:00,4965.5,4965.5,4968.0,4965.5,4968.0,1581
2026-04-24 09:53:00+00:00,4966.5,4966.5,4969.5,4965.5,4965.5,2099
2026-04-24 09:54:00+00:00,4970.0,4970.0,4970.0,4966.5,4966.5,3022
2026-04-24 09:55:00+00:00,4966.0,4966.0,4970.0,4966.0,4967.5,3655
2026-04-24 09:56:00+00:00,4973.5,4973.5,4973.5,4966.5,4969.0,2609
2026-04-24 09:57:00+00:00,4974.5,4974.5,4976.5,4973.5,4973.5,2350
2026-04-24 09:58:00+00:00,4977.5,4977.5,4978.5,4973.5,4976.0,1908
2026-04-24 09:59:00+00:00,4980.0,4980.0,4985.0,4976.5,4977.5,1092
2026-04-27 03:45:00+00:00,5031.0,5031.0,5036.0,5011.0,5011.0,0
2026-04-27 03:46:00+00:00,5044.0,5044.0,5044.0,5030.0,5034.5,4785
2026-04-27 03:47:00+00:00,5040.5,5040.5,5045.5,5036.5,5044.0,2652
2026-04-27 03:48:00+00:00,5052.0,5052.0,5057.0,5041.0,5041.0,4579
2026-04-27 03:49:00+00:00,5044.5,5044.5,5054.0,5040.5,5054.0,2337
2026-04-27 03:50:00+00:00,5060.0,5060.0,5060.0,5047.5,5047.5,2403
2026-04-27 03:51:00+00:00,5059.0,5059.0,5067.0,5058.0,5066.0,3066
2026-04-27 03:52:00+00:00,5061.5,5061.5,5064.0,5059.0,5061.5,935
2026-04-27 03:53:00+00:00,5056.0,5056.0,5062.0,5053.5,5059.5,2406
2026-04-27 03:54:00+00:00,5051.5,5051.5,5055.5,5049.5,5055.5,1439
2026-04-27 03:55:00+00:00,5050.5,5050.5,5051.5,5046.0,5051.5,1158
2026-04-27 03:56:00+00:00,5048.0,5048.0,5049.5,5047.5,5049.5,1106
2026-04-27 03:57:00+00:00,5052.5,5052.5,5054.0,5048.0,5048.0,895
2026-04-27 03:58:00+00:00,5047.0,5047.0,5054.0,5047.0,5054.0,1158
2026-04-27 03:59:00+00:00,5043.5,5043.5,5047.0,5038.5,5047.0,1277
2026-04-27 04:00:00+00:00,5054.5,5054.5,5054.5,5049.0,5050.0,586
2026-04-27 04:01:00+00:00,5050.0,5050.0,5054.0,5049.5,5052.0,964
2026-04-27 04:02:00+00:00,5043.0,5043.0,5050.0,5042.0,5050.0,663
2026-04-27 04:03:00+00:00,5046.0,5046.0,5046.0,5038.5,5042.0,1225
2026-04-27 04:04:00+00:00,5044.5,5044.5,5047.5,5038.5,5045.5,855
2026-04-27 04:05:00+00:00,5044.0,5044.0,5044.0,5040.5,5041.0,536
2026-04-27 04:06:00+00:00,5043.5,5043.5,5046.0,5043.0,5043.0,522
2026-04-27 04:07:00+00:00,5039.0,5039.0,5043.5,5038.0,5038.5,991
2026-04-27 04:08:00+00:00,5042.5,5042.5,5042.5,5038.5,5039.5,505
2026-04-27 04:09:00+00:00,5035.5,5035.5,5044.5,5035.5,5042.5,845
2026-04-27 04:10:00+00:00,5044.0,5044.0,5044.0,5037.5,5039.0,487
2026-04-27 04:11:00+00:00,5047.0,5047.0,5052.0,5047.0,5048.0,1046
2026-04-27 04:12:00+00:00,5050.0,5050.0,5052.0,5048.0,5048.0,361
2026-04-27 04:13:00+00:00,5054.5,5054.5,5054.5,5050.0,5050.0,625
2026-04-27 04:14:00+00:00,5052.5,5052.5,5054.0,5052.0,5054.0,455
2026-04-27 04:15:00+00:00,5078.0,5078.0,5078.0,5056.0,5056.0,4823
2026-04-27 04:16:00+00:00,5075.0,5075.0,5078.0,5075.0,5076.0,1118
2026-04-27 04:17:00+00:00,5071.5,5071.5,5076.5,5070.0,5075.0,979
2026-04-27 04:18:00+00:00,5073.0,5073.0,5074.0,5071.5,5071.5,494
2026-04-27 04:19:00+00:00,5072.0,5072.0,5074.0,5071.0,5071.0,983
2026-04-27 04:20:00+00:00,5072.5,5072.5,5075.0,5071.0,5071.0,768
2026-04-27 04:21:00+00:00,5079.5,5079.5,5079.5,5068.0,5075.0,5082
2026-04-27 04:22:00+00:00,5081.0,5081.0,5082.5,5079.5,5082.0,2109
2026-04-27 04:23:00+00:00,5077.0,5077.0,5081.0,5076.5,5081.0,783
2026-04-27 04:24:00+00:00,5079.5,5079.5,5079.5,5077.0,5077.0,527
2026-04-27 04:25:00+00:00,5082.0,5082.0,5082.0,5079.0,5080.0,917
2026-04-27 04:26:00+00:00,5082.0,5082.0,5082.5,5077.5,5082.0,1382
2026-04-27 04:27:00+00:00,5082.0,5082.0,5082.0,5080.0,5080.5,726
2026-04-27 04:28:00+00:00,5086.0,5086.0,5086.0,5082.0,5083.0,1279
2026-04-27 04:29:00+00:00,5087.0,5087.0,5087.5,5086.0,5086.0,1145
2026-04-27 04:30:00+00:00,5084.0,5084.0,5088.0,5084.0,5087.0,874
2026-04-27 04:31:00+00:00,5087.5,5087.5,5087.5,5083.0,5084.0,698
2026-04-27 04:32:00+00:00,5090.0,5090.0,5090.0,5087.5,5087.5,746
2026-04-27 04:33:00+00:00,5092.0,5092.0,5093.0,5090.0,5091.5,1440
2026-04-27 04:34:00+00:00,5090.0,5090.0,5094.0,5090.0,5094.0,974
2026-04-27 04:35:00+00:00,5082.0,5082.0,5091.5,5082.0,5089.0,3486
2026-04-27 04:36:00+00:00,5079.5,5079.5,5082.0,5074.5,5082.0,1362
2026-04-27 04:37:00+00:00,5082.5,5082.5,5082.5,5079.5,5080.0,473
2026-04-27 04:38:00+00:00,5080.0,5080.0,5083.0,5080.0,5080.5,667
2026-04-27 04:39:00+00:00,5079.5,5079.5,5080.5,5079.5,5080.0,766
2026-04-27 04:40:00+00:00,5078.5,5078.5,5080.0,5078.5,5080.0,300
2026-04-27 04:41:00+00:00,5080.0,5080.0,5080.0,5079.0,5079.0,942
2026-04-27 04:42:00+00:00,5076.0,5076.0,5080.0,5076.0,5080.0,811
2026-04-27 04:43:00+00:00,5070.5,5070.5,5076.0,5070.5,5076.0,723
2026-04-27 04:44:00+00:00,5071.0,5071.0,5072.0,5070.0,5070.0,274
2026-04-27 04:45:00+00:00,5082.0,5082.0,5082.0,5071.5,5071.5,907
2026-04-27 04:46:00+00:00,5081.5,5081.5,5082.5,5077.0,5082.5,1283
2026-04-27 04:47:00+00:00,5080.0,5080.0,5080.5,5079.0,5080.5,362
2026-04-27 04:48:00+00:00,5078.5,5078.5,5078.5,5077.5,5078.5,116
2026-04-27 04:49:00+00:00,5080.0,5080.0,5080.0,5078.5,5080.0,140
2026-04-27 04:50:00+00:00,5073.0,5073.0,5080.0,5070.5,5079.0,1514
2026-04-27 04:51:00+00:00,5070.5,5070.5,5072.0,5069.0,5070.5,624
2026-04-27 04:52:00+00:00,5074.0,5074.0,5074.0,5069.5,5069.5,639
2026-04-27 04:53:00+00:00,5068.0,5068.0,5074.0,5065.0,5074.0,2414
2026-04-27 04:54:00+00:00,5068.0,5068.0,5069.5,5067.5,5069.5,206
2026-04-27 04:55:00+00:00,5068.5,5068.5,5069.0,5067.0,5067.5,120
2026-04-27 04:56:00+00:00,5065.0,5065.0,5069.5,5064.5,5068.5,858
2026-04-27 04:57:00+00:00,5065.5,5065.5,5066.5,5064.0,5066.5,196
2026-04-27 04:58:00+00:00,5074.0,5074.0,5075.5,5065.5,5065.5,2441
2026-04-27 04:59:00+00:00,5076.5,5076.5,5078.0,5074.0,5074.0,717
2026-04-27 05:00:00+00:00,5074.5,5074.5,5077.0,5074.5,5075.5,675
2026-04-27 05:01:00+00:00,5072.5,5072.5,5074.5,5071.5,5074.0,225
2026-04-27 05:02:00+00:00,5065.0,5065.0,5072.5,5065.0,5072.5,447
2026-04-27 05:03:00+00:00,5065.0,5065.0,5066.0,5062.5,5065.0,652
2026-04-27 05:04:00+00:00,5067.0,5067.0,5067.0,5064.0,5066.0,587
2026-04-27 05:05:00+00:00,5066.0,5066.0,5068.5,5065.0,5068.0,313
2026-04-27 05:06:00+00:00,5067.5,5067.5,5067.5,5066.0,5067.5,112
2026-04-27 05:07:00+00:00,5067.5,5067.5,5068.5,5067.0,5067.5,259
2026-04-27 05:08:00+00:00,5068.5,5068.5,5069.0,5064.0,5068.0,592
2026-04-27 05:09:00+00:00,5067.0,5067.0,5068.0,5065.0,5066.0,194
2026-04-27 05:10:00+00:00,5064.5,5064.5,5065.0,5061.0,5065.0,731
2026-04-27 05:11:00+00:00,5069.0,5069.0,5069.5,5066.5,5066.5,737
2026-04-27 05:12:00+00:00,5070.0,5070.0,5072.0,5069.0,5069.0,325
2026-04-27 05:13:00+00:00,5072.0,5072.0,5074.0,5070.5,5072.0,457
2026-04-27 05:14:00+00:00,5070.5,5070.5,5074.5,5070.5,5074.0,281
2026-04-27 05:15:00+00:00,5069.0,5069.0,5072.0,5069.0,5071.0,429
2026-04-27 05:16:00+00:00,5072.5,5072.5,5072.5,5068.0,5069.0,371
2026-04-27 05:17:00+00:00,5073.5,5073.5,5073.5,5070.0,5070.0,145
2026-04-27 05:18:00+00:00,5074.5,5074.5,5075.0,5071.5,5074.0,2067
2026-04-27 05:19:00+00:00,5073.5,5073.5,5075.0,5072.0,5072.0,598
2026-04-27 05:20:00+00:00,5074.0,5074.0,5075.0,5073.0,5073.5,814
2026-04-27 05:21:00+00:00,5074.0,5074.0,5076.0,5072.5,5074.0,510
2026-04-27 05:22:00+00:00,5076.0,5076.0,5076.0,5074.5,5075.5,108
2026-04-27 05:23:00+00:00,5077.0,5077.0,5077.5,5076.0,5076.0,332
2026-04-27 05:24:00+00:00,5074.0,5074.0,5080.0,5074.0,5080.0,940
2026-04-27 05:25:00+00:00,5075.0,5075.0,5075.0,5072.5,5074.0,126
2026-04-27 05:26:00+00:00,5077.5,5077.5,5077.5,5073.5,5076.0,242
2026-04-27 05:27:00+00:00,5076.5,5076.5,5078.0,5076.0,5076.0,218
2026-04-27 05:28:00+00:00,5075.0,5075.0,5076.5,5075.0,5076.5,290
2026-04-27 05:29:00+00:00,5075.0,5075.0,5076.5,5075.0,5076.5,270
2026-04-27 05:30:00+00:00,5070.0,5070.0,5075.5,5069.0,5075.0,917
2026-04-27 05:31:00+00:00,5070.0,5070.0,5070.0,5069.0,5070.0,297
2026-04-27 05:32:00+00:00,5068.0,5068.0,5071.5,5068.0,5070.0,698
2026-04-27 05:33:00+00:00,5067.5,5067.5,5069.5,5064.5,5067.0,952
2026-04-27 05:34:00+00:00,5065.0,5065.0,5070.0,5063.0,5065.5,540
2026-04-27 05:35:00+00:00,5063.0,5063.0,5066.0,5063.0,5063.0,281
2026-04-27 05:36:00+00:00,5060.0,5060.0,5065.0,5060.0,5062.5,996
2026-04-27 05:37:00+00:00,5061.0,5061.0,5061.5,5058.5,5061.5,1462
2026-04-27 05:38:00+00:00,5059.0,5059.0,5061.5,5059.0,5061.0,270
2026-04-27 05:39:00+00:00,5057.5,5057.5,5060.5,5056.0,5059.0,603
2026-04-27 05:40:00+00:00,5059.0,5059.0,5060.0,5058.5,5058.5,199
2026-04-27 05:41:00+00:00,5058.0,5058.0,5061.0,5058.0,5061.0,287
2026-04-27 05:42:00+00:00,5059.0,5059.0,5060.0,5058.5,5059.0,421
2026-04-27 05:43:00+00:00,5062.5,5062.5,5064.0,5059.0,5059.0,1114
2026-04-27 05:44:00+00:00,5064.0,5064.0,5064.0,5062.0,5064.0,228
2026-04-27 05:45:00+00:00,5063.5,5063.5,5065.0,5062.0,5062.0,352
2026-04-27 05:46:00+00:00,5065.0,5065.0,5066.0,5063.5,5063.5,227
2026-04-27 05:47:00+00:00,5066.0,5066.0,5069.5,5065.0,5065.0,1578
2026-04-27 05:48:00+00:00,5064.5,5064.5,5067.5,5064.0,5067.5,199
2026-04-27 05:49:00+00:00,5064.5,5064.5,5064.5,5064.0,5064.5,183
2026-04-27 05:50:00+00:00,5065.5,5065.5,5065.5,5064.0,5064.0,308
2026-04-27 05:51:00+00:00,5065.0,5065.0,5065.0,5063.5,5064.0,385
2026-04-27 05:52:00+00:00,5066.5,5066.5,5066.5,5064.5,5064.5,171
2026-04-27 05:53:00+00:00,5065.0,5065.0,5066.5,5065.0,5065.0,183
2026-04-27 05:54:00+00:00,5063.5,5063.5,5068.0,5062.5,5065.0,531
2026-04-27 05:55:00+00:00,5064.5,5064.5,5064.5,5062.0,5062.0,229
2026-04-27 05:56:00+00:00,5062.0,5062.0,5064.0,5059.5,5063.0,490
2026-04-27 05:57:00+00:00,5058.5,5058.5,5063.0,5058.5,5062.0,252
2026-04-27 05:58:00+00:00,5061.5,5061.5,5063.0,5059.0,5059.5,349
2026-04-27 05:59:00+00:00,5060.5,5060.5,5063.5,5059.5,5063.5,203
2026-04-27 06:00:00+00:00,5060.0,5060.0,5061.0,5060.0,5061.0,91
2026-04-27 06:01:00+00:00,5061.0,5061.0,5062.0,5061.0,5062.0,134
2026-04-27 06:02:00+00:00,5056.0,5056.0,5061.0,5056.0,5061.0,1428
2026-04-27 06:03:00+00:00,5055.0,5055.0,5057.0,5055.0,5057.0,1400
2026-04-27 06:04:00+00:00,5056.5,5056.5,5056.5,5053.0,5055.0,800
2026-04-27 06:05:00+00:00,5054.5,5054.5,5057.0,5054.5,5056.5,499
2026-04-27 06:06:00+00:00,5055.5,5055.5,5057.0,5054.5,5057.0,117
2026-04-27 06:07:00+00:00,5054.5,5054.5,5055.5,5053.0,5054.5,270
2026-04-27 06:08:00+00:00,5052.5,5052.5,5055.0,5052.5,5054.0,610
2026-04-27 06:09:00+00:00,5056.0,5056.0,5058.0,5050.0,5050.5,831
2026-04-27 06:10:00+00:00,5057.0,5057.0,5058.0,5053.5,5055.5,598
2026-04-27 06:11:00+00:00,5055.0,5055.0,5058.5,5054.5,5058.5,291
2026-04-27 06:12:00+00:00,5060.0,5060.0,5066.0,5053.0,5058.5,10280
2026-04-27 06:13:00+00:00,5060.0,5060.0,5064.0,5059.5,5060.0,940
2026-04-27 06:14:00+00:00,5063.5,5063.5,5063.5,5060.0,5060.0,155
2026-04-27 06:15:00+00:00,5062.0,5062.0,5064.0,5061.5,5061.5,612
2026-04-27 06:16:00+00:00,5065.0,5065.0,5065.0,5057.0,5062.0,3638
2026-04-27 06:17:00+00:00,5064.0,5064.0,5066.0,5063.5,5065.5,1123
2026-04-27 06:18:00+00:00,5068.0,5068.0,5069.5,5064.5,5064.5,682
2026-04-27 06:19:00+00:00,5070.5,5070.5,5072.5,5068.0,5068.0,591
2026-04-27 06:20:00+00:00,5067.5,5067.5,5072.5,5067.0,5072.5,814
2026-04-27 06:21:00+00:00,5068.5,5068.5,5070.5,5067.5,5067.5,217
2026-04-27 06:22:00+00:00,5070.0,5070.0,5071.0,5067.5,5071.0,282
2026-04-27 06:23:00+00:00,5072.5,5072.5,5075.0,5072.0,5072.0,1069
2026-04-27 06:24:00+00:00,5075.0,5075.0,5075.0,5072.5,5072.5,613
2026-04-27 06:25:00+00:00,5075.5,5075.5,5076.5,5075.5,5076.5,176
2026-04-27 06:26:00+00:00,5076.5,5076.5,5078.0,5075.0,5075.0,837
2026-04-27 06:27:00+00:00,5077.5,5077.5,5078.5,5075.0,5077.0,679
2026-04-27 06:28:00+00:00,5078.0,5078.0,5078.5,5077.5,5078.0,162
2026-04-27 06:29:00+00:00,5078.0,5078.0,5078.5,5078.0,5078.0,142
2026-04-27 06:30:00+00:00,5075.5,5075.5,5078.0,5075.5,5078.0,487
2026-04-27 06:31:00+00:00,5075.5,5075.5,5077.5,5075.0,5075.0,346
2026-04-27 06:32:00+00:00,5075.0,5075.0,5077.5,5075.0,5075.5,688
2026-04-27 06:33:00+00:00,5076.0,5076.0,5078.0,5076.0,5076.5,93
2026-04-27 06:34:00+00:00,5076.5,5076.5,5078.0,5076.0,5076.0,306
2026-04-27 06:35:00+00:00,5079.0,5079.0,5079.5,5078.0,5078.0,480
2026-04-27 06:36:00+00:00,5078.0,5078.0,5079.5,5078.0,5079.5,337
2026-04-27 06:37:00+00:00,5079.0,5079.0,5079.5,5078.0,5078.5,1046
2026-04-27 06:38:00+00:00,5076.5,5076.5,5079.5,5076.5,5078.0,523
2026-04-27 06:39:00+00:00,5077.5,5077.5,5079.0,5076.0,5078.0,369
2026-04-27 06:40:00+00:00,5079.0,5079.0,5079.0,5076.0,5077.0,501
2026-04-27 06:41:00+00:00,5079.0,5079.0,5080.0,5079.0,5080.0,138
2026-04-27 06:42:00+00:00,5080.0,5080.0,5080.0,5079.0,5079.0,186
2026-04-27 06:43:00+00:00,5079.5,5079.5,5082.0,5079.0,5079.0,1417
2026-04-27 06:44:00+00:00,5079.0,5079.0,5080.0,5079.0,5080.0,437
2026-04-27 06:45:00+00:00,5080.0,5080.0,5080.0,5079.0,5079.0,191
2026-04-27 06:46:00+00:00,5078.5,5078.5,5080.0,5078.5,5079.5,264
2026-04-27 06:47:00+00:00,5079.0,5079.0,5079.0,5078.5,5078.5,533
2026-04-27 06:48:00+00:00,5080.0,5080.0,5080.0,5079.5,5079.5,1214
2026-04-27 06:49:00+00:00,5079.5,5079.5,5080.0,5079.5,5079.5,123
2026-04-27 06:50:00+00:00,5078.5,5078.5,5080.0,5078.5,5079.5,540
2026-04-27 06:51:00+00:00,5077.5,5077.5,5079.5,5077.5,5078.5,151
2026-04-27 06:52:00+00:00,5077.5,5077.5,5079.5,5076.5,5079.5,136
2026-04-27 06:53:00+00:00,5078.5,5078.5,5079.0,5077.5,5079.0,316
2026-04-27 06:54:00+00:00,5080.0,5080.0,5080.0,5079.0,5079.0,1698
2026-04-27 06:55:00+00:00,5079.5,5079.5,5080.0,5079.5,5080.0,311
2026-04-27 06:56:00+00:00,5079.5,5079.5,5080.0,5078.5,5079.5,1035
2026-04-27 06:57:00+00:00,5081.0,5081.0,5081.0,5079.5,5080.0,4045
2026-04-27 06:58:00+00:00,5079.5,5079.5,5082.0,5079.5,5082.0,295
2026-04-27 06:59:00+00:00,5080.0,5080.0,5080.0,5079.5,5080.0,1380
2026-04-27 07:00:00+00:00,5079.5,5079.5,5081.5,5079.5,5080.0,1220
2026-04-27 07:01:00+00:00,5080.0,5080.0,5082.0,5079.5,5080.0,9467
2026-04-27 07:02:00+00:00,5080.0,5080.0,5086.0,5079.5,5082.5,20730
2026-04-27 07:03:00+00:00,5083.5,5083.5,5086.0,5080.0,5080.0,6867
2026-04-27 07:04:00+00:00,5080.0,5080.0,5084.0,5080.0,5083.5,1325
2026-04-27 07:05:00+00:00,5080.5,5080.5,5083.5,5079.5,5081.0,5340
2026-04-27 07:06:00+00:00,5080.5,5080.5,5082.5,5080.0,5082.0,667
2026-04-27 07:07:00+00:00,5080.0,5080.0,5082.5,5079.5,5080.5,1198
2026-04-27 07:08:00+00:00,5076.5,5076.5,5080.0,5076.5,5080.0,1214
2026-04-27 07:09:00+00:00,5078.0,5078.0,5079.0,5076.5,5079.0,588
2026-04-27 07:10:00+00:00,5083.0,5083.0,5083.0,5079.0,5079.0,6062
2026-04-27 07:11:00+00:00,5077.5,5077.5,5085.0,5077.0,5083.5,9677
2026-04-27 07:12:00+00:00,5075.5,5075.5,5079.5,5075.5,5079.0,677
2026-04-27 07:13:00+00:00,5075.0,5075.0,5075.0,5072.0,5072.5,340
2026-04-27 07:14:00+00:00,5073.0,5073.0,5075.0,5073.0,5075.0,468
2026-04-27 07:15:00+00:00,5073.5,5073.5,5075.0,5073.5,5074.5,783
2026-04-27 07:16:00+00:00,5073.0,5073.0,5074.5,5073.0,5073.5,585
2026-04-27 07:17:00+00:00,5073.5,5073.5,5074.0,5073.0,5074.0,1279
2026-04-27 07:18:00+00:00,5074.0,5074.0,5076.0,5070.0,5073.5,7954
2026-04-27 07:19:00+00:00,5074.0,5074.0,5077.0,5074.0,5076.0,1342
2026-04-27 07:20:00+00:00,5073.5,5073.5,5075.0,5072.0,5075.0,401
2026-04-27 07:21:00+00:00,5075.0,5075.0,5075.0,5073.5,5073.5,460
2026-04-27 07:22:00+00:00,5076.5,5076.5,5077.0,5074.5,5075.0,1940
2026-04-27 07:23:00+00:00,5080.0,5080.0,5080.0,5076.5,5076.5,3981
2026-04-27 07:24:00+00:00,5080.0,5080.0,5080.5,5079.5,5080.0,3719
2026-04-27 07:25:00+00:00,5083.0,5083.0,5098.0,5081.5,5087.5,9589
2026-04-27 07:26:00+00:00,5084.5,5084.5,5088.0,5083.5,5085.0,5105
2026-04-27 07:27:00+00:00,5081.5,5081.5,5085.0,5080.0,5085.0,1657
2026-04-27 07:28:00+00:00,5083.0,5083.0,5084.0,5082.0,5082.0,674
2026-04-27 07:29:00+00:00,5084.0,5084.0,5084.0,5081.5,5082.5,1869
2026-04-27 07:30:00+00:00,5087.0,5087.0,5088.0,5084.0,5084.0,2718
2026-04-27 07:31:00+00:00,5084.0,5084.0,5087.5,5083.5,5085.5,2169
2026-04-27 07:32:00+00:00,5084.5,5084.5,5086.0,5084.5,5086.0,2390
2026-04-27 07:33:00+00:00,5084.5,5084.5,5085.0,5080.5,5084.5,1134
2026-04-27 07:34:00+00:00,5080.0,5080.0,5084.0,5080.0,5084.0,754
2026-04-27 07:35:00+00:00,5080.0,5080.0,5083.0,5078.0,5080.0,2257
2026-04-27 07:36:00+00:00,5082.0,5082.0,5084.0,5081.5,5082.0,778
2026-04-27 07:37:00+00:00,5080.5,5080.5,5084.5,5080.5,5083.5,961
2026-04-27 07:38:00+00:00,5086.0,5086.0,5088.0,5080.5,5083.5,1285
2026-04-27 07:39:00+00:00,5085.0,5085.0,5088.5,5085.0,5087.5,988
2026-04-27 07:40:00+00:00,5080.0,5080.0,5086.5,5080.0,5086.5,1058
2026-04-27 07:41:00+00:00,5079.0,5079.0,5080.0,5079.0,5080.0,1082
2026-04-27 07:42:00+00:00,5075.0,5075.0,5078.0,5075.0,5078.0,716
2026-04-27 07:43:00+00:00,5078.0,5078.0,5078.0,5077.0,5077.5,193
2026-04-27 07:44:00+00:00,5076.5,5076.5,5078.5,5076.0,5077.5,398
2026-04-27 07:45:00+00:00,5076.5,5076.5,5079.0,5076.0,5078.5,577
2026-04-27 07:46:00+00:00,5080.0,5080.0,5080.0,5076.5,5078.0,533
2026-04-27 07:47:00+00:00,5077.5,5077.5,5080.0,5077.5,5080.0,414
2026-04-27 07:48:00+00:00,5076.5,5076.5,5079.5,5076.5,5079.5,679
2026-04-27 07:49:00+00:00,5072.0,5072.0,5078.0,5072.0,5077.5,795
2026-04-27 07:50:00+00:00,5067.0,5067.0,5072.0,5067.0,5070.0,1226
2026-04-27 07:51:00+00:00,5070.0,5070.0,5070.0,5064.5,5066.0,515
2026-04-27 07:52:00+00:00,5064.0,5064.0,5068.0,5064.0,5065.0,4407
2026-04-27 07:53:00+00:00,5063.0,5063.0,5065.5,5061.5,5065.5,666
2026-04-27 07:54:00+00:00,5064.0,5064.0,5064.0,5062.5,5063.5,336
2026-04-27 07:55:00+00:00,5062.5,5062.5,5065.5,5062.5,5064.0,800
2026-04-27 07:56:00+00:00,5059.5,5059.5,5062.5,5059.0,5062.0,465
2026-04-27 07:57:00+00:00,5061.5,5061.5,5062.5,5059.5,5059.5,286
2026-04-27 07:58:00+00:00,5059.0,5059.0,5062.0,5059.0,5061.5,433
2026-04-27 07:59:00+00:00,5058.0,5058.0,5061.5,5058.0,5060.5,319
2026-04-27 08:00:00+00:00,5061.0,5061.0,5061.0,5058.0,5058.0,240
2026-04-27 08:01:00+00:00,5059.5,5059.5,5062.0,5059.5,5061.0,620
2026-04-27 08:02:00+00:00,5058.0,5058.0,5058.5,5056.5,5058.5,190
2026-04-27 08:03:00+00:00,5059.5,5059.5,5060.0,5058.0,5059.5,198
2026-04-27 08:04:00+00:00,5059.0,5059.0,5060.0,5058.5,5058.5,354
2026-04-27 08:05:00+00:00,5062.5,5062.5,5062.5,5059.5,5059.5,110
2026-04-27 08:06:00+00:00,5062.5,5062.5,5063.5,5062.0,5063.0,666
2026-04-27 08:07:00+00:00,5063.5,5063.5,5063.5,5061.5,5061.5,160
2026-04-27 08:08:00+00:00,5064.0,5064.0,5064.0,5062.0,5064.0,755
2026-04-27 08:09:00+00:00,5065.5,5065.5,5066.0,5063.5,5063.5,374
2026-04-27 08:10:00+00:00,5065.0,5065.0,5067.0,5064.0,5064.0,573
2026-04-27 08:11:00+00:00,5055.5,5055.5,5067.0,5055.5,5064.5,4035
2026-04-27 08:12:00+00:00,5059.0,5059.0,5059.0,5056.5,5056.5,483
2026-04-27 08:13:00+00:00,5053.5,5053.5,5059.5,5051.5,5059.5,1125
2026-04-27 08:14:00+00:00,5052.0,5052.0,5055.5,5052.0,5054.5,382
2026-04-27 08:15:00+00:00,5056.5,5056.5,5057.0,5054.5,5055.5,131
2026-04-27 08:16:00+00:00,5057.0,5057.0,5058.5,5054.0,5057.0,570
2026-04-27 08:17:00+00:00,5059.0,5059.0,5059.0,5056.0,5057.5,350
2026-04-27 08:18:00+00:00,5058.0,5058.0,5059.5,5056.5,5059.0,439
2026-04-27 08:19:00+00:00,5056.0,5056.0,5059.0,5056.0,5059.0,352
2026-04-27 08:20:00+00:00,5055.5,5055.5,5057.5,5054.5,5056.5,299
2026-04-27 08:21:00+00:00,5057.5,5057.5,5058.5,5055.5,5055.5,407
2026-04-27 08:22:00+00:00,5056.0,5056.0,5058.0,5056.0,5057.5,96
2026-04-27 08:23:00+00:00,5056.0,5056.0,5058.5,5055.5,5057.5,284
2026-04-27 08:24:00+00:00,5058.0,5058.0,5058.0,5056.0,5057.5,213
2026-04-27 08:25:00+00:00,5058.0,5058.0,5060.0,5058.0,5058.0,358
2026-04-27 08:26:00+00:00,5060.0,5060.0,5060.0,5058.0,5060.0,399
2026-04-27 08:27:00+00:00,5059.0,5059.0,5060.0,5058.0,5060.0,261
2026-04-27 08:28:00+00:00,5059.5,5059.5,5060.0,5057.5,5060.0,237
2026-04-27 08:29:00+00:00,5059.5,5059.5,5060.0,5058.0,5060.0,227
2026-04-27 08:30:00+00:00,5058.5,5058.5,5060.0,5057.5,5059.5,111
2026-04-27 08:31:00+00:00,5047.5,5047.5,5060.0,5046.5,5060.0,3888
2026-04-27 08:32:00+00:00,5048.0,5048.0,5048.5,5045.0,5047.5,589
2026-04-27 08:33:00+00:00,5051.0,5051.0,5051.5,5048.0,5048.0,194
2026-04-27 08:34:00+00:00,5052.5,5052.5,5052.5,5050.0,5051.0,105
2026-04-27 08:35:00+00:00,5051.5,5051.5,5055.0,5051.5,5053.5,519
2026-04-27 08:36:00+00:00,5052.5,5052.5,5054.0,5050.5,5053.5,517
2026-04-27 08:37:00+00:00,5049.5,5049.5,5052.5,5049.5,5052.0,570
2026-04-27 08:38:00+00:00,5049.5,5049.5,5052.0,5048.0,5049.0,314
2026-04-27 08:39:00+00:00,5049.0,5049.0,5049.5,5048.0,5049.0,223
2026-04-27 08:40:00+00:00,5049.0,5049.0,5051.0,5048.0,5048.0,440
2026-04-27 08:41:00+00:00,5051.5,5051.5,5053.5,5050.5,5052.5,140
2026-04-27 08:42:00+00:00,5053.5,5053.5,5055.5,5052.0,5053.5,431
2026-04-27 08:43:00+00:00,5054.0,5054.0,5054.0,5051.5,5053.5,224
2026-04-27 08:44:00+00:00,5054.5,5054.5,5055.5,5052.5,5055.0,469
2026-04-27 08:45:00+00:00,5047.5,5047.5,5054.5,5043.0,5054.5,2563
2026-04-27 08:46:00+00:00,5046.0,5046.0,5049.5,5046.0,5048.0,319
2026-04-27 08:47:00+00:00,5047.0,5047.0,5047.0,5045.0,5045.5,579
2026-04-27 08:48:00+00:00,5048.5,5048.5,5048.5,5045.5,5047.0,606
2026-04-27 08:49:00+00:00,5047.5,5047.5,5049.5,5047.0,5048.5,418
2026-04-27 08:50:00+00:00,5050.0,5050.0,5050.0,5046.5,5049.5,581
2026-04-27 08:51:00+00:00,5046.0,5046.0,5050.0,5045.5,5050.0,2514
2026-04-27 08:52:00+00:00,5046.0,5046.0,5047.5,5046.0,5046.0,157
2026-04-27 08:53:00+00:00,5047.5,5047.5,5048.0,5045.0,5047.5,156
2026-04-27 08:54:00+00:00,5047.5,5047.5,5048.0,5044.5,5047.5,262
2026-04-27 08:55:00+00:00,5048.0,5048.0,5048.5,5045.5,5047.5,209
2026-04-27 08:56:00+00:00,5048.5,5048.5,5048.5,5046.5,5047.5,252
2026-04-27 08:57:00+00:00,5050.0,5050.0,5051.5,5049.0,5049.5,1666
2026-04-27 08:58:00+00:00,5047.0,5047.0,5050.5,5047.0,5050.0,496
2026-04-27 08:59:00+00:00,5050.0,5050.0,5050.0,5046.5,5047.0,256
2026-04-27 09:00:00+00:00,5048.5,5048.5,5050.0,5047.0,5048.5,151
2026-04-27 09:01:00+00:00,5042.5,5042.5,5049.5,5042.5,5049.5,641
2026-04-27 09:02:00+00:00,5042.5,5042.5,5042.5,5041.5,5042.5,207
2026-04-27 09:03:00+00:00,5039.0,5039.0,5042.5,5037.0,5042.5,1308
2026-04-27 09:04:00+00:00,5039.5,5039.5,5041.5,5039.0,5041.0,1140
2026-04-27 09:05:00+00:00,5037.0,5037.0,5039.5,5035.5,5039.5,775
2026-04-27 09:06:00+00:00,5034.5,5034.5,5036.5,5033.0,5036.5,611
2026-04-27 09:07:00+00:00,5037.5,5037.5,5037.5,5034.5,5035.0,724
2026-04-27 09:08:00+00:00,5037.5,5037.5,5038.0,5036.0,5038.0,312
2026-04-27 09:09:00+00:00,5039.0,5039.0,5039.0,5037.0,5037.0,466
2026-04-27 09:10:00+00:00,5037.5,5037.5,5038.5,5037.0,5038.0,617
2026-04-27 09:11:00+00:00,5038.0,5038.0,5038.0,5036.5,5037.0,309
2026-04-27 09:12:00+00:00,5039.5,5039.5,5039.5,5036.0,5038.0,179
2026-04-27 09:13:00+00:00,5041.0,5041.0,5042.5,5039.5,5039.5,1005
2026-04-27 09:14:00+00:00,5042.0,5042.0,5044.5,5040.0,5040.0,426
2026-04-27 09:15:00+00:00,5040.0,5040.0,5044.0,5039.0,5044.0,1554
2026-04-27 09:16:00+00:00,5045.0,5045.0,5045.0,5040.0,5040.0,1815
2026-04-27 09:17:00+00:00,5049.0,5049.0,5049.0,5043.5,5045.0,1983
2026-04-27 09:18:00+00:00,5047.0,5047.0,5049.5,5044.0,5048.5,1314
2026-04-27 09:19:00+00:00,5046.5,5046.5,5048.0,5046.0,5048.0,915
2026-04-27 09:20:00+00:00,5050.0,5050.0,5050.0,5047.0,5047.0,1112
2026-04-27 09:21:00+00:00,5051.0,5051.0,5051.0,5048.5,5049.0,1084
2026-04-27 09:22:00+00:00,5049.5,5049.5,5051.0,5047.0,5050.0,1079
2026-04-27 09:23:00+00:00,5051.0,5051.0,5051.0,5048.5,5050.0,1057
2026-04-27 09:24:00+00:00,5050.0,5050.0,5050.5,5048.0,5050.5,928
2026-04-27 09:25:00+00:00,5047.5,5047.5,5051.0,5046.5,5051.0,2067
2026-04-27 09:26:00+00:00,5047.5,5047.5,5048.5,5046.0,5047.0,1014
2026-04-27 09:27:00+00:00,5050.5,5050.5,5050.5,5046.5,5048.5,1098
2026-04-27 09:28:00+00:00,5051.0,5051.0,5051.5,5048.0,5050.5,3004
2026-04-27 09:29:00+00:00,5049.5,5049.5,5051.5,5046.0,5050.0,1564
2026-04-27 09:30:00+00:00,5046.0,5046.0,5048.5,5046.0,5046.5,1503
2026-04-27 09:31:00+00:00,5045.0,5045.0,5049.0,5045.0,5047.0,1944
2026-04-27 09:32:00+00:00,5038.5,5038.5,5045.0,5038.5,5044.0,4710
2026-04-27 09:33:00+00:00,5042.5,5042.5,5043.5,5037.5,5037.5,1708
2026-04-27 09:34:00+00:00,5042.0,5042.0,5043.5,5040.5,5040.5,1268
2026-04-27 09:35:00+00:00,5042.0,5042.0,5043.0,5038.5,5041.5,1870
2026-04-27 09:36:00+00:00,5044.0,5044.0,5045.0,5041.0,5041.0,1606
2026-04-27 09:37:00+00:00,5043.0,5043.0,5045.0,5038.5,5045.0,2314
2026-04-27 09:38:00+00:00,5041.5,5041.5,5044.0,5040.5,5041.5,1787
2026-04-27 09:39:00+00:00,5043.0,5043.0,5043.0,5039.0,5041.5,1419
2026-04-27 09:40:00+00:00,5043.5,5043.5,5043.5,5041.5,5041.5,2217
2026-04-27 09:41:00+00:00,5046.0,5046.0,5046.5,5043.5,5043.5,1849
2026-04-27 09:42:00+00:00,5045.5,5045.5,5046.5,5043.5,5046.5,1375
2026-04-27 09:43:00+00:00,5036.5,5036.5,5047.5,5036.0,5047.5,7704
2026-04-27 09:44:00+00:00,5036.0,5036.0,5038.0,5033.0,5038.0,2952
2026-04-27 09:45:00+00:00,5039.5,5039.5,5039.5,5034.5,5036.0,2409
2026-04-27 09:46:00+00:00,5040.5,5040.5,5041.5,5038.0,5038.0,1519
2026-04-27 09:47:00+00:00,5040.0,5040.0,5040.0,5036.5,5039.5,1885
2026-04-27 09:48:00+00:00,5041.0,5041.0,5041.0,5038.0,5040.0,1660
2026-04-27 09:49:00+00:00,5042.5,5042.5,5042.5,5040.5,5041.0,1637
2026-04-27 09:50:00+00:00,5040.5,5040.5,5042.5,5038.0,5042.5,2413
2026-04-27 09:51:00+00:00,5051.0,5051.0,5051.0,5041.0,5041.0,3936
2026-04-27 09:52:00+00:00,5049.5,5049.5,5051.0,5049.5,5050.0,1359
2026-04-27 09:53:00+00:00,5049.5,5049.5,5050.0,5047.5,5049.5,1767
2026-04-27 09:54:00+00:00,5049.0,5049.0,5049.5,5046.5,5049.5,3846
2026-04-27 09:55:00+00:00,5046.5,5046.5,5048.0,5043.5,5048.0,2500
2026-04-27 09:56:00+00:00,5046.5,5046.5,5049.5,5046.5,5046.5,2573
2026-04-27 09:57:00+00:00,5046.5,5046.5,5049.0,5045.0,5049.0,2099
2026-04-27 09:58:00+00:00,5050.0,5050.0,5050.0,5045.5,5047.5,2413
2026-04-27 09:59:00+00:00,5054.0,5054.0,5054.0,5046.5,5046.5,836
2026-04-28 03:45:00+00:00,5031.0,5031.0,5036.0,5025.5,5036.0,0
2026-04-28 03:46:00+00:00,5060.0,5060.0,5060.0,5034.0,5034.0,2689
2026-04-28 03:47:00+00:00,5060.5,5060.5,5062.5,5059.5,5060.0,2577
2026-04-28 03:48:00+00:00,5059.0,5059.0,5061.5,5055.0,5061.5,1320
2026-04-28 03:49:00+00:00,5059.5,5059.5,5060.5,5057.0,5057.0,1933
2026-04-28 03:50:00+00:00,5067.0,5067.0,5069.0,5060.0,5060.0,2965
2026-04-28 03:51:00+00:00,5071.0,5071.0,5071.0,5066.0,5066.0,1363
2026-04-28 03:52:00+00:00,5077.5,5077.5,5077.5,5070.5,5070.5,1441
2026-04-28 03:53:00+00:00,5072.5,5072.5,5081.5,5072.5,5081.5,2499
2026-04-28 03:54:00+00:00,5069.5,5069.5,5071.0,5062.5,5069.0,1957
2026-04-28 03:55:00+00:00,5079.0,5079.0,5079.0,5069.5,5069.5,939
2026-04-28 03:56:00+00:00,5081.5,5081.5,5082.5,5079.0,5081.0,1560
2026-04-28 03:57:00+00:00,5080.0,5080.0,5081.0,5076.0,5079.5,2027
2026-04-28 03:58:00+00:00,5076.5,5076.5,5079.0,5076.5,5079.0,520
2026-04-28 03:59:00+00:00,5073.5,5073.5,5077.5,5073.5,5077.5,1243
2026-04-28 04:00:00+00:00,5084.0,5084.0,5084.0,5073.0,5073.0,1412
2026-04-28 04:01:00+00:00,5088.5,5088.5,5091.0,5083.5,5084.0,1902
2026-04-28 04:02:00+00:00,5089.0,5089.0,5091.0,5088.5,5091.0,2450
2026-04-28 04:03:00+00:00,5087.0,5087.0,5089.5,5083.0,5088.0,964
2026-04-28 04:04:00+00:00,5082.0,5082.0,5090.0,5082.0,5086.5,1206
2026-04-28 04:05:00+00:00,5078.5,5078.5,5081.0,5077.0,5081.0,1071
2026-04-28 04:06:00+00:00,5084.0,5084.0,5084.0,5077.0,5077.0,1160
2026-04-28 04:07:00+00:00,5085.0,5085.0,5086.0,5084.0,5084.0,553
2026-04-28 04:08:00+00:00,5084.0,5084.0,5084.5,5083.0,5084.5,1142
2026-04-28 04:09:00+00:00,5092.5,5092.5,5092.5,5084.0,5084.5,1455
2026-04-28 04:10:00+00:00,5100.0,5100.0,5100.0,5094.0,5094.0,5015
2026-04-28 04:11:00+00:00,5102.0,5102.0,5103.0,5100.0,5100.0,1809
2026-04-28 04:12:00+00:00,5103.5,5103.5,5105.0,5101.0,5102.0,2559
2026-04-28 04:13:00+00:00,5102.0,5102.0,5103.5,5101.0,5101.0,533
2026-04-28 04:14:00+00:00,5101.5,5101.5,5103.0,5101.0,5101.0,730
2026-04-28 04:15:00+00:00,5094.0,5094.0,5101.0,5092.5,5101.0,2662
2026-04-28 04:16:00+00:00,5091.0,5091.0,5093.0,5091.0,5093.0,1090
2026-04-28 04:17:00+00:00,5091.0,5091.0,5091.5,5091.0,5091.5,694
2026-04-28 04:18:00+00:00,5086.5,5086.5,5088.0,5084.0,5087.0,1660
2026-04-28 04:19:00+00:00,5084.5,5084.5,5086.5,5083.5,5086.5,630
2026-04-28 04:20:00+00:00,5083.5,5083.5,5084.5,5083.5,5084.0,696
2026-04-28 04:21:00+00:00,5082.5,5082.5,5084.0,5082.5,5084.0,505
2026-04-28 04:22:00+00:00,5088.5,5088.5,5089.5,5088.0,5088.5,1370
2026-04-28 04:23:00+00:00,5094.0,5094.0,5094.0,5088.0,5088.0,2349
2026-04-28 04:24:00+00:00,5095.5,5095.5,5098.0,5093.5,5097.0,1538
2026-04-28 04:25:00+00:00,5097.5,5097.5,5099.5,5095.5,5095.5,946
2026-04-28 04:26:00+00:00,5099.0,5099.0,5099.5,5097.5,5097.5,443
2026-04-28 04:27:00+00:00,5094.0,5094.0,5099.5,5094.0,5099.5,1093
2026-04-28 04:28:00+00:00,5097.0,5097.0,5098.0,5095.5,5095.5,249
2026-04-28 04:29:00+00:00,5096.5,5096.5,5097.0,5096.5,5097.0,839
2026-04-28 04:30:00+00:00,5096.0,5096.0,5097.0,5096.0,5096.0,301
2026-04-28 04:31:00+00:00,5103.0,5103.0,5103.5,5096.5,5096.5,1330
2026-04-28 04:32:00+00:00,5094.0,5094.0,5102.0,5094.0,5102.0,1797
2026-04-28 04:33:00+00:00,5091.5,5091.5,5095.5,5091.5,5094.0,1057
2026-04-28 04:34:00+00:00,5083.5,5083.5,5087.5,5083.5,5086.0,2785
2026-04-28 04:35:00+00:00,5084.5,5084.5,5084.5,5081.5,5084.5,907
2026-04-28 04:36:00+00:00,5083.0,5083.0,5084.0,5082.0,5082.0,1504
2026-04-28 04:37:00+00:00,5080.0,5080.0,5084.0,5080.0,5082.0,1646
2026-04-28 04:38:00+00:00,5083.0,5083.0,5083.0,5079.0,5080.0,928
2026-04-28 04:39:00+00:00,5081.5,5081.5,5083.0,5081.5,5083.0,306
2026-04-28 04:40:00+00:00,5079.5,5079.5,5082.0,5076.0,5082.0,2408
2026-04-28 04:41:00+00:00,5077.5,5077.5,5078.5,5077.0,5078.0,556
2026-04-28 04:42:00+00:00,5077.0,5077.0,5078.5,5075.5,5078.0,1183
2026-04-28 04:43:00+00:00,5076.5,5076.5,5078.0,5076.0,5076.0,605
2026-04-28 04:44:00+00:00,5076.5,5076.5,5079.5,5075.5,5076.5,1806
2026-04-28 04:45:00+00:00,5078.0,5078.0,5078.0,5076.0,5076.5,683
2026-04-28 04:46:00+00:00,5082.5,5082.5,5082.5,5079.0,5079.0,564
2026-04-28 04:47:00+00:00,5079.0,5079.0,5081.5,5079.0,5081.5,894
2026-04-28 04:48:00+00:00,5084.0,5084.0,5087.5,5080.0,5080.0,1311
2026-04-28 04:49:00+00:00,5084.5,5084.5,5085.5,5084.5,5084.5,96
2026-04-28 04:50:00+00:00,5085.0,5085.0,5085.5,5084.5,5085.5,858
2026-04-28 04:51:00+00:00,5085.5,5085.5,5087.0,5085.5,5085.5,701
2026-04-28 04:52:00+00:00,5086.5,5086.5,5087.0,5085.5,5087.0,254
2026-04-28 04:53:00+00:00,5084.0,5084.0,5088.5,5084.0,5086.5,2058
2026-04-28 04:54:00+00:00,5082.0,5082.0,5085.0,5079.5,5083.5,7305
2026-04-28 04:55:00+00:00,5085.0,5085.0,5086.5,5080.0,5080.0,10648
2026-04-28 04:56:00+00:00,5083.5,5083.5,5088.0,5083.5,5086.0,2375
2026-04-28 04:57:00+00:00,5079.5,5079.5,5083.5,5078.5,5083.5,5492
2026-04-28 04:58:00+00:00,5082.0,5082.0,5083.0,5080.0,5082.0,4893
2026-04-28 04:59:00+00:00,5086.0,5086.0,5087.0,5079.0,5079.0,11286
2026-04-28 05:00:00+00:00,5079.0,5079.0,5087.0,5079.0,5087.0,2379
2026-04-28 05:01:00+00:00,5079.5,5079.5,5083.5,5079.0,5080.0,4927
2026-04-28 05:02:00+00:00,5080.0,5080.0,5080.0,5079.0,5080.0,440
2026-04-28 05:03:00+00:00,5078.0,5078.0,5080.0,5078.0,5080.0,1340
2026-04-28 05:04:00+00:00,5079.0,5079.0,5079.5,5076.5,5077.5,650
2026-04-28 05:05:00+00:00,5079.0,5079.0,5079.5,5077.0,5077.0,817
2026-04-28 05:06:00+00:00,5083.0,5083.0,5083.0,5077.5,5077.5,950
2026-04-28 05:07:00+00:00,5077.5,5077.5,5082.5,5077.5,5082.5,2235
2026-04-28 05:08:00+00:00,5075.0,5075.0,5077.5,5075.0,5077.0,763
2026-04-28 05:09:00+00:00,5073.0,5073.0,5077.0,5073.0,5076.0,913
2026-04-28 05:10:00+00:00,5070.0,5070.0,5071.5,5067.0,5071.5,1807
2026-04-28 05:11:00+00:00,5063.5,5063.5,5071.5,5063.5,5071.5,1901
2026-04-28 05:12:00+00:00,5066.0,5066.0,5066.5,5063.5,5065.5,718
2026-04-28 05:13:00+00:00,5069.0,5069.0,5069.0,5063.5,5066.0,1002
2026-04-28 05:14:00+00:00,5071.0,5071.0,5071.0,5068.5,5070.0,962
2026-04-28 05:15:00+00:00,5070.5,5070.5,5070.5,5068.5,5070.0,251
2026-04-28 05:16:00+00:00,5070.0,5070.0,5070.5,5069.0,5070.5,627
2026-04-28 05:17:00+00:00,5073.0,5073.0,5075.0,5070.5,5070.5,1036
2026-04-28 05:18:00+00:00,5073.0,5073.0,5075.0,5073.0,5074.5,511
2026-04-28 05:19:00+00:00,5074.0,5074.0,5074.5,5073.0,5073.0,1081
2026-04-28 05:20:00+00:00,5070.5,5070.5,5075.0,5070.5,5073.5,1408
2026-04-28 05:21:00+00:00,5068.5,5068.5,5072.0,5068.5,5072.0,539
2026-04-28 05:22:00+00:00,5069.0,5069.0,5070.0,5067.5,5070.0,300
2026-04-28 05:23:00+00:00,5065.0,5065.0,5068.0,5065.0,5067.5,808
2026-04-28 05:24:00+00:00,5064.5,5064.5,5066.5,5064.5,5066.0,511
2026-04-28 05:25:00+00:00,5064.5,5064.5,5066.0,5064.5,5065.5,607
2026-04-28 05:26:00+00:00,5067.0,5067.0,5067.5,5064.5,5064.5,1018
2026-04-28 05:27:00+00:00,5063.5,5063.5,5067.0,5062.5,5067.0,2066
2026-04-28 05:28:00+00:00,5064.5,5064.5,5065.0,5061.5,5061.5,921
2026-04-28 05:29:00+00:00,5063.5,5063.5,5065.5,5063.5,5063.5,353
2026-04-28 05:30:00+00:00,5065.5,5065.5,5065.5,5063.5,5064.5,821
2026-04-28 05:31:00+00:00,5070.0,5070.0,5072.0,5063.0,5065.0,2543
2026-04-28 05:32:00+00:00,5063.5,5063.5,5071.5,5062.0,5070.5,814
2026-04-28 05:33:00+00:00,5067.5,5067.5,5068.0,5062.5,5062.5,826
2026-04-28 05:34:00+00:00,5068.0,5068.0,5068.0,5065.5,5065.5,362
2026-04-28 05:35:00+00:00,5066.5,5066.5,5066.5,5065.5,5066.0,761
2026-04-28 05:36:00+00:00,5062.5,5062.5,5068.0,5062.5,5066.5,1081
2026-04-28 05:37:00+00:00,5058.0,5058.0,5065.0,5057.5,5063.0,18373
2026-04-28 05:38:00+00:00,5058.0,5058.0,5060.5,5058.0,5059.0,1112
2026-04-28 05:39:00+00:00,5063.0,5063.0,5064.0,5058.5,5059.0,3457
2026-04-28 05:40:00+00:00,5065.0,5065.0,5066.0,5062.0,5062.0,2955
2026-04-28 05:41:00+00:00,5067.5,5067.5,5068.0,5065.0,5065.0,4425
2026-04-28 05:42:00+00:00,5067.0,5067.0,5068.0,5066.0,5068.0,738
2026-04-28 05:43:00+00:00,5068.5,5068.5,5070.0,5068.5,5070.0,236
2026-04-28 05:44:00+00:00,5072.0,5072.0,5072.0,5069.5,5069.5,683
2026-04-28 05:45:00+00:00,5076.0,5076.0,5077.0,5071.5,5071.5,1354
2026-04-28 05:46:00+00:00,5069.0,5069.0,5076.5,5068.5,5076.5,2817
2026-04-28 05:47:00+00:00,5077.0,5077.0,5077.0,5069.5,5069.5,8227
2026-04-28 05:48:00+00:00,5078.5,5078.5,5082.0,5076.0,5076.5,1056
2026-04-28 05:49:00+00:00,5078.0,5078.0,5078.5,5076.0,5078.5,363
2026-04-28 05:50:00+00:00,5082.0,5082.0,5083.5,5076.5,5076.5,819
2026-04-28 05:51:00+00:00,5083.0,5083.0,5083.5,5080.5,5083.0,578
2026-04-28 05:52:00+00:00,5072.0,5072.0,5084.0,5069.5,5084.0,1393
2026-04-28 05:53:00+00:00,5071.5,5071.5,5073.0,5070.0,5070.0,902
2026-04-28 05:54:00+00:00,5071.0,5071.0,5072.5,5070.0,5070.5,618
2026-04-28 05:55:00+00:00,5069.0,5069.0,5071.5,5063.5,5071.5,2976
2026-04-28 05:56:00+00:00,5065.5,5065.5,5069.5,5064.5,5067.5,3236
2026-04-28 05:57:00+00:00,5062.0,5062.0,5064.5,5062.0,5064.5,1827
2026-04-28 05:58:00+00:00,5063.0,5063.0,5067.0,5061.5,5062.5,763
2026-04-28 05:59:00+00:00,5062.0,5062.0,5066.0,5062.0,5065.5,767
2026-04-28 06:00:00+00:00,5065.0,5065.0,5065.0,5060.0,5061.5,650
2026-04-28 06:01:00+00:00,5067.0,5067.0,5068.5,5063.5,5063.5,730
2026-04-28 06:02:00+00:00,5063.0,5063.0,5068.0,5063.0,5066.0,939
2026-04-28 06:03:00+00:00,5064.0,5064.0,5065.0,5060.5,5062.0,1010
2026-04-28 06:04:00+00:00,5063.5,5063.5,5065.0,5061.5,5062.5,737
2026-04-28 06:05:00+00:00,5064.5,5064.5,5065.0,5063.0,5064.5,871
2026-04-28 06:06:00+00:00,5060.5,5060.5,5065.5,5060.5,5065.0,1337
2026-04-28 06:07:00+00:00,5056.0,5056.0,5061.5,5053.5,5058.5,13877
2026-04-28 06:08:00+00:00,5054.0,5054.0,5055.0,5052.5,5055.0,1217
2026-04-28 06:09:00+00:00,5053.5,5053.5,5055.5,5052.0,5054.0,1750
2026-04-28 06:10:00+00:00,5052.5,5052.5,5055.0,5052.5,5053.0,631
2026-04-28 06:11:00+00:00,5060.0,5060.0,5060.0,5052.5,5054.5,1348
2026-04-28 06:12:00+00:00,5064.0,5064.0,5064.0,5058.0,5059.5,894
2026-04-28 06:13:00+00:00,5064.0,5064.0,5064.0,5060.5,5062.0,1463
2026-04-28 06:14:00+00:00,5060.0,5060.0,5064.0,5060.0,5063.5,1489
2026-04-28 06:15:00+00:00,5062.5,5062.5,5064.0,5060.0,5061.0,1158
2026-04-28 06:16:00+00:00,5056.5,5056.5,5062.5,5056.5,5062.5,1029
2026-04-28 06:17:00+00:00,5054.5,5054.5,5055.5,5054.0,5055.5,908
2026-04-28 06:18:00+00:00,5053.0,5053.0,5054.0,5053.0,5053.0,365
2026-04-28 06:19:00+00:00,5055.0,5055.0,5055.0,5053.5,5054.0,444
2026-04-28 06:20:00+00:00,5055.5,5055.5,5057.0,5054.5,5054.5,595
2026-04-28 06:21:00+00:00,5057.5,5057.5,5057.5,5055.5,5056.0,682
2026-04-28 06:22:00+00:00,5054.5,5054.5,5056.5,5054.5,5056.0,646
2026-04-28 06:23:00+00:00,5054.5,5054.5,5055.0,5052.5,5054.0,2563
2026-04-28 06:24:00+00:00,5053.0,5053.0,5055.0,5053.0,5054.5,319
2026-04-28 06:25:00+00:00,5054.5,5054.5,5055.0,5053.5,5054.0,230
2026-04-28 06:26:00+00:00,5049.5,5049.5,5054.0,5045.5,5054.0,6475
2026-04-28 06:27:00+00:00,5048.5,5048.5,5049.5,5048.0,5048.0,1103
2026-04-28 06:28:00+00:00,5038.5,5038.5,5050.0,5037.0,5048.5,3163
2026-04-28 06:29:00+00:00,5035.5,5035.5,5039.5,5033.0,5037.0,3948
2026-04-28 06:30:00+00:00,5033.5,5033.5,5035.0,5030.5,5035.0,1211
2026-04-28 06:31:00+00:00,5036.0,5036.0,5038.0,5032.0,5032.5,2238
2026-04-28 06:32:00+00:00,5034.0,5034.0,5036.0,5032.5,5036.0,1512
2026-04-28 06:33:00+00:00,5038.5,5038.5,5039.5,5033.5,5034.5,710
2026-04-28 06:34:00+00:00,5042.0,5042.0,5042.0,5038.5,5038.5,833
2026-04-28 06:35:00+00:00,5035.0,5035.0,5041.0,5034.0,5041.0,3420
2026-04-28 06:36:00+00:00,5034.5,5034.5,5038.5,5034.5,5036.5,1174
2026-04-28 06:37:00+00:00,5038.0,5038.0,5038.0,5034.5,5035.5,1192
2026-04-28 06:38:00+00:00,5037.0,5037.0,5038.0,5036.0,5036.5,1046
2026-04-28 06:39:00+00:00,5035.5,5035.5,5037.0,5035.5,5037.0,1481
2026-04-28 06:40:00+00:00,5034.0,5034.0,5037.0,5034.0,5037.0,1299
2026-04-28 06:41:00+00:00,5032.0,5032.0,5034.5,5032.0,5034.0,928
2026-04-28 06:42:00+00:00,5034.5,5034.5,5034.5,5031.5,5033.0,1320
2026-04-28 06:43:00+00:00,5035.0,5035.0,5037.0,5034.0,5034.5,898
2026-04-28 06:44:00+00:00,5038.0,5038.0,5038.0,5036.0,5036.0,923
2026-04-28 06:45:00+00:00,5039.5,5039.5,5039.5,5036.5,5036.5,1124
2026-04-28 06:46:00+00:00,5038.5,5038.5,5041.0,5037.5,5038.0,911
2026-04-28 06:47:00+00:00,5038.0,5038.0,5039.5,5037.0,5038.5,791
2026-04-28 06:48:00+00:00,5037.5,5037.5,5038.0,5037.0,5038.0,619
2026-04-28 06:49:00+00:00,5036.0,5036.0,5037.5,5036.0,5037.0,708
2026-04-28 06:50:00+00:00,5033.0,5033.0,5037.0,5031.0,5036.5,5486
2026-04-28 06:51:00+00:00,5032.0,5032.0,5036.0,5032.0,5033.0,561
2026-04-28 06:52:00+00:00,5029.5,5029.5,5033.5,5027.5,5033.5,1740
2026-04-28 06:53:00+00:00,5032.0,5032.0,5033.0,5030.0,5030.0,2192
2026-04-28 06:54:00+00:00,5037.0,5037.0,5037.0,5030.5,5031.0,1287
2026-04-28 06:55:00+00:00,5037.5,5037.5,5037.5,5036.0,5037.5,640
2026-04-28 06:56:00+00:00,5041.0,5041.0,5041.0,5035.5,5037.0,693
2026-04-28 06:57:00+00:00,5040.5,5040.5,5042.0,5040.5,5042.0,1094
2026-04-28 06:58:00+00:00,5041.0,5041.0,5042.5,5040.0,5042.0,1070
2026-04-28 06:59:00+00:00,5040.5,5040.5,5041.0,5038.5,5041.0,515
2026-04-28 07:00:00+00:00,5045.5,5045.5,5045.5,5038.5,5039.5,2339
2026-04-28 07:01:00+00:00,5040.5,5040.5,5044.0,5040.0,5044.0,1628
2026-04-28 07:02:00+00:00,5040.0,5040.0,5043.0,5039.0,5039.0,3718
2026-04-28 07:03:00+00:00,5042.5,5042.5,5046.5,5040.0,5041.0,1684
2026-04-28 07:04:00+00:00,5047.5,5047.5,5047.5,5041.0,5043.0,2292
2026-04-28 07:05:00+00:00,5048.5,5048.5,5050.5,5047.0,5049.0,924
2026-04-28 07:06:00+00:00,5048.5,5048.5,5051.0,5046.5,5048.5,1535
2026-04-28 07:07:00+00:00,5047.5,5047.5,5050.0,5046.5,5048.5,1301
2026-04-28 07:08:00+00:00,5047.0,5047.0,5049.0,5046.5,5047.5,504
2026-04-28 07:09:00+00:00,5044.5,5044.5,5047.0,5044.5,5047.0,964
2026-04-28 07:10:00+00:00,5047.5,5047.5,5048.0,5043.5,5043.5,725
2026-04-28 07:11:00+00:00,5049.0,5049.0,5049.5,5048.0,5048.0,821
2026-04-28 07:12:00+00:00,5048.5,5048.5,5049.5,5048.0,5049.5,681
2026-04-28 07:13:00+00:00,5051.0,5051.0,5051.5,5048.0,5048.0,907
2026-04-28 07:14:00+00:00,5051.5,5051.5,5053.0,5050.5,5051.5,945
2026-04-28 07:15:00+00:00,5050.0,5050.0,5050.5,5049.5,5050.5,631
2026-04-28 07:16:00+00:00,5047.5,5047.5,5050.0,5047.5,5050.0,956
2026-04-28 07:17:00+00:00,5045.5,5045.5,5047.5,5045.5,5046.5,611
2026-04-28 07:18:00+00:00,5046.0,5046.0,5048.0,5044.0,5046.0,892
2026-04-28 07:19:00+00:00,5051.5,5051.5,5051.5,5047.5,5048.5,800
2026-04-28 07:20:00+00:00,5047.5,5047.5,5050.0,5047.0,5050.0,495
2026-04-28 07:21:00+00:00,5052.0,5052.0,5052.0,5046.0,5046.0,996
2026-04-28 07:22:00+00:00,5049.5,5049.5,5051.0,5049.0,5051.0,523
2026-04-28 07:23:00+00:00,5051.0,5051.0,5052.0,5048.5,5049.0,1149
2026-04-28 07:24:00+00:00,5045.5,5045.5,5049.0,5045.5,5049.0,459
2026-04-28 07:25:00+00:00,5045.0,5045.0,5046.5,5042.0,5046.5,1096
2026-04-28 07:26:00+00:00,5042.5,5042.5,5044.5,5042.5,5044.5,438
2026-04-28 07:27:00+00:00,5040.0,5040.0,5044.0,5040.0,5043.0,3359
2026-04-28 07:28:00+00:00,5040.5,5040.5,5042.0,5039.0,5039.0,4459
2026-04-28 07:29:00+00:00,5042.0,5042.0,5042.0,5038.5,5041.0,864
2026-04-28 07:30:00+00:00,5042.5,5042.5,5045.0,5038.5,5040.5,1551
2026-04-28 07:31:00+00:00,5041.0,5041.0,5044.0,5037.0,5043.0,1469
2026-04-28 07:32:00+00:00,5043.5,5043.5,5045.0,5040.0,5040.0,590
2026-04-28 07:33:00+00:00,5045.0,5045.0,5047.5,5043.0,5043.5,696
2026-04-28 07:34:00+00:00,5044.0,5044.0,5046.0,5044.0,5046.0,603
2026-04-28 07:35:00+00:00,5045.0,5045.0,5045.5,5044.0,5045.5,672
2026-04-28 07:36:00+00:00,5045.5,5045.5,5046.5,5044.0,5045.0,1931
2026-04-28 07:37:00+00:00,5043.0,5043.0,5045.0,5041.5,5045.0,1363
2026-04-28 07:38:00+00:00,5045.0,5045.0,5045.0,5041.5,5042.5,682
2026-04-28 07:39:00+00:00,5043.5,5043.5,5046.5,5043.5,5043.5,558
2026-04-28 07:40:00+00:00,5042.5,5042.5,5045.5,5042.5,5044.0,507
2026-04-28 07:41:00+00:00,5043.5,5043.5,5045.0,5041.5,5043.5,498
2026-04-28 07:42:00+00:00,5044.0,5044.0,5045.0,5043.0,5044.5,418
2026-04-28 07:43:00+00:00,5043.0,5043.0,5043.0,5042.0,5043.0,556
2026-04-28 07:44:00+00:00,5039.0,5039.0,5042.5,5039.0,5042.5,855
2026-04-28 07:45:00+00:00,5040.5,5040.5,5043.0,5040.0,5040.5,543
2026-04-28 07:46:00+00:00,5041.5,5041.5,5044.0,5041.0,5041.5,670
2026-04-28 07:47:00+00:00,5043.0,5043.0,5045.5,5043.0,5043.0,783
2026-04-28 07:48:00+00:00,5046.5,5046.5,5048.0,5043.5,5043.5,1140
2026-04-28 07:49:00+00:00,5046.5,5046.5,5048.5,5046.5,5048.0,592
2026-04-28 07:50:00+00:00,5046.0,5046.0,5048.0,5045.0,5048.0,735
2026-04-28 07:51:00+00:00,5047.5,5047.5,5049.0,5045.5,5046.0,1971
2026-04-28 07:52:00+00:00,5051.0,5051.0,5052.0,5049.0,5050.5,803
2026-04-28 07:53:00+00:00,5051.0,5051.0,5053.0,5051.0,5052.0,1019
2026-04-28 07:54:00+00:00,5053.5,5053.5,5053.5,5051.0,5052.0,481
2026-04-28 07:55:00+00:00,5059.5,5059.5,5060.5,5052.0,5053.0,2102
2026-04-28 07:56:00+00:00,5055.5,5055.5,5061.0,5054.5,5059.5,1386
2026-04-28 07:57:00+00:00,5060.0,5060.0,5060.0,5055.0,5055.0,650
2026-04-28 07:58:00+00:00,5060.0,5060.0,5060.0,5057.0,5059.5,659
2026-04-28 07:59:00+00:00,5057.0,5057.0,5060.5,5056.0,5060.0,766
2026-04-28 08:00:00+00:00,5052.0,5052.0,5057.5,5051.5,5057.5,1552
2026-04-28 08:01:00+00:00,5052.0,5052.0,5054.0,5052.0,5052.0,649
2026-04-28 08:02:00+00:00,5055.0,5055.0,5055.0,5052.0,5052.5,733
2026-04-28 08:03:00+00:00,5051.5,5051.5,5055.0,5050.0,5053.5,1320
2026-04-28 08:04:00+00:00,5053.5,5053.5,5053.5,5050.0,5051.0,999
2026-04-28 08:05:00+00:00,5050.0,5050.0,5052.5,5049.0,5052.0,1771
2026-04-28 08:06:00+00:00,5050.5,5050.5,5052.5,5048.0,5051.5,1298
2026-04-28 08:07:00+00:00,5054.5,5054.5,5057.5,5052.0,5052.0,1070
2026-04-28 08:08:00+00:00,5052.5,5052.5,5056.0,5052.0,5056.0,724
2026-04-28 08:09:00+00:00,5052.5,5052.5,5053.5,5052.0,5053.5,569
2026-04-28 08:10:00+00:00,5055.0,5055.0,5055.5,5052.0,5053.0,551
2026-04-28 08:11:00+00:00,5058.0,5058.0,5059.5,5054.0,5055.5,630
2026-04-28 08:12:00+00:00,5058.5,5058.5,5060.0,5058.5,5059.0,1073
2026-04-28 08:13:00+00:00,5057.0,5057.0,5058.5,5057.0,5058.5,566
2026-04-28 08:14:00+00:00,5055.5,5055.5,5058.0,5055.5,5058.0,497
2026-04-28 08:15:00+00:00,5054.5,5054.5,5056.0,5054.5,5056.0,680
2026-04-28 08:16:00+00:00,5055.0,5055.0,5056.5,5054.0,5055.0,432
2026-04-28 08:17:00+00:00,5054.0,5054.0,5056.0,5053.5,5056.0,725
2026-04-28 08:18:00+00:00,5053.5,5053.5,5055.0,5053.5,5054.0,583
2026-04-28 08:19:00+00:00,5053.5,5053.5,5054.0,5053.0,5053.5,452
2026-04-28 08:20:00+00:00,5057.0,5057.0,5057.5,5053.0,5053.0,734
2026-04-28 08:21:00+00:00,5057.5,5057.5,5059.0,5056.0,5057.5,915
2026-04-28 08:22:00+00:00,5058.5,5058.5,5059.5,5057.0,5058.0,719
2026-04-28 08:23:00+00:00,5059.5,5059.5,5060.5,5057.5,5059.5,608
2026-04-28 08:24:00+00:00,5058.5,5058.5,5060.0,5058.5,5059.5,439
2026-04-28 08:25:00+00:00,5058.0,5058.0,5059.5,5058.0,5059.5,482
2026-04-28 08:26:00+00:00,5060.0,5060.0,5064.0,5060.0,5061.5,2016
2026-04-28 08:27:00+00:00,5058.0,5058.0,5062.5,5057.0,5060.0,1152
2026-04-28 08:28:00+00:00,5056.5,5056.5,5059.0,5056.5,5057.0,530
2026-04-28 08:29:00+00:00,5057.5,5057.5,5058.5,5056.5,5057.5,555
2026-04-28 08:30:00+00:00,5059.0,5059.0,5060.0,5056.5,5058.5,1755
2026-04-28 08:31:00+00:00,5058.0,5058.0,5060.0,5058.0,5059.0,426
2026-04-28 08:32:00+00:00,5057.0,5057.0,5058.5,5056.5,5058.5,615
2026-04-28 08:33:00+00:00,5056.5,5056.5,5058.5,5056.0,5058.5,494
2026-04-28 08:34:00+00:00,5058.0,5058.0,5059.0,5056.0,5056.0,643
2026-04-28 08:35:00+00:00,5052.0,5052.0,5057.5,5051.0,5057.5,1794
2026-04-28 08:36:00+00:00,5056.5,5056.5,5058.0,5052.0,5052.0,1038
2026-04-28 08:37:00+00:00,5057.0,5057.0,5058.5,5056.0,5057.5,562
2026-04-28 08:38:00+00:00,5058.0,5058.0,5059.5,5057.0,5057.0,516
2026-04-28 08:39:00+00:00,5059.5,5059.5,5060.0,5057.5,5059.0,629
2026-04-28 08:40:00+00:00,5056.5,5056.5,5059.5,5056.5,5059.5,1233
2026-04-28 08:41:00+00:00,5052.5,5052.5,5056.0,5052.5,5056.0,689
2026-04-28 08:42:00+00:00,5054.0,5054.0,5054.0,5051.5,5053.0,815
2026-04-28 08:43:00+00:00,5053.5,5053.5,5056.0,5053.0,5056.0,444
2026-04-28 08:44:00+00:00,5054.5,5054.5,5054.5,5052.5,5054.0,783
2026-04-28 08:45:00+00:00,5053.5,5053.5,5054.5,5053.5,5054.0,928
2026-04-28 08:46:00+00:00,5052.5,5052.5,5053.5,5052.5,5053.5,572
2026-04-28 08:47:00+00:00,5052.0,5052.0,5052.0,5051.0,5052.0,904
2026-04-28 08:48:00+00:00,5052.5,5052.5,5053.5,5051.5,5051.5,709
2026-04-28 08:49:00+00:00,5055.5,5055.5,5058.5,5052.5,5052.5,1155
2026-04-28 08:50:00+00:00,5056.0,5056.0,5058.0,5055.5,5056.0,621
2026-04-28 08:51:00+00:00,5059.0,5059.0,5060.0,5056.0,5056.0,768
2026-04-28 08:52:00+00:00,5058.0,5058.0,5058.5,5057.5,5058.5,662
2026-04-28 08:53:00+00:00,5058.5,5058.5,5059.5,5057.5,5058.5,540
2026-04-28 08:54:00+00:00,5056.5,5056.5,5060.0,5056.5,5060.0,2763
2026-04-28 08:55:00+00:00,5053.0,5053.0,5057.0,5053.0,5056.5,1096
2026-04-28 08:56:00+00:00,5047.0,5047.0,5051.0,5047.0,5051.0,2774
2026-04-28 08:57:00+00:00,5047.0,5047.0,5048.0,5047.0,5048.0,483
2026-04-28 08:58:00+00:00,5047.5,5047.5,5049.0,5047.0,5047.0,784
2026-04-28 08:59:00+00:00,5050.0,5050.0,5050.0,5047.0,5047.5,815
2026-04-28 09:00:00+00:00,5054.5,5054.5,5054.5,5048.0,5048.0,16187
2026-04-28 09:01:00+00:00,5063.5,5063.5,5063.5,5054.0,5054.0,2241
2026-04-28 09:02:00+00:00,5061.5,5061.5,5064.0,5060.5,5062.5,1021
2026-04-28 09:03:00+00:00,5061.5,5061.5,5062.5,5060.5,5060.5,372
2026-04-28 09:04:00+00:00,5060.5,5060.5,5064.0,5060.5,5062.0,1453
2026-04-28 09:05:00+00:00,5061.0,5061.0,5063.0,5060.5,5062.5,589
2026-04-28 09:06:00+00:00,5063.0,5063.0,5064.0,5061.0,5062.0,3615
2026-04-28 09:07:00+00:00,5061.5,5061.5,5064.0,5061.5,5064.0,9378
2026-04-28 09:08:00+00:00,5061.5,5061.5,5063.0,5061.5,5061.5,650
2026-04-28 09:09:00+00:00,5062.0,5062.0,5063.0,5061.5,5061.5,1939
2026-04-28 09:10:00+00:00,5061.0,5061.0,5062.5,5061.0,5061.5,3233
2026-04-28 09:11:00+00:00,5059.0,5059.0,5061.5,5052.0,5060.0,7550
2026-04-28 09:12:00+00:00,5056.5,5056.5,5061.0,5056.0,5059.0,6121
2026-04-28 09:13:00+00:00,5053.5,5053.5,5058.0,5053.0,5058.0,1664
2026-04-28 09:14:00+00:00,5061.5,5061.5,5061.5,5051.5,5054.0,2061
2026-04-28 09:15:00+00:00,5056.0,5056.0,5061.5,5055.0,5061.5,1754
2026-04-28 09:16:00+00:00,5058.0,5058.0,5060.5,5055.5,5056.0,1794
2026-04-28 09:17:00+00:00,5061.0,5061.0,5061.0,5058.5,5058.5,751
2026-04-28 09:18:00+00:00,5062.0,5062.0,5062.5,5061.0,5061.5,1401
2026-04-28 09:19:00+00:00,5063.0,5063.0,5063.0,5061.0,5062.0,1276
2026-04-28 09:20:00+00:00,5070.0,5070.0,5070.0,5062.0,5062.0,7693
2026-04-28 09:21:00+00:00,5073.0,5073.0,5078.5,5071.5,5071.5,3746
2026-04-28 09:22:00+00:00,5070.5,5070.5,5074.0,5069.5,5073.5,1445
2026-04-28 09:23:00+00:00,5071.0,5071.0,5072.5,5070.0,5070.5,942
2026-04-28 09:24:00+00:00,5068.0,5068.0,5072.0,5066.5,5071.5,5994
2026-04-28 09:25:00+00:00,5064.0,5064.0,5069.0,5062.0,5068.0,8102
2026-04-28 09:26:00+00:00,5064.0,5064.0,5064.0,5063.5,5064.0,11012
2026-04-28 09:27:00+00:00,5064.0,5064.0,5064.0,5062.5,5063.5,3141
2026-04-28 09:28:00+00:00,5076.5,5076.5,5076.5,5063.5,5064.0,17512
2026-04-28 09:29:00+00:00,5077.5,5077.5,5081.5,5075.5,5077.0,3064
2026-04-28 09:30:00+00:00,5078.5,5078.5,5081.0,5073.5,5078.5,3694
2026-04-28 09:31:00+00:00,5070.0,5070.0,5074.5,5068.5,5074.5,4133
2026-04-28 09:32:00+00:00,5066.5,5066.5,5070.5,5066.5,5069.0,2247
2026-04-28 09:33:00+00:00,5064.5,5064.5,5067.5,5064.5,5067.5,1926
2026-04-28 09:34:00+00:00,5063.5,5063.5,5068.0,5063.5,5065.0,3380
2026-04-28 09:35:00+00:00,5064.0,5064.0,5064.0,5060.0,5062.0,4039
2026-04-28 09:36:00+00:00,5065.0,5065.0,5065.0,5062.5,5063.5,1498
2026-04-28 09:37:00+00:00,5069.0,5069.0,5069.0,5066.0,5066.0,2394
2026-04-28 09:38:00+00:00,5066.0,5066.0,5069.0,5065.0,5069.0,2203
2026-04-28 09:39:00+00:00,5067.5,5067.5,5067.5,5066.0,5066.5,2225
2026-04-28 09:40:00+00:00,5072.0,5072.0,5072.0,5068.0,5069.0,2656
2026-04-28 09:41:00+00:00,5071.0,5071.0,5071.5,5069.0,5071.0,2583
2026-04-28 09:42:00+00:00,5067.5,5067.5,5068.5,5067.5,5068.0,2985
2026-04-28 09:43:00+00:00,5064.0,5064.0,5067.0,5063.5,5067.0,1998
2026-04-28 09:44:00+00:00,5057.5,5057.5,5063.0,5056.5,5063.0,5331
2026-04-28 09:45:00+00:00,5057.0,5057.0,5059.5,5054.0,5056.5,4343
2026-04-28 09:46:00+00:00,5063.5,5063.5,5063.5,5058.5,5060.0,3153
2026-04-28 09:47:00+00:00,5067.5,5067.5,5069.5,5063.0,5063.5,2254
2026-04-28 09:48:00+00:00,5066.0,5066.0,5067.5,5064.5,5067.5,2360
2026-04-28 09:49:00+00:00,5068.0,5068.0,5068.0,5066.0,5066.0,3348
2026-04-28 09:50:00+00:00,5068.5,5068.5,5068.5,5067.0,5067.0,2131
2026-04-28 09:51:00+00:00,5067.5,5067.5,5069.5,5067.5,5068.5,5185
2026-04-28 09:52:00+00:00,5067.0,5067.0,5068.0,5066.0,5066.0,2518
2026-04-28 09:53:00+00:00,5067.5,5067.5,5067.5,5066.5,5066.5,2652
2026-04-28 09:54:00+00:00,5067.0,5067.0,5068.0,5065.0,5065.0,3374
2026-04-28 09:55:00+00:00,5078.0,5078.0,5078.0,5069.0,5069.0,4099
2026-04-28 09:56:00+00:00,5081.0,5081.0,5081.0,5077.5,5078.0,2743
2026-04-28 09:57:00+00:00,5081.5,5081.5,5082.0,5076.0,5078.0,3153
2026-04-28 09:58:00+00:00,5075.0,5075.0,5084.0,5075.0,5080.5,2763
2026-04-28 09:59:00+00:00,5073.5,5073.5,5084.0,5073.5,5077.5,1256
2026-04-29 03:45:00+00:00,5112.0,5112.0,5122.5,5091.5,5091.5,0
2026-04-29 03:46:00+00:00,5143.0,5143.0,5143.0,5113.0,5113.0,4222
2026-04-29 03:47:00+00:00,5159.0,5159.0,5163.0,5152.0,5152.0,12137
2026-04-29 03:48:00+00:00,5161.5,5161.5,5169.5,5157.0,5158.5,4722
2026-04-29 03:49:00+00:00,5155.0,5155.0,5165.0,5154.0,5165.0,2823
2026-04-29 03:50:00+00:00,5170.0,5170.0,5170.0,5160.5,5160.5,6872
2026-04-29 03:51:00+00:00,5169.5,5169.5,5171.0,5162.5,5169.5,5656
2026-04-29 03:52:00+00:00,5161.5,5161.5,5170.0,5161.5,5167.5,2651
2026-04-29 03:53:00+00:00,5153.0,5153.0,5160.0,5152.0,5160.0,1937
2026-04-29 03:54:00+00:00,5161.5,5161.5,5162.0,5148.5,5152.5,2362
2026-04-29 03:55:00+00:00,5163.0,5163.0,5165.0,5160.0,5160.5,1938
2026-04-29 03:56:00+00:00,5179.0,5179.0,5179.0,5160.0,5160.0,7186
2026-04-29 03:57:00+00:00,5177.5,5177.5,5185.0,5177.5,5179.0,6294
2026-04-29 03:58:00+00:00,5173.5,5173.5,5179.5,5172.0,5179.5,2007
2026-04-29 03:59:00+00:00,5180.0,5180.0,5180.0,5172.5,5172.5,1703
2026-04-29 04:00:00+00:00,5183.5,5183.5,5186.5,5182.5,5182.5,3146
2026-04-29 04:01:00+00:00,5187.0,5187.0,5190.0,5185.0,5185.0,3201
2026-04-29 04:02:00+00:00,5182.0,5182.0,5188.0,5180.0,5188.0,2306
2026-04-29 04:03:00+00:00,5168.0,5168.0,5180.0,5168.0,5180.0,1635
2026-04-29 04:04:00+00:00,5166.5,5166.5,5168.0,5165.0,5168.0,1351
2026-04-29 04:05:00+00:00,5160.5,5160.5,5167.0,5160.5,5166.5,2595
2026-04-29 04:06:00+00:00,5168.0,5168.0,5168.0,5161.0,5161.0,631
2026-04-29 04:07:00+00:00,5168.5,5168.5,5168.5,5165.5,5167.0,1221
2026-04-29 04:08:00+00:00,5161.5,5161.5,5167.0,5160.5,5167.0,1761
2026-04-29 04:09:00+00:00,5163.0,5163.0,5163.0,5155.5,5163.0,2707
2026-04-29 04:10:00+00:00,5165.5,5165.5,5170.0,5164.5,5164.5,1721
2026-04-29 04:11:00+00:00,5163.0,5163.0,5165.5,5163.0,5165.5,817
2026-04-29 04:12:00+00:00,5164.0,5164.0,5165.0,5163.0,5163.0,377
2026-04-29 04:13:00+00:00,5169.0,5169.0,5169.5,5165.0,5166.0,1066
2026-04-29 04:14:00+00:00,5179.0,5179.0,5179.0,5166.0,5166.0,3333
2026-04-29 04:15:00+00:00,5183.0,5183.0,5184.0,5180.5,5184.0,1529
2026-04-29 04:16:00+00:00,5181.5,5181.5,5181.5,5177.5,5181.5,1125
2026-04-29 04:17:00+00:00,5182.5,5182.5,5187.0,5180.0,5180.0,1999
2026-04-29 04:18:00+00:00,5179.0,5179.0,5182.5,5179.0,5182.5,2289
2026-04-29 04:19:00+00:00,5181.5,5181.5,5182.5,5178.5,5178.5,697
2026-04-29 04:20:00+00:00,5206.0,5206.0,5206.5,5180.0,5182.0,13383
2026-04-29 04:21:00+00:00,5202.0,5202.0,5208.0,5200.5,5206.0,4182
2026-04-29 04:22:00+00:00,5200.5,5200.5,5208.5,5199.5,5202.0,2473
2026-04-29 04:23:00+00:00,5194.0,5194.0,5200.0,5193.5,5200.0,1478
2026-04-29 04:24:00+00:00,5200.0,5200.0,5203.5,5193.5,5193.5,1860
2026-04-29 04:25:00+00:00,5198.0,5198.0,5202.0,5194.0,5202.0,1435
2026-04-29 04:26:00+00:00,5190.5,5190.5,5198.5,5190.5,5197.0,1473
2026-04-29 04:27:00+00:00,5181.5,5181.5,5192.5,5181.5,5192.5,2283
2026-04-29 04:28:00+00:00,5187.0,5187.0,5188.5,5183.0,5183.0,497
2026-04-29 04:29:00+00:00,5184.5,5184.5,5187.0,5184.5,5186.0,386
2026-04-29 04:30:00+00:00,5190.0,5190.0,5191.0,5187.0,5187.0,805
2026-04-29 04:31:00+00:00,5187.0,5187.0,5194.0,5187.0,5190.0,1361
2026-04-29 04:32:00+00:00,5175.5,5175.5,5187.0,5175.5,5187.0,1537
2026-04-29 04:33:00+00:00,5176.5,5176.5,5178.0,5172.5,5172.5,1661
2026-04-29 04:34:00+00:00,5176.5,5176.5,5176.5,5173.0,5176.5,699
2026-04-29 04:35:00+00:00,5174.0,5174.0,5175.5,5171.5,5175.5,1195
2026-04-29 04:36:00+00:00,5171.5,5171.5,5174.0,5171.0,5173.0,1890
2026-04-29 04:37:00+00:00,5169.5,5169.5,5174.0,5169.5,5174.0,809
2026-04-29 04:38:00+00:00,5167.5,5167.5,5171.5,5164.5,5171.5,1501
2026-04-29 04:39:00+00:00,5167.0,5167.0,5171.0,5166.5,5167.0,804
2026-04-29 04:40:00+00:00,5167.0,5167.0,5168.0,5165.5,5168.0,270
2026-04-29 04:41:00+00:00,5167.5,5167.5,5173.5,5167.5,5170.0,855
2026-04-29 04:42:00+00:00,5169.0,5169.0,5173.0,5167.5,5167.5,373
2026-04-29 04:43:00+00:00,5167.5,5167.5,5170.0,5167.5,5169.0,318
2026-04-29 04:44:00+00:00,5170.5,5170.5,5173.0,5167.5,5167.5,2144
2026-04-29 04:45:00+00:00,5173.0,5173.0,5173.5,5170.5,5170.5,139
2026-04-29 04:46:00+00:00,5173.5,5173.5,5177.0,5171.5,5173.0,757
2026-04-29 04:47:00+00:00,5173.5,5173.5,5175.5,5171.5,5174.0,267
2026-04-29 04:48:00+00:00,5171.0,5171.0,5174.5,5171.0,5174.5,633
2026-04-29 04:49:00+00:00,5170.5,5170.5,5171.0,5170.0,5171.0,237
2026-04-29 04:50:00+00:00,5175.0,5175.0,5175.0,5172.5,5172.5,399
2026-04-29 04:51:00+00:00,5175.0,5175.0,5175.0,5174.5,5175.0,23
2026-04-29 04:52:00+00:00,5177.0,5177.0,5177.5,5174.5,5175.0,988
2026-04-29 04:53:00+00:00,5177.5,5177.5,5177.5,5175.0,5175.0,61
2026-04-29 04:54:00+00:00,5188.5,5188.5,5188.5,5175.0,5176.5,2162
2026-04-29 04:55:00+00:00,5180.0,5180.0,5189.0,5180.0,5189.0,484
2026-04-29 04:56:00+00:00,5189.0,5189.0,5189.0,5180.0,5181.0,898
2026-04-29 04:57:00+00:00,5185.0,5185.0,5188.0,5184.5,5186.5,1231
2026-04-29 04:58:00+00:00,5180.5,5180.5,5185.0,5180.0,5185.0,528
2026-04-29 04:59:00+00:00,5175.0,5175.0,5180.0,5175.0,5180.0,557
2026-04-29 05:00:00+00:00,5176.0,5176.0,5176.5,5175.0,5176.5,271
2026-04-29 05:01:00+00:00,5172.5,5172.5,5175.0,5171.5,5175.0,260
2026-04-29 05:02:00+00:00,5175.0,5175.0,5175.0,5171.0,5172.5,508
2026-04-29 05:03:00+00:00,5173.5,5173.5,5176.5,5173.0,5176.0,187
2026-04-29 05:04:00+00:00,5170.0,5170.0,5174.5,5167.5,5172.0,2212
2026-04-29 05:05:00+00:00,5167.5,5167.5,5170.0,5167.5,5167.5,295
2026-04-29 05:06:00+00:00,5172.0,5172.0,5172.0,5167.5,5168.5,283
2026-04-29 05:07:00+00:00,5167.5,5167.5,5170.0,5167.5,5170.0,201
2026-04-29 05:08:00+00:00,5161.0,5161.0,5169.5,5161.0,5167.5,1142
2026-04-29 05:09:00+00:00,5163.5,5163.5,5165.0,5158.0,5158.0,2792
2026-04-29 05:10:00+00:00,5156.0,5156.0,5162.0,5156.0,5160.0,551
2026-04-29 05:11:00+00:00,5154.0,5154.0,5156.0,5149.5,5156.0,3034
2026-04-29 05:12:00+00:00,5143.0,5143.0,5153.5,5142.0,5153.0,2268
2026-04-29 05:13:00+00:00,5144.0,5144.0,5147.0,5143.0,5143.0,749
2026-04-29 05:14:00+00:00,5145.5,5145.5,5146.0,5144.0,5144.0,482
2026-04-29 05:15:00+00:00,5139.5,5139.5,5147.0,5139.5,5146.5,1337
2026-04-29 05:16:00+00:00,5143.0,5143.0,5145.5,5141.5,5141.5,465
2026-04-29 05:17:00+00:00,5142.5,5142.5,5143.5,5140.0,5143.0,1244
2026-04-29 05:18:00+00:00,5147.0,5147.0,5147.0,5140.0,5140.0,463
2026-04-29 05:19:00+00:00,5148.5,5148.5,5148.5,5145.5,5148.5,552
2026-04-29 05:20:00+00:00,5152.5,5152.5,5153.5,5150.0,5150.0,1979
2026-04-29 05:21:00+00:00,5155.0,5155.0,5155.0,5152.5,5152.5,352
2026-04-29 05:22:00+00:00,5157.0,5157.0,5158.0,5154.0,5156.5,945
2026-04-29 05:23:00+00:00,5158.0,5158.0,5158.0,5154.0,5154.0,166
2026-04-29 05:24:00+00:00,5159.0,5159.0,5159.0,5158.0,5158.0,257
2026-04-29 05:25:00+00:00,5161.5,5161.5,5163.0,5160.0,5160.0,772
2026-04-29 05:26:00+00:00,5158.0,5158.0,5160.5,5158.0,5159.0,136
2026-04-29 05:27:00+00:00,5157.5,5157.5,5159.5,5155.5,5159.5,1059
2026-04-29 05:28:00+00:00,5160.0,5160.0,5160.0,5156.5,5156.5,725
2026-04-29 05:29:00+00:00,5161.0,5161.0,5161.0,5160.5,5161.0,0
2026-04-29 05:30:00+00:00,5162.0,5162.0,5162.0,5160.5,5161.0,576
2026-04-29 05:31:00+00:00,5162.0,5162.0,5162.5,5158.5,5162.0,553
2026-04-29 05:32:00+00:00,5163.0,5163.0,5163.0,5161.0,5161.0,98
2026-04-29 05:33:00+00:00,5163.0,5163.0,5163.0,5162.5,5162.5,148
2026-04-29 05:34:00+00:00,5160.5,5160.5,5163.0,5160.5,5162.5,167
2026-04-29 05:35:00+00:00,5160.5,5160.5,5160.5,5158.5,5159.0,105
2026-04-29 05:36:00+00:00,5160.5,5160.5,5161.0,5159.5,5160.5,81
2026-04-29 05:37:00+00:00,5161.5,5161.5,5162.0,5161.0,5161.5,100
2026-04-29 05:38:00+00:00,5161.0,5161.0,5162.0,5159.0,5159.5,76
2026-04-29 05:39:00+00:00,5160.5,5160.5,5162.0,5160.5,5162.0,630
2026-04-29 05:40:00+00:00,5160.5,5160.5,5162.5,5160.5,5161.0,253
2026-04-29 05:41:00+00:00,5158.0,5158.0,5160.5,5156.5,5160.5,390
2026-04-29 05:42:00+00:00,5159.0,5159.0,5159.0,5157.0,5157.0,119
2026-04-29 05:43:00+00:00,5160.0,5160.0,5160.0,5159.0,5159.0,49
2026-04-29 05:44:00+00:00,5161.0,5161.0,5161.5,5160.0,5160.0,126
2026-04-29 05:45:00+00:00,5161.5,5161.5,5162.5,5161.5,5162.0,16
2026-04-29 05:46:00+00:00,5159.0,5159.0,5162.0,5159.0,5162.0,535
2026-04-29 05:47:00+00:00,5158.0,5158.0,5158.0,5157.0,5158.0,66
2026-04-29 05:48:00+00:00,5158.0,5158.0,5158.0,5156.5,5157.0,108
2026-04-29 05:49:00+00:00,5155.5,5155.5,5158.5,5155.5,5157.5,157
2026-04-29 05:50:00+00:00,5155.0,5155.0,5155.5,5153.0,5155.0,454
2026-04-29 05:51:00+00:00,5158.5,5158.5,5158.5,5155.5,5155.5,267
2026-04-29 05:52:00+00:00,5152.0,5152.0,5159.0,5152.0,5155.5,1293
2026-04-29 05:53:00+00:00,5147.0,5147.0,5151.5,5147.0,5151.5,666
2026-04-29 05:54:00+00:00,5144.5,5144.5,5145.5,5143.0,5143.5,962
2026-04-29 05:55:00+00:00,5148.0,5148.0,5148.5,5145.5,5145.5,472
2026-04-29 05:56:00+00:00,5151.5,5151.5,5153.0,5148.5,5148.5,4738
2026-04-29 05:57:00+00:00,5146.5,5146.5,5150.0,5146.5,5149.0,208
2026-04-29 05:58:00+00:00,5146.5,5146.5,5147.0,5145.0,5147.0,342
2026-04-29 05:59:00+00:00,5146.5,5146.5,5146.5,5143.5,5146.5,306
2026-04-29 06:00:00+00:00,5149.0,5149.0,5149.0,5145.0,5145.0,414
2026-04-29 06:01:00+00:00,5151.5,5151.5,5152.0,5149.0,5151.0,243
2026-04-29 06:02:00+00:00,5150.5,5150.5,5152.0,5150.5,5151.0,315
2026-04-29 06:03:00+00:00,5151.0,5151.0,5151.5,5150.0,5150.5,2038
2026-04-29 06:04:00+00:00,5152.0,5152.0,5153.0,5151.5,5152.5,3816
2026-04-29 06:05:00+00:00,5158.0,5158.0,5159.0,5150.0,5152.0,4957
2026-04-29 06:06:00+00:00,5160.0,5160.0,5160.0,5155.0,5155.0,2360
2026-04-29 06:07:00+00:00,5157.5,5157.5,5160.0,5157.5,5160.0,100
2026-04-29 06:08:00+00:00,5156.5,5156.5,5159.0,5156.5,5159.0,240
2026-04-29 06:09:00+00:00,5155.5,5155.5,5156.5,5155.5,5156.5,93
2026-04-29 06:10:00+00:00,5158.0,5158.0,5158.0,5156.5,5156.5,179
2026-04-29 06:11:00+00:00,5158.0,5158.0,5158.5,5157.5,5158.0,187
2026-04-29 06:12:00+00:00,5160.0,5160.0,5160.0,5157.5,5160.0,346
2026-04-29 06:13:00+00:00,5162.0,5162.0,5162.0,5158.5,5158.5,317
2026-04-29 06:14:00+00:00,5153.0,5153.0,5162.0,5153.0,5161.0,15791
2026-04-29 06:15:00+00:00,5152.0,5152.0,5152.0,5151.0,5151.5,173
2026-04-29 06:16:00+00:00,5151.5,5151.5,5152.0,5150.0,5152.0,174
2026-04-29 06:17:00+00:00,5151.0,5151.0,5151.5,5151.0,5151.5,165
2026-04-29 06:18:00+00:00,5153.5,5153.5,5153.5,5150.5,5153.0,327
2026-04-29 06:19:00+00:00,5153.0,5153.0,5153.0,5152.0,5152.5,161
2026-04-29 06:20:00+00:00,5152.5,5152.5,5152.5,5152.0,5152.5,71
2026-04-29 06:21:00+00:00,5152.0,5152.0,5153.0,5152.0,5152.5,131
2026-04-29 06:22:00+00:00,5151.5,5151.5,5152.0,5151.0,5152.0,67
2026-04-29 06:23:00+00:00,5151.5,5151.5,5152.0,5151.5,5152.0,194
2026-04-29 06:24:00+00:00,5158.5,5158.5,5158.5,5152.0,5152.0,828
2026-04-29 06:25:00+00:00,5165.0,5165.0,5165.0,5159.0,5159.5,1040
2026-04-29 06:26:00+00:00,5163.0,5163.0,5167.0,5163.0,5165.0,806
2026-04-29 06:27:00+00:00,5165.0,5165.0,5166.5,5163.5,5166.0,58
2026-04-29 06:28:00+00:00,5164.0,5164.0,5165.0,5164.0,5164.0,79
2026-04-29 06:29:00+00:00,5164.5,5164.5,5165.0,5164.5,5165.0,92
2026-04-29 06:30:00+00:00,5166.0,5166.0,5166.0,5165.0,5165.0,195
2026-04-29 06:31:00+00:00,5169.0,5169.0,5169.0,5166.5,5166.5,274
2026-04-29 06:32:00+00:00,5166.5,5166.5,5169.0,5165.5,5169.0,398
2026-04-29 06:33:00+00:00,5165.5,5165.5,5165.5,5165.5,5165.5,96
2026-04-29 06:34:00+00:00,5170.0,5170.0,5170.0,5166.5,5166.5,753
2026-04-29 06:35:00+00:00,5170.5,5170.5,5170.5,5168.5,5168.5,309
2026-04-29 06:36:00+00:00,5164.5,5164.5,5170.5,5164.5,5170.5,909
2026-04-29 06:37:00+00:00,5168.0,5168.0,5169.5,5166.0,5166.0,310
2026-04-29 06:38:00+00:00,5171.0,5171.0,5171.0,5167.5,5167.5,238
2026-04-29 06:39:00+00:00,5176.0,5176.0,5176.0,5172.5,5175.5,606
2026-04-29 06:40:00+00:00,5177.5,5177.5,5177.5,5174.0,5176.0,691
2026-04-29 06:41:00+00:00,5178.0,5178.0,5178.0,5176.0,5176.0,238
2026-04-29 06:42:00+00:00,5177.0,5177.0,5179.0,5177.0,5179.0,255
2026-04-29 06:43:00+00:00,5176.5,5176.5,5178.0,5176.5,5177.5,452
2026-04-29 06:44:00+00:00,5177.0,5177.0,5177.0,5176.5,5177.0,66
2026-04-29 06:45:00+00:00,5178.5,5178.5,5178.5,5176.5,5176.5,623
2026-04-29 06:46:00+00:00,5182.0,5182.0,5182.0,5178.5,5178.5,2270
2026-04-29 06:47:00+00:00,5187.0,5187.0,5188.0,5184.0,5184.0,1412
2026-04-29 06:48:00+00:00,5185.5,5185.5,5187.0,5185.5,5186.0,295
2026-04-29 06:49:00+00:00,5183.0,5183.0,5187.0,5183.0,5187.0,667
2026-04-29 06:50:00+00:00,5182.5,5182.5,5185.0,5180.0,5184.5,908
2026-04-29 06:51:00+00:00,5179.5,5179.5,5186.5,5179.0,5185.5,10799
2026-04-29 06:52:00+00:00,5181.5,5181.5,5181.5,5178.5,5178.5,263
2026-04-29 06:53:00+00:00,5185.0,5185.0,5185.0,5181.5,5181.5,504
2026-04-29 06:54:00+00:00,5185.0,5185.0,5185.0,5182.0,5184.0,545
2026-04-29 06:55:00+00:00,5183.0,5183.0,5185.0,5182.5,5183.0,358
2026-04-29 06:56:00+00:00,5180.5,5180.5,5185.5,5180.5,5183.5,605
2026-04-29 06:57:00+00:00,5178.5,5178.5,5178.5,5175.0,5178.5,837
2026-04-29 06:58:00+00:00,5175.0,5175.0,5178.0,5175.0,5178.0,129
2026-04-29 06:59:00+00:00,5174.0,5174.0,5175.0,5173.5,5173.5,124
2026-04-29 07:00:00+00:00,5171.5,5171.5,5174.0,5171.5,5174.0,299
2026-04-29 07:01:00+00:00,5175.5,5175.5,5176.0,5174.0,5174.0,246
2026-04-29 07:02:00+00:00,5176.0,5176.0,5177.0,5175.5,5177.0,106
2026-04-29 07:03:00+00:00,5175.0,5175.0,5176.0,5175.0,5176.0,53
2026-04-29 07:04:00+00:00,5176.5,5176.5,5177.0,5175.5,5176.5,115
2026-04-29 07:05:00+00:00,5178.0,5178.0,5180.0,5175.5,5175.5,425
2026-04-29 07:06:00+00:00,5176.5,5176.5,5180.0,5176.5,5177.5,338
2026-04-29 07:07:00+00:00,5177.0,5177.0,5177.5,5176.5,5176.5,102
2026-04-29 07:08:00+00:00,5178.5,5178.5,5178.5,5177.0,5177.0,77
2026-04-29 07:09:00+00:00,5178.0,5178.0,5178.0,5177.0,5177.0,84
2026-04-29 07:10:00+00:00,5179.5,5179.5,5179.5,5177.5,5177.5,203
2026-04-29 07:11:00+00:00,5178.0,5178.0,5180.0,5178.0,5180.0,494
2026-04-29 07:12:00+00:00,5179.5,5179.5,5179.5,5178.0,5178.5,32
2026-04-29 07:13:00+00:00,5180.0,5180.0,5180.0,5179.0,5179.0,170
2026-04-29 07:14:00+00:00,5179.0,5179.0,5180.0,5179.0,5180.0,474
2026-04-29 07:15:00+00:00,5181.5,5181.5,5182.0,5180.5,5180.5,534
2026-04-29 07:16:00+00:00,5185.0,5185.0,5185.0,5180.0,5180.0,866
2026-04-29 07:17:00+00:00,5183.5,5183.5,5185.0,5183.5,5183.5,775
2026-04-29 07:18:00+00:00,5183.0,5183.0,5183.5,5182.5,5183.5,61
2026-04-29 07:19:00+00:00,5172.0,5172.0,5181.0,5172.0,5180.0,3004
2026-04-29 07:20:00+00:00,5171.5,5171.5,5173.0,5171.0,5171.5,170
2026-04-29 07:21:00+00:00,5170.0,5170.0,5173.0,5170.0,5173.0,276
2026-04-29 07:22:00+00:00,5171.5,5171.5,5172.0,5170.5,5171.5,455
2026-04-29 07:23:00+00:00,5170.5,5170.5,5173.0,5170.5,5171.0,227
2026-04-29 07:24:00+00:00,5169.5,5169.5,5171.0,5169.5,5170.5,235
2026-04-29 07:25:00+00:00,5169.5,5169.5,5172.0,5169.5,5169.5,654
2026-04-29 07:26:00+00:00,5170.5,5170.5,5172.0,5169.5,5171.0,433
2026-04-29 07:27:00+00:00,5170.5,5170.5,5172.0,5170.5,5172.0,119
2026-04-29 07:28:00+00:00,5171.0,5171.0,5171.0,5170.5,5170.5,243
2026-04-29 07:29:00+00:00,5166.0,5166.0,5171.0,5166.0,5171.0,1288
2026-04-29 07:30:00+00:00,5166.0,5166.0,5166.5,5166.0,5166.5,232
2026-04-29 07:31:00+00:00,5160.5,5160.5,5166.0,5160.5,5166.0,2772
2026-04-29 07:32:00+00:00,5160.0,5160.0,5162.0,5160.0,5161.0,619
2026-04-29 07:33:00+00:00,5156.0,5156.0,5160.0,5156.0,5160.0,456
2026-04-29 07:34:00+00:00,5157.0,5157.0,5158.5,5156.0,5156.0,180
2026-04-29 07:35:00+00:00,5156.5,5156.5,5158.5,5156.5,5158.5,124
2026-04-29 07:36:00+00:00,5157.0,5157.0,5159.5,5157.0,5159.0,234
2026-04-29 07:37:00+00:00,5157.0,5157.0,5157.5,5157.0,5157.0,91
2026-04-29 07:38:00+00:00,5158.5,5158.5,5158.5,5157.0,5157.5,484
2026-04-29 07:39:00+00:00,5157.0,5157.0,5159.0,5157.0,5159.0,404
2026-04-29 07:40:00+00:00,5157.5,5157.5,5157.5,5157.0,5157.0,140
2026-04-29 07:41:00+00:00,5160.0,5160.0,5162.5,5158.0,5158.0,952
2026-04-29 07:42:00+00:00,5154.0,5154.0,5156.5,5154.0,5156.5,2562
2026-04-29 07:43:00+00:00,5154.5,5154.5,5154.5,5154.0,5154.0,131
2026-04-29 07:44:00+00:00,5152.0,5152.0,5155.0,5152.0,5154.5,1016
2026-04-29 07:45:00+00:00,5149.5,5149.5,5154.0,5149.5,5152.0,2851
2026-04-29 07:46:00+00:00,5151.0,5151.0,5151.0,5148.5,5148.5,70
2026-04-29 07:47:00+00:00,5152.0,5152.0,5152.0,5150.5,5150.5,65
2026-04-29 07:48:00+00:00,5152.5,5152.5,5152.5,5150.5,5152.5,722
2026-04-29 07:49:00+00:00,5150.0,5150.0,5152.0,5150.0,5152.0,312
2026-04-29 07:50:00+00:00,5151.5,5151.5,5152.5,5150.5,5151.5,275
2026-04-29 07:51:00+00:00,5149.5,5149.5,5152.0,5148.5,5151.0,1109
2026-04-29 07:52:00+00:00,5149.0,5149.0,5149.5,5147.0,5148.0,1052
2026-04-29 07:53:00+00:00,5149.5,5149.5,5149.5,5149.0,5149.0,105
2026-04-29 07:54:00+00:00,5150.0,5150.0,5150.0,5149.0,5149.0,131
2026-04-29 07:55:00+00:00,5150.0,5150.0,5150.0,5149.0,5150.0,141
2026-04-29 07:56:00+00:00,5151.0,5151.0,5151.0,5148.0,5149.5,458
2026-04-29 07:57:00+00:00,5150.0,5150.0,5151.0,5150.0,5150.5,621
2026-04-29 07:58:00+00:00,5148.0,5148.0,5150.0,5148.0,5150.0,123
2026-04-29 07:59:00+00:00,5146.0,5146.0,5148.5,5146.0,5148.0,238
2026-04-29 08:00:00+00:00,5150.0,5150.0,5150.0,5146.0,5146.0,701
2026-04-29 08:01:00+00:00,5150.5,5150.5,5150.5,5150.0,5150.5,316
2026-04-29 08:02:00+00:00,5149.0,5149.0,5150.5,5148.0,5150.5,408
2026-04-29 08:03:00+00:00,5149.5,5149.5,5149.5,5148.5,5149.5,99
2026-04-29 08:04:00+00:00,5148.5,5148.5,5149.5,5148.0,5149.5,126
2026-04-29 08:05:00+00:00,5148.5,5148.5,5149.0,5148.0,5148.5,153
2026-04-29 08:06:00+00:00,5146.5,5146.5,5148.0,5145.0,5148.0,420
2026-04-29 08:07:00+00:00,5145.0,5145.0,5145.0,5140.5,5144.5,1195
2026-04-29 08:08:00+00:00,5144.0,5144.0,5146.5,5144.0,5145.5,313
2026-04-29 08:09:00+00:00,5143.5,5143.5,5145.0,5141.5,5145.0,441
2026-04-29 08:10:00+00:00,5135.0,5135.0,5144.0,5134.0,5144.0,1744
2026-04-29 08:11:00+00:00,5135.0,5135.0,5135.0,5131.5,5134.0,1072
2026-04-29 08:12:00+00:00,5135.0,5135.0,5137.0,5132.0,5136.0,802
2026-04-29 08:13:00+00:00,5141.0,5141.0,5141.0,5136.5,5136.5,432
2026-04-29 08:14:00+00:00,5140.5,5140.5,5141.0,5138.5,5140.5,403
2026-04-29 08:15:00+00:00,5138.5,5138.5,5140.5,5136.5,5140.5,247
2026-04-29 08:16:00+00:00,5138.0,5138.0,5138.0,5135.0,5137.5,831
2026-04-29 08:17:00+00:00,5139.5,5139.5,5141.5,5137.5,5139.5,154
2026-04-29 08:18:00+00:00,5141.0,5141.0,5141.0,5139.0,5139.0,583
2026-04-29 08:19:00+00:00,5144.5,5144.5,5144.5,5141.0,5141.0,639
2026-04-29 08:20:00+00:00,5147.0,5147.0,5147.0,5143.0,5144.5,233
2026-04-29 08:21:00+00:00,5149.0,5149.0,5149.0,5146.5,5147.0,134
2026-04-29 08:22:00+00:00,5149.0,5149.0,5149.0,5148.0,5148.0,319
2026-04-29 08:23:00+00:00,5151.5,5151.5,5152.0,5150.0,5150.0,535
2026-04-29 08:24:00+00:00,5147.0,5147.0,5149.5,5146.5,5149.0,1136
2026-04-29 08:25:00+00:00,5150.0,5150.0,5150.0,5147.0,5147.0,318
2026-04-29 08:26:00+00:00,5149.0,5149.0,5150.5,5148.5,5150.5,421
2026-04-29 08:27:00+00:00,5145.5,5145.5,5149.0,5145.5,5149.0,377
2026-04-29 08:28:00+00:00,5142.0,5142.0,5145.5,5142.0,5145.5,379
2026-04-29 08:29:00+00:00,5140.5,5140.5,5142.5,5139.5,5142.5,201
2026-04-29 08:30:00+00:00,5134.0,5134.0,5138.5,5134.0,5138.5,762
2026-04-29 08:31:00+00:00,5130.0,5130.0,5134.0,5130.0,5134.0,3108
2026-04-29 08:32:00+00:00,5128.5,5128.5,5132.0,5128.0,5132.0,878
2026-04-29 08:33:00+00:00,5114.0,5114.0,5129.0,5114.0,5128.0,2067
2026-04-29 08:34:00+00:00,5110.5,5110.5,5115.5,5108.0,5115.5,1795
2026-04-29 08:35:00+00:00,5109.5,5109.5,5111.0,5108.0,5110.5,1230
2026-04-29 08:36:00+00:00,5112.5,5112.5,5112.5,5108.0,5109.5,589
2026-04-29 08:37:00+00:00,5115.0,5115.0,5115.0,5111.5,5111.5,847
2026-04-29 08:38:00+00:00,5113.0,5113.0,5115.0,5112.5,5112.5,805
2026-04-29 08:39:00+00:00,5108.0,5108.0,5114.5,5108.0,5113.0,666
2026-04-29 08:40:00+00:00,5107.5,5107.5,5109.5,5107.5,5109.0,359
2026-04-29 08:41:00+00:00,5112.0,5112.0,5114.0,5108.0,5108.5,489
2026-04-29 08:42:00+00:00,5109.0,5109.0,5113.0,5106.5,5112.0,740
2026-04-29 08:43:00+00:00,5106.0,5106.0,5108.5,5106.0,5108.5,321
2026-04-29 08:44:00+00:00,5113.5,5113.5,5113.5,5106.0,5106.0,293
2026-04-29 08:45:00+00:00,5111.5,5111.5,5113.0,5111.5,5111.5,221
2026-04-29 08:46:00+00:00,5112.5,5112.5,5114.0,5111.5,5111.5,352
2026-04-29 08:47:00+00:00,5111.0,5111.0,5112.5,5111.0,5112.5,381
2026-04-29 08:48:00+00:00,5110.5,5110.5,5113.0,5110.5,5110.5,721
2026-04-29 08:49:00+00:00,5108.5,5108.5,5110.0,5108.5,5110.0,181
2026-04-29 08:50:00+00:00,5107.5,5107.5,5108.5,5107.0,5108.5,239
2026-04-29 08:51:00+00:00,5106.0,5106.0,5108.5,5106.0,5107.5,921
2026-04-29 08:52:00+00:00,5106.5,5106.5,5108.0,5106.0,5106.5,215
2026-04-29 08:53:00+00:00,5114.0,5114.0,5114.0,5106.0,5106.0,927
2026-04-29 08:54:00+00:00,5115.5,5115.5,5116.0,5113.5,5113.5,155
2026-04-29 08:55:00+00:00,5109.5,5109.5,5115.0,5109.0,5115.0,1133
2026-04-29 08:56:00+00:00,5104.5,5104.5,5110.0,5104.5,5109.5,1617
2026-04-29 08:57:00+00:00,5096.0,5096.0,5105.0,5095.0,5105.0,2720
2026-04-29 08:58:00+00:00,5095.0,5095.0,5098.0,5095.0,5096.0,1057
2026-04-29 08:59:00+00:00,5093.5,5093.5,5097.0,5093.5,5095.0,2327
2026-04-29 09:00:00+00:00,5087.0,5087.0,5090.0,5085.0,5090.0,2002
2026-04-29 09:01:00+00:00,5088.0,5088.0,5088.5,5084.0,5087.0,1406
2026-04-29 09:02:00+00:00,5091.0,5091.0,5091.0,5087.5,5090.0,1218
2026-04-29 09:03:00+00:00,5088.5,5088.5,5091.0,5088.5,5091.0,1116
2026-04-29 09:04:00+00:00,5088.5,5088.5,5089.5,5086.0,5089.5,1332
2026-04-29 09:05:00+00:00,5087.5,5087.5,5089.0,5085.0,5087.5,2852
2026-04-29 09:06:00+00:00,5090.5,5090.5,5091.0,5086.0,5087.0,2004
2026-04-29 09:07:00+00:00,5089.5,5089.5,5091.0,5089.5,5090.5,1399
2026-04-29 09:08:00+00:00,5091.0,5091.0,5091.0,5089.5,5089.5,2158
2026-04-29 09:09:00+00:00,5093.0,5093.0,5096.0,5089.5,5092.0,1642
2026-04-29 09:10:00+00:00,5095.0,5095.0,5096.0,5092.0,5093.0,2378
2026-04-29 09:11:00+00:00,5100.5,5100.5,5100.5,5096.0,5096.0,1989
2026-04-29 09:12:00+00:00,5107.0,5107.0,5107.0,5100.0,5100.5,2244
2026-04-29 09:13:00+00:00,5105.0,5105.0,5107.0,5104.5,5107.0,1852
2026-04-29 09:14:00+00:00,5108.0,5108.0,5110.5,5107.0,5110.5,2267
2026-04-29 09:15:00+00:00,5110.5,5110.5,5110.5,5109.0,5109.0,1142
2026-04-29 09:16:00+00:00,5105.5,5105.5,5110.5,5105.5,5109.5,1460
2026-04-29 09:17:00+00:00,5105.0,5105.0,5106.0,5105.0,5105.5,778
2026-04-29 09:18:00+00:00,5108.0,5108.0,5108.0,5105.0,5105.0,1070
2026-04-29 09:19:00+00:00,5107.0,5107.0,5107.5,5105.5,5107.5,1125
2026-04-29 09:20:00+00:00,5107.5,5107.5,5108.0,5107.0,5107.5,647
2026-04-29 09:21:00+00:00,5107.0,5107.0,5108.0,5106.0,5107.0,1223
2026-04-29 09:22:00+00:00,5108.0,5108.0,5109.5,5106.5,5108.0,1464
2026-04-29 09:23:00+00:00,5108.5,5108.5,5110.5,5108.0,5108.0,1536
2026-04-29 09:24:00+00:00,5108.0,5108.0,5110.0,5108.0,5108.5,1217
2026-04-29 09:25:00+00:00,5108.5,5108.5,5109.0,5107.5,5108.0,1101
2026-04-29 09:26:00+00:00,5109.5,5109.5,5112.5,5109.0,5109.0,989
2026-04-29 09:27:00+00:00,5103.5,5103.5,5109.0,5103.5,5108.5,1509
2026-04-29 09:28:00+00:00,5105.0,5105.0,5105.5,5103.0,5104.0,1522
2026-04-29 09:29:00+00:00,5102.0,5102.0,5104.5,5101.0,5104.5,1885
2026-04-29 09:30:00+00:00,5116.0,5116.0,5116.5,5102.5,5102.5,2946
2026-04-29 09:31:00+00:00,5119.5,5119.5,5119.5,5115.5,5118.0,4975
2026-04-29 09:32:00+00:00,5121.5,5121.5,5124.0,5121.5,5122.5,3014
2026-04-29 09:33:00+00:00,5119.0,5119.0,5121.5,5119.0,5121.5,2298
2026-04-29 09:34:00+00:00,5116.5,5116.5,5118.5,5116.0,5118.5,2615
2026-04-29 09:35:00+00:00,5118.5,5118.5,5119.0,5117.0,5117.0,2161
2026-04-29 09:36:00+00:00,5123.0,5123.0,5123.0,5119.0,5119.0,3342
2026-04-29 09:37:00+00:00,5121.5,5121.5,5123.0,5121.0,5122.0,3846
2026-04-29 09:38:00+00:00,5124.5,5124.5,5124.5,5121.0,5121.0,1341
2026-04-29 09:39:00+00:00,5122.0,5122.0,5126.0,5122.0,5124.5,5250
2026-04-29 09:40:00+00:00,5118.0,5118.0,5121.5,5118.0,5121.5,1220
2026-04-29 09:41:00+00:00,5116.5,5116.5,5119.0,5116.0,5119.0,2094
2026-04-29 09:42:00+00:00,5119.5,5119.5,5119.5,5116.0,5116.0,2973
2026-04-29 09:43:00+00:00,5114.5,5114.5,5119.5,5114.5,5119.5,4564
2026-04-29 09:44:00+00:00,5112.0,5112.0,5112.5,5111.0,5112.5,1339
2026-04-29 09:45:00+00:00,5110.5,5110.5,5112.0,5110.5,5111.5,4791
2026-04-29 09:46:00+00:00,5108.5,5108.5,5109.5,5107.5,5108.5,2832
2026-04-29 09:47:00+00:00,5109.5,5109.5,5111.0,5108.0,5108.0,2731
2026-04-29 09:48:00+00:00,5109.5,5109.5,5111.0,5109.5,5109.5,2912
2026-04-29 09:49:00+00:00,5103.5,5103.5,5106.5,5103.5,5105.0,4658
2026-04-29 09:50:00+00:00,5105.0,5105.0,5105.0,5101.5,5101.5,3911
2026-04-29 09:51:00+00:00,5108.5,5108.5,5109.0,5105.5,5105.5,2948
2026-04-29 09:52:00+00:00,5108.0,5108.0,5108.5,5106.5,5108.5,2046
2026-04-29 09:53:00+00:00,5112.0,5112.0,5112.0,5107.5,5107.5,3022
2026-04-29 09:54:00+00:00,5112.0,5112.0,5112.0,5108.0,5110.0,3918
2026-04-29 09:55:00+00:00,5115.0,5115.0,5117.5,5113.5,5113.5,3624
2026-04-29 09:56:00+00:00,5116.0,5116.0,5116.5,5114.0,5115.0,2949
2026-04-29 09:57:00+00:00,5113.0,5113.0,5113.5,5112.5,5113.5,2719
2026-04-29 09:58:00+00:00,5117.0,5117.0,5117.0,5112.0,5112.0,4056
2026-04-29 09:59:00+00:00,5111.0,5111.0,5117.0,5101.5,5117.0,1630
2026-04-30 03:45:00+00:00,5074.5,5074.5,5074.5,5048.5,5074.5,0
2026-04-30 03:46:00+00:00,5071.5,5071.5,5076.5,5062.5,5063.0,3874
2026-04-30 03:47:00+00:00,5065.5,5065.5,5071.5,5065.5,5070.0,3474
2026-04-30 03:48:00+00:00,5058.0,5058.0,5071.0,5055.5,5071.0,3002
2026-04-30 03:49:00+00:00,5052.5,5052.5,5057.5,5050.0,5057.5,1348
2026-04-30 03:50:00+00:00,5051.5,5051.5,5052.5,5046.0,5052.5,1603
2026-04-30 03:51:00+00:00,5041.5,5041.5,5054.5,5041.5,5052.0,1770
2026-04-30 03:52:00+00:00,5037.0,5037.0,5040.0,5036.5,5040.0,941
2026-04-30 03:53:00+00:00,5042.5,5042.5,5049.0,5042.5,5042.5,1045
2026-04-30 03:54:00+00:00,5038.0,5038.0,5040.0,5033.0,5040.0,2333
2026-04-30 03:55:00+00:00,5038.5,5038.5,5041.0,5035.0,5035.0,2054
2026-04-30 03:56:00+00:00,5038.5,5038.5,5041.0,5035.0,5039.0,1846
2026-04-30 03:57:00+00:00,5034.0,5034.0,5039.0,5033.5,5036.5,1566
2026-04-30 03:58:00+00:00,5036.5,5036.5,5039.0,5034.0,5035.0,1078
2026-04-30 03:59:00+00:00,5024.5,5024.5,5038.5,5023.0,5038.5,2112
2026-04-30 04:00:00+00:00,5022.5,5022.5,5025.5,5021.5,5025.0,2684
2026-04-30 04:01:00+00:00,5027.0,5027.0,5029.0,5023.0,5023.0,533
2026-04-30 04:02:00+00:00,5036.0,5036.0,5036.0,5026.5,5030.5,480
2026-04-30 04:03:00+00:00,5032.0,5032.0,5033.0,5030.0,5033.0,813
2026-04-30 04:04:00+00:00,5035.0,5035.0,5035.0,5032.5,5033.0,761
2026-04-30 04:05:00+00:00,5035.0,5035.0,5036.0,5031.0,5035.0,941
2026-04-30 04:06:00+00:00,5033.0,5033.0,5035.0,5032.5,5033.0,429
2026-04-30 04:07:00+00:00,5027.5,5027.5,5033.5,5027.5,5033.0,1876
2026-04-30 04:08:00+00:00,5030.0,5030.0,5030.5,5024.5,5029.5,1430
2026-04-30 04:09:00+00:00,5023.0,5023.0,5034.5,5022.5,5030.5,2033
2026-04-30 04:10:00+00:00,5022.0,5022.0,5023.0,5021.0,5021.5,663
2026-04-30 04:11:00+00:00,5030.0,5030.0,5030.0,5023.0,5023.0,1477
2026-04-30 04:12:00+00:00,5034.5,5034.5,5035.0,5029.5,5029.5,1064
2026-04-30 04:13:00+00:00,5034.0,5034.0,5037.0,5033.0,5037.0,754
2026-04-30 04:14:00+00:00,5038.5,5038.5,5040.5,5033.5,5033.5,404
2026-04-30 04:15:00+00:00,5037.5,5037.5,5042.0,5037.5,5039.0,913
2026-04-30 04:16:00+00:00,5048.0,5048.0,5050.0,5038.5,5038.5,471
2026-04-30 04:17:00+00:00,5047.5,5047.5,5052.0,5046.0,5052.0,1255
2026-04-30 04:18:00+00:00,5055.5,5055.5,5055.5,5045.0,5045.0,3783
2026-04-30 04:19:00+00:00,5058.0,5058.0,5061.0,5055.5,5058.0,966
2026-04-30 04:20:00+00:00,5053.5,5053.5,5059.0,5053.5,5058.0,1492
2026-04-30 04:21:00+00:00,5054.5,5054.5,5056.0,5054.5,5056.0,168
2026-04-30 04:22:00+00:00,5057.0,5057.0,5059.0,5055.0,5057.5,1556
2026-04-30 04:23:00+00:00,5055.0,5055.0,5055.0,5050.0,5050.0,942
2026-04-30 04:24:00+00:00,5047.0,5047.0,5055.0,5047.0,5054.5,672
2026-04-30 04:25:00+00:00,5044.0,5044.0,5047.0,5043.0,5044.5,1883
2026-04-30 04:26:00+00:00,5035.5,5035.5,5044.0,5035.5,5044.0,801
2026-04-30 04:27:00+00:00,5038.5,5038.5,5038.5,5035.0,5035.0,1003
2026-04-30 04:28:00+00:00,5038.5,5038.5,5039.5,5036.0,5038.5,575
2026-04-30 04:29:00+00:00,5037.5,5037.5,5039.0,5037.5,5039.0,546
2026-04-30 04:30:00+00:00,5037.0,5037.0,5042.5,5037.0,5037.5,6699
2026-04-30 04:31:00+00:00,5032.0,5032.0,5035.0,5032.0,5034.0,1093
2026-04-30 04:32:00+00:00,5033.5,5033.5,5034.5,5032.0,5034.5,150
2026-04-30 04:33:00+00:00,5033.5,5033.5,5033.5,5029.5,5032.5,2131
2026-04-30 04:34:00+00:00,5030.0,5030.0,5032.5,5028.0,5032.5,1975
2026-04-30 04:35:00+00:00,5034.0,5034.0,5034.0,5029.5,5030.0,343
2026-04-30 04:36:00+00:00,5031.5,5031.5,5034.5,5030.5,5034.0,545
2026-04-30 04:37:00+00:00,5032.0,5032.0,5035.0,5032.0,5032.0,878
2026-04-30 04:38:00+00:00,5034.5,5034.5,5034.5,5032.0,5032.0,385
2026-04-30 04:39:00+00:00,5034.0,5034.0,5035.0,5034.0,5034.5,240
2026-04-30 04:40:00+00:00,5034.0,5034.0,5036.0,5033.5,5034.0,130
2026-04-30 04:41:00+00:00,5034.0,5034.0,5037.0,5034.0,5034.0,663
2026-04-30 04:42:00+00:00,5036.0,5036.0,5036.5,5034.0,5034.0,215
2026-04-30 04:43:00+00:00,5037.0,5037.0,5037.0,5036.0,5036.0,157
2026-04-30 04:44:00+00:00,5035.0,5035.0,5036.5,5035.0,5036.5,246
2026-04-30 04:45:00+00:00,5035.0,5035.0,5035.0,5033.5,5033.5,190
2026-04-30 04:46:00+00:00,5039.0,5039.0,5042.5,5034.5,5034.5,686
2026-04-30 04:47:00+00:00,5040.0,5040.0,5040.5,5037.0,5037.0,270
2026-04-30 04:48:00+00:00,5040.0,5040.0,5041.5,5039.0,5040.0,492
2026-04-30 04:49:00+00:00,5047.0,5047.0,5048.0,5045.5,5045.5,2723
2026-04-30 04:50:00+00:00,5047.0,5047.0,5047.0,5044.5,5044.5,488
2026-04-30 04:51:00+00:00,5047.0,5047.0,5048.5,5046.0,5047.0,263
2026-04-30 04:52:00+00:00,5041.5,5041.5,5046.5,5041.5,5046.5,637
2026-04-30 04:53:00+00:00,5039.5,5039.5,5041.5,5039.5,5041.5,453
2026-04-30 04:54:00+00:00,5043.0,5043.0,5043.0,5040.0,5041.0,670
2026-04-30 04:55:00+00:00,5042.0,5042.0,5043.5,5041.5,5041.5,614
2026-04-30 04:56:00+00:00,5042.5,5042.5,5043.5,5041.5,5042.0,370
2026-04-30 04:57:00+00:00,5045.0,5045.0,5045.0,5041.0,5041.0,730
2026-04-30 04:58:00+00:00,5042.0,5042.0,5044.5,5041.0,5044.5,432
2026-04-30 04:59:00+00:00,5045.0,5045.0,5045.0,5038.0,5041.0,989
2026-04-30 05:00:00+00:00,5045.0,5045.0,5048.5,5044.5,5044.5,1008
2026-04-30 05:01:00+00:00,5047.0,5047.0,5048.0,5045.0,5046.0,907
2026-04-30 05:02:00+00:00,5047.0,5047.0,5049.5,5047.0,5049.5,417
2026-04-30 05:03:00+00:00,5049.5,5049.5,5050.0,5048.0,5048.0,883
2026-04-30 05:04:00+00:00,5047.5,5047.5,5050.0,5045.5,5050.0,475
2026-04-30 05:05:00+00:00,5053.5,5053.5,5055.0,5047.0,5047.0,1781
2026-04-30 05:06:00+00:00,5052.0,5052.0,5055.0,5052.0,5055.0,537
2026-04-30 05:07:00+00:00,5054.0,5054.0,5054.0,5051.0,5053.5,249
2026-04-30 05:08:00+00:00,5053.0,5053.0,5054.0,5051.0,5051.0,528
2026-04-30 05:09:00+00:00,5075.5,5075.5,5075.5,5050.0,5053.0,9185
2026-04-30 05:10:00+00:00,5072.0,5072.0,5079.0,5072.0,5076.0,2654
2026-04-30 05:11:00+00:00,5078.5,5078.5,5079.5,5071.0,5072.0,5483
2026-04-30 05:12:00+00:00,5074.0,5074.0,5084.5,5071.0,5077.0,866
2026-04-30 05:13:00+00:00,5071.0,5071.0,5073.5,5067.5,5072.5,672
2026-04-30 05:14:00+00:00,5076.5,5076.5,5080.0,5072.0,5072.0,4624
2026-04-30 05:15:00+00:00,5065.0,5065.0,5078.0,5065.0,5078.0,653
2026-04-30 05:16:00+00:00,5065.0,5065.0,5067.0,5062.5,5065.0,397
2026-04-30 05:17:00+00:00,5070.0,5070.0,5073.5,5068.0,5068.0,353
2026-04-30 05:18:00+00:00,5073.5,5073.5,5074.0,5070.5,5071.0,638
2026-04-30 05:19:00+00:00,5070.5,5070.5,5073.5,5070.0,5071.5,240
2026-04-30 05:20:00+00:00,5067.0,5067.0,5071.5,5067.0,5070.5,602
2026-04-30 05:21:00+00:00,5070.5,5070.5,5070.5,5067.0,5067.0,216
2026-04-30 05:22:00+00:00,5067.0,5067.0,5071.0,5067.0,5070.5,278
2026-04-30 05:23:00+00:00,5068.0,5068.0,5068.0,5067.0,5067.0,110
2026-04-30 05:24:00+00:00,5071.0,5071.0,5071.0,5066.0,5070.0,345
2026-04-30 05:25:00+00:00,5067.0,5067.0,5071.0,5067.0,5071.0,303
2026-04-30 05:26:00+00:00,5064.0,5064.0,5066.0,5061.0,5062.0,1181
2026-04-30 05:27:00+00:00,5063.5,5063.5,5064.5,5061.5,5064.0,758
2026-04-30 05:28:00+00:00,5055.5,5055.5,5063.5,5055.5,5063.5,998
2026-04-30 05:29:00+00:00,5056.5,5056.5,5058.5,5056.0,5057.0,409
2026-04-30 05:30:00+00:00,5058.5,5058.5,5061.0,5056.0,5060.0,2803
2026-04-30 05:31:00+00:00,5057.0,5057.0,5057.5,5054.0,5055.0,393
2026-04-30 05:32:00+00:00,5055.0,5055.0,5057.5,5055.0,5057.5,159
2026-04-30 05:33:00+00:00,5055.5,5055.5,5055.5,5055.0,5055.0,154
2026-04-30 05:34:00+00:00,5054.0,5054.0,5055.0,5051.5,5054.5,427
2026-04-30 05:35:00+00:00,5052.0,5052.0,5053.5,5050.0,5051.0,828
2026-04-30 05:36:00+00:00,5055.5,5055.5,5055.5,5052.0,5052.0,91
2026-04-30 05:37:00+00:00,5055.0,5055.0,5057.5,5053.0,5053.0,257
2026-04-30 05:38:00+00:00,5054.5,5054.5,5058.0,5054.5,5055.0,655
2026-04-30 05:39:00+00:00,5054.0,5054.0,5057.0,5054.0,5054.0,280
2026-04-30 05:40:00+00:00,5047.0,5047.0,5054.0,5046.0,5054.0,766
2026-04-30 05:41:00+00:00,5037.0,5037.0,5048.5,5037.0,5047.0,1246
2026-04-30 05:42:00+00:00,5030.0,5030.0,5037.5,5030.0,5037.5,1544
2026-04-30 05:43:00+00:00,5032.5,5032.5,5036.5,5031.0,5031.5,1201
2026-04-30 05:44:00+00:00,5032.0,5032.0,5034.0,5030.0,5032.0,804
2026-04-30 05:45:00+00:00,5033.5,5033.5,5035.5,5031.0,5032.0,686
2026-04-30 05:46:00+00:00,5037.5,5037.5,5037.5,5033.0,5035.0,784
2026-04-30 05:47:00+00:00,5044.5,5044.5,5045.5,5039.5,5039.5,756
2026-04-30 05:48:00+00:00,5045.0,5045.0,5048.0,5045.0,5045.5,249
2026-04-30 05:49:00+00:00,5046.0,5046.0,5047.5,5045.0,5046.5,543
2026-04-30 05:50:00+00:00,5047.5,5047.5,5051.0,5046.5,5047.5,1069
2026-04-30 05:51:00+00:00,5050.0,5050.0,5050.5,5046.5,5048.0,815
2026-04-30 05:52:00+00:00,5049.5,5049.5,5050.0,5048.5,5048.5,148
2026-04-30 05:53:00+00:00,5050.5,5050.5,5052.5,5048.0,5050.0,445
2026-04-30 05:54:00+00:00,5051.0,5051.0,5052.5,5050.0,5050.5,126
2026-04-30 05:55:00+00:00,5049.5,5049.5,5052.0,5048.0,5052.0,297
2026-04-30 05:56:00+00:00,5053.5,5053.5,5054.0,5049.5,5049.5,261
2026-04-30 05:57:00+00:00,5056.0,5056.0,5056.0,5053.0,5053.5,262
2026-04-30 05:58:00+00:00,5052.0,5052.0,5054.0,5052.0,5054.0,123
2026-04-30 05:59:00+00:00,5048.0,5048.0,5057.5,5048.0,5053.5,1535
2026-04-30 06:00:00+00:00,5035.0,5035.0,5048.5,5033.5,5048.5,3080
2026-04-30 06:01:00+00:00,5033.0,5033.0,5036.0,5032.5,5035.5,1178
2026-04-30 06:02:00+00:00,5031.5,5031.5,5033.5,5031.5,5033.0,2005
2026-04-30 06:03:00+00:00,5038.5,5038.5,5039.0,5031.5,5031.5,1302
2026-04-30 06:04:00+00:00,5035.5,5035.5,5038.0,5035.5,5037.0,464
2026-04-30 06:05:00+00:00,5034.0,5034.0,5034.0,5032.5,5034.0,1136
2026-04-30 06:06:00+00:00,5038.5,5038.5,5039.5,5037.5,5037.5,504
2026-04-30 06:07:00+00:00,5035.0,5035.0,5036.5,5033.0,5036.5,6016
2026-04-30 06:08:00+00:00,5036.0,5036.0,5036.0,5034.5,5034.5,414
2026-04-30 06:09:00+00:00,5035.5,5035.5,5037.5,5034.0,5035.0,723
2026-04-30 06:10:00+00:00,5040.0,5040.0,5040.0,5035.5,5037.5,1875
2026-04-30 06:11:00+00:00,5039.0,5039.0,5043.0,5039.0,5042.0,799
2026-04-30 06:12:00+00:00,5039.5,5039.5,5040.0,5038.5,5039.5,157
2026-04-30 06:13:00+00:00,5043.5,5043.5,5045.0,5040.5,5040.5,676
2026-04-30 06:14:00+00:00,5041.5,5041.5,5044.0,5041.5,5043.5,440
2026-04-30 06:15:00+00:00,5033.0,5033.0,5041.0,5033.0,5041.0,764
2026-04-30 06:16:00+00:00,5033.0,5033.0,5033.0,5031.0,5032.5,723
2026-04-30 06:17:00+00:00,5033.0,5033.0,5034.0,5031.0,5032.5,428
2026-04-30 06:18:00+00:00,5035.5,5035.5,5037.5,5033.5,5033.5,353
2026-04-30 06:19:00+00:00,5033.0,5033.0,5037.5,5033.0,5036.0,543
2026-04-30 06:20:00+00:00,5033.0,5033.0,5034.5,5033.0,5033.5,107
2026-04-30 06:21:00+00:00,5033.5,5033.5,5034.0,5033.0,5034.0,458
2026-04-30 06:22:00+00:00,5030.0,5030.0,5033.5,5030.0,5033.5,1380
2026-04-30 06:23:00+00:00,5032.5,5032.5,5032.5,5030.0,5031.5,418
2026-04-30 06:24:00+00:00,5031.5,5031.5,5032.5,5026.0,5026.0,3315
2026-04-30 06:25:00+00:00,5031.5,5031.5,5031.5,5031.0,5031.5,122
2026-04-30 06:26:00+00:00,5033.0,5033.0,5035.5,5032.5,5033.5,919
2026-04-30 06:27:00+00:00,5030.0,5030.0,5035.5,5030.0,5034.5,1320
2026-04-30 06:28:00+00:00,5034.0,5034.0,5034.0,5029.0,5030.5,878
2026-04-30 06:29:00+00:00,5029.5,5029.5,5034.5,5029.5,5034.0,519
2026-04-30 06:30:00+00:00,5030.5,5030.5,5030.5,5028.0,5028.0,188
2026-04-30 06:31:00+00:00,5030.0,5030.0,5031.0,5029.5,5029.5,161
2026-04-30 06:32:00+00:00,5032.0,5032.0,5032.0,5028.5,5028.5,83
2026-04-30 06:33:00+00:00,5027.0,5027.0,5031.0,5027.0,5031.0,617
2026-04-30 06:34:00+00:00,5024.0,5024.0,5027.0,5022.5,5027.0,2186
2026-04-30 06:35:00+00:00,5029.0,5029.0,5031.5,5025.0,5025.0,746
2026-04-30 06:36:00+00:00,5031.5,5031.5,5032.0,5028.0,5028.5,383
2026-04-30 06:37:00+00:00,5033.0,5033.0,5034.5,5031.0,5031.0,505
2026-04-30 06:38:00+00:00,5028.5,5028.5,5033.0,5028.5,5033.0,432
2026-04-30 06:39:00+00:00,5032.0,5032.0,5032.5,5028.5,5028.5,485
2026-04-30 06:40:00+00:00,5030.5,5030.5,5032.0,5030.0,5031.0,243
2026-04-30 06:41:00+00:00,5032.0,5032.0,5032.0,5030.5,5031.5,114
2026-04-30 06:42:00+00:00,5031.0,5031.0,5031.0,5030.5,5030.5,122
2026-04-30 06:43:00+00:00,5030.0,5030.0,5032.5,5027.5,5030.5,1191
2026-04-30 06:44:00+00:00,5029.5,5029.5,5031.5,5028.0,5030.0,440
2026-04-30 06:45:00+00:00,5030.5,5030.5,5031.0,5030.0,5030.0,465
2026-04-30 06:46:00+00:00,5031.0,5031.0,5031.0,5028.5,5028.5,74
2026-04-30 06:47:00+00:00,5029.0,5029.0,5031.0,5029.0,5030.0,228
2026-04-30 06:48:00+00:00,5030.0,5030.0,5031.0,5029.0,5031.0,120
2026-04-30 06:49:00+00:00,5029.5,5029.5,5031.0,5029.5,5030.0,405
2026-04-30 06:50:00+00:00,5029.5,5029.5,5030.0,5027.0,5029.0,215
2026-04-30 06:51:00+00:00,5030.0,5030.0,5030.5,5028.0,5029.5,320
2026-04-30 06:52:00+00:00,5030.5,5030.5,5031.0,5028.0,5030.0,397
2026-04-30 06:53:00+00:00,5037.5,5037.5,5039.0,5029.5,5030.5,561
2026-04-30 06:54:00+00:00,5042.5,5042.5,5042.5,5036.0,5036.0,732
2026-04-30 06:55:00+00:00,5043.5,5043.5,5044.0,5041.5,5042.5,1467
2026-04-30 06:56:00+00:00,5046.5,5046.5,5048.5,5041.5,5042.5,944
2026-04-30 06:57:00+00:00,5052.0,5052.0,5052.0,5044.5,5046.5,2879
2026-04-30 06:58:00+00:00,5045.5,5045.5,5051.0,5045.5,5051.0,3086
2026-04-30 06:59:00+00:00,5044.0,5044.0,5046.0,5043.5,5045.5,276
2026-04-30 07:00:00+00:00,5048.0,5048.0,5048.0,5045.5,5046.0,275
2026-04-30 07:01:00+00:00,5047.0,5047.0,5048.0,5046.0,5046.0,59
2026-04-30 07:02:00+00:00,5046.5,5046.5,5047.5,5044.5,5047.5,172
2026-04-30 07:03:00+00:00,5047.0,5047.0,5047.5,5044.5,5044.5,88
2026-04-30 07:04:00+00:00,5043.5,5043.5,5048.0,5043.5,5047.0,2552
2026-04-30 07:05:00+00:00,5040.5,5040.5,5045.0,5040.5,5043.5,363
2026-04-30 07:06:00+00:00,5041.5,5041.5,5042.0,5041.0,5042.0,109
2026-04-30 07:07:00+00:00,5040.0,5040.0,5041.0,5040.0,5040.5,577
2026-04-30 07:08:00+00:00,5042.0,5042.0,5042.0,5040.0,5040.0,138
2026-04-30 07:09:00+00:00,5042.5,5042.5,5043.0,5040.5,5040.5,205
2026-04-30 07:10:00+00:00,5043.5,5043.5,5045.0,5042.5,5042.5,156
2026-04-30 07:11:00+00:00,5046.5,5046.5,5046.5,5044.0,5044.0,2562
2026-04-30 07:12:00+00:00,5045.0,5045.0,5045.0,5043.5,5045.0,354
2026-04-30 07:13:00+00:00,5042.5,5042.5,5045.0,5042.0,5043.5,391
2026-04-30 07:14:00+00:00,5045.0,5045.0,5045.0,5042.5,5044.0,2936
2026-04-30 07:15:00+00:00,5040.5,5040.5,5045.0,5040.5,5045.0,2451
2026-04-30 07:16:00+00:00,5045.0,5045.0,5045.0,5040.5,5042.0,1086
2026-04-30 07:17:00+00:00,5052.5,5052.5,5054.5,5050.0,5052.0,3349
2026-04-30 07:18:00+00:00,5054.0,5054.0,5054.5,5052.5,5052.5,280
2026-04-30 07:19:00+00:00,5053.5,5053.5,5054.0,5053.0,5053.0,74
2026-04-30 07:20:00+00:00,5053.0,5053.0,5054.0,5053.0,5054.0,178
2026-04-30 07:21:00+00:00,5059.0,5059.0,5059.0,5053.0,5053.0,2018
2026-04-30 07:22:00+00:00,5058.5,5058.5,5059.0,5058.5,5058.5,143
2026-04-30 07:23:00+00:00,5058.5,5058.5,5059.0,5058.0,5059.0,155
2026-04-30 07:24:00+00:00,5054.0,5054.0,5058.0,5053.0,5058.0,662
2026-04-30 07:25:00+00:00,5053.0,5053.0,5056.5,5053.0,5055.0,228
2026-04-30 07:26:00+00:00,5046.5,5046.5,5055.0,5046.5,5055.0,1352
2026-04-30 07:27:00+00:00,5055.0,5055.0,5057.5,5050.0,5050.0,251
2026-04-30 07:28:00+00:00,5053.5,5053.5,5056.0,5053.5,5055.0,102
2026-04-30 07:29:00+00:00,5054.5,5054.5,5055.0,5049.0,5055.0,450
2026-04-30 07:30:00+00:00,5053.0,5053.0,5054.5,5050.5,5054.0,332
2026-04-30 07:31:00+00:00,5051.5,5051.5,5053.0,5051.0,5051.0,280
2026-04-30 07:32:00+00:00,5050.0,5050.0,5052.5,5050.0,5052.0,1455
2026-04-30 07:33:00+00:00,5047.0,5047.0,5050.0,5047.0,5050.0,1184
2026-04-30 07:34:00+00:00,5048.5,5048.5,5048.5,5046.5,5048.0,298
2026-04-30 07:35:00+00:00,5047.0,5047.0,5048.5,5046.0,5048.0,228
2026-04-30 07:36:00+00:00,5050.0,5050.0,5050.0,5044.5,5044.5,558
2026-04-30 07:37:00+00:00,5049.5,5049.5,5049.5,5048.0,5048.0,171
2026-04-30 07:38:00+00:00,5050.5,5050.5,5051.0,5050.0,5050.0,1427
2026-04-30 07:39:00+00:00,5046.0,5046.0,5054.0,5046.0,5050.0,3691
2026-04-30 07:40:00+00:00,5046.0,5046.0,5047.5,5045.5,5045.5,67
2026-04-30 07:41:00+00:00,5044.0,5044.0,5046.5,5044.0,5046.0,482
2026-04-30 07:42:00+00:00,5044.0,5044.0,5045.0,5044.0,5044.0,111
2026-04-30 07:43:00+00:00,5043.0,5043.0,5044.0,5043.0,5043.0,76
2026-04-30 07:44:00+00:00,5044.0,5044.0,5044.0,5043.0,5043.0,138
2026-04-30 07:45:00+00:00,5040.5,5040.5,5044.0,5040.5,5044.0,765
2026-04-30 07:46:00+00:00,5042.0,5042.0,5042.0,5039.5,5042.0,450
2026-04-30 07:47:00+00:00,5042.0,5042.0,5043.0,5039.0,5039.0,215
2026-04-30 07:48:00+00:00,5042.0,5042.0,5042.0,5040.0,5040.5,100
2026-04-30 07:49:00+00:00,5042.5,5042.5,5042.5,5041.5,5041.5,59
2026-04-30 07:50:00+00:00,5037.5,5037.5,5042.5,5037.5,5042.5,405
2026-04-30 07:51:00+00:00,5039.5,5039.5,5040.0,5038.5,5038.5,127
2026-04-30 07:52:00+00:00,5038.0,5038.0,5040.5,5038.0,5040.0,357
2026-04-30 07:53:00+00:00,5040.5,5040.5,5042.5,5038.5,5038.5,129
2026-04-30 07:54:00+00:00,5044.0,5044.0,5044.0,5040.5,5040.5,494
2026-04-30 07:55:00+00:00,5042.0,5042.0,5044.0,5042.0,5044.0,552
2026-04-30 07:56:00+00:00,5039.0,5039.0,5042.0,5039.0,5041.0,450
2026-04-30 07:57:00+00:00,5044.0,5044.0,5045.0,5040.5,5042.0,557
2026-04-30 07:58:00+00:00,5041.5,5041.5,5045.0,5040.5,5044.0,551
2026-04-30 07:59:00+00:00,5045.0,5045.0,5045.0,5042.0,5043.0,205
2026-04-30 08:00:00+00:00,5043.0,5043.0,5045.0,5042.5,5043.5,194
2026-04-30 08:01:00+00:00,5043.0,5043.0,5043.0,5042.5,5043.0,141
2026-04-30 08:02:00+00:00,5043.0,5043.0,5043.0,5042.5,5042.5,155
2026-04-30 08:03:00+00:00,5043.0,5043.0,5043.0,5042.5,5042.5,97
2026-04-30 08:04:00+00:00,5046.5,5046.5,5046.5,5042.5,5042.5,391
2026-04-30 08:05:00+00:00,5051.0,5051.0,5051.0,5046.5,5046.5,1212
2026-04-30 08:06:00+00:00,5048.5,5048.5,5051.0,5048.5,5050.0,971
2026-04-30 08:07:00+00:00,5048.5,5048.5,5049.5,5048.5,5049.0,111
2026-04-30 08:08:00+00:00,5047.5,5047.5,5049.5,5047.0,5049.5,448
2026-04-30 08:09:00+00:00,5049.0,5049.0,5049.0,5047.5,5049.0,98
2026-04-30 08:10:00+00:00,5049.0,5049.0,5049.0,5047.5,5047.5,38
2026-04-30 08:11:00+00:00,5051.0,5051.0,5051.0,5047.5,5047.5,3110
2026-04-30 08:12:00+00:00,5051.0,5051.0,5051.0,5050.0,5050.5,807
2026-04-30 08:13:00+00:00,5055.0,5055.0,5055.0,5051.0,5051.0,1799
2026-04-30 08:14:00+00:00,5055.5,5055.5,5055.5,5053.0,5054.5,177
2026-04-30 08:15:00+00:00,5055.0,5055.0,5058.5,5053.0,5055.5,1227
2026-04-30 08:16:00+00:00,5058.0,5058.0,5059.0,5054.0,5054.0,183
2026-04-30 08:17:00+00:00,5059.0,5059.0,5059.5,5057.0,5057.5,767
2026-04-30 08:18:00+00:00,5063.5,5063.5,5063.5,5058.5,5059.0,646
2026-04-30 08:19:00+00:00,5060.5,5060.5,5065.0,5060.5,5065.0,231
2026-04-30 08:20:00+00:00,5063.0,5063.0,5065.0,5061.0,5061.0,205
2026-04-30 08:21:00+00:00,5059.0,5059.0,5064.5,5059.0,5064.5,547
2026-04-30 08:22:00+00:00,5065.0,5065.0,5065.0,5058.5,5058.5,366
2026-04-30 08:23:00+00:00,5068.0,5068.0,5070.0,5063.0,5063.0,1472
2026-04-30 08:24:00+00:00,5075.0,5075.0,5075.0,5067.0,5068.0,928
2026-04-30 08:25:00+00:00,5076.5,5076.5,5079.0,5076.5,5078.0,791
2026-04-30 08:26:00+00:00,5077.0,5077.0,5077.0,5075.0,5075.5,145
2026-04-30 08:27:00+00:00,5072.5,5072.5,5077.0,5072.5,5077.0,353
2026-04-30 08:28:00+00:00,5076.0,5076.0,5076.0,5072.0,5073.5,944
2026-04-30 08:29:00+00:00,5077.0,5077.0,5077.0,5075.0,5076.0,185
2026-04-30 08:30:00+00:00,5068.5,5068.5,5076.5,5068.5,5076.5,406
2026-04-30 08:31:00+00:00,5069.5,5069.5,5073.0,5068.5,5068.5,602
2026-04-30 08:32:00+00:00,5073.5,5073.5,5073.5,5071.0,5071.0,163
2026-04-30 08:33:00+00:00,5072.5,5072.5,5073.0,5071.0,5073.0,115
2026-04-30 08:34:00+00:00,5071.0,5071.0,5072.5,5070.0,5072.5,222
2026-04-30 08:35:00+00:00,5065.0,5065.0,5070.0,5065.0,5070.0,301
2026-04-30 08:36:00+00:00,5066.5,5066.5,5068.0,5065.0,5066.0,872
2026-04-30 08:37:00+00:00,5069.0,5069.0,5069.0,5066.0,5066.0,277
2026-04-30 08:38:00+00:00,5070.0,5070.0,5070.0,5066.0,5066.0,931
2026-04-30 08:39:00+00:00,5074.0,5074.0,5075.0,5070.0,5070.0,3975
2026-04-30 08:40:00+00:00,5078.5,5078.5,5080.0,5074.0,5074.0,2167
2026-04-30 08:41:00+00:00,5080.5,5080.5,5080.5,5077.0,5079.0,1394
2026-04-30 08:42:00+00:00,5084.0,5084.0,5087.5,5083.5,5083.5,1028
2026-04-30 08:43:00+00:00,5077.0,5077.0,5088.0,5077.0,5082.5,3280
2026-04-30 08:44:00+00:00,5073.5,5073.5,5078.0,5073.0,5077.5,561
2026-04-30 08:45:00+00:00,5077.0,5077.0,5078.0,5075.0,5075.0,455
2026-04-30 08:46:00+00:00,5074.0,5074.0,5080.0,5074.0,5078.5,654
2026-04-30 08:47:00+00:00,5074.5,5074.5,5075.5,5074.0,5074.0,528
2026-04-30 08:48:00+00:00,5071.0,5071.0,5074.5,5071.0,5073.0,1031
2026-04-30 08:49:00+00:00,5065.5,5065.5,5072.5,5065.0,5071.5,1516
2026-04-30 08:50:00+00:00,5066.5,5066.5,5067.5,5065.0,5065.5,187
2026-04-30 08:51:00+00:00,5062.0,5062.0,5065.0,5061.5,5065.0,805
2026-04-30 08:52:00+00:00,5062.0,5062.0,5063.0,5060.0,5062.0,582
2026-04-30 08:53:00+00:00,5069.0,5069.0,5069.0,5062.0,5062.0,834
2026-04-30 08:54:00+00:00,5067.0,5067.0,5070.0,5067.0,5067.5,535
2026-04-30 08:55:00+00:00,5066.0,5066.0,5069.0,5065.5,5065.5,402
2026-04-30 08:56:00+00:00,5066.5,5066.5,5067.5,5065.0,5066.0,388
2026-04-30 08:57:00+00:00,5064.5,5064.5,5068.0,5063.0,5067.5,800
2026-04-30 08:58:00+00:00,5068.0,5068.0,5068.0,5062.5,5065.0,466
2026-04-30 08:59:00+00:00,5068.5,5068.5,5070.0,5068.5,5068.5,1014
2026-04-30 09:00:00+00:00,5075.0,5075.0,5075.0,5068.0,5068.0,11816
2026-04-30 09:01:00+00:00,5085.0,5085.0,5085.0,5075.0,5075.0,1172
2026-04-30 09:02:00+00:00,5086.0,5086.0,5086.0,5085.5,5085.5,814
2026-04-30 09:03:00+00:00,5086.0,5086.0,5086.5,5084.5,5086.5,739
2026-04-30 09:04:00+00:00,5094.0,5094.0,5094.0,5086.0,5086.0,1203
2026-04-30 09:05:00+00:00,5098.0,5098.0,5098.0,5093.0,5093.0,2057
2026-04-30 09:06:00+00:00,5092.0,5092.0,5097.0,5091.5,5097.0,725
2026-04-30 09:07:00+00:00,5092.5,5092.5,5095.5,5092.0,5092.0,1322
2026-04-30 09:08:00+00:00,5095.0,5095.0,5095.0,5090.5,5090.5,857
2026-04-30 09:09:00+00:00,5090.0,5090.0,5095.0,5089.5,5093.0,2672
2026-04-30 09:10:00+00:00,5089.5,5089.5,5091.0,5089.5,5089.5,901
2026-04-30 09:11:00+00:00,5089.5,5089.5,5090.0,5088.0,5088.5,533
2026-04-30 09:12:00+00:00,5088.0,5088.0,5089.5,5088.0,5089.5,268
2026-04-30 09:13:00+00:00,5096.0,5096.0,5096.0,5088.5,5088.5,1749
2026-04-30 09:14:00+00:00,5088.5,5088.5,5094.0,5085.5,5094.0,1600
2026-04-30 09:15:00+00:00,5086.0,5086.0,5089.0,5083.5,5085.5,499
2026-04-30 09:16:00+00:00,5089.0,5089.0,5090.0,5085.0,5086.0,625
2026-04-30 09:17:00+00:00,5082.0,5082.0,5089.0,5082.0,5089.0,260
2026-04-30 09:18:00+00:00,5084.5,5084.5,5084.5,5081.5,5082.0,817
2026-04-30 09:19:00+00:00,5082.0,5082.0,5085.0,5081.0,5085.0,816
2026-04-30 09:20:00+00:00,5084.5,5084.5,5084.5,5082.0,5082.0,317
2026-04-30 09:21:00+00:00,5089.5,5089.5,5089.5,5083.0,5087.5,1058
2026-04-30 09:22:00+00:00,5092.0,5092.0,5092.5,5088.0,5090.5,972
2026-04-30 09:23:00+00:00,5093.0,5093.0,5093.0,5090.0,5090.5,672
2026-04-30 09:24:00+00:00,5094.0,5094.0,5094.0,5092.5,5093.0,438
2026-04-30 09:25:00+00:00,5103.5,5103.5,5104.0,5093.5,5094.0,2642
2026-04-30 09:26:00+00:00,5099.0,5099.0,5105.0,5099.0,5103.5,2187
2026-04-30 09:27:00+00:00,5104.0,5104.0,5104.0,5099.0,5099.5,884
2026-04-30 09:28:00+00:00,5107.0,5107.0,5109.0,5103.5,5104.0,683
2026-04-30 09:29:00+00:00,5112.5,5112.5,5112.5,5106.0,5106.0,1949
2026-04-30 09:30:00+00:00,5104.0,5104.0,5112.0,5100.0,5110.5,8561
2026-04-30 09:31:00+00:00,5095.0,5095.0,5105.0,5092.0,5105.0,4115
2026-04-30 09:32:00+00:00,5088.0,5088.0,5093.0,5087.5,5092.0,3800
2026-04-30 09:33:00+00:00,5092.5,5092.5,5093.5,5088.0,5088.0,5086
2026-04-30 09:34:00+00:00,5087.0,5087.0,5091.0,5086.0,5091.0,3340
2026-04-30 09:35:00+00:00,5091.5,5091.5,5096.0,5085.5,5085.5,7097
2026-04-30 09:36:00+00:00,5099.5,5099.5,5099.5,5088.0,5088.5,7797
2026-04-30 09:37:00+00:00,5096.5,5096.5,5101.5,5096.0,5101.5,2577
2026-04-30 09:38:00+00:00,5095.5,5095.5,5095.5,5091.0,5095.5,3979
2026-04-30 09:39:00+00:00,5094.0,5094.0,5095.5,5094.0,5095.0,2903
2026-04-30 09:40:00+00:00,5091.5,5091.5,5095.0,5091.0,5095.0,5126
2026-04-30 09:41:00+00:00,5097.0,5097.0,5097.0,5091.0,5092.0,6087
2026-04-30 09:42:00+00:00,5103.5,5103.5,5103.5,5098.5,5100.5,3982
2026-04-30 09:43:00+00:00,5103.5,5103.5,5104.5,5102.5,5104.5,2163
2026-04-30 09:44:00+00:00,5105.5,5105.5,5105.5,5102.5,5102.5,5049
2026-04-30 09:45:00+00:00,5103.5,5103.5,5106.5,5103.5,5105.5,2495
2026-04-30 09:46:00+00:00,5108.5,5108.5,5110.5,5101.0,5102.5,14709
2026-04-30 09:47:00+00:00,5107.0,5107.0,5112.5,5105.5,5108.5,6974
2026-04-30 09:48:00+00:00,5107.5,5107.5,5109.5,5107.0,5108.5,2858
2026-04-30 09:49:00+00:00,5102.0,5102.0,5107.5,5102.0,5106.0,2500
2026-04-30 09:50:00+00:00,5100.5,5100.5,5103.0,5100.0,5102.0,4050
2026-04-30 09:51:00+00:00,5095.0,5095.0,5101.0,5095.0,5100.0,6136
2026-04-30 09:52:00+00:00,5095.5,5095.5,5095.5,5089.5,5094.5,6983
2026-04-30 09:53:00+00:00,5098.0,5098.0,5099.5,5096.0,5096.0,3602
2026-04-30 09:54:00+00:00,5103.0,5103.0,5104.5,5098.5,5098.5,6133
2026-04-30 09:55:00+00:00,5106.5,5106.5,5109.0,5103.0,5103.0,3400
2026-04-30 09:56:00+00:00,5099.0,5099.0,5107.0,5099.0,5106.5,3249
2026-04-30 09:57:00+00:00,5098.5,5098.5,5102.5,5098.5,5102.5,3885
2026-04-30 09:58:00+00:00,5102.0,5102.0,5105.5,5091.0,5091.0,3684
2026-04-30 09:59:00+00:00,5110.0,5110.0,5110.0,5097.5,5106.0,2342
