Price,Adj Close,Close,High,Low,Open,Volume
Ticker,ITC.NS,ITC.NS,ITC.NS,ITC.NS,ITC.NS,ITC.NS
Datetime,,,,,,
2026-04-23 03:45:00+00:00,303.95001220703125,303.95001220703125,304.45001220703125,303.5,304.45001220703125,0
2026-04-23 03:46:00+00:00,304.75,304.75,304.75,303.8999938964844,303.8999938964844,173302
2026-04-23 03:47:00+00:00,304.8999938964844,304.8999938964844,305.1000061035156,304.8500061035156,305.1000061035156,136449
2026-04-23 03:48:00+00:00,304.29998779296875,304.29998779296875,304.5,304.29998779296875,304.5,80559
2026-04-23 03:49:00+00:00,304.3500061035156,304.3500061035156,304.3999938964844,304.25,304.3500061035156,72542
2026-04-23 03:50:00+00:00,304.3999938964844,304.3999938964844,304.3999938964844,304.20001220703125,304.29998779296875,43757
2026-04-23 03:51:00+00:00,304.3500061035156,304.3500061035156,304.3500061035156,304.29998779296875,304.3500061035156,46988
2026-04-23 03:52:00+00:00,304.20001220703125,304.20001220703125,304.3999938964844,304.04998779296875,304.25,85986
2026-04-23 03:53:00+00:00,304.5,304.5,304.79998779296875,304.1000061035156,304.1000061035156,148911
2026-04-23 03:54:00+00:00,304.6499938964844,304.6499938964844,304.70001220703125,304.45001220703125,304.5,80331
2026-04-23 03:55:00+00:00,304.3999938964844,304.3999938964844,304.6499938964844,304.3999938964844,304.54998779296875,33833
2026-04-23 03:56:00+00:00,304.1000061035156,304.1000061035156,304.3999938964844,304.1000061035156,304.3999938964844,66349
2026-04-23 03:57:00+00:00,304.20001220703125,304.20001220703125,304.25,304.0,304.1000061035156,30178
2026-04-23 03:58:00+00:00,304.25,304.25,304.45001220703125,304.20001220703125,304.20001220703125,30049
2026-04-23 03:59:00+00:00,304.3999938964844,304.3999938964844,304.45001220703125,304.3500061035156,304.3500061035156,32025
2026-04-23 04:00:00+00:00,304.8500061035156,304.8500061035156,304.8500061035156,304.3500061035156,304.45001220703125,56798
2026-04-23 04:01:00+00:00,304.8500061035156,304.8500061035156,304.95001220703125,304.75,304.75,56609
2026-04-23 04:02:00+00:00,304.79998779296875,304.79998779296875,304.95001220703125,304.79998779296875,304.8500061035156,14646
2026-04-23 04:03:00+00:00,304.79998779296875,304.79998779296875,304.8999938964844,304.75,304.75,27143
2026-04-23 04:04:00+00:00,304.6499938964844,304.6499938964844,304.75,304.6499938964844,304.75,15555
2026-04-23 04:05:00+00:00,304.6000061035156,304.6000061035156,304.70001220703125,304.54998779296875,304.70001220703125,13052
2026-04-23 04:06:00+00:00,304.5,304.5,304.6000061035156,304.45001220703125,304.6000061035156,50882
2026-04-23 04:07:00+00:00,304.70001220703125,304.70001220703125,304.75,304.6000061035156,304.6499938964844,27542
2026-04-23 04:08:00+00:00,304.6000061035156,304.6000061035156,304.6000061035156,304.3999938964844,304.3999938964844,22694
2026-04-23 04:09:00+00:00,304.79998779296875,304.79998779296875,304.8999938964844,304.75,304.75,26744
2026-04-23 04:10:00+00:00,304.70001220703125,304.70001220703125,304.79998779296875,304.6000061035156,304.79998779296875,18991
2026-04-23 04:11:00+00:00,304.8500061035156,304.8500061035156,304.8500061035156,304.70001220703125,304.70001220703125,21198
2026-04-23 04:12:00+00:00,305.0,305.0,305.04998779296875,304.95001220703125,304.95001220703125,58242
2026-04-23 04:13:00+00:00,305.29998779296875,305.29998779296875,305.29998779296875,304.95001220703125,304.95001220703125,44673
2026-04-23 04:14:00+00:00,305.25,305.25,305.3500061035156,305.25,305.29998779296875,17833
2026-04-23 04:15:00+00:00,305.20001220703125,305.20001220703125,305.25,305.1499938964844,305.25,26789
2026-04-23 04:16:00+00:00,305.3500061035156,305.3500061035156,305.3500061035156,305.1499938964844,305.1499938964844,23736
2026-04-23 04:17:00+00:00,305.54998779296875,305.54998779296875,305.54998779296875,305.3999938964844,305.45001220703125,29600
2026-04-23 04:18:00+00:00,305.45001220703125,305.45001220703125,305.6000061035156,305.3999938964844,305.5,36226
2026-04-23 04:19:00+00:00,305.75,305.75,305.79998779296875,305.6000061035156,305.6000061035156,26993
2026-04-23 04:20:00+00:00,305.8500061035156,305.8500061035156,305.8999938964844,305.75,305.75,18354
2026-04-23 04:21:00+00:00,305.8999938964844,305.8999938964844,306.0,305.8500061035156,305.95001220703125,36891
2026-04-23 04:22:00+00:00,306.04998779296875,306.04998779296875,306.04998779296875,305.79998779296875,305.79998779296875,64074
2026-04-23 04:23:00+00:00,306.1000061035156,306.1000061035156,306.20001220703125,306.0,306.04998779296875,19768
2026-04-23 04:24:00+00:00,306.0,306.0,306.1499938964844,305.95001220703125,306.1000061035156,31238
2026-04-23 04:25:00+00:00,306.04998779296875,306.04998779296875,306.1499938964844,306.0,306.0,13582
2026-04-23 04:26:00+00:00,306.1000061035156,306.1000061035156,306.1499938964844,306.04998779296875,306.1499938964844,14972
2026-04-23 04:27:00+00:00,306.1499938964844,306.1499938964844,306.20001220703125,305.95001220703125,306.04998779296875,36072
2026-04-23 04:28:00+00:00,306.0,306.0,306.1000061035156,305.8999938964844,306.04998779296875,23557
2026-04-23 04:29:00+00:00,305.95001220703125,305.95001220703125,306.0,305.8999938964844,305.95001220703125,21529
2026-04-23 04:30:00+00:00,305.8999938964844,305.8999938964844,305.95001220703125,305.8500061035156,305.8999938964844,15530
2026-04-23 04:31:00+00:00,305.75,305.75,305.8500061035156,305.6499938964844,305.79998779296875,15994
2026-04-23 04:32:00+00:00,305.8999938964844,305.8999938964844,305.95001220703125,305.70001220703125,305.70001220703125,33415
2026-04-23 04:33:00+00:00,306.1000061035156,306.1000061035156,306.1499938964844,305.95001220703125,305.95001220703125,40237
2026-04-23 04:34:00+00:00,306.3500061035156,306.3500061035156,306.3500061035156,306.20001220703125,306.20001220703125,38105
2026-04-23 04:35:00+00:00,306.29998779296875,306.29998779296875,306.3500061035156,306.25,306.29998779296875,17893
2026-04-23 04:36:00+00:00,306.1499938964844,306.1499938964844,306.29998779296875,306.1000061035156,306.25,27888
2026-04-23 04:37:00+00:00,306.1499938964844,306.1499938964844,306.1499938964844,306.04998779296875,306.1499938964844,17821
2026-04-23 04:38:00+00:00,306.1000061035156,306.1000061035156,306.1000061035156,306.0,306.04998779296875,14938
2026-04-23 04:39:00+00:00,306.04998779296875,306.04998779296875,306.04998779296875,306.0,306.04998779296875,21192
2026-04-23 04:40:00+00:00,305.8500061035156,305.8500061035156,306.04998779296875,305.8500061035156,306.04998779296875,17846
2026-04-23 04:41:00+00:00,305.8500061035156,305.8500061035156,305.8500061035156,305.75,305.75,28276
2026-04-23 04:42:00+00:00,305.79998779296875,305.79998779296875,305.8500061035156,305.79998779296875,305.8500061035156,14874
2026-04-23 04:43:00+00:00,305.70001220703125,305.70001220703125,305.79998779296875,305.70001220703125,305.79998779296875,15855
2026-04-23 04:44:00+00:00,305.70001220703125,305.70001220703125,305.70001220703125,305.6000061035156,305.6000061035156,9198
2026-04-23 04:45:00+00:00,305.54998779296875,305.54998779296875,305.70001220703125,305.54998779296875,305.70001220703125,33407
2026-04-23 04:46:00+00:00,305.5,305.5,305.6000061035156,305.5,305.54998779296875,19946
2026-04-23 04:47:00+00:00,305.6499938964844,305.6499938964844,305.70001220703125,305.5,305.5,30665
2026-04-23 04:48:00+00:00,305.6499938964844,305.6499938964844,305.70001220703125,305.54998779296875,305.6000061035156,15702
2026-04-23 04:49:00+00:00,305.70001220703125,305.70001220703125,305.70001220703125,305.54998779296875,305.6499938964844,24067
2026-04-23 04:50:00+00:00,305.54998779296875,305.54998779296875,305.6499938964844,305.54998779296875,305.6499938964844,55261
2026-04-23 04:51:00+00:00,305.45001220703125,305.45001220703125,305.54998779296875,305.45001220703125,305.54998779296875,31164
2026-04-23 04:52:00+00:00,305.29998779296875,305.29998779296875,305.3999938964844,305.25,305.3999938964844,18518
2026-04-23 04:53:00+00:00,305.29998779296875,305.29998779296875,305.3999938964844,305.25,305.3999938964844,7863
2026-04-23 04:54:00+00:00,305.3999938964844,305.3999938964844,305.3999938964844,305.25,305.25,48867
2026-04-23 04:55:00+00:00,305.29998779296875,305.29998779296875,305.3999938964844,305.20001220703125,305.3999938964844,21723
2026-04-23 04:56:00+00:00,305.3999938964844,305.3999938964844,305.3999938964844,305.3500061035156,305.3999938964844,9762
2026-04-23 04:57:00+00:00,305.5,305.5,305.6000061035156,305.29998779296875,305.29998779296875,46560
2026-04-23 04:58:00+00:00,305.20001220703125,305.20001220703125,305.45001220703125,305.20001220703125,305.45001220703125,15035
2026-04-23 04:59:00+00:00,305.29998779296875,305.29998779296875,305.29998779296875,305.20001220703125,305.29998779296875,12300
2026-04-23 05:00:00+00:00,305.25,305.25,305.29998779296875,305.20001220703125,305.20001220703125,18371
2026-04-23 05:01:00+00:00,305.25,305.25,305.29998779296875,305.1499938964844,305.20001220703125,17816
2026-04-23 05:02:00+00:00,305.25,305.25,305.29998779296875,305.20001220703125,305.20001220703125,12287
2026-04-23 05:03:00+00:00,305.1499938964844,305.1499938964844,305.20001220703125,305.04998779296875,305.20001220703125,14857
2026-04-23 05:04:00+00:00,305.04998779296875,305.04998779296875,305.1499938964844,305.0,305.1499938964844,24030
2026-04-23 05:05:00+00:00,304.8500061035156,304.8500061035156,305.04998779296875,304.8500061035156,305.04998779296875,40192
2026-04-23 05:06:00+00:00,304.8999938964844,304.8999938964844,304.95001220703125,304.8999938964844,304.95001220703125,25194
2026-04-23 05:07:00+00:00,304.8999938964844,304.8999938964844,304.95001220703125,304.8999938964844,304.95001220703125,15990
2026-04-23 05:08:00+00:00,304.95001220703125,304.95001220703125,304.95001220703125,304.8999938964844,304.95001220703125,14616
2026-04-23 05:09:00+00:00,304.8999938964844,304.8999938964844,304.95001220703125,304.8500061035156,304.8999938964844,16710
2026-04-23 05:10:00+00:00,304.8500061035156,304.8500061035156,304.95001220703125,304.8500061035156,304.8500061035156,20005
2026-04-23 05:11:00+00:00,304.75,304.75,304.8999938964844,304.6499938964844,304.8999938964844,31252
2026-04-23 05:12:00+00:00,304.75,304.75,304.75,304.70001220703125,304.75,10257
2026-04-23 05:13:00+00:00,304.75,304.75,304.75,304.6000061035156,304.75,15940
2026-04-23 05:14:00+00:00,304.6499938964844,304.6499938964844,304.75,304.54998779296875,304.75,15501
2026-04-23 05:15:00+00:00,304.6499938964844,304.6499938964844,304.6499938964844,304.54998779296875,304.6499938964844,12639
2026-04-23 05:16:00+00:00,304.54998779296875,304.54998779296875,304.6000061035156,304.5,304.6000061035156,26329
2026-04-23 05:17:00+00:00,304.6499938964844,304.6499938964844,304.6499938964844,304.5,304.54998779296875,81646
2026-04-23 05:18:00+00:00,304.6000061035156,304.6000061035156,304.6499938964844,304.5,304.6499938964844,10742
2026-04-23 05:19:00+00:00,304.54998779296875,304.54998779296875,304.6000061035156,304.5,304.6000061035156,15173
2026-04-23 05:20:00+00:00,304.45001220703125,304.45001220703125,304.6000061035156,304.45001220703125,304.54998779296875,9064
2026-04-23 05:21:00+00:00,304.45001220703125,304.45001220703125,304.5,304.3999938964844,304.5,13636
2026-04-23 05:22:00+00:00,304.54998779296875,304.54998779296875,304.6000061035156,304.3999938964844,304.3999938964844,23613
2026-04-23 05:23:00+00:00,304.70001220703125,304.70001220703125,304.70001220703125,304.6000061035156,304.6000061035156,21302
2026-04-23 05:24:00+00:00,304.70001220703125,304.70001220703125,304.75,304.6499938964844,304.70001220703125,13336
2026-04-23 05:25:00+00:00,304.6000061035156,304.6000061035156,304.6499938964844,304.6000061035156,304.6499938964844,8484
2026-04-23 05:26:00+00:00,304.6000061035156,304.6000061035156,304.6499938964844,304.54998779296875,304.6499938964844,10268
2026-04-23 05:27:00+00:00,304.6000061035156,304.6000061035156,304.6499938964844,304.54998779296875,304.6000061035156,17091
2026-04-23 05:28:00+00:00,304.6499938964844,304.6499938964844,304.75,304.6000061035156,304.6000061035156,34104
2026-04-23 05:29:00+00:00,304.6499938964844,304.6499938964844,304.75,304.6499938964844,304.70001220703125,7376
2026-04-23 05:30:00+00:00,304.79998779296875,304.79998779296875,304.79998779296875,304.6499938964844,304.75,23990
2026-04-23 05:31:00+00:00,304.8500061035156,304.8500061035156,304.8500061035156,304.70001220703125,304.75,14406
2026-04-23 05:32:00+00:00,304.79998779296875,304.79998779296875,304.8500061035156,304.70001220703125,304.75,11861
2026-04-23 05:33:00+00:00,304.79998779296875,304.79998779296875,304.8500061035156,304.70001220703125,304.75,15056
2026-04-23 05:34:00+00:00,304.8999938964844,304.8999938964844,304.8999938964844,304.75,304.8500061035156,17011
2026-04-23 05:35:00+00:00,304.79998779296875,304.79998779296875,304.8500061035156,304.79998779296875,304.79998779296875,10695
2026-04-23 05:36:00+00:00,304.75,304.75,304.79998779296875,304.70001220703125,304.79998779296875,11349
2026-04-23 05:37:00+00:00,304.6499938964844,304.6499938964844,304.75,304.6000061035156,304.75,18988
2026-04-23 05:38:00+00:00,304.8500061035156,304.8500061035156,304.8500061035156,304.6499938964844,304.6499938964844,26059
2026-04-23 05:39:00+00:00,304.79998779296875,304.79998779296875,304.8500061035156,304.79998779296875,304.79998779296875,15722
2026-04-23 05:40:00+00:00,304.79998779296875,304.79998779296875,304.79998779296875,304.75,304.75,33898
2026-04-23 05:41:00+00:00,304.79998779296875,304.79998779296875,304.79998779296875,304.75,304.79998779296875,10146
2026-04-23 05:42:00+00:00,304.6499938964844,304.6499938964844,304.75,304.6000061035156,304.75,12577
2026-04-23 05:43:00+00:00,304.6499938964844,304.6499938964844,304.6499938964844,304.54998779296875,304.6499938964844,13783
2026-04-23 05:44:00+00:00,304.6000061035156,304.6000061035156,304.6499938964844,304.6000061035156,304.6499938964844,8190
2026-04-23 05:45:00+00:00,304.6000061035156,304.6000061035156,304.70001220703125,304.6000061035156,304.6499938964844,14420
2026-04-23 05:46:00+00:00,304.70001220703125,304.70001220703125,304.70001220703125,304.6000061035156,304.6000061035156,11767
2026-04-23 05:47:00+00:00,304.6000061035156,304.6000061035156,304.70001220703125,304.6000061035156,304.70001220703125,10697
2026-04-23 05:48:00+00:00,304.70001220703125,304.70001220703125,304.79998779296875,304.6000061035156,304.6499938964844,43993
2026-04-23 05:49:00+00:00,304.6499938964844,304.6499938964844,304.79998779296875,304.6499938964844,304.70001220703125,9962
2026-04-23 05:50:00+00:00,304.6000061035156,304.6000061035156,304.70001220703125,304.6000061035156,304.6499938964844,9544
2026-04-23 05:51:00+00:00,304.6499938964844,304.6499938964844,304.6499938964844,304.54998779296875,304.6000061035156,12479
2026-04-23 05:52:00+00:00,304.6499938964844,304.6499938964844,304.6499938964844,304.6000061035156,304.6000061035156,10265
2026-04-23 05:53:00+00:00,304.54998779296875,304.54998779296875,304.6499938964844,304.54998779296875,304.6000061035156,14787
2026-04-23 05:54:00+00:00,304.6499938964844,304.6499938964844,304.6499938964844,304.54998779296875,304.6499938964844,12401
2026-04-23 05:55:00+00:00,304.6000061035156,304.6000061035156,304.6499938964844,304.54998779296875,304.54998779296875,11742
2026-04-23 05:56:00+00:00,304.6499938964844,304.6499938964844,304.6499938964844,304.54998779296875,304.54998779296875,9838
2026-04-23 05:57:00+00:00,304.6499938964844,304.6499938964844,304.6499938964844,304.54998779296875,304.54998779296875,6887
2026-04-23 05:58:00+00:00,304.6000061035156,304.6000061035156,304.6499938964844,304.54998779296875,304.6000061035156,29300
2026-04-23 05:59:00+00:00,304.75,304.75,304.75,304.54998779296875,304.6000061035156,63068
2026-04-23 06:00:00+00:00,304.8999938964844,304.8999938964844,304.8999938964844,304.6499938964844,304.6499938964844,23427
2026-04-23 06:01:00+00:00,304.8999938964844,304.8999938964844,304.95001220703125,304.79998779296875,304.8999938964844,11914
2026-04-23 06:02:00+00:00,304.79998779296875,304.79998779296875,304.95001220703125,304.75,304.95001220703125,7235
2026-04-23 06:03:00+00:00,304.79998779296875,304.79998779296875,304.79998779296875,304.70001220703125,304.70001220703125,10208
2026-04-23 06:04:00+00:00,304.8500061035156,304.8500061035156,304.8500061035156,304.79998779296875,304.79998779296875,8710
2026-04-23 06:05:00+00:00,304.79998779296875,304.79998779296875,304.8500061035156,304.75,304.75,8253
2026-04-23 06:06:00+00:00,304.75,304.75,304.79998779296875,304.6000061035156,304.79998779296875,13601
2026-04-23 06:07:00+00:00,304.70001220703125,304.70001220703125,304.70001220703125,304.6499938964844,304.70001220703125,12509
2026-04-23 06:08:00+00:00,304.75,304.75,304.75,304.6499938964844,304.70001220703125,15459
2026-04-23 06:09:00+00:00,304.79998779296875,304.79998779296875,304.79998779296875,304.79998779296875,304.79998779296875,15726
2026-04-23 06:10:00+00:00,304.75,304.75,304.75,304.6499938964844,304.75,12392
2026-04-23 06:11:00+00:00,304.6499938964844,304.6499938964844,304.75,304.6000061035156,304.75,9029
2026-04-23 06:12:00+00:00,304.70001220703125,304.70001220703125,304.70001220703125,304.6000061035156,304.70001220703125,16766
2026-04-23 06:13:00+00:00,304.70001220703125,304.70001220703125,304.70001220703125,304.6499938964844,304.6499938964844,8480
2026-04-23 06:14:00+00:00,304.75,304.75,304.75,304.6499938964844,304.6499938964844,9257
2026-04-23 06:15:00+00:00,304.70001220703125,304.70001220703125,304.70001220703125,304.6499938964844,304.70001220703125,22712
2026-04-23 06:16:00+00:00,304.70001220703125,304.70001220703125,304.70001220703125,304.6499938964844,304.70001220703125,10760
2026-04-23 06:17:00+00:00,304.70001220703125,304.70001220703125,304.70001220703125,304.6499938964844,304.6499938964844,10775
2026-04-23 06:18:00+00:00,305.1000061035156,305.1000061035156,305.1000061035156,304.70001220703125,304.70001220703125,75683
2026-04-23 06:19:00+00:00,305.0,305.0,305.1499938964844,305.0,305.1000061035156,14402
2026-04-23 06:20:00+00:00,305.1000061035156,305.1000061035156,305.1499938964844,305.04998779296875,305.1000061035156,13026
2026-04-23 06:21:00+00:00,305.29998779296875,305.29998779296875,305.29998779296875,305.1499938964844,305.1499938964844,20187
2026-04-23 06:22:00+00:00,305.25,305.25,305.29998779296875,305.1499938964844,305.20001220703125,10663
2026-04-23 06:23:00+00:00,305.25,305.25,305.29998779296875,305.20001220703125,305.20001220703125,18778
2026-04-23 06:24:00+00:00,305.29998779296875,305.29998779296875,305.3500061035156,305.20001220703125,305.29998779296875,19769
2026-04-23 06:25:00+00:00,305.3999938964844,305.3999938964844,305.3999938964844,305.3500061035156,305.3500061035156,22705
2026-04-23 06:26:00+00:00,305.3500061035156,305.3500061035156,305.3999938964844,305.3500061035156,305.3999938964844,8606
2026-04-23 06:27:00+00:00,305.29998779296875,305.29998779296875,305.3999938964844,305.29998779296875,305.3999938964844,12811
2026-04-23 06:28:00+00:00,305.3500061035156,305.3500061035156,305.3500061035156,305.29998779296875,305.29998779296875,11250
2026-04-23 06:29:00+00:00,305.3500061035156,305.3500061035156,305.3500061035156,305.25,305.25,14113
2026-04-23 06:30:00+00:00,305.29998779296875,305.29998779296875,305.3500061035156,305.25,305.3500061035156,10931
2026-04-23 06:31:00+00:00,304.8999938964844,304.8999938964844,305.29998779296875,304.8999938964844,305.29998779296875,59302
2026-04-23 06:32:00+00:00,304.8999938964844,304.8999938964844,304.95001220703125,304.79998779296875,304.8500061035156,24508
2026-04-23 06:33:00+00:00,304.8500061035156,304.8500061035156,304.8999938964844,304.79998779296875,304.8999938964844,11726
2026-04-23 06:34:00+00:00,304.6000061035156,304.6000061035156,304.8500061035156,304.54998779296875,304.8500061035156,17229
2026-04-23 06:35:00+00:00,304.5,304.5,304.6000061035156,304.5,304.6000061035156,43156
2026-04-23 06:36:00+00:00,304.6499938964844,304.6499938964844,304.70001220703125,304.5,304.6000061035156,25981
2026-04-23 06:37:00+00:00,305.04998779296875,305.04998779296875,305.04998779296875,304.54998779296875,304.70001220703125,21055
2026-04-23 06:38:00+00:00,305.04998779296875,305.04998779296875,305.04998779296875,304.8999938964844,305.0,11946
2026-04-23 06:39:00+00:00,304.8999938964844,304.8999938964844,305.1000061035156,304.8999938964844,305.0,8505
2026-04-23 06:40:00+00:00,305.0,305.0,305.0,304.8999938964844,305.0,19054
2026-04-23 06:41:00+00:00,305.1000061035156,305.1000061035156,305.25,305.0,305.04998779296875,19418
2026-04-23 06:42:00+00:00,305.25,305.25,305.25,305.04998779296875,305.1000061035156,21486
2026-04-23 06:43:00+00:00,305.1000061035156,305.1000061035156,305.25,305.0,305.25,13694
2026-04-23 06:44:00+00:00,305.1000061035156,305.1000061035156,305.1000061035156,305.04998779296875,305.1000061035156,13892
2026-04-23 06:45:00+00:00,305.1000061035156,305.1000061035156,305.1000061035156,305.04998779296875,305.04998779296875,11196
2026-04-23 06:46:00+00:00,305.04998779296875,305.04998779296875,305.1000061035156,305.0,305.04998779296875,7598
2026-04-23 06:47:00+00:00,305.04998779296875,305.04998779296875,305.04998779296875,305.0,305.0,12676
2026-04-23 06:48:00+00:00,305.04998779296875,305.04998779296875,305.04998779296875,305.0,305.0,9333
2026-04-23 06:49:00+00:00,305.0,305.0,305.04998779296875,304.8999938964844,305.04998779296875,24097
2026-04-23 06:50:00+00:00,304.95001220703125,304.95001220703125,304.95001220703125,304.8999938964844,304.95001220703125,39886
2026-04-23 06:51:00+00:00,304.8999938964844,304.8999938964844,304.95001220703125,304.8999938964844,304.8999938964844,9474
2026-04-23 06:52:00+00:00,305.04998779296875,305.04998779296875,305.1000061035156,304.8500061035156,304.95001220703125,19503
2026-04-23 06:53:00+00:00,305.04998779296875,305.04998779296875,305.1000061035156,304.95001220703125,305.1000061035156,16907
2026-04-23 06:54:00+00:00,305.04998779296875,305.04998779296875,305.04998779296875,304.95001220703125,305.0,16258
2026-04-23 06:55:00+00:00,305.04998779296875,305.04998779296875,305.1000061035156,305.0,305.0,23778
2026-04-23 06:56:00+00:00,304.95001220703125,304.95001220703125,305.04998779296875,304.95001220703125,305.04998779296875,9620
2026-04-23 06:57:00+00:00,304.8999938964844,304.8999938964844,304.95001220703125,304.79998779296875,304.95001220703125,29436
2026-04-23 06:58:00+00:00,304.75,304.75,304.8999938964844,304.75,304.79998779296875,9434
2026-04-23 06:59:00+00:00,304.8999938964844,304.8999938964844,304.8999938964844,304.70001220703125,304.8500061035156,15044
2026-04-23 07:00:00+00:00,304.8999938964844,304.8999938964844,304.95001220703125,304.8500061035156,304.8999938964844,16272
2026-04-23 07:01:00+00:00,304.8999938964844,304.8999938964844,304.95001220703125,304.8500061035156,304.95001220703125,10516
2026-04-23 07:02:00+00:00,304.8999938964844,304.8999938964844,304.8999938964844,304.79998779296875,304.8999938964844,20361
2026-04-23 07:03:00+00:00,304.8500061035156,304.8500061035156,304.8999938964844,304.79998779296875,304.79998779296875,18049
2026-04-23 07:04:00+00:00,305.1000061035156,305.1000061035156,305.1499938964844,304.95001220703125,304.95001220703125,18322
2026-04-23 07:05:00+00:00,305.0,305.0,305.1000061035156,305.0,305.1000061035156,10197
2026-04-23 07:06:00+00:00,304.79998779296875,304.79998779296875,305.04998779296875,304.79998779296875,305.04998779296875,19530
2026-04-23 07:07:00+00:00,304.8999938964844,304.8999938964844,304.8999938964844,304.79998779296875,304.79998779296875,13699
2026-04-23 07:08:00+00:00,305.0,305.0,305.1000061035156,304.8999938964844,304.8999938964844,40499
2026-04-23 07:09:00+00:00,304.95001220703125,304.95001220703125,305.04998779296875,304.95001220703125,305.04998779296875,6663
2026-04-23 07:10:00+00:00,305.0,305.0,305.0,304.95001220703125,305.0,19850
2026-04-23 07:11:00+00:00,304.95001220703125,304.95001220703125,305.0,304.79998779296875,305.0,17090
2026-04-23 07:12:00+00:00,304.8999938964844,304.8999938964844,304.95001220703125,304.79998779296875,304.95001220703125,10105
2026-04-23 07:13:00+00:00,304.8500061035156,304.8500061035156,304.95001220703125,304.79998779296875,304.8999938964844,19607
2026-04-23 07:14:00+00:00,304.8999938964844,304.8999938964844,304.95001220703125,304.75,304.95001220703125,8992
2026-04-23 07:15:00+00:00,304.75,304.75,304.8500061035156,304.75,304.75,7172
2026-04-23 07:16:00+00:00,304.75,304.75,304.8500061035156,304.75,304.8500061035156,7612
2026-04-23 07:17:00+00:00,304.70001220703125,304.70001220703125,304.79998779296875,304.6499938964844,304.79998779296875,25158
2026-04-23 07:18:00+00:00,304.6000061035156,304.6000061035156,304.75,304.54998779296875,304.6499938964844,24603
2026-04-23 07:19:00+00:00,304.75,304.75,304.75,304.54998779296875,304.6000061035156,48389
2026-04-23 07:20:00+00:00,304.95001220703125,304.95001220703125,305.0,304.70001220703125,304.70001220703125,161599
2026-04-23 07:21:00+00:00,304.6000061035156,304.6000061035156,304.8999938964844,304.54998779296875,304.8999938964844,18554
2026-04-23 07:22:00+00:00,304.8500061035156,304.8500061035156,304.8500061035156,304.6000061035156,304.6000061035156,13015
2026-04-23 07:23:00+00:00,304.95001220703125,304.95001220703125,304.95001220703125,304.75,304.8500061035156,9762
2026-04-23 07:24:00+00:00,304.79998779296875,304.79998779296875,304.8999938964844,304.75,304.8999938964844,8732
2026-04-23 07:25:00+00:00,304.79998779296875,304.79998779296875,304.79998779296875,304.75,304.79998779296875,16137
2026-04-23 07:26:00+00:00,304.79998779296875,304.79998779296875,304.8999938964844,304.79998779296875,304.79998779296875,14651
2026-04-23 07:27:00+00:00,304.8999938964844,304.8999938964844,304.95001220703125,304.8999938964844,304.95001220703125,10780
2026-04-23 07:28:00+00:00,304.79998779296875,304.79998779296875,304.8999938964844,304.79998779296875,304.8999938964844,11894
2026-04-23 07:29:00+00:00,304.75,304.75,304.8999938964844,304.75,304.8999938964844,27284
2026-04-23 07:30:00+00:00,304.79998779296875,304.79998779296875,304.8999938964844,304.79998779296875,304.8500061035156,17009
2026-04-23 07:31:00+00:00,305.0,305.0,305.04998779296875,304.79998779296875,304.8999938964844,29307
2026-04-23 07:32:00+00:00,305.1000061035156,305.1000061035156,305.1000061035156,305.0,305.04998779296875,10694
2026-04-23 07:33:00+00:00,305.1000061035156,305.1000061035156,305.1000061035156,305.0,305.1000061035156,9308
2026-04-23 07:34:00+00:00,305.1000061035156,305.1000061035156,305.1000061035156,305.0,305.0,15463
2026-04-23 07:35:00+00:00,305.1000061035156,305.1000061035156,305.1000061035156,305.04998779296875,305.04998779296875,9480
2026-04-23 07:36:00+00:00,305.04998779296875,305.04998779296875,305.1000061035156,305.04998779296875,305.1000061035156,7497
2026-04-23 07:37:00+00:00,305.04998779296875,305.04998779296875,305.04998779296875,305.0,305.0,35122
2026-04-23 07:38:00+00:00,305.0,305.0,305.04998779296875,305.0,305.0,10687
2026-04-23 07:39:00+00:00,305.04998779296875,305.04998779296875,305.04998779296875,305.0,305.04998779296875,20214
2026-04-23 07:40:00+00:00,305.1000061035156,305.1000061035156,305.1000061035156,305.04998779296875,305.04998779296875,35248
2026-04-23 07:41:00+00:00,305.0,305.0,305.1000061035156,305.0,305.1000061035156,83700
2026-04-23 07:42:00+00:00,305.0,305.0,305.04998779296875,305.0,305.04998779296875,9894
2026-04-23 07:43:00+00:00,305.0,305.0,305.04998779296875,305.0,305.04998779296875,7636
2026-04-23 07:44:00+00:00,305.04998779296875,305.04998779296875,305.04998779296875,305.0,305.04998779296875,12298
2026-04-23 07:45:00+00:00,305.0,305.0,305.04998779296875,305.0,305.04998779296875,9006
2026-04-23 07:46:00+00:00,305.0,305.0,305.04998779296875,305.0,305.04998779296875,16916
2026-04-23 07:47:00+00:00,305.04998779296875,305.04998779296875,305.04998779296875,304.8999938964844,305.04998779296875,146475
2026-04-23 07:48:00+00:00,305.04998779296875,305.04998779296875,305.1000061035156,305.04998779296875,305.04998779296875,8082
2026-04-23 07:49:00+00:00,305.29998779296875,305.29998779296875,305.3500061035156,305.1000061035156,305.1000061035156,55277
2026-04-23 07:50:00+00:00,305.54998779296875,305.54998779296875,305.6499938964844,305.3999938964844,305.3999938964844,96281
2026-04-23 07:51:00+00:00,305.54998779296875,305.54998779296875,305.6000061035156,305.5,305.54998779296875,29353
2026-04-23 07:52:00+00:00,305.6499938964844,305.6499938964844,305.6499938964844,305.3999938964844,305.45001220703125,35067
2026-04-23 07:53:00+00:00,305.70001220703125,305.70001220703125,305.75,305.6499938964844,305.70001220703125,53699
2026-04-23 07:54:00+00:00,305.6000061035156,305.6000061035156,305.79998779296875,305.6000061035156,305.70001220703125,43684
2026-04-23 07:55:00+00:00,305.54998779296875,305.54998779296875,305.79998779296875,305.5,305.70001220703125,38518
2026-04-23 07:56:00+00:00,305.3999938964844,305.3999938964844,305.5,305.29998779296875,305.3500061035156,13940
2026-04-23 07:57:00+00:00,305.29998779296875,305.29998779296875,305.3999938964844,305.29998779296875,305.3500061035156,15109
2026-04-23 07:58:00+00:00,305.6000061035156,305.6000061035156,305.6000061035156,305.29998779296875,305.3500061035156,30209
2026-04-23 07:59:00+00:00,305.6000061035156,305.6000061035156,305.70001220703125,305.54998779296875,305.6000061035156,16083
2026-04-23 08:00:00+00:00,305.5,305.5,305.6499938964844,305.45001220703125,305.6499938964844,16456
2026-04-23 08:01:00+00:00,305.5,305.5,305.5,305.3999938964844,305.5,11668
2026-04-23 08:02:00+00:00,305.3999938964844,305.3999938964844,305.5,305.3999938964844,305.3999938964844,24755
2026-04-23 08:03:00+00:00,305.5,305.5,305.5,305.3999938964844,305.45001220703125,14583
2026-04-23 08:04:00+00:00,305.29998779296875,305.29998779296875,305.45001220703125,305.29998779296875,305.3999938964844,13805
2026-04-23 08:05:00+00:00,305.1499938964844,305.1499938964844,305.25,305.04998779296875,305.25,19032
2026-04-23 08:06:00+00:00,305.1499938964844,305.1499938964844,305.1499938964844,305.1000061035156,305.1000061035156,8326
2026-04-23 08:07:00+00:00,305.1499938964844,305.1499938964844,305.1499938964844,305.04998779296875,305.1499938964844,7970
2026-04-23 08:08:00+00:00,305.1000061035156,305.1000061035156,305.1000061035156,305.04998779296875,305.04998779296875,8438
2026-04-23 08:09:00+00:00,305.0,305.0,305.1000061035156,305.0,305.04998779296875,10323
2026-04-23 08:10:00+00:00,305.04998779296875,305.04998779296875,305.1000061035156,305.0,305.1000061035156,22138
2026-04-23 08:11:00+00:00,304.95001220703125,304.95001220703125,305.04998779296875,304.8999938964844,305.0,14283
2026-04-23 08:12:00+00:00,304.8999938964844,304.8999938964844,304.95001220703125,304.8500061035156,304.95001220703125,30746
2026-04-23 08:13:00+00:00,305.0,305.0,305.1499938964844,304.8999938964844,304.95001220703125,41953
2026-04-23 08:14:00+00:00,305.1000061035156,305.1000061035156,305.1000061035156,304.95001220703125,305.0,7570
2026-04-23 08:15:00+00:00,305.1000061035156,305.1000061035156,305.1000061035156,304.95001220703125,305.0,11252
2026-04-23 08:16:00+00:00,305.0,305.0,305.1000061035156,305.0,305.0,5016
2026-04-23 08:17:00+00:00,305.1000061035156,305.1000061035156,305.1000061035156,305.0,305.1000061035156,13212
2026-04-23 08:18:00+00:00,305.1000061035156,305.1000061035156,305.1499938964844,305.04998779296875,305.04998779296875,10328
2026-04-23 08:19:00+00:00,305.1000061035156,305.1000061035156,305.1000061035156,305.0,305.1000061035156,8021
2026-04-23 08:20:00+00:00,305.1499938964844,305.1499938964844,305.1499938964844,305.04998779296875,305.04998779296875,21975
2026-04-23 08:21:00+00:00,305.20001220703125,305.20001220703125,305.20001220703125,305.1499938964844,305.1499938964844,12691
2026-04-23 08:22:00+00:00,305.1499938964844,305.1499938964844,305.20001220703125,305.1000061035156,305.20001220703125,9016
2026-04-23 08:23:00+00:00,305.04998779296875,305.04998779296875,305.1499938964844,305.0,305.1499938964844,18333
2026-04-23 08:24:00+00:00,305.04998779296875,305.04998779296875,305.04998779296875,304.95001220703125,305.0,18950
2026-04-23 08:25:00+00:00,305.04998779296875,305.04998779296875,305.04998779296875,305.0,305.04998779296875,9587
2026-04-23 08:26:00+00:00,305.29998779296875,305.29998779296875,305.3500061035156,305.0,305.04998779296875,63543
2026-04-23 08:27:00+00:00,305.3500061035156,305.3500061035156,305.3999938964844,305.25,305.3999938964844,11310
2026-04-23 08:28:00+00:00,305.29998779296875,305.29998779296875,305.45001220703125,305.29998779296875,305.3500061035156,9276
2026-04-23 08:29:00+00:00,305.29998779296875,305.29998779296875,305.3999938964844,305.29998779296875,305.3999938964844,13566
2026-04-23 08:30:00+00:00,305.45001220703125,305.45001220703125,305.5,305.29998779296875,305.29998779296875,23408
2026-04-23 08:31:00+00:00,305.29998779296875,305.29998779296875,305.45001220703125,305.29998779296875,305.3500061035156,14988
2026-04-23 08:32:00+00:00,305.25,305.25,305.29998779296875,305.1499938964844,305.29998779296875,12732
2026-04-23 08:33:00+00:00,305.20001220703125,305.20001220703125,305.25,305.1499938964844,305.1499938964844,12278
2026-04-23 08:34:00+00:00,305.1000061035156,305.1000061035156,305.20001220703125,305.1000061035156,305.20001220703125,9394
2026-04-23 08:35:00+00:00,305.1000061035156,305.1000061035156,305.1499938964844,305.0,305.1499938964844,14265
2026-04-23 08:36:00+00:00,305.04998779296875,305.04998779296875,305.1000061035156,305.0,305.1000061035156,8608
2026-04-23 08:37:00+00:00,305.0,305.0,305.04998779296875,305.0,305.0,7713
2026-04-23 08:38:00+00:00,304.8999938964844,304.8999938964844,305.0,304.8999938964844,305.0,16920
2026-04-23 08:39:00+00:00,304.8500061035156,304.8500061035156,304.95001220703125,304.8500061035156,304.95001220703125,36963
2026-04-23 08:40:00+00:00,304.95001220703125,304.95001220703125,304.95001220703125,304.79998779296875,304.8999938964844,28028
2026-04-23 08:41:00+00:00,304.79998779296875,304.79998779296875,304.95001220703125,304.79998779296875,304.95001220703125,16594
2026-04-23 08:42:00+00:00,304.8500061035156,304.8500061035156,304.8500061035156,304.79998779296875,304.79998779296875,26501
2026-04-23 08:43:00+00:00,304.79998779296875,304.79998779296875,304.8500061035156,304.70001220703125,304.8500061035156,18621
2026-04-23 08:44:00+00:00,304.75,304.75,304.79998779296875,304.70001220703125,304.79998779296875,12846
2026-04-23 08:45:00+00:00,304.75,304.75,304.75,304.70001220703125,304.75,11932
2026-04-23 08:46:00+00:00,304.79998779296875,304.79998779296875,304.79998779296875,304.70001220703125,304.75,28451
2026-04-23 08:47:00+00:00,305.1000061035156,305.1000061035156,305.1000061035156,304.79998779296875,304.79998779296875,43472
2026-04-23 08:48:00+00:00,305.0,305.0,305.04998779296875,304.8999938964844,305.04998779296875,47434
2026-04-23 08:49:00+00:00,304.8500061035156,304.8500061035156,305.04998779296875,304.79998779296875,305.0,99706
2026-04-23 08:50:00+00:00,304.8999938964844,304.8999938964844,304.8999938964844,304.6499938964844,304.8500061035156,71002
2026-04-23 08:51:00+00:00,305.0,305.0,305.04998779296875,304.75,304.8999938964844,44003
2026-04-23 08:52:00+00:00,305.0,305.0,305.04998779296875,305.0,305.04998779296875,42269
2026-04-23 08:53:00+00:00,305.04998779296875,305.04998779296875,305.04998779296875,305.0,305.0,11240
2026-04-23 08:54:00+00:00,304.95001220703125,304.95001220703125,305.1000061035156,304.95001220703125,305.0,75403
2026-04-23 08:55:00+00:00,304.95001220703125,304.95001220703125,305.0,304.8999938964844,305.0,23813
2026-04-23 08:56:00+00:00,304.8500061035156,304.8500061035156,304.95001220703125,304.79998779296875,304.95001220703125,21039
2026-04-23 08:57:00+00:00,304.8500061035156,304.8500061035156,304.8500061035156,304.79998779296875,304.79998779296875,8784
2026-04-23 08:58:00+00:00,305.0,305.0,305.04998779296875,304.70001220703125,304.8500061035156,55066
2026-04-23 08:59:00+00:00,305.04998779296875,305.04998779296875,305.04998779296875,305.0,305.0,36064
2026-04-23 09:00:00+00:00,305.0,305.0,305.04998779296875,305.0,305.04998779296875,13080
2026-04-23 09:01:00+00:00,305.1499938964844,305.1499938964844,305.1499938964844,305.0,305.04998779296875,46174
2026-04-23 09:02:00+00:00,305.04998779296875,305.04998779296875,305.1499938964844,305.0,305.1000061035156,13398
2026-04-23 09:03:00+00:00,305.04998779296875,305.04998779296875,305.04998779296875,305.0,305.04998779296875,8076
2026-04-23 09:04:00+00:00,305.0,305.0,305.04998779296875,305.0,305.0,19885
2026-04-23 09:05:00+00:00,305.04998779296875,305.04998779296875,305.04998779296875,304.95001220703125,305.0,57800
2026-04-23 09:06:00+00:00,305.0,305.0,305.04998779296875,304.95001220703125,305.0,34331
2026-04-23 09:07:00+00:00,304.8999938964844,304.8999938964844,305.04998779296875,304.8500061035156,305.04998779296875,11792
2026-04-23 09:08:00+00:00,305.0,305.0,305.0,304.79998779296875,304.79998779296875,20678
2026-04-23 09:09:00+00:00,304.95001220703125,304.95001220703125,305.0,304.8500061035156,304.8999938964844,31073
2026-04-23 09:10:00+00:00,305.0,305.0,305.0,304.70001220703125,304.75,75657
2026-04-23 09:11:00+00:00,305.0,305.0,305.04998779296875,304.8500061035156,305.0,117142
2026-04-23 09:12:00+00:00,305.04998779296875,305.04998779296875,305.04998779296875,304.8500061035156,305.0,42883
2026-04-23 09:13:00+00:00,304.79998779296875,304.79998779296875,305.0,304.70001220703125,304.8999938964844,15071
2026-04-23 09:14:00+00:00,304.70001220703125,304.70001220703125,304.79998779296875,304.70001220703125,304.75,27391
2026-04-23 09:15:00+00:00,305.04998779296875,305.04998779296875,305.04998779296875,304.75,304.75,133757
2026-04-23 09:16:00+00:00,305.04998779296875,305.04998779296875,305.04998779296875,305.0,305.0,20185
2026-04-23 09:17:00+00:00,305.1499938964844,305.1499938964844,305.20001220703125,305.0,305.0,49399
2026-04-23 09:18:00+00:00,305.1499938964844,305.1499938964844,305.25,305.1000061035156,305.1000061035156,56197
2026-04-23 09:19:00+00:00,304.95001220703125,304.95001220703125,305.1000061035156,304.95001220703125,305.0,48337
2026-04-23 09:20:00+00:00,305.0,305.0,305.04998779296875,304.95001220703125,304.95001220703125,24105
2026-04-23 09:21:00+00:00,304.8999938964844,304.8999938964844,305.04998779296875,304.8999938964844,305.04998779296875,37544
2026-04-23 09:22:00+00:00,305.0,305.0,305.0,304.8999938964844,305.0,23165
2026-04-23 09:23:00+00:00,305.1000061035156,305.1000061035156,305.1000061035156,305.0,305.0,24464
2026-04-23 09:24:00+00:00,305.1499938964844,305.1499938964844,305.1499938964844,305.04998779296875,305.1000061035156,21402
2026-04-23 09:25:00+00:00,305.20001220703125,305.20001220703125,305.20001220703125,305.1499938964844,305.1499938964844,18074
2026-04-23 09:26:00+00:00,305.1000061035156,305.1000061035156,305.20001220703125,305.1000061035156,305.20001220703125,18348
2026-04-23 09:27:00+00:00,305.1000061035156,305.1000061035156,305.1499938964844,305.0,305.1499938964844,14732
2026-04-23 09:28:00+00:00,305.1000061035156,305.1000061035156,305.1000061035156,305.0,305.1000061035156,15043
2026-04-23 09:29:00+00:00,305.1499938964844,305.1499938964844,305.1499938964844,305.1000061035156,305.1000061035156,27330
2026-04-23 09:30:00+00:00,305.1000061035156,305.1000061035156,305.1499938964844,305.1000061035156,305.1000061035156,14932
2026-04-23 09:31:00+00:00,305.20001220703125,305.20001220703125,305.25,305.1000061035156,305.1499938964844,75637
2026-04-23 09:32:00+00:00,305.25,305.25,305.29998779296875,305.1499938964844,305.20001220703125,109439
2026-04-23 09:33:00+00:00,305.25,305.25,305.25,305.04998779296875,305.25,67524
2026-04-23 09:34:00+00:00,305.20001220703125,305.20001220703125,305.29998779296875,305.20001220703125,305.25,28793
2026-04-23 09:35:00+00:00,305.3500061035156,305.3500061035156,305.45001220703125,305.1499938964844,305.29998779296875,79764
2026-04-23 09:36:00+00:00,305.25,305.25,305.5,305.25,305.3500061035156,127816
2026-04-23 09:37:00+00:00,305.3500061035156,305.3500061035156,305.45001220703125,305.20001220703125,305.3999938964844,55979
2026-04-23 09:38:00+00:00,305.29998779296875,305.29998779296875,305.29998779296875,305.20001220703125,305.20001220703125,13704
2026-04-23 09:39:00+00:00,305.1499938964844,305.1499938964844,305.3500061035156,305.1499938964844,305.3500061035156,26649
2026-04-23 09:40:00+00:00,305.25,305.25,305.25,305.1499938964844,305.1499938964844,37234
2026-04-23 09:41:00+00:00,305.25,305.25,305.25,305.20001220703125,305.25,24767
2026-04-23 09:42:00+00:00,305.25,305.25,305.3500061035156,305.20001220703125,305.3500061035156,70614
2026-04-23 09:43:00+00:00,305.04998779296875,305.04998779296875,305.25,305.04998779296875,305.1499938964844,31793
2026-04-23 09:44:00+00:00,305.29998779296875,305.29998779296875,305.45001220703125,305.25,305.25,123210
2026-04-23 09:45:00+00:00,305.3500061035156,305.3500061035156,305.45001220703125,305.20001220703125,305.20001220703125,78371
2026-04-23 09:46:00+00:00,305.3999938964844,305.3999938964844,305.45001220703125,305.25,305.3500061035156,59286
2026-04-23 09:47:00+00:00,305.25,305.25,305.3500061035156,305.25,305.3500061035156,28154
2026-04-23 09:48:00+00:00,305.25,305.25,305.25,305.25,305.25,33293
2026-04-23 09:49:00+00:00,305.25,305.25,305.25,305.20001220703125,305.25,15642
2026-04-23 09:50:00+00:00,305.1499938964844,305.1499938964844,305.25,305.1499938964844,305.20001220703125,22054
2026-04-23 09:51:00+00:00,305.25,305.25,305.3500061035156,305.20001220703125,305.25,38107
2026-04-23 09:52:00+00:00,305.29998779296875,305.29998779296875,305.29998779296875,305.29998779296875,305.29998779296875,22166
2026-04-23 09:53:00+00:00,305.25,305.25,305.29998779296875,305.20001220703125,305.20001220703125,34222
2026-04-23 09:54:00+00:00,305.25,305.25,305.29998779296875,305.20001220703125,305.25,68771
2026-04-23 09:55:00+00:00,305.29998779296875,305.29998779296875,305.29998779296875,305.20001220703125,305.25,64134
2026-04-23 09:56:00+00:00,305.3999938964844,305.3999938964844,305.3999938964844,305.20001220703125,305.25,40535
2026-04-23 09:57:00+00:00,305.3500061035156,305.3500061035156,305.3999938964844,305.3500061035156,305.3500061035156,44200
2026-04-23 09:58:00+00:00,305.3500061035156,305.3500061035156,305.3999938964844,305.3500061035156,305.3999938964844,53906
2026-04-23 09:59:00+00:00,305.3500061035156,305.3500061035156,305.54998779296875,305.25,305.54998779296875,47275
2026-04-24 03:45:00+00:00,304.25,304.25,306.6499938964844,303.6499938964844,306.6499938964844,0
2026-04-24 03:46:00+00:00,304.1000061035156,304.1000061035156,304.3999938964844,303.75,304.3999938964844,71873
2026-04-24 03:47:00+00:00,303.79998779296875,303.79998779296875,304.0,303.20001220703125,304.0,128487
2026-04-24 03:48:00+00:00,303.6000061035156,303.6000061035156,303.75,303.6000061035156,303.75,98426
2026-04-24 03:49:00+00:00,303.70001220703125,303.70001220703125,304.1499938964844,303.70001220703125,304.1499938964844,78751
2026-04-24 03:50:00+00:00,303.3999938964844,303.3999938964844,303.8999938964844,303.3999938964844,303.8999938964844,84193
2026-04-24 03:51:00+00:00,303.6000061035156,303.6000061035156,303.6499938964844,303.3500061035156,303.3500061035156,43713
2026-04-24 03:52:00+00:00,303.8500061035156,303.8500061035156,303.8999938964844,303.6499938964844,303.6499938964844,34264
2026-04-24 03:53:00+00:00,303.8999938964844,303.8999938964844,304.04998779296875,303.8999938964844,303.8999938964844,34505
2026-04-24 03:54:00+00:00,303.75,303.75,303.95001220703125,303.70001220703125,303.95001220703125,39940
2026-04-24 03:55:00+00:00,303.54998779296875,303.54998779296875,303.6000061035156,303.5,303.6000061035156,52519
2026-04-24 03:56:00+00:00,303.45001220703125,303.45001220703125,303.5,303.3999938964844,303.5,27914
2026-04-24 03:57:00+00:00,303.3500061035156,303.3500061035156,303.3999938964844,303.3500061035156,303.3999938964844,22522
2026-04-24 03:58:00+00:00,303.3500061035156,303.3500061035156,303.3500061035156,303.29998779296875,303.3500061035156,32256
2026-04-24 03:59:00+00:00,303.3500061035156,303.3500061035156,303.3999938964844,303.29998779296875,303.3500061035156,35358
2026-04-24 04:00:00+00:00,303.3999938964844,303.3999938964844,303.3999938964844,303.1000061035156,303.25,64270
2026-04-24 04:01:00+00:00,303.3500061035156,303.3500061035156,303.3500061035156,303.3500061035156,303.3500061035156,18247
2026-04-24 04:02:00+00:00,302.8999938964844,302.8999938964844,303.29998779296875,302.8500061035156,303.29998779296875,104703
2026-04-24 04:03:00+00:00,303.20001220703125,303.20001220703125,303.20001220703125,302.95001220703125,302.95001220703125,37296
2026-04-24 04:04:00+00:00,303.1499938964844,303.1499938964844,303.29998779296875,303.1000061035156,303.29998779296875,11301
2026-04-24 04:05:00+00:00,303.20001220703125,303.20001220703125,303.20001220703125,303.0,303.1000061035156,30942
2026-04-24 04:06:00+00:00,303.1000061035156,303.1000061035156,303.1499938964844,303.04998779296875,303.1499938964844,20884
2026-04-24 04:07:00+00:00,303.1000061035156,303.1000061035156,303.1499938964844,303.0,303.0,78099
2026-04-24 04:08:00+00:00,302.8500061035156,302.8500061035156,303.1000061035156,302.8500061035156,303.1000061035156,24401
2026-04-24 04:09:00+00:00,303.0,303.0,303.0,302.8500061035156,302.8500061035156,26170
2026-04-24 04:10:00+00:00,303.1000061035156,303.1000061035156,303.20001220703125,303.0,303.0,26485
2026-04-24 04:11:00+00:00,303.29998779296875,303.29998779296875,303.3500061035156,303.20001220703125,303.20001220703125,56101
2026-04-24 04:12:00+00:00,303.04998779296875,303.04998779296875,303.29998779296875,303.04998779296875,303.29998779296875,30510
2026-04-24 04:13:00+00:00,303.1000061035156,303.1000061035156,303.25,303.04998779296875,303.04998779296875,30631
2026-04-24 04:14:00+00:00,303.0,303.0,303.1000061035156,303.0,303.1000061035156,26195
2026-04-24 04:15:00+00:00,302.8999938964844,302.8999938964844,302.95001220703125,302.79998779296875,302.95001220703125,93672
2026-04-24 04:16:00+00:00,303.1000061035156,303.1000061035156,303.20001220703125,302.95001220703125,302.95001220703125,38783
2026-04-24 04:17:00+00:00,303.04998779296875,303.04998779296875,303.1499938964844,302.95001220703125,302.95001220703125,25781
2026-04-24 04:18:00+00:00,303.25,303.25,303.25,303.0,303.1000061035156,29995
2026-04-24 04:19:00+00:00,303.29998779296875,303.29998779296875,303.29998779296875,303.1499938964844,303.29998779296875,40354
2026-04-24 04:20:00+00:00,303.45001220703125,303.45001220703125,303.45001220703125,303.29998779296875,303.29998779296875,18833
2026-04-24 04:21:00+00:00,303.70001220703125,303.70001220703125,303.70001220703125,303.3999938964844,303.45001220703125,43256
2026-04-24 04:22:00+00:00,303.6000061035156,303.6000061035156,303.70001220703125,303.6000061035156,303.70001220703125,16852
2026-04-24 04:23:00+00:00,303.54998779296875,303.54998779296875,303.6000061035156,303.54998779296875,303.54998779296875,20396
2026-04-24 04:24:00+00:00,303.5,303.5,303.5,303.45001220703125,303.5,29994
2026-04-24 04:25:00+00:00,303.3999938964844,303.3999938964844,303.54998779296875,303.29998779296875,303.54998779296875,23620
2026-04-24 04:26:00+00:00,303.45001220703125,303.45001220703125,303.5,303.3999938964844,303.45001220703125,14808
2026-04-24 04:27:00+00:00,303.45001220703125,303.45001220703125,303.5,303.29998779296875,303.5,19441
2026-04-24 04:28:00+00:00,303.3999938964844,303.3999938964844,303.45001220703125,303.3500061035156,303.45001220703125,14695
2026-04-24 04:29:00+00:00,303.5,303.5,303.5,303.3500061035156,303.3999938964844,23758
2026-04-24 04:30:00+00:00,303.6000061035156,303.6000061035156,303.6000061035156,303.45001220703125,303.5,19926
2026-04-24 04:31:00+00:00,303.8500061035156,303.8500061035156,303.8500061035156,303.54998779296875,303.54998779296875,30462
2026-04-24 04:32:00+00:00,303.79998779296875,303.79998779296875,303.8500061035156,303.70001220703125,303.8500061035156,31265
2026-04-24 04:33:00+00:00,303.70001220703125,303.70001220703125,303.79998779296875,303.6499938964844,303.79998779296875,18190
2026-04-24 04:34:00+00:00,303.6499938964844,303.6499938964844,303.70001220703125,303.6499938964844,303.70001220703125,19111
2026-04-24 04:35:00+00:00,303.70001220703125,303.70001220703125,303.70001220703125,303.6499938964844,303.6499938964844,23966
2026-04-24 04:36:00+00:00,303.79998779296875,303.79998779296875,303.79998779296875,303.70001220703125,303.70001220703125,17839
2026-04-24 04:37:00+00:00,303.75,303.75,303.8999938964844,303.75,303.79998779296875,47399
2026-04-24 04:38:00+00:00,303.75,303.75,303.75,303.70001220703125,303.75,10983
2026-04-24 04:39:00+00:00,303.75,303.75,303.75,303.70001220703125,303.75,20767
2026-04-24 04:40:00+00:00,303.75,303.75,303.75,303.6000061035156,303.70001220703125,31851
2026-04-24 04:41:00+00:00,303.75,303.75,303.8500061035156,303.75,303.8500061035156,17846
2026-04-24 04:42:00+00:00,303.75,303.75,303.75,303.70001220703125,303.75,14620
2026-04-24 04:43:00+00:00,303.70001220703125,303.70001220703125,303.70001220703125,303.6499938964844,303.6499938964844,12653
2026-04-24 04:44:00+00:00,303.70001220703125,303.70001220703125,303.70001220703125,303.6000061035156,303.70001220703125,18480
2026-04-24 04:45:00+00:00,303.6499938964844,303.6499938964844,303.70001220703125,303.6000061035156,303.70001220703125,27081
2026-04-24 04:46:00+00:00,303.6000061035156,303.6000061035156,303.6499938964844,303.6000061035156,303.6000061035156,12368
2026-04-24 04:47:00+00:00,304.04998779296875,304.04998779296875,304.04998779296875,303.5,303.6499938964844,63926
2026-04-24 04:48:00+00:00,303.95001220703125,303.95001220703125,304.0,303.79998779296875,303.95001220703125,23882
2026-04-24 04:49:00+00:00,304.0,304.0,304.0,303.95001220703125,304.0,13681
2026-04-24 04:50:00+00:00,304.0,304.0,304.0,303.95001220703125,304.0,11840
2026-04-24 04:51:00+00:00,304.0,304.0,304.0,303.8999938964844,304.0,15443
2026-04-24 04:52:00+00:00,304.0,304.0,304.0,303.95001220703125,304.0,15719
2026-04-24 04:53:00+00:00,304.20001220703125,304.20001220703125,304.29998779296875,303.8999938964844,303.8999938964844,56186
2026-04-24 04:54:00+00:00,303.95001220703125,303.95001220703125,304.20001220703125,303.95001220703125,304.20001220703125,19480
2026-04-24 04:55:00+00:00,303.95001220703125,303.95001220703125,304.0,303.79998779296875,303.79998779296875,31169
2026-04-24 04:56:00+00:00,304.20001220703125,304.20001220703125,304.20001220703125,304.0,304.0,40412
2026-04-24 04:57:00+00:00,304.1499938964844,304.1499938964844,304.20001220703125,304.04998779296875,304.20001220703125,21220
2026-04-24 04:58:00+00:00,304.20001220703125,304.20001220703125,304.20001220703125,304.1000061035156,304.1499938964844,23770
2026-04-24 04:59:00+00:00,304.3500061035156,304.3500061035156,304.3999938964844,304.20001220703125,304.20001220703125,34603
2026-04-24 05:00:00+00:00,304.25,304.25,304.3999938964844,304.20001220703125,304.3500061035156,52902
2026-04-24 05:01:00+00:00,304.29998779296875,304.29998779296875,304.3500061035156,304.1499938964844,304.29998779296875,22126
2026-04-24 05:02:00+00:00,304.25,304.25,304.29998779296875,304.25,304.29998779296875,15702
2026-04-24 05:03:00+00:00,304.25,304.25,304.25,304.1499938964844,304.25,18347
2026-04-24 05:04:00+00:00,304.3999938964844,304.3999938964844,304.45001220703125,304.25,304.25,19892
2026-04-24 05:05:00+00:00,304.45001220703125,304.45001220703125,304.45001220703125,304.29998779296875,304.3999938964844,22830
2026-04-24 05:06:00+00:00,304.45001220703125,304.45001220703125,304.45001220703125,304.3500061035156,304.45001220703125,17709
2026-04-24 05:07:00+00:00,304.45001220703125,304.45001220703125,304.45001220703125,304.3500061035156,304.45001220703125,24516
2026-04-24 05:08:00+00:00,304.45001220703125,304.45001220703125,304.45001220703125,304.3999938964844,304.3999938964844,22111
2026-04-24 05:09:00+00:00,304.6000061035156,304.6000061035156,304.6000061035156,304.45001220703125,304.45001220703125,32593
2026-04-24 05:10:00+00:00,304.54998779296875,304.54998779296875,304.6000061035156,304.45001220703125,304.6000061035156,40271
2026-04-24 05:11:00+00:00,304.45001220703125,304.45001220703125,304.54998779296875,304.45001220703125,304.54998779296875,13220
2026-04-24 05:12:00+00:00,304.3999938964844,304.3999938964844,304.45001220703125,304.29998779296875,304.45001220703125,13867
2026-04-24 05:13:00+00:00,304.5,304.5,304.54998779296875,304.3999938964844,304.3999938964844,28822
2026-04-24 05:14:00+00:00,304.45001220703125,304.45001220703125,304.54998779296875,304.45001220703125,304.5,24487
2026-04-24 05:15:00+00:00,304.5,304.5,304.5,304.3999938964844,304.45001220703125,12914
2026-04-24 05:16:00+00:00,304.45001220703125,304.45001220703125,304.5,304.3999938964844,304.45001220703125,19588
2026-04-24 05:17:00+00:00,304.3500061035156,304.3500061035156,304.45001220703125,304.3500061035156,304.45001220703125,12371
2026-04-24 05:18:00+00:00,304.3500061035156,304.3500061035156,304.3500061035156,304.25,304.3500061035156,19541
2026-04-24 05:19:00+00:00,304.29998779296875,304.29998779296875,304.3500061035156,304.29998779296875,304.3500061035156,18440
2026-04-24 05:20:00+00:00,304.20001220703125,304.20001220703125,304.3500061035156,304.20001220703125,304.29998779296875,12628
2026-04-24 05:21:00+00:00,304.45001220703125,304.45001220703125,304.45001220703125,304.20001220703125,304.29998779296875,25966
2026-04-24 05:22:00+00:00,304.45001220703125,304.45001220703125,304.45001220703125,304.3999938964844,304.45001220703125,13054
2026-04-24 05:23:00+00:00,304.54998779296875,304.54998779296875,304.6000061035156,304.45001220703125,304.5,24417
2026-04-24 05:24:00+00:00,304.54998779296875,304.54998779296875,304.6000061035156,304.45001220703125,304.45001220703125,15836
2026-04-24 05:25:00+00:00,304.5,304.5,304.6000061035156,304.3999938964844,304.6000061035156,16686
2026-04-24 05:26:00+00:00,304.5,304.5,304.54998779296875,304.5,304.5,21490
2026-04-24 05:27:00+00:00,304.6000061035156,304.6000061035156,304.6000061035156,304.45001220703125,304.5,34884
2026-04-24 05:28:00+00:00,304.6000061035156,304.6000061035156,304.6499938964844,304.54998779296875,304.6499938964844,25373
2026-04-24 05:29:00+00:00,304.5,304.5,304.6000061035156,304.3999938964844,304.6000061035156,22660
2026-04-24 05:30:00+00:00,304.54998779296875,304.54998779296875,304.54998779296875,304.45001220703125,304.5,15475
2026-04-24 05:31:00+00:00,304.5,304.5,304.54998779296875,304.5,304.54998779296875,24950
2026-04-24 05:32:00+00:00,304.6000061035156,304.6000061035156,304.6000061035156,304.45001220703125,304.5,20818
2026-04-24 05:33:00+00:00,304.6000061035156,304.6000061035156,304.6000061035156,304.6000061035156,304.6000061035156,27042
2026-04-24 05:34:00+00:00,304.6499938964844,304.6499938964844,304.6499938964844,304.6000061035156,304.6499938964844,25462
2026-04-24 05:35:00+00:00,304.6499938964844,304.6499938964844,304.6499938964844,304.6000061035156,304.6499938964844,20047
2026-04-24 05:36:00+00:00,304.54998779296875,304.54998779296875,304.6000061035156,304.5,304.54998779296875,35634
2026-04-24 05:37:00+00:00,304.54998779296875,304.54998779296875,304.54998779296875,304.5,304.54998779296875,14978
2026-04-24 05:38:00+00:00,304.54998779296875,304.54998779296875,304.54998779296875,304.5,304.54998779296875,14322
2026-04-24 05:39:00+00:00,304.45001220703125,304.45001220703125,304.54998779296875,304.45001220703125,304.54998779296875,23127
2026-04-24 05:40:00+00:00,304.45001220703125,304.45001220703125,304.45001220703125,304.45001220703125,304.45001220703125,20125
2026-04-24 05:41:00+00:00,304.45001220703125,304.45001220703125,304.45001220703125,304.3500061035156,304.45001220703125,23383
2026-04-24 05:42:00+00:00,304.3999938964844,304.3999938964844,304.45001220703125,304.3500061035156,304.3999938964844,14753
2026-04-24 05:43:00+00:00,304.3500061035156,304.3500061035156,304.45001220703125,304.25,304.3999938964844,21947
2026-04-24 05:44:00+00:00,304.45001220703125,304.45001220703125,304.45001220703125,304.3500061035156,304.3500061035156,21182
2026-04-24 05:45:00+00:00,304.3999938964844,304.3999938964844,304.45001220703125,304.3999938964844,304.3999938964844,14303
2026-04-24 05:46:00+00:00,304.6000061035156,304.6000061035156,304.6000061035156,304.3999938964844,304.3999938964844,24729
2026-04-24 05:47:00+00:00,304.54998779296875,304.54998779296875,304.54998779296875,304.54998779296875,304.54998779296875,26073
2026-04-24 05:48:00+00:00,304.6000061035156,304.6000061035156,304.6000061035156,304.5,304.5,13679
2026-04-24 05:49:00+00:00,304.6000061035156,304.6000061035156,304.6000061035156,304.54998779296875,304.6000061035156,17904
2026-04-24 05:50:00+00:00,304.54998779296875,304.54998779296875,304.6499938964844,304.54998779296875,304.6000061035156,40025
2026-04-24 05:51:00+00:00,304.6000061035156,304.6000061035156,304.6000061035156,304.54998779296875,304.54998779296875,20396
2026-04-24 05:52:00+00:00,304.6499938964844,304.6499938964844,304.6499938964844,304.6000061035156,304.6000061035156,21295
2026-04-24 05:53:00+00:00,304.6000061035156,304.6000061035156,304.6499938964844,304.54998779296875,304.6499938964844,16918
2026-04-24 05:54:00+00:00,304.54998779296875,304.54998779296875,304.54998779296875,304.5,304.54998779296875,12150
2026-04-24 05:55:00+00:00,304.54998779296875,304.54998779296875,304.54998779296875,304.5,304.54998779296875,31721
2026-04-24 05:56:00+00:00,304.54998779296875,304.54998779296875,304.6000061035156,304.5,304.5,29419
2026-04-24 05:57:00+00:00,304.54998779296875,304.54998779296875,304.54998779296875,304.5,304.54998779296875,15947
2026-04-24 05:58:00+00:00,304.54998779296875,304.54998779296875,304.54998779296875,304.45001220703125,304.54998779296875,19666
2026-04-24 05:59:00+00:00,304.5,304.5,304.54998779296875,304.45001220703125,304.54998779296875,15455
2026-04-24 06:00:00+00:00,304.54998779296875,304.54998779296875,304.54998779296875,304.5,304.5,20431
2026-04-24 06:01:00+00:00,304.70001220703125,304.70001220703125,304.70001220703125,304.54998779296875,304.54998779296875,26680
2026-04-24 06:02:00+00:00,304.79998779296875,304.79998779296875,304.8999938964844,304.70001220703125,304.70001220703125,40324
2026-04-24 06:03:00+00:00,304.70001220703125,304.70001220703125,304.75,304.70001220703125,304.75,16888
2026-04-24 06:04:00+00:00,304.6000061035156,304.6000061035156,304.75,304.6000061035156,304.75,24068
2026-04-24 06:05:00+00:00,304.5,304.5,304.54998779296875,304.45001220703125,304.54998779296875,10445
2026-04-24 06:06:00+00:00,304.5,304.5,304.5,304.3999938964844,304.5,14676
2026-04-24 06:07:00+00:00,304.20001220703125,304.20001220703125,304.5,304.20001220703125,304.5,25151
2026-04-24 06:08:00+00:00,304.5,304.5,304.5,304.25,304.3500061035156,19880
2026-04-24 06:09:00+00:00,304.54998779296875,304.54998779296875,304.6000061035156,304.3999938964844,304.5,14221
2026-04-24 06:10:00+00:00,304.54998779296875,304.54998779296875,304.54998779296875,304.5,304.54998779296875,20868
2026-04-24 06:11:00+00:00,304.6000061035156,304.6000061035156,304.6000061035156,304.5,304.54998779296875,12094
2026-04-24 06:12:00+00:00,304.70001220703125,304.70001220703125,304.70001220703125,304.54998779296875,304.6000061035156,43269
2026-04-24 06:13:00+00:00,304.75,304.75,304.8500061035156,304.70001220703125,304.75,37370
2026-04-24 06:14:00+00:00,304.75,304.75,304.79998779296875,304.75,304.75,16798
2026-04-24 06:15:00+00:00,304.45001220703125,304.45001220703125,304.75,304.45001220703125,304.75,25871
2026-04-24 06:16:00+00:00,304.54998779296875,304.54998779296875,304.54998779296875,304.3999938964844,304.45001220703125,22315
2026-04-24 06:17:00+00:00,304.54998779296875,304.54998779296875,304.54998779296875,304.5,304.54998779296875,14501
2026-04-24 06:18:00+00:00,304.54998779296875,304.54998779296875,304.6000061035156,304.54998779296875,304.54998779296875,18138
2026-04-24 06:19:00+00:00,304.5,304.5,304.5,304.3999938964844,304.5,16352
2026-04-24 06:20:00+00:00,304.5,304.5,304.5,304.3500061035156,304.45001220703125,18800
2026-04-24 06:21:00+00:00,304.3999938964844,304.3999938964844,304.5,304.3500061035156,304.5,17806
2026-04-24 06:22:00+00:00,304.29998779296875,304.29998779296875,304.3999938964844,304.25,304.3999938964844,19327
2026-04-24 06:23:00+00:00,304.3500061035156,304.3500061035156,304.3500061035156,304.25,304.29998779296875,14524
2026-04-24 06:24:00+00:00,304.29998779296875,304.29998779296875,304.3500061035156,304.29998779296875,304.3500061035156,13609
2026-04-24 06:25:00+00:00,304.3999938964844,304.3999938964844,304.3999938964844,304.25,304.29998779296875,15679
2026-04-24 06:26:00+00:00,304.3999938964844,304.3999938964844,304.45001220703125,304.3500061035156,304.45001220703125,19525
2026-04-24 06:27:00+00:00,304.3500061035156,304.3500061035156,304.3999938964844,304.29998779296875,304.3999938964844,19631
2026-04-24 06:28:00+00:00,304.1000061035156,304.1000061035156,304.3500061035156,304.04998779296875,304.3500061035156,45221
2026-04-24 06:29:00+00:00,303.95001220703125,303.95001220703125,304.1000061035156,303.8999938964844,304.1000061035156,36652
2026-04-24 06:30:00+00:00,304.1000061035156,304.1000061035156,304.1000061035156,303.95001220703125,303.95001220703125,30355
2026-04-24 06:31:00+00:00,304.20001220703125,304.20001220703125,304.20001220703125,304.0,304.04998779296875,48879
2026-04-24 06:32:00+00:00,304.29998779296875,304.29998779296875,304.29998779296875,304.1499938964844,304.20001220703125,15733
2026-04-24 06:33:00+00:00,304.29998779296875,304.29998779296875,304.29998779296875,304.1499938964844,304.29998779296875,15046
2026-04-24 06:34:00+00:00,304.3999938964844,304.3999938964844,304.3999938964844,304.25,304.29998779296875,20871
2026-04-24 06:35:00+00:00,304.3500061035156,304.3500061035156,304.3999938964844,304.29998779296875,304.29998779296875,19739
2026-04-24 06:36:00+00:00,304.3999938964844,304.3999938964844,304.3999938964844,304.29998779296875,304.3500061035156,14687
2026-04-24 06:37:00+00:00,304.45001220703125,304.45001220703125,304.45001220703125,304.3500061035156,304.3999938964844,284610
2026-04-24 06:38:00+00:00,304.29998779296875,304.29998779296875,304.3500061035156,304.25,304.3500061035156,24785
2026-04-24 06:39:00+00:00,304.25,304.25,304.25,304.1000061035156,304.25,30905
2026-04-24 06:40:00+00:00,304.3999938964844,304.3999938964844,304.3999938964844,304.25,304.25,31009
2026-04-24 06:41:00+00:00,304.20001220703125,304.20001220703125,304.3999938964844,304.20001220703125,304.3999938964844,24705
2026-04-24 06:42:00+00:00,304.04998779296875,304.04998779296875,304.25,304.0,304.25,30559
2026-04-24 06:43:00+00:00,304.04998779296875,304.04998779296875,304.04998779296875,304.04998779296875,304.04998779296875,10551
2026-04-24 06:44:00+00:00,304.0,304.0,304.04998779296875,303.8999938964844,304.04998779296875,30314
2026-04-24 06:45:00+00:00,304.0,304.0,304.04998779296875,304.0,304.0,20250
2026-04-24 06:46:00+00:00,304.0,304.0,304.0,303.8999938964844,303.8999938964844,22580
2026-04-24 06:47:00+00:00,304.0,304.0,304.04998779296875,303.95001220703125,304.0,23311
2026-04-24 06:48:00+00:00,304.0,304.0,304.0,303.95001220703125,303.95001220703125,14793
2026-04-24 06:49:00+00:00,304.20001220703125,304.20001220703125,304.20001220703125,304.0,304.0,292897
2026-04-24 06:50:00+00:00,304.0,304.0,304.20001220703125,304.0,304.20001220703125,30128
2026-04-24 06:51:00+00:00,303.8999938964844,303.8999938964844,304.04998779296875,303.8500061035156,304.0,103134
2026-04-24 06:52:00+00:00,303.75,303.75,303.95001220703125,303.75,303.95001220703125,17048
2026-04-24 06:53:00+00:00,303.75,303.75,303.8500061035156,303.5,303.70001220703125,165272
2026-04-24 06:54:00+00:00,303.79998779296875,303.79998779296875,303.8500061035156,303.70001220703125,303.70001220703125,24805
2026-04-24 06:55:00+00:00,303.75,303.75,303.8500061035156,303.70001220703125,303.8500061035156,20180
2026-04-24 06:56:00+00:00,303.75,303.75,303.75,303.70001220703125,303.75,24351
2026-04-24 06:57:00+00:00,303.75,303.75,303.75,303.70001220703125,303.75,15110
2026-04-24 06:58:00+00:00,303.75,303.75,303.75,303.70001220703125,303.75,11384
2026-04-24 06:59:00+00:00,303.8999938964844,303.8999938964844,303.95001220703125,303.70001220703125,303.75,32090
2026-04-24 07:00:00+00:00,303.95001220703125,303.95001220703125,304.0,303.79998779296875,303.8999938964844,32534
2026-04-24 07:01:00+00:00,304.0,304.0,304.0,303.95001220703125,303.95001220703125,14526
2026-04-24 07:02:00+00:00,303.95001220703125,303.95001220703125,304.0,303.95001220703125,304.0,14685
2026-04-24 07:03:00+00:00,303.54998779296875,303.54998779296875,303.8999938964844,303.54998779296875,303.8999938964844,78511
2026-04-24 07:04:00+00:00,303.54998779296875,303.54998779296875,303.6000061035156,303.54998779296875,303.6000061035156,21803
2026-04-24 07:05:00+00:00,303.6499938964844,303.6499938964844,303.75,303.54998779296875,303.54998779296875,505978
2026-04-24 07:06:00+00:00,303.5,303.5,303.6000061035156,303.5,303.54998779296875,66313
2026-04-24 07:07:00+00:00,303.54998779296875,303.54998779296875,303.54998779296875,303.54998779296875,303.54998779296875,27377
2026-04-24 07:08:00+00:00,303.75,303.75,303.79998779296875,303.5,303.54998779296875,52420
2026-04-24 07:09:00+00:00,303.6499938964844,303.6499938964844,303.79998779296875,303.6499938964844,303.79998779296875,43627
2026-04-24 07:10:00+00:00,303.6499938964844,303.6499938964844,303.70001220703125,303.6000061035156,303.70001220703125,16694
2026-04-24 07:11:00+00:00,303.6499938964844,303.6499938964844,303.6499938964844,303.6000061035156,303.6499938964844,29400
2026-04-24 07:12:00+00:00,303.6499938964844,303.6499938964844,303.6499938964844,303.6499938964844,303.6499938964844,16898
2026-04-24 07:13:00+00:00,303.6499938964844,303.6499938964844,303.6499938964844,303.6499938964844,303.6499938964844,15595
2026-04-24 07:14:00+00:00,303.45001220703125,303.45001220703125,303.6499938964844,303.45001220703125,303.6499938964844,29502
2026-04-24 07:15:00+00:00,303.54998779296875,303.54998779296875,303.54998779296875,303.3500061035156,303.3999938964844,46633
2026-04-24 07:16:00+00:00,303.6499938964844,303.6499938964844,303.75,303.54998779296875,303.54998779296875,123348
2026-04-24 07:17:00+00:00,303.70001220703125,303.70001220703125,303.70001220703125,303.6499938964844,303.6499938964844,33903
2026-04-24 07:18:00+00:00,303.8999938964844,303.8999938964844,303.8999938964844,303.70001220703125,303.70001220703125,32213
2026-04-24 07:19:00+00:00,303.75,303.75,303.8999938964844,303.75,303.8999938964844,19835
2026-04-24 07:20:00+00:00,303.8500061035156,303.8500061035156,303.8500061035156,303.75,303.75,22107
2026-04-24 07:21:00+00:00,303.8999938964844,303.8999938964844,303.8999938964844,303.8500061035156,303.8999938964844,12761
2026-04-24 07:22:00+00:00,303.95001220703125,303.95001220703125,304.0,303.8999938964844,303.8999938964844,17980
2026-04-24 07:23:00+00:00,304.0,304.0,304.0,304.0,304.0,28947
2026-04-24 07:24:00+00:00,304.0,304.0,304.0,304.0,304.0,26353
2026-04-24 07:25:00+00:00,304.0,304.0,304.0,304.0,304.0,16061
2026-04-24 07:26:00+00:00,304.0,304.0,304.0,303.95001220703125,303.95001220703125,20209
2026-04-24 07:27:00+00:00,303.8999938964844,303.8999938964844,304.0,303.8500061035156,304.0,17732
2026-04-24 07:28:00+00:00,303.8999938964844,303.8999938964844,303.8999938964844,303.8999938964844,303.8999938964844,10538
2026-04-24 07:29:00+00:00,303.79998779296875,303.79998779296875,303.8999938964844,303.79998779296875,303.8999938964844,13591
2026-04-24 07:30:00+00:00,303.8999938964844,303.8999938964844,303.8999938964844,303.8999938964844,303.8999938964844,11824
2026-04-24 07:31:00+00:00,303.75,303.75,303.8999938964844,303.75,303.8999938964844,25003
2026-04-24 07:32:00+00:00,303.75,303.75,303.75,303.70001220703125,303.75,21012
2026-04-24 07:33:00+00:00,303.6000061035156,303.6000061035156,303.75,303.6000061035156,303.75,20366
2026-04-24 07:34:00+00:00,303.1499938964844,303.1499938964844,303.70001220703125,303.1000061035156,303.70001220703125,65779
2026-04-24 07:35:00+00:00,303.1000061035156,303.1000061035156,303.1499938964844,303.04998779296875,303.1499938964844,34084
2026-04-24 07:36:00+00:00,303.04998779296875,303.04998779296875,303.04998779296875,303.0,303.04998779296875,45659
2026-04-24 07:37:00+00:00,302.8500061035156,302.8500061035156,303.1000061035156,302.8500061035156,303.04998779296875,86587
2026-04-24 07:38:00+00:00,302.79998779296875,302.79998779296875,302.79998779296875,302.75,302.79998779296875,36518
2026-04-24 07:39:00+00:00,302.54998779296875,302.54998779296875,302.79998779296875,302.54998779296875,302.79998779296875,52408
2026-04-24 07:40:00+00:00,302.54998779296875,302.54998779296875,302.54998779296875,302.5,302.54998779296875,41234
2026-04-24 07:41:00+00:00,302.70001220703125,302.70001220703125,302.70001220703125,302.5,302.54998779296875,23132
2026-04-24 07:42:00+00:00,302.70001220703125,302.70001220703125,302.79998779296875,302.70001220703125,302.79998779296875,19905
2026-04-24 07:43:00+00:00,302.6000061035156,302.6000061035156,302.70001220703125,302.6000061035156,302.70001220703125,15016
2026-04-24 07:44:00+00:00,302.5,302.5,302.6000061035156,302.5,302.54998779296875,34952
2026-04-24 07:45:00+00:00,302.5,302.5,302.6499938964844,302.5,302.6499938964844,30827
2026-04-24 07:46:00+00:00,302.45001220703125,302.45001220703125,302.54998779296875,302.45001220703125,302.5,24283
2026-04-24 07:47:00+00:00,302.45001220703125,302.45001220703125,302.5,302.45001220703125,302.5,19256
2026-04-24 07:48:00+00:00,302.6000061035156,302.6000061035156,302.6499938964844,302.45001220703125,302.45001220703125,46665
2026-04-24 07:49:00+00:00,302.75,302.75,302.75,302.6000061035156,302.6000061035156,39095
2026-04-24 07:50:00+00:00,302.79998779296875,302.79998779296875,302.8500061035156,302.70001220703125,302.75,39114
2026-04-24 07:51:00+00:00,302.6499938964844,302.6499938964844,302.79998779296875,302.6000061035156,302.79998779296875,35274
2026-04-24 07:52:00+00:00,302.75,302.75,302.75,302.6499938964844,302.6499938964844,22707
2026-04-24 07:53:00+00:00,302.75,302.75,302.75,302.70001220703125,302.70001220703125,15167
2026-04-24 07:54:00+00:00,302.79998779296875,302.79998779296875,302.79998779296875,302.70001220703125,302.75,30613
2026-04-24 07:55:00+00:00,302.79998779296875,302.79998779296875,302.79998779296875,302.75,302.75,21874
2026-04-24 07:56:00+00:00,302.75,302.75,302.79998779296875,302.75,302.75,20449
2026-04-24 07:57:00+00:00,302.6000061035156,302.6000061035156,302.75,302.5,302.75,78753
2026-04-24 07:58:00+00:00,302.70001220703125,302.70001220703125,302.75,302.6000061035156,302.6000061035156,21254
2026-04-24 07:59:00+00:00,302.75,302.75,302.75,302.70001220703125,302.70001220703125,16448
2026-04-24 08:00:00+00:00,302.79998779296875,302.79998779296875,302.79998779296875,302.70001220703125,302.75,13057
2026-04-24 08:01:00+00:00,302.8500061035156,302.8500061035156,302.8500061035156,302.79998779296875,302.79998779296875,10279
2026-04-24 08:02:00+00:00,302.6000061035156,302.6000061035156,302.70001220703125,302.6000061035156,302.70001220703125,38088
2026-04-24 08:03:00+00:00,302.6000061035156,302.6000061035156,302.6000061035156,302.54998779296875,302.6000061035156,17027
2026-04-24 08:04:00+00:00,302.70001220703125,302.70001220703125,302.70001220703125,302.6000061035156,302.6000061035156,19947
2026-04-24 08:05:00+00:00,302.79998779296875,302.79998779296875,302.79998779296875,302.6499938964844,302.70001220703125,33216
2026-04-24 08:06:00+00:00,302.6499938964844,302.6499938964844,302.75,302.54998779296875,302.75,23120
2026-04-24 08:07:00+00:00,302.5,302.5,302.5,302.5,302.5,36025
2026-04-24 08:08:00+00:00,302.54998779296875,302.54998779296875,302.54998779296875,302.5,302.5,23855
2026-04-24 08:09:00+00:00,302.6000061035156,302.6000061035156,302.6000061035156,302.45001220703125,302.5,19397
2026-04-24 08:10:00+00:00,302.45001220703125,302.45001220703125,302.6000061035156,302.45001220703125,302.6000061035156,20806
2026-04-24 08:11:00+00:00,302.5,302.5,302.5,302.45001220703125,302.45001220703125,18076
2026-04-24 08:12:00+00:00,302.45001220703125,302.45001220703125,302.5,302.45001220703125,302.5,16031
2026-04-24 08:13:00+00:00,302.29998779296875,302.29998779296875,302.5,302.29998779296875,302.5,56379
2026-04-24 08:14:00+00:00,302.3500061035156,302.3500061035156,302.3500061035156,302.25,302.25,32216
2026-04-24 08:15:00+00:00,302.45001220703125,302.45001220703125,302.45001220703125,302.3999938964844,302.3999938964844,19101
2026-04-24 08:16:00+00:00,302.6000061035156,302.6000061035156,302.70001220703125,302.3999938964844,302.3999938964844,30358
2026-04-24 08:17:00+00:00,302.6499938964844,302.6499938964844,302.6499938964844,302.5,302.6000061035156,30974
2026-04-24 08:18:00+00:00,302.45001220703125,302.45001220703125,302.6499938964844,302.45001220703125,302.6499938964844,34568
2026-04-24 08:19:00+00:00,302.6000061035156,302.6000061035156,302.6000061035156,302.5,302.5,29780
2026-04-24 08:20:00+00:00,302.6000061035156,302.6000061035156,302.6000061035156,302.5,302.54998779296875,15422
2026-04-24 08:21:00+00:00,302.6000061035156,302.6000061035156,302.6000061035156,302.54998779296875,302.6000061035156,19194
2026-04-24 08:22:00+00:00,302.54998779296875,302.54998779296875,302.6000061035156,302.54998779296875,302.6000061035156,15680
2026-04-24 08:23:00+00:00,302.45001220703125,302.45001220703125,302.54998779296875,302.45001220703125,302.54998779296875,16648
2026-04-24 08:24:00+00:00,302.5,302.5,302.5,302.3999938964844,302.3999938964844,27916
2026-04-24 08:25:00+00:00,302.3999938964844,302.3999938964844,302.5,302.3999938964844,302.5,18625
2026-04-24 08:26:00+00:00,302.45001220703125,302.45001220703125,302.5,302.3999938964844,302.3999938964844,20161
2026-04-24 08:27:00+00:00,302.29998779296875,302.29998779296875,302.45001220703125,302.29998779296875,302.45001220703125,19888
2026-04-24 08:28:00+00:00,302.3500061035156,302.3500061035156,302.3500061035156,302.25,302.29998779296875,22004
2026-04-24 08:29:00+00:00,302.3999938964844,302.3999938964844,302.3999938964844,302.3500061035156,302.3999938964844,19655
2026-04-24 08:30:00+00:00,302.45001220703125,302.45001220703125,302.54998779296875,302.3500061035156,302.3999938964844,37838
2026-04-24 08:31:00+00:00,302.45001220703125,302.45001220703125,302.45001220703125,302.3999938964844,302.45001220703125,21971
2026-04-24 08:32:00+00:00,302.45001220703125,302.45001220703125,302.5,302.45001220703125,302.45001220703125,31866
2026-04-24 08:33:00+00:00,302.3500061035156,302.3500061035156,302.45001220703125,302.3500061035156,302.45001220703125,17573
2026-04-24 08:34:00+00:00,302.3500061035156,302.3500061035156,302.45001220703125,302.29998779296875,302.45001220703125,26555
2026-04-24 08:35:00+00:00,302.25,302.25,302.3999938964844,302.25,302.3500061035156,27436
2026-04-24 08:36:00+00:00,302.25,302.25,302.3999938964844,302.25,302.25,21295
2026-04-24 08:37:00+00:00,302.1499938964844,302.1499938964844,302.20001220703125,302.1000061035156,302.1499938964844,38993
2026-04-24 08:38:00+00:00,302.25,302.25,302.25,302.1499938964844,302.1499938964844,30731
2026-04-24 08:39:00+00:00,302.45001220703125,302.45001220703125,302.45001220703125,302.25,302.25,19888
2026-04-24 08:40:00+00:00,302.3999938964844,302.3999938964844,302.45001220703125,302.3999938964844,302.45001220703125,21150
2026-04-24 08:41:00+00:00,302.3999938964844,302.3999938964844,302.45001220703125,302.29998779296875,302.29998779296875,39000
2026-04-24 08:42:00+00:00,302.25,302.25,302.45001220703125,302.25,302.3999938964844,16720
2026-04-24 08:43:00+00:00,302.25,302.25,302.3500061035156,302.1499938964844,302.3500061035156,32642
2026-04-24 08:44:00+00:00,302.20001220703125,302.20001220703125,302.29998779296875,302.20001220703125,302.25,23787
2026-04-24 08:45:00+00:00,302.1000061035156,302.1000061035156,302.20001220703125,302.04998779296875,302.04998779296875,68520
2026-04-24 08:46:00+00:00,302.0,302.0,302.04998779296875,301.79998779296875,301.95001220703125,138242
2026-04-24 08:47:00+00:00,301.8999938964844,301.8999938964844,302.1499938964844,301.8500061035156,302.04998779296875,23201
2026-04-24 08:48:00+00:00,301.8500061035156,301.8500061035156,301.8999938964844,301.70001220703125,301.8999938964844,38472
2026-04-24 08:49:00+00:00,302.0,302.0,302.0,301.8500061035156,301.8500061035156,33306
2026-04-24 08:50:00+00:00,301.8999938964844,301.8999938964844,302.0,301.8500061035156,302.0,18359
2026-04-24 08:51:00+00:00,302.0,302.0,302.0,301.8999938964844,301.8999938964844,31709
2026-04-24 08:52:00+00:00,302.20001220703125,302.20001220703125,302.20001220703125,302.04998779296875,302.04998779296875,18303
2026-04-24 08:53:00+00:00,302.20001220703125,302.20001220703125,302.3999938964844,302.1499938964844,302.20001220703125,68879
2026-04-24 08:54:00+00:00,302.25,302.25,302.25,302.1499938964844,302.20001220703125,32704
2026-04-24 08:55:00+00:00,302.29998779296875,302.29998779296875,302.3500061035156,302.20001220703125,302.29998779296875,21460
2026-04-24 08:56:00+00:00,302.8500061035156,302.8500061035156,302.8500061035156,302.3500061035156,302.3500061035156,47930
2026-04-24 08:57:00+00:00,302.70001220703125,302.70001220703125,302.79998779296875,302.6000061035156,302.6000061035156,44209
2026-04-24 08:58:00+00:00,302.95001220703125,302.95001220703125,302.95001220703125,302.70001220703125,302.70001220703125,29280
2026-04-24 08:59:00+00:00,303.1000061035156,303.1000061035156,303.1000061035156,302.8999938964844,303.0,49896
2026-04-24 09:00:00+00:00,303.29998779296875,303.29998779296875,303.29998779296875,303.04998779296875,303.20001220703125,50699
2026-04-24 09:01:00+00:00,303.3500061035156,303.3500061035156,303.3999938964844,303.29998779296875,303.3999938964844,24384
2026-04-24 09:02:00+00:00,303.3999938964844,303.3999938964844,303.3999938964844,303.25,303.3500061035156,55521
2026-04-24 09:03:00+00:00,303.3500061035156,303.3500061035156,303.5,303.3500061035156,303.3999938964844,58416
2026-04-24 09:04:00+00:00,303.3999938964844,303.3999938964844,303.3999938964844,303.29998779296875,303.29998779296875,40832
2026-04-24 09:05:00+00:00,303.3999938964844,303.3999938964844,303.5,303.3999938964844,303.3999938964844,101203
2026-04-24 09:06:00+00:00,303.04998779296875,303.04998779296875,303.3999938964844,303.0,303.3999938964844,78235
2026-04-24 09:07:00+00:00,302.95001220703125,302.95001220703125,303.04998779296875,302.95001220703125,303.0,37857
2026-04-24 09:08:00+00:00,303.04998779296875,303.04998779296875,303.1499938964844,303.0,303.0,44206
2026-04-24 09:09:00+00:00,303.1499938964844,303.1499938964844,303.20001220703125,303.1499938964844,303.20001220703125,31730
2026-04-24 09:10:00+00:00,303.1499938964844,303.1499938964844,303.25,303.1000061035156,303.1000061035156,35397
2026-04-24 09:11:00+00:00,302.8500061035156,302.8500061035156,303.25,302.8500061035156,303.20001220703125,32419
2026-04-24 09:12:00+00:00,302.95001220703125,302.95001220703125,303.04998779296875,302.8500061035156,302.8500061035156,45631
2026-04-24 09:13:00+00:00,302.8999938964844,302.8999938964844,302.95001220703125,302.8999938964844,302.95001220703125,27660
2026-04-24 09:14:00+00:00,302.79998779296875,302.79998779296875,302.8999938964844,302.79998779296875,302.8999938964844,72284
2026-04-24 09:15:00+00:00,302.79998779296875,302.79998779296875,302.8500061035156,302.75,302.8500061035156,27477
2026-04-24 09:16:00+00:00,302.79998779296875,302.79998779296875,302.8999938964844,302.79998779296875,302.8500061035156,51394
2026-04-24 09:17:00+00:00,302.75,302.75,302.8500061035156,302.75,302.79998779296875,56712
2026-04-24 09:18:00+00:00,302.70001220703125,302.70001220703125,302.79998779296875,302.6000061035156,302.79998779296875,71768
2026-04-24 09:19:00+00:00,302.79998779296875,302.79998779296875,302.8999938964844,302.45001220703125,302.70001220703125,96830
2026-04-24 09:20:00+00:00,302.6499938964844,302.6499938964844,302.70001220703125,302.6000061035156,302.70001220703125,62831
2026-04-24 09:21:00+00:00,302.8999938964844,302.8999938964844,302.95001220703125,302.6499938964844,302.6499938964844,88369
2026-04-24 09:22:00+00:00,302.75,302.75,302.8500061035156,302.70001220703125,302.8500061035156,67399
2026-04-24 09:23:00+00:00,302.70001220703125,302.70001220703125,302.79998779296875,302.70001220703125,302.79998779296875,59880
2026-04-24 09:24:00+00:00,302.5,302.5,302.75,302.5,302.70001220703125,86972
2026-04-24 09:25:00+00:00,302.70001220703125,302.70001220703125,302.70001220703125,302.6000061035156,302.6000061035156,96471
2026-04-24 09:26:00+00:00,302.54998779296875,302.54998779296875,302.6499938964844,302.5,302.6499938964844,52762
2026-04-24 09:27:00+00:00,302.70001220703125,302.70001220703125,302.70001220703125,302.54998779296875,302.6000061035156,69701
2026-04-24 09:28:00+00:00,302.79998779296875,302.79998779296875,302.79998779296875,302.6000061035156,302.70001220703125,82442
2026-04-24 09:29:00+00:00,302.79998779296875,302.79998779296875,302.79998779296875,302.70001220703125,302.79998779296875,54376
2026-04-24 09:30:00+00:00,302.6000061035156,302.6000061035156,302.6499938964844,302.54998779296875,302.6499938964844,71858
2026-04-24 09:31:00+00:00,302.5,302.5,302.6499938964844,302.5,302.6000061035156,119833
2026-04-24 09:32:00+00:00,302.3999938964844,302.3999938964844,302.54998779296875,302.25,302.54998779296875,115813
2026-04-24 09:33:00+00:00,302.3999938964844,302.3999938964844,302.45001220703125,302.29998779296875,302.3999938964844,102449
2026-04-24 09:34:00+00:00,302.3500061035156,302.3500061035156,302.45001220703125,302.3500061035156,302.3999938964844,168052
2026-04-24 09:35:00+00:00,302.20001220703125,302.20001220703125,302.45001220703125,302.20001220703125,302.45001220703125,92792
2026-04-24 09:36:00+00:00,302.04998779296875,302.04998779296875,302.20001220703125,302.04998779296875,302.1499938964844,84826
2026-04-24 09:37:00+00:00,301.8999938964844,301.8999938964844,302.04998779296875,301.8999938964844,302.0,168020
2026-04-24 09:38:00+00:00,301.79998779296875,301.79998779296875,301.95001220703125,301.79998779296875,301.95001220703125,93446
2026-04-24 09:39:00+00:00,301.79998779296875,301.79998779296875,301.8500061035156,301.75,301.79998779296875,80108
2026-04-24 09:40:00+00:00,301.8999938964844,301.8999938964844,301.8999938964844,301.79998779296875,301.8999938964844,127401
2026-04-24 09:41:00+00:00,301.8500061035156,301.8500061035156,301.95001220703125,301.75,301.79998779296875,94128
2026-04-24 09:42:00+00:00,301.6499938964844,301.6499938964844,301.8999938964844,301.6499938964844,301.8999938964844,104742
2026-04-24 09:43:00+00:00,301.45001220703125,301.45001220703125,301.70001220703125,301.45001220703125,301.70001220703125,124330
2026-04-24 09:44:00+00:00,301.1499938964844,301.1499938964844,301.3500061035156,301.1499938964844,301.3500061035156,148797
2026-04-24 09:45:00+00:00,301.45001220703125,301.45001220703125,301.45001220703125,301.1499938964844,301.1499938964844,243836
2026-04-24 09:46:00+00:00,301.54998779296875,301.54998779296875,301.75,301.54998779296875,301.54998779296875,187029
2026-04-24 09:47:00+00:00,301.5,301.5,301.6000061035156,301.5,301.6000061035156,110906
2026-04-24 09:48:00+00:00,301.29998779296875,301.29998779296875,301.5,301.29998779296875,301.5,137454
2026-04-24 09:49:00+00:00,301.3500061035156,301.3500061035156,301.3999938964844,301.25,301.29998779296875,130992
2026-04-24 09:50:00+00:00,301.25,301.25,301.29998779296875,301.25,301.29998779296875,121082
2026-04-24 09:51:00+00:00,301.3999938964844,301.3999938964844,301.5,301.25,301.25,201522
2026-04-24 09:52:00+00:00,301.3500061035156,301.3500061035156,301.3500061035156,301.25,301.3500061035156,190104
2026-04-24 09:53:00+00:00,301.25,301.25,301.3999938964844,301.20001220703125,301.25,87533
2026-04-24 09:54:00+00:00,301.3999938964844,301.3999938964844,301.45001220703125,301.25,301.25,258052
2026-04-24 09:55:00+00:00,301.3999938964844,301.3999938964844,301.45001220703125,301.29998779296875,301.45001220703125,202510
2026-04-24 09:56:00+00:00,301.45001220703125,301.45001220703125,301.45001220703125,301.3500061035156,301.3999938964844,123577
2026-04-24 09:57:00+00:00,301.54998779296875,301.54998779296875,301.54998779296875,301.29998779296875,301.45001220703125,239753
2026-04-24 09:58:00+00:00,301.45001220703125,301.45001220703125,301.54998779296875,301.3500061035156,301.3999938964844,421082
2026-04-24 09:59:00+00:00,301.45001220703125,301.45001220703125,301.6499938964844,301.3500061035156,301.3500061035156,115852
2026-04-27 03:45:00+00:00,304.3999938964844,304.3999938964844,304.3999938964844,303.25,303.25,0
2026-04-27 03:46:00+00:00,303.8999938964844,303.8999938964844,304.45001220703125,303.70001220703125,304.25,105043
2026-04-27 03:47:00+00:00,303.5,303.5,303.8999938964844,303.0,303.8999938964844,101493
2026-04-27 03:48:00+00:00,303.8999938964844,303.8999938964844,304.0,303.54998779296875,303.6000061035156,62218
2026-04-27 03:49:00+00:00,304.1499938964844,304.1499938964844,304.1499938964844,303.75,303.8999938964844,129693
2026-04-27 03:50:00+00:00,304.29998779296875,304.29998779296875,304.6000061035156,304.29998779296875,304.54998779296875,208093
2026-04-27 03:51:00+00:00,304.29998779296875,304.29998779296875,304.6000061035156,304.29998779296875,304.45001220703125,58056
2026-04-27 03:52:00+00:00,304.3999938964844,304.3999938964844,304.5,304.3500061035156,304.3500061035156,27727
2026-04-27 03:53:00+00:00,304.6000061035156,304.6000061035156,304.6000061035156,304.3999938964844,304.3999938964844,46995
2026-04-27 03:54:00+00:00,304.70001220703125,304.70001220703125,305.0,304.6000061035156,304.6000061035156,162278
2026-04-27 03:55:00+00:00,304.8999938964844,304.8999938964844,304.95001220703125,304.70001220703125,304.75,32704
2026-04-27 03:56:00+00:00,304.6000061035156,304.6000061035156,304.8999938964844,304.54998779296875,304.8999938964844,48235
2026-04-27 03:57:00+00:00,304.54998779296875,304.54998779296875,304.6000061035156,304.5,304.54998779296875,52934
2026-04-27 03:58:00+00:00,304.70001220703125,304.70001220703125,304.75,304.6499938964844,304.6499938964844,30554
2026-04-27 03:59:00+00:00,304.6499938964844,304.6499938964844,304.70001220703125,304.45001220703125,304.70001220703125,30318
2026-04-27 04:00:00+00:00,304.6499938964844,304.6499938964844,304.79998779296875,304.6000061035156,304.79998779296875,36650
2026-04-27 04:01:00+00:00,304.54998779296875,304.54998779296875,304.79998779296875,304.54998779296875,304.6499938964844,25069
2026-04-27 04:02:00+00:00,304.5,304.5,304.6499938964844,304.45001220703125,304.6499938964844,18605
2026-04-27 04:03:00+00:00,304.45001220703125,304.45001220703125,304.54998779296875,304.29998779296875,304.3999938964844,65025
2026-04-27 04:04:00+00:00,304.3500061035156,304.3500061035156,304.5,304.25,304.45001220703125,27032
2026-04-27 04:05:00+00:00,304.3500061035156,304.3500061035156,304.45001220703125,304.3500061035156,304.45001220703125,16497
2026-04-27 04:06:00+00:00,304.54998779296875,304.54998779296875,304.70001220703125,304.3999938964844,304.3999938964844,59724
2026-04-27 04:07:00+00:00,304.3999938964844,304.3999938964844,304.45001220703125,304.25,304.3500061035156,30937
2026-04-27 04:08:00+00:00,304.3500061035156,304.3500061035156,304.3500061035156,304.25,304.3500061035156,21325
2026-04-27 04:09:00+00:00,304.20001220703125,304.20001220703125,304.29998779296875,304.1499938964844,304.29998779296875,19002
2026-04-27 04:10:00+00:00,304.1499938964844,304.1499938964844,304.20001220703125,304.1000061035156,304.1499938964844,18548
2026-04-27 04:11:00+00:00,304.20001220703125,304.20001220703125,304.25,304.1499938964844,304.1499938964844,75971
2026-04-27 04:12:00+00:00,304.20001220703125,304.20001220703125,304.25,304.20001220703125,304.20001220703125,16456
2026-04-27 04:13:00+00:00,304.5,304.5,304.5,304.20001220703125,304.20001220703125,25344
2026-04-27 04:14:00+00:00,305.1000061035156,305.1000061035156,305.1000061035156,304.6000061035156,304.6000061035156,85001
2026-04-27 04:15:00+00:00,305.1000061035156,305.1000061035156,305.1000061035156,304.8999938964844,305.0,31668
2026-04-27 04:16:00+00:00,305.20001220703125,305.20001220703125,305.20001220703125,305.04998779296875,305.04998779296875,34739
2026-04-27 04:17:00+00:00,305.3999938964844,305.3999938964844,305.3999938964844,305.1499938964844,305.29998779296875,46314
2026-04-27 04:18:00+00:00,305.3999938964844,305.3999938964844,305.3999938964844,305.3500061035156,305.3500061035156,25306
2026-04-27 04:19:00+00:00,305.3999938964844,305.3999938964844,305.3999938964844,305.25,305.3500061035156,39126
2026-04-27 04:20:00+00:00,305.6000061035156,305.6000061035156,305.6000061035156,305.3500061035156,305.3999938964844,38679
2026-04-27 04:21:00+00:00,305.5,305.5,305.6000061035156,305.3999938964844,305.6000061035156,49188
2026-04-27 04:22:00+00:00,305.6000061035156,305.6000061035156,305.6000061035156,305.3999938964844,305.54998779296875,47080
2026-04-27 04:23:00+00:00,305.5,305.5,305.5,305.3999938964844,305.5,23168
2026-04-27 04:24:00+00:00,305.3999938964844,305.3999938964844,305.5,305.3500061035156,305.45001220703125,17461
2026-04-27 04:25:00+00:00,305.1499938964844,305.1499938964844,305.3999938964844,305.1499938964844,305.29998779296875,28226
2026-04-27 04:26:00+00:00,305.04998779296875,305.04998779296875,305.25,305.04998779296875,305.25,23363
2026-04-27 04:27:00+00:00,305.29998779296875,305.29998779296875,305.29998779296875,305.04998779296875,305.04998779296875,42015
2026-04-27 04:28:00+00:00,305.25,305.25,305.29998779296875,305.1499938964844,305.25,6516
2026-04-27 04:29:00+00:00,305.04998779296875,305.04998779296875,305.25,305.04998779296875,305.1499938964844,18030
2026-04-27 04:30:00+00:00,305.1499938964844,305.1499938964844,305.20001220703125,305.04998779296875,305.20001220703125,9743
2026-04-27 04:31:00+00:00,305.1000061035156,305.1000061035156,305.1499938964844,305.04998779296875,305.1499938964844,41437
2026-04-27 04:32:00+00:00,304.95001220703125,304.95001220703125,305.1499938964844,304.8999938964844,305.1000061035156,46074
2026-04-27 04:33:00+00:00,305.1000061035156,305.1000061035156,305.1000061035156,304.8999938964844,304.8999938964844,17601
2026-04-27 04:34:00+00:00,304.8500061035156,304.8500061035156,305.1000061035156,304.79998779296875,305.1000061035156,33313
2026-04-27 04:35:00+00:00,304.8500061035156,304.8500061035156,304.8999938964844,304.79998779296875,304.79998779296875,18986
2026-04-27 04:36:00+00:00,304.95001220703125,304.95001220703125,304.95001220703125,304.70001220703125,304.8500061035156,25115
2026-04-27 04:37:00+00:00,304.95001220703125,304.95001220703125,305.0,304.8999938964844,304.8999938964844,31430
2026-04-27 04:38:00+00:00,304.95001220703125,304.95001220703125,305.04998779296875,304.8999938964844,304.95001220703125,19532
2026-04-27 04:39:00+00:00,304.8999938964844,304.8999938964844,305.0,304.8500061035156,304.95001220703125,19545
2026-04-27 04:40:00+00:00,305.0,305.0,305.04998779296875,304.8500061035156,304.95001220703125,40094
2026-04-27 04:41:00+00:00,305.04998779296875,305.04998779296875,305.1000061035156,305.0,305.0,11985
2026-04-27 04:42:00+00:00,305.1000061035156,305.1000061035156,305.1000061035156,305.04998779296875,305.1000061035156,20548
2026-04-27 04:43:00+00:00,305.0,305.0,305.1000061035156,305.0,305.1000061035156,24223
2026-04-27 04:44:00+00:00,305.0,305.0,305.0,304.79998779296875,304.79998779296875,25864
2026-04-27 04:45:00+00:00,305.3999938964844,305.3999938964844,305.3999938964844,305.0,305.0,71667
2026-04-27 04:46:00+00:00,305.3500061035156,305.3500061035156,305.3500061035156,305.29998779296875,305.3500061035156,23599
2026-04-27 04:47:00+00:00,305.20001220703125,305.20001220703125,305.3500061035156,305.1499938964844,305.3500061035156,16210
2026-04-27 04:48:00+00:00,305.20001220703125,305.20001220703125,305.20001220703125,305.1000061035156,305.1000061035156,11130
2026-04-27 04:49:00+00:00,305.20001220703125,305.20001220703125,305.20001220703125,305.1499938964844,305.1499938964844,11811
2026-04-27 04:50:00+00:00,305.1000061035156,305.1000061035156,305.20001220703125,305.1000061035156,305.1499938964844,35514
2026-04-27 04:51:00+00:00,305.1000061035156,305.1000061035156,305.1000061035156,305.0,305.0,19451
2026-04-27 04:52:00+00:00,305.0,305.0,305.1000061035156,304.75,305.1000061035156,61076
2026-04-27 04:53:00+00:00,304.95001220703125,304.95001220703125,305.0,304.79998779296875,304.8999938964844,21941
2026-04-27 04:54:00+00:00,305.04998779296875,305.04998779296875,305.04998779296875,304.8500061035156,304.95001220703125,19781
2026-04-27 04:55:00+00:00,304.8999938964844,304.8999938964844,305.04998779296875,304.8999938964844,305.04998779296875,27605
2026-04-27 04:56:00+00:00,304.8999938964844,304.8999938964844,305.0,304.8999938964844,305.0,24373
2026-04-27 04:57:00+00:00,304.8500061035156,304.8500061035156,305.0,304.75,304.8999938964844,33411
2026-04-27 04:58:00+00:00,304.6499938964844,304.6499938964844,304.95001220703125,304.6000061035156,304.95001220703125,39564
2026-04-27 04:59:00+00:00,304.6499938964844,304.6499938964844,304.75,304.54998779296875,304.70001220703125,28188
2026-04-27 05:00:00+00:00,304.70001220703125,304.70001220703125,304.75,304.54998779296875,304.75,24986
2026-04-27 05:01:00+00:00,304.45001220703125,304.45001220703125,304.75,304.3500061035156,304.6499938964844,30826
2026-04-27 05:02:00+00:00,304.3500061035156,304.3500061035156,304.45001220703125,304.25,304.45001220703125,20727
2026-04-27 05:03:00+00:00,304.3999938964844,304.3999938964844,304.3999938964844,304.29998779296875,304.3500061035156,21251
2026-04-27 05:04:00+00:00,304.3500061035156,304.3500061035156,304.45001220703125,304.29998779296875,304.3500061035156,23573
2026-04-27 05:05:00+00:00,304.3500061035156,304.3500061035156,304.3500061035156,304.20001220703125,304.29998779296875,33872
2026-04-27 05:06:00+00:00,304.3999938964844,304.3999938964844,304.45001220703125,304.25,304.3500061035156,29987
2026-04-27 05:07:00+00:00,304.29998779296875,304.29998779296875,304.3999938964844,304.29998779296875,304.3500061035156,22812
2026-04-27 05:08:00+00:00,304.3500061035156,304.3500061035156,304.3999938964844,304.20001220703125,304.20001220703125,26829
2026-04-27 05:09:00+00:00,304.3999938964844,304.3999938964844,304.3999938964844,304.29998779296875,304.3999938964844,22848
2026-04-27 05:10:00+00:00,304.3500061035156,304.3500061035156,304.3999938964844,304.1499938964844,304.3500061035156,35566
2026-04-27 05:11:00+00:00,304.29998779296875,304.29998779296875,304.3500061035156,304.25,304.3500061035156,21859
2026-04-27 05:12:00+00:00,304.3500061035156,304.3500061035156,304.3999938964844,304.20001220703125,304.3500061035156,28551
2026-04-27 05:13:00+00:00,304.25,304.25,304.29998779296875,304.20001220703125,304.25,31052
2026-04-27 05:14:00+00:00,304.20001220703125,304.20001220703125,304.29998779296875,304.1499938964844,304.25,47116
2026-04-27 05:15:00+00:00,304.20001220703125,304.20001220703125,304.29998779296875,304.04998779296875,304.20001220703125,25380
2026-04-27 05:16:00+00:00,304.20001220703125,304.20001220703125,304.20001220703125,304.04998779296875,304.04998779296875,27281
2026-04-27 05:17:00+00:00,304.04998779296875,304.04998779296875,304.1499938964844,304.0,304.1499938964844,41972
2026-04-27 05:18:00+00:00,304.20001220703125,304.20001220703125,304.25,304.1000061035156,304.1499938964844,27807
2026-04-27 05:19:00+00:00,304.25,304.25,304.25,304.04998779296875,304.25,25226
2026-04-27 05:20:00+00:00,304.45001220703125,304.45001220703125,304.45001220703125,304.1499938964844,304.20001220703125,23967
2026-04-27 05:21:00+00:00,304.25,304.25,304.45001220703125,304.1000061035156,304.3999938964844,31128
2026-04-27 05:22:00+00:00,304.25,304.25,304.3500061035156,304.20001220703125,304.25,20651
2026-04-27 05:23:00+00:00,304.25,304.25,304.25,304.1499938964844,304.25,47081
2026-04-27 05:24:00+00:00,304.20001220703125,304.20001220703125,304.3500061035156,304.1499938964844,304.1499938964844,22464
2026-04-27 05:25:00+00:00,304.3500061035156,304.3500061035156,304.3500061035156,304.1499938964844,304.29998779296875,21334
2026-04-27 05:26:00+00:00,304.29998779296875,304.29998779296875,304.3500061035156,304.20001220703125,304.3500061035156,28904
2026-04-27 05:27:00+00:00,304.3500061035156,304.3500061035156,304.3500061035156,304.29998779296875,304.29998779296875,22780
2026-04-27 05:28:00+00:00,304.3500061035156,304.3500061035156,304.3999938964844,304.25,304.3500061035156,26723
2026-04-27 05:29:00+00:00,304.29998779296875,304.29998779296875,304.3500061035156,304.20001220703125,304.25,17139
2026-04-27 05:30:00+00:00,304.25,304.25,304.3500061035156,304.1499938964844,304.3500061035156,22553
2026-04-27 05:31:00+00:00,304.0,304.0,304.20001220703125,304.0,304.20001220703125,77422
2026-04-27 05:32:00+00:00,304.1000061035156,304.1000061035156,304.1000061035156,303.8999938964844,304.0,22960
2026-04-27 05:33:00+00:00,304.1499938964844,304.1499938964844,304.1499938964844,303.8999938964844,304.0,30872
2026-04-27 05:34:00+00:00,303.95001220703125,303.95001220703125,304.1499938964844,303.95001220703125,304.1499938964844,27387
2026-04-27 05:35:00+00:00,304.04998779296875,304.04998779296875,304.1499938964844,303.8999938964844,304.0,36250
2026-04-27 05:36:00+00:00,304.0,304.0,304.04998779296875,303.8500061035156,303.8999938964844,22433
2026-04-27 05:37:00+00:00,304.04998779296875,304.04998779296875,304.04998779296875,303.8999938964844,303.8999938964844,34340
2026-04-27 05:38:00+00:00,303.75,303.75,304.0,303.75,303.95001220703125,41705
2026-04-27 05:39:00+00:00,303.6000061035156,303.6000061035156,303.8500061035156,303.6000061035156,303.75,24128
2026-04-27 05:40:00+00:00,303.79998779296875,303.79998779296875,303.8500061035156,303.6499938964844,303.70001220703125,28843
2026-04-27 05:41:00+00:00,304.0,304.0,304.0,303.79998779296875,303.8500061035156,17775
2026-04-27 05:42:00+00:00,304.0,304.0,304.04998779296875,303.79998779296875,304.0,32920
2026-04-27 05:43:00+00:00,304.04998779296875,304.04998779296875,304.04998779296875,303.8999938964844,303.8999938964844,29205
2026-04-27 05:44:00+00:00,304.1000061035156,304.1000061035156,304.1499938964844,304.0,304.04998779296875,19684
2026-04-27 05:45:00+00:00,304.0,304.0,304.1000061035156,303.8999938964844,304.1000061035156,27013
2026-04-27 05:46:00+00:00,304.0,304.0,304.04998779296875,303.8999938964844,303.95001220703125,18919
2026-04-27 05:47:00+00:00,304.1000061035156,304.1000061035156,304.20001220703125,304.04998779296875,304.1000061035156,19687
2026-04-27 05:48:00+00:00,304.1000061035156,304.1000061035156,304.1499938964844,304.0,304.1000061035156,33815
2026-04-27 05:49:00+00:00,304.1499938964844,304.1499938964844,304.20001220703125,304.04998779296875,304.04998779296875,18815
2026-04-27 05:50:00+00:00,304.04998779296875,304.04998779296875,304.1000061035156,303.8999938964844,304.1000061035156,20222
2026-04-27 05:51:00+00:00,304.1000061035156,304.1000061035156,304.1000061035156,303.95001220703125,304.0,21683
2026-04-27 05:52:00+00:00,304.0,304.0,304.04998779296875,303.8999938964844,304.0,24734
2026-04-27 05:53:00+00:00,303.95001220703125,303.95001220703125,304.0,303.79998779296875,303.8999938964844,20355
2026-04-27 05:54:00+00:00,303.8999938964844,303.8999938964844,304.0,303.8500061035156,303.8999938964844,18825
2026-04-27 05:55:00+00:00,303.75,303.75,303.8999938964844,303.75,303.8999938964844,22917
2026-04-27 05:56:00+00:00,303.70001220703125,303.70001220703125,303.8999938964844,303.70001220703125,303.8500061035156,23990
2026-04-27 05:57:00+00:00,303.70001220703125,303.70001220703125,303.8500061035156,303.70001220703125,303.79998779296875,21903
2026-04-27 05:58:00+00:00,303.6000061035156,303.6000061035156,303.8999938964844,303.6000061035156,303.8500061035156,28670
2026-04-27 05:59:00+00:00,303.6499938964844,303.6499938964844,303.75,303.6000061035156,303.75,27074
2026-04-27 06:00:00+00:00,303.6499938964844,303.6499938964844,303.70001220703125,303.54998779296875,303.70001220703125,45565
2026-04-27 06:01:00+00:00,303.45001220703125,303.45001220703125,303.6000061035156,303.3500061035156,303.6000061035156,54929
2026-04-27 06:02:00+00:00,303.3500061035156,303.3500061035156,303.5,303.25,303.3999938964844,27317
2026-04-27 06:03:00+00:00,303.3999938964844,303.3999938964844,303.45001220703125,303.29998779296875,303.3500061035156,20462
2026-04-27 06:04:00+00:00,303.3500061035156,303.3500061035156,303.3999938964844,303.25,303.3500061035156,29963
2026-04-27 06:05:00+00:00,303.25,303.25,303.29998779296875,303.1000061035156,303.29998779296875,30714
2026-04-27 06:06:00+00:00,303.20001220703125,303.20001220703125,303.29998779296875,303.20001220703125,303.25,24744
2026-04-27 06:07:00+00:00,303.20001220703125,303.20001220703125,303.29998779296875,303.1000061035156,303.1499938964844,26710
2026-04-27 06:08:00+00:00,303.1000061035156,303.1000061035156,303.25,302.95001220703125,303.1000061035156,100964
2026-04-27 06:09:00+00:00,303.25,303.25,303.3500061035156,303.04998779296875,303.1000061035156,41009
2026-04-27 06:10:00+00:00,303.45001220703125,303.45001220703125,303.45001220703125,303.25,303.29998779296875,20719
2026-04-27 06:11:00+00:00,303.6499938964844,303.6499938964844,303.75,303.54998779296875,303.54998779296875,34626
2026-04-27 06:12:00+00:00,303.54998779296875,303.54998779296875,303.70001220703125,303.3999938964844,303.54998779296875,24059
2026-04-27 06:13:00+00:00,303.54998779296875,303.54998779296875,303.70001220703125,303.5,303.6499938964844,20310
2026-04-27 06:14:00+00:00,303.6000061035156,303.6000061035156,303.6499938964844,303.3999938964844,303.5,18718
2026-04-27 06:15:00+00:00,303.6000061035156,303.6000061035156,303.6000061035156,303.45001220703125,303.5,19390
2026-04-27 06:16:00+00:00,303.5,303.5,303.6000061035156,303.3999938964844,303.5,23118
2026-04-27 06:17:00+00:00,303.54998779296875,303.54998779296875,303.6000061035156,303.3999938964844,303.5,24720
2026-04-27 06:18:00+00:00,303.75,303.75,303.75,303.54998779296875,303.54998779296875,22007
2026-04-27 06:19:00+00:00,303.8999938964844,303.8999938964844,303.8999938964844,303.6000061035156,303.70001220703125,26358
2026-04-27 06:20:00+00:00,303.70001220703125,303.70001220703125,303.8500061035156,303.6000061035156,303.79998779296875,28773
2026-04-27 06:21:00+00:00,303.70001220703125,303.70001220703125,303.75,303.6499938964844,303.75,24552
2026-04-27 06:22:00+00:00,303.79998779296875,303.79998779296875,303.8500061035156,303.6000061035156,303.6000061035156,14733
2026-04-27 06:23:00+00:00,303.79998779296875,303.79998779296875,303.8500061035156,303.70001220703125,303.70001220703125,27025
2026-04-27 06:24:00+00:00,303.95001220703125,303.95001220703125,303.95001220703125,303.79998779296875,303.8500061035156,23717
2026-04-27 06:25:00+00:00,303.8999938964844,303.8999938964844,303.95001220703125,303.70001220703125,303.95001220703125,24698
2026-04-27 06:26:00+00:00,303.8999938964844,303.8999938964844,303.8999938964844,303.70001220703125,303.8500061035156,24294
2026-04-27 06:27:00+00:00,304.1000061035156,304.1000061035156,304.1000061035156,303.8999938964844,303.8999938964844,22521
2026-04-27 06:28:00+00:00,304.1000061035156,304.1000061035156,304.1499938964844,304.0,304.0,22557
2026-04-27 06:29:00+00:00,304.04998779296875,304.04998779296875,304.1000061035156,304.0,304.04998779296875,17923
2026-04-27 06:30:00+00:00,304.04998779296875,304.04998779296875,304.1000061035156,304.0,304.0,20228
2026-04-27 06:31:00+00:00,303.8999938964844,303.8999938964844,304.04998779296875,303.8999938964844,303.8999938964844,25372
2026-04-27 06:32:00+00:00,304.04998779296875,304.04998779296875,304.04998779296875,303.8999938964844,304.0,19611
2026-04-27 06:33:00+00:00,304.0,304.0,304.0,303.8500061035156,303.8999938964844,31232
2026-04-27 06:34:00+00:00,303.79998779296875,303.79998779296875,304.0,303.79998779296875,303.95001220703125,63474
2026-04-27 06:35:00+00:00,303.75,303.75,303.8500061035156,303.75,303.75,29177
2026-04-27 06:36:00+00:00,303.8999938964844,303.8999938964844,303.8999938964844,303.75,303.8500061035156,25361
2026-04-27 06:37:00+00:00,303.70001220703125,303.70001220703125,303.8999938964844,303.70001220703125,303.8999938964844,20405
2026-04-27 06:38:00+00:00,303.8500061035156,303.8500061035156,303.8500061035156,303.75,303.79998779296875,18157
2026-04-27 06:39:00+00:00,303.1000061035156,303.1000061035156,303.8500061035156,303.1000061035156,303.8500061035156,635156
2026-04-27 06:40:00+00:00,303.1499938964844,303.1499938964844,303.25,303.1000061035156,303.1499938964844,37181
2026-04-27 06:41:00+00:00,303.3500061035156,303.3500061035156,303.3500061035156,303.1499938964844,303.1499938964844,17902
2026-04-27 06:42:00+00:00,303.3999938964844,303.3999938964844,303.3999938964844,303.25,303.3500061035156,25930
2026-04-27 06:43:00+00:00,303.45001220703125,303.45001220703125,303.45001220703125,303.25,303.25,18709
2026-04-27 06:44:00+00:00,303.29998779296875,303.29998779296875,303.45001220703125,303.20001220703125,303.45001220703125,34829
2026-04-27 06:45:00+00:00,303.5,303.5,303.5,303.3500061035156,303.3500061035156,17590
2026-04-27 06:46:00+00:00,303.54998779296875,303.54998779296875,303.54998779296875,303.3500061035156,303.45001220703125,20347
2026-04-27 06:47:00+00:00,303.54998779296875,303.54998779296875,303.6000061035156,303.5,303.6000061035156,23840
2026-04-27 06:48:00+00:00,303.5,303.5,303.6499938964844,303.3999938964844,303.6000061035156,18349
2026-04-27 06:49:00+00:00,303.5,303.5,303.5,303.3500061035156,303.5,20070
2026-04-27 06:50:00+00:00,303.29998779296875,303.29998779296875,303.5,303.29998779296875,303.3999938964844,32335
2026-04-27 06:51:00+00:00,303.3500061035156,303.3500061035156,303.3999938964844,303.1499938964844,303.3500061035156,28147
2026-04-27 06:52:00+00:00,303.5,303.5,303.5,303.29998779296875,303.3500061035156,33479
2026-04-27 06:53:00+00:00,303.3999938964844,303.3999938964844,303.5,303.3999938964844,303.3999938964844,24280
2026-04-27 06:54:00+00:00,303.5,303.5,303.54998779296875,303.3999938964844,303.3999938964844,38618
2026-04-27 06:55:00+00:00,303.5,303.5,303.54998779296875,303.3999938964844,303.5,16492
2026-04-27 06:56:00+00:00,303.54998779296875,303.54998779296875,303.6499938964844,303.45001220703125,303.45001220703125,19741
2026-04-27 06:57:00+00:00,303.70001220703125,303.70001220703125,303.70001220703125,303.6000061035156,303.6499938964844,18713
2026-04-27 06:58:00+00:00,303.70001220703125,303.70001220703125,303.70001220703125,303.6000061035156,303.6499938964844,26850
2026-04-27 06:59:00+00:00,303.70001220703125,303.70001220703125,303.70001220703125,303.6000061035156,303.70001220703125,22148
2026-04-27 07:00:00+00:00,303.6499938964844,303.6499938964844,303.70001220703125,303.54998779296875,303.70001220703125,22258
2026-04-27 07:01:00+00:00,303.75,303.75,303.75,303.6000061035156,303.6000061035156,24748
2026-04-27 07:02:00+00:00,303.75,303.75,303.79998779296875,303.70001220703125,303.75,20415
2026-04-27 07:03:00+00:00,303.8500061035156,303.8500061035156,303.8999938964844,303.70001220703125,303.79998779296875,19760
2026-04-27 07:04:00+00:00,304.0,304.0,304.0,303.8500061035156,303.8500061035156,19195
2026-04-27 07:05:00+00:00,304.29998779296875,304.29998779296875,304.29998779296875,303.95001220703125,303.95001220703125,39202
2026-04-27 07:06:00+00:00,304.29998779296875,304.29998779296875,304.29998779296875,304.1000061035156,304.29998779296875,22723
2026-04-27 07:07:00+00:00,304.1499938964844,304.1499938964844,304.25,304.04998779296875,304.25,18914
2026-04-27 07:08:00+00:00,304.1499938964844,304.1499938964844,304.1499938964844,304.1000061035156,304.1499938964844,20836
2026-04-27 07:09:00+00:00,304.0,304.0,304.20001220703125,304.0,304.20001220703125,36838
2026-04-27 07:10:00+00:00,303.95001220703125,303.95001220703125,304.1000061035156,303.95001220703125,304.04998779296875,18273
2026-04-27 07:11:00+00:00,304.0,304.0,304.1000061035156,304.0,304.1000061035156,16807
2026-04-27 07:12:00+00:00,304.04998779296875,304.04998779296875,304.1000061035156,303.95001220703125,304.1000061035156,34847
2026-04-27 07:13:00+00:00,304.1000061035156,304.1000061035156,304.1000061035156,304.0,304.1000061035156,17035
2026-04-27 07:14:00+00:00,304.1000061035156,304.1000061035156,304.20001220703125,304.0,304.0,22556
2026-04-27 07:15:00+00:00,304.20001220703125,304.20001220703125,304.25,304.1000061035156,304.1499938964844,23524
2026-04-27 07:16:00+00:00,304.20001220703125,304.20001220703125,304.29998779296875,304.20001220703125,304.25,20305
2026-04-27 07:17:00+00:00,304.29998779296875,304.29998779296875,304.29998779296875,304.1499938964844,304.25,18776
2026-04-27 07:18:00+00:00,304.1499938964844,304.1499938964844,304.29998779296875,304.04998779296875,304.20001220703125,27380
2026-04-27 07:19:00+00:00,303.95001220703125,303.95001220703125,304.20001220703125,303.95001220703125,304.20001220703125,20691
2026-04-27 07:20:00+00:00,303.8999938964844,303.8999938964844,304.04998779296875,303.8500061035156,304.04998779296875,19635
2026-04-27 07:21:00+00:00,303.95001220703125,303.95001220703125,304.0,303.8500061035156,303.95001220703125,20185
2026-04-27 07:22:00+00:00,303.8500061035156,303.8500061035156,304.04998779296875,303.8500061035156,303.8500061035156,48131
2026-04-27 07:23:00+00:00,304.04998779296875,304.04998779296875,304.1000061035156,303.95001220703125,303.95001220703125,15386
2026-04-27 07:24:00+00:00,304.04998779296875,304.04998779296875,304.04998779296875,303.8999938964844,304.04998779296875,18099
2026-04-27 07:25:00+00:00,304.0,304.0,304.1000061035156,303.8999938964844,304.0,19211
2026-04-27 07:26:00+00:00,304.1000061035156,304.1000061035156,304.1499938964844,303.95001220703125,303.95001220703125,22341
2026-04-27 07:27:00+00:00,304.0,304.0,304.25,304.0,304.1499938964844,41345
2026-04-27 07:28:00+00:00,304.20001220703125,304.20001220703125,304.20001220703125,304.0,304.0,28495
2026-04-27 07:29:00+00:00,304.20001220703125,304.20001220703125,304.20001220703125,304.04998779296875,304.04998779296875,27840
2026-04-27 07:30:00+00:00,304.0,304.0,304.20001220703125,304.0,304.04998779296875,20739
2026-04-27 07:31:00+00:00,304.1499938964844,304.1499938964844,304.20001220703125,304.0,304.1499938964844,21718
2026-04-27 07:32:00+00:00,304.20001220703125,304.20001220703125,304.20001220703125,304.04998779296875,304.20001220703125,21979
2026-04-27 07:33:00+00:00,304.1499938964844,304.1499938964844,304.29998779296875,304.1000061035156,304.1499938964844,21492
2026-04-27 07:34:00+00:00,304.20001220703125,304.20001220703125,304.29998779296875,304.1000061035156,304.20001220703125,22473
2026-04-27 07:35:00+00:00,303.8999938964844,303.8999938964844,304.25,303.8999938964844,304.25,25806
2026-04-27 07:36:00+00:00,304.0,304.0,304.04998779296875,303.8999938964844,303.95001220703125,22425
2026-04-27 07:37:00+00:00,304.0,304.0,304.1000061035156,303.8500061035156,304.04998779296875,29844
2026-04-27 07:38:00+00:00,304.0,304.0,304.04998779296875,303.95001220703125,304.0,19647
2026-04-27 07:39:00+00:00,304.0,304.0,304.04998779296875,303.8500061035156,303.95001220703125,16181
2026-04-27 07:40:00+00:00,303.95001220703125,303.95001220703125,304.04998779296875,303.8500061035156,304.0,22628
2026-04-27 07:41:00+00:00,303.8999938964844,303.8999938964844,304.04998779296875,303.8500061035156,304.0,19261
2026-04-27 07:42:00+00:00,304.1000061035156,304.1000061035156,304.1000061035156,303.8999938964844,303.95001220703125,21858
2026-04-27 07:43:00+00:00,304.25,304.25,304.25,304.1000061035156,304.1499938964844,19181
2026-04-27 07:44:00+00:00,304.20001220703125,304.20001220703125,304.29998779296875,304.1000061035156,304.25,33914
2026-04-27 07:45:00+00:00,304.20001220703125,304.20001220703125,304.25,304.1000061035156,304.25,21108
2026-04-27 07:46:00+00:00,304.29998779296875,304.29998779296875,304.29998779296875,304.1499938964844,304.20001220703125,24154
2026-04-27 07:47:00+00:00,304.29998779296875,304.29998779296875,304.3500061035156,304.20001220703125,304.25,29617
2026-04-27 07:48:00+00:00,304.20001220703125,304.20001220703125,304.3500061035156,304.1499938964844,304.29998779296875,26845
2026-04-27 07:49:00+00:00,304.04998779296875,304.04998779296875,304.29998779296875,304.04998779296875,304.29998779296875,25885
2026-04-27 07:50:00+00:00,304.04998779296875,304.04998779296875,304.1499938964844,303.8999938964844,304.1499938964844,27526
2026-04-27 07:51:00+00:00,304.1000061035156,304.1000061035156,304.1000061035156,303.8500061035156,304.04998779296875,21117
2026-04-27 07:52:00+00:00,304.0,304.0,304.1000061035156,303.8500061035156,304.04998779296875,28578
2026-04-27 07:53:00+00:00,304.0,304.0,304.04998779296875,303.95001220703125,303.95001220703125,23323
2026-04-27 07:54:00+00:00,304.0,304.0,304.04998779296875,303.8500061035156,303.8999938964844,21292
2026-04-27 07:55:00+00:00,303.8999938964844,303.8999938964844,304.04998779296875,303.8999938964844,304.0,25481
2026-04-27 07:56:00+00:00,304.0,304.0,304.0,303.8999938964844,304.0,22507
2026-04-27 07:57:00+00:00,304.1000061035156,304.1000061035156,304.1000061035156,303.8500061035156,304.0,24897
2026-04-27 07:58:00+00:00,304.20001220703125,304.20001220703125,304.25,304.1000061035156,304.1000061035156,27230
2026-04-27 07:59:00+00:00,304.1499938964844,304.1499938964844,304.25,304.1499938964844,304.20001220703125,20931
2026-04-27 08:00:00+00:00,304.1000061035156,304.1000061035156,304.1000061035156,303.8500061035156,304.0,25149
2026-04-27 08:01:00+00:00,304.0,304.0,304.1499938964844,304.0,304.0,22972
2026-04-27 08:02:00+00:00,303.8500061035156,303.8500061035156,304.04998779296875,303.8500061035156,304.04998779296875,27940
2026-04-27 08:03:00+00:00,303.79998779296875,303.79998779296875,304.0,303.79998779296875,304.0,70202
2026-04-27 08:04:00+00:00,303.8500061035156,303.8500061035156,304.0,303.8500061035156,303.8999938964844,27320
2026-04-27 08:05:00+00:00,304.0,304.0,304.1000061035156,303.95001220703125,303.95001220703125,28664
2026-04-27 08:06:00+00:00,304.0,304.0,304.1000061035156,303.95001220703125,304.0,17357
2026-04-27 08:07:00+00:00,304.1499938964844,304.1499938964844,304.1499938964844,303.95001220703125,304.0,19608
2026-04-27 08:08:00+00:00,304.1499938964844,304.1499938964844,304.25,304.04998779296875,304.04998779296875,31615
2026-04-27 08:09:00+00:00,304.20001220703125,304.20001220703125,304.29998779296875,304.1499938964844,304.20001220703125,30081
2026-04-27 08:10:00+00:00,304.20001220703125,304.20001220703125,304.25,304.1000061035156,304.20001220703125,25015
2026-04-27 08:11:00+00:00,304.25,304.25,304.29998779296875,304.1499938964844,304.20001220703125,26012
2026-04-27 08:12:00+00:00,304.1499938964844,304.1499938964844,304.25,304.1499938964844,304.20001220703125,21111
2026-04-27 08:13:00+00:00,304.1000061035156,304.1000061035156,304.25,304.1000061035156,304.25,23332
2026-04-27 08:14:00+00:00,304.04998779296875,304.04998779296875,304.20001220703125,304.04998779296875,304.20001220703125,19843
2026-04-27 08:15:00+00:00,304.1499938964844,304.1499938964844,304.20001220703125,304.04998779296875,304.1499938964844,23946
2026-04-27 08:16:00+00:00,304.20001220703125,304.20001220703125,304.20001220703125,304.04998779296875,304.1499938964844,24389
2026-04-27 08:17:00+00:00,304.25,304.25,304.25,304.1000061035156,304.1499938964844,18281
2026-04-27 08:18:00+00:00,304.1000061035156,304.1000061035156,304.1000061035156,304.0,304.1000061035156,38835
2026-04-27 08:19:00+00:00,304.04998779296875,304.04998779296875,304.1000061035156,304.04998779296875,304.1000061035156,24052
2026-04-27 08:20:00+00:00,304.04998779296875,304.04998779296875,304.04998779296875,304.0,304.04998779296875,29127
2026-04-27 08:21:00+00:00,304.1000061035156,304.1000061035156,304.1000061035156,303.8999938964844,304.0,64856
2026-04-27 08:22:00+00:00,304.1000061035156,304.1000061035156,304.1000061035156,304.0,304.1000061035156,18056
2026-04-27 08:23:00+00:00,304.04998779296875,304.04998779296875,304.1000061035156,304.0,304.04998779296875,74082
2026-04-27 08:24:00+00:00,304.04998779296875,304.04998779296875,304.1499938964844,304.04998779296875,304.1000061035156,18464
2026-04-27 08:25:00+00:00,304.1499938964844,304.1499938964844,304.25,304.04998779296875,304.1499938964844,152284
2026-04-27 08:26:00+00:00,304.1499938964844,304.1499938964844,304.20001220703125,304.0,304.1499938964844,42945
2026-04-27 08:27:00+00:00,304.20001220703125,304.20001220703125,304.20001220703125,304.1000061035156,304.20001220703125,15732
2026-04-27 08:28:00+00:00,304.25,304.25,304.25,304.1499938964844,304.20001220703125,23439
2026-04-27 08:29:00+00:00,304.25,304.25,304.25,304.1499938964844,304.25,20201
2026-04-27 08:30:00+00:00,304.29998779296875,304.29998779296875,304.29998779296875,304.1499938964844,304.25,20355
2026-04-27 08:31:00+00:00,304.3999938964844,304.3999938964844,304.5,304.20001220703125,304.25,253879
2026-04-27 08:32:00+00:00,304.3500061035156,304.3500061035156,304.3999938964844,304.20001220703125,304.3500061035156,21489
2026-04-27 08:33:00+00:00,304.20001220703125,304.20001220703125,304.3999938964844,304.20001220703125,304.29998779296875,28252
2026-04-27 08:34:00+00:00,304.3500061035156,304.3500061035156,304.3500061035156,304.25,304.3500061035156,21413
2026-04-27 08:35:00+00:00,304.29998779296875,304.29998779296875,304.3999938964844,304.25,304.3500061035156,19330
2026-04-27 08:36:00+00:00,304.3500061035156,304.3500061035156,304.3999938964844,304.20001220703125,304.3500061035156,23407
2026-04-27 08:37:00+00:00,304.45001220703125,304.45001220703125,304.45001220703125,304.25,304.25,124507
2026-04-27 08:38:00+00:00,304.45001220703125,304.45001220703125,304.54998779296875,304.3500061035156,304.5,23502
2026-04-27 08:39:00+00:00,304.3999938964844,304.3999938964844,304.5,304.29998779296875,304.3500061035156,25062
2026-04-27 08:40:00+00:00,304.5,304.5,304.5,304.3500061035156,304.45001220703125,23308
2026-04-27 08:41:00+00:00,304.5,304.5,304.5,304.29998779296875,304.3999938964844,24585
2026-04-27 08:42:00+00:00,304.3999938964844,304.3999938964844,304.5,304.3999938964844,304.3999938964844,24581
2026-04-27 08:43:00+00:00,304.5,304.5,304.5,304.29998779296875,304.45001220703125,21435
2026-04-27 08:44:00+00:00,304.5,304.5,304.5,304.3999938964844,304.3999938964844,25991
2026-04-27 08:45:00+00:00,304.6000061035156,304.6000061035156,304.6000061035156,304.45001220703125,304.5,28460
2026-04-27 08:46:00+00:00,304.54998779296875,304.54998779296875,304.6499938964844,304.5,304.54998779296875,31489
2026-04-27 08:47:00+00:00,304.54998779296875,304.54998779296875,304.70001220703125,304.3999938964844,304.5,57796
2026-04-27 08:48:00+00:00,304.70001220703125,304.70001220703125,304.75,304.3999938964844,304.5,328918
2026-04-27 08:49:00+00:00,304.45001220703125,304.45001220703125,304.6499938964844,304.3500061035156,304.6499938964844,35682
2026-04-27 08:50:00+00:00,304.29998779296875,304.29998779296875,304.45001220703125,304.25,304.3500061035156,29552
2026-04-27 08:51:00+00:00,304.20001220703125,304.20001220703125,304.3500061035156,304.1000061035156,304.3500061035156,23957
2026-04-27 08:52:00+00:00,304.3999938964844,304.3999938964844,304.3999938964844,304.04998779296875,304.1499938964844,87358
2026-04-27 08:53:00+00:00,304.20001220703125,304.20001220703125,304.3999938964844,304.1000061035156,304.25,36765
2026-04-27 08:54:00+00:00,304.25,304.25,304.3500061035156,304.1499938964844,304.1499938964844,25218
2026-04-27 08:55:00+00:00,304.29998779296875,304.29998779296875,304.29998779296875,304.1000061035156,304.1000061035156,21566
2026-04-27 08:56:00+00:00,304.25,304.25,304.29998779296875,304.1499938964844,304.25,24220
2026-04-27 08:57:00+00:00,304.3500061035156,304.3500061035156,304.3500061035156,304.20001220703125,304.20001220703125,24074
2026-04-27 08:58:00+00:00,304.3999938964844,304.3999938964844,304.3999938964844,304.20001220703125,304.25,24897
2026-04-27 08:59:00+00:00,304.45001220703125,304.45001220703125,304.45001220703125,304.3500061035156,304.3500061035156,20783
2026-04-27 09:00:00+00:00,304.29998779296875,304.29998779296875,304.45001220703125,304.25,304.45001220703125,49179
2026-04-27 09:01:00+00:00,304.1499938964844,304.1499938964844,304.3500061035156,304.1000061035156,304.3500061035156,23044
2026-04-27 09:02:00+00:00,304.04998779296875,304.04998779296875,304.1499938964844,303.95001220703125,304.1499938964844,44465
2026-04-27 09:03:00+00:00,303.8999938964844,303.8999938964844,304.0,303.8999938964844,303.95001220703125,22715
2026-04-27 09:04:00+00:00,303.95001220703125,303.95001220703125,304.0,303.8500061035156,303.8500061035156,48652
2026-04-27 09:05:00+00:00,303.95001220703125,303.95001220703125,304.0,303.79998779296875,304.0,22292
2026-04-27 09:06:00+00:00,303.95001220703125,303.95001220703125,303.95001220703125,303.79998779296875,303.95001220703125,41195
2026-04-27 09:07:00+00:00,304.04998779296875,304.04998779296875,304.1000061035156,303.95001220703125,303.95001220703125,127224
2026-04-27 09:08:00+00:00,304.1000061035156,304.1000061035156,304.25,304.1000061035156,304.20001220703125,253132
2026-04-27 09:09:00+00:00,303.95001220703125,303.95001220703125,304.1000061035156,303.95001220703125,304.04998779296875,41953
2026-04-27 09:10:00+00:00,303.95001220703125,303.95001220703125,303.95001220703125,303.79998779296875,303.95001220703125,33844
2026-04-27 09:11:00+00:00,304.0,304.0,304.04998779296875,303.95001220703125,304.04998779296875,23144
2026-04-27 09:12:00+00:00,304.1000061035156,304.1000061035156,304.1000061035156,303.8999938964844,303.95001220703125,24411
2026-04-27 09:13:00+00:00,304.1000061035156,304.1000061035156,304.20001220703125,303.95001220703125,304.04998779296875,28092
2026-04-27 09:14:00+00:00,304.1499938964844,304.1499938964844,304.20001220703125,304.04998779296875,304.1499938964844,42276
2026-04-27 09:15:00+00:00,304.20001220703125,304.20001220703125,304.25,304.1000061035156,304.1000061035156,23640
2026-04-27 09:16:00+00:00,304.1000061035156,304.1000061035156,304.25,304.1000061035156,304.1499938964844,32082
2026-04-27 09:17:00+00:00,304.20001220703125,304.20001220703125,304.25,304.1499938964844,304.20001220703125,23945
2026-04-27 09:18:00+00:00,304.1499938964844,304.1499938964844,304.25,304.0,304.1499938964844,64465
2026-04-27 09:19:00+00:00,304.20001220703125,304.20001220703125,304.25,304.0,304.0,185750
2026-04-27 09:20:00+00:00,304.29998779296875,304.29998779296875,304.29998779296875,304.04998779296875,304.04998779296875,133691
2026-04-27 09:21:00+00:00,304.29998779296875,304.29998779296875,304.29998779296875,304.20001220703125,304.25,36542
2026-04-27 09:22:00+00:00,304.20001220703125,304.20001220703125,304.25,304.20001220703125,304.20001220703125,20624
2026-04-27 09:23:00+00:00,304.20001220703125,304.20001220703125,304.25,304.1000061035156,304.20001220703125,21715
2026-04-27 09:24:00+00:00,304.04998779296875,304.04998779296875,304.25,304.04998779296875,304.25,25035
2026-04-27 09:25:00+00:00,304.0,304.0,304.20001220703125,304.0,304.1499938964844,29589
2026-04-27 09:26:00+00:00,304.04998779296875,304.04998779296875,304.1499938964844,304.0,304.0,30681
2026-04-27 09:27:00+00:00,304.45001220703125,304.45001220703125,304.6000061035156,304.04998779296875,304.20001220703125,372274
2026-04-27 09:28:00+00:00,304.29998779296875,304.29998779296875,304.5,304.20001220703125,304.45001220703125,28708
2026-04-27 09:29:00+00:00,304.25,304.25,304.29998779296875,304.20001220703125,304.25,21661
2026-04-27 09:30:00+00:00,304.04998779296875,304.04998779296875,304.1000061035156,304.0,304.1000061035156,24673
2026-04-27 09:31:00+00:00,303.8500061035156,303.8500061035156,304.1000061035156,303.8500061035156,304.0,32583
2026-04-27 09:32:00+00:00,304.0,304.0,304.1000061035156,303.8500061035156,303.8999938964844,26981
2026-04-27 09:33:00+00:00,303.95001220703125,303.95001220703125,304.0,303.8999938964844,303.95001220703125,42636
2026-04-27 09:34:00+00:00,303.95001220703125,303.95001220703125,303.95001220703125,303.8500061035156,303.95001220703125,23463
2026-04-27 09:35:00+00:00,303.8999938964844,303.8999938964844,303.95001220703125,303.8500061035156,303.95001220703125,29075
2026-04-27 09:36:00+00:00,303.95001220703125,303.95001220703125,303.95001220703125,303.8500061035156,303.8999938964844,28711
2026-04-27 09:37:00+00:00,303.79998779296875,303.79998779296875,303.95001220703125,303.79998779296875,303.8500061035156,32246
2026-04-27 09:38:00+00:00,303.95001220703125,303.95001220703125,304.0,303.79998779296875,303.8500061035156,145319
2026-04-27 09:39:00+00:00,303.95001220703125,303.95001220703125,303.95001220703125,303.8999938964844,303.8999938964844,33079
2026-04-27 09:40:00+00:00,303.8999938964844,303.8999938964844,304.0,303.8999938964844,304.0,38511
2026-04-27 09:41:00+00:00,303.8999938964844,303.8999938964844,304.0,303.8500061035156,303.8500061035156,41650
2026-04-27 09:42:00+00:00,303.95001220703125,303.95001220703125,304.0,303.8999938964844,303.95001220703125,35624
2026-04-27 09:43:00+00:00,303.8999938964844,303.8999938964844,304.0,303.8999938964844,303.95001220703125,36153
2026-04-27 09:44:00+00:00,304.0,304.0,304.0,303.8999938964844,304.0,38797
2026-04-27 09:45:00+00:00,304.04998779296875,304.04998779296875,304.1499938964844,303.95001220703125,303.95001220703125,72855
2026-04-27 09:46:00+00:00,304.0,304.0,304.0,304.0,304.0,26418
2026-04-27 09:47:00+00:00,303.8999938964844,303.8999938964844,304.0,303.8999938964844,303.95001220703125,42136
2026-04-27 09:48:00+00:00,303.8999938964844,303.8999938964844,304.0,303.8500061035156,303.95001220703125,34482
2026-04-27 09:49:00+00:00,303.8999938964844,303.8999938964844,303.8999938964844,303.8500061035156,303.8999938964844,65904
2026-04-27 09:50:00+00:00,303.75,303.75,303.79998779296875,303.70001220703125,303.79998779296875,81308
2026-04-27 09:51:00+00:00,303.79998779296875,303.79998779296875,303.95001220703125,303.75,303.75,58467
2026-04-27 09:52:00+00:00,303.75,303.75,303.8500061035156,303.70001220703125,303.8500061035156,24184
2026-04-27 09:53:00+00:00,303.79998779296875,303.79998779296875,303.8500061035156,303.75,303.79998779296875,62031
2026-04-27 09:54:00+00:00,303.70001220703125,303.70001220703125,303.75,303.6499938964844,303.70001220703125,58572
2026-04-27 09:55:00+00:00,303.75,303.75,303.79998779296875,303.6000061035156,303.70001220703125,61711
2026-04-27 09:56:00+00:00,303.6499938964844,303.6499938964844,303.79998779296875,303.6499938964844,303.79998779296875,52728
2026-04-27 09:57:00+00:00,303.79998779296875,303.79998779296875,303.8500061035156,303.6499938964844,303.6499938964844,80932
2026-04-27 09:58:00+00:00,303.8500061035156,303.8500061035156,303.8999938964844,303.8500061035156,303.8500061035156,19642
2026-04-27 09:59:00+00:00,304.0,304.0,304.04998779296875,303.8999938964844,304.04998779296875,76088
2026-04-28 03:45:00+00:00,302.8500061035156,302.8500061035156,304.0,302.6000061035156,304.0,0
2026-04-28 03:46:00+00:00,303.3999938964844,303.3999938964844,303.54998779296875,302.75,302.75,87322
2026-04-28 03:47:00+00:00,303.5,303.5,303.8999938964844,303.3999938964844,303.3999938964844,126740
2026-04-28 03:48:00+00:00,303.5,303.5,303.6000061035156,303.29998779296875,303.5,109639
2026-04-28 03:49:00+00:00,303.79998779296875,303.79998779296875,303.79998779296875,303.3500061035156,303.3500061035156,57099
2026-04-28 03:50:00+00:00,303.79998779296875,303.79998779296875,304.1000061035156,303.79998779296875,303.8500061035156,44668
2026-04-28 03:51:00+00:00,303.8500061035156,303.8500061035156,304.0,303.8500061035156,303.8999938964844,36659
2026-04-28 03:52:00+00:00,303.8500061035156,303.8500061035156,303.8999938964844,303.79998779296875,303.8999938964844,34645
2026-04-28 03:53:00+00:00,304.20001220703125,304.20001220703125,304.3500061035156,303.8500061035156,303.8500061035156,92646
2026-04-28 03:54:00+00:00,304.20001220703125,304.20001220703125,304.20001220703125,303.95001220703125,304.20001220703125,27002
2026-04-28 03:55:00+00:00,304.3500061035156,304.3500061035156,304.45001220703125,304.20001220703125,304.29998779296875,35625
2026-04-28 03:56:00+00:00,304.3999938964844,304.3999938964844,304.5,304.3500061035156,304.45001220703125,43212
2026-04-28 03:57:00+00:00,304.3500061035156,304.3500061035156,304.45001220703125,304.29998779296875,304.3500061035156,10107
2026-04-28 03:58:00+00:00,304.3999938964844,304.3999938964844,304.3999938964844,304.20001220703125,304.25,15964
2026-04-28 03:59:00+00:00,304.1000061035156,304.1000061035156,304.3999938964844,304.04998779296875,304.3999938964844,33439
2026-04-28 04:00:00+00:00,304.04998779296875,304.04998779296875,304.1000061035156,304.04998779296875,304.04998779296875,9786
2026-04-28 04:01:00+00:00,303.8999938964844,303.8999938964844,304.04998779296875,303.8999938964844,304.04998779296875,15925
2026-04-28 04:02:00+00:00,304.04998779296875,304.04998779296875,304.1000061035156,303.8500061035156,303.8500061035156,20451
2026-04-28 04:03:00+00:00,303.95001220703125,303.95001220703125,304.04998779296875,303.70001220703125,304.04998779296875,20768
2026-04-28 04:04:00+00:00,303.8999938964844,303.8999938964844,303.95001220703125,303.8500061035156,303.95001220703125,8319
2026-04-28 04:05:00+00:00,303.6499938964844,303.6499938964844,303.79998779296875,303.6499938964844,303.79998779296875,26945
2026-04-28 04:06:00+00:00,303.8500061035156,303.8500061035156,303.8500061035156,303.54998779296875,303.6499938964844,12488
2026-04-28 04:07:00+00:00,303.75,303.75,303.95001220703125,303.54998779296875,303.79998779296875,79829
2026-04-28 04:08:00+00:00,303.8500061035156,303.8500061035156,303.8500061035156,303.6000061035156,303.75,9156
2026-04-28 04:09:00+00:00,303.95001220703125,303.95001220703125,303.95001220703125,303.79998779296875,303.8500061035156,6802
2026-04-28 04:10:00+00:00,303.95001220703125,303.95001220703125,304.1499938964844,303.95001220703125,303.95001220703125,14333
2026-04-28 04:11:00+00:00,304.20001220703125,304.20001220703125,304.20001220703125,304.1000061035156,304.1000061035156,24623
2026-04-28 04:12:00+00:00,304.20001220703125,304.20001220703125,304.3999938964844,304.0,304.29998779296875,92962
2026-04-28 04:13:00+00:00,304.3999938964844,304.3999938964844,304.3999938964844,304.29998779296875,304.29998779296875,12981
2026-04-28 04:14:00+00:00,304.45001220703125,304.45001220703125,304.45001220703125,304.29998779296875,304.3500061035156,79822
2026-04-28 04:15:00+00:00,304.3999938964844,304.3999938964844,304.45001220703125,304.3500061035156,304.45001220703125,19647
2026-04-28 04:16:00+00:00,304.6000061035156,304.6000061035156,304.6499938964844,304.45001220703125,304.45001220703125,59042
2026-04-28 04:17:00+00:00,304.3999938964844,304.3999938964844,304.5,304.3999938964844,304.45001220703125,18568
2026-04-28 04:18:00+00:00,304.3999938964844,304.3999938964844,304.3999938964844,304.3500061035156,304.3999938964844,21625
2026-04-28 04:19:00+00:00,304.3999938964844,304.3999938964844,304.5,304.25,304.3999938964844,17001
2026-04-28 04:20:00+00:00,304.45001220703125,304.45001220703125,304.45001220703125,304.25,304.3999938964844,24794
2026-04-28 04:21:00+00:00,304.3999938964844,304.3999938964844,304.45001220703125,304.25,304.25,23631
2026-04-28 04:22:00+00:00,304.29998779296875,304.29998779296875,304.3500061035156,304.20001220703125,304.20001220703125,14038
2026-04-28 04:23:00+00:00,304.20001220703125,304.20001220703125,304.3500061035156,304.20001220703125,304.3500061035156,14439
2026-04-28 04:24:00+00:00,304.20001220703125,304.20001220703125,304.3500061035156,304.20001220703125,304.29998779296875,17435
2026-04-28 04:25:00+00:00,304.29998779296875,304.29998779296875,304.45001220703125,304.29998779296875,304.29998779296875,15038
2026-04-28 04:26:00+00:00,304.25,304.25,304.45001220703125,304.25,304.3500061035156,16411
2026-04-28 04:27:00+00:00,304.45001220703125,304.45001220703125,304.45001220703125,304.25,304.25,21719
2026-04-28 04:28:00+00:00,304.79998779296875,304.79998779296875,304.95001220703125,304.45001220703125,304.45001220703125,107374
2026-04-28 04:29:00+00:00,304.8500061035156,304.8500061035156,304.95001220703125,304.70001220703125,304.95001220703125,86983
2026-04-28 04:30:00+00:00,304.8500061035156,304.8500061035156,304.8500061035156,304.70001220703125,304.75,17143
2026-04-28 04:31:00+00:00,304.8999938964844,304.8999938964844,304.8999938964844,304.8500061035156,304.8500061035156,25436
2026-04-28 04:32:00+00:00,304.79998779296875,304.79998779296875,304.79998779296875,304.45001220703125,304.79998779296875,20303
2026-04-28 04:33:00+00:00,304.79998779296875,304.79998779296875,304.79998779296875,304.6499938964844,304.79998779296875,11950
2026-04-28 04:34:00+00:00,304.70001220703125,304.70001220703125,304.79998779296875,304.54998779296875,304.79998779296875,26778
2026-04-28 04:35:00+00:00,304.70001220703125,304.70001220703125,304.79998779296875,304.6499938964844,304.79998779296875,22968
2026-04-28 04:36:00+00:00,304.79998779296875,304.79998779296875,304.79998779296875,304.70001220703125,304.75,19383
2026-04-28 04:37:00+00:00,304.79998779296875,304.79998779296875,304.8500061035156,304.6499938964844,304.6499938964844,18522
2026-04-28 04:38:00+00:00,304.95001220703125,304.95001220703125,304.95001220703125,304.8999938964844,304.8999938964844,13542
2026-04-28 04:39:00+00:00,304.8500061035156,304.8500061035156,304.95001220703125,304.8500061035156,304.8999938964844,17508
2026-04-28 04:40:00+00:00,304.8500061035156,304.8500061035156,304.95001220703125,304.8500061035156,304.8500061035156,24802
2026-04-28 04:41:00+00:00,304.8999938964844,304.8999938964844,304.8999938964844,304.79998779296875,304.79998779296875,18644
2026-04-28 04:42:00+00:00,305.0,305.0,305.0,304.8500061035156,304.8999938964844,32295
2026-04-28 04:43:00+00:00,305.1499938964844,305.1499938964844,305.1499938964844,304.95001220703125,305.0,40739
2026-04-28 04:44:00+00:00,305.0,305.0,305.20001220703125,305.0,305.1499938964844,28417
2026-04-28 04:45:00+00:00,305.0,305.0,305.1000061035156,305.0,305.04998779296875,12700
2026-04-28 04:46:00+00:00,305.0,305.0,305.0,304.8999938964844,304.8999938964844,19034
2026-04-28 04:47:00+00:00,304.95001220703125,304.95001220703125,305.04998779296875,304.95001220703125,305.0,26566
2026-04-28 04:48:00+00:00,305.0,305.0,305.0,304.8999938964844,304.8999938964844,17562
2026-04-28 04:49:00+00:00,305.0,305.0,305.0,304.8999938964844,304.95001220703125,12367
2026-04-28 04:50:00+00:00,305.04998779296875,305.04998779296875,305.04998779296875,304.8999938964844,305.0,25962
2026-04-28 04:51:00+00:00,304.95001220703125,304.95001220703125,305.04998779296875,304.8999938964844,305.0,18398
2026-04-28 04:52:00+00:00,305.20001220703125,305.20001220703125,305.20001220703125,305.0,305.04998779296875,37173
2026-04-28 04:53:00+00:00,305.0,305.0,305.20001220703125,305.0,305.20001220703125,33073
2026-04-28 04:54:00+00:00,305.04998779296875,305.04998779296875,305.20001220703125,305.04998779296875,305.1499938964844,16032
2026-04-28 04:55:00+00:00,305.04998779296875,305.04998779296875,305.1499938964844,305.04998779296875,305.04998779296875,10111
2026-04-28 04:56:00+00:00,305.0,305.0,305.1000061035156,305.0,305.1000061035156,14929
2026-04-28 04:57:00+00:00,305.04998779296875,305.04998779296875,305.04998779296875,304.95001220703125,305.0,40449
2026-04-28 04:58:00+00:00,304.95001220703125,304.95001220703125,305.04998779296875,304.8500061035156,305.04998779296875,18633
2026-04-28 04:59:00+00:00,305.1000061035156,305.1000061035156,305.1000061035156,304.95001220703125,304.95001220703125,8597
2026-04-28 05:00:00+00:00,305.1499938964844,305.1499938964844,305.1499938964844,305.0,305.1000061035156,20798
2026-04-28 05:01:00+00:00,305.1499938964844,305.1499938964844,305.1499938964844,305.04998779296875,305.1499938964844,6061
2026-04-28 05:02:00+00:00,305.1499938964844,305.1499938964844,305.1499938964844,305.1000061035156,305.1000061035156,8637
2026-04-28 05:03:00+00:00,305.1499938964844,305.1499938964844,305.1499938964844,305.0,305.1499938964844,17239
2026-04-28 05:04:00+00:00,305.1499938964844,305.1499938964844,305.1499938964844,305.04998779296875,305.1499938964844,7834
2026-04-28 05:05:00+00:00,305.04998779296875,305.04998779296875,305.1499938964844,305.0,305.1499938964844,5283
2026-04-28 05:06:00+00:00,305.1499938964844,305.1499938964844,305.1499938964844,305.04998779296875,305.04998779296875,38510
2026-04-28 05:07:00+00:00,305.29998779296875,305.29998779296875,305.3500061035156,305.20001220703125,305.20001220703125,11618
2026-04-28 05:08:00+00:00,305.20001220703125,305.20001220703125,305.29998779296875,305.1499938964844,305.29998779296875,9596
2026-04-28 05:09:00+00:00,305.20001220703125,305.20001220703125,305.25,305.1499938964844,305.20001220703125,19236
2026-04-28 05:10:00+00:00,305.20001220703125,305.20001220703125,305.29998779296875,305.20001220703125,305.25,13646
2026-04-28 05:11:00+00:00,305.1499938964844,305.1499938964844,305.25,305.1499938964844,305.25,8378
2026-04-28 05:12:00+00:00,304.95001220703125,304.95001220703125,305.20001220703125,304.8500061035156,305.20001220703125,147551
2026-04-28 05:13:00+00:00,304.8500061035156,304.8500061035156,304.95001220703125,304.8500061035156,304.95001220703125,12270
2026-04-28 05:14:00+00:00,305.0,305.0,305.0,304.79998779296875,304.8500061035156,18182
2026-04-28 05:15:00+00:00,304.95001220703125,304.95001220703125,305.0,304.8999938964844,304.95001220703125,48903
2026-04-28 05:16:00+00:00,305.0,305.0,305.04998779296875,304.8999938964844,305.0,17648
2026-04-28 05:17:00+00:00,305.04998779296875,305.04998779296875,305.04998779296875,304.8500061035156,305.04998779296875,14793
2026-04-28 05:18:00+00:00,304.95001220703125,304.95001220703125,305.04998779296875,304.95001220703125,304.95001220703125,12448
2026-04-28 05:19:00+00:00,305.0,305.0,305.0,304.95001220703125,305.0,13816
2026-04-28 05:20:00+00:00,305.04998779296875,305.04998779296875,305.1000061035156,305.0,305.04998779296875,13093
2026-04-28 05:21:00+00:00,305.0,305.0,305.1000061035156,304.95001220703125,305.0,11600
2026-04-28 05:22:00+00:00,305.04998779296875,305.04998779296875,305.1000061035156,305.0,305.1000061035156,7276
2026-04-28 05:23:00+00:00,305.0,305.0,305.1000061035156,305.0,305.04998779296875,30383
2026-04-28 05:24:00+00:00,305.1499938964844,305.1499938964844,305.25,305.0,305.1000061035156,13349
2026-04-28 05:25:00+00:00,305.1499938964844,305.1499938964844,305.25,305.1499938964844,305.1499938964844,15630
2026-04-28 05:26:00+00:00,305.20001220703125,305.20001220703125,305.29998779296875,305.1499938964844,305.25,19538
2026-04-28 05:27:00+00:00,305.25,305.25,305.3500061035156,305.1499938964844,305.20001220703125,20274
2026-04-28 05:28:00+00:00,305.29998779296875,305.29998779296875,305.29998779296875,305.1499938964844,305.25,13554
2026-04-28 05:29:00+00:00,305.1000061035156,305.1000061035156,305.29998779296875,305.1000061035156,305.20001220703125,17609
2026-04-28 05:30:00+00:00,305.1000061035156,305.1000061035156,305.25,305.1000061035156,305.25,7850
2026-04-28 05:31:00+00:00,305.1499938964844,305.1499938964844,305.1499938964844,305.04998779296875,305.1499938964844,2957
2026-04-28 05:32:00+00:00,305.0,305.0,305.1000061035156,305.0,305.04998779296875,18024
2026-04-28 05:33:00+00:00,305.20001220703125,305.20001220703125,305.20001220703125,305.04998779296875,305.04998779296875,6902
2026-04-28 05:34:00+00:00,305.1499938964844,305.1499938964844,305.20001220703125,305.1000061035156,305.20001220703125,8048
2026-04-28 05:35:00+00:00,305.1499938964844,305.1499938964844,305.1499938964844,305.04998779296875,305.1499938964844,6763
2026-04-28 05:36:00+00:00,305.04998779296875,305.04998779296875,305.20001220703125,305.04998779296875,305.20001220703125,9488
2026-04-28 05:37:00+00:00,305.1499938964844,305.1499938964844,305.20001220703125,305.04998779296875,305.20001220703125,9978
2026-04-28 05:38:00+00:00,305.1000061035156,305.1000061035156,305.20001220703125,305.04998779296875,305.1499938964844,5015
2026-04-28 05:39:00+00:00,305.1000061035156,305.1000061035156,305.1000061035156,305.04998779296875,305.04998779296875,12166
2026-04-28 05:40:00+00:00,305.04998779296875,305.04998779296875,305.1000061035156,305.04998779296875,305.1000061035156,9796
2026-04-28 05:41:00+00:00,305.04998779296875,305.04998779296875,305.1499938964844,305.04998779296875,305.04998779296875,38016
2026-04-28 05:42:00+00:00,305.04998779296875,305.04998779296875,305.1000061035156,305.0,305.1000061035156,9125
2026-04-28 05:43:00+00:00,305.1499938964844,305.1499938964844,305.1499938964844,305.04998779296875,305.04998779296875,12086
2026-04-28 05:44:00+00:00,305.1000061035156,305.1000061035156,305.1499938964844,305.04998779296875,305.1499938964844,3990
2026-04-28 05:45:00+00:00,305.0,305.0,305.1499938964844,305.0,305.1499938964844,443968
2026-04-28 05:46:00+00:00,304.95001220703125,304.95001220703125,305.04998779296875,304.8999938964844,305.04998779296875,72522
2026-04-28 05:47:00+00:00,304.79998779296875,304.79998779296875,304.8999938964844,304.75,304.8999938964844,44987
2026-04-28 05:48:00+00:00,304.8999938964844,304.8999938964844,304.8999938964844,304.75,304.8999938964844,21121
2026-04-28 05:49:00+00:00,304.95001220703125,304.95001220703125,304.95001220703125,304.79998779296875,304.95001220703125,18129
2026-04-28 05:50:00+00:00,304.8999938964844,304.8999938964844,304.95001220703125,304.8500061035156,304.95001220703125,19373
2026-04-28 05:51:00+00:00,304.8999938964844,304.8999938964844,304.8999938964844,304.70001220703125,304.8999938964844,58079
2026-04-28 05:52:00+00:00,304.8999938964844,304.8999938964844,304.8999938964844,304.75,304.8999938964844,24999
2026-04-28 05:53:00+00:00,304.8500061035156,304.8500061035156,304.95001220703125,304.70001220703125,304.75,32410
2026-04-28 05:54:00+00:00,304.8999938964844,304.8999938964844,305.0,304.79998779296875,304.8500061035156,21439
2026-04-28 05:55:00+00:00,304.8999938964844,304.8999938964844,304.95001220703125,304.8500061035156,304.8999938964844,10288
2026-04-28 05:56:00+00:00,304.6000061035156,304.6000061035156,304.8500061035156,304.54998779296875,304.8500061035156,24506
2026-04-28 05:57:00+00:00,304.54998779296875,304.54998779296875,304.54998779296875,304.45001220703125,304.5,31386
2026-04-28 05:58:00+00:00,304.45001220703125,304.45001220703125,304.6000061035156,304.25,304.5,21592
2026-04-28 05:59:00+00:00,304.3999938964844,304.3999938964844,304.45001220703125,304.29998779296875,304.45001220703125,19169
2026-04-28 06:00:00+00:00,304.29998779296875,304.29998779296875,304.3999938964844,304.25,304.3999938964844,17364
2026-04-28 06:01:00+00:00,304.20001220703125,304.20001220703125,304.3500061035156,304.1499938964844,304.3500061035156,32958
2026-04-28 06:02:00+00:00,304.25,304.25,304.3500061035156,304.20001220703125,304.3500061035156,14862
2026-04-28 06:03:00+00:00,304.1499938964844,304.1499938964844,304.29998779296875,304.1000061035156,304.20001220703125,49153
2026-04-28 06:04:00+00:00,304.20001220703125,304.20001220703125,304.25,304.1000061035156,304.1499938964844,31009
2026-04-28 06:05:00+00:00,304.3500061035156,304.3500061035156,304.45001220703125,304.20001220703125,304.29998779296875,32204
2026-04-28 06:06:00+00:00,304.29998779296875,304.29998779296875,304.3999938964844,304.20001220703125,304.3500061035156,14493
2026-04-28 06:07:00+00:00,304.5,304.5,304.5,304.29998779296875,304.3500061035156,21963
2026-04-28 06:08:00+00:00,304.45001220703125,304.45001220703125,304.45001220703125,304.29998779296875,304.3500061035156,51191
2026-04-28 06:09:00+00:00,304.5,304.5,304.5,304.3500061035156,304.3999938964844,10795
2026-04-28 06:10:00+00:00,304.45001220703125,304.45001220703125,304.5,304.3500061035156,304.5,17161
2026-04-28 06:11:00+00:00,304.3999938964844,304.3999938964844,304.45001220703125,304.29998779296875,304.45001220703125,19557
2026-04-28 06:12:00+00:00,304.5,304.5,304.5,304.3999938964844,304.45001220703125,10885
2026-04-28 06:13:00+00:00,304.6499938964844,304.6499938964844,304.6499938964844,304.3500061035156,304.3500061035156,22518
2026-04-28 06:14:00+00:00,304.6499938964844,304.6499938964844,304.6499938964844,304.6000061035156,304.6499938964844,11236
2026-04-28 06:15:00+00:00,304.6499938964844,304.6499938964844,304.70001220703125,304.5,304.6499938964844,14904
2026-04-28 06:16:00+00:00,304.5,304.5,304.6499938964844,304.5,304.6499938964844,17003
2026-04-28 06:17:00+00:00,304.45001220703125,304.45001220703125,304.5,304.45001220703125,304.45001220703125,11606
2026-04-28 06:18:00+00:00,304.45001220703125,304.45001220703125,304.5,304.3500061035156,304.5,18276
2026-04-28 06:19:00+00:00,304.54998779296875,304.54998779296875,304.54998779296875,304.3999938964844,304.45001220703125,17475
2026-04-28 06:20:00+00:00,304.45001220703125,304.45001220703125,304.6000061035156,304.45001220703125,304.5,14076
2026-04-28 06:21:00+00:00,304.54998779296875,304.54998779296875,304.6499938964844,304.5,304.6499938964844,374821
2026-04-28 06:22:00+00:00,304.75,304.75,304.79998779296875,304.6000061035156,304.6000061035156,16825
2026-04-28 06:23:00+00:00,304.6000061035156,304.6000061035156,304.75,304.6000061035156,304.75,10045
2026-04-28 06:24:00+00:00,304.6499938964844,304.6499938964844,304.75,304.6000061035156,304.75,14172
2026-04-28 06:25:00+00:00,304.70001220703125,304.70001220703125,304.79998779296875,304.54998779296875,304.6499938964844,332510
2026-04-28 06:26:00+00:00,304.70001220703125,304.70001220703125,304.70001220703125,304.54998779296875,304.6000061035156,18360
2026-04-28 06:27:00+00:00,304.6000061035156,304.6000061035156,304.70001220703125,304.5,304.70001220703125,23372
2026-04-28 06:28:00+00:00,304.5,304.5,304.6000061035156,304.45001220703125,304.45001220703125,15400
2026-04-28 06:29:00+00:00,304.3500061035156,304.3500061035156,304.45001220703125,304.29998779296875,304.3999938964844,25255
2026-04-28 06:30:00+00:00,304.3500061035156,304.3500061035156,304.45001220703125,304.25,304.29998779296875,12358
2026-04-28 06:31:00+00:00,304.25,304.25,304.3500061035156,304.25,304.25,22904
2026-04-28 06:32:00+00:00,304.45001220703125,304.45001220703125,304.45001220703125,304.1000061035156,304.29998779296875,75479
2026-04-28 06:33:00+00:00,304.25,304.25,304.45001220703125,304.25,304.3999938964844,28172
2026-04-28 06:34:00+00:00,304.3999938964844,304.3999938964844,304.54998779296875,304.25,304.3500061035156,41291
2026-04-28 06:35:00+00:00,304.29998779296875,304.29998779296875,304.3999938964844,304.20001220703125,304.29998779296875,34820
2026-04-28 06:36:00+00:00,304.3500061035156,304.3500061035156,304.3999938964844,304.25,304.29998779296875,23261
2026-04-28 06:37:00+00:00,304.3500061035156,304.3500061035156,304.45001220703125,304.25,304.29998779296875,15710
2026-04-28 06:38:00+00:00,304.3500061035156,304.3500061035156,304.45001220703125,304.29998779296875,304.29998779296875,22274
2026-04-28 06:39:00+00:00,304.3999938964844,304.3999938964844,304.45001220703125,304.29998779296875,304.3500061035156,18267
2026-04-28 06:40:00+00:00,304.3500061035156,304.3500061035156,304.3999938964844,304.20001220703125,304.3999938964844,22244
2026-04-28 06:41:00+00:00,304.29998779296875,304.29998779296875,304.3500061035156,304.1000061035156,304.25,18182
2026-04-28 06:42:00+00:00,304.3500061035156,304.3500061035156,304.3500061035156,304.29998779296875,304.29998779296875,13424
2026-04-28 06:43:00+00:00,304.45001220703125,304.45001220703125,304.5,304.3500061035156,304.5,311217
2026-04-28 06:44:00+00:00,304.45001220703125,304.45001220703125,304.5,304.3500061035156,304.3999938964844,30225
2026-04-28 06:45:00+00:00,304.45001220703125,304.45001220703125,304.45001220703125,304.3999938964844,304.45001220703125,23017
2026-04-28 06:46:00+00:00,304.3999938964844,304.3999938964844,304.45001220703125,304.3999938964844,304.45001220703125,18009
2026-04-28 06:47:00+00:00,304.3999938964844,304.3999938964844,304.45001220703125,304.29998779296875,304.3999938964844,41077
2026-04-28 06:48:00+00:00,304.5,304.5,304.54998779296875,304.45001220703125,304.5,20903
2026-04-28 06:49:00+00:00,304.45001220703125,304.45001220703125,304.5,304.3999938964844,304.5,15516
2026-04-28 06:50:00+00:00,304.45001220703125,304.45001220703125,304.45001220703125,304.29998779296875,304.45001220703125,17061
2026-04-28 06:51:00+00:00,304.45001220703125,304.45001220703125,304.5,304.3500061035156,304.45001220703125,19275
2026-04-28 06:52:00+00:00,304.29998779296875,304.29998779296875,304.3999938964844,304.1000061035156,304.3999938964844,26895
2026-04-28 06:53:00+00:00,304.1499938964844,304.1499938964844,304.29998779296875,304.04998779296875,304.29998779296875,17415
2026-04-28 06:54:00+00:00,304.3999938964844,304.3999938964844,304.3999938964844,304.1000061035156,304.1000061035156,29534
2026-04-28 06:55:00+00:00,304.3500061035156,304.3500061035156,304.3500061035156,304.1000061035156,304.1000061035156,23948
2026-04-28 06:56:00+00:00,304.3999938964844,304.3999938964844,304.5,304.29998779296875,304.29998779296875,39931
2026-04-28 06:57:00+00:00,304.1499938964844,304.1499938964844,304.29998779296875,304.1000061035156,304.25,21552
2026-04-28 06:58:00+00:00,304.29998779296875,304.29998779296875,304.29998779296875,304.1499938964844,304.1499938964844,20514
2026-04-28 06:59:00+00:00,304.25,304.25,304.29998779296875,304.25,304.29998779296875,10201
2026-04-28 07:00:00+00:00,304.25,304.25,304.29998779296875,304.20001220703125,304.29998779296875,18868
2026-04-28 07:01:00+00:00,304.29998779296875,304.29998779296875,304.3999938964844,304.20001220703125,304.25,12006
2026-04-28 07:02:00+00:00,304.25,304.25,304.29998779296875,304.25,304.29998779296875,14263
2026-04-28 07:03:00+00:00,304.25,304.25,304.25,304.1499938964844,304.25,21089
2026-04-28 07:04:00+00:00,304.25,304.25,304.29998779296875,304.04998779296875,304.20001220703125,38308
2026-04-28 07:05:00+00:00,304.29998779296875,304.29998779296875,304.29998779296875,304.1499938964844,304.29998779296875,19821
2026-04-28 07:06:00+00:00,304.29998779296875,304.29998779296875,304.29998779296875,304.20001220703125,304.29998779296875,16976
2026-04-28 07:07:00+00:00,304.20001220703125,304.20001220703125,304.29998779296875,304.20001220703125,304.20001220703125,18057
2026-04-28 07:08:00+00:00,304.29998779296875,304.29998779296875,304.29998779296875,304.1499938964844,304.20001220703125,20710
2026-04-28 07:09:00+00:00,304.45001220703125,304.45001220703125,304.5,304.25,304.25,67465
2026-04-28 07:10:00+00:00,304.79998779296875,304.79998779296875,304.79998779296875,304.54998779296875,304.54998779296875,36881
2026-04-28 07:11:00+00:00,304.70001220703125,304.70001220703125,304.8500061035156,304.70001220703125,304.79998779296875,18737
2026-04-28 07:12:00+00:00,304.8500061035156,304.8500061035156,304.8500061035156,304.70001220703125,304.79998779296875,89585
2026-04-28 07:13:00+00:00,304.75,304.75,304.95001220703125,304.75,304.8500061035156,70326
2026-04-28 07:14:00+00:00,304.95001220703125,304.95001220703125,304.95001220703125,304.8500061035156,304.8999938964844,42207
2026-04-28 07:15:00+00:00,304.79998779296875,304.79998779296875,304.95001220703125,304.79998779296875,304.8999938964844,66472
2026-04-28 07:16:00+00:00,304.75,304.75,304.8999938964844,304.75,304.8500061035156,46478
2026-04-28 07:17:00+00:00,304.6499938964844,304.6499938964844,304.70001220703125,304.6000061035156,304.70001220703125,17001
2026-04-28 07:18:00+00:00,304.70001220703125,304.70001220703125,304.70001220703125,304.6000061035156,304.70001220703125,23695
2026-04-28 07:19:00+00:00,304.70001220703125,304.70001220703125,304.79998779296875,304.6000061035156,304.70001220703125,16746
2026-04-28 07:20:00+00:00,304.6000061035156,304.6000061035156,304.70001220703125,304.6000061035156,304.6499938964844,13299
2026-04-28 07:21:00+00:00,304.70001220703125,304.70001220703125,304.70001220703125,304.6000061035156,304.6000061035156,17542
2026-04-28 07:22:00+00:00,304.70001220703125,304.70001220703125,304.70001220703125,304.6499938964844,304.6499938964844,15296
2026-04-28 07:23:00+00:00,304.75,304.75,304.75,304.6000061035156,304.6499938964844,13139
2026-04-28 07:24:00+00:00,304.6000061035156,304.6000061035156,304.70001220703125,304.54998779296875,304.70001220703125,18547
2026-04-28 07:25:00+00:00,304.70001220703125,304.70001220703125,304.70001220703125,304.54998779296875,304.6000061035156,10849
2026-04-28 07:26:00+00:00,304.75,304.75,304.75,304.6499938964844,304.70001220703125,12416
2026-04-28 07:27:00+00:00,304.8500061035156,304.8500061035156,304.8500061035156,304.70001220703125,304.70001220703125,12775
2026-04-28 07:28:00+00:00,304.6499938964844,304.6499938964844,304.79998779296875,304.6000061035156,304.70001220703125,12109
2026-04-28 07:29:00+00:00,304.6499938964844,304.6499938964844,304.79998779296875,304.6000061035156,304.75,17252
2026-04-28 07:30:00+00:00,304.70001220703125,304.70001220703125,304.75,304.6000061035156,304.75,17098
2026-04-28 07:31:00+00:00,304.79998779296875,304.79998779296875,304.8500061035156,304.54998779296875,304.79998779296875,53093
2026-04-28 07:32:00+00:00,305.04998779296875,305.04998779296875,305.04998779296875,304.6499938964844,304.6499938964844,61591
2026-04-28 07:33:00+00:00,305.1499938964844,305.1499938964844,305.1499938964844,305.04998779296875,305.04998779296875,18277
2026-04-28 07:34:00+00:00,305.04998779296875,305.04998779296875,305.20001220703125,305.04998779296875,305.1499938964844,20134
2026-04-28 07:35:00+00:00,305.3500061035156,305.3500061035156,305.3999938964844,305.04998779296875,305.04998779296875,127363
2026-04-28 07:36:00+00:00,305.1499938964844,305.1499938964844,305.3500061035156,305.1499938964844,305.29998779296875,31666
2026-04-28 07:37:00+00:00,305.25,305.25,305.3500061035156,305.1000061035156,305.25,132110
2026-04-28 07:38:00+00:00,305.3500061035156,305.3500061035156,305.45001220703125,305.20001220703125,305.25,81350
2026-04-28 07:39:00+00:00,305.29998779296875,305.29998779296875,305.3500061035156,305.04998779296875,305.3500061035156,30705
2026-04-28 07:40:00+00:00,305.3999938964844,305.3999938964844,305.45001220703125,305.04998779296875,305.29998779296875,43363
2026-04-28 07:41:00+00:00,305.3999938964844,305.3999938964844,305.54998779296875,305.29998779296875,305.3999938964844,209093
2026-04-28 07:42:00+00:00,305.54998779296875,305.54998779296875,305.54998779296875,305.29998779296875,305.3999938964844,48103
2026-04-28 07:43:00+00:00,305.3999938964844,305.3999938964844,305.5,305.25,305.3500061035156,12427
2026-04-28 07:44:00+00:00,305.29998779296875,305.29998779296875,305.3999938964844,305.25,305.29998779296875,15156
2026-04-28 07:45:00+00:00,305.29998779296875,305.29998779296875,305.3999938964844,305.1499938964844,305.25,21166
2026-04-28 07:46:00+00:00,305.25,305.25,305.3999938964844,305.1499938964844,305.29998779296875,11354
2026-04-28 07:47:00+00:00,305.25,305.25,305.25,305.1000061035156,305.20001220703125,6450
2026-04-28 07:48:00+00:00,305.29998779296875,305.29998779296875,305.29998779296875,305.1499938964844,305.25,27575
2026-04-28 07:49:00+00:00,305.25,305.25,305.29998779296875,305.1000061035156,305.20001220703125,22907
2026-04-28 07:50:00+00:00,305.25,305.25,305.29998779296875,305.20001220703125,305.25,68858
2026-04-28 07:51:00+00:00,305.3999938964844,305.3999938964844,305.3999938964844,305.25,305.29998779296875,175775
2026-04-28 07:52:00+00:00,305.45001220703125,305.45001220703125,305.45001220703125,305.20001220703125,305.3999938964844,26728
2026-04-28 07:53:00+00:00,305.45001220703125,305.45001220703125,305.5,305.25,305.45001220703125,33600
2026-04-28 07:54:00+00:00,305.29998779296875,305.29998779296875,305.3999938964844,305.29998779296875,305.3999938964844,9822
2026-04-28 07:55:00+00:00,305.3999938964844,305.3999938964844,305.45001220703125,305.25,305.29998779296875,22268
2026-04-28 07:56:00+00:00,305.25,305.25,305.45001220703125,305.25,305.3999938964844,21881
2026-04-28 07:57:00+00:00,305.45001220703125,305.45001220703125,305.45001220703125,305.25,305.25,16607
2026-04-28 07:58:00+00:00,305.3500061035156,305.3500061035156,305.45001220703125,305.3500061035156,305.3500061035156,16773
2026-04-28 07:59:00+00:00,305.29998779296875,305.29998779296875,305.3999938964844,305.20001220703125,305.3500061035156,7091
2026-04-28 08:00:00+00:00,305.1499938964844,305.1499938964844,305.29998779296875,305.1000061035156,305.29998779296875,13925
2026-04-28 08:01:00+00:00,305.1499938964844,305.1499938964844,305.20001220703125,305.1000061035156,305.20001220703125,8358
2026-04-28 08:02:00+00:00,305.1000061035156,305.1000061035156,305.1499938964844,305.0,305.1499938964844,13060
2026-04-28 08:03:00+00:00,305.0,305.0,305.1000061035156,305.0,305.0,42113
2026-04-28 08:04:00+00:00,305.0,305.0,305.0,304.8500061035156,304.95001220703125,21033
2026-04-28 08:05:00+00:00,304.75,304.75,305.1499938964844,304.75,305.1000061035156,38734
2026-04-28 08:06:00+00:00,304.8999938964844,304.8999938964844,304.8999938964844,304.45001220703125,304.70001220703125,186418
2026-04-28 08:07:00+00:00,304.8999938964844,304.8999938964844,305.0,304.6000061035156,304.8500061035156,94721
2026-04-28 08:08:00+00:00,304.79998779296875,304.79998779296875,304.95001220703125,304.79998779296875,304.8500061035156,15515
2026-04-28 08:09:00+00:00,304.8999938964844,304.8999938964844,304.95001220703125,304.79998779296875,304.8500061035156,21772
2026-04-28 08:10:00+00:00,304.95001220703125,304.95001220703125,304.95001220703125,304.75,304.79998779296875,57564
2026-04-28 08:11:00+00:00,304.8999938964844,304.8999938964844,304.95001220703125,304.70001220703125,304.95001220703125,65881
2026-04-28 08:12:00+00:00,304.95001220703125,304.95001220703125,304.95001220703125,304.70001220703125,304.70001220703125,40670
2026-04-28 08:13:00+00:00,304.8500061035156,304.8500061035156,304.95001220703125,304.75,304.95001220703125,40243
2026-04-28 08:14:00+00:00,304.8500061035156,304.8500061035156,304.8999938964844,304.75,304.79998779296875,28758
2026-04-28 08:15:00+00:00,304.8999938964844,304.8999938964844,304.8999938964844,304.70001220703125,304.75,14790
2026-04-28 08:16:00+00:00,304.95001220703125,304.95001220703125,304.95001220703125,304.8500061035156,304.8500061035156,23206
2026-04-28 08:17:00+00:00,305.0,305.0,305.0,304.8999938964844,304.95001220703125,14639
2026-04-28 08:18:00+00:00,305.0,305.0,305.04998779296875,304.95001220703125,305.0,15435
2026-04-28 08:19:00+00:00,304.95001220703125,304.95001220703125,305.0,304.95001220703125,305.0,14041
2026-04-28 08:20:00+00:00,305.0,305.0,305.0,304.79998779296875,304.95001220703125,14257
2026-04-28 08:21:00+00:00,304.95001220703125,304.95001220703125,305.0,304.95001220703125,305.0,12780
2026-04-28 08:22:00+00:00,305.0,305.0,305.0,304.8500061035156,304.95001220703125,16821
2026-04-28 08:23:00+00:00,305.0,305.0,305.1000061035156,305.0,305.0,18042
2026-04-28 08:24:00+00:00,305.0,305.0,305.1000061035156,305.0,305.0,12896
2026-04-28 08:25:00+00:00,305.1499938964844,305.1499938964844,305.1499938964844,305.0,305.0,44230
2026-04-28 08:26:00+00:00,305.1499938964844,305.1499938964844,305.1499938964844,305.04998779296875,305.1499938964844,27119
2026-04-28 08:27:00+00:00,304.8500061035156,304.8500061035156,305.1499938964844,304.75,305.1499938964844,82845
2026-04-28 08:28:00+00:00,305.1000061035156,305.1000061035156,305.20001220703125,304.8999938964844,304.95001220703125,54545
2026-04-28 08:29:00+00:00,305.04998779296875,305.04998779296875,305.1499938964844,305.04998779296875,305.1499938964844,12790
2026-04-28 08:30:00+00:00,304.79998779296875,304.79998779296875,305.1499938964844,304.75,305.1499938964844,138042
2026-04-28 08:31:00+00:00,304.8500061035156,304.8500061035156,304.8999938964844,304.75,304.79998779296875,10950
2026-04-28 08:32:00+00:00,304.8500061035156,304.8500061035156,304.8999938964844,304.8500061035156,304.8999938964844,15164
2026-04-28 08:33:00+00:00,304.8999938964844,304.8999938964844,304.8999938964844,304.79998779296875,304.8500061035156,13819
2026-04-28 08:34:00+00:00,305.0,305.0,305.0,304.8500061035156,304.8999938964844,12689
2026-04-28 08:35:00+00:00,304.79998779296875,304.79998779296875,305.0,304.6499938964844,305.0,162513
2026-04-28 08:36:00+00:00,304.8500061035156,304.8500061035156,304.8999938964844,304.75,304.8500061035156,12712
2026-04-28 08:37:00+00:00,304.75,304.75,304.95001220703125,304.75,304.8999938964844,14951
2026-04-28 08:38:00+00:00,304.75,304.75,304.75,304.70001220703125,304.75,8091
2026-04-28 08:39:00+00:00,304.70001220703125,304.70001220703125,304.75,304.54998779296875,304.75,16686
2026-04-28 08:40:00+00:00,304.54998779296875,304.54998779296875,304.70001220703125,304.54998779296875,304.6000061035156,15268
2026-04-28 08:41:00+00:00,304.6000061035156,304.6000061035156,304.6000061035156,304.3999938964844,304.6000061035156,18784
2026-04-28 08:42:00+00:00,304.6499938964844,304.6499938964844,304.6499938964844,304.54998779296875,304.54998779296875,17234
2026-04-28 08:43:00+00:00,304.6499938964844,304.6499938964844,304.6499938964844,304.5,304.6499938964844,75848
2026-04-28 08:44:00+00:00,304.54998779296875,304.54998779296875,304.6499938964844,304.3999938964844,304.6499938964844,31261
2026-04-28 08:45:00+00:00,304.5,304.5,304.54998779296875,304.3999938964844,304.54998779296875,12239
2026-04-28 08:46:00+00:00,304.3500061035156,304.3500061035156,304.5,304.3500061035156,304.5,38471
2026-04-28 08:47:00+00:00,304.45001220703125,304.45001220703125,304.45001220703125,304.3999938964844,304.45001220703125,25882
2026-04-28 08:48:00+00:00,304.5,304.5,304.54998779296875,304.45001220703125,304.45001220703125,13378
2026-04-28 08:49:00+00:00,304.6000061035156,304.6000061035156,304.6000061035156,304.5,304.54998779296875,11989
2026-04-28 08:50:00+00:00,304.5,304.5,304.6499938964844,304.5,304.6000061035156,25761
2026-04-28 08:51:00+00:00,304.29998779296875,304.29998779296875,304.5,304.29998779296875,304.5,54257
2026-04-28 08:52:00+00:00,304.6499938964844,304.6499938964844,304.6499938964844,304.20001220703125,304.29998779296875,51645
2026-04-28 08:53:00+00:00,304.70001220703125,304.70001220703125,304.75,304.6000061035156,304.6499938964844,13089
2026-04-28 08:54:00+00:00,304.6000061035156,304.6000061035156,304.79998779296875,304.6000061035156,304.70001220703125,18951
2026-04-28 08:55:00+00:00,304.70001220703125,304.70001220703125,304.70001220703125,304.6000061035156,304.70001220703125,14234
2026-04-28 08:56:00+00:00,304.70001220703125,304.70001220703125,304.8500061035156,304.70001220703125,304.75,18509
2026-04-28 08:57:00+00:00,304.75,304.75,304.79998779296875,304.6499938964844,304.75,12859
2026-04-28 08:58:00+00:00,304.8500061035156,304.8500061035156,304.8500061035156,304.75,304.75,23061
2026-04-28 08:59:00+00:00,304.75,304.75,304.8500061035156,304.6000061035156,304.8500061035156,36137
2026-04-28 09:00:00+00:00,304.8500061035156,304.8500061035156,304.8500061035156,304.6499938964844,304.79998779296875,37350
2026-04-28 09:01:00+00:00,304.8999938964844,304.8999938964844,305.0,304.75,304.79998779296875,41841
2026-04-28 09:02:00+00:00,304.75,304.75,305.0,304.6499938964844,304.95001220703125,84894
2026-04-28 09:03:00+00:00,304.70001220703125,304.70001220703125,304.8500061035156,304.70001220703125,304.79998779296875,13446
2026-04-28 09:04:00+00:00,304.29998779296875,304.29998779296875,304.79998779296875,304.29998779296875,304.79998779296875,59570
2026-04-28 09:05:00+00:00,304.6000061035156,304.6000061035156,304.6000061035156,304.1499938964844,304.45001220703125,41856
2026-04-28 09:06:00+00:00,304.79998779296875,304.79998779296875,304.79998779296875,304.5,304.6000061035156,19282
2026-04-28 09:07:00+00:00,304.8999938964844,304.8999938964844,304.8999938964844,304.70001220703125,304.70001220703125,15953
2026-04-28 09:08:00+00:00,304.95001220703125,304.95001220703125,304.95001220703125,304.79998779296875,304.8999938964844,31617
2026-04-28 09:09:00+00:00,304.8999938964844,304.8999938964844,304.95001220703125,304.8999938964844,304.95001220703125,13474
2026-04-28 09:10:00+00:00,304.8999938964844,304.8999938964844,304.95001220703125,304.75,304.8999938964844,33525
2026-04-28 09:11:00+00:00,304.8999938964844,304.8999938964844,304.8999938964844,304.75,304.8999938964844,17587
2026-04-28 09:12:00+00:00,304.79998779296875,304.79998779296875,304.8999938964844,304.79998779296875,304.8999938964844,12617
2026-04-28 09:13:00+00:00,304.70001220703125,304.70001220703125,304.8500061035156,304.70001220703125,304.79998779296875,28352
2026-04-28 09:14:00+00:00,304.75,304.75,304.75,304.6000061035156,304.70001220703125,15746
2026-04-28 09:15:00+00:00,304.75,304.75,304.75,304.6499938964844,304.6499938964844,21383
2026-04-28 09:16:00+00:00,304.70001220703125,304.70001220703125,304.75,304.6499938964844,304.6499938964844,14446
2026-04-28 09:17:00+00:00,304.79998779296875,304.79998779296875,304.8500061035156,304.6499938964844,304.70001220703125,19903
2026-04-28 09:18:00+00:00,304.79998779296875,304.79998779296875,304.79998779296875,304.6499938964844,304.79998779296875,15610
2026-04-28 09:19:00+00:00,304.79998779296875,304.79998779296875,304.79998779296875,304.6499938964844,304.79998779296875,10818
2026-04-28 09:20:00+00:00,304.79998779296875,304.79998779296875,304.95001220703125,304.79998779296875,304.79998779296875,35970
2026-04-28 09:21:00+00:00,304.8500061035156,304.8500061035156,304.95001220703125,304.8500061035156,304.95001220703125,42821
2026-04-28 09:22:00+00:00,304.8999938964844,304.8999938964844,304.95001220703125,304.75,304.79998779296875,24397
2026-04-28 09:23:00+00:00,304.79998779296875,304.79998779296875,304.95001220703125,304.79998779296875,304.95001220703125,15823
2026-04-28 09:24:00+00:00,304.8999938964844,304.8999938964844,304.95001220703125,304.79998779296875,304.95001220703125,23542
2026-04-28 09:25:00+00:00,304.79998779296875,304.79998779296875,304.8999938964844,304.70001220703125,304.79998779296875,13731
2026-04-28 09:26:00+00:00,304.8500061035156,304.8500061035156,304.8999938964844,304.75,304.8500061035156,17288
2026-04-28 09:27:00+00:00,304.75,304.75,304.8500061035156,304.6000061035156,304.75,21282
2026-04-28 09:28:00+00:00,304.79998779296875,304.79998779296875,304.8999938964844,304.75,304.79998779296875,26787
2026-04-28 09:29:00+00:00,304.8500061035156,304.8500061035156,304.8500061035156,304.75,304.8500061035156,28192
2026-04-28 09:30:00+00:00,304.3999938964844,304.3999938964844,304.8500061035156,304.3500061035156,304.8500061035156,64498
2026-04-28 09:31:00+00:00,304.45001220703125,304.45001220703125,304.45001220703125,304.29998779296875,304.3999938964844,36874
2026-04-28 09:32:00+00:00,304.3500061035156,304.3500061035156,304.3500061035156,304.29998779296875,304.29998779296875,39180
2026-04-28 09:33:00+00:00,304.3500061035156,304.3500061035156,304.45001220703125,304.29998779296875,304.3500061035156,45491
2026-04-28 09:34:00+00:00,304.29998779296875,304.29998779296875,304.45001220703125,304.29998779296875,304.45001220703125,80688
2026-04-28 09:35:00+00:00,304.3999938964844,304.3999938964844,304.5,304.3500061035156,304.3500061035156,49651
2026-04-28 09:36:00+00:00,304.54998779296875,304.54998779296875,304.6499938964844,304.3999938964844,304.3999938964844,76023
2026-04-28 09:37:00+00:00,304.6000061035156,304.6000061035156,304.6499938964844,304.5,304.6499938964844,55034
2026-04-28 09:38:00+00:00,304.54998779296875,304.54998779296875,304.6000061035156,304.5,304.54998779296875,42013
2026-04-28 09:39:00+00:00,304.54998779296875,304.54998779296875,304.6000061035156,304.45001220703125,304.6000061035156,17847
2026-04-28 09:40:00+00:00,304.54998779296875,304.54998779296875,304.54998779296875,304.3500061035156,304.5,39483
2026-04-28 09:41:00+00:00,304.54998779296875,304.54998779296875,304.54998779296875,304.45001220703125,304.54998779296875,26541
2026-04-28 09:42:00+00:00,304.6000061035156,304.6000061035156,304.6000061035156,304.5,304.5,41791
2026-04-28 09:43:00+00:00,304.6499938964844,304.6499938964844,304.70001220703125,304.5,304.54998779296875,76695
2026-04-28 09:44:00+00:00,304.6499938964844,304.6499938964844,304.6499938964844,304.45001220703125,304.6499938964844,23734
2026-04-28 09:45:00+00:00,304.5,304.5,304.6000061035156,304.45001220703125,304.6000061035156,37477
2026-04-28 09:46:00+00:00,304.45001220703125,304.45001220703125,304.6000061035156,304.3500061035156,304.54998779296875,45641
2026-04-28 09:47:00+00:00,304.45001220703125,304.45001220703125,304.5,304.3999938964844,304.5,30195
2026-04-28 09:48:00+00:00,304.5,304.5,304.54998779296875,304.45001220703125,304.45001220703125,61904
2026-04-28 09:49:00+00:00,304.54998779296875,304.54998779296875,304.54998779296875,304.45001220703125,304.5,31551
2026-04-28 09:50:00+00:00,304.45001220703125,304.45001220703125,304.54998779296875,304.45001220703125,304.5,33971
2026-04-28 09:51:00+00:00,304.3999938964844,304.3999938964844,304.5,304.3500061035156,304.45001220703125,48014
2026-04-28 09:52:00+00:00,304.45001220703125,304.45001220703125,304.45001220703125,304.3999938964844,304.3999938964844,34586
2026-04-28 09:53:00+00:00,304.3500061035156,304.3500061035156,304.5,304.3500061035156,304.3999938964844,51742
2026-04-28 09:54:00+00:00,304.3500061035156,304.3500061035156,304.3999938964844,304.20001220703125,304.3999938964844,73401
2026-04-28 09:55:00+00:00,304.45001220703125,304.45001220703125,304.5,304.3500061035156,304.3500061035156,43456
2026-04-28 09:56:00+00:00,304.3999938964844,304.3999938964844,304.45001220703125,304.3500061035156,304.45001220703125,40920
2026-04-28 09:57:00+00:00,304.5,304.5,304.5,304.3500061035156,304.3500061035156,84031
2026-04-28 09:58:00+00:00,304.3500061035156,304.3500061035156,304.3999938964844,304.3500061035156,304.3999938964844,28182
2026-04-28 09:59:00+00:00,304.1499938964844,304.1499938964844,304.5,304.1000061035156,304.3999938964844,62112
2026-04-29 03:45:00+00:00,306.3999938964844,306.3999938964844,306.3999938964844,305.3999938964844,305.6000061035156,0
2026-04-29 03:46:00+00:00,307.3999938964844,307.3999938964844,307.8500061035156,306.79998779296875,306.79998779296875,219982
2026-04-29 03:47:00+00:00,308.0,308.0,308.0,307.25,307.29998779296875,176452
2026-04-29 03:48:00+00:00,307.6000061035156,307.6000061035156,308.0,307.5,308.0,62097
2026-04-29 03:49:00+00:00,307.25,307.25,307.54998779296875,307.25,307.54998779296875,34820
2026-04-29 03:50:00+00:00,307.6000061035156,307.6000061035156,307.6000061035156,307.3500061035156,307.3500061035156,57688
2026-04-29 03:51:00+00:00,308.25,308.25,308.25,307.3999938964844,307.45001220703125,144721
2026-04-29 03:52:00+00:00,308.54998779296875,308.54998779296875,308.70001220703125,308.5,308.5,137245
2026-04-29 03:53:00+00:00,309.1000061035156,309.1000061035156,309.29998779296875,308.6499938964844,308.70001220703125,207306
2026-04-29 03:54:00+00:00,309.95001220703125,309.95001220703125,310.3999938964844,309.20001220703125,309.20001220703125,421789
2026-04-29 03:55:00+00:00,310.79998779296875,310.79998779296875,311.04998779296875,309.6000061035156,309.75,436052
2026-04-29 03:56:00+00:00,312.25,312.25,312.54998779296875,310.79998779296875,310.8999938964844,492179
2026-04-29 03:57:00+00:00,311.0,311.0,312.3500061035156,311.0,312.29998779296875,245592
2026-04-29 03:58:00+00:00,311.25,311.25,311.29998779296875,310.6499938964844,311.0,193586
2026-04-29 03:59:00+00:00,311.5,311.5,312.0,311.20001220703125,311.29998779296875,195023
2026-04-29 04:00:00+00:00,310.95001220703125,310.95001220703125,311.70001220703125,310.3999938964844,311.70001220703125,211653
2026-04-29 04:01:00+00:00,310.79998779296875,310.79998779296875,311.5,310.54998779296875,311.0,138291
2026-04-29 04:02:00+00:00,310.75,310.75,311.0,310.5,310.79998779296875,98609
2026-04-29 04:03:00+00:00,311.1499938964844,311.1499938964844,311.29998779296875,310.6499938964844,310.70001220703125,114736
2026-04-29 04:04:00+00:00,311.20001220703125,311.20001220703125,311.25,310.95001220703125,311.1499938964844,78826
2026-04-29 04:05:00+00:00,311.5,311.5,311.54998779296875,311.0,311.20001220703125,248933
2026-04-29 04:06:00+00:00,311.79998779296875,311.79998779296875,311.79998779296875,311.25,311.5,192158
2026-04-29 04:07:00+00:00,311.8500061035156,311.8500061035156,312.1000061035156,311.54998779296875,311.79998779296875,332117
2026-04-29 04:08:00+00:00,312.20001220703125,312.20001220703125,312.20001220703125,311.8500061035156,311.8999938964844,163560
2026-04-29 04:09:00+00:00,312.1000061035156,312.1000061035156,312.3500061035156,312.0,312.1499938964844,137607
2026-04-29 04:10:00+00:00,312.45001220703125,312.45001220703125,312.6499938964844,312.04998779296875,312.20001220703125,406954
2026-04-29 04:11:00+00:00,311.1000061035156,311.1000061035156,312.3999938964844,311.0,312.29998779296875,200879
2026-04-29 04:12:00+00:00,311.79998779296875,311.79998779296875,311.79998779296875,310.75,311.25,162554
2026-04-29 04:13:00+00:00,311.79998779296875,311.79998779296875,312.20001220703125,311.79998779296875,311.79998779296875,221884
2026-04-29 04:14:00+00:00,312.1499938964844,312.1499938964844,312.29998779296875,311.79998779296875,311.79998779296875,139464
2026-04-29 04:15:00+00:00,312.25,312.25,312.3999938964844,311.79998779296875,312.1499938964844,132704
2026-04-29 04:16:00+00:00,312.29998779296875,312.29998779296875,312.5,311.95001220703125,312.1000061035156,156248
2026-04-29 04:17:00+00:00,312.25,312.25,312.3999938964844,312.1000061035156,312.25,115615
2026-04-29 04:18:00+00:00,312.20001220703125,312.20001220703125,312.3500061035156,312.1000061035156,312.29998779296875,114090
2026-04-29 04:19:00+00:00,311.54998779296875,311.54998779296875,312.25,311.5,312.25,118758
2026-04-29 04:20:00+00:00,311.5,311.5,311.75,311.25,311.6499938964844,89863
2026-04-29 04:21:00+00:00,311.70001220703125,311.70001220703125,311.75,311.29998779296875,311.5,78892
2026-04-29 04:22:00+00:00,311.8500061035156,311.8500061035156,312.29998779296875,311.6000061035156,311.70001220703125,77845
2026-04-29 04:23:00+00:00,311.54998779296875,311.54998779296875,312.04998779296875,311.3500061035156,311.8500061035156,110124
2026-04-29 04:24:00+00:00,311.70001220703125,311.70001220703125,311.8500061035156,311.3500061035156,311.54998779296875,46329
2026-04-29 04:25:00+00:00,311.45001220703125,311.45001220703125,311.8500061035156,311.3500061035156,311.70001220703125,60843
2026-04-29 04:26:00+00:00,311.6499938964844,311.6499938964844,311.75,311.29998779296875,311.70001220703125,90890
2026-04-29 04:27:00+00:00,311.6000061035156,311.6000061035156,311.79998779296875,311.5,311.5,25645
2026-04-29 04:28:00+00:00,311.75,311.75,311.95001220703125,311.70001220703125,311.75,67033
2026-04-29 04:29:00+00:00,311.75,311.75,311.8999938964844,311.6000061035156,311.8999938964844,60508
2026-04-29 04:30:00+00:00,312.20001220703125,312.20001220703125,312.29998779296875,311.75,311.75,166712
2026-04-29 04:31:00+00:00,312.3999938964844,312.3999938964844,312.3999938964844,312.1000061035156,312.25,104509
2026-04-29 04:32:00+00:00,312.1499938964844,312.1499938964844,312.3999938964844,312.1499938964844,312.3999938964844,114646
2026-04-29 04:33:00+00:00,312.1499938964844,312.1499938964844,312.29998779296875,311.8999938964844,312.25,54234
2026-04-29 04:34:00+00:00,312.0,312.0,312.20001220703125,312.0,312.20001220703125,65234
2026-04-29 04:35:00+00:00,312.20001220703125,312.20001220703125,312.3500061035156,312.0,312.1499938964844,82750
2026-04-29 04:36:00+00:00,312.3999938964844,312.3999938964844,312.45001220703125,312.04998779296875,312.1499938964844,50080
2026-04-29 04:37:00+00:00,312.45001220703125,312.45001220703125,312.5,312.29998779296875,312.3999938964844,187084
2026-04-29 04:38:00+00:00,312.54998779296875,312.54998779296875,312.6000061035156,312.29998779296875,312.45001220703125,109785
2026-04-29 04:39:00+00:00,312.29998779296875,312.29998779296875,312.8999938964844,312.25,312.6000061035156,184647
2026-04-29 04:40:00+00:00,312.25,312.25,312.3999938964844,312.1000061035156,312.29998779296875,49732
2026-04-29 04:41:00+00:00,312.0,312.0,312.45001220703125,312.0,312.29998779296875,79757
2026-04-29 04:42:00+00:00,312.0,312.0,312.1499938964844,312.0,312.1499938964844,66707
2026-04-29 04:43:00+00:00,312.0,312.0,312.1000061035156,312.0,312.0,21158
2026-04-29 04:44:00+00:00,311.8999938964844,311.8999938964844,312.1000061035156,311.75,312.1000061035156,93582
2026-04-29 04:45:00+00:00,311.8999938964844,311.8999938964844,311.8999938964844,311.70001220703125,311.8500061035156,55953
2026-04-29 04:46:00+00:00,311.75,311.75,311.8999938964844,311.70001220703125,311.8500061035156,50867
2026-04-29 04:47:00+00:00,312.29998779296875,312.29998779296875,312.29998779296875,311.70001220703125,311.70001220703125,119292
2026-04-29 04:48:00+00:00,312.20001220703125,312.20001220703125,312.3500061035156,312.0,312.3500061035156,45436
2026-04-29 04:49:00+00:00,311.95001220703125,311.95001220703125,312.45001220703125,311.8500061035156,312.29998779296875,59003
2026-04-29 04:50:00+00:00,311.8999938964844,311.8999938964844,312.1000061035156,311.79998779296875,312.0,56159
2026-04-29 04:51:00+00:00,311.95001220703125,311.95001220703125,312.04998779296875,311.8999938964844,312.0,19997
2026-04-29 04:52:00+00:00,311.79998779296875,311.79998779296875,312.04998779296875,311.79998779296875,312.04998779296875,51395
2026-04-29 04:53:00+00:00,311.95001220703125,311.95001220703125,312.0,311.75,311.75,33066
2026-04-29 04:54:00+00:00,312.04998779296875,312.04998779296875,312.04998779296875,311.8999938964844,311.95001220703125,34341
2026-04-29 04:55:00+00:00,311.70001220703125,311.70001220703125,312.04998779296875,311.70001220703125,312.04998779296875,55309
2026-04-29 04:56:00+00:00,311.3999938964844,311.3999938964844,311.75,311.20001220703125,311.70001220703125,109939
2026-04-29 04:57:00+00:00,311.45001220703125,311.45001220703125,311.6499938964844,311.29998779296875,311.5,37528
2026-04-29 04:58:00+00:00,311.6000061035156,311.6000061035156,311.8500061035156,311.45001220703125,311.54998779296875,73879
2026-04-29 04:59:00+00:00,311.54998779296875,311.54998779296875,311.75,311.3999938964844,311.45001220703125,43551
2026-04-29 05:00:00+00:00,311.75,311.75,311.95001220703125,311.54998779296875,311.54998779296875,69070
2026-04-29 05:01:00+00:00,311.8500061035156,311.8500061035156,311.95001220703125,311.70001220703125,311.75,88446
2026-04-29 05:02:00+00:00,311.79998779296875,311.79998779296875,312.0,311.70001220703125,311.8500061035156,60946
2026-04-29 05:03:00+00:00,311.8999938964844,311.8999938964844,312.04998779296875,311.79998779296875,311.8500061035156,45824
2026-04-29 05:04:00+00:00,311.79998779296875,311.79998779296875,312.0,311.6000061035156,312.0,45004
2026-04-29 05:05:00+00:00,311.6499938964844,311.6499938964844,311.79998779296875,311.6000061035156,311.70001220703125,16705
2026-04-29 05:06:00+00:00,311.70001220703125,311.70001220703125,311.79998779296875,311.6000061035156,311.6499938964844,31077
2026-04-29 05:07:00+00:00,311.6499938964844,311.6499938964844,311.79998779296875,311.5,311.70001220703125,29344
2026-04-29 05:08:00+00:00,311.6499938964844,311.6499938964844,311.79998779296875,311.6000061035156,311.6499938964844,33175
2026-04-29 05:09:00+00:00,311.45001220703125,311.45001220703125,311.70001220703125,311.45001220703125,311.6499938964844,27399
2026-04-29 05:10:00+00:00,311.5,311.5,311.6499938964844,311.45001220703125,311.45001220703125,30624
2026-04-29 05:11:00+00:00,311.75,311.75,311.75,311.3999938964844,311.45001220703125,49272
2026-04-29 05:12:00+00:00,311.6000061035156,311.6000061035156,311.70001220703125,311.3999938964844,311.70001220703125,44899
2026-04-29 05:13:00+00:00,311.5,311.5,311.70001220703125,311.45001220703125,311.6499938964844,14078
2026-04-29 05:14:00+00:00,311.3999938964844,311.3999938964844,311.54998779296875,311.3500061035156,311.3999938964844,32250
2026-04-29 05:15:00+00:00,311.45001220703125,311.45001220703125,311.6000061035156,311.29998779296875,311.3500061035156,27677
2026-04-29 05:16:00+00:00,311.1000061035156,311.1000061035156,311.5,311.1000061035156,311.3999938964844,69256
2026-04-29 05:17:00+00:00,311.20001220703125,311.20001220703125,311.29998779296875,311.04998779296875,311.1000061035156,140701
2026-04-29 05:18:00+00:00,311.95001220703125,311.95001220703125,311.95001220703125,311.1000061035156,311.1499938964844,149873
2026-04-29 05:19:00+00:00,312.0,312.0,312.1000061035156,311.79998779296875,312.0,70098
2026-04-29 05:20:00+00:00,312.20001220703125,312.20001220703125,312.29998779296875,311.8999938964844,312.0,66638
2026-04-29 05:21:00+00:00,312.25,312.25,312.45001220703125,312.04998779296875,312.1499938964844,56291
2026-04-29 05:22:00+00:00,312.45001220703125,312.45001220703125,312.5,312.25,312.3999938964844,34494
2026-04-29 05:23:00+00:00,312.5,312.5,312.75,312.29998779296875,312.3999938964844,194299
2026-04-29 05:24:00+00:00,312.6000061035156,312.6000061035156,312.6000061035156,312.3500061035156,312.5,37813
2026-04-29 05:25:00+00:00,312.6000061035156,312.6000061035156,312.6000061035156,312.45001220703125,312.45001220703125,21746
2026-04-29 05:26:00+00:00,312.6000061035156,312.6000061035156,312.6000061035156,312.45001220703125,312.54998779296875,22857
2026-04-29 05:27:00+00:00,312.70001220703125,312.70001220703125,312.70001220703125,312.45001220703125,312.5,29741
2026-04-29 05:28:00+00:00,312.8999938964844,312.8999938964844,312.8999938964844,312.54998779296875,312.6000061035156,80346
2026-04-29 05:29:00+00:00,312.75,312.75,312.8999938964844,312.75,312.8999938964844,53086
2026-04-29 05:30:00+00:00,312.70001220703125,312.70001220703125,312.8999938964844,312.70001220703125,312.8500061035156,42551
2026-04-29 05:31:00+00:00,312.70001220703125,312.70001220703125,312.8500061035156,312.5,312.8500061035156,58649
2026-04-29 05:32:00+00:00,312.75,312.75,312.79998779296875,312.6000061035156,312.70001220703125,46081
2026-04-29 05:33:00+00:00,312.75,312.75,312.79998779296875,312.6000061035156,312.79998779296875,30262
2026-04-29 05:34:00+00:00,312.6499938964844,312.6499938964844,312.75,312.5,312.6499938964844,19526
2026-04-29 05:35:00+00:00,313.1000061035156,313.1000061035156,313.20001220703125,312.6000061035156,312.75,279272
2026-04-29 05:36:00+00:00,313.6499938964844,313.6499938964844,313.6499938964844,313.20001220703125,313.20001220703125,208631
2026-04-29 05:37:00+00:00,313.8999938964844,313.8999938964844,314.04998779296875,313.54998779296875,313.6499938964844,231971
2026-04-29 05:38:00+00:00,313.8999938964844,313.8999938964844,314.0,313.79998779296875,313.79998779296875,82012
2026-04-29 05:39:00+00:00,313.95001220703125,313.95001220703125,313.95001220703125,313.79998779296875,313.8999938964844,81442
2026-04-29 05:40:00+00:00,313.6499938964844,313.6499938964844,313.95001220703125,313.54998779296875,313.8999938964844,73655
2026-04-29 05:41:00+00:00,313.3999938964844,313.3999938964844,313.75,313.29998779296875,313.70001220703125,55066
2026-04-29 05:42:00+00:00,313.6000061035156,313.6000061035156,313.6000061035156,313.29998779296875,313.3999938964844,40484
2026-04-29 05:43:00+00:00,313.5,313.5,313.5,313.25,313.5,31074
2026-04-29 05:44:00+00:00,313.54998779296875,313.54998779296875,313.6499938964844,313.3999938964844,313.5,32437
2026-04-29 05:45:00+00:00,313.6000061035156,313.6000061035156,313.6000061035156,313.5,313.54998779296875,12979
2026-04-29 05:46:00+00:00,313.45001220703125,313.45001220703125,313.6000061035156,313.45001220703125,313.54998779296875,20917
2026-04-29 05:47:00+00:00,313.25,313.25,313.45001220703125,313.1499938964844,313.3500061035156,34238
2026-04-29 05:48:00+00:00,313.3500061035156,313.3500061035156,313.45001220703125,313.25,313.3999938964844,36270
2026-04-29 05:49:00+00:00,313.3500061035156,313.3500061035156,313.3500061035156,313.20001220703125,313.3500061035156,21897
2026-04-29 05:50:00+00:00,313.29998779296875,313.29998779296875,313.3500061035156,313.20001220703125,313.3500061035156,16972
2026-04-29 05:51:00+00:00,313.3500061035156,313.3500061035156,313.5,313.25,313.29998779296875,37067
2026-04-29 05:52:00+00:00,313.5,313.5,313.5,313.3500061035156,313.3500061035156,39177
2026-04-29 05:53:00+00:00,313.3999938964844,313.3999938964844,313.6000061035156,313.3999938964844,313.54998779296875,41346
2026-04-29 05:54:00+00:00,313.5,313.5,313.54998779296875,313.3999938964844,313.5,23859
2026-04-29 05:55:00+00:00,313.3999938964844,313.3999938964844,313.54998779296875,313.3500061035156,313.5,27663
2026-04-29 05:56:00+00:00,313.3500061035156,313.3500061035156,313.6000061035156,313.29998779296875,313.5,26945
2026-04-29 05:57:00+00:00,313.5,313.5,313.54998779296875,313.29998779296875,313.5,19924
2026-04-29 05:58:00+00:00,313.45001220703125,313.45001220703125,313.6000061035156,313.3999938964844,313.45001220703125,47902
2026-04-29 05:59:00+00:00,313.54998779296875,313.54998779296875,313.54998779296875,313.29998779296875,313.45001220703125,48882
2026-04-29 06:00:00+00:00,313.95001220703125,313.95001220703125,314.0,313.6499938964844,313.6499938964844,229998
2026-04-29 06:01:00+00:00,314.1499938964844,314.1499938964844,314.25,313.79998779296875,313.79998779296875,63236
2026-04-29 06:02:00+00:00,313.75,313.75,314.25,313.75,314.20001220703125,76898
2026-04-29 06:03:00+00:00,313.95001220703125,313.95001220703125,314.1499938964844,313.79998779296875,314.0,61096
2026-04-29 06:04:00+00:00,314.1000061035156,314.1000061035156,314.1000061035156,313.8500061035156,313.95001220703125,29725
2026-04-29 06:05:00+00:00,314.3500061035156,314.3500061035156,314.3500061035156,314.04998779296875,314.1000061035156,50451
2026-04-29 06:06:00+00:00,314.5,314.5,314.6000061035156,314.25,314.3500061035156,153033
2026-04-29 06:07:00+00:00,314.29998779296875,314.29998779296875,314.70001220703125,314.29998779296875,314.5,159468
2026-04-29 06:08:00+00:00,314.3999938964844,314.3999938964844,314.5,314.1499938964844,314.3999938964844,58804
2026-04-29 06:09:00+00:00,314.25,314.25,314.5,314.1499938964844,314.3999938964844,96632
2026-04-29 06:10:00+00:00,314.20001220703125,314.20001220703125,314.3500061035156,314.1499938964844,314.25,41234
2026-04-29 06:11:00+00:00,314.20001220703125,314.20001220703125,314.25,314.1499938964844,314.20001220703125,27751
2026-04-29 06:12:00+00:00,314.3999938964844,314.3999938964844,314.3999938964844,314.1499938964844,314.1499938964844,34689
2026-04-29 06:13:00+00:00,314.20001220703125,314.20001220703125,314.45001220703125,314.1499938964844,314.3500061035156,28689
2026-04-29 06:14:00+00:00,314.3500061035156,314.3500061035156,314.45001220703125,314.1000061035156,314.25,142105
2026-04-29 06:15:00+00:00,314.20001220703125,314.20001220703125,314.3500061035156,314.1499938964844,314.3500061035156,27232
2026-04-29 06:16:00+00:00,314.1000061035156,314.1000061035156,314.29998779296875,314.1000061035156,314.20001220703125,20408
2026-04-29 06:17:00+00:00,313.8500061035156,313.8500061035156,314.1000061035156,313.79998779296875,314.1000061035156,43241
2026-04-29 06:18:00+00:00,314.0,314.0,314.0,313.79998779296875,313.79998779296875,16893
2026-04-29 06:19:00+00:00,314.25,314.25,314.25,313.8500061035156,313.8500061035156,40601
2026-04-29 06:20:00+00:00,314.25,314.25,314.45001220703125,314.1000061035156,314.25,34275
2026-04-29 06:21:00+00:00,314.45001220703125,314.45001220703125,314.5,314.25,314.3500061035156,45858
2026-04-29 06:22:00+00:00,314.3999938964844,314.3999938964844,314.5,314.29998779296875,314.45001220703125,44738
2026-04-29 06:23:00+00:00,314.3999938964844,314.3999938964844,314.5,314.3999938964844,314.45001220703125,63734
2026-04-29 06:24:00+00:00,314.8999938964844,314.8999938964844,315.0,314.3999938964844,314.45001220703125,571361
2026-04-29 06:25:00+00:00,314.70001220703125,314.70001220703125,314.8999938964844,314.6000061035156,314.8999938964844,51972
2026-04-29 06:26:00+00:00,314.70001220703125,314.70001220703125,314.8500061035156,314.6499938964844,314.70001220703125,45125
2026-04-29 06:27:00+00:00,314.8500061035156,314.8500061035156,315.04998779296875,314.70001220703125,314.75,93434
2026-04-29 06:28:00+00:00,314.79998779296875,314.79998779296875,315.0,314.79998779296875,315.0,50406
2026-04-29 06:29:00+00:00,314.70001220703125,314.70001220703125,314.8999938964844,314.6499938964844,314.79998779296875,29351
2026-04-29 06:30:00+00:00,314.70001220703125,314.70001220703125,314.75,314.6000061035156,314.70001220703125,31306
2026-04-29 06:31:00+00:00,314.8500061035156,314.8500061035156,314.95001220703125,314.6499938964844,314.75,35476
2026-04-29 06:32:00+00:00,314.75,314.75,314.95001220703125,314.54998779296875,314.95001220703125,43852
2026-04-29 06:33:00+00:00,314.5,314.5,314.70001220703125,314.45001220703125,314.70001220703125,25067
2026-04-29 06:34:00+00:00,313.8500061035156,313.8500061035156,314.3999938964844,313.8500061035156,314.3500061035156,120865
2026-04-29 06:35:00+00:00,313.8999938964844,313.8999938964844,314.04998779296875,313.8500061035156,313.95001220703125,30437
2026-04-29 06:36:00+00:00,313.6499938964844,313.6499938964844,313.95001220703125,313.54998779296875,313.95001220703125,60011
2026-04-29 06:37:00+00:00,313.8500061035156,313.8500061035156,313.8500061035156,313.6499938964844,313.70001220703125,32025
2026-04-29 06:38:00+00:00,313.75,313.75,313.8500061035156,313.70001220703125,313.8500061035156,36010
2026-04-29 06:39:00+00:00,314.0,314.0,314.0,313.70001220703125,313.75,22138
2026-04-29 06:40:00+00:00,314.04998779296875,314.04998779296875,314.04998779296875,313.70001220703125,313.95001220703125,44033
2026-04-29 06:41:00+00:00,314.20001220703125,314.20001220703125,314.20001220703125,313.95001220703125,314.04998779296875,50606
2026-04-29 06:42:00+00:00,314.29998779296875,314.29998779296875,314.29998779296875,314.1000061035156,314.20001220703125,84617
2026-04-29 06:43:00+00:00,313.70001220703125,313.70001220703125,314.29998779296875,313.70001220703125,314.29998779296875,252435
2026-04-29 06:44:00+00:00,313.79998779296875,313.79998779296875,313.8500061035156,313.6499938964844,313.79998779296875,70108
2026-04-29 06:45:00+00:00,314.1000061035156,314.1000061035156,314.1499938964844,313.75,313.75,54242
2026-04-29 06:46:00+00:00,314.29998779296875,314.29998779296875,314.45001220703125,314.0,314.1499938964844,156490
2026-04-29 06:47:00+00:00,314.3500061035156,314.3500061035156,314.3999938964844,314.25,314.29998779296875,53945
2026-04-29 06:48:00+00:00,314.3500061035156,314.3500061035156,314.3500061035156,314.20001220703125,314.3500061035156,41956
2026-04-29 06:49:00+00:00,314.3500061035156,314.3500061035156,314.3999938964844,314.25,314.3500061035156,21344
2026-04-29 06:50:00+00:00,314.1499938964844,314.1499938964844,314.3999938964844,314.1499938964844,314.3500061035156,46678
2026-04-29 06:51:00+00:00,314.1499938964844,314.1499938964844,314.29998779296875,314.1000061035156,314.20001220703125,56717
2026-04-29 06:52:00+00:00,314.25,314.25,314.25,314.1000061035156,314.25,40400
2026-04-29 06:53:00+00:00,314.3999938964844,314.3999938964844,314.5,314.25,314.25,184401
2026-04-29 06:54:00+00:00,314.5,314.5,314.5,314.29998779296875,314.3999938964844,51906
2026-04-29 06:55:00+00:00,314.5,314.5,314.6499938964844,314.3999938964844,314.5,102219
2026-04-29 06:56:00+00:00,314.6000061035156,314.6000061035156,314.6000061035156,314.3999938964844,314.45001220703125,27962
2026-04-29 06:57:00+00:00,314.3999938964844,314.3999938964844,314.6000061035156,314.29998779296875,314.6000061035156,20401
2026-04-29 06:58:00+00:00,314.3999938964844,314.3999938964844,314.3999938964844,314.29998779296875,314.3999938964844,8935
2026-04-29 06:59:00+00:00,314.29998779296875,314.29998779296875,314.45001220703125,314.25,314.45001220703125,49249
2026-04-29 07:00:00+00:00,314.1000061035156,314.1000061035156,314.3999938964844,314.04998779296875,314.3500061035156,26928
2026-04-29 07:01:00+00:00,314.20001220703125,314.20001220703125,314.29998779296875,314.1499938964844,314.25,9824
2026-04-29 07:02:00+00:00,314.1000061035156,314.1000061035156,314.29998779296875,314.04998779296875,314.1499938964844,16510
2026-04-29 07:03:00+00:00,314.04998779296875,314.04998779296875,314.20001220703125,314.0,314.04998779296875,20707
2026-04-29 07:04:00+00:00,314.25,314.25,314.25,314.04998779296875,314.1000061035156,28730
2026-04-29 07:05:00+00:00,314.0,314.0,314.25,314.0,314.20001220703125,39941
2026-04-29 07:06:00+00:00,313.95001220703125,313.95001220703125,314.1000061035156,313.79998779296875,313.8999938964844,73345
2026-04-29 07:07:00+00:00,313.8999938964844,313.8999938964844,314.0,313.79998779296875,313.95001220703125,20331
2026-04-29 07:08:00+00:00,313.75,313.75,313.95001220703125,313.75,313.95001220703125,31189
2026-04-29 07:09:00+00:00,314.04998779296875,314.04998779296875,314.04998779296875,313.75,313.79998779296875,70270
2026-04-29 07:10:00+00:00,313.95001220703125,313.95001220703125,314.1000061035156,313.75,314.04998779296875,45477
2026-04-29 07:11:00+00:00,313.8500061035156,313.8500061035156,314.0,313.79998779296875,313.79998779296875,20228
2026-04-29 07:12:00+00:00,313.95001220703125,313.95001220703125,314.0,313.8500061035156,313.8999938964844,10139
2026-04-29 07:13:00+00:00,313.95001220703125,313.95001220703125,314.0,313.8500061035156,313.95001220703125,18522
2026-04-29 07:14:00+00:00,314.0,314.0,314.0,313.8999938964844,314.0,35802
2026-04-29 07:15:00+00:00,314.45001220703125,314.45001220703125,314.5,313.95001220703125,313.95001220703125,47962
2026-04-29 07:16:00+00:00,314.29998779296875,314.29998779296875,314.5,314.25,314.3999938964844,32535
2026-04-29 07:17:00+00:00,314.3999938964844,314.3999938964844,314.5,314.20001220703125,314.3500061035156,33667
2026-04-29 07:18:00+00:00,314.45001220703125,314.45001220703125,314.5,314.3500061035156,314.5,34850
2026-04-29 07:19:00+00:00,314.5,314.5,314.5,314.3999938964844,314.5,75662
2026-04-29 07:20:00+00:00,314.5,314.5,314.6000061035156,314.45001220703125,314.45001220703125,30745
2026-04-29 07:21:00+00:00,314.3999938964844,314.3999938964844,314.6000061035156,314.3500061035156,314.54998779296875,41862
2026-04-29 07:22:00+00:00,314.6499938964844,314.6499938964844,314.6499938964844,314.3999938964844,314.45001220703125,149278
2026-04-29 07:23:00+00:00,314.79998779296875,314.79998779296875,314.8999938964844,314.54998779296875,314.6499938964844,196163
2026-04-29 07:24:00+00:00,314.95001220703125,314.95001220703125,314.95001220703125,314.75,314.75,110030
2026-04-29 07:25:00+00:00,315.8500061035156,315.8500061035156,315.8999938964844,315.20001220703125,315.20001220703125,475892
2026-04-29 07:26:00+00:00,315.8999938964844,315.8999938964844,316.04998779296875,315.75,315.79998779296875,340011
2026-04-29 07:27:00+00:00,316.1499938964844,316.1499938964844,316.3500061035156,315.8999938964844,315.8999938964844,101563
2026-04-29 07:28:00+00:00,315.79998779296875,315.79998779296875,316.20001220703125,315.79998779296875,316.1499938964844,79905
2026-04-29 07:29:00+00:00,316.1000061035156,316.1000061035156,316.1499938964844,315.79998779296875,315.8999938964844,51827
2026-04-29 07:30:00+00:00,316.0,316.0,316.20001220703125,315.8999938964844,316.20001220703125,61743
2026-04-29 07:31:00+00:00,316.04998779296875,316.04998779296875,316.1000061035156,316.0,316.0,46228
2026-04-29 07:32:00+00:00,316.0,316.0,316.20001220703125,315.8999938964844,316.1499938964844,41845
2026-04-29 07:33:00+00:00,316.1000061035156,316.1000061035156,316.20001220703125,316.0,316.1499938964844,38548
2026-04-29 07:34:00+00:00,315.8500061035156,315.8500061035156,316.20001220703125,315.79998779296875,316.04998779296875,36763
2026-04-29 07:35:00+00:00,316.5,316.5,316.5,315.8500061035156,315.8999938964844,312656
2026-04-29 07:36:00+00:00,316.79998779296875,316.79998779296875,316.79998779296875,316.45001220703125,316.5,199918
2026-04-29 07:37:00+00:00,316.6499938964844,316.6499938964844,316.79998779296875,316.6499938964844,316.79998779296875,54237
2026-04-29 07:38:00+00:00,316.79998779296875,316.79998779296875,316.8999938964844,316.6499938964844,316.75,52383
2026-04-29 07:39:00+00:00,316.95001220703125,316.95001220703125,316.95001220703125,316.5,316.79998779296875,102463
2026-04-29 07:40:00+00:00,316.95001220703125,316.95001220703125,316.95001220703125,316.70001220703125,316.8500061035156,30404
2026-04-29 07:41:00+00:00,316.95001220703125,316.95001220703125,317.0,316.75,316.95001220703125,144138
2026-04-29 07:42:00+00:00,317.45001220703125,317.45001220703125,317.5,316.95001220703125,316.95001220703125,210588
2026-04-29 07:43:00+00:00,317.25,317.25,317.3500061035156,317.04998779296875,317.20001220703125,105242
2026-04-29 07:44:00+00:00,317.25,317.25,317.3500061035156,317.1499938964844,317.29998779296875,50303
2026-04-29 07:45:00+00:00,317.1499938964844,317.1499938964844,317.25,317.04998779296875,317.25,67238
2026-04-29 07:46:00+00:00,316.8999938964844,316.8999938964844,317.20001220703125,316.8500061035156,317.20001220703125,60998
2026-04-29 07:47:00+00:00,316.95001220703125,316.95001220703125,317.20001220703125,316.8500061035156,316.8999938964844,106041
2026-04-29 07:48:00+00:00,317.25,317.25,317.25,316.95001220703125,317.0,83559
2026-04-29 07:49:00+00:00,317.1499938964844,317.1499938964844,317.29998779296875,317.1000061035156,317.25,92671
2026-04-29 07:50:00+00:00,317.3500061035156,317.3500061035156,317.5,317.1499938964844,317.20001220703125,124846
2026-04-29 07:51:00+00:00,317.29998779296875,317.29998779296875,317.5,317.20001220703125,317.5,62956
2026-04-29 07:52:00+00:00,317.1000061035156,317.1000061035156,317.3500061035156,317.1000061035156,317.20001220703125,61169
2026-04-29 07:53:00+00:00,316.95001220703125,316.95001220703125,317.25,316.8999938964844,317.25,54731
2026-04-29 07:54:00+00:00,316.8500061035156,316.8500061035156,317.0,316.8500061035156,317.0,57616
2026-04-29 07:55:00+00:00,316.70001220703125,316.70001220703125,317.0,316.70001220703125,316.8500061035156,53455
2026-04-29 07:56:00+00:00,316.95001220703125,316.95001220703125,316.95001220703125,316.70001220703125,316.8500061035156,56651
2026-04-29 07:57:00+00:00,316.75,316.75,317.0,316.70001220703125,316.8999938964844,103898
2026-04-29 07:58:00+00:00,316.79998779296875,316.79998779296875,316.8999938964844,316.6499938964844,316.79998779296875,62681
2026-04-29 07:59:00+00:00,316.6499938964844,316.6499938964844,316.79998779296875,316.5,316.79998779296875,69660
2026-04-29 08:00:00+00:00,316.5,316.5,316.79998779296875,316.5,316.79998779296875,52713
2026-04-29 08:01:00+00:00,316.5,316.5,316.6000061035156,316.45001220703125,316.5,71030
2026-04-29 08:02:00+00:00,316.3999938964844,316.3999938964844,316.6000061035156,316.3500061035156,316.5,34075
2026-04-29 08:03:00+00:00,316.25,316.25,316.3999938964844,316.1000061035156,316.3500061035156,163025
2026-04-29 08:04:00+00:00,316.20001220703125,316.20001220703125,316.3500061035156,315.95001220703125,316.1499938964844,127121
2026-04-29 08:05:00+00:00,316.04998779296875,316.04998779296875,316.3500061035156,316.0,316.20001220703125,100145
2026-04-29 08:06:00+00:00,316.1000061035156,316.1000061035156,316.25,316.04998779296875,316.20001220703125,48403
2026-04-29 08:07:00+00:00,316.1499938964844,316.1499938964844,316.20001220703125,316.04998779296875,316.20001220703125,26434
2026-04-29 08:08:00+00:00,316.04998779296875,316.04998779296875,316.20001220703125,316.04998779296875,316.1499938964844,49279
2026-04-29 08:09:00+00:00,315.8999938964844,315.8999938964844,316.20001220703125,315.79998779296875,316.1499938964844,51463
2026-04-29 08:10:00+00:00,315.8500061035156,315.8500061035156,315.95001220703125,315.70001220703125,315.95001220703125,44387
2026-04-29 08:11:00+00:00,315.75,315.75,315.79998779296875,315.70001220703125,315.70001220703125,59108
2026-04-29 08:12:00+00:00,316.25,316.25,316.25,315.54998779296875,315.75,138534
2026-04-29 08:13:00+00:00,316.20001220703125,316.20001220703125,316.29998779296875,316.04998779296875,316.20001220703125,45660
2026-04-29 08:14:00+00:00,316.04998779296875,316.04998779296875,316.29998779296875,315.8500061035156,316.20001220703125,62135
2026-04-29 08:15:00+00:00,316.1000061035156,316.1000061035156,316.20001220703125,316.04998779296875,316.04998779296875,26002
2026-04-29 08:16:00+00:00,316.3999938964844,316.3999938964844,316.3999938964844,316.0,316.1000061035156,56032
2026-04-29 08:17:00+00:00,316.5,316.5,316.6499938964844,316.29998779296875,316.45001220703125,62571
2026-04-29 08:18:00+00:00,316.5,316.5,316.5,316.1000061035156,316.5,44017
2026-04-29 08:19:00+00:00,316.29998779296875,316.29998779296875,316.5,316.29998779296875,316.45001220703125,36556
2026-04-29 08:20:00+00:00,316.3999938964844,316.3999938964844,316.5,316.3500061035156,316.3999938964844,24284
2026-04-29 08:21:00+00:00,316.0,316.0,316.20001220703125,315.79998779296875,316.1499938964844,94778
2026-04-29 08:22:00+00:00,315.79998779296875,315.79998779296875,316.0,315.79998779296875,315.8500061035156,62309
2026-04-29 08:23:00+00:00,315.79998779296875,315.79998779296875,315.8999938964844,315.70001220703125,315.70001220703125,43389
2026-04-29 08:24:00+00:00,315.54998779296875,315.54998779296875,315.79998779296875,315.54998779296875,315.79998779296875,77076
2026-04-29 08:25:00+00:00,315.54998779296875,315.54998779296875,315.6499938964844,315.5,315.6000061035156,26763
2026-04-29 08:26:00+00:00,315.54998779296875,315.54998779296875,315.6000061035156,315.54998779296875,315.54998779296875,45023
2026-04-29 08:27:00+00:00,315.70001220703125,315.70001220703125,315.70001220703125,315.5,315.6000061035156,27169
2026-04-29 08:28:00+00:00,315.70001220703125,315.70001220703125,315.79998779296875,315.6000061035156,315.6499938964844,26558
2026-04-29 08:29:00+00:00,315.75,315.75,315.79998779296875,315.6499938964844,315.70001220703125,18787
2026-04-29 08:30:00+00:00,315.5,315.5,315.6000061035156,315.5,315.6000061035156,57858
2026-04-29 08:31:00+00:00,315.3500061035156,315.3500061035156,315.6000061035156,315.3500061035156,315.5,33054
2026-04-29 08:32:00+00:00,315.29998779296875,315.29998779296875,315.45001220703125,315.1499938964844,315.45001220703125,51498
2026-04-29 08:33:00+00:00,314.75,314.75,315.29998779296875,314.75,315.25,156993
2026-04-29 08:34:00+00:00,314.75,314.75,314.79998779296875,314.6000061035156,314.70001220703125,133772
2026-04-29 08:35:00+00:00,314.8999938964844,314.8999938964844,315.0,314.6499938964844,314.79998779296875,141387
2026-04-29 08:36:00+00:00,315.04998779296875,315.04998779296875,315.04998779296875,314.79998779296875,314.95001220703125,87320
2026-04-29 08:37:00+00:00,315.29998779296875,315.29998779296875,315.29998779296875,315.1499938964844,315.20001220703125,55520
2026-04-29 08:38:00+00:00,315.20001220703125,315.20001220703125,315.29998779296875,315.1000061035156,315.29998779296875,27745
2026-04-29 08:39:00+00:00,315.1000061035156,315.1000061035156,315.29998779296875,315.0,315.29998779296875,24195
2026-04-29 08:40:00+00:00,315.04998779296875,315.04998779296875,315.1000061035156,315.0,315.04998779296875,14214
2026-04-29 08:41:00+00:00,314.8999938964844,314.8999938964844,315.1000061035156,314.8999938964844,315.04998779296875,45286
2026-04-29 08:42:00+00:00,315.04998779296875,315.04998779296875,315.1499938964844,314.8500061035156,315.0,81471
2026-04-29 08:43:00+00:00,315.1499938964844,315.1499938964844,315.25,315.04998779296875,315.04998779296875,50222
2026-04-29 08:44:00+00:00,315.45001220703125,315.45001220703125,315.54998779296875,315.1000061035156,315.29998779296875,38190
2026-04-29 08:45:00+00:00,315.3999938964844,315.3999938964844,315.5,315.29998779296875,315.5,23978
2026-04-29 08:46:00+00:00,315.79998779296875,315.79998779296875,315.79998779296875,315.3500061035156,315.3500061035156,45044
2026-04-29 08:47:00+00:00,315.8500061035156,315.8500061035156,315.8999938964844,315.5,315.6499938964844,86732
2026-04-29 08:48:00+00:00,315.5,315.5,315.8999938964844,315.5,315.8500061035156,77093
2026-04-29 08:49:00+00:00,315.70001220703125,315.70001220703125,315.75,315.5,315.54998779296875,27398
2026-04-29 08:50:00+00:00,315.54998779296875,315.54998779296875,315.8999938964844,315.5,315.6499938964844,67649
2026-04-29 08:51:00+00:00,315.70001220703125,315.70001220703125,315.70001220703125,315.54998779296875,315.6000061035156,30909
2026-04-29 08:52:00+00:00,315.79998779296875,315.79998779296875,315.79998779296875,315.6000061035156,315.70001220703125,73996
2026-04-29 08:53:00+00:00,316.29998779296875,316.29998779296875,316.29998779296875,315.70001220703125,315.75,184348
2026-04-29 08:54:00+00:00,316.3999938964844,316.3999938964844,316.45001220703125,316.20001220703125,316.20001220703125,83746
2026-04-29 08:55:00+00:00,316.20001220703125,316.20001220703125,316.45001220703125,316.04998779296875,316.3999938964844,90331
2026-04-29 08:56:00+00:00,315.8500061035156,315.8500061035156,316.25,315.8500061035156,316.1499938964844,58635
2026-04-29 08:57:00+00:00,315.8999938964844,315.8999938964844,316.1000061035156,315.75,316.0,43368
2026-04-29 08:58:00+00:00,315.95001220703125,315.95001220703125,316.1000061035156,315.8500061035156,316.0,43827
2026-04-29 08:59:00+00:00,316.0,316.0,316.1499938964844,315.8999938964844,315.95001220703125,46587
2026-04-29 09:00:00+00:00,316.0,316.0,316.1000061035156,315.8999938964844,315.8999938964844,42491
2026-04-29 09:01:00+00:00,315.95001220703125,315.95001220703125,316.1000061035156,315.8999938964844,316.0,29970
2026-04-29 09:02:00+00:00,316.1499938964844,316.1499938964844,316.1499938964844,315.95001220703125,316.04998779296875,26235
2026-04-29 09:03:00+00:00,316.1499938964844,316.1499938964844,316.1499938964844,316.0,316.1000061035156,47283
2026-04-29 09:04:00+00:00,316.1000061035156,316.1000061035156,316.1499938964844,316.0,316.1000061035156,26203
2026-04-29 09:05:00+00:00,315.6499938964844,315.6499938964844,316.1499938964844,315.6499938964844,316.1499938964844,65539
2026-04-29 09:06:00+00:00,315.75,315.75,315.8500061035156,315.6499938964844,315.79998779296875,30452
2026-04-29 09:07:00+00:00,315.8999938964844,315.8999938964844,315.8999938964844,315.75,315.8500061035156,41428
2026-04-29 09:08:00+00:00,315.8999938964844,315.8999938964844,315.95001220703125,315.75,315.75,37404
2026-04-29 09:09:00+00:00,316.0,316.0,316.0,315.79998779296875,315.8999938964844,52746
2026-04-29 09:10:00+00:00,316.0,316.0,316.0,315.79998779296875,315.8500061035156,35821
2026-04-29 09:11:00+00:00,315.95001220703125,315.95001220703125,316.0,315.8500061035156,316.0,45252
2026-04-29 09:12:00+00:00,316.04998779296875,316.04998779296875,316.04998779296875,315.8500061035156,315.8500061035156,41076
2026-04-29 09:13:00+00:00,316.1000061035156,316.1000061035156,316.1000061035156,315.95001220703125,316.0,43897
2026-04-29 09:14:00+00:00,316.20001220703125,316.20001220703125,316.25,316.0,316.1000061035156,53621
2026-04-29 09:15:00+00:00,316.25,316.25,316.25,316.20001220703125,316.25,46174
2026-04-29 09:16:00+00:00,316.1499938964844,316.1499938964844,316.29998779296875,316.04998779296875,316.20001220703125,41403
2026-04-29 09:17:00+00:00,316.04998779296875,316.04998779296875,316.20001220703125,316.0,316.1000061035156,30244
2026-04-29 09:18:00+00:00,316.6000061035156,316.6000061035156,316.6000061035156,316.04998779296875,316.1000061035156,87678
2026-04-29 09:19:00+00:00,316.6499938964844,316.6499938964844,316.75,316.5,316.6000061035156,58602
2026-04-29 09:20:00+00:00,316.6499938964844,316.6499938964844,316.75,316.5,316.75,90968
2026-04-29 09:21:00+00:00,316.79998779296875,316.79998779296875,316.79998779296875,316.6000061035156,316.6499938964844,53689
2026-04-29 09:22:00+00:00,316.54998779296875,316.54998779296875,316.8500061035156,316.54998779296875,316.75,80259
2026-04-29 09:23:00+00:00,316.6000061035156,316.6000061035156,316.79998779296875,316.54998779296875,316.70001220703125,51169
2026-04-29 09:24:00+00:00,316.75,316.75,316.75,316.54998779296875,316.70001220703125,38925
2026-04-29 09:25:00+00:00,316.6000061035156,316.6000061035156,316.75,316.54998779296875,316.6499938964844,41268
2026-04-29 09:26:00+00:00,316.6000061035156,316.6000061035156,316.70001220703125,316.54998779296875,316.6499938964844,42096
2026-04-29 09:27:00+00:00,316.70001220703125,316.70001220703125,316.70001220703125,316.54998779296875,316.6499938964844,31244
2026-04-29 09:28:00+00:00,316.6000061035156,316.6000061035156,316.70001220703125,316.54998779296875,316.70001220703125,38335
2026-04-29 09:29:00+00:00,316.45001220703125,316.45001220703125,316.75,316.45001220703125,316.6499938964844,89205
2026-04-29 09:30:00+00:00,316.6499938964844,316.6499938964844,316.70001220703125,316.3500061035156,316.45001220703125,69537
2026-04-29 09:31:00+00:00,316.5,316.5,316.6499938964844,316.3999938964844,316.45001220703125,199540
2026-04-29 09:32:00+00:00,316.3999938964844,316.3999938964844,316.54998779296875,316.3999938964844,316.5,53494
2026-04-29 09:33:00+00:00,316.5,316.5,316.54998779296875,316.45001220703125,316.54998779296875,61583
2026-04-29 09:34:00+00:00,316.1499938964844,316.1499938964844,316.5,316.1499938964844,316.3500061035156,126608
2026-04-29 09:35:00+00:00,316.25,316.25,316.3500061035156,316.1000061035156,316.1499938964844,71249
2026-04-29 09:36:00+00:00,316.3500061035156,316.3500061035156,316.3500061035156,316.1499938964844,316.20001220703125,68818
2026-04-29 09:37:00+00:00,316.3500061035156,316.3500061035156,316.3999938964844,316.25,316.3500061035156,59974
2026-04-29 09:38:00+00:00,316.45001220703125,316.45001220703125,316.6000061035156,316.3500061035156,316.3999938964844,54878
2026-04-29 09:39:00+00:00,316.54998779296875,316.54998779296875,316.6000061035156,316.5,316.54998779296875,52421
2026-04-29 09:40:00+00:00,316.29998779296875,316.29998779296875,316.6499938964844,316.29998779296875,316.6000061035156,197246
2026-04-29 09:41:00+00:00,316.3500061035156,316.3500061035156,316.45001220703125,316.29998779296875,316.45001220703125,99177
2026-04-29 09:42:00+00:00,316.29998779296875,316.29998779296875,316.45001220703125,316.29998779296875,316.3999938964844,63274
2026-04-29 09:43:00+00:00,316.04998779296875,316.04998779296875,316.3999938964844,316.04998779296875,316.3999938964844,171705
2026-04-29 09:44:00+00:00,316.20001220703125,316.20001220703125,316.3999938964844,316.1499938964844,316.1499938964844,72819
2026-04-29 09:45:00+00:00,316.1499938964844,316.1499938964844,316.3500061035156,316.04998779296875,316.29998779296875,147555
2026-04-29 09:46:00+00:00,316.0,316.0,316.29998779296875,316.0,316.1499938964844,175419
2026-04-29 09:47:00+00:00,316.04998779296875,316.04998779296875,316.20001220703125,316.0,316.0,86782
2026-04-29 09:48:00+00:00,316.04998779296875,316.04998779296875,316.29998779296875,316.0,316.1000061035156,168389
2026-04-29 09:49:00+00:00,316.25,316.25,316.3999938964844,316.0,316.20001220703125,135221
2026-04-29 09:50:00+00:00,316.20001220703125,316.20001220703125,316.29998779296875,316.1499938964844,316.29998779296875,159186
2026-04-29 09:51:00+00:00,316.29998779296875,316.29998779296875,316.3500061035156,316.1499938964844,316.1499938964844,87573
2026-04-29 09:52:00+00:00,315.8999938964844,315.8999938964844,316.04998779296875,315.8999938964844,316.04998779296875,233923
2026-04-29 09:53:00+00:00,316.04998779296875,316.04998779296875,316.20001220703125,315.8999938964844,315.95001220703125,89575
2026-04-29 09:54:00+00:00,316.29998779296875,316.29998779296875,316.29998779296875,316.04998779296875,316.04998779296875,103380
2026-04-29 09:55:00+00:00,316.20001220703125,316.20001220703125,316.25,316.1499938964844,316.25,398183
2026-04-29 09:56:00+00:00,316.1000061035156,316.1000061035156,316.20001220703125,316.0,316.1499938964844,148390
2026-04-29 09:57:00+00:00,316.04998779296875,316.04998779296875,316.20001220703125,316.0,316.1000061035156,151560
2026-04-29 09:58:00+00:00,316.1499938964844,316.1499938964844,316.20001220703125,316.0,316.0,154672
2026-04-29 09:59:00+00:00,316.25,316.25,316.25,316.0,316.20001220703125,95105
2026-04-30 03:45:00+00:00,314.0,314.0,316.45001220703125,313.8500061035156,316.25,0
2026-04-30 03:46:00+00:00,315.20001220703125,315.20001220703125,315.20001220703125,313.8500061035156,314.0,272512
2026-04-30 03:47:00+00:00,315.04998779296875,315.04998779296875,315.45001220703125,315.0,315.0,122081
2026-04-30 03:48:00+00:00,314.45001220703125,314.45001220703125,315.04998779296875,314.45001220703125,315.04998779296875,92494
2026-04-30 03:49:00+00:00,314.3999938964844,314.3999938964844,314.5,314.25,314.3999938964844,63031
2026-04-30 03:50:00+00:00,313.95001220703125,313.95001220703125,314.29998779296875,313.95001220703125,314.29998779296875,75627
2026-04-30 03:51:00+00:00,313.8999938964844,313.8999938964844,314.1499938964844,313.79998779296875,313.79998779296875,82479
2026-04-30 03:52:00+00:00,313.8999938964844,313.8999938964844,313.95001220703125,313.75,313.95001220703125,27634
2026-04-30 03:53:00+00:00,313.79998779296875,313.79998779296875,313.8500061035156,313.54998779296875,313.75,72953
2026-04-30 03:54:00+00:00,313.5,313.5,313.8999938964844,313.5,313.6000061035156,69619
2026-04-30 03:55:00+00:00,314.79998779296875,314.79998779296875,314.79998779296875,313.75,313.75,61751
2026-04-30 03:56:00+00:00,314.95001220703125,314.95001220703125,315.20001220703125,314.6499938964844,314.8999938964844,101426
2026-04-30 03:57:00+00:00,314.6000061035156,314.6000061035156,314.95001220703125,314.3999938964844,314.95001220703125,94889
2026-04-30 03:58:00+00:00,315.0,315.0,315.1000061035156,314.75,314.75,58661
2026-04-30 03:59:00+00:00,314.8999938964844,314.8999938964844,315.04998779296875,314.79998779296875,314.79998779296875,33056
2026-04-30 04:00:00+00:00,314.8500061035156,314.8500061035156,314.95001220703125,314.79998779296875,314.8500061035156,29466
2026-04-30 04:01:00+00:00,314.75,314.75,314.95001220703125,314.6000061035156,314.79998779296875,26278
2026-04-30 04:02:00+00:00,315.45001220703125,315.45001220703125,315.45001220703125,314.8999938964844,314.8999938964844,78535
2026-04-30 04:03:00+00:00,315.20001220703125,315.20001220703125,315.45001220703125,315.1499938964844,315.45001220703125,36123
2026-04-30 04:04:00+00:00,315.6499938964844,315.6499938964844,315.6499938964844,315.0,315.20001220703125,86591
2026-04-30 04:05:00+00:00,315.5,315.5,315.6499938964844,315.3500061035156,315.6499938964844,40329
2026-04-30 04:06:00+00:00,315.75,315.75,315.79998779296875,315.54998779296875,315.54998779296875,34635
2026-04-30 04:07:00+00:00,315.5,315.5,315.70001220703125,315.3999938964844,315.70001220703125,31576
2026-04-30 04:08:00+00:00,315.8500061035156,315.8500061035156,315.8500061035156,315.5,315.6000061035156,64469
2026-04-30 04:09:00+00:00,315.6000061035156,315.6000061035156,316.0,315.6000061035156,315.75,35971
2026-04-30 04:10:00+00:00,315.70001220703125,315.70001220703125,315.8999938964844,315.6000061035156,315.6000061035156,91484
2026-04-30 04:11:00+00:00,315.95001220703125,315.95001220703125,315.95001220703125,315.70001220703125,315.70001220703125,17483
2026-04-30 04:12:00+00:00,316.1000061035156,316.1000061035156,316.25,316.0,316.0,131203
2026-04-30 04:13:00+00:00,316.3500061035156,316.3500061035156,316.5,316.20001220703125,316.20001220703125,78501
2026-04-30 04:14:00+00:00,316.5,316.5,316.6000061035156,316.3500061035156,316.3999938964844,75163
2026-04-30 04:15:00+00:00,316.5,316.5,316.54998779296875,316.29998779296875,316.45001220703125,58130
2026-04-30 04:16:00+00:00,316.5,316.5,316.6499938964844,316.5,316.54998779296875,63344
2026-04-30 04:17:00+00:00,316.25,316.25,316.5,316.1000061035156,316.5,49755
2026-04-30 04:18:00+00:00,316.20001220703125,316.20001220703125,316.29998779296875,316.1000061035156,316.20001220703125,23387
2026-04-30 04:19:00+00:00,315.3999938964844,315.3999938964844,316.1000061035156,315.3999938964844,316.1000061035156,85014
2026-04-30 04:20:00+00:00,315.6000061035156,315.6000061035156,315.6000061035156,315.29998779296875,315.3500061035156,49347
2026-04-30 04:21:00+00:00,315.8999938964844,315.8999938964844,315.8999938964844,315.6499938964844,315.6499938964844,22726
2026-04-30 04:22:00+00:00,315.75,315.75,316.0,315.75,315.95001220703125,35421
2026-04-30 04:23:00+00:00,315.79998779296875,315.79998779296875,315.79998779296875,315.6499938964844,315.6499938964844,21163
2026-04-30 04:24:00+00:00,315.70001220703125,315.70001220703125,315.8500061035156,315.6499938964844,315.75,29674
2026-04-30 04:25:00+00:00,315.8999938964844,315.8999938964844,315.8999938964844,315.6499938964844,315.8500061035156,22968
2026-04-30 04:26:00+00:00,315.5,315.5,316.0,315.5,315.95001220703125,42855
2026-04-30 04:27:00+00:00,315.6499938964844,315.6499938964844,315.75,315.45001220703125,315.45001220703125,22307
2026-04-30 04:28:00+00:00,315.5,315.5,315.6000061035156,315.45001220703125,315.5,14075
2026-04-30 04:29:00+00:00,315.54998779296875,315.54998779296875,315.54998779296875,315.5,315.5,15377
2026-04-30 04:30:00+00:00,315.5,315.5,315.54998779296875,315.29998779296875,315.5,27216
2026-04-30 04:31:00+00:00,315.29998779296875,315.29998779296875,315.45001220703125,315.20001220703125,315.3999938964844,23498
2026-04-30 04:32:00+00:00,315.25,315.25,315.45001220703125,315.20001220703125,315.45001220703125,22929
2026-04-30 04:33:00+00:00,315.25,315.25,315.29998779296875,315.1000061035156,315.1499938964844,23667
2026-04-30 04:34:00+00:00,315.1000061035156,315.1000061035156,315.20001220703125,315.1000061035156,315.20001220703125,6534
2026-04-30 04:35:00+00:00,315.25,315.25,315.3500061035156,314.79998779296875,315.0,107539
2026-04-30 04:36:00+00:00,315.0,315.0,315.29998779296875,315.0,315.25,16792
2026-04-30 04:37:00+00:00,315.0,315.0,315.1000061035156,315.0,315.0,21910
2026-04-30 04:38:00+00:00,315.0,315.0,315.20001220703125,315.0,315.1499938964844,18098
2026-04-30 04:39:00+00:00,315.29998779296875,315.29998779296875,315.3500061035156,315.0,315.1000061035156,46054
2026-04-30 04:40:00+00:00,314.8999938964844,314.8999938964844,315.3500061035156,314.8999938964844,315.29998779296875,21318
2026-04-30 04:41:00+00:00,314.8999938964844,314.8999938964844,315.0,314.8500061035156,314.8999938964844,40160
2026-04-30 04:42:00+00:00,314.8500061035156,314.8500061035156,314.95001220703125,314.6499938964844,314.95001220703125,34952
2026-04-30 04:43:00+00:00,315.0,315.0,315.0,314.79998779296875,314.8500061035156,24950
2026-04-30 04:44:00+00:00,315.0,315.0,315.0,314.8500061035156,314.95001220703125,45776
2026-04-30 04:45:00+00:00,315.5,315.5,315.5,315.04998779296875,315.04998779296875,39515
2026-04-30 04:46:00+00:00,315.3500061035156,315.3500061035156,315.5,315.3500061035156,315.3999938964844,11245
2026-04-30 04:47:00+00:00,315.20001220703125,315.20001220703125,315.3500061035156,314.95001220703125,315.29998779296875,54412
2026-04-30 04:48:00+00:00,315.04998779296875,315.04998779296875,315.20001220703125,315.0,315.1000061035156,28644
2026-04-30 04:49:00+00:00,315.45001220703125,315.45001220703125,315.45001220703125,315.3500061035156,315.3500061035156,54860
2026-04-30 04:50:00+00:00,315.1499938964844,315.1499938964844,315.45001220703125,315.04998779296875,315.45001220703125,24492
2026-04-30 04:51:00+00:00,315.20001220703125,315.20001220703125,315.29998779296875,315.04998779296875,315.04998779296875,10490
2026-04-30 04:52:00+00:00,315.20001220703125,315.20001220703125,315.3999938964844,315.1499938964844,315.3999938964844,14478
2026-04-30 04:53:00+00:00,315.1499938964844,315.1499938964844,315.25,315.1499938964844,315.1499938964844,12832
2026-04-30 04:54:00+00:00,315.1499938964844,315.1499938964844,315.29998779296875,315.1499938964844,315.20001220703125,6980
2026-04-30 04:55:00+00:00,315.0,315.0,315.1499938964844,314.8500061035156,315.1499938964844,41084
2026-04-30 04:56:00+00:00,315.04998779296875,315.04998779296875,315.04998779296875,314.95001220703125,314.95001220703125,15574
2026-04-30 04:57:00+00:00,315.20001220703125,315.20001220703125,315.20001220703125,314.8500061035156,314.8999938964844,30087
2026-04-30 04:58:00+00:00,315.25,315.25,315.29998779296875,315.1000061035156,315.20001220703125,13532
2026-04-30 04:59:00+00:00,315.3500061035156,315.3500061035156,315.3500061035156,315.25,315.29998779296875,16492
2026-04-30 05:00:00+00:00,315.3999938964844,315.3999938964844,315.3999938964844,315.3500061035156,315.3999938964844,17586
2026-04-30 05:01:00+00:00,315.3999938964844,315.3999938964844,315.45001220703125,315.20001220703125,315.45001220703125,30395
2026-04-30 05:02:00+00:00,315.70001220703125,315.70001220703125,315.75,315.5,315.54998779296875,24174
2026-04-30 05:03:00+00:00,315.6499938964844,315.6499938964844,315.70001220703125,315.6499938964844,315.6499938964844,5249
2026-04-30 05:04:00+00:00,315.95001220703125,315.95001220703125,315.95001220703125,315.6499938964844,315.6499938964844,34844
2026-04-30 05:05:00+00:00,316.5,316.5,316.5,315.8999938964844,315.8999938964844,83546
2026-04-30 05:06:00+00:00,316.6000061035156,316.6000061035156,316.79998779296875,316.5,316.5,61187
2026-04-30 05:07:00+00:00,317.3500061035156,317.3500061035156,317.3500061035156,316.1499938964844,316.6000061035156,155334
2026-04-30 05:08:00+00:00,317.3500061035156,317.3500061035156,317.45001220703125,317.1499938964844,317.3500061035156,88346
2026-04-30 05:09:00+00:00,316.79998779296875,316.79998779296875,317.3500061035156,316.75,317.3500061035156,48921
2026-04-30 05:10:00+00:00,316.29998779296875,316.29998779296875,317.0,316.20001220703125,316.8999938964844,61934
2026-04-30 05:11:00+00:00,315.6499938964844,315.6499938964844,316.29998779296875,315.6000061035156,316.29998779296875,51865
2026-04-30 05:12:00+00:00,315.6000061035156,315.6000061035156,315.8500061035156,315.3500061035156,315.70001220703125,31396
2026-04-30 05:13:00+00:00,315.6000061035156,315.6000061035156,315.70001220703125,315.45001220703125,315.6000061035156,24086
2026-04-30 05:14:00+00:00,315.5,315.5,315.70001220703125,315.5,315.54998779296875,36144
2026-04-30 05:15:00+00:00,315.20001220703125,315.20001220703125,315.6000061035156,315.20001220703125,315.6000061035156,46854
2026-04-30 05:16:00+00:00,315.3999938964844,315.3999938964844,315.3999938964844,315.20001220703125,315.20001220703125,11097
2026-04-30 05:17:00+00:00,315.6000061035156,315.6000061035156,315.6000061035156,315.3999938964844,315.3999938964844,19050
2026-04-30 05:18:00+00:00,315.6000061035156,315.6000061035156,315.6000061035156,315.5,315.6000061035156,10644
2026-04-30 05:19:00+00:00,315.6000061035156,315.6000061035156,315.75,315.45001220703125,315.6000061035156,16900
2026-04-30 05:20:00+00:00,315.25,315.25,315.3500061035156,315.1499938964844,315.29998779296875,61064
2026-04-30 05:21:00+00:00,315.29998779296875,315.29998779296875,315.45001220703125,315.20001220703125,315.25,10756
2026-04-30 05:22:00+00:00,315.04998779296875,315.04998779296875,315.3500061035156,315.04998779296875,315.25,63637
2026-04-30 05:23:00+00:00,315.20001220703125,315.20001220703125,315.20001220703125,314.95001220703125,315.04998779296875,15112
2026-04-30 05:24:00+00:00,315.20001220703125,315.20001220703125,315.25,315.0,315.1499938964844,19950
2026-04-30 05:25:00+00:00,315.20001220703125,315.20001220703125,315.3500061035156,315.1499938964844,315.3500061035156,10692
2026-04-30 05:26:00+00:00,315.0,315.0,315.20001220703125,315.0,315.20001220703125,16490
2026-04-30 05:27:00+00:00,315.20001220703125,315.20001220703125,315.20001220703125,315.0,315.0,9765
2026-04-30 05:28:00+00:00,315.25,315.25,315.3500061035156,315.1499938964844,315.20001220703125,10069
2026-04-30 05:29:00+00:00,315.1000061035156,315.1000061035156,315.25,315.04998779296875,315.25,11168
2026-04-30 05:30:00+00:00,315.3500061035156,315.3500061035156,315.3500061035156,315.0,315.1000061035156,17386
2026-04-30 05:31:00+00:00,315.5,315.5,315.5,315.25,315.25,6682
2026-04-30 05:32:00+00:00,315.6000061035156,315.6000061035156,315.70001220703125,315.3999938964844,315.3999938964844,11035
2026-04-30 05:33:00+00:00,315.5,315.5,315.6499938964844,315.5,315.54998779296875,10650
2026-04-30 05:34:00+00:00,315.54998779296875,315.54998779296875,315.70001220703125,315.54998779296875,315.54998779296875,21338
2026-04-30 05:35:00+00:00,315.45001220703125,315.45001220703125,315.54998779296875,315.45001220703125,315.5,12291
2026-04-30 05:36:00+00:00,315.54998779296875,315.54998779296875,315.54998779296875,315.5,315.5,4639
2026-04-30 05:37:00+00:00,315.70001220703125,315.70001220703125,315.70001220703125,315.45001220703125,315.54998779296875,14598
2026-04-30 05:38:00+00:00,315.3999938964844,315.3999938964844,315.70001220703125,315.25,315.70001220703125,17403
2026-04-30 05:39:00+00:00,315.70001220703125,315.70001220703125,315.70001220703125,315.3999938964844,315.3999938964844,4720
2026-04-30 05:40:00+00:00,315.45001220703125,315.45001220703125,315.6499938964844,315.45001220703125,315.54998779296875,8737
2026-04-30 05:41:00+00:00,315.3999938964844,315.3999938964844,315.45001220703125,315.3500061035156,315.45001220703125,4060
2026-04-30 05:42:00+00:00,315.45001220703125,315.45001220703125,315.45001220703125,315.25,315.45001220703125,10657
2026-04-30 05:43:00+00:00,315.29998779296875,315.29998779296875,315.45001220703125,315.1499938964844,315.3999938964844,11892
2026-04-30 05:44:00+00:00,315.25,315.25,315.29998779296875,315.1000061035156,315.25,19056
2026-04-30 05:45:00+00:00,315.25,315.25,315.25,315.0,315.25,71003
2026-04-30 05:46:00+00:00,315.20001220703125,315.20001220703125,315.29998779296875,315.20001220703125,315.29998779296875,4301
2026-04-30 05:47:00+00:00,315.20001220703125,315.20001220703125,315.3500061035156,315.20001220703125,315.3500061035156,6313
2026-04-30 05:48:00+00:00,315.20001220703125,315.20001220703125,315.20001220703125,315.1499938964844,315.1499938964844,8513
2026-04-30 05:49:00+00:00,315.29998779296875,315.29998779296875,315.29998779296875,315.20001220703125,315.20001220703125,14946
2026-04-30 05:50:00+00:00,315.20001220703125,315.20001220703125,315.25,315.1000061035156,315.1000061035156,7706
2026-04-30 05:51:00+00:00,315.25,315.25,315.25,315.1000061035156,315.1000061035156,9407
2026-04-30 05:52:00+00:00,315.20001220703125,315.20001220703125,315.25,315.1499938964844,315.25,4207
2026-04-30 05:53:00+00:00,315.25,315.25,315.3500061035156,315.1499938964844,315.20001220703125,9370
2026-04-30 05:54:00+00:00,315.29998779296875,315.29998779296875,315.29998779296875,315.20001220703125,315.25,8547
2026-04-30 05:55:00+00:00,315.29998779296875,315.29998779296875,315.3500061035156,315.1499938964844,315.29998779296875,9711
2026-04-30 05:56:00+00:00,315.3500061035156,315.3500061035156,315.3500061035156,315.1499938964844,315.3500061035156,15554
2026-04-30 05:57:00+00:00,315.3999938964844,315.3999938964844,315.45001220703125,315.29998779296875,315.3500061035156,6590
2026-04-30 05:58:00+00:00,315.45001220703125,315.45001220703125,315.45001220703125,315.29998779296875,315.3999938964844,5491
2026-04-30 05:59:00+00:00,315.45001220703125,315.45001220703125,315.45001220703125,315.3500061035156,315.3999938964844,7698
2026-04-30 06:00:00+00:00,315.6000061035156,315.6000061035156,315.6499938964844,315.45001220703125,315.45001220703125,15046
2026-04-30 06:01:00+00:00,315.75,315.75,315.75,315.54998779296875,315.6000061035156,3853
2026-04-30 06:02:00+00:00,315.6499938964844,315.6499938964844,315.75,315.6499938964844,315.75,8342
2026-04-30 06:03:00+00:00,315.8999938964844,315.8999938964844,315.8999938964844,315.5,315.5,26946
2026-04-30 06:04:00+00:00,316.0,316.0,316.0,315.8999938964844,315.8999938964844,12752
2026-04-30 06:05:00+00:00,315.95001220703125,315.95001220703125,316.0,315.8500061035156,316.0,13790
2026-04-30 06:06:00+00:00,316.0,316.0,316.0,315.8999938964844,316.0,10184
2026-04-30 06:07:00+00:00,316.0,316.0,316.0,315.95001220703125,316.0,29077
2026-04-30 06:08:00+00:00,315.8999938964844,315.8999938964844,316.0,315.8999938964844,316.0,18482
2026-04-30 06:09:00+00:00,315.8999938964844,315.8999938964844,315.8999938964844,315.79998779296875,315.8999938964844,8146
2026-04-30 06:10:00+00:00,315.6499938964844,315.6499938964844,315.8999938964844,315.6499938964844,315.8500061035156,14307
2026-04-30 06:11:00+00:00,315.75,315.75,315.8500061035156,315.70001220703125,315.79998779296875,5288
2026-04-30 06:12:00+00:00,315.79998779296875,315.79998779296875,315.79998779296875,315.6000061035156,315.6499938964844,5769
2026-04-30 06:13:00+00:00,315.8999938964844,315.8999938964844,315.8999938964844,315.79998779296875,315.8999938964844,2926
2026-04-30 06:14:00+00:00,315.8999938964844,315.8999938964844,315.8999938964844,315.79998779296875,315.79998779296875,4483
2026-04-30 06:15:00+00:00,315.79998779296875,315.79998779296875,315.95001220703125,315.79998779296875,315.8999938964844,6864
2026-04-30 06:16:00+00:00,315.8999938964844,315.8999938964844,315.95001220703125,315.8500061035156,315.8999938964844,2663
2026-04-30 06:17:00+00:00,315.8500061035156,315.8500061035156,315.8999938964844,315.75,315.79998779296875,2922
2026-04-30 06:18:00+00:00,315.75,315.75,315.8500061035156,315.6499938964844,315.8500061035156,2588
2026-04-30 06:19:00+00:00,315.75,315.75,315.75,315.6000061035156,315.75,24448
2026-04-30 06:20:00+00:00,315.75,315.75,315.8999938964844,315.75,315.8500061035156,8536
2026-04-30 06:21:00+00:00,315.8500061035156,315.8500061035156,315.8999938964844,315.70001220703125,315.79998779296875,6520
2026-04-30 06:22:00+00:00,315.6499938964844,315.6499938964844,315.8500061035156,315.6499938964844,315.75,12812
2026-04-30 06:23:00+00:00,315.6000061035156,315.6000061035156,315.6499938964844,315.5,315.54998779296875,7303
2026-04-30 06:24:00+00:00,315.5,315.5,315.54998779296875,315.5,315.54998779296875,6177
2026-04-30 06:25:00+00:00,315.75,315.75,315.75,315.5,315.54998779296875,6016
2026-04-30 06:26:00+00:00,315.70001220703125,315.70001220703125,315.79998779296875,315.6499938964844,315.75,10372
2026-04-30 06:27:00+00:00,315.54998779296875,315.54998779296875,315.70001220703125,315.54998779296875,315.6499938964844,15506
2026-04-30 06:28:00+00:00,315.70001220703125,315.70001220703125,315.79998779296875,315.54998779296875,315.54998779296875,5627
2026-04-30 06:29:00+00:00,315.70001220703125,315.70001220703125,315.79998779296875,315.70001220703125,315.70001220703125,5052
2026-04-30 06:30:00+00:00,315.70001220703125,315.70001220703125,315.79998779296875,315.6000061035156,315.70001220703125,8755
2026-04-30 06:31:00+00:00,315.70001220703125,315.70001220703125,315.79998779296875,315.54998779296875,315.6000061035156,10331
2026-04-30 06:32:00+00:00,315.70001220703125,315.70001220703125,315.79998779296875,315.70001220703125,315.70001220703125,10558
2026-04-30 06:33:00+00:00,315.70001220703125,315.70001220703125,315.79998779296875,315.70001220703125,315.79998779296875,19836
2026-04-30 06:34:00+00:00,315.6499938964844,315.6499938964844,315.75,315.6499938964844,315.6499938964844,4927
2026-04-30 06:35:00+00:00,315.6000061035156,315.6000061035156,315.70001220703125,315.5,315.70001220703125,8823
2026-04-30 06:36:00+00:00,316.20001220703125,316.20001220703125,316.20001220703125,315.6000061035156,315.6000061035156,100203
2026-04-30 06:37:00+00:00,315.95001220703125,315.95001220703125,316.20001220703125,315.79998779296875,316.20001220703125,9936
2026-04-30 06:38:00+00:00,315.79998779296875,315.79998779296875,315.95001220703125,315.79998779296875,315.79998779296875,3180
2026-04-30 06:39:00+00:00,315.8500061035156,315.8500061035156,315.8999938964844,315.79998779296875,315.8999938964844,9034
2026-04-30 06:40:00+00:00,315.8500061035156,315.8500061035156,315.8999938964844,315.75,315.8999938964844,7510
2026-04-30 06:41:00+00:00,315.8500061035156,315.8500061035156,315.95001220703125,315.8500061035156,315.8999938964844,9319
2026-04-30 06:42:00+00:00,315.8999938964844,315.8999938964844,316.04998779296875,315.8500061035156,315.95001220703125,19770
2026-04-30 06:43:00+00:00,315.8500061035156,315.8500061035156,315.8999938964844,315.70001220703125,315.8500061035156,14213
2026-04-30 06:44:00+00:00,316.3999938964844,316.3999938964844,316.45001220703125,315.79998779296875,315.8500061035156,44533
2026-04-30 06:45:00+00:00,316.3999938964844,316.3999938964844,316.6499938964844,316.25,316.45001220703125,46875
2026-04-30 06:46:00+00:00,316.25,316.25,316.3999938964844,316.1000061035156,316.3999938964844,19185
2026-04-30 06:47:00+00:00,316.1499938964844,316.1499938964844,316.25,316.0,316.25,7281
2026-04-30 06:48:00+00:00,316.1499938964844,316.1499938964844,316.20001220703125,316.04998779296875,316.1499938964844,7557
2026-04-30 06:49:00+00:00,316.04998779296875,316.04998779296875,316.20001220703125,316.04998779296875,316.04998779296875,2084
2026-04-30 06:50:00+00:00,315.8500061035156,315.8500061035156,315.8999938964844,315.79998779296875,315.8500061035156,11194
2026-04-30 06:51:00+00:00,316.04998779296875,316.04998779296875,316.1499938964844,315.75,315.8999938964844,8700
2026-04-30 06:52:00+00:00,316.04998779296875,316.04998779296875,316.04998779296875,315.95001220703125,315.95001220703125,33322
2026-04-30 06:53:00+00:00,316.20001220703125,316.20001220703125,316.29998779296875,316.0,316.04998779296875,13990
2026-04-30 06:54:00+00:00,316.1000061035156,316.1000061035156,316.20001220703125,316.0,316.1000061035156,10773
2026-04-30 06:55:00+00:00,316.04998779296875,316.04998779296875,316.1000061035156,315.95001220703125,316.0,8991
2026-04-30 06:56:00+00:00,316.0,316.0,316.25,315.95001220703125,316.1000061035156,23892
2026-04-30 06:57:00+00:00,316.25,316.25,316.29998779296875,316.04998779296875,316.04998779296875,15842
2026-04-30 06:58:00+00:00,316.45001220703125,316.45001220703125,316.45001220703125,316.25,316.29998779296875,6307
2026-04-30 06:59:00+00:00,316.70001220703125,316.70001220703125,316.70001220703125,316.5,316.5,30415
2026-04-30 07:00:00+00:00,316.54998779296875,316.54998779296875,316.70001220703125,316.3999938964844,316.70001220703125,15741
2026-04-30 07:01:00+00:00,316.3999938964844,316.3999938964844,316.54998779296875,316.29998779296875,316.54998779296875,12478
2026-04-30 07:02:00+00:00,316.1499938964844,316.1499938964844,316.45001220703125,316.1499938964844,316.45001220703125,12806
2026-04-30 07:03:00+00:00,316.29998779296875,316.29998779296875,316.3500061035156,316.20001220703125,316.3500061035156,7757
2026-04-30 07:04:00+00:00,316.29998779296875,316.29998779296875,316.29998779296875,316.20001220703125,316.29998779296875,6012
2026-04-30 07:05:00+00:00,316.04998779296875,316.04998779296875,316.29998779296875,315.95001220703125,316.29998779296875,35078
2026-04-30 07:06:00+00:00,316.0,316.0,316.1000061035156,316.0,316.04998779296875,5909
2026-04-30 07:07:00+00:00,315.8999938964844,315.8999938964844,316.1000061035156,315.75,316.1000061035156,8539
2026-04-30 07:08:00+00:00,315.8999938964844,315.8999938964844,316.1000061035156,315.8500061035156,315.8500061035156,9590
2026-04-30 07:09:00+00:00,316.04998779296875,316.04998779296875,316.04998779296875,315.8999938964844,315.95001220703125,9632
2026-04-30 07:10:00+00:00,315.79998779296875,315.79998779296875,316.04998779296875,315.79998779296875,316.04998779296875,10660
2026-04-30 07:11:00+00:00,315.8999938964844,315.8999938964844,316.1000061035156,315.8999938964844,316.0,6878
2026-04-30 07:12:00+00:00,315.8500061035156,315.8500061035156,316.0,315.8500061035156,316.0,14583
2026-04-30 07:13:00+00:00,316.1499938964844,316.1499938964844,316.20001220703125,315.75,315.95001220703125,32973
2026-04-30 07:14:00+00:00,316.1499938964844,316.1499938964844,316.20001220703125,316.0,316.1499938964844,4529
2026-04-30 07:15:00+00:00,316.1499938964844,316.1499938964844,316.20001220703125,316.1000061035156,316.20001220703125,7735
2026-04-30 07:16:00+00:00,316.1000061035156,316.1000061035156,316.20001220703125,316.04998779296875,316.04998779296875,7604
2026-04-30 07:17:00+00:00,316.0,316.0,316.25,316.0,316.25,14387
2026-04-30 07:18:00+00:00,315.95001220703125,315.95001220703125,316.04998779296875,315.95001220703125,316.0,4699
2026-04-30 07:19:00+00:00,316.20001220703125,316.20001220703125,316.20001220703125,316.0,316.0,18372
2026-04-30 07:20:00+00:00,316.20001220703125,316.20001220703125,316.20001220703125,316.04998779296875,316.20001220703125,3842
2026-04-30 07:21:00+00:00,316.04998779296875,316.04998779296875,316.20001220703125,316.04998779296875,316.1000061035156,4188
2026-04-30 07:22:00+00:00,316.1499938964844,316.1499938964844,316.1499938964844,316.0,316.04998779296875,4521
2026-04-30 07:23:00+00:00,316.0,316.0,316.1499938964844,316.0,316.04998779296875,7485
2026-04-30 07:24:00+00:00,316.20001220703125,316.20001220703125,316.20001220703125,316.1499938964844,316.1499938964844,7345
2026-04-30 07:25:00+00:00,316.04998779296875,316.04998779296875,316.20001220703125,316.04998779296875,316.1499938964844,5564
2026-04-30 07:26:00+00:00,316.1499938964844,316.1499938964844,316.20001220703125,316.04998779296875,316.1000061035156,7914
2026-04-30 07:27:00+00:00,316.3500061035156,316.3500061035156,316.3500061035156,316.1499938964844,316.20001220703125,10413
2026-04-30 07:28:00+00:00,316.3500061035156,316.3500061035156,316.3500061035156,316.20001220703125,316.3500061035156,3337
2026-04-30 07:29:00+00:00,316.29998779296875,316.29998779296875,316.3999938964844,316.25,316.3500061035156,7709
2026-04-30 07:30:00+00:00,316.25,316.25,316.29998779296875,316.1499938964844,316.29998779296875,8591
2026-04-30 07:31:00+00:00,316.20001220703125,316.20001220703125,316.29998779296875,316.1000061035156,316.25,21984
2026-04-30 07:32:00+00:00,316.0,316.0,316.1499938964844,315.8999938964844,316.1499938964844,14268
2026-04-30 07:33:00+00:00,316.1499938964844,316.1499938964844,316.1499938964844,315.8999938964844,315.95001220703125,7077
2026-04-30 07:34:00+00:00,315.75,315.75,316.1499938964844,315.75,316.1499938964844,20904
2026-04-30 07:35:00+00:00,315.75,315.75,315.95001220703125,315.6000061035156,315.8500061035156,127541
2026-04-30 07:36:00+00:00,315.79998779296875,315.79998779296875,316.04998779296875,315.5,315.6000061035156,189717
2026-04-30 07:37:00+00:00,315.95001220703125,315.95001220703125,316.0,315.75,315.79998779296875,6705
2026-04-30 07:38:00+00:00,316.0,316.0,316.1000061035156,315.8999938964844,316.0,17340
2026-04-30 07:39:00+00:00,315.8999938964844,315.8999938964844,316.0,315.8500061035156,315.8999938964844,3990
2026-04-30 07:40:00+00:00,315.8500061035156,315.8500061035156,316.0,315.79998779296875,316.0,3252
2026-04-30 07:41:00+00:00,315.8999938964844,315.8999938964844,316.0,315.79998779296875,315.79998779296875,2825
2026-04-30 07:42:00+00:00,315.8999938964844,315.8999938964844,315.8999938964844,315.79998779296875,315.8999938964844,2183
2026-04-30 07:43:00+00:00,315.8500061035156,315.8500061035156,315.95001220703125,315.8500061035156,315.8999938964844,7170
2026-04-30 07:44:00+00:00,315.8999938964844,315.8999938964844,315.95001220703125,315.8500061035156,315.8999938964844,13719
2026-04-30 07:45:00+00:00,315.79998779296875,315.79998779296875,315.95001220703125,315.79998779296875,315.8999938964844,13069
2026-04-30 07:46:00+00:00,315.75,315.75,315.8999938964844,315.75,315.8999938964844,8016
2026-04-30 07:47:00+00:00,315.70001220703125,315.70001220703125,315.8500061035156,315.70001220703125,315.75,5696
2026-04-30 07:48:00+00:00,315.75,315.75,315.75,315.6499938964844,315.6499938964844,7283
2026-04-30 07:49:00+00:00,315.20001220703125,315.20001220703125,315.75,315.20001220703125,315.75,58182
2026-04-30 07:50:00+00:00,315.20001220703125,315.20001220703125,315.3999938964844,315.20001220703125,315.20001220703125,26187
2026-04-30 07:51:00+00:00,315.04998779296875,315.04998779296875,315.29998779296875,315.0,315.25,28022
2026-04-30 07:52:00+00:00,315.1499938964844,315.1499938964844,315.29998779296875,315.0,315.1499938964844,92919
2026-04-30 07:53:00+00:00,315.29998779296875,315.29998779296875,315.29998779296875,315.0,315.1499938964844,22801
2026-04-30 07:54:00+00:00,315.20001220703125,315.20001220703125,315.5,315.20001220703125,315.29998779296875,10843
2026-04-30 07:55:00+00:00,315.25,315.25,315.25,315.04998779296875,315.1499938964844,7450
2026-04-30 07:56:00+00:00,315.29998779296875,315.29998779296875,315.3999938964844,315.1499938964844,315.3500061035156,16616
2026-04-30 07:57:00+00:00,315.29998779296875,315.29998779296875,315.5,315.20001220703125,315.29998779296875,18507
2026-04-30 07:58:00+00:00,315.25,315.25,315.45001220703125,315.25,315.25,13816
2026-04-30 07:59:00+00:00,315.29998779296875,315.29998779296875,315.3999938964844,315.1499938964844,315.25,13527
2026-04-30 08:00:00+00:00,315.5,315.5,315.5,315.29998779296875,315.29998779296875,12813
2026-04-30 08:01:00+00:00,315.29998779296875,315.29998779296875,315.5,315.20001220703125,315.5,10016
2026-04-30 08:02:00+00:00,315.20001220703125,315.20001220703125,315.29998779296875,315.20001220703125,315.29998779296875,8942
2026-04-30 08:03:00+00:00,315.45001220703125,315.45001220703125,315.45001220703125,315.1499938964844,315.1499938964844,13379
2026-04-30 08:04:00+00:00,315.29998779296875,315.29998779296875,315.6000061035156,315.29998779296875,315.45001220703125,9710
2026-04-30 08:05:00+00:00,315.45001220703125,315.45001220703125,315.5,315.25,315.3999938964844,19395
2026-04-30 08:06:00+00:00,315.5,315.5,315.5,315.3999938964844,315.45001220703125,66595
2026-04-30 08:07:00+00:00,315.29998779296875,315.29998779296875,315.54998779296875,315.25,315.45001220703125,19500
2026-04-30 08:08:00+00:00,315.45001220703125,315.45001220703125,315.45001220703125,315.20001220703125,315.29998779296875,14048
2026-04-30 08:09:00+00:00,315.29998779296875,315.29998779296875,315.3999938964844,315.1000061035156,315.3999938964844,20876
2026-04-30 08:10:00+00:00,315.1499938964844,315.1499938964844,315.29998779296875,315.1499938964844,315.1499938964844,7960
2026-04-30 08:11:00+00:00,315.45001220703125,315.45001220703125,315.45001220703125,315.1499938964844,315.1499938964844,17361
2026-04-30 08:12:00+00:00,315.29998779296875,315.29998779296875,315.3999938964844,315.25,315.3500061035156,16859
2026-04-30 08:13:00+00:00,315.45001220703125,315.45001220703125,315.45001220703125,315.1499938964844,315.1499938964844,30554
2026-04-30 08:14:00+00:00,315.6000061035156,315.6000061035156,315.6000061035156,315.25,315.3999938964844,41031
2026-04-30 08:15:00+00:00,315.5,315.5,315.70001220703125,315.3999938964844,315.3999938964844,31584
2026-04-30 08:16:00+00:00,315.25,315.25,315.45001220703125,315.25,315.3500061035156,32597
2026-04-30 08:17:00+00:00,315.25,315.25,315.3999938964844,315.1499938964844,315.25,15533
2026-04-30 08:18:00+00:00,315.25,315.25,315.3500061035156,315.1499938964844,315.3500061035156,13778
2026-04-30 08:19:00+00:00,315.3500061035156,315.3500061035156,315.3999938964844,315.20001220703125,315.3500061035156,11950
2026-04-30 08:20:00+00:00,315.20001220703125,315.20001220703125,315.3500061035156,315.20001220703125,315.3500061035156,32880
2026-04-30 08:21:00+00:00,315.3999938964844,315.3999938964844,315.3999938964844,315.25,315.3500061035156,31945
2026-04-30 08:22:00+00:00,315.20001220703125,315.20001220703125,315.45001220703125,315.20001220703125,315.3999938964844,10333
2026-04-30 08:23:00+00:00,315.20001220703125,315.20001220703125,315.45001220703125,315.20001220703125,315.3500061035156,8498
2026-04-30 08:24:00+00:00,315.25,315.25,315.3500061035156,315.1000061035156,315.25,15258
2026-04-30 08:25:00+00:00,315.25,315.25,315.3500061035156,315.20001220703125,315.25,4903
2026-04-30 08:26:00+00:00,315.3500061035156,315.3500061035156,315.3999938964844,315.29998779296875,315.29998779296875,7105
2026-04-30 08:27:00+00:00,315.20001220703125,315.20001220703125,315.3999938964844,315.1499938964844,315.3500061035156,6534
2026-04-30 08:28:00+00:00,315.5,315.5,315.5,315.20001220703125,315.29998779296875,8066
2026-04-30 08:29:00+00:00,315.3999938964844,315.3999938964844,315.5,315.29998779296875,315.5,7098
2026-04-30 08:30:00+00:00,315.3500061035156,315.3500061035156,315.45001220703125,315.29998779296875,315.3999938964844,6868
2026-04-30 08:31:00+00:00,315.25,315.25,315.3999938964844,315.25,315.25,11518
2026-04-30 08:32:00+00:00,315.1000061035156,315.1000061035156,315.3999938964844,315.1000061035156,315.3999938964844,19914
2026-04-30 08:33:00+00:00,315.25,315.25,315.25,315.1499938964844,315.25,10851
2026-04-30 08:34:00+00:00,315.1499938964844,315.1499938964844,315.3500061035156,315.1000061035156,315.25,89373
2026-04-30 08:35:00+00:00,315.1499938964844,315.1499938964844,315.20001220703125,315.04998779296875,315.20001220703125,15839
2026-04-30 08:36:00+00:00,315.20001220703125,315.20001220703125,315.20001220703125,315.0,315.1499938964844,19507
2026-04-30 08:37:00+00:00,315.1499938964844,315.1499938964844,315.20001220703125,315.04998779296875,315.20001220703125,12024
2026-04-30 08:38:00+00:00,315.04998779296875,315.04998779296875,315.1499938964844,315.04998779296875,315.1000061035156,36201
2026-04-30 08:39:00+00:00,315.3500061035156,315.3500061035156,315.3500061035156,315.1499938964844,315.1499938964844,39725
2026-04-30 08:40:00+00:00,315.25,315.25,315.3999938964844,315.04998779296875,315.3999938964844,129662
2026-04-30 08:41:00+00:00,315.20001220703125,315.20001220703125,315.25,315.1499938964844,315.25,14298
2026-04-30 08:42:00+00:00,315.1499938964844,315.1499938964844,315.29998779296875,315.1499938964844,315.20001220703125,14645
2026-04-30 08:43:00+00:00,315.04998779296875,315.04998779296875,315.20001220703125,315.04998779296875,315.1000061035156,15614
2026-04-30 08:44:00+00:00,315.1000061035156,315.1000061035156,315.1499938964844,315.0,315.04998779296875,15214
2026-04-30 08:45:00+00:00,315.1499938964844,315.1499938964844,315.1499938964844,315.0,315.1000061035156,17342
2026-04-30 08:46:00+00:00,315.1000061035156,315.1000061035156,315.20001220703125,315.04998779296875,315.1499938964844,19171
2026-04-30 08:47:00+00:00,315.0,315.0,315.1499938964844,315.0,315.1000061035156,80348
2026-04-30 08:48:00+00:00,315.04998779296875,315.04998779296875,315.04998779296875,314.8500061035156,314.95001220703125,47492
2026-04-30 08:49:00+00:00,315.0,315.0,315.1000061035156,315.0,315.04998779296875,27881
2026-04-30 08:50:00+00:00,315.0,315.0,315.04998779296875,315.0,315.04998779296875,34352
2026-04-30 08:51:00+00:00,315.0,315.0,315.04998779296875,315.0,315.04998779296875,46884
2026-04-30 08:52:00+00:00,315.04998779296875,315.04998779296875,315.04998779296875,315.0,315.0,8666
2026-04-30 08:53:00+00:00,315.0,315.0,315.1000061035156,315.0,315.04998779296875,8172
2026-04-30 08:54:00+00:00,315.1000061035156,315.1000061035156,315.1499938964844,315.04998779296875,315.1499938964844,9551
2026-04-30 08:55:00+00:00,315.1000061035156,315.1000061035156,315.25,315.1000061035156,315.20001220703125,20162
2026-04-30 08:56:00+00:00,315.1000061035156,315.1000061035156,315.1000061035156,315.0,315.0,16128
2026-04-30 08:57:00+00:00,315.0,315.0,315.1000061035156,314.95001220703125,315.1000061035156,83893
2026-04-30 08:58:00+00:00,315.0,315.0,315.0,314.8500061035156,315.0,97363
2026-04-30 08:59:00+00:00,315.20001220703125,315.20001220703125,315.25,314.95001220703125,314.95001220703125,55810
2026-04-30 09:00:00+00:00,315.20001220703125,315.20001220703125,315.20001220703125,315.1000061035156,315.20001220703125,3394
2026-04-30 09:01:00+00:00,315.29998779296875,315.29998779296875,315.29998779296875,315.1499938964844,315.20001220703125,7533
2026-04-30 09:02:00+00:00,315.1499938964844,315.1499938964844,315.3999938964844,315.1499938964844,315.3500061035156,22511
2026-04-30 09:03:00+00:00,315.25,315.25,315.3500061035156,315.1499938964844,315.1499938964844,15830
2026-04-30 09:04:00+00:00,315.20001220703125,315.20001220703125,315.3999938964844,315.20001220703125,315.25,26133
2026-04-30 09:05:00+00:00,315.20001220703125,315.20001220703125,315.3500061035156,315.20001220703125,315.29998779296875,9259
2026-04-30 09:06:00+00:00,315.45001220703125,315.45001220703125,315.45001220703125,315.20001220703125,315.29998779296875,25837
2026-04-30 09:07:00+00:00,315.5,315.5,315.5,315.3999938964844,315.3999938964844,33459
2026-04-30 09:08:00+00:00,315.45001220703125,315.45001220703125,315.5,315.29998779296875,315.5,18813
2026-04-30 09:09:00+00:00,315.70001220703125,315.70001220703125,315.70001220703125,315.45001220703125,315.54998779296875,23392
2026-04-30 09:10:00+00:00,315.6499938964844,315.6499938964844,315.70001220703125,315.6000061035156,315.70001220703125,39690
2026-04-30 09:11:00+00:00,315.54998779296875,315.54998779296875,315.70001220703125,315.45001220703125,315.70001220703125,16192
2026-04-30 09:12:00+00:00,315.75,315.75,315.8999938964844,315.6000061035156,315.6000061035156,51434
2026-04-30 09:13:00+00:00,315.70001220703125,315.70001220703125,315.8999938964844,315.70001220703125,315.79998779296875,111067
2026-04-30 09:14:00+00:00,315.5,315.5,315.79998779296875,315.5,315.79998779296875,10864
2026-04-30 09:15:00+00:00,315.5,315.5,315.6499938964844,315.5,315.6000061035156,19465
2026-04-30 09:16:00+00:00,315.6000061035156,315.6000061035156,315.6499938964844,315.45001220703125,315.6499938964844,12600
2026-04-30 09:17:00+00:00,315.45001220703125,315.45001220703125,315.6000061035156,315.45001220703125,315.54998779296875,17137
2026-04-30 09:18:00+00:00,315.45001220703125,315.45001220703125,315.45001220703125,315.25,315.3500061035156,14288
2026-04-30 09:19:00+00:00,315.3500061035156,315.3500061035156,315.5,315.29998779296875,315.5,15418
2026-04-30 09:20:00+00:00,315.1000061035156,315.1000061035156,315.25,315.04998779296875,315.25,146155
2026-04-30 09:21:00+00:00,315.1499938964844,315.1499938964844,315.20001220703125,315.0,315.04998779296875,82266
2026-04-30 09:22:00+00:00,315.1000061035156,315.1000061035156,315.25,315.0,315.20001220703125,15460
2026-04-30 09:23:00+00:00,315.20001220703125,315.20001220703125,315.25,315.0,315.20001220703125,14496
2026-04-30 09:24:00+00:00,315.0,315.0,315.25,315.0,315.20001220703125,19245
2026-04-30 09:25:00+00:00,315.20001220703125,315.20001220703125,315.20001220703125,315.04998779296875,315.04998779296875,20484
2026-04-30 09:26:00+00:00,315.0,315.0,315.25,315.0,315.20001220703125,13764
2026-04-30 09:27:00+00:00,315.0,315.0,315.1000061035156,314.95001220703125,315.1000061035156,146995
2026-04-30 09:28:00+00:00,314.8999938964844,314.8999938964844,315.0,314.8999938964844,315.0,96527
2026-04-30 09:29:00+00:00,315.1000061035156,315.1000061035156,315.1000061035156,315.0,315.0,41251
2026-04-30 09:30:00+00:00,315.20001220703125,315.20001220703125,315.20001220703125,315.0,315.1000061035156,62823
2026-04-30 09:31:00+00:00,315.1000061035156,315.1000061035156,315.20001220703125,315.04998779296875,315.20001220703125,35608
2026-04-30 09:32:00+00:00,315.20001220703125,315.20001220703125,315.25,315.1499938964844,315.1499938964844,25509
2026-04-30 09:33:00+00:00,315.04998779296875,315.04998779296875,315.20001220703125,315.04998779296875,315.20001220703125,48039
2026-04-30 09:34:00+00:00,315.0,315.0,315.1499938964844,314.8999938964844,315.1000061035156,64089
2026-04-30 09:35:00+00:00,314.95001220703125,314.95001220703125,315.1499938964844,314.8999938964844,315.04998779296875,34999
2026-04-30 09:36:00+00:00,314.95001220703125,314.95001220703125,315.1000061035156,314.8500061035156,315.0,38122
2026-04-30 09:37:00+00:00,314.45001220703125,314.45001220703125,315.0,314.3999938964844,315.0,139174
2026-04-30 09:38:00+00:00,314.5,314.5,314.6499938964844,314.25,314.3500061035156,55131
2026-04-30 09:39:00+00:00,314.54998779296875,314.54998779296875,314.6499938964844,314.45001220703125,314.5,35640
2026-04-30 09:40:00+00:00,314.75,314.75,314.75,314.45001220703125,314.54998779296875,40643
2026-04-30 09:41:00+00:00,314.79998779296875,314.79998779296875,314.8999938964844,314.70001220703125,314.70001220703125,60073
2026-04-30 09:42:00+00:00,314.8500061035156,314.8500061035156,314.8999938964844,314.75,314.79998779296875,34799
2026-04-30 09:43:00+00:00,314.79998779296875,314.79998779296875,315.04998779296875,314.79998779296875,314.8500061035156,45298
2026-04-30 09:44:00+00:00,314.54998779296875,314.54998779296875,314.8500061035156,314.3999938964844,314.8500061035156,56221
2026-04-30 09:45:00+00:00,314.79998779296875,314.79998779296875,314.79998779296875,314.45001220703125,314.6499938964844,34937
2026-04-30 09:46:00+00:00,314.8999938964844,314.8999938964844,314.8999938964844,314.6499938964844,314.75,42296
2026-04-30 09:47:00+00:00,315.0,315.0,315.0,314.8999938964844,314.95001220703125,47005
2026-04-30 09:48:00+00:00,315.0,315.0,315.1000061035156,314.8500061035156,315.0,54662
2026-04-30 09:49:00+00:00,315.1000061035156,315.1000061035156,315.1000061035156,314.8999938964844,315.0,34210
2026-04-30 09:50:00+00:00,315.3500061035156,315.3500061035156,315.3500061035156,315.1000061035156,315.1000061035156,42650
2026-04-30 09:51:00+00:00,315.0,315.0,315.20001220703125,315.0,315.20001220703125,72338
2026-04-30 09:52:00+00:00,314.8500061035156,314.8500061035156,315.0,314.75,315.0,32719
2026-04-30 09:53:00+00:00,314.95001220703125,314.95001220703125,315.0,314.8999938964844,315.0,39984
2026-04-30 09:54:00+00:00,314.95001220703125,314.95001220703125,315.0,314.95001220703125,314.95001220703125,55808
2026-04-30 09:55:00+00:00,315.0,315.0,315.0,314.70001220703125,315.0,82322
2026-04-30 09:56:00+00:00,314.95001220703125,314.95001220703125,314.95001220703125,314.8999938964844,314.95001220703125,28021
2026-04-30 09:57:00+00:00,315.0,315.0,315.0,314.8999938964844,314.8999938964844,80116
2026-04-30 09:58:00+00:00,314.8999938964844,314.8999938964844,315.0,314.8999938964844,315.0,44071
2026-04-30 09:59:00+00:00,315.20001220703125,315.20001220703125,315.20001220703125,315.0,315.0,66065
