Price,Adj Close,Close,High,Low,Open,Volume
Ticker,LUPIN.NS,LUPIN.NS,LUPIN.NS,LUPIN.NS,LUPIN.NS,LUPIN.NS
Datetime,,,,,,
2026-04-23 03:45:00+00:00,2309.39990234375,2309.39990234375,2310.300048828125,2298.699951171875,2307.800048828125,0
2026-04-23 03:46:00+00:00,2313.0,2313.0,2316.800048828125,2311.199951171875,2311.199951171875,11261
2026-04-23 03:47:00+00:00,2314.10009765625,2314.10009765625,2316.699951171875,2313.300048828125,2313.300048828125,1389
2026-04-23 03:48:00+00:00,2323.0,2323.0,2323.300048828125,2310.199951171875,2313.0,5391
2026-04-23 03:49:00+00:00,2325.0,2325.0,2325.0,2322.89990234375,2324.0,3465
2026-04-23 03:50:00+00:00,2322.0,2322.0,2323.800048828125,2320.0,2323.300048828125,1202
2026-04-23 03:51:00+00:00,2317.199951171875,2317.199951171875,2320.300048828125,2314.5,2320.300048828125,992
2026-04-23 03:52:00+00:00,2318.5,2318.5,2320.10009765625,2316.5,2316.5,1919
2026-04-23 03:53:00+00:00,2318.60009765625,2318.60009765625,2320.800048828125,2318.60009765625,2320.800048828125,1887
2026-04-23 03:54:00+00:00,2322.800048828125,2322.800048828125,2322.800048828125,2318.60009765625,2318.699951171875,3823
2026-04-23 03:55:00+00:00,2322.0,2322.0,2323.699951171875,2322.0,2322.10009765625,2030
2026-04-23 03:56:00+00:00,2324.89990234375,2324.89990234375,2324.89990234375,2322.0,2322.0,2177
2026-04-23 03:57:00+00:00,2323.0,2323.0,2326.39990234375,2323.0,2326.39990234375,1197
2026-04-23 03:58:00+00:00,2323.60009765625,2323.60009765625,2323.699951171875,2322.60009765625,2322.89990234375,529
2026-04-23 03:59:00+00:00,2326.60009765625,2326.60009765625,2326.60009765625,2323.39990234375,2323.39990234375,1868
2026-04-23 04:00:00+00:00,2330.199951171875,2330.199951171875,2330.5,2327.5,2327.699951171875,6218
2026-04-23 04:01:00+00:00,2333.0,2333.0,2333.0,2330.199951171875,2331.0,2833
2026-04-23 04:02:00+00:00,2330.39990234375,2330.39990234375,2333.0,2330.199951171875,2333.0,996
2026-04-23 04:03:00+00:00,2331.89990234375,2331.89990234375,2331.89990234375,2330.300048828125,2331.300048828125,1312
2026-04-23 04:04:00+00:00,2333.699951171875,2333.699951171875,2333.699951171875,2331.0,2331.89990234375,3814
2026-04-23 04:05:00+00:00,2336.5,2336.5,2336.5,2334.0,2334.0,6513
2026-04-23 04:06:00+00:00,2334.0,2334.0,2337.5,2333.800048828125,2336.0,2588
2026-04-23 04:07:00+00:00,2338.0,2338.0,2339.199951171875,2334.0,2334.300048828125,3898
2026-04-23 04:08:00+00:00,2339.800048828125,2339.800048828125,2339.800048828125,2338.5,2338.800048828125,6550
2026-04-23 04:09:00+00:00,2340.89990234375,2340.89990234375,2341.0,2339.10009765625,2340.300048828125,7177
2026-04-23 04:10:00+00:00,2344.0,2344.0,2344.0,2341.0,2342.0,3219
2026-04-23 04:11:00+00:00,2344.300048828125,2344.300048828125,2346.5,2344.199951171875,2344.800048828125,7554
2026-04-23 04:12:00+00:00,2350.10009765625,2350.10009765625,2352.10009765625,2345.60009765625,2345.60009765625,13085
2026-04-23 04:13:00+00:00,2352.5,2352.5,2353.89990234375,2348.89990234375,2351.39990234375,6794
2026-04-23 04:14:00+00:00,2353.60009765625,2353.60009765625,2357.800048828125,2352.60009765625,2352.60009765625,12638
2026-04-23 04:15:00+00:00,2352.10009765625,2352.10009765625,2357.0,2351.800048828125,2354.10009765625,5942
2026-04-23 04:16:00+00:00,2356.0,2356.0,2356.0,2352.5,2353.0,3735
2026-04-23 04:17:00+00:00,2356.60009765625,2356.60009765625,2357.39990234375,2356.0,2356.0,5228
2026-04-23 04:18:00+00:00,2359.60009765625,2359.60009765625,2360.300048828125,2357.0,2357.0,13202
2026-04-23 04:19:00+00:00,2356.699951171875,2356.699951171875,2360.300048828125,2356.699951171875,2360.300048828125,6045
2026-04-23 04:20:00+00:00,2360.699951171875,2360.699951171875,2362.89990234375,2356.699951171875,2358.0,14746
2026-04-23 04:21:00+00:00,2358.699951171875,2358.699951171875,2362.60009765625,2357.89990234375,2360.0,7223
2026-04-23 04:22:00+00:00,2362.10009765625,2362.10009765625,2362.89990234375,2358.10009765625,2359.0,6010
2026-04-23 04:23:00+00:00,2362.10009765625,2362.10009765625,2365.0,2362.0,2362.0,11147
2026-04-23 04:24:00+00:00,2360.0,2360.0,2363.5,2358.10009765625,2363.0,4307
2026-04-23 04:25:00+00:00,2354.199951171875,2354.199951171875,2360.0,2353.10009765625,2358.39990234375,6085
2026-04-23 04:26:00+00:00,2352.699951171875,2352.699951171875,2353.699951171875,2351.5,2353.199951171875,2910
2026-04-23 04:27:00+00:00,2355.89990234375,2355.89990234375,2355.89990234375,2351.60009765625,2352.5,1867
2026-04-23 04:28:00+00:00,2359.5,2359.5,2359.699951171875,2354.60009765625,2354.60009765625,4449
2026-04-23 04:29:00+00:00,2356.10009765625,2356.10009765625,2359.5,2354.300048828125,2358.89990234375,7302
2026-04-23 04:30:00+00:00,2355.0,2355.0,2356.5,2354.0,2356.5,2804
2026-04-23 04:31:00+00:00,2354.0,2354.0,2355.89990234375,2353.10009765625,2355.39990234375,1227
2026-04-23 04:32:00+00:00,2359.0,2359.0,2359.300048828125,2354.800048828125,2354.800048828125,3971
2026-04-23 04:33:00+00:00,2361.300048828125,2361.300048828125,2361.5,2359.39990234375,2359.39990234375,3857
2026-04-23 04:34:00+00:00,2365.39990234375,2365.39990234375,2365.39990234375,2362.89990234375,2363.300048828125,4058
2026-04-23 04:35:00+00:00,2368.39990234375,2368.39990234375,2369.89990234375,2365.10009765625,2366.0,12603
2026-04-23 04:36:00+00:00,2366.300048828125,2366.300048828125,2368.89990234375,2366.300048828125,2367.0,8760
2026-04-23 04:37:00+00:00,2367.0,2367.0,2368.39990234375,2366.0,2367.699951171875,4737
2026-04-23 04:38:00+00:00,2368.300048828125,2368.300048828125,2369.0,2365.0,2366.0,5191
2026-04-23 04:39:00+00:00,2371.699951171875,2371.699951171875,2371.699951171875,2367.300048828125,2368.300048828125,13786
2026-04-23 04:40:00+00:00,2374.89990234375,2374.89990234375,2376.199951171875,2372.10009765625,2372.10009765625,16814
2026-04-23 04:41:00+00:00,2376.800048828125,2376.800048828125,2377.39990234375,2374.800048828125,2374.800048828125,9557
2026-04-23 04:42:00+00:00,2375.89990234375,2375.89990234375,2376.89990234375,2373.5,2376.89990234375,4688
2026-04-23 04:43:00+00:00,2374.39990234375,2374.39990234375,2376.0,2373.300048828125,2375.800048828125,6870
2026-04-23 04:44:00+00:00,2378.5,2378.5,2379.39990234375,2374.39990234375,2375.199951171875,8790
2026-04-23 04:45:00+00:00,2378.39990234375,2378.39990234375,2381.0,2377.300048828125,2378.5,11043
2026-04-23 04:46:00+00:00,2377.0,2377.0,2379.800048828125,2376.300048828125,2377.60009765625,10526
2026-04-23 04:47:00+00:00,2377.60009765625,2377.60009765625,2377.60009765625,2375.10009765625,2376.89990234375,7302
2026-04-23 04:48:00+00:00,2374.60009765625,2374.60009765625,2377.800048828125,2373.10009765625,2377.0,10049
2026-04-23 04:49:00+00:00,2373.60009765625,2373.60009765625,2377.10009765625,2373.0,2373.199951171875,6362
2026-04-23 04:50:00+00:00,2371.800048828125,2371.800048828125,2375.0,2371.800048828125,2372.89990234375,8473
2026-04-23 04:51:00+00:00,2373.300048828125,2373.300048828125,2376.0,2372.199951171875,2372.5,18550
2026-04-23 04:52:00+00:00,2364.0,2364.0,2374.699951171875,2363.10009765625,2373.39990234375,15508
2026-04-23 04:53:00+00:00,2368.10009765625,2368.10009765625,2368.699951171875,2364.60009765625,2364.60009765625,2968
2026-04-23 04:54:00+00:00,2370.0,2370.0,2370.800048828125,2367.800048828125,2368.699951171875,4650
2026-04-23 04:55:00+00:00,2368.5,2368.5,2370.0,2366.0,2370.0,4985
2026-04-23 04:56:00+00:00,2369.10009765625,2369.10009765625,2370.0,2368.10009765625,2368.5,4454
2026-04-23 04:57:00+00:00,2366.0,2366.0,2369.89990234375,2364.300048828125,2369.89990234375,4696
2026-04-23 04:58:00+00:00,2367.0,2367.0,2367.39990234375,2364.39990234375,2364.39990234375,1305
2026-04-23 04:59:00+00:00,2359.800048828125,2359.800048828125,2365.699951171875,2358.39990234375,2365.60009765625,5647
2026-04-23 05:00:00+00:00,2358.89990234375,2358.89990234375,2359.89990234375,2357.800048828125,2359.800048828125,1543
2026-04-23 05:01:00+00:00,2358.800048828125,2358.800048828125,2361.199951171875,2358.699951171875,2358.699951171875,5975
2026-04-23 05:02:00+00:00,2357.800048828125,2357.800048828125,2360.300048828125,2357.10009765625,2359.0,3809
2026-04-23 05:03:00+00:00,2360.0,2360.0,2360.0,2357.699951171875,2357.699951171875,1936
2026-04-23 05:04:00+00:00,2359.39990234375,2359.39990234375,2360.89990234375,2358.300048828125,2359.5,2923
2026-04-23 05:05:00+00:00,2359.10009765625,2359.10009765625,2360.39990234375,2358.0,2359.300048828125,2232
2026-04-23 05:06:00+00:00,2358.10009765625,2358.10009765625,2360.0,2358.10009765625,2359.5,1649
2026-04-23 05:07:00+00:00,2357.300048828125,2357.300048828125,2359.0,2357.300048828125,2357.699951171875,2066
2026-04-23 05:08:00+00:00,2357.5,2357.5,2357.800048828125,2356.800048828125,2357.60009765625,2346
2026-04-23 05:09:00+00:00,2356.10009765625,2356.10009765625,2357.199951171875,2354.199951171875,2357.0,3065
2026-04-23 05:10:00+00:00,2358.39990234375,2358.39990234375,2358.39990234375,2356.60009765625,2356.60009765625,2389
2026-04-23 05:11:00+00:00,2357.0,2357.0,2358.300048828125,2356.300048828125,2357.60009765625,1344
2026-04-23 05:12:00+00:00,2356.800048828125,2356.800048828125,2357.800048828125,2356.199951171875,2356.60009765625,852
2026-04-23 05:13:00+00:00,2355.0,2355.0,2357.89990234375,2355.0,2356.699951171875,2697
2026-04-23 05:14:00+00:00,2358.0,2358.0,2358.0,2355.5,2355.5,694
2026-04-23 05:15:00+00:00,2356.0,2356.0,2358.0,2356.0,2357.699951171875,2019
2026-04-23 05:16:00+00:00,2359.10009765625,2359.10009765625,2361.199951171875,2356.39990234375,2356.39990234375,5596
2026-04-23 05:17:00+00:00,2360.5,2360.5,2360.699951171875,2357.39990234375,2358.5,1453
2026-04-23 05:18:00+00:00,2358.800048828125,2358.800048828125,2360.89990234375,2357.89990234375,2359.300048828125,1954
2026-04-23 05:19:00+00:00,2357.89990234375,2357.89990234375,2359.0,2356.699951171875,2359.0,1007
2026-04-23 05:20:00+00:00,2359.0,2359.0,2359.0,2357.5,2357.89990234375,411
2026-04-23 05:21:00+00:00,2359.0,2359.0,2359.0,2358.0,2358.199951171875,705
2026-04-23 05:22:00+00:00,2359.0,2359.0,2359.39990234375,2358.60009765625,2358.699951171875,5592
2026-04-23 05:23:00+00:00,2358.89990234375,2358.89990234375,2359.89990234375,2358.89990234375,2359.0,3165
2026-04-23 05:24:00+00:00,2361.10009765625,2361.10009765625,2362.0,2359.0,2359.0,1310
2026-04-23 05:25:00+00:00,2359.0,2359.0,2361.0,2358.300048828125,2361.0,1528
2026-04-23 05:26:00+00:00,2361.39990234375,2361.39990234375,2362.300048828125,2358.89990234375,2358.89990234375,899
2026-04-23 05:27:00+00:00,2361.800048828125,2361.800048828125,2363.0,2361.199951171875,2361.199951171875,1510
2026-04-23 05:28:00+00:00,2363.5,2363.5,2364.699951171875,2362.10009765625,2362.10009765625,1580
2026-04-23 05:29:00+00:00,2363.0,2363.0,2364.10009765625,2363.0,2363.89990234375,3693
2026-04-23 05:30:00+00:00,2362.800048828125,2362.800048828125,2362.800048828125,2361.300048828125,2362.199951171875,1331
2026-04-23 05:31:00+00:00,2362.199951171875,2362.199951171875,2363.5,2361.89990234375,2362.199951171875,1444
2026-04-23 05:32:00+00:00,2361.39990234375,2361.39990234375,2362.300048828125,2360.89990234375,2362.300048828125,1391
2026-04-23 05:33:00+00:00,2361.10009765625,2361.10009765625,2362.60009765625,2361.10009765625,2361.5,1667
2026-04-23 05:34:00+00:00,2360.800048828125,2360.800048828125,2361.60009765625,2360.800048828125,2361.10009765625,1321
2026-04-23 05:35:00+00:00,2360.60009765625,2360.60009765625,2362.0,2360.5,2361.199951171875,2397
2026-04-23 05:36:00+00:00,2359.0,2359.0,2360.60009765625,2358.800048828125,2360.60009765625,1677
2026-04-23 05:37:00+00:00,2358.0,2358.0,2359.60009765625,2357.89990234375,2359.10009765625,1213
2026-04-23 05:38:00+00:00,2359.60009765625,2359.60009765625,2360.0,2358.0,2358.0,3084
2026-04-23 05:39:00+00:00,2357.10009765625,2357.10009765625,2359.0,2357.10009765625,2359.0,1575
2026-04-23 05:40:00+00:00,2358.60009765625,2358.60009765625,2359.0,2357.800048828125,2357.800048828125,716
2026-04-23 05:41:00+00:00,2359.0,2359.0,2359.0,2358.0,2358.699951171875,1423
2026-04-23 05:42:00+00:00,2356.699951171875,2356.699951171875,2358.699951171875,2356.199951171875,2358.5,633
2026-04-23 05:43:00+00:00,2355.699951171875,2355.699951171875,2357.10009765625,2355.0,2356.199951171875,3803
2026-04-23 05:44:00+00:00,2355.60009765625,2355.60009765625,2356.60009765625,2355.39990234375,2355.699951171875,539
2026-04-23 05:45:00+00:00,2357.39990234375,2357.39990234375,2357.89990234375,2356.10009765625,2356.199951171875,1402
2026-04-23 05:46:00+00:00,2357.10009765625,2357.10009765625,2357.89990234375,2357.10009765625,2357.10009765625,441
2026-04-23 05:47:00+00:00,2357.10009765625,2357.10009765625,2357.60009765625,2357.10009765625,2357.199951171875,300
2026-04-23 05:48:00+00:00,2357.10009765625,2357.10009765625,2357.10009765625,2356.10009765625,2356.300048828125,1005
2026-04-23 05:49:00+00:00,2356.0,2356.0,2356.5,2355.199951171875,2356.39990234375,1978
2026-04-23 05:50:00+00:00,2356.300048828125,2356.300048828125,2356.39990234375,2355.199951171875,2356.0,396
2026-04-23 05:51:00+00:00,2355.199951171875,2355.199951171875,2356.60009765625,2355.199951171875,2356.60009765625,501
2026-04-23 05:52:00+00:00,2356.199951171875,2356.199951171875,2356.199951171875,2355.199951171875,2355.199951171875,1420
2026-04-23 05:53:00+00:00,2353.10009765625,2353.10009765625,2355.300048828125,2353.0,2355.300048828125,2655
2026-04-23 05:54:00+00:00,2356.0,2356.0,2356.0,2352.60009765625,2354.300048828125,2169
2026-04-23 05:55:00+00:00,2355.0,2355.0,2355.60009765625,2354.5,2355.5,1497
2026-04-23 05:56:00+00:00,2354.699951171875,2354.699951171875,2356.699951171875,2354.699951171875,2355.0,1694
2026-04-23 05:57:00+00:00,2352.300048828125,2352.300048828125,2354.89990234375,2352.199951171875,2354.89990234375,2543
2026-04-23 05:58:00+00:00,2353.199951171875,2353.199951171875,2353.60009765625,2352.199951171875,2352.300048828125,898
2026-04-23 05:59:00+00:00,2353.5,2353.5,2354.300048828125,2353.10009765625,2353.39990234375,1385
2026-04-23 06:00:00+00:00,2353.10009765625,2353.10009765625,2354.0,2353.0,2353.300048828125,596
2026-04-23 06:01:00+00:00,2353.199951171875,2353.199951171875,2354.0,2353.10009765625,2353.10009765625,349
2026-04-23 06:02:00+00:00,2353.0,2353.0,2353.60009765625,2352.800048828125,2353.300048828125,1901
2026-04-23 06:03:00+00:00,2351.300048828125,2351.300048828125,2353.0,2350.199951171875,2353.0,4151
2026-04-23 06:04:00+00:00,2352.199951171875,2352.199951171875,2352.699951171875,2351.800048828125,2352.0,2109
2026-04-23 06:05:00+00:00,2352.300048828125,2352.300048828125,2352.300048828125,2352.10009765625,2352.10009765625,622
2026-04-23 06:06:00+00:00,2351.39990234375,2351.39990234375,2353.199951171875,2351.39990234375,2353.10009765625,6374
2026-04-23 06:07:00+00:00,2351.60009765625,2351.60009765625,2352.5,2351.39990234375,2352.0,92
2026-04-23 06:08:00+00:00,2350.300048828125,2350.300048828125,2351.39990234375,2350.300048828125,2351.39990234375,3191
2026-04-23 06:09:00+00:00,2351.5,2351.5,2351.5,2350.300048828125,2350.300048828125,3252
2026-04-23 06:10:00+00:00,2351.39990234375,2351.39990234375,2352.5,2350.5,2352.0,4037
2026-04-23 06:11:00+00:00,2352.0,2352.0,2352.699951171875,2351.0,2351.300048828125,6055
2026-04-23 06:12:00+00:00,2354.800048828125,2354.800048828125,2355.60009765625,2353.699951171875,2354.10009765625,2500
2026-04-23 06:13:00+00:00,2354.5,2354.5,2355.5,2354.199951171875,2354.5,1592
2026-04-23 06:14:00+00:00,2353.199951171875,2353.199951171875,2355.10009765625,2353.0,2354.0,1238
2026-04-23 06:15:00+00:00,2351.89990234375,2351.89990234375,2353.5,2351.89990234375,2353.199951171875,179
2026-04-23 06:16:00+00:00,2352.10009765625,2352.10009765625,2352.39990234375,2351.89990234375,2351.89990234375,477
2026-04-23 06:17:00+00:00,2353.0,2353.0,2353.10009765625,2352.0,2352.10009765625,1099
2026-04-23 06:18:00+00:00,2353.199951171875,2353.199951171875,2354.5,2352.39990234375,2353.60009765625,1202
2026-04-23 06:19:00+00:00,2352.0,2352.0,2353.10009765625,2352.0,2353.0,656
2026-04-23 06:20:00+00:00,2352.300048828125,2352.300048828125,2353.199951171875,2352.0,2352.0,720
2026-04-23 06:21:00+00:00,2354.300048828125,2354.300048828125,2354.60009765625,2352.300048828125,2353.0,1338
2026-04-23 06:22:00+00:00,2354.199951171875,2354.199951171875,2354.699951171875,2353.699951171875,2354.199951171875,828
2026-04-23 06:23:00+00:00,2353.60009765625,2353.60009765625,2354.699951171875,2353.60009765625,2354.0,450
2026-04-23 06:24:00+00:00,2353.699951171875,2353.699951171875,2354.800048828125,2353.0,2354.0,1106
2026-04-23 06:25:00+00:00,2352.39990234375,2352.39990234375,2353.39990234375,2352.39990234375,2353.199951171875,519
2026-04-23 06:26:00+00:00,2352.5,2352.5,2355.0,2352.0,2352.39990234375,6026
2026-04-23 06:27:00+00:00,2351.39990234375,2351.39990234375,2353.39990234375,2351.0,2352.0,954
2026-04-23 06:28:00+00:00,2350.800048828125,2350.800048828125,2352.0,2350.800048828125,2352.0,624
2026-04-23 06:29:00+00:00,2350.10009765625,2350.10009765625,2350.699951171875,2350.10009765625,2350.60009765625,535
2026-04-23 06:30:00+00:00,2351.300048828125,2351.300048828125,2352.39990234375,2349.5,2350.0,3489
2026-04-23 06:31:00+00:00,2352.699951171875,2352.699951171875,2353.60009765625,2351.0,2351.300048828125,3004
2026-04-23 06:32:00+00:00,2353.0,2353.0,2353.0,2352.10009765625,2352.10009765625,748
2026-04-23 06:33:00+00:00,2350.699951171875,2350.699951171875,2353.300048828125,2350.199951171875,2353.0,2549
2026-04-23 06:34:00+00:00,2350.39990234375,2350.39990234375,2350.89990234375,2350.10009765625,2350.699951171875,280
2026-04-23 06:35:00+00:00,2350.5,2350.5,2351.10009765625,2350.300048828125,2351.0,421
2026-04-23 06:36:00+00:00,2348.5,2348.5,2350.199951171875,2348.39990234375,2350.199951171875,2631
2026-04-23 06:37:00+00:00,2347.300048828125,2347.300048828125,2348.300048828125,2346.0,2348.300048828125,2857
2026-04-23 06:38:00+00:00,2346.5,2346.5,2347.300048828125,2346.5,2347.199951171875,912
2026-04-23 06:39:00+00:00,2346.300048828125,2346.300048828125,2347.199951171875,2346.300048828125,2346.60009765625,1422
2026-04-23 06:40:00+00:00,2347.0,2347.0,2347.0,2345.89990234375,2346.10009765625,1043
2026-04-23 06:41:00+00:00,2347.300048828125,2347.300048828125,2348.0,2347.199951171875,2347.699951171875,295
2026-04-23 06:42:00+00:00,2347.89990234375,2347.89990234375,2348.300048828125,2347.300048828125,2347.39990234375,1023
2026-04-23 06:43:00+00:00,2347.89990234375,2347.89990234375,2348.300048828125,2347.699951171875,2348.0,266
2026-04-23 06:44:00+00:00,2349.699951171875,2349.699951171875,2350.0,2347.800048828125,2347.89990234375,2633
2026-04-23 06:45:00+00:00,2349.800048828125,2349.800048828125,2350.5,2349.5,2350.10009765625,208
2026-04-23 06:46:00+00:00,2350.39990234375,2350.39990234375,2350.60009765625,2349.699951171875,2349.699951171875,291
2026-04-23 06:47:00+00:00,2349.699951171875,2349.699951171875,2350.699951171875,2349.699951171875,2350.699951171875,789
2026-04-23 06:48:00+00:00,2350.39990234375,2350.39990234375,2350.699951171875,2350.10009765625,2350.10009765625,266
2026-04-23 06:49:00+00:00,2349.5,2349.5,2350.699951171875,2349.5,2350.10009765625,124
2026-04-23 06:50:00+00:00,2349.699951171875,2349.699951171875,2350.0,2349.60009765625,2349.60009765625,165
2026-04-23 06:51:00+00:00,2349.60009765625,2349.60009765625,2350.10009765625,2349.60009765625,2349.60009765625,542
2026-04-23 06:52:00+00:00,2350.199951171875,2350.199951171875,2350.199951171875,2349.60009765625,2349.89990234375,972
2026-04-23 06:53:00+00:00,2348.89990234375,2348.89990234375,2350.199951171875,2348.699951171875,2350.10009765625,539
2026-04-23 06:54:00+00:00,2348.5,2348.5,2350.0,2348.39990234375,2348.800048828125,2765
2026-04-23 06:55:00+00:00,2347.300048828125,2347.300048828125,2348.5,2347.300048828125,2348.5,734
2026-04-23 06:56:00+00:00,2343.39990234375,2343.39990234375,2347.10009765625,2343.39990234375,2347.10009765625,5139
2026-04-23 06:57:00+00:00,2344.10009765625,2344.10009765625,2344.699951171875,2343.60009765625,2343.699951171875,4067
2026-04-23 06:58:00+00:00,2343.5,2343.5,2343.5,2342.0,2342.60009765625,2706
2026-04-23 06:59:00+00:00,2344.199951171875,2344.199951171875,2344.199951171875,2342.39990234375,2343.0,2212
2026-04-23 07:00:00+00:00,2343.800048828125,2343.800048828125,2344.300048828125,2343.699951171875,2343.699951171875,549
2026-04-23 07:01:00+00:00,2343.0,2343.0,2345.0,2343.0,2343.800048828125,4207
2026-04-23 07:02:00+00:00,2343.0,2343.0,2344.60009765625,2343.0,2343.800048828125,518
2026-04-23 07:03:00+00:00,2345.699951171875,2345.699951171875,2345.699951171875,2342.5,2343.0,1079
2026-04-23 07:04:00+00:00,2343.300048828125,2343.300048828125,2345.60009765625,2342.699951171875,2345.60009765625,948
2026-04-23 07:05:00+00:00,2343.0,2343.0,2343.0,2342.800048828125,2342.800048828125,79
2026-04-23 07:06:00+00:00,2343.39990234375,2343.39990234375,2343.699951171875,2342.60009765625,2342.89990234375,2066
2026-04-23 07:07:00+00:00,2343.0,2343.0,2343.699951171875,2342.199951171875,2343.699951171875,370
2026-04-23 07:08:00+00:00,2343.39990234375,2343.39990234375,2343.699951171875,2342.60009765625,2342.60009765625,1843
2026-04-23 07:09:00+00:00,2343.0,2343.0,2344.5,2342.699951171875,2344.5,700
2026-04-23 07:10:00+00:00,2343.10009765625,2343.10009765625,2343.199951171875,2342.800048828125,2343.10009765625,394
2026-04-23 07:11:00+00:00,2342.5,2342.5,2342.60009765625,2342.10009765625,2342.39990234375,1043
2026-04-23 07:12:00+00:00,2342.699951171875,2342.699951171875,2342.800048828125,2342.60009765625,2342.699951171875,80
2026-04-23 07:13:00+00:00,2342.699951171875,2342.699951171875,2343.300048828125,2342.699951171875,2342.89990234375,712
2026-04-23 07:14:00+00:00,2345.199951171875,2345.199951171875,2345.800048828125,2342.60009765625,2342.699951171875,5409
2026-04-23 07:15:00+00:00,2344.5,2344.5,2346.0,2343.39990234375,2344.800048828125,6015
2026-04-23 07:16:00+00:00,2344.0,2344.0,2344.89990234375,2343.699951171875,2344.5,1625
2026-04-23 07:17:00+00:00,2342.89990234375,2342.89990234375,2344.300048828125,2342.89990234375,2344.0,623
2026-04-23 07:18:00+00:00,2342.699951171875,2342.699951171875,2344.5,2342.699951171875,2343.0,1914
2026-04-23 07:19:00+00:00,2343.199951171875,2343.199951171875,2343.800048828125,2342.60009765625,2342.89990234375,1886
2026-04-23 07:20:00+00:00,2343.0,2343.0,2343.60009765625,2342.60009765625,2343.199951171875,1080
2026-04-23 07:21:00+00:00,2342.5,2342.5,2343.300048828125,2342.10009765625,2343.0,736
2026-04-23 07:22:00+00:00,2343.0,2343.0,2343.0,2342.5,2342.5,416
2026-04-23 07:23:00+00:00,2340.800048828125,2340.800048828125,2343.0,2340.800048828125,2343.0,1912
2026-04-23 07:24:00+00:00,2343.0,2343.0,2343.0,2340.39990234375,2340.39990234375,3392
2026-04-23 07:25:00+00:00,2342.199951171875,2342.199951171875,2343.800048828125,2341.10009765625,2343.0,5147
2026-04-23 07:26:00+00:00,2342.699951171875,2342.699951171875,2343.0,2341.89990234375,2342.10009765625,159
2026-04-23 07:27:00+00:00,2342.300048828125,2342.300048828125,2343.0,2342.300048828125,2342.300048828125,200
2026-04-23 07:28:00+00:00,2342.5,2342.5,2343.199951171875,2342.0,2342.39990234375,1078
2026-04-23 07:29:00+00:00,2342.699951171875,2342.699951171875,2344.0,2342.5,2344.0,667
2026-04-23 07:30:00+00:00,2342.39990234375,2342.39990234375,2342.699951171875,2341.300048828125,2342.199951171875,770
2026-04-23 07:31:00+00:00,2342.39990234375,2342.39990234375,2342.5,2342.199951171875,2342.199951171875,151
2026-04-23 07:32:00+00:00,2344.39990234375,2344.39990234375,2344.39990234375,2342.699951171875,2342.699951171875,3308
2026-04-23 07:33:00+00:00,2344.5,2344.5,2346.199951171875,2344.300048828125,2345.0,2006
2026-04-23 07:34:00+00:00,2346.60009765625,2346.60009765625,2347.0,2345.0,2345.0,2043
2026-04-23 07:35:00+00:00,2348.199951171875,2348.199951171875,2349.5,2346.60009765625,2346.60009765625,1192
2026-04-23 07:36:00+00:00,2346.5,2346.5,2348.199951171875,2346.5,2348.199951171875,1153
2026-04-23 07:37:00+00:00,2347.10009765625,2347.10009765625,2347.800048828125,2345.800048828125,2346.5,3677
2026-04-23 07:38:00+00:00,2348.5,2348.5,2348.89990234375,2346.800048828125,2347.0,894
2026-04-23 07:39:00+00:00,2349.5,2349.5,2350.0,2348.699951171875,2349.5,2103
2026-04-23 07:40:00+00:00,2349.5,2349.5,2351.699951171875,2349.5,2350.0,2418
2026-04-23 07:41:00+00:00,2348.39990234375,2348.39990234375,2350.39990234375,2348.0,2350.39990234375,1800
2026-04-23 07:42:00+00:00,2349.0,2349.0,2349.5,2348.39990234375,2348.39990234375,1547
2026-04-23 07:43:00+00:00,2351.800048828125,2351.800048828125,2353.300048828125,2349.300048828125,2349.300048828125,1991
2026-04-23 07:44:00+00:00,2352.39990234375,2352.39990234375,2353.5,2350.10009765625,2351.800048828125,3787
2026-04-23 07:45:00+00:00,2352.60009765625,2352.60009765625,2353.5,2351.89990234375,2352.5,1922
2026-04-23 07:46:00+00:00,2352.5,2352.5,2352.60009765625,2352.39990234375,2352.5,1217
2026-04-23 07:47:00+00:00,2356.199951171875,2356.199951171875,2356.800048828125,2352.39990234375,2352.39990234375,7187
2026-04-23 07:48:00+00:00,2356.60009765625,2356.60009765625,2356.89990234375,2354.300048828125,2356.5,3448
2026-04-23 07:49:00+00:00,2356.300048828125,2356.300048828125,2357.0,2356.199951171875,2356.60009765625,608
2026-04-23 07:50:00+00:00,2357.300048828125,2357.300048828125,2357.300048828125,2356.0,2356.60009765625,654
2026-04-23 07:51:00+00:00,2356.10009765625,2356.10009765625,2357.89990234375,2356.0,2357.300048828125,950
2026-04-23 07:52:00+00:00,2356.5,2356.5,2356.800048828125,2355.800048828125,2356.0,1444
2026-04-23 07:53:00+00:00,2357.10009765625,2357.10009765625,2357.699951171875,2357.0,2357.10009765625,1015
2026-04-23 07:54:00+00:00,2357.800048828125,2357.800048828125,2359.0,2357.300048828125,2357.39990234375,941
2026-04-23 07:55:00+00:00,2355.39990234375,2355.39990234375,2359.0,2355.39990234375,2357.800048828125,7226
2026-04-23 07:56:00+00:00,2356.0,2356.0,2356.60009765625,2355.0,2355.300048828125,1195
2026-04-23 07:57:00+00:00,2354.699951171875,2354.699951171875,2356.5,2354.0,2356.10009765625,2467
2026-04-23 07:58:00+00:00,2355.5,2355.5,2355.5,2354.39990234375,2354.699951171875,639
2026-04-23 07:59:00+00:00,2355.10009765625,2355.10009765625,2356.5,2354.39990234375,2354.39990234375,673
2026-04-23 08:00:00+00:00,2356.699951171875,2356.699951171875,2357.5,2355.300048828125,2355.300048828125,1126
2026-04-23 08:01:00+00:00,2356.699951171875,2356.699951171875,2357.10009765625,2355.60009765625,2356.5,679
2026-04-23 08:02:00+00:00,2356.300048828125,2356.300048828125,2357.199951171875,2356.0,2357.0,599
2026-04-23 08:03:00+00:00,2358.0,2358.0,2358.0,2356.0,2357.199951171875,1499
2026-04-23 08:04:00+00:00,2356.0,2356.0,2357.10009765625,2355.89990234375,2356.800048828125,1219
2026-04-23 08:05:00+00:00,2355.0,2355.0,2356.0,2354.10009765625,2356.0,1456
2026-04-23 08:06:00+00:00,2354.300048828125,2354.300048828125,2355.0,2353.699951171875,2354.89990234375,1162
2026-04-23 08:07:00+00:00,2355.39990234375,2355.39990234375,2355.39990234375,2353.0,2353.0,3477
2026-04-23 08:08:00+00:00,2353.5,2353.5,2354.89990234375,2352.89990234375,2354.89990234375,167
2026-04-23 08:09:00+00:00,2353.699951171875,2353.699951171875,2355.5,2352.800048828125,2353.60009765625,1095
2026-04-23 08:10:00+00:00,2352.5,2352.5,2353.699951171875,2352.300048828125,2353.5,1047
2026-04-23 08:11:00+00:00,2353.5,2353.5,2354.0,2352.0,2353.0,4057
2026-04-23 08:12:00+00:00,2356.199951171875,2356.199951171875,2356.5,2353.60009765625,2354.300048828125,1765
2026-04-23 08:13:00+00:00,2356.0,2356.0,2356.5,2355.10009765625,2356.39990234375,1022
2026-04-23 08:14:00+00:00,2355.300048828125,2355.300048828125,2356.199951171875,2355.199951171875,2355.39990234375,472
2026-04-23 08:15:00+00:00,2358.0,2358.0,2358.39990234375,2356.0,2356.0,2916
2026-04-23 08:16:00+00:00,2360.0,2360.0,2360.10009765625,2357.800048828125,2357.89990234375,18643
2026-04-23 08:17:00+00:00,2360.39990234375,2360.39990234375,2361.199951171875,2359.699951171875,2360.0,1290
2026-04-23 08:18:00+00:00,2360.39990234375,2360.39990234375,2361.300048828125,2360.39990234375,2361.0,1273
2026-04-23 08:19:00+00:00,2361.0,2361.0,2361.5,2360.39990234375,2361.0,2382
2026-04-23 08:20:00+00:00,2362.199951171875,2362.199951171875,2362.199951171875,2361.0,2361.10009765625,2486
2026-04-23 08:21:00+00:00,2360.89990234375,2360.89990234375,2362.199951171875,2360.800048828125,2362.199951171875,1648
2026-04-23 08:22:00+00:00,2360.699951171875,2360.699951171875,2361.0,2360.5,2361.0,999
2026-04-23 08:23:00+00:00,2359.0,2359.0,2361.0,2359.0,2361.0,1563
2026-04-23 08:24:00+00:00,2359.5,2359.5,2360.300048828125,2359.0,2359.10009765625,1680
2026-04-23 08:25:00+00:00,2359.39990234375,2359.39990234375,2360.0,2358.0,2359.199951171875,1946
2026-04-23 08:26:00+00:00,2360.5,2360.5,2363.300048828125,2359.39990234375,2359.5,4587
2026-04-23 08:27:00+00:00,2359.199951171875,2359.199951171875,2361.0,2358.89990234375,2361.0,901
2026-04-23 08:28:00+00:00,2359.800048828125,2359.800048828125,2360.0,2358.699951171875,2359.199951171875,536
2026-04-23 08:29:00+00:00,2360.0,2360.0,2360.0,2358.39990234375,2360.0,1127
2026-04-23 08:30:00+00:00,2360.10009765625,2360.10009765625,2360.699951171875,2359.10009765625,2359.699951171875,2039
2026-04-23 08:31:00+00:00,2360.800048828125,2360.800048828125,2361.300048828125,2359.800048828125,2360.10009765625,3951
2026-04-23 08:32:00+00:00,2361.60009765625,2361.60009765625,2361.60009765625,2360.800048828125,2361.0,1289
2026-04-23 08:33:00+00:00,2361.0,2361.0,2361.60009765625,2360.800048828125,2361.300048828125,2408
2026-04-23 08:34:00+00:00,2360.60009765625,2360.60009765625,2361.5,2360.60009765625,2361.0,1239
2026-04-23 08:35:00+00:00,2360.89990234375,2360.89990234375,2361.300048828125,2360.699951171875,2361.0,886
2026-04-23 08:36:00+00:00,2360.39990234375,2360.39990234375,2361.0,2360.39990234375,2360.89990234375,687
2026-04-23 08:37:00+00:00,2360.300048828125,2360.300048828125,2361.0,2360.10009765625,2360.5,1106
2026-04-23 08:38:00+00:00,2358.5,2358.5,2360.300048828125,2358.39990234375,2360.300048828125,2617
2026-04-23 08:39:00+00:00,2358.699951171875,2358.699951171875,2359.89990234375,2358.39990234375,2358.800048828125,1414
2026-04-23 08:40:00+00:00,2358.199951171875,2358.199951171875,2359.0,2358.199951171875,2358.800048828125,741
2026-04-23 08:41:00+00:00,2358.60009765625,2358.60009765625,2358.800048828125,2358.10009765625,2358.10009765625,1081
2026-04-23 08:42:00+00:00,2358.300048828125,2358.300048828125,2358.300048828125,2357.0,2357.300048828125,2305
2026-04-23 08:43:00+00:00,2357.699951171875,2357.699951171875,2358.300048828125,2357.39990234375,2358.300048828125,893
2026-04-23 08:44:00+00:00,2357.10009765625,2357.10009765625,2357.5,2356.699951171875,2357.39990234375,622
2026-04-23 08:45:00+00:00,2359.199951171875,2359.199951171875,2360.0,2356.699951171875,2356.89990234375,3920
2026-04-23 08:46:00+00:00,2359.0,2359.0,2360.0,2359.0,2359.10009765625,1799
2026-04-23 08:47:00+00:00,2358.10009765625,2358.10009765625,2360.10009765625,2358.0,2359.89990234375,1329
2026-04-23 08:48:00+00:00,2357.89990234375,2357.89990234375,2358.699951171875,2357.89990234375,2358.10009765625,948
2026-04-23 08:49:00+00:00,2357.0,2357.0,2357.89990234375,2357.0,2357.89990234375,1630
2026-04-23 08:50:00+00:00,2357.60009765625,2357.60009765625,2357.699951171875,2356.300048828125,2356.5,2451
2026-04-23 08:51:00+00:00,2356.300048828125,2356.300048828125,2357.699951171875,2355.699951171875,2357.5,1803
2026-04-23 08:52:00+00:00,2356.300048828125,2356.300048828125,2356.60009765625,2356.0,2356.0,960
2026-04-23 08:53:00+00:00,2357.0,2357.0,2357.300048828125,2356.39990234375,2357.300048828125,1317
2026-04-23 08:54:00+00:00,2355.89990234375,2355.89990234375,2357.0,2355.800048828125,2357.0,1730
2026-04-23 08:55:00+00:00,2355.0,2355.0,2355.5,2354.5,2355.0,1662
2026-04-23 08:56:00+00:00,2355.10009765625,2355.10009765625,2355.199951171875,2354.89990234375,2354.89990234375,692
2026-04-23 08:57:00+00:00,2355.199951171875,2355.199951171875,2355.39990234375,2354.89990234375,2355.199951171875,1469
2026-04-23 08:58:00+00:00,2353.300048828125,2353.300048828125,2355.199951171875,2353.300048828125,2355.199951171875,1764
2026-04-23 08:59:00+00:00,2351.5,2351.5,2353.10009765625,2351.0,2353.10009765625,1505
2026-04-23 09:00:00+00:00,2351.0,2351.0,2351.199951171875,2351.0,2351.0,678
2026-04-23 09:01:00+00:00,2350.10009765625,2350.10009765625,2350.89990234375,2350.0,2350.89990234375,762
2026-04-23 09:02:00+00:00,2349.199951171875,2349.199951171875,2350.300048828125,2348.60009765625,2350.10009765625,1215
2026-04-23 09:03:00+00:00,2349.0,2349.0,2349.60009765625,2347.300048828125,2349.10009765625,1626
2026-04-23 09:04:00+00:00,2346.89990234375,2346.89990234375,2349.39990234375,2346.89990234375,2349.0,3959
2026-04-23 09:05:00+00:00,2347.0,2347.0,2347.0,2346.199951171875,2346.89990234375,1513
2026-04-23 09:06:00+00:00,2347.39990234375,2347.39990234375,2347.5,2346.60009765625,2346.60009765625,1568
2026-04-23 09:07:00+00:00,2345.60009765625,2345.60009765625,2346.89990234375,2345.300048828125,2346.89990234375,2317
2026-04-23 09:08:00+00:00,2345.5,2345.5,2346.5,2345.39990234375,2345.39990234375,1203
2026-04-23 09:09:00+00:00,2344.60009765625,2344.60009765625,2345.699951171875,2344.39990234375,2345.5,1778
2026-04-23 09:10:00+00:00,2344.5,2344.5,2345.60009765625,2344.199951171875,2344.5,2906
2026-04-23 09:11:00+00:00,2345.199951171875,2345.199951171875,2345.199951171875,2344.39990234375,2344.39990234375,910
2026-04-23 09:12:00+00:00,2345.5,2345.5,2345.60009765625,2344.699951171875,2345.10009765625,1433
2026-04-23 09:13:00+00:00,2344.39990234375,2344.39990234375,2346.300048828125,2344.39990234375,2346.0,1012
2026-04-23 09:14:00+00:00,2342.89990234375,2342.89990234375,2344.39990234375,2342.89990234375,2344.10009765625,779
2026-04-23 09:15:00+00:00,2343.10009765625,2343.10009765625,2343.39990234375,2341.10009765625,2342.5,2158
2026-04-23 09:16:00+00:00,2343.199951171875,2343.199951171875,2344.60009765625,2342.800048828125,2344.300048828125,423
2026-04-23 09:17:00+00:00,2341.699951171875,2341.699951171875,2343.5,2341.10009765625,2343.5,1815
2026-04-23 09:18:00+00:00,2342.300048828125,2342.300048828125,2343.0,2341.800048828125,2341.800048828125,543
2026-04-23 09:19:00+00:00,2340.5,2340.5,2341.89990234375,2340.5,2341.39990234375,3984
2026-04-23 09:20:00+00:00,2343.39990234375,2343.39990234375,2343.39990234375,2340.5,2340.800048828125,2129
2026-04-23 09:21:00+00:00,2339.10009765625,2339.10009765625,2342.800048828125,2339.0,2342.800048828125,2613
2026-04-23 09:22:00+00:00,2340.0,2340.0,2340.0,2339.0,2339.10009765625,922
2026-04-23 09:23:00+00:00,2339.5,2339.5,2340.0,2339.39990234375,2340.0,1014
2026-04-23 09:24:00+00:00,2339.800048828125,2339.800048828125,2340.0,2339.60009765625,2339.60009765625,2831
2026-04-23 09:25:00+00:00,2339.699951171875,2339.699951171875,2340.0,2339.60009765625,2339.60009765625,506
2026-04-23 09:26:00+00:00,2339.60009765625,2339.60009765625,2339.800048828125,2339.5,2339.5,294
2026-04-23 09:27:00+00:00,2338.60009765625,2338.60009765625,2339.800048828125,2338.5,2339.5,1610
2026-04-23 09:28:00+00:00,2337.300048828125,2337.300048828125,2338.800048828125,2336.300048828125,2338.800048828125,6239
2026-04-23 09:29:00+00:00,2339.10009765625,2339.10009765625,2339.10009765625,2336.5,2336.5,3309
2026-04-23 09:30:00+00:00,2339.60009765625,2339.60009765625,2340.10009765625,2338.60009765625,2338.60009765625,5088
2026-04-23 09:31:00+00:00,2343.800048828125,2343.800048828125,2344.39990234375,2339.800048828125,2340.0,12111
2026-04-23 09:32:00+00:00,2345.89990234375,2345.89990234375,2347.199951171875,2344.10009765625,2344.10009765625,8521
2026-04-23 09:33:00+00:00,2341.39990234375,2341.39990234375,2346.10009765625,2341.300048828125,2346.10009765625,5570
2026-04-23 09:34:00+00:00,2341.199951171875,2341.199951171875,2341.89990234375,2340.199951171875,2341.699951171875,5924
2026-04-23 09:35:00+00:00,2340.800048828125,2340.800048828125,2341.800048828125,2340.300048828125,2340.89990234375,5759
2026-04-23 09:36:00+00:00,2339.5,2339.5,2341.0,2339.39990234375,2340.60009765625,8228
2026-04-23 09:37:00+00:00,2338.89990234375,2338.89990234375,2339.699951171875,2338.199951171875,2339.39990234375,3173
2026-04-23 09:38:00+00:00,2342.39990234375,2342.39990234375,2342.89990234375,2338.89990234375,2338.89990234375,3859
2026-04-23 09:39:00+00:00,2342.60009765625,2342.60009765625,2342.60009765625,2342.199951171875,2342.39990234375,2621
2026-04-23 09:40:00+00:00,2340.0,2340.0,2342.699951171875,2339.60009765625,2342.699951171875,3943
2026-04-23 09:41:00+00:00,2339.89990234375,2339.89990234375,2341.199951171875,2339.800048828125,2339.89990234375,5364
2026-04-23 09:42:00+00:00,2339.60009765625,2339.60009765625,2341.60009765625,2339.0,2339.89990234375,5221
2026-04-23 09:43:00+00:00,2340.699951171875,2340.699951171875,2340.699951171875,2339.199951171875,2339.60009765625,2062
2026-04-23 09:44:00+00:00,2340.10009765625,2340.10009765625,2340.300048828125,2339.89990234375,2340.199951171875,1955
2026-04-23 09:45:00+00:00,2339.60009765625,2339.60009765625,2340.10009765625,2339.0,2340.10009765625,5012
2026-04-23 09:46:00+00:00,2340.199951171875,2340.199951171875,2340.300048828125,2339.60009765625,2339.699951171875,3311
2026-04-23 09:47:00+00:00,2340.199951171875,2340.199951171875,2341.60009765625,2339.89990234375,2340.199951171875,5146
2026-04-23 09:48:00+00:00,2341.199951171875,2341.199951171875,2341.199951171875,2339.199951171875,2340.300048828125,6719
2026-04-23 09:49:00+00:00,2341.699951171875,2341.699951171875,2342.0,2341.10009765625,2341.10009765625,3621
2026-04-23 09:50:00+00:00,2343.800048828125,2343.800048828125,2343.800048828125,2340.5,2341.60009765625,12853
2026-04-23 09:51:00+00:00,2340.89990234375,2340.89990234375,2343.10009765625,2340.0,2343.0,12386
2026-04-23 09:52:00+00:00,2341.10009765625,2341.10009765625,2341.199951171875,2340.800048828125,2340.89990234375,3204
2026-04-23 09:53:00+00:00,2341.199951171875,2341.199951171875,2341.199951171875,2341.10009765625,2341.199951171875,3269
2026-04-23 09:54:00+00:00,2342.89990234375,2342.89990234375,2342.89990234375,2341.10009765625,2341.10009765625,9182
2026-04-23 09:55:00+00:00,2341.699951171875,2341.699951171875,2343.10009765625,2341.699951171875,2342.89990234375,5057
2026-04-23 09:56:00+00:00,2340.60009765625,2340.60009765625,2341.5,2339.60009765625,2341.5,2736
2026-04-23 09:57:00+00:00,2341.5,2341.5,2341.5,2339.5,2340.5,5295
2026-04-23 09:58:00+00:00,2340.0,2340.0,2341.300048828125,2340.0,2340.699951171875,5557
2026-04-23 09:59:00+00:00,2341.39990234375,2341.39990234375,2351.39990234375,2340.0,2340.10009765625,4615
2026-04-24 03:45:00+00:00,2337.800048828125,2337.800048828125,2351.5,2336.10009765625,2347.0,0
2026-04-24 03:46:00+00:00,2332.0,2332.0,2338.0,2332.0,2337.0,8272
2026-04-24 03:47:00+00:00,2332.800048828125,2332.800048828125,2334.699951171875,2330.89990234375,2332.0,7875
2026-04-24 03:48:00+00:00,2335.10009765625,2335.10009765625,2339.89990234375,2333.60009765625,2334.89990234375,3457
2026-04-24 03:49:00+00:00,2335.199951171875,2335.199951171875,2339.10009765625,2333.800048828125,2338.199951171875,4330
2026-04-24 03:50:00+00:00,2323.199951171875,2323.199951171875,2335.300048828125,2322.5,2335.300048828125,5989
2026-04-24 03:51:00+00:00,2324.5,2324.5,2328.60009765625,2318.89990234375,2322.0,5608
2026-04-24 03:52:00+00:00,2329.199951171875,2329.199951171875,2329.199951171875,2323.5,2325.0,2888
2026-04-24 03:53:00+00:00,2330.199951171875,2330.199951171875,2334.800048828125,2329.39990234375,2330.89990234375,2655
2026-04-24 03:54:00+00:00,2334.699951171875,2334.699951171875,2336.5,2330.300048828125,2330.300048828125,1066
2026-04-24 03:55:00+00:00,2335.5,2335.5,2336.39990234375,2335.10009765625,2336.0,1151
2026-04-24 03:56:00+00:00,2338.800048828125,2338.800048828125,2338.800048828125,2334.89990234375,2334.89990234375,2727
2026-04-24 03:57:00+00:00,2338.5,2338.5,2338.89990234375,2336.800048828125,2338.89990234375,635
2026-04-24 03:58:00+00:00,2338.5,2338.5,2339.0,2337.5,2338.800048828125,3075
2026-04-24 03:59:00+00:00,2339.39990234375,2339.39990234375,2341.0,2338.39990234375,2338.39990234375,3059
2026-04-24 04:00:00+00:00,2342.0,2342.0,2342.89990234375,2336.5,2336.5,3082
2026-04-24 04:01:00+00:00,2338.89990234375,2338.89990234375,2341.89990234375,2338.89990234375,2341.89990234375,1506
2026-04-24 04:02:00+00:00,2333.39990234375,2333.39990234375,2338.39990234375,2333.39990234375,2338.39990234375,2303
2026-04-24 04:03:00+00:00,2334.0,2334.0,2334.800048828125,2332.10009765625,2334.0,1902
2026-04-24 04:04:00+00:00,2331.199951171875,2331.199951171875,2334.0,2330.0,2331.300048828125,2172
2026-04-24 04:05:00+00:00,2330.5,2330.5,2332.60009765625,2328.0,2332.60009765625,1717
2026-04-24 04:06:00+00:00,2328.800048828125,2328.800048828125,2331.10009765625,2327.89990234375,2330.39990234375,1382
2026-04-24 04:07:00+00:00,2326.89990234375,2326.89990234375,2330.199951171875,2326.89990234375,2328.39990234375,2376
2026-04-24 04:08:00+00:00,2323.39990234375,2323.39990234375,2328.0,2320.800048828125,2326.60009765625,2151
2026-04-24 04:09:00+00:00,2323.800048828125,2323.800048828125,2326.800048828125,2322.0,2322.39990234375,2706
2026-04-24 04:10:00+00:00,2322.5,2322.5,2323.0,2321.800048828125,2323.0,1118
2026-04-24 04:11:00+00:00,2321.89990234375,2321.89990234375,2323.0,2321.699951171875,2322.89990234375,691
2026-04-24 04:12:00+00:00,2323.0,2323.0,2323.199951171875,2321.39990234375,2321.39990234375,2308
2026-04-24 04:13:00+00:00,2322.300048828125,2322.300048828125,2323.89990234375,2322.0,2323.89990234375,1158
2026-04-24 04:14:00+00:00,2322.0,2322.0,2323.0,2321.800048828125,2322.800048828125,1085
2026-04-24 04:15:00+00:00,2327.199951171875,2327.199951171875,2327.199951171875,2321.300048828125,2321.300048828125,2803
2026-04-24 04:16:00+00:00,2327.199951171875,2327.199951171875,2327.300048828125,2325.60009765625,2325.60009765625,217
2026-04-24 04:17:00+00:00,2326.39990234375,2326.39990234375,2327.10009765625,2326.0,2326.10009765625,3319
2026-04-24 04:18:00+00:00,2325.800048828125,2325.800048828125,2326.39990234375,2325.300048828125,2326.39990234375,568
2026-04-24 04:19:00+00:00,2326.300048828125,2326.300048828125,2327.199951171875,2324.300048828125,2325.0,1510
2026-04-24 04:20:00+00:00,2324.199951171875,2324.199951171875,2327.10009765625,2324.199951171875,2326.5,589
2026-04-24 04:21:00+00:00,2326.300048828125,2326.300048828125,2326.300048828125,2324.0,2325.0,886
2026-04-24 04:22:00+00:00,2321.300048828125,2321.300048828125,2324.89990234375,2321.300048828125,2324.89990234375,1645
2026-04-24 04:23:00+00:00,2320.699951171875,2320.699951171875,2320.89990234375,2320.0,2320.0,1675
2026-04-24 04:24:00+00:00,2317.5,2317.5,2319.5,2316.199951171875,2319.5,2416
2026-04-24 04:25:00+00:00,2320.199951171875,2320.199951171875,2320.199951171875,2316.89990234375,2317.199951171875,2131
2026-04-24 04:26:00+00:00,2319.0,2319.0,2320.699951171875,2316.199951171875,2320.699951171875,2622
2026-04-24 04:27:00+00:00,2318.699951171875,2318.699951171875,2319.800048828125,2317.5,2319.0,2139
2026-04-24 04:28:00+00:00,2316.89990234375,2316.89990234375,2318.60009765625,2316.10009765625,2318.60009765625,13
2026-04-24 04:29:00+00:00,2316.39990234375,2316.39990234375,2316.5,2315.699951171875,2316.0,942
2026-04-24 04:30:00+00:00,2317.0,2317.0,2317.89990234375,2316.199951171875,2316.199951171875,641
2026-04-24 04:31:00+00:00,2315.5,2315.5,2316.10009765625,2315.0,2316.10009765625,396
2026-04-24 04:32:00+00:00,2315.5,2315.5,2317.5,2315.5,2317.199951171875,951
2026-04-24 04:33:00+00:00,2317.0,2317.0,2317.300048828125,2315.60009765625,2316.199951171875,299
2026-04-24 04:34:00+00:00,2317.5,2317.5,2317.5,2316.0,2316.0,1884
2026-04-24 04:35:00+00:00,2317.5,2317.5,2319.300048828125,2317.5,2319.199951171875,1636
2026-04-24 04:36:00+00:00,2316.699951171875,2316.699951171875,2316.89990234375,2315.89990234375,2316.89990234375,1331
2026-04-24 04:37:00+00:00,2317.5,2317.5,2317.5,2316.39990234375,2316.800048828125,2016
2026-04-24 04:38:00+00:00,2317.0,2317.0,2317.0,2316.60009765625,2316.60009765625,790
2026-04-24 04:39:00+00:00,2315.60009765625,2315.60009765625,2317.699951171875,2314.89990234375,2317.699951171875,2012
2026-04-24 04:40:00+00:00,2313.39990234375,2313.39990234375,2315.0,2312.10009765625,2315.0,1854
2026-04-24 04:41:00+00:00,2313.699951171875,2313.699951171875,2314.800048828125,2311.89990234375,2312.60009765625,5981
2026-04-24 04:42:00+00:00,2309.0,2309.0,2313.39990234375,2307.39990234375,2311.89990234375,6579
2026-04-24 04:43:00+00:00,2307.89990234375,2307.89990234375,2309.199951171875,2306.699951171875,2309.199951171875,10067
2026-04-24 04:44:00+00:00,2307.0,2307.0,2308.199951171875,2307.0,2307.60009765625,2197
2026-04-24 04:45:00+00:00,2306.300048828125,2306.300048828125,2307.699951171875,2305.0,2307.0,13446
2026-04-24 04:46:00+00:00,2305.10009765625,2305.10009765625,2307.10009765625,2305.10009765625,2305.89990234375,1445
2026-04-24 04:47:00+00:00,2305.0,2305.0,2305.199951171875,2303.800048828125,2305.199951171875,1289
2026-04-24 04:48:00+00:00,2305.39990234375,2305.39990234375,2306.10009765625,2303.39990234375,2303.699951171875,3313
2026-04-24 04:49:00+00:00,2305.800048828125,2305.800048828125,2306.60009765625,2304.39990234375,2305.0,3480
2026-04-24 04:50:00+00:00,2305.60009765625,2305.60009765625,2307.199951171875,2305.39990234375,2305.39990234375,1780
2026-04-24 04:51:00+00:00,2305.0,2305.0,2306.199951171875,2305.0,2305.60009765625,1739
2026-04-24 04:52:00+00:00,2305.60009765625,2305.60009765625,2306.699951171875,2305.0,2305.0,1629
2026-04-24 04:53:00+00:00,2306.39990234375,2306.39990234375,2307.0,2305.60009765625,2306.39990234375,3096
2026-04-24 04:54:00+00:00,2307.39990234375,2307.39990234375,2308.300048828125,2306.39990234375,2306.39990234375,2928
2026-04-24 04:55:00+00:00,2307.800048828125,2307.800048828125,2308.10009765625,2307.10009765625,2308.0,1289
2026-04-24 04:56:00+00:00,2307.5,2307.5,2309.89990234375,2307.199951171875,2307.699951171875,2492
2026-04-24 04:57:00+00:00,2307.699951171875,2307.699951171875,2308.699951171875,2307.300048828125,2307.5,692
2026-04-24 04:58:00+00:00,2309.0,2309.0,2310.10009765625,2307.60009765625,2307.60009765625,1154
2026-04-24 04:59:00+00:00,2313.0,2313.0,2313.0,2308.300048828125,2308.300048828125,2656
2026-04-24 05:00:00+00:00,2312.89990234375,2312.89990234375,2313.199951171875,2311.10009765625,2311.5,1493
2026-04-24 05:01:00+00:00,2313.39990234375,2313.39990234375,2314.0,2311.0,2312.89990234375,4631
2026-04-24 05:02:00+00:00,2312.5,2312.5,2313.39990234375,2311.0,2312.0,2315
2026-04-24 05:03:00+00:00,2309.89990234375,2309.89990234375,2313.10009765625,2309.0,2312.60009765625,9504
2026-04-24 05:04:00+00:00,2309.10009765625,2309.10009765625,2310.10009765625,2308.5,2309.89990234375,971
2026-04-24 05:05:00+00:00,2308.39990234375,2308.39990234375,2311.5,2307.199951171875,2308.0,5161
2026-04-24 05:06:00+00:00,2309.699951171875,2309.699951171875,2310.0,2309.60009765625,2309.89990234375,436
2026-04-24 05:07:00+00:00,2307.0,2307.0,2309.39990234375,2307.0,2309.39990234375,317
2026-04-24 05:08:00+00:00,2307.89990234375,2307.89990234375,2308.10009765625,2307.0,2307.0,216
2026-04-24 05:09:00+00:00,2308.60009765625,2308.60009765625,2309.300048828125,2307.5,2307.5,1031
2026-04-24 05:10:00+00:00,2309.199951171875,2309.199951171875,2309.89990234375,2308.39990234375,2308.699951171875,390
2026-04-24 05:11:00+00:00,2307.0,2307.0,2309.60009765625,2307.0,2309.60009765625,2557
2026-04-24 05:12:00+00:00,2306.5,2306.5,2307.89990234375,2306.5,2307.89990234375,1192
2026-04-24 05:13:00+00:00,2307.5,2307.5,2307.5,2306.60009765625,2307.199951171875,463
2026-04-24 05:14:00+00:00,2305.5,2305.5,2308.0,2305.5,2307.5,2036
2026-04-24 05:15:00+00:00,2305.699951171875,2305.699951171875,2305.89990234375,2305.5,2305.5,881
2026-04-24 05:16:00+00:00,2303.60009765625,2303.60009765625,2305.699951171875,2303.60009765625,2305.699951171875,1402
2026-04-24 05:17:00+00:00,2300.89990234375,2300.89990234375,2303.89990234375,2300.89990234375,2303.89990234375,1972
2026-04-24 05:18:00+00:00,2299.0,2299.0,2301.60009765625,2297.10009765625,2301.60009765625,6139
2026-04-24 05:19:00+00:00,2297.60009765625,2297.60009765625,2299.0,2297.60009765625,2298.5,1129
2026-04-24 05:20:00+00:00,2300.0,2300.0,2300.199951171875,2296.5,2297.0,3229
2026-04-24 05:21:00+00:00,2300.10009765625,2300.10009765625,2301.300048828125,2299.0,2300.0,1280
2026-04-24 05:22:00+00:00,2300.0,2300.0,2300.60009765625,2300.0,2300.10009765625,1348
2026-04-24 05:23:00+00:00,2298.800048828125,2298.800048828125,2300.199951171875,2298.800048828125,2300.0,2414
2026-04-24 05:24:00+00:00,2300.699951171875,2300.699951171875,2304.300048828125,2299.300048828125,2299.300048828125,2627
2026-04-24 05:25:00+00:00,2302.10009765625,2302.10009765625,2302.300048828125,2300.39990234375,2301.300048828125,749
2026-04-24 05:26:00+00:00,2303.60009765625,2303.60009765625,2303.60009765625,2301.300048828125,2302.0,546
2026-04-24 05:27:00+00:00,2299.39990234375,2299.39990234375,2302.10009765625,2299.39990234375,2302.10009765625,600
2026-04-24 05:28:00+00:00,2300.10009765625,2300.10009765625,2301.300048828125,2300.0,2300.0,134
2026-04-24 05:29:00+00:00,2300.199951171875,2300.199951171875,2301.0,2300.10009765625,2300.800048828125,477
2026-04-24 05:30:00+00:00,2296.5,2296.5,2300.5,2295.89990234375,2300.5,1211
2026-04-24 05:31:00+00:00,2296.0,2296.0,2297.300048828125,2295.10009765625,2295.89990234375,2793
2026-04-24 05:32:00+00:00,2295.699951171875,2295.699951171875,2296.39990234375,2295.0,2295.699951171875,549
2026-04-24 05:33:00+00:00,2294.89990234375,2294.89990234375,2296.199951171875,2294.89990234375,2295.89990234375,901
2026-04-24 05:34:00+00:00,2295.5,2295.5,2295.60009765625,2295.0,2295.10009765625,1653
2026-04-24 05:35:00+00:00,2296.300048828125,2296.300048828125,2297.699951171875,2295.5,2295.5,1629
2026-04-24 05:36:00+00:00,2296.39990234375,2296.39990234375,2296.39990234375,2295.300048828125,2295.300048828125,916
2026-04-24 05:37:00+00:00,2295.800048828125,2295.800048828125,2296.60009765625,2295.800048828125,2296.39990234375,426
2026-04-24 05:38:00+00:00,2296.10009765625,2296.10009765625,2296.199951171875,2295.10009765625,2296.199951171875,2437
2026-04-24 05:39:00+00:00,2295.60009765625,2295.60009765625,2296.5,2295.60009765625,2296.5,1974
2026-04-24 05:40:00+00:00,2295.800048828125,2295.800048828125,2295.800048828125,2295.10009765625,2295.60009765625,1620
2026-04-24 05:41:00+00:00,2295.300048828125,2295.300048828125,2297.5,2295.300048828125,2297.5,438
2026-04-24 05:42:00+00:00,2292.800048828125,2292.800048828125,2295.0,2292.10009765625,2294.699951171875,3289
2026-04-24 05:43:00+00:00,2293.10009765625,2293.10009765625,2293.10009765625,2292.199951171875,2292.800048828125,722
2026-04-24 05:44:00+00:00,2293.0,2293.0,2293.0,2292.199951171875,2293.0,613
2026-04-24 05:45:00+00:00,2291.10009765625,2291.10009765625,2292.89990234375,2291.0,2292.800048828125,6381
2026-04-24 05:46:00+00:00,2287.0,2287.0,2291.0,2286.5,2291.0,6428
2026-04-24 05:47:00+00:00,2287.0,2287.0,2287.5,2286.0,2287.0,3573
2026-04-24 05:48:00+00:00,2286.60009765625,2286.60009765625,2288.199951171875,2286.0,2287.0,7391
2026-04-24 05:49:00+00:00,2288.39990234375,2288.39990234375,2289.60009765625,2286.5,2287.10009765625,2496
2026-04-24 05:50:00+00:00,2287.5,2287.5,2288.10009765625,2287.0,2288.0,4858
2026-04-24 05:51:00+00:00,2286.89990234375,2286.89990234375,2287.5,2284.5,2287.5,39848
2026-04-24 05:52:00+00:00,2289.10009765625,2289.10009765625,2289.10009765625,2286.10009765625,2286.699951171875,912
2026-04-24 05:53:00+00:00,2285.60009765625,2285.60009765625,2288.5,2285.60009765625,2288.5,2366
2026-04-24 05:54:00+00:00,2286.0,2286.0,2286.60009765625,2285.0,2285.800048828125,1303
2026-04-24 05:55:00+00:00,2285.800048828125,2285.800048828125,2286.0,2285.0,2286.0,534
2026-04-24 05:56:00+00:00,2286.0,2286.0,2286.800048828125,2284.0,2285.10009765625,2922
2026-04-24 05:57:00+00:00,2286.800048828125,2286.800048828125,2286.800048828125,2284.300048828125,2285.89990234375,1656
2026-04-24 05:58:00+00:00,2287.0,2287.0,2288.5,2285.699951171875,2286.699951171875,2757
2026-04-24 05:59:00+00:00,2286.699951171875,2286.699951171875,2287.89990234375,2285.800048828125,2287.5,1194
2026-04-24 06:00:00+00:00,2287.5,2287.5,2288.699951171875,2286.699951171875,2286.699951171875,3432
2026-04-24 06:01:00+00:00,2288.0,2288.0,2290.800048828125,2285.800048828125,2285.800048828125,8407
2026-04-24 06:02:00+00:00,2285.699951171875,2285.699951171875,2287.89990234375,2285.0,2287.89990234375,2550
2026-04-24 06:03:00+00:00,2285.0,2285.0,2286.199951171875,2285.0,2285.39990234375,845
2026-04-24 06:04:00+00:00,2283.60009765625,2283.60009765625,2285.10009765625,2283.0,2285.0,3676
2026-04-24 06:05:00+00:00,2281.89990234375,2281.89990234375,2283.0,2280.10009765625,2282.89990234375,4394
2026-04-24 06:06:00+00:00,2281.0,2281.0,2281.699951171875,2280.0,2280.300048828125,3557
2026-04-24 06:07:00+00:00,2279.89990234375,2279.89990234375,2281.0,2278.89990234375,2281.0,3621
2026-04-24 06:08:00+00:00,2278.800048828125,2278.800048828125,2279.800048828125,2278.199951171875,2279.800048828125,915
2026-04-24 06:09:00+00:00,2278.300048828125,2278.300048828125,2279.60009765625,2276.60009765625,2279.60009765625,3591
2026-04-24 06:10:00+00:00,2276.10009765625,2276.10009765625,2278.5,2276.10009765625,2277.60009765625,1672
2026-04-24 06:11:00+00:00,2276.800048828125,2276.800048828125,2276.800048828125,2276.0,2276.10009765625,1938
2026-04-24 06:12:00+00:00,2273.300048828125,2273.300048828125,2276.89990234375,2273.300048828125,2276.89990234375,4250
2026-04-24 06:13:00+00:00,2273.800048828125,2273.800048828125,2275.39990234375,2272.800048828125,2273.0,4498
2026-04-24 06:14:00+00:00,2274.39990234375,2274.39990234375,2274.60009765625,2273.699951171875,2273.699951171875,1617
2026-04-24 06:15:00+00:00,2271.89990234375,2271.89990234375,2274.800048828125,2271.10009765625,2274.800048828125,3049
2026-04-24 06:16:00+00:00,2272.89990234375,2272.89990234375,2273.800048828125,2271.10009765625,2271.89990234375,1507
2026-04-24 06:17:00+00:00,2276.89990234375,2276.89990234375,2276.89990234375,2272.10009765625,2273.300048828125,4869
2026-04-24 06:18:00+00:00,2275.60009765625,2275.60009765625,2276.199951171875,2274.89990234375,2275.89990234375,3331
2026-04-24 06:19:00+00:00,2276.300048828125,2276.300048828125,2276.39990234375,2275.0,2275.0,835
2026-04-24 06:20:00+00:00,2276.0,2276.0,2278.800048828125,2276.0,2276.60009765625,7985
2026-04-24 06:21:00+00:00,2275.89990234375,2275.89990234375,2276.199951171875,2275.10009765625,2275.699951171875,1143
2026-04-24 06:22:00+00:00,2275.800048828125,2275.800048828125,2277.5,2274.60009765625,2275.300048828125,1186
2026-04-24 06:23:00+00:00,2272.89990234375,2272.89990234375,2275.89990234375,2272.60009765625,2275.89990234375,1937
2026-04-24 06:24:00+00:00,2274.199951171875,2274.199951171875,2274.5,2272.39990234375,2272.699951171875,1932
2026-04-24 06:25:00+00:00,2272.10009765625,2272.10009765625,2274.800048828125,2272.10009765625,2274.0,1122
2026-04-24 06:26:00+00:00,2275.0,2275.0,2275.199951171875,2271.199951171875,2272.0,2459
2026-04-24 06:27:00+00:00,2275.39990234375,2275.39990234375,2275.39990234375,2274.60009765625,2274.60009765625,905
2026-04-24 06:28:00+00:00,2274.300048828125,2274.300048828125,2277.5,2274.300048828125,2275.0,3712
2026-04-24 06:29:00+00:00,2274.800048828125,2274.800048828125,2275.5,2273.89990234375,2275.300048828125,736
2026-04-24 06:30:00+00:00,2272.0,2272.0,2274.800048828125,2272.0,2274.800048828125,1079
2026-04-24 06:31:00+00:00,2272.0,2272.0,2272.10009765625,2271.300048828125,2272.10009765625,1063
2026-04-24 06:32:00+00:00,2270.5,2270.5,2272.10009765625,2270.5,2271.300048828125,517
2026-04-24 06:33:00+00:00,2270.0,2270.0,2271.199951171875,2270.0,2270.699951171875,2781
2026-04-24 06:34:00+00:00,2269.0,2269.0,2270.10009765625,2269.0,2270.0,1486
2026-04-24 06:35:00+00:00,2269.39990234375,2269.39990234375,2269.39990234375,2268.699951171875,2268.89990234375,979
2026-04-24 06:36:00+00:00,2270.199951171875,2270.199951171875,2270.800048828125,2269.10009765625,2269.10009765625,4241
2026-04-24 06:37:00+00:00,2270.89990234375,2270.89990234375,2271.0,2270.0,2270.199951171875,633
2026-04-24 06:38:00+00:00,2270.5,2270.5,2271.300048828125,2270.199951171875,2270.800048828125,1914
2026-04-24 06:39:00+00:00,2270.10009765625,2270.10009765625,2272.300048828125,2270.10009765625,2272.199951171875,2146
2026-04-24 06:40:00+00:00,2271.39990234375,2271.39990234375,2272.0,2270.39990234375,2270.60009765625,1604
2026-04-24 06:41:00+00:00,2270.199951171875,2270.199951171875,2271.89990234375,2269.0,2271.89990234375,6499
2026-04-24 06:42:00+00:00,2270.199951171875,2270.199951171875,2270.5,2270.199951171875,2270.199951171875,175
2026-04-24 06:43:00+00:00,2270.300048828125,2270.300048828125,2270.800048828125,2269.5,2270.0,2387
2026-04-24 06:44:00+00:00,2269.39990234375,2269.39990234375,2270.60009765625,2269.39990234375,2270.60009765625,375
2026-04-24 06:45:00+00:00,2270.800048828125,2270.800048828125,2271.199951171875,2269.39990234375,2269.39990234375,3332
2026-04-24 06:46:00+00:00,2270.0,2270.0,2270.39990234375,2269.60009765625,2270.0,1526
2026-04-24 06:47:00+00:00,2270.60009765625,2270.60009765625,2270.60009765625,2270.0,2270.60009765625,1966
2026-04-24 06:48:00+00:00,2270.199951171875,2270.199951171875,2272.699951171875,2270.10009765625,2271.5,3924
2026-04-24 06:49:00+00:00,2271.800048828125,2271.800048828125,2272.199951171875,2270.699951171875,2271.0,740
2026-04-24 06:50:00+00:00,2271.800048828125,2271.800048828125,2272.39990234375,2271.199951171875,2272.199951171875,940
2026-04-24 06:51:00+00:00,2271.199951171875,2271.199951171875,2271.699951171875,2270.89990234375,2271.60009765625,1465
2026-04-24 06:52:00+00:00,2268.89990234375,2268.89990234375,2271.199951171875,2268.89990234375,2271.10009765625,2859
2026-04-24 06:53:00+00:00,2268.800048828125,2268.800048828125,2268.89990234375,2268.39990234375,2268.800048828125,1289
2026-04-24 06:54:00+00:00,2268.10009765625,2268.10009765625,2268.800048828125,2268.10009765625,2268.300048828125,970
2026-04-24 06:55:00+00:00,2267.300048828125,2267.300048828125,2267.89990234375,2267.199951171875,2267.300048828125,1097
2026-04-24 06:56:00+00:00,2267.300048828125,2267.300048828125,2267.300048828125,2266.5,2267.300048828125,999
2026-04-24 06:57:00+00:00,2263.0,2263.0,2267.0,2263.0,2267.0,2592
2026-04-24 06:58:00+00:00,2264.699951171875,2264.699951171875,2264.800048828125,2262.0,2263.300048828125,4980
2026-04-24 06:59:00+00:00,2263.5,2263.5,2266.800048828125,2263.5,2265.5,3157
2026-04-24 07:00:00+00:00,2271.0,2271.0,2271.0,2264.300048828125,2264.60009765625,1909
2026-04-24 07:01:00+00:00,2266.5,2266.5,2269.699951171875,2266.10009765625,2269.60009765625,3139
2026-04-24 07:02:00+00:00,2268.300048828125,2268.300048828125,2269.39990234375,2266.5,2266.5,3800
2026-04-24 07:03:00+00:00,2267.300048828125,2267.300048828125,2268.199951171875,2265.300048828125,2268.199951171875,3943
2026-04-24 07:04:00+00:00,2265.800048828125,2265.800048828125,2267.5,2265.39990234375,2267.5,630
2026-04-24 07:05:00+00:00,2265.300048828125,2265.300048828125,2265.800048828125,2265.0,2265.800048828125,212
2026-04-24 07:06:00+00:00,2266.5,2266.5,2266.5,2265.300048828125,2265.300048828125,1194
2026-04-24 07:07:00+00:00,2266.60009765625,2266.60009765625,2266.699951171875,2266.199951171875,2266.39990234375,1082
2026-04-24 07:08:00+00:00,2269.10009765625,2269.10009765625,2270.39990234375,2267.60009765625,2267.60009765625,4550
2026-04-24 07:09:00+00:00,2268.5,2268.5,2269.89990234375,2267.0,2269.89990234375,2534
2026-04-24 07:10:00+00:00,2271.699951171875,2271.699951171875,2271.699951171875,2267.0,2267.0,2735
2026-04-24 07:11:00+00:00,2272.60009765625,2272.60009765625,2274.5,2270.199951171875,2271.699951171875,3210
2026-04-24 07:12:00+00:00,2273.89990234375,2273.89990234375,2274.60009765625,2272.89990234375,2273.0,2051
2026-04-24 07:13:00+00:00,2273.39990234375,2273.39990234375,2274.0,2272.800048828125,2274.0,1402
2026-04-24 07:14:00+00:00,2273.89990234375,2273.89990234375,2274.0,2272.300048828125,2272.800048828125,3186
2026-04-24 07:15:00+00:00,2273.300048828125,2273.300048828125,2274.199951171875,2272.0,2274.0,1150
2026-04-24 07:16:00+00:00,2276.699951171875,2276.699951171875,2276.699951171875,2273.199951171875,2273.300048828125,3195
2026-04-24 07:17:00+00:00,2276.5,2276.5,2276.5,2276.39990234375,2276.5,618
2026-04-24 07:18:00+00:00,2276.0,2276.0,2279.0,2276.0,2276.5,1942
2026-04-24 07:19:00+00:00,2276.0,2276.0,2278.0,2276.0,2276.0,2232
2026-04-24 07:20:00+00:00,2280.39990234375,2280.39990234375,2280.39990234375,2276.0,2276.300048828125,3279
2026-04-24 07:21:00+00:00,2277.199951171875,2277.199951171875,2279.699951171875,2277.0,2279.0,1221
2026-04-24 07:22:00+00:00,2274.10009765625,2274.10009765625,2278.10009765625,2274.10009765625,2278.10009765625,1644
2026-04-24 07:23:00+00:00,2276.5,2276.5,2282.699951171875,2274.800048828125,2275.199951171875,47265
2026-04-24 07:24:00+00:00,2274.699951171875,2274.699951171875,2277.199951171875,2274.699951171875,2276.39990234375,1462
2026-04-24 07:25:00+00:00,2275.0,2275.0,2275.699951171875,2273.89990234375,2275.39990234375,1519
2026-04-24 07:26:00+00:00,2274.89990234375,2274.89990234375,2276.300048828125,2274.699951171875,2274.699951171875,1100
2026-04-24 07:27:00+00:00,2275.60009765625,2275.60009765625,2276.5,2274.0,2275.5,1297
2026-04-24 07:28:00+00:00,2270.5,2270.5,2275.10009765625,2270.5,2275.10009765625,2025
2026-04-24 07:29:00+00:00,2272.89990234375,2272.89990234375,2273.199951171875,2270.0,2270.5,1444
2026-04-24 07:30:00+00:00,2270.800048828125,2270.800048828125,2272.300048828125,2270.0,2272.0,1595
2026-04-24 07:31:00+00:00,2271.0,2271.0,2271.699951171875,2270.0,2270.800048828125,880
2026-04-24 07:32:00+00:00,2271.39990234375,2271.39990234375,2273.89990234375,2270.0,2271.0,8658
2026-04-24 07:33:00+00:00,2270.39990234375,2270.39990234375,2271.699951171875,2269.89990234375,2271.39990234375,1130
2026-04-24 07:34:00+00:00,2276.699951171875,2276.699951171875,2277.199951171875,2269.699951171875,2270.199951171875,11620
2026-04-24 07:35:00+00:00,2277.5,2277.5,2277.800048828125,2275.699951171875,2277.0,465
2026-04-24 07:36:00+00:00,2278.800048828125,2278.800048828125,2278.89990234375,2277.0,2277.0,25006
2026-04-24 07:37:00+00:00,2281.0,2281.0,2281.0,2278.0,2278.699951171875,2247
2026-04-24 07:38:00+00:00,2278.5,2278.5,2280.39990234375,2278.10009765625,2280.10009765625,422
2026-04-24 07:39:00+00:00,2279.0,2279.0,2279.699951171875,2278.60009765625,2279.60009765625,839
2026-04-24 07:40:00+00:00,2279.89990234375,2279.89990234375,2280.0,2277.89990234375,2277.89990234375,1824
2026-04-24 07:41:00+00:00,2280.0,2280.0,2280.199951171875,2279.300048828125,2280.199951171875,590
2026-04-24 07:42:00+00:00,2279.89990234375,2279.89990234375,2280.300048828125,2279.800048828125,2280.10009765625,729
2026-04-24 07:43:00+00:00,2280.5,2280.5,2280.5,2279.800048828125,2279.800048828125,784
2026-04-24 07:44:00+00:00,2281.699951171875,2281.699951171875,2281.699951171875,2280.0,2280.0,1012
2026-04-24 07:45:00+00:00,2280.10009765625,2280.10009765625,2281.699951171875,2280.0,2280.60009765625,1684
2026-04-24 07:46:00+00:00,2279.300048828125,2279.300048828125,2280.699951171875,2279.300048828125,2280.60009765625,624
2026-04-24 07:47:00+00:00,2279.5,2279.5,2280.10009765625,2279.39990234375,2279.89990234375,1114
2026-04-24 07:48:00+00:00,2281.0,2281.0,2281.199951171875,2279.5,2279.5,1896
2026-04-24 07:49:00+00:00,2281.10009765625,2281.10009765625,2281.10009765625,2280.699951171875,2281.0,687
2026-04-24 07:50:00+00:00,2284.800048828125,2284.800048828125,2284.800048828125,2280.699951171875,2280.699951171875,2928
2026-04-24 07:51:00+00:00,2283.199951171875,2283.199951171875,2284.800048828125,2283.0,2284.800048828125,773
2026-04-24 07:52:00+00:00,2282.699951171875,2282.699951171875,2284.60009765625,2282.39990234375,2283.199951171875,1960
2026-04-24 07:53:00+00:00,2283.0,2283.0,2283.89990234375,2281.39990234375,2281.39990234375,2695
2026-04-24 07:54:00+00:00,2283.199951171875,2283.199951171875,2283.39990234375,2282.89990234375,2283.0,12761
2026-04-24 07:55:00+00:00,2283.0,2283.0,2283.5,2283.0,2283.39990234375,560
2026-04-24 07:56:00+00:00,2283.699951171875,2283.699951171875,2283.699951171875,2283.0,2283.0,139
2026-04-24 07:57:00+00:00,2285.0,2285.0,2286.60009765625,2283.60009765625,2283.60009765625,2487
2026-04-24 07:58:00+00:00,2284.800048828125,2284.800048828125,2285.199951171875,2283.199951171875,2285.0,284
2026-04-24 07:59:00+00:00,2285.0,2285.0,2285.10009765625,2283.89990234375,2284.0,585
2026-04-24 08:00:00+00:00,2283.10009765625,2283.10009765625,2284.0,2283.10009765625,2284.0,558
2026-04-24 08:01:00+00:00,2283.0,2283.0,2284.0,2282.199951171875,2284.0,8122
2026-04-24 08:02:00+00:00,2280.10009765625,2280.10009765625,2281.60009765625,2280.10009765625,2281.60009765625,2635
2026-04-24 08:03:00+00:00,2280.89990234375,2280.89990234375,2280.89990234375,2280.0,2280.699951171875,3516
2026-04-24 08:04:00+00:00,2280.0,2280.0,2281.300048828125,2280.0,2281.300048828125,2370
2026-04-24 08:05:00+00:00,2279.10009765625,2279.10009765625,2280.10009765625,2279.10009765625,2280.10009765625,1576
2026-04-24 08:06:00+00:00,2280.699951171875,2280.699951171875,2281.5,2279.89990234375,2279.89990234375,1193
2026-04-24 08:07:00+00:00,2280.699951171875,2280.699951171875,2280.699951171875,2280.0,2280.699951171875,516
2026-04-24 08:08:00+00:00,2280.89990234375,2280.89990234375,2281.39990234375,2280.0,2280.60009765625,1857
2026-04-24 08:09:00+00:00,2280.10009765625,2280.10009765625,2281.300048828125,2280.0,2280.0,1975
2026-04-24 08:10:00+00:00,2281.0,2281.0,2281.39990234375,2280.89990234375,2281.10009765625,458
2026-04-24 08:11:00+00:00,2280.89990234375,2280.89990234375,2282.0,2280.89990234375,2281.39990234375,1318
2026-04-24 08:12:00+00:00,2280.89990234375,2280.89990234375,2281.39990234375,2280.89990234375,2280.89990234375,831
2026-04-24 08:13:00+00:00,2280.699951171875,2280.699951171875,2281.300048828125,2280.199951171875,2280.89990234375,619
2026-04-24 08:14:00+00:00,2280.800048828125,2280.800048828125,2280.89990234375,2280.0,2280.699951171875,1325
2026-04-24 08:15:00+00:00,2281.39990234375,2281.39990234375,2281.5,2280.0,2280.0,3584
2026-04-24 08:16:00+00:00,2281.0,2281.0,2281.300048828125,2280.5,2281.300048828125,698
2026-04-24 08:17:00+00:00,2280.39990234375,2280.39990234375,2280.89990234375,2280.0,2280.5,552
2026-04-24 08:18:00+00:00,2279.699951171875,2279.699951171875,2280.699951171875,2278.10009765625,2280.39990234375,801
2026-04-24 08:19:00+00:00,2278.5,2278.5,2278.800048828125,2277.39990234375,2278.800048828125,1553
2026-04-24 08:20:00+00:00,2278.60009765625,2278.60009765625,2278.699951171875,2277.699951171875,2277.699951171875,1422
2026-04-24 08:21:00+00:00,2278.5,2278.5,2278.699951171875,2277.0,2278.699951171875,1102
2026-04-24 08:22:00+00:00,2277.60009765625,2277.60009765625,2278.39990234375,2277.0,2278.39990234375,1078
2026-04-24 08:23:00+00:00,2275.199951171875,2275.199951171875,2277.89990234375,2275.199951171875,2277.5,2986
2026-04-24 08:24:00+00:00,2275.89990234375,2275.89990234375,2276.199951171875,2274.89990234375,2276.0,1427
2026-04-24 08:25:00+00:00,2275.89990234375,2275.89990234375,2275.89990234375,2274.699951171875,2274.699951171875,1064
2026-04-24 08:26:00+00:00,2275.300048828125,2275.300048828125,2275.699951171875,2274.39990234375,2274.800048828125,905
2026-04-24 08:27:00+00:00,2274.60009765625,2274.60009765625,2275.199951171875,2273.60009765625,2275.199951171875,1176
2026-04-24 08:28:00+00:00,2280.699951171875,2280.699951171875,2280.699951171875,2273.800048828125,2274.60009765625,6114
2026-04-24 08:29:00+00:00,2279.89990234375,2279.89990234375,2281.699951171875,2279.89990234375,2280.699951171875,1936
2026-04-24 08:30:00+00:00,2280.89990234375,2280.89990234375,2281.0,2279.10009765625,2279.800048828125,1113
2026-04-24 08:31:00+00:00,2280.89990234375,2280.89990234375,2281.0,2279.89990234375,2280.89990234375,1295
2026-04-24 08:32:00+00:00,2276.89990234375,2276.89990234375,2281.10009765625,2276.89990234375,2280.89990234375,644
2026-04-24 08:33:00+00:00,2277.0,2277.0,2277.89990234375,2275.89990234375,2276.39990234375,1770
2026-04-24 08:34:00+00:00,2276.0,2276.0,2277.0,2275.300048828125,2277.0,446
2026-04-24 08:35:00+00:00,2275.5,2275.5,2276.0,2274.699951171875,2274.89990234375,1320
2026-04-24 08:36:00+00:00,2273.39990234375,2273.39990234375,2274.800048828125,2273.39990234375,2274.800048828125,712
2026-04-24 08:37:00+00:00,2275.300048828125,2275.300048828125,2276.60009765625,2273.300048828125,2274.300048828125,5849
2026-04-24 08:38:00+00:00,2273.10009765625,2273.10009765625,2274.39990234375,2273.0,2273.60009765625,362
2026-04-24 08:39:00+00:00,2272.5,2272.5,2274.0,2272.5,2274.0,549
2026-04-24 08:40:00+00:00,2273.39990234375,2273.39990234375,2274.89990234375,2272.699951171875,2272.699951171875,1332
2026-04-24 08:41:00+00:00,2274.800048828125,2274.800048828125,2274.800048828125,2272.5,2273.89990234375,1312
2026-04-24 08:42:00+00:00,2273.10009765625,2273.10009765625,2275.699951171875,2272.89990234375,2274.199951171875,978
2026-04-24 08:43:00+00:00,2275.699951171875,2275.699951171875,2275.699951171875,2273.199951171875,2273.199951171875,1948
2026-04-24 08:44:00+00:00,2275.0,2275.0,2275.39990234375,2274.60009765625,2274.60009765625,922
2026-04-24 08:45:00+00:00,2274.60009765625,2274.60009765625,2274.60009765625,2274.60009765625,2274.60009765625,623
2026-04-24 08:46:00+00:00,2272.300048828125,2272.300048828125,2274.199951171875,2272.0,2274.199951171875,672
2026-04-24 08:47:00+00:00,2272.39990234375,2272.39990234375,2273.60009765625,2271.0,2272.60009765625,2071
2026-04-24 08:48:00+00:00,2276.60009765625,2276.60009765625,2277.699951171875,2270.60009765625,2270.60009765625,12689
2026-04-24 08:49:00+00:00,2280.39990234375,2280.39990234375,2281.5,2277.199951171875,2277.60009765625,6795
2026-04-24 08:50:00+00:00,2282.60009765625,2282.60009765625,2283.5,2280.39990234375,2280.39990234375,1702
2026-04-24 08:51:00+00:00,2283.5,2283.5,2283.5,2281.800048828125,2282.300048828125,533
2026-04-24 08:52:00+00:00,2285.5,2285.5,2285.699951171875,2284.10009765625,2284.199951171875,1821
2026-04-24 08:53:00+00:00,2284.800048828125,2284.800048828125,2285.300048828125,2283.89990234375,2284.39990234375,825
2026-04-24 08:54:00+00:00,2283.699951171875,2283.699951171875,2284.699951171875,2282.0,2284.699951171875,985
2026-04-24 08:55:00+00:00,2283.300048828125,2283.300048828125,2284.10009765625,2283.300048828125,2283.699951171875,369
2026-04-24 08:56:00+00:00,2285.800048828125,2285.800048828125,2285.800048828125,2283.800048828125,2284.0,1836
2026-04-24 08:57:00+00:00,2287.60009765625,2287.60009765625,2288.0,2285.300048828125,2285.699951171875,3106
2026-04-24 08:58:00+00:00,2292.0,2292.0,2292.0,2287.5,2287.5,6807
2026-04-24 08:59:00+00:00,2291.10009765625,2291.10009765625,2293.0,2290.800048828125,2291.199951171875,2246
2026-04-24 09:00:00+00:00,2292.5,2292.5,2293.199951171875,2290.0,2290.800048828125,2126
2026-04-24 09:01:00+00:00,2300.300048828125,2300.300048828125,2302.699951171875,2292.10009765625,2292.10009765625,28237
2026-04-24 09:02:00+00:00,2297.699951171875,2297.699951171875,2302.300048828125,2297.699951171875,2300.0,21152
2026-04-24 09:03:00+00:00,2300.5,2300.5,2302.10009765625,2297.300048828125,2297.300048828125,22273
2026-04-24 09:04:00+00:00,2300.699951171875,2300.699951171875,2301.89990234375,2298.39990234375,2300.300048828125,15237
2026-04-24 09:05:00+00:00,2300.89990234375,2300.89990234375,2301.10009765625,2300.0,2300.699951171875,2779
2026-04-24 09:06:00+00:00,2300.5,2300.5,2301.300048828125,2298.5,2301.10009765625,3922
2026-04-24 09:07:00+00:00,2298.39990234375,2298.39990234375,2300.699951171875,2297.10009765625,2300.699951171875,3004
2026-04-24 09:08:00+00:00,2298.0,2298.0,2298.800048828125,2297.300048828125,2297.89990234375,16519
2026-04-24 09:09:00+00:00,2299.800048828125,2299.800048828125,2300.0,2297.10009765625,2297.800048828125,5939
2026-04-24 09:10:00+00:00,2297.39990234375,2297.39990234375,2299.5,2297.39990234375,2299.5,1754
2026-04-24 09:11:00+00:00,2296.300048828125,2296.300048828125,2297.10009765625,2295.300048828125,2297.0,2134
2026-04-24 09:12:00+00:00,2296.60009765625,2296.60009765625,2296.60009765625,2295.699951171875,2296.199951171875,3242
2026-04-24 09:13:00+00:00,2294.39990234375,2294.39990234375,2296.0,2293.699951171875,2296.0,1993
2026-04-24 09:14:00+00:00,2294.699951171875,2294.699951171875,2295.10009765625,2293.5,2294.800048828125,1207
2026-04-24 09:15:00+00:00,2294.699951171875,2294.699951171875,2295.699951171875,2294.60009765625,2294.60009765625,1323
2026-04-24 09:16:00+00:00,2295.0,2295.0,2295.60009765625,2294.0,2294.300048828125,2588
2026-04-24 09:17:00+00:00,2293.60009765625,2293.60009765625,2297.699951171875,2293.60009765625,2295.89990234375,2502
2026-04-24 09:18:00+00:00,2293.199951171875,2293.199951171875,2295.5,2293.199951171875,2293.60009765625,1980
2026-04-24 09:19:00+00:00,2291.5,2291.5,2293.800048828125,2291.5,2292.699951171875,2881
2026-04-24 09:20:00+00:00,2292.199951171875,2292.199951171875,2294.300048828125,2292.199951171875,2292.300048828125,1121
2026-04-24 09:21:00+00:00,2297.39990234375,2297.39990234375,2297.39990234375,2293.5,2294.199951171875,5162
2026-04-24 09:22:00+00:00,2297.199951171875,2297.199951171875,2301.5,2294.300048828125,2298.0,24068
2026-04-24 09:23:00+00:00,2295.0,2295.0,2299.0,2294.10009765625,2296.60009765625,4346
2026-04-24 09:24:00+00:00,2295.300048828125,2295.300048828125,2295.5,2293.300048828125,2293.300048828125,1950
2026-04-24 09:25:00+00:00,2295.800048828125,2295.800048828125,2299.10009765625,2295.10009765625,2295.300048828125,15991
2026-04-24 09:26:00+00:00,2298.10009765625,2298.10009765625,2299.300048828125,2295.10009765625,2296.0,14903
2026-04-24 09:27:00+00:00,2299.300048828125,2299.300048828125,2299.300048828125,2294.800048828125,2297.39990234375,7382
2026-04-24 09:28:00+00:00,2299.60009765625,2299.60009765625,2299.89990234375,2297.89990234375,2299.300048828125,11040
2026-04-24 09:29:00+00:00,2299.39990234375,2299.39990234375,2299.699951171875,2298.10009765625,2299.60009765625,7680
2026-04-24 09:30:00+00:00,2295.0,2295.0,2298.5,2295.0,2296.89990234375,8513
2026-04-24 09:31:00+00:00,2296.0,2296.0,2296.89990234375,2294.89990234375,2295.89990234375,23109
2026-04-24 09:32:00+00:00,2294.89990234375,2294.89990234375,2297.60009765625,2294.60009765625,2296.10009765625,6291
2026-04-24 09:33:00+00:00,2291.5,2291.5,2296.39990234375,2291.5,2294.89990234375,6597
2026-04-24 09:34:00+00:00,2291.60009765625,2291.60009765625,2293.5,2291.10009765625,2292.199951171875,9439
2026-04-24 09:35:00+00:00,2293.300048828125,2293.300048828125,2293.300048828125,2290.5,2291.800048828125,7291
2026-04-24 09:36:00+00:00,2295.10009765625,2295.10009765625,2296.60009765625,2292.60009765625,2293.5,3554
2026-04-24 09:37:00+00:00,2295.60009765625,2295.60009765625,2296.699951171875,2295.10009765625,2295.199951171875,5349
2026-04-24 09:38:00+00:00,2294.10009765625,2294.10009765625,2296.300048828125,2293.199951171875,2295.199951171875,5543
2026-04-24 09:39:00+00:00,2294.300048828125,2294.300048828125,2294.300048828125,2292.199951171875,2293.300048828125,3011
2026-04-24 09:40:00+00:00,2293.60009765625,2293.60009765625,2295.60009765625,2293.5,2294.300048828125,4790
2026-04-24 09:41:00+00:00,2294.89990234375,2294.89990234375,2294.89990234375,2293.300048828125,2293.300048828125,3107
2026-04-24 09:42:00+00:00,2294.10009765625,2294.10009765625,2295.0,2293.60009765625,2294.89990234375,3466
2026-04-24 09:43:00+00:00,2294.300048828125,2294.300048828125,2294.39990234375,2293.0,2293.0,4321
2026-04-24 09:44:00+00:00,2294.89990234375,2294.89990234375,2295.10009765625,2293.10009765625,2294.300048828125,9095
2026-04-24 09:45:00+00:00,2294.699951171875,2294.699951171875,2296.0,2293.800048828125,2294.89990234375,4938
2026-04-24 09:46:00+00:00,2294.800048828125,2294.800048828125,2296.699951171875,2293.699951171875,2294.699951171875,4393
2026-04-24 09:47:00+00:00,2294.10009765625,2294.10009765625,2295.800048828125,2293.5,2294.800048828125,3888
2026-04-24 09:48:00+00:00,2292.699951171875,2292.699951171875,2294.60009765625,2292.60009765625,2294.60009765625,5736
2026-04-24 09:49:00+00:00,2292.199951171875,2292.199951171875,2293.800048828125,2292.199951171875,2292.300048828125,4709
2026-04-24 09:50:00+00:00,2295.10009765625,2295.10009765625,2298.0,2293.10009765625,2293.10009765625,21889
2026-04-24 09:51:00+00:00,2297.199951171875,2297.199951171875,2300.0,2294.699951171875,2294.699951171875,14882
2026-04-24 09:52:00+00:00,2295.699951171875,2295.699951171875,2297.89990234375,2295.60009765625,2296.800048828125,6802
2026-04-24 09:53:00+00:00,2299.199951171875,2299.199951171875,2299.199951171875,2295.0,2295.39990234375,21063
2026-04-24 09:54:00+00:00,2299.60009765625,2299.60009765625,2299.60009765625,2298.0,2298.89990234375,12746
2026-04-24 09:55:00+00:00,2298.5,2298.5,2300.0,2296.89990234375,2299.60009765625,21702
2026-04-24 09:56:00+00:00,2297.39990234375,2297.39990234375,2298.800048828125,2296.0,2298.699951171875,5298
2026-04-24 09:57:00+00:00,2293.10009765625,2293.10009765625,2297.699951171875,2292.60009765625,2297.39990234375,5315
2026-04-24 09:58:00+00:00,2297.10009765625,2297.10009765625,2298.39990234375,2292.5,2293.89990234375,3837
2026-04-24 09:59:00+00:00,2298.0,2298.0,2298.0,2290.60009765625,2296.0,1886
2026-04-27 03:45:00+00:00,2305.39990234375,2305.39990234375,2305.39990234375,2296.199951171875,2296.199951171875,0
2026-04-27 03:46:00+00:00,2316.699951171875,2316.699951171875,2316.699951171875,2305.39990234375,2305.39990234375,7868
2026-04-27 03:47:00+00:00,2318.800048828125,2318.800048828125,2318.800048828125,2311.5,2314.0,8042
2026-04-27 03:48:00+00:00,2321.800048828125,2321.800048828125,2322.199951171875,2317.60009765625,2318.89990234375,7512
2026-04-27 03:49:00+00:00,2323.60009765625,2323.60009765625,2324.60009765625,2322.300048828125,2322.60009765625,4147
2026-04-27 03:50:00+00:00,2326.5,2326.5,2327.0,2322.5,2322.5,5196
2026-04-27 03:51:00+00:00,2331.5,2331.5,2332.60009765625,2326.0,2326.0,4210
2026-04-27 03:52:00+00:00,2329.800048828125,2329.800048828125,2333.300048828125,2329.10009765625,2331.199951171875,4404
2026-04-27 03:53:00+00:00,2331.699951171875,2331.699951171875,2333.0,2329.60009765625,2329.60009765625,5960
2026-04-27 03:54:00+00:00,2322.300048828125,2322.300048828125,2331.199951171875,2322.300048828125,2331.199951171875,1931
2026-04-27 03:55:00+00:00,2319.5,2319.5,2323.699951171875,2319.5,2322.300048828125,3301
2026-04-27 03:56:00+00:00,2311.10009765625,2311.10009765625,2318.699951171875,2310.300048828125,2318.60009765625,2916
2026-04-27 03:57:00+00:00,2314.0,2314.0,2315.300048828125,2310.699951171875,2310.699951171875,2392
2026-04-27 03:58:00+00:00,2313.10009765625,2313.10009765625,2315.300048828125,2312.0,2314.10009765625,945
2026-04-27 03:59:00+00:00,2308.800048828125,2308.800048828125,2311.39990234375,2306.0,2311.39990234375,5182
2026-04-27 04:00:00+00:00,2310.10009765625,2310.10009765625,2312.10009765625,2307.5,2307.89990234375,3622
2026-04-27 04:01:00+00:00,2312.89990234375,2312.89990234375,2313.10009765625,2310.10009765625,2311.10009765625,723
2026-04-27 04:02:00+00:00,2311.60009765625,2311.60009765625,2314.10009765625,2310.699951171875,2312.39990234375,2240
2026-04-27 04:03:00+00:00,2313.199951171875,2313.199951171875,2313.89990234375,2310.5,2311.60009765625,439
2026-04-27 04:04:00+00:00,2313.800048828125,2313.800048828125,2317.300048828125,2312.300048828125,2313.199951171875,3494
2026-04-27 04:05:00+00:00,2317.0,2317.0,2317.10009765625,2314.60009765625,2314.60009765625,351
2026-04-27 04:06:00+00:00,2316.89990234375,2316.89990234375,2318.0,2316.60009765625,2316.699951171875,1136
2026-04-27 04:07:00+00:00,2320.0,2320.0,2320.0,2316.60009765625,2316.89990234375,2129
2026-04-27 04:08:00+00:00,2319.0,2319.0,2320.39990234375,2316.39990234375,2320.39990234375,2539
2026-04-27 04:09:00+00:00,2319.10009765625,2319.10009765625,2320.800048828125,2318.0,2319.10009765625,1440
2026-04-27 04:10:00+00:00,2325.300048828125,2325.300048828125,2326.0,2319.199951171875,2319.199951171875,5441
2026-04-27 04:11:00+00:00,2322.699951171875,2322.699951171875,2326.89990234375,2322.699951171875,2324.39990234375,2673
2026-04-27 04:12:00+00:00,2327.699951171875,2327.699951171875,2328.60009765625,2322.800048828125,2322.800048828125,5886
2026-04-27 04:13:00+00:00,2330.10009765625,2330.10009765625,2330.10009765625,2325.39990234375,2327.0,2914
2026-04-27 04:14:00+00:00,2330.5,2330.5,2331.0,2330.199951171875,2330.39990234375,4564
2026-04-27 04:15:00+00:00,2338.39990234375,2338.39990234375,2339.0,2331.60009765625,2331.60009765625,3713
2026-04-27 04:16:00+00:00,2339.199951171875,2339.199951171875,2340.199951171875,2338.300048828125,2338.300048828125,5525
2026-04-27 04:17:00+00:00,2335.199951171875,2335.199951171875,2338.5,2333.199951171875,2338.5,3082
2026-04-27 04:18:00+00:00,2338.39990234375,2338.39990234375,2338.5,2334.0,2334.699951171875,1779
2026-04-27 04:19:00+00:00,2338.199951171875,2338.199951171875,2338.39990234375,2337.5,2338.199951171875,465
2026-04-27 04:20:00+00:00,2336.699951171875,2336.699951171875,2336.699951171875,2332.5,2335.0,9993
2026-04-27 04:21:00+00:00,2332.89990234375,2332.89990234375,2334.0,2332.89990234375,2334.0,1405
2026-04-27 04:22:00+00:00,2332.300048828125,2332.300048828125,2333.39990234375,2332.300048828125,2332.89990234375,534
2026-04-27 04:23:00+00:00,2332.699951171875,2332.699951171875,2333.199951171875,2330.0,2332.300048828125,2410
2026-04-27 04:24:00+00:00,2333.5,2333.5,2333.89990234375,2332.800048828125,2333.89990234375,467
2026-04-27 04:25:00+00:00,2334.300048828125,2334.300048828125,2334.800048828125,2333.10009765625,2333.5,1042
2026-04-27 04:26:00+00:00,2333.10009765625,2333.10009765625,2334.699951171875,2333.10009765625,2334.5,601
2026-04-27 04:27:00+00:00,2334.0,2334.0,2334.800048828125,2333.10009765625,2333.10009765625,359
2026-04-27 04:28:00+00:00,2335.60009765625,2335.60009765625,2336.39990234375,2335.0,2335.0,2144
2026-04-27 04:29:00+00:00,2335.300048828125,2335.300048828125,2336.300048828125,2335.0,2335.39990234375,918
2026-04-27 04:30:00+00:00,2335.300048828125,2335.300048828125,2335.300048828125,2333.199951171875,2335.199951171875,1098
2026-04-27 04:31:00+00:00,2338.199951171875,2338.199951171875,2338.199951171875,2335.300048828125,2335.300048828125,1553
2026-04-27 04:32:00+00:00,2334.89990234375,2334.89990234375,2337.39990234375,2334.5,2337.300048828125,1362
2026-04-27 04:33:00+00:00,2333.800048828125,2333.800048828125,2336.39990234375,2333.800048828125,2335.699951171875,823
2026-04-27 04:34:00+00:00,2333.60009765625,2333.60009765625,2334.300048828125,2332.89990234375,2333.699951171875,1502
2026-04-27 04:35:00+00:00,2334.300048828125,2334.300048828125,2335.0,2332.39990234375,2332.5,1007
2026-04-27 04:36:00+00:00,2338.699951171875,2338.699951171875,2338.699951171875,2333.300048828125,2333.300048828125,6480
2026-04-27 04:37:00+00:00,2340.60009765625,2340.60009765625,2340.800048828125,2338.39990234375,2338.89990234375,4018
2026-04-27 04:38:00+00:00,2339.199951171875,2339.199951171875,2340.39990234375,2339.199951171875,2339.800048828125,1065
2026-04-27 04:39:00+00:00,2332.199951171875,2332.199951171875,2339.0,2332.199951171875,2339.0,5668
2026-04-27 04:40:00+00:00,2333.0,2333.0,2333.0,2332.0,2333.0,1106
2026-04-27 04:41:00+00:00,2333.39990234375,2333.39990234375,2334.199951171875,2331.300048828125,2333.39990234375,3653
2026-04-27 04:42:00+00:00,2332.800048828125,2332.800048828125,2334.89990234375,2332.800048828125,2334.199951171875,7095
2026-04-27 04:43:00+00:00,2331.5,2331.5,2332.89990234375,2331.5,2332.699951171875,450
2026-04-27 04:44:00+00:00,2331.60009765625,2331.60009765625,2331.800048828125,2330.699951171875,2330.89990234375,558
2026-04-27 04:45:00+00:00,2334.199951171875,2334.199951171875,2334.89990234375,2332.10009765625,2332.10009765625,1366
2026-04-27 04:46:00+00:00,2334.5,2334.5,2334.699951171875,2333.89990234375,2334.699951171875,970
2026-04-27 04:47:00+00:00,2334.10009765625,2334.10009765625,2334.10009765625,2333.300048828125,2334.0,491
2026-04-27 04:48:00+00:00,2328.60009765625,2328.60009765625,2334.10009765625,2328.60009765625,2334.10009765625,3586
2026-04-27 04:49:00+00:00,2329.39990234375,2329.39990234375,2329.39990234375,2328.0,2329.10009765625,1268
2026-04-27 04:50:00+00:00,2329.10009765625,2329.10009765625,2329.5,2329.0,2329.39990234375,196
2026-04-27 04:51:00+00:00,2330.699951171875,2330.699951171875,2331.10009765625,2329.10009765625,2329.10009765625,1019
2026-04-27 04:52:00+00:00,2333.0,2333.0,2333.0,2331.0,2331.0,387
2026-04-27 04:53:00+00:00,2332.39990234375,2332.39990234375,2333.60009765625,2332.39990234375,2332.5,850
2026-04-27 04:54:00+00:00,2332.39990234375,2332.39990234375,2332.39990234375,2331.5,2331.5,304
2026-04-27 04:55:00+00:00,2332.10009765625,2332.10009765625,2332.5,2332.0,2332.10009765625,652
2026-04-27 04:56:00+00:00,2331.0,2331.0,2332.300048828125,2331.0,2332.10009765625,2708
2026-04-27 04:57:00+00:00,2327.800048828125,2327.800048828125,2330.699951171875,2327.800048828125,2330.699951171875,3600
2026-04-27 04:58:00+00:00,2329.199951171875,2329.199951171875,2330.0,2327.199951171875,2327.199951171875,976
2026-04-27 04:59:00+00:00,2330.0,2330.0,2330.0,2328.800048828125,2328.800048828125,6339
2026-04-27 05:00:00+00:00,2329.800048828125,2329.800048828125,2330.0,2329.800048828125,2330.0,5085
2026-04-27 05:01:00+00:00,2330.0,2330.0,2330.0,2328.39990234375,2329.89990234375,4695
2026-04-27 05:02:00+00:00,2327.10009765625,2327.10009765625,2329.300048828125,2327.0,2329.300048828125,887
2026-04-27 05:03:00+00:00,2327.5,2327.5,2328.300048828125,2326.5,2326.699951171875,724
2026-04-27 05:04:00+00:00,2327.60009765625,2327.60009765625,2328.0,2326.60009765625,2326.60009765625,610
2026-04-27 05:05:00+00:00,2326.800048828125,2326.800048828125,2328.199951171875,2326.800048828125,2327.60009765625,1279
2026-04-27 05:06:00+00:00,2326.39990234375,2326.39990234375,2327.10009765625,2326.199951171875,2326.60009765625,634
2026-04-27 05:07:00+00:00,2324.199951171875,2324.199951171875,2326.39990234375,2324.0,2325.89990234375,2601
2026-04-27 05:08:00+00:00,2323.89990234375,2323.89990234375,2324.199951171875,2323.5,2324.0,877
2026-04-27 05:09:00+00:00,2322.199951171875,2322.199951171875,2323.0,2321.699951171875,2323.0,180
2026-04-27 05:10:00+00:00,2320.0,2320.0,2321.800048828125,2320.0,2321.699951171875,2947
2026-04-27 05:11:00+00:00,2322.60009765625,2322.60009765625,2323.0,2320.5,2320.5,1111
2026-04-27 05:12:00+00:00,2323.5,2323.5,2323.800048828125,2321.89990234375,2322.0,569
2026-04-27 05:13:00+00:00,2322.39990234375,2322.39990234375,2323.199951171875,2322.39990234375,2323.199951171875,696
2026-04-27 05:14:00+00:00,2321.699951171875,2321.699951171875,2322.89990234375,2321.699951171875,2322.5,460
2026-04-27 05:15:00+00:00,2321.89990234375,2321.89990234375,2322.199951171875,2321.699951171875,2321.699951171875,659
2026-04-27 05:16:00+00:00,2320.10009765625,2320.10009765625,2321.89990234375,2316.89990234375,2321.89990234375,5786
2026-04-27 05:17:00+00:00,2318.699951171875,2318.699951171875,2319.699951171875,2318.699951171875,2319.199951171875,113
2026-04-27 05:18:00+00:00,2318.89990234375,2318.89990234375,2319.60009765625,2318.89990234375,2318.89990234375,313
2026-04-27 05:19:00+00:00,2319.699951171875,2319.699951171875,2319.800048828125,2319.5,2319.800048828125,154
2026-04-27 05:20:00+00:00,2321.800048828125,2321.800048828125,2321.800048828125,2319.300048828125,2319.300048828125,2511
2026-04-27 05:21:00+00:00,2320.699951171875,2320.699951171875,2321.199951171875,2320.60009765625,2321.0,162
2026-04-27 05:22:00+00:00,2321.10009765625,2321.10009765625,2322.10009765625,2320.699951171875,2320.699951171875,308
2026-04-27 05:23:00+00:00,2323.0,2323.0,2323.0,2321.199951171875,2321.39990234375,905
2026-04-27 05:24:00+00:00,2324.39990234375,2324.39990234375,2325.5,2322.89990234375,2322.89990234375,1270
2026-04-27 05:25:00+00:00,2323.300048828125,2323.300048828125,2324.60009765625,2323.199951171875,2324.39990234375,1092
2026-04-27 05:26:00+00:00,2322.39990234375,2322.39990234375,2323.10009765625,2322.39990234375,2323.10009765625,260
2026-04-27 05:27:00+00:00,2322.5,2322.5,2323.199951171875,2322.5,2323.199951171875,247
2026-04-27 05:28:00+00:00,2323.0,2323.0,2323.10009765625,2322.5,2322.5,555
2026-04-27 05:29:00+00:00,2322.800048828125,2322.800048828125,2322.89990234375,2322.60009765625,2322.60009765625,170
2026-04-27 05:30:00+00:00,2323.10009765625,2323.10009765625,2323.5,2323.0,2323.0,1567
2026-04-27 05:31:00+00:00,2323.0,2323.0,2323.300048828125,2322.39990234375,2323.10009765625,947
2026-04-27 05:32:00+00:00,2324.0,2324.0,2324.0,2323.10009765625,2323.10009765625,1037
2026-04-27 05:33:00+00:00,2325.39990234375,2325.39990234375,2325.39990234375,2323.800048828125,2324.0,720
2026-04-27 05:34:00+00:00,2323.300048828125,2323.300048828125,2325.5,2323.300048828125,2324.699951171875,2408
2026-04-27 05:35:00+00:00,2322.5,2322.5,2323.300048828125,2321.89990234375,2323.300048828125,2335
2026-04-27 05:36:00+00:00,2318.89990234375,2318.89990234375,2321.89990234375,2318.89990234375,2321.0,1664
2026-04-27 05:37:00+00:00,2319.300048828125,2319.300048828125,2319.300048828125,2318.5,2318.699951171875,588
2026-04-27 05:38:00+00:00,2318.0,2318.0,2318.699951171875,2318.0,2318.699951171875,1034
2026-04-27 05:39:00+00:00,2319.699951171875,2319.699951171875,2319.699951171875,2318.10009765625,2318.10009765625,581
2026-04-27 05:40:00+00:00,2320.0,2320.0,2320.0,2319.699951171875,2319.699951171875,274
2026-04-27 05:41:00+00:00,2319.0,2319.0,2320.0,2319.0,2320.0,549
2026-04-27 05:42:00+00:00,2319.89990234375,2319.89990234375,2319.89990234375,2319.0,2319.0,608
2026-04-27 05:43:00+00:00,2319.89990234375,2319.89990234375,2320.0,2319.199951171875,2319.199951171875,267
2026-04-27 05:44:00+00:00,2318.5,2318.5,2319.199951171875,2318.39990234375,2319.199951171875,1922
2026-04-27 05:45:00+00:00,2317.699951171875,2317.699951171875,2317.89990234375,2317.199951171875,2317.39990234375,2032
2026-04-27 05:46:00+00:00,2314.5,2314.5,2317.39990234375,2314.5,2317.39990234375,3716
2026-04-27 05:47:00+00:00,2314.800048828125,2314.800048828125,2315.10009765625,2313.39990234375,2314.5,748
2026-04-27 05:48:00+00:00,2312.0,2312.0,2313.60009765625,2311.60009765625,2313.60009765625,4280
2026-04-27 05:49:00+00:00,2311.199951171875,2311.199951171875,2312.0,2311.0,2312.0,699
2026-04-27 05:50:00+00:00,2310.10009765625,2310.10009765625,2311.199951171875,2309.300048828125,2311.199951171875,4537
2026-04-27 05:51:00+00:00,2310.199951171875,2310.199951171875,2311.300048828125,2309.89990234375,2309.89990234375,1721
2026-04-27 05:52:00+00:00,2310.39990234375,2310.39990234375,2310.800048828125,2310.199951171875,2310.60009765625,396
2026-04-27 05:53:00+00:00,2311.39990234375,2311.39990234375,2311.60009765625,2310.10009765625,2310.800048828125,2069
2026-04-27 05:54:00+00:00,2313.300048828125,2313.300048828125,2313.300048828125,2311.199951171875,2311.199951171875,276
2026-04-27 05:55:00+00:00,2313.300048828125,2313.300048828125,2313.300048828125,2312.60009765625,2313.199951171875,469
2026-04-27 05:56:00+00:00,2312.199951171875,2312.199951171875,2313.300048828125,2312.199951171875,2312.800048828125,607
2026-04-27 05:57:00+00:00,2312.39990234375,2312.39990234375,2313.300048828125,2312.199951171875,2313.300048828125,127
2026-04-27 05:58:00+00:00,2312.60009765625,2312.60009765625,2313.699951171875,2312.60009765625,2313.199951171875,1429
2026-04-27 05:59:00+00:00,2308.0,2308.0,2312.5,2308.0,2312.5,3857
2026-04-27 06:00:00+00:00,2316.0,2316.0,2316.10009765625,2308.0,2308.0,7297
2026-04-27 06:01:00+00:00,2316.5,2316.5,2316.5,2315.699951171875,2315.699951171875,174
2026-04-27 06:02:00+00:00,2317.199951171875,2317.199951171875,2317.699951171875,2316.39990234375,2316.39990234375,310
2026-04-27 06:03:00+00:00,2316.300048828125,2316.300048828125,2316.699951171875,2315.60009765625,2316.699951171875,1185
2026-04-27 06:04:00+00:00,2316.10009765625,2316.10009765625,2316.10009765625,2315.5,2315.5,149
2026-04-27 06:05:00+00:00,2316.60009765625,2316.60009765625,2316.699951171875,2315.699951171875,2315.89990234375,345
2026-04-27 06:06:00+00:00,2315.60009765625,2315.60009765625,2316.5,2315.60009765625,2316.5,994
2026-04-27 06:07:00+00:00,2315.300048828125,2315.300048828125,2315.39990234375,2314.89990234375,2315.39990234375,3696
2026-04-27 06:08:00+00:00,2315.10009765625,2315.10009765625,2315.10009765625,2314.5,2314.89990234375,1771
2026-04-27 06:09:00+00:00,2315.699951171875,2315.699951171875,2315.699951171875,2312.699951171875,2314.5,9274
2026-04-27 06:10:00+00:00,2315.60009765625,2315.60009765625,2316.300048828125,2315.199951171875,2315.199951171875,757
2026-04-27 06:11:00+00:00,2316.10009765625,2316.10009765625,2316.10009765625,2315.60009765625,2315.60009765625,55
2026-04-27 06:12:00+00:00,2317.199951171875,2317.199951171875,2317.199951171875,2315.89990234375,2315.89990234375,564
2026-04-27 06:13:00+00:00,2317.699951171875,2317.699951171875,2318.5,2316.800048828125,2316.800048828125,1237
2026-04-27 06:14:00+00:00,2318.0,2318.0,2318.0,2317.300048828125,2317.300048828125,104
2026-04-27 06:15:00+00:00,2318.39990234375,2318.39990234375,2318.39990234375,2317.5,2317.5,230
2026-04-27 06:16:00+00:00,2318.0,2318.0,2318.60009765625,2317.60009765625,2318.10009765625,2501
2026-04-27 06:17:00+00:00,2319.0,2319.0,2319.0,2318.699951171875,2318.699951171875,375
2026-04-27 06:18:00+00:00,2318.0,2318.0,2319.10009765625,2318.0,2318.699951171875,1458
2026-04-27 06:19:00+00:00,2319.39990234375,2319.39990234375,2319.39990234375,2318.0,2318.0,973
2026-04-27 06:20:00+00:00,2318.0,2318.0,2319.300048828125,2318.0,2319.300048828125,428
2026-04-27 06:21:00+00:00,2318.10009765625,2318.10009765625,2318.39990234375,2318.0,2318.0,214
2026-04-27 06:22:00+00:00,2317.300048828125,2317.300048828125,2317.800048828125,2317.199951171875,2317.800048828125,1018
2026-04-27 06:23:00+00:00,2317.699951171875,2317.699951171875,2317.699951171875,2317.300048828125,2317.300048828125,53
2026-04-27 06:24:00+00:00,2318.10009765625,2318.10009765625,2318.10009765625,2317.300048828125,2317.300048828125,1453
2026-04-27 06:25:00+00:00,2319.0,2319.0,2319.199951171875,2318.0,2318.0,3720
2026-04-27 06:26:00+00:00,2317.89990234375,2317.89990234375,2319.300048828125,2317.89990234375,2319.300048828125,1032
2026-04-27 06:27:00+00:00,2318.39990234375,2318.39990234375,2318.5,2317.89990234375,2318.39990234375,302
2026-04-27 06:28:00+00:00,2317.699951171875,2317.699951171875,2318.89990234375,2317.699951171875,2318.5,743
2026-04-27 06:29:00+00:00,2316.800048828125,2316.800048828125,2318.800048828125,2316.800048828125,2318.800048828125,820
2026-04-27 06:30:00+00:00,2318.699951171875,2318.699951171875,2319.89990234375,2316.0,2316.60009765625,2781
2026-04-27 06:31:00+00:00,2319.0,2319.0,2319.60009765625,2319.0,2319.0,300
2026-04-27 06:32:00+00:00,2320.800048828125,2320.800048828125,2321.0,2319.0,2319.0,1674
2026-04-27 06:33:00+00:00,2317.199951171875,2317.199951171875,2320.300048828125,2317.199951171875,2320.300048828125,1557
2026-04-27 06:34:00+00:00,2319.89990234375,2319.89990234375,2319.89990234375,2318.10009765625,2318.10009765625,426
2026-04-27 06:35:00+00:00,2320.0,2320.0,2320.199951171875,2319.699951171875,2319.699951171875,584
2026-04-27 06:36:00+00:00,2320.0,2320.0,2320.39990234375,2320.0,2320.0,453
2026-04-27 06:37:00+00:00,2320.0,2320.0,2320.39990234375,2320.0,2320.199951171875,458
2026-04-27 06:38:00+00:00,2320.0,2320.0,2320.699951171875,2320.0,2320.0,4978
2026-04-27 06:39:00+00:00,2320.10009765625,2320.10009765625,2320.5,2320.10009765625,2320.10009765625,614
2026-04-27 06:40:00+00:00,2320.199951171875,2320.199951171875,2320.199951171875,2319.10009765625,2320.10009765625,7467
2026-04-27 06:41:00+00:00,2320.0,2320.0,2320.39990234375,2320.0,2320.39990234375,2206
2026-04-27 06:42:00+00:00,2319.5,2319.5,2320.10009765625,2319.5,2320.0,3460
2026-04-27 06:43:00+00:00,2320.0,2320.0,2320.199951171875,2319.699951171875,2319.699951171875,653
2026-04-27 06:44:00+00:00,2320.800048828125,2320.800048828125,2320.800048828125,2320.0,2320.0,1046
2026-04-27 06:45:00+00:00,2321.300048828125,2321.300048828125,2321.300048828125,2320.0,2320.199951171875,1666
2026-04-27 06:46:00+00:00,2323.60009765625,2323.60009765625,2323.800048828125,2321.199951171875,2321.199951171875,1761
2026-04-27 06:47:00+00:00,2323.0,2323.0,2323.300048828125,2323.0,2323.10009765625,572
2026-04-27 06:48:00+00:00,2323.5,2323.5,2323.5,2322.60009765625,2323.0,1367
2026-04-27 06:49:00+00:00,2322.300048828125,2322.300048828125,2323.699951171875,2322.300048828125,2323.10009765625,1949
2026-04-27 06:50:00+00:00,2320.5,2320.5,2321.5,2320.10009765625,2321.5,1168
2026-04-27 06:51:00+00:00,2320.0,2320.0,2320.39990234375,2320.0,2320.10009765625,677
2026-04-27 06:52:00+00:00,2320.0,2320.0,2320.199951171875,2320.0,2320.0,438
2026-04-27 06:53:00+00:00,2322.300048828125,2322.300048828125,2322.699951171875,2320.0,2320.0,1878
2026-04-27 06:54:00+00:00,2322.0,2322.0,2322.60009765625,2322.0,2322.300048828125,830
2026-04-27 06:55:00+00:00,2322.10009765625,2322.10009765625,2323.0,2321.89990234375,2322.0,816
2026-04-27 06:56:00+00:00,2321.699951171875,2321.699951171875,2322.199951171875,2321.699951171875,2322.10009765625,681
2026-04-27 06:57:00+00:00,2321.800048828125,2321.800048828125,2321.800048828125,2321.300048828125,2321.60009765625,1032
2026-04-27 06:58:00+00:00,2321.199951171875,2321.199951171875,2321.199951171875,2321.0,2321.199951171875,850
2026-04-27 06:59:00+00:00,2321.199951171875,2321.199951171875,2321.800048828125,2321.10009765625,2321.300048828125,1506
2026-04-27 07:00:00+00:00,2320.300048828125,2320.300048828125,2321.199951171875,2320.300048828125,2321.0,1104
2026-04-27 07:01:00+00:00,2320.0,2320.0,2320.699951171875,2320.0,2320.10009765625,1235
2026-04-27 07:02:00+00:00,2321.199951171875,2321.199951171875,2321.699951171875,2320.89990234375,2320.89990234375,2299
2026-04-27 07:03:00+00:00,2321.5,2321.5,2321.800048828125,2320.89990234375,2321.0,1390
2026-04-27 07:04:00+00:00,2320.89990234375,2320.89990234375,2321.800048828125,2320.89990234375,2321.10009765625,1312
2026-04-27 07:05:00+00:00,2321.10009765625,2321.10009765625,2322.0,2320.10009765625,2320.800048828125,2761
2026-04-27 07:06:00+00:00,2320.0,2320.0,2321.10009765625,2320.0,2321.10009765625,1034
2026-04-27 07:07:00+00:00,2319.800048828125,2319.800048828125,2320.0,2319.800048828125,2320.0,1155
2026-04-27 07:08:00+00:00,2320.0,2320.0,2320.0,2319.60009765625,2319.800048828125,516
2026-04-27 07:09:00+00:00,2320.0,2320.0,2320.0,2319.39990234375,2319.5,181
2026-04-27 07:10:00+00:00,2320.0,2320.0,2320.0,2319.5,2319.5,258
2026-04-27 07:11:00+00:00,2320.0,2320.0,2320.0,2319.5,2320.0,550
2026-04-27 07:12:00+00:00,2317.300048828125,2317.300048828125,2320.0,2317.10009765625,2319.699951171875,2574
2026-04-27 07:13:00+00:00,2317.300048828125,2317.300048828125,2317.300048828125,2317.10009765625,2317.10009765625,53
2026-04-27 07:14:00+00:00,2317.39990234375,2317.39990234375,2317.39990234375,2317.10009765625,2317.10009765625,117
2026-04-27 07:15:00+00:00,2316.300048828125,2316.300048828125,2317.39990234375,2316.300048828125,2317.10009765625,1014
2026-04-27 07:16:00+00:00,2315.800048828125,2315.800048828125,2316.0,2315.39990234375,2316.0,314
2026-04-27 07:17:00+00:00,2316.0,2316.0,2316.10009765625,2315.800048828125,2315.800048828125,588
2026-04-27 07:18:00+00:00,2315.800048828125,2315.800048828125,2315.89990234375,2315.5,2315.5,87
2026-04-27 07:19:00+00:00,2315.5,2315.5,2316.0,2315.5,2315.800048828125,69
2026-04-27 07:20:00+00:00,2313.699951171875,2313.699951171875,2315.5,2313.699951171875,2315.5,2879
2026-04-27 07:21:00+00:00,2313.5,2313.5,2314.39990234375,2313.10009765625,2313.60009765625,768
2026-04-27 07:22:00+00:00,2315.0,2315.0,2315.0,2313.10009765625,2313.10009765625,2683
2026-04-27 07:23:00+00:00,2314.5,2314.5,2315.39990234375,2314.5,2314.800048828125,960
2026-04-27 07:24:00+00:00,2315.0,2315.0,2315.0,2314.5,2314.5,0
2026-04-27 07:25:00+00:00,2314.89990234375,2314.89990234375,2315.10009765625,2313.89990234375,2314.5,282
2026-04-27 07:26:00+00:00,2314.300048828125,2314.300048828125,2314.89990234375,2314.199951171875,2314.89990234375,91
2026-04-27 07:27:00+00:00,2315.10009765625,2315.10009765625,2315.10009765625,2314.300048828125,2314.300048828125,343
2026-04-27 07:28:00+00:00,2314.89990234375,2314.89990234375,2314.89990234375,2314.60009765625,2314.60009765625,356
2026-04-27 07:29:00+00:00,2315.0,2315.0,2315.0,2314.89990234375,2314.89990234375,361
2026-04-27 07:30:00+00:00,2316.5,2316.5,2316.5,2315.0,2315.0,874
2026-04-27 07:31:00+00:00,2316.0,2316.0,2316.5,2316.0,2316.0,346
2026-04-27 07:32:00+00:00,2316.800048828125,2316.800048828125,2316.800048828125,2316.10009765625,2316.10009765625,340
2026-04-27 07:33:00+00:00,2316.699951171875,2316.699951171875,2316.699951171875,2316.199951171875,2316.699951171875,1314
2026-04-27 07:34:00+00:00,2315.300048828125,2315.300048828125,2316.699951171875,2315.300048828125,2316.699951171875,440
2026-04-27 07:35:00+00:00,2310.800048828125,2310.800048828125,2315.10009765625,2310.800048828125,2315.10009765625,1651
2026-04-27 07:36:00+00:00,2314.300048828125,2314.300048828125,2314.300048828125,2311.10009765625,2311.10009765625,2040
2026-04-27 07:37:00+00:00,2314.0,2314.0,2314.5,2313.699951171875,2314.5,55
2026-04-27 07:38:00+00:00,2315.60009765625,2315.60009765625,2315.60009765625,2314.0,2314.0,113
2026-04-27 07:39:00+00:00,2315.300048828125,2315.300048828125,2315.300048828125,2314.800048828125,2315.10009765625,66
2026-04-27 07:40:00+00:00,2315.89990234375,2315.89990234375,2315.89990234375,2314.800048828125,2314.800048828125,83
2026-04-27 07:41:00+00:00,2316.10009765625,2316.10009765625,2316.60009765625,2315.60009765625,2316.60009765625,772
2026-04-27 07:42:00+00:00,2315.89990234375,2315.89990234375,2315.89990234375,2315.10009765625,2315.5,515
2026-04-27 07:43:00+00:00,2316.199951171875,2316.199951171875,2316.199951171875,2315.39990234375,2315.39990234375,586
2026-04-27 07:44:00+00:00,2316.800048828125,2316.800048828125,2316.800048828125,2315.699951171875,2315.699951171875,410
2026-04-27 07:45:00+00:00,2318.10009765625,2318.10009765625,2318.10009765625,2316.800048828125,2316.800048828125,604
2026-04-27 07:46:00+00:00,2317.60009765625,2317.60009765625,2317.699951171875,2317.300048828125,2317.300048828125,753
2026-04-27 07:47:00+00:00,2317.699951171875,2317.699951171875,2317.800048828125,2317.300048828125,2317.300048828125,1634
2026-04-27 07:48:00+00:00,2316.60009765625,2316.60009765625,2317.5,2316.60009765625,2317.5,288
2026-04-27 07:49:00+00:00,2316.39990234375,2316.39990234375,2316.800048828125,2316.300048828125,2316.39990234375,379
2026-04-27 07:50:00+00:00,2316.300048828125,2316.300048828125,2316.39990234375,2316.199951171875,2316.199951171875,99
2026-04-27 07:51:00+00:00,2316.39990234375,2316.39990234375,2316.699951171875,2316.300048828125,2316.300048828125,491
2026-04-27 07:52:00+00:00,2316.800048828125,2316.800048828125,2316.800048828125,2316.199951171875,2316.39990234375,479
2026-04-27 07:53:00+00:00,2315.89990234375,2315.89990234375,2316.300048828125,2315.89990234375,2316.300048828125,600
2026-04-27 07:54:00+00:00,2316.89990234375,2316.89990234375,2316.89990234375,2315.60009765625,2315.89990234375,2506
2026-04-27 07:55:00+00:00,2320.0,2320.0,2320.199951171875,2318.300048828125,2318.300048828125,8136
2026-04-27 07:56:00+00:00,2322.10009765625,2322.10009765625,2322.800048828125,2319.60009765625,2319.60009765625,6990
2026-04-27 07:57:00+00:00,2320.10009765625,2320.10009765625,2323.5,2320.10009765625,2322.199951171875,2422
2026-04-27 07:58:00+00:00,2320.5,2320.5,2321.0,2320.0,2320.39990234375,1443
2026-04-27 07:59:00+00:00,2320.0,2320.0,2320.89990234375,2320.0,2320.5,1985
2026-04-27 08:00:00+00:00,2320.0,2320.0,2320.0,2320.0,2320.0,1347
2026-04-27 08:01:00+00:00,2320.0,2320.0,2320.800048828125,2320.0,2320.0,2076
2026-04-27 08:02:00+00:00,2320.39990234375,2320.39990234375,2320.39990234375,2320.0,2320.0,1482
2026-04-27 08:03:00+00:00,2320.0,2320.0,2320.199951171875,2320.0,2320.0,1704
2026-04-27 08:04:00+00:00,2320.0,2320.0,2320.199951171875,2320.0,2320.0,1661
2026-04-27 08:05:00+00:00,2320.10009765625,2320.10009765625,2320.699951171875,2320.0,2320.0,2492
2026-04-27 08:06:00+00:00,2320.0,2320.0,2320.10009765625,2320.0,2320.10009765625,1851
2026-04-27 08:07:00+00:00,2320.0,2320.0,2320.0,2319.800048828125,2320.0,8097
2026-04-27 08:08:00+00:00,2320.0,2320.0,2320.199951171875,2319.89990234375,2319.89990234375,3258
2026-04-27 08:09:00+00:00,2320.199951171875,2320.199951171875,2320.199951171875,2320.0,2320.0,1602
2026-04-27 08:10:00+00:00,2320.0,2320.0,2321.10009765625,2320.0,2320.0,3499
2026-04-27 08:11:00+00:00,2319.89990234375,2319.89990234375,2320.39990234375,2319.89990234375,2320.0,1998
2026-04-27 08:12:00+00:00,2319.699951171875,2319.699951171875,2319.800048828125,2319.699951171875,2319.699951171875,57
2026-04-27 08:13:00+00:00,2319.699951171875,2319.699951171875,2319.699951171875,2319.39990234375,2319.699951171875,68
2026-04-27 08:14:00+00:00,2319.89990234375,2319.89990234375,2319.89990234375,2319.39990234375,2319.39990234375,353
2026-04-27 08:15:00+00:00,2319.89990234375,2319.89990234375,2320.0,2319.5,2319.5,678
2026-04-27 08:16:00+00:00,2319.0,2319.0,2319.89990234375,2319.0,2319.60009765625,646
2026-04-27 08:17:00+00:00,2319.300048828125,2319.300048828125,2319.300048828125,2319.0,2319.300048828125,92
2026-04-27 08:18:00+00:00,2318.39990234375,2318.39990234375,2319.0,2318.39990234375,2319.0,894
2026-04-27 08:19:00+00:00,2318.300048828125,2318.300048828125,2318.39990234375,2318.199951171875,2318.199951171875,330
2026-04-27 08:20:00+00:00,2317.89990234375,2317.89990234375,2318.199951171875,2317.60009765625,2318.199951171875,563
2026-04-27 08:21:00+00:00,2317.300048828125,2317.300048828125,2317.800048828125,2317.300048828125,2317.39990234375,101
2026-04-27 08:22:00+00:00,2318.199951171875,2318.199951171875,2318.199951171875,2317.39990234375,2317.39990234375,360
2026-04-27 08:23:00+00:00,2318.300048828125,2318.300048828125,2318.300048828125,2317.699951171875,2317.699951171875,410
2026-04-27 08:24:00+00:00,2318.300048828125,2318.300048828125,2318.300048828125,2317.800048828125,2317.800048828125,161
2026-04-27 08:25:00+00:00,2318.60009765625,2318.60009765625,2318.60009765625,2318.199951171875,2318.199951171875,861
2026-04-27 08:26:00+00:00,2318.699951171875,2318.699951171875,2318.699951171875,2318.5,2318.5,822
2026-04-27 08:27:00+00:00,2320.5,2320.5,2320.699951171875,2318.60009765625,2318.60009765625,3931
2026-04-27 08:28:00+00:00,2320.10009765625,2320.10009765625,2320.699951171875,2320.0,2320.300048828125,2430
2026-04-27 08:29:00+00:00,2320.199951171875,2320.199951171875,2320.800048828125,2320.0,2320.0,3236
2026-04-27 08:30:00+00:00,2320.5,2320.5,2321.300048828125,2320.0,2320.89990234375,7534
2026-04-27 08:31:00+00:00,2321.0,2321.0,2323.300048828125,2320.0,2320.0,34810
2026-04-27 08:32:00+00:00,2321.0,2321.0,2321.0,2320.0,2320.5,2013
2026-04-27 08:33:00+00:00,2321.0,2321.0,2323.39990234375,2320.5,2320.5,26639
2026-04-27 08:34:00+00:00,2322.10009765625,2322.10009765625,2323.0,2320.800048828125,2321.0,1503
2026-04-27 08:35:00+00:00,2323.0,2323.0,2323.0,2321.89990234375,2322.10009765625,1231
2026-04-27 08:36:00+00:00,2321.10009765625,2321.10009765625,2322.89990234375,2321.10009765625,2322.10009765625,1573
2026-04-27 08:37:00+00:00,2323.5,2323.5,2323.89990234375,2321.0,2321.0,4509
2026-04-27 08:38:00+00:00,2323.800048828125,2323.800048828125,2325.10009765625,2323.800048828125,2323.800048828125,2013
2026-04-27 08:39:00+00:00,2323.0,2323.0,2324.60009765625,2323.0,2324.60009765625,2152
2026-04-27 08:40:00+00:00,2326.699951171875,2326.699951171875,2326.699951171875,2323.0,2323.300048828125,2429
2026-04-27 08:41:00+00:00,2324.199951171875,2324.199951171875,2325.800048828125,2324.199951171875,2325.39990234375,1512
2026-04-27 08:42:00+00:00,2326.199951171875,2326.199951171875,2326.60009765625,2324.60009765625,2324.60009765625,2789
2026-04-27 08:43:00+00:00,2326.699951171875,2326.699951171875,2326.699951171875,2325.39990234375,2325.699951171875,1451
2026-04-27 08:44:00+00:00,2325.39990234375,2325.39990234375,2326.89990234375,2325.300048828125,2325.5,1618
2026-04-27 08:45:00+00:00,2326.10009765625,2326.10009765625,2329.199951171875,2326.10009765625,2326.300048828125,2523
2026-04-27 08:46:00+00:00,2326.39990234375,2326.39990234375,2327.199951171875,2325.39990234375,2327.0,1553
2026-04-27 08:47:00+00:00,2327.0,2327.0,2327.0,2325.60009765625,2325.89990234375,1571
2026-04-27 08:48:00+00:00,2327.300048828125,2327.300048828125,2327.300048828125,2325.699951171875,2326.5,1567
2026-04-27 08:49:00+00:00,2327.10009765625,2327.10009765625,2328.199951171875,2326.800048828125,2327.699951171875,1333
2026-04-27 08:50:00+00:00,2327.0,2327.0,2327.89990234375,2326.800048828125,2327.39990234375,1641
2026-04-27 08:51:00+00:00,2327.0,2327.0,2328.199951171875,2326.89990234375,2327.0,1767
2026-04-27 08:52:00+00:00,2328.800048828125,2328.800048828125,2328.800048828125,2327.0,2327.0,2528
2026-04-27 08:53:00+00:00,2326.10009765625,2326.10009765625,2328.800048828125,2326.10009765625,2328.800048828125,3467
2026-04-27 08:54:00+00:00,2325.800048828125,2325.800048828125,2326.39990234375,2325.800048828125,2326.39990234375,1498
2026-04-27 08:55:00+00:00,2326.10009765625,2326.10009765625,2326.800048828125,2325.10009765625,2325.800048828125,4115
2026-04-27 08:56:00+00:00,2325.800048828125,2325.800048828125,2326.5,2325.10009765625,2326.0,1460
2026-04-27 08:57:00+00:00,2326.699951171875,2326.699951171875,2326.800048828125,2325.39990234375,2326.10009765625,2022
2026-04-27 08:58:00+00:00,2326.699951171875,2326.699951171875,2327.699951171875,2326.0,2327.10009765625,1427
2026-04-27 08:59:00+00:00,2327.699951171875,2327.699951171875,2327.699951171875,2326.0,2326.699951171875,1638
2026-04-27 09:00:00+00:00,2325.300048828125,2325.300048828125,2327.0,2325.300048828125,2326.5,1367
2026-04-27 09:01:00+00:00,2325.0,2325.0,2326.39990234375,2325.0,2325.5,1646
2026-04-27 09:02:00+00:00,2325.0,2325.0,2326.10009765625,2325.0,2326.10009765625,1564
2026-04-27 09:03:00+00:00,2325.699951171875,2325.699951171875,2326.10009765625,2325.0,2325.60009765625,2228
2026-04-27 09:04:00+00:00,2325.60009765625,2325.60009765625,2325.60009765625,2325.0,2325.0,1621
2026-04-27 09:05:00+00:00,2325.5,2325.5,2325.89990234375,2325.5,2325.60009765625,1375
2026-04-27 09:06:00+00:00,2325.300048828125,2325.300048828125,2326.300048828125,2325.199951171875,2325.5,2476
2026-04-27 09:07:00+00:00,2325.60009765625,2325.60009765625,2326.0,2325.300048828125,2325.300048828125,1352
2026-04-27 09:08:00+00:00,2325.89990234375,2325.89990234375,2325.89990234375,2325.0,2325.60009765625,5988
2026-04-27 09:09:00+00:00,2325.199951171875,2325.199951171875,2325.199951171875,2325.10009765625,2325.10009765625,1289
2026-04-27 09:10:00+00:00,2325.800048828125,2325.800048828125,2326.10009765625,2325.10009765625,2325.10009765625,2219
2026-04-27 09:11:00+00:00,2325.300048828125,2325.300048828125,2325.699951171875,2325.300048828125,2325.699951171875,1447
2026-04-27 09:12:00+00:00,2327.300048828125,2327.300048828125,2327.300048828125,2325.39990234375,2326.0,2042
2026-04-27 09:13:00+00:00,2327.0,2327.0,2327.5,2326.5,2327.300048828125,3556
2026-04-27 09:14:00+00:00,2327.5,2327.5,2327.60009765625,2326.60009765625,2327.0,1973
2026-04-27 09:15:00+00:00,2328.5,2328.5,2328.5,2327.0,2328.0,7063
2026-04-27 09:16:00+00:00,2328.5,2328.5,2328.60009765625,2328.0,2328.5,2008
2026-04-27 09:17:00+00:00,2328.5,2328.5,2328.60009765625,2328.0,2328.60009765625,2528
2026-04-27 09:18:00+00:00,2328.5,2328.5,2328.60009765625,2328.0,2328.10009765625,1841
2026-04-27 09:19:00+00:00,2328.60009765625,2328.60009765625,2328.60009765625,2328.0,2328.60009765625,1953
2026-04-27 09:20:00+00:00,2328.0,2328.0,2328.5,2328.0,2328.5,1764
2026-04-27 09:21:00+00:00,2325.39990234375,2325.39990234375,2328.10009765625,2325.39990234375,2328.10009765625,6081
2026-04-27 09:22:00+00:00,2326.0,2326.0,2326.0,2325.199951171875,2325.39990234375,4478
2026-04-27 09:23:00+00:00,2325.0,2325.0,2325.60009765625,2325.0,2325.60009765625,1492
2026-04-27 09:24:00+00:00,2326.39990234375,2326.39990234375,2326.39990234375,2325.5,2325.89990234375,1959
2026-04-27 09:25:00+00:00,2325.199951171875,2325.199951171875,2326.5,2325.199951171875,2326.39990234375,5311
2026-04-27 09:26:00+00:00,2326.300048828125,2326.300048828125,2326.89990234375,2325.300048828125,2325.300048828125,2547
2026-04-27 09:27:00+00:00,2326.699951171875,2326.699951171875,2326.800048828125,2325.89990234375,2326.699951171875,1259
2026-04-27 09:28:00+00:00,2325.89990234375,2325.89990234375,2326.5,2325.10009765625,2326.10009765625,1522
2026-04-27 09:29:00+00:00,2326.5,2326.5,2326.5,2325.300048828125,2326.39990234375,1685
2026-04-27 09:30:00+00:00,2326.10009765625,2326.10009765625,2326.60009765625,2326.0,2326.39990234375,3526
2026-04-27 09:31:00+00:00,2325.699951171875,2325.699951171875,2326.39990234375,2325.699951171875,2326.199951171875,3066
2026-04-27 09:32:00+00:00,2325.10009765625,2325.10009765625,2326.0,2325.10009765625,2326.0,2282
2026-04-27 09:33:00+00:00,2325.10009765625,2325.10009765625,2325.60009765625,2325.10009765625,2325.300048828125,3850
2026-04-27 09:34:00+00:00,2325.39990234375,2325.39990234375,2325.39990234375,2325.0,2325.39990234375,4194
2026-04-27 09:35:00+00:00,2325.0,2325.0,2325.39990234375,2325.0,2325.0,4516
2026-04-27 09:36:00+00:00,2325.0,2325.0,2325.39990234375,2325.0,2325.0,5615
2026-04-27 09:37:00+00:00,2324.89990234375,2324.89990234375,2325.39990234375,2324.89990234375,2325.300048828125,12256
2026-04-27 09:38:00+00:00,2323.0,2323.0,2325.10009765625,2323.0,2324.89990234375,24645
2026-04-27 09:39:00+00:00,2322.300048828125,2322.300048828125,2323.39990234375,2322.300048828125,2323.300048828125,4167
2026-04-27 09:40:00+00:00,2322.300048828125,2322.300048828125,2322.5,2320.800048828125,2322.300048828125,9266
2026-04-27 09:41:00+00:00,2323.0,2323.0,2323.300048828125,2322.300048828125,2322.39990234375,2980
2026-04-27 09:42:00+00:00,2323.300048828125,2323.300048828125,2323.39990234375,2322.699951171875,2323.0,3450
2026-04-27 09:43:00+00:00,2322.60009765625,2322.60009765625,2323.0,2322.0,2322.89990234375,5549
2026-04-27 09:44:00+00:00,2323.199951171875,2323.199951171875,2323.199951171875,2322.0,2322.5,3731
2026-04-27 09:45:00+00:00,2323.300048828125,2323.300048828125,2323.300048828125,2322.5,2322.5,2381
2026-04-27 09:46:00+00:00,2323.5,2323.5,2323.5,2322.39990234375,2323.300048828125,8875
2026-04-27 09:47:00+00:00,2325.39990234375,2325.39990234375,2325.699951171875,2324.0,2324.0,11985
2026-04-27 09:48:00+00:00,2325.60009765625,2325.60009765625,2325.800048828125,2325.0,2325.10009765625,5940
2026-04-27 09:49:00+00:00,2325.0,2325.0,2325.800048828125,2325.0,2325.0,7104
2026-04-27 09:50:00+00:00,2325.699951171875,2325.699951171875,2325.699951171875,2325.0,2325.0,6933
2026-04-27 09:51:00+00:00,2325.39990234375,2325.39990234375,2325.89990234375,2325.10009765625,2325.89990234375,6028
2026-04-27 09:52:00+00:00,2325.39990234375,2325.39990234375,2325.39990234375,2325.0,2325.39990234375,6461
2026-04-27 09:53:00+00:00,2325.39990234375,2325.39990234375,2325.39990234375,2325.0,2325.39990234375,7003
2026-04-27 09:54:00+00:00,2325.699951171875,2325.699951171875,2325.699951171875,2325.0,2325.39990234375,9960
2026-04-27 09:55:00+00:00,2325.39990234375,2325.39990234375,2325.39990234375,2324.89990234375,2325.0,9205
2026-04-27 09:56:00+00:00,2324.10009765625,2324.10009765625,2325.39990234375,2324.10009765625,2325.0,6181
2026-04-27 09:57:00+00:00,2323.800048828125,2323.800048828125,2325.39990234375,2323.800048828125,2325.39990234375,9873
2026-04-27 09:58:00+00:00,2324.5,2324.5,2326.39990234375,2324.5,2325.0,12254
2026-04-27 09:59:00+00:00,2324.5,2324.5,2325.0,2318.39990234375,2324.39990234375,6865
2026-04-28 03:45:00+00:00,2296.300048828125,2296.300048828125,2297.10009765625,2291.0,2291.699951171875,0
2026-04-28 03:46:00+00:00,2308.800048828125,2308.800048828125,2314.39990234375,2296.300048828125,2296.300048828125,21112
2026-04-28 03:47:00+00:00,2298.89990234375,2298.89990234375,2305.5,2297.60009765625,2305.5,6372
2026-04-28 03:48:00+00:00,2303.89990234375,2303.89990234375,2303.89990234375,2297.5,2299.300048828125,2560
2026-04-28 03:49:00+00:00,2310.0,2310.0,2310.0,2303.699951171875,2304.0,2687
2026-04-28 03:50:00+00:00,2302.300048828125,2302.300048828125,2309.10009765625,2302.300048828125,2308.0,5134
2026-04-28 03:51:00+00:00,2313.89990234375,2313.89990234375,2314.800048828125,2305.5,2305.5,4878
2026-04-28 03:52:00+00:00,2316.5,2316.5,2316.5,2311.5,2315.10009765625,11556
2026-04-28 03:53:00+00:00,2311.10009765625,2311.10009765625,2316.199951171875,2310.39990234375,2316.199951171875,4423
2026-04-28 03:54:00+00:00,2314.5,2314.5,2315.10009765625,2309.199951171875,2310.300048828125,7368
2026-04-28 03:55:00+00:00,2316.10009765625,2316.10009765625,2316.5,2314.60009765625,2315.800048828125,2714
2026-04-28 03:56:00+00:00,2318.60009765625,2318.60009765625,2318.60009765625,2314.0,2316.89990234375,7966
2026-04-28 03:57:00+00:00,2318.0,2318.0,2319.0,2317.0,2317.699951171875,3407
2026-04-28 03:58:00+00:00,2308.0,2308.0,2317.699951171875,2308.0,2317.699951171875,5519
2026-04-28 03:59:00+00:00,2305.89990234375,2305.89990234375,2308.0,2303.89990234375,2308.0,3322
2026-04-28 04:00:00+00:00,2306.699951171875,2306.699951171875,2307.800048828125,2305.39990234375,2305.39990234375,1933
2026-04-28 04:01:00+00:00,2303.60009765625,2303.60009765625,2306.699951171875,2302.5,2306.699951171875,1993
2026-04-28 04:02:00+00:00,2304.0,2304.0,2305.10009765625,2302.699951171875,2303.800048828125,2086
2026-04-28 04:03:00+00:00,2304.0,2304.0,2304.60009765625,2303.0,2304.39990234375,1087
2026-04-28 04:04:00+00:00,2303.60009765625,2303.60009765625,2304.0,2303.60009765625,2304.0,1243
2026-04-28 04:05:00+00:00,2302.60009765625,2302.60009765625,2303.800048828125,2302.10009765625,2303.60009765625,1591
2026-04-28 04:06:00+00:00,2307.10009765625,2307.10009765625,2307.10009765625,2302.699951171875,2302.699951171875,1868
2026-04-28 04:07:00+00:00,2306.300048828125,2306.300048828125,2307.89990234375,2305.800048828125,2306.0,878
2026-04-28 04:08:00+00:00,2304.0,2304.0,2306.60009765625,2303.10009765625,2306.60009765625,888
2026-04-28 04:09:00+00:00,2304.60009765625,2304.60009765625,2305.89990234375,2304.0,2305.89990234375,1589
2026-04-28 04:10:00+00:00,2306.699951171875,2306.699951171875,2309.39990234375,2304.39990234375,2304.60009765625,2019
2026-04-28 04:11:00+00:00,2309.0,2309.0,2309.39990234375,2307.800048828125,2307.800048828125,664
2026-04-28 04:12:00+00:00,2304.60009765625,2304.60009765625,2309.300048828125,2303.60009765625,2309.0,1680
2026-04-28 04:13:00+00:00,2307.39990234375,2307.39990234375,2309.0,2304.10009765625,2304.10009765625,935
2026-04-28 04:14:00+00:00,2309.0,2309.0,2309.0,2308.0,2308.10009765625,602
2026-04-28 04:15:00+00:00,2313.199951171875,2313.199951171875,2315.0,2308.89990234375,2308.89990234375,4249
2026-04-28 04:16:00+00:00,2312.89990234375,2312.89990234375,2315.0,2312.800048828125,2313.199951171875,1746
2026-04-28 04:17:00+00:00,2313.800048828125,2313.800048828125,2313.800048828125,2313.0,2313.300048828125,377
2026-04-28 04:18:00+00:00,2312.699951171875,2312.699951171875,2313.800048828125,2312.699951171875,2313.39990234375,574
2026-04-28 04:19:00+00:00,2311.5,2311.5,2312.89990234375,2311.300048828125,2312.10009765625,411
2026-04-28 04:20:00+00:00,2314.300048828125,2314.300048828125,2315.39990234375,2311.300048828125,2311.39990234375,3840
2026-04-28 04:21:00+00:00,2312.699951171875,2312.699951171875,2313.89990234375,2312.199951171875,2313.89990234375,324
2026-04-28 04:22:00+00:00,2311.60009765625,2311.60009765625,2312.89990234375,2311.60009765625,2312.300048828125,972
2026-04-28 04:23:00+00:00,2313.699951171875,2313.699951171875,2313.699951171875,2312.699951171875,2312.699951171875,250
2026-04-28 04:24:00+00:00,2315.10009765625,2315.10009765625,2315.10009765625,2313.60009765625,2314.10009765625,1435
2026-04-28 04:25:00+00:00,2316.300048828125,2316.300048828125,2316.89990234375,2315.800048828125,2315.800048828125,1428
2026-04-28 04:26:00+00:00,2317.0,2317.0,2317.5,2315.5,2315.699951171875,702
2026-04-28 04:27:00+00:00,2315.5,2315.5,2317.0,2314.800048828125,2317.0,1563
2026-04-28 04:28:00+00:00,2315.0,2315.0,2315.699951171875,2314.39990234375,2315.699951171875,571
2026-04-28 04:29:00+00:00,2315.39990234375,2315.39990234375,2315.39990234375,2315.0,2315.0,756
2026-04-28 04:30:00+00:00,2315.0,2315.0,2316.89990234375,2314.60009765625,2315.39990234375,1665
2026-04-28 04:31:00+00:00,2314.0,2314.0,2315.39990234375,2314.0,2315.0,310
2026-04-28 04:32:00+00:00,2313.300048828125,2313.300048828125,2313.800048828125,2313.0,2313.699951171875,956
2026-04-28 04:33:00+00:00,2311.5,2311.5,2313.300048828125,2311.0,2313.300048828125,763
2026-04-28 04:34:00+00:00,2313.5,2313.5,2313.800048828125,2313.0,2313.0,483
2026-04-28 04:35:00+00:00,2313.300048828125,2313.300048828125,2313.699951171875,2313.199951171875,2313.5,2340
2026-04-28 04:36:00+00:00,2314.300048828125,2314.300048828125,2314.300048828125,2313.300048828125,2313.300048828125,6340
2026-04-28 04:37:00+00:00,2312.699951171875,2312.699951171875,2316.199951171875,2312.699951171875,2316.10009765625,12065
2026-04-28 04:38:00+00:00,2313.300048828125,2313.300048828125,2313.89990234375,2312.39990234375,2312.60009765625,1562
2026-04-28 04:39:00+00:00,2312.300048828125,2312.300048828125,2314.300048828125,2312.300048828125,2314.300048828125,580
2026-04-28 04:40:00+00:00,2312.300048828125,2312.300048828125,2313.0,2312.300048828125,2313.0,683
2026-04-28 04:41:00+00:00,2312.300048828125,2312.300048828125,2314.0,2312.300048828125,2312.89990234375,1725
2026-04-28 04:42:00+00:00,2313.0,2313.0,2313.0,2312.0,2312.199951171875,747
2026-04-28 04:43:00+00:00,2312.800048828125,2312.800048828125,2313.5,2312.60009765625,2313.0,736
2026-04-28 04:44:00+00:00,2312.60009765625,2312.60009765625,2312.89990234375,2312.300048828125,2312.89990234375,250
2026-04-28 04:45:00+00:00,2314.0,2314.0,2314.0,2312.60009765625,2312.60009765625,305
2026-04-28 04:46:00+00:00,2312.89990234375,2312.89990234375,2316.10009765625,2312.89990234375,2315.10009765625,1671
2026-04-28 04:47:00+00:00,2315.0,2315.0,2315.0,2312.300048828125,2312.300048828125,1617
2026-04-28 04:48:00+00:00,2316.39990234375,2316.39990234375,2316.60009765625,2314.89990234375,2315.0,338
2026-04-28 04:49:00+00:00,2316.10009765625,2316.10009765625,2316.60009765625,2314.5,2315.39990234375,1931
2026-04-28 04:50:00+00:00,2312.300048828125,2312.300048828125,2317.60009765625,2312.300048828125,2317.60009765625,2863
2026-04-28 04:51:00+00:00,2313.5,2313.5,2313.60009765625,2312.0,2312.0,789
2026-04-28 04:52:00+00:00,2306.800048828125,2306.800048828125,2313.10009765625,2306.800048828125,2313.10009765625,4820
2026-04-28 04:53:00+00:00,2305.199951171875,2305.199951171875,2306.199951171875,2303.199951171875,2306.199951171875,2177
2026-04-28 04:54:00+00:00,2301.10009765625,2301.10009765625,2305.10009765625,2297.699951171875,2305.10009765625,9031
2026-04-28 04:55:00+00:00,2287.199951171875,2287.199951171875,2301.10009765625,2286.0,2301.10009765625,11884
2026-04-28 04:56:00+00:00,2295.5,2295.5,2296.10009765625,2288.39990234375,2288.699951171875,2835
2026-04-28 04:57:00+00:00,2286.89990234375,2286.89990234375,2296.300048828125,2282.300048828125,2295.199951171875,12774
2026-04-28 04:58:00+00:00,2287.0,2287.0,2290.699951171875,2284.699951171875,2286.800048828125,6931
2026-04-28 04:59:00+00:00,2289.10009765625,2289.10009765625,2289.10009765625,2281.0,2287.300048828125,5464
2026-04-28 05:00:00+00:00,2286.39990234375,2286.39990234375,2289.800048828125,2284.39990234375,2286.699951171875,3632
2026-04-28 05:01:00+00:00,2287.5,2287.5,2288.699951171875,2286.0,2286.0,1951
2026-04-28 05:02:00+00:00,2288.0,2288.0,2289.800048828125,2287.5,2287.5,1753
2026-04-28 05:03:00+00:00,2283.89990234375,2283.89990234375,2288.0,2283.39990234375,2287.89990234375,3479
2026-04-28 05:04:00+00:00,2280.0,2280.0,2284.39990234375,2279.300048828125,2284.0,5158
2026-04-28 05:05:00+00:00,2277.60009765625,2277.60009765625,2282.300048828125,2277.5,2280.0,4117
2026-04-28 05:06:00+00:00,2279.60009765625,2279.60009765625,2280.699951171875,2277.39990234375,2277.39990234375,3588
2026-04-28 05:07:00+00:00,2279.0,2279.0,2280.60009765625,2278.0,2280.60009765625,2168
2026-04-28 05:08:00+00:00,2283.199951171875,2283.199951171875,2284.60009765625,2279.60009765625,2279.60009765625,2398
2026-04-28 05:09:00+00:00,2283.5,2283.5,2284.800048828125,2282.39990234375,2282.39990234375,1489
2026-04-28 05:10:00+00:00,2284.800048828125,2284.800048828125,2285.0,2283.5,2283.5,1017
2026-04-28 05:11:00+00:00,2283.0,2283.0,2284.300048828125,2283.0,2284.199951171875,1980
2026-04-28 05:12:00+00:00,2281.89990234375,2281.89990234375,2284.0,2281.89990234375,2283.0,1476
2026-04-28 05:13:00+00:00,2284.800048828125,2284.800048828125,2286.10009765625,2281.199951171875,2281.5,3261
2026-04-28 05:14:00+00:00,2282.800048828125,2282.800048828125,2285.800048828125,2282.699951171875,2284.800048828125,1837
2026-04-28 05:15:00+00:00,2278.89990234375,2278.89990234375,2282.300048828125,2278.300048828125,2282.300048828125,1940
2026-04-28 05:16:00+00:00,2270.300048828125,2270.300048828125,2278.5,2268.89990234375,2278.5,13548
2026-04-28 05:17:00+00:00,2268.5,2268.5,2269.800048828125,2267.10009765625,2269.0,6067
2026-04-28 05:18:00+00:00,2270.0,2270.0,2270.10009765625,2267.60009765625,2268.5,1493
2026-04-28 05:19:00+00:00,2272.300048828125,2272.300048828125,2272.300048828125,2270.0,2270.0,3452
2026-04-28 05:20:00+00:00,2273.60009765625,2273.60009765625,2274.800048828125,2273.0,2273.0,1985
2026-04-28 05:21:00+00:00,2269.199951171875,2269.199951171875,2273.39990234375,2267.5,2273.39990234375,4034
2026-04-28 05:22:00+00:00,2269.60009765625,2269.60009765625,2271.300048828125,2269.39990234375,2271.300048828125,1776
2026-04-28 05:23:00+00:00,2272.89990234375,2272.89990234375,2272.89990234375,2269.5,2269.5,2136
2026-04-28 05:24:00+00:00,2272.0,2272.0,2272.10009765625,2269.199951171875,2272.10009765625,5242
2026-04-28 05:25:00+00:00,2272.199951171875,2272.199951171875,2273.0,2271.0,2271.39990234375,2518
2026-04-28 05:26:00+00:00,2273.39990234375,2273.39990234375,2273.39990234375,2271.300048828125,2271.699951171875,982
2026-04-28 05:27:00+00:00,2276.699951171875,2276.699951171875,2277.300048828125,2273.800048828125,2273.800048828125,2531
2026-04-28 05:28:00+00:00,2276.300048828125,2276.300048828125,2279.0,2276.300048828125,2276.5,2370
2026-04-28 05:29:00+00:00,2276.300048828125,2276.300048828125,2276.300048828125,2275.0,2276.300048828125,1026
2026-04-28 05:30:00+00:00,2276.60009765625,2276.60009765625,2277.10009765625,2275.39990234375,2276.300048828125,1884
2026-04-28 05:31:00+00:00,2279.0,2279.0,2279.0,2276.60009765625,2277.0,1526
2026-04-28 05:32:00+00:00,2277.699951171875,2277.699951171875,2279.60009765625,2276.699951171875,2279.0,937
2026-04-28 05:33:00+00:00,2279.699951171875,2279.699951171875,2279.699951171875,2277.10009765625,2277.10009765625,861
2026-04-28 05:34:00+00:00,2277.5,2277.5,2279.39990234375,2277.39990234375,2279.10009765625,1517
2026-04-28 05:35:00+00:00,2278.5,2278.5,2278.5,2277.5,2277.5,0
2026-04-28 05:36:00+00:00,2276.89990234375,2276.89990234375,2278.199951171875,2276.699951171875,2278.199951171875,1602
2026-04-28 05:37:00+00:00,2274.0,2274.0,2277.800048828125,2274.0,2276.60009765625,4190
2026-04-28 05:38:00+00:00,2279.300048828125,2279.300048828125,2279.300048828125,2275.800048828125,2275.800048828125,2269
2026-04-28 05:39:00+00:00,2278.89990234375,2278.89990234375,2279.300048828125,2278.5,2278.60009765625,804
2026-04-28 05:40:00+00:00,2278.199951171875,2278.199951171875,2278.800048828125,2278.199951171875,2278.699951171875,598
2026-04-28 05:41:00+00:00,2278.10009765625,2278.10009765625,2279.0,2278.10009765625,2278.199951171875,199
2026-04-28 05:42:00+00:00,2277.60009765625,2277.60009765625,2278.89990234375,2277.60009765625,2278.199951171875,767
2026-04-28 05:43:00+00:00,2279.60009765625,2279.60009765625,2279.89990234375,2277.699951171875,2277.699951171875,2732
2026-04-28 05:44:00+00:00,2278.5,2278.5,2280.0,2278.5,2278.800048828125,892
2026-04-28 05:45:00+00:00,2277.699951171875,2277.699951171875,2278.199951171875,2277.0,2278.199951171875,722
2026-04-28 05:46:00+00:00,2279.699951171875,2279.699951171875,2282.10009765625,2277.0,2277.0,9431
2026-04-28 05:47:00+00:00,2277.0,2277.0,2279.300048828125,2277.0,2279.300048828125,592
2026-04-28 05:48:00+00:00,2272.5,2272.5,2277.39990234375,2272.5,2277.0,1857
2026-04-28 05:49:00+00:00,2271.0,2271.0,2273.89990234375,2271.0,2273.199951171875,3166
2026-04-28 05:50:00+00:00,2274.800048828125,2274.800048828125,2275.5,2271.0,2271.0,1465
2026-04-28 05:51:00+00:00,2268.199951171875,2268.199951171875,2275.699951171875,2268.199951171875,2274.800048828125,6994
2026-04-28 05:52:00+00:00,2267.89990234375,2267.89990234375,2268.89990234375,2267.0,2268.699951171875,1512
2026-04-28 05:53:00+00:00,2265.60009765625,2265.60009765625,2267.89990234375,2265.60009765625,2267.89990234375,2109
2026-04-28 05:54:00+00:00,2265.199951171875,2265.199951171875,2266.199951171875,2264.5,2266.0,3224
2026-04-28 05:55:00+00:00,2265.60009765625,2265.60009765625,2266.10009765625,2265.0,2265.199951171875,1707
2026-04-28 05:56:00+00:00,2265.10009765625,2265.10009765625,2265.699951171875,2264.60009765625,2265.300048828125,3120
2026-04-28 05:57:00+00:00,2264.60009765625,2264.60009765625,2265.199951171875,2264.60009765625,2265.0,648
2026-04-28 05:58:00+00:00,2260.800048828125,2260.800048828125,2264.60009765625,2260.5,2264.60009765625,7159
2026-04-28 05:59:00+00:00,2261.10009765625,2261.10009765625,2261.5,2260.5,2260.5,1325
2026-04-28 06:00:00+00:00,2261.39990234375,2261.39990234375,2262.0,2261.10009765625,2261.10009765625,870
2026-04-28 06:01:00+00:00,2262.699951171875,2262.699951171875,2262.699951171875,2261.5,2261.5,1193
2026-04-28 06:02:00+00:00,2262.300048828125,2262.300048828125,2262.89990234375,2262.199951171875,2262.699951171875,1284
2026-04-28 06:03:00+00:00,2262.199951171875,2262.199951171875,2262.199951171875,2261.199951171875,2262.199951171875,2697
2026-04-28 06:04:00+00:00,2262.5,2262.5,2262.5,2261.199951171875,2261.199951171875,1093
2026-04-28 06:05:00+00:00,2262.800048828125,2262.800048828125,2262.89990234375,2262.0,2262.89990234375,1327
2026-04-28 06:06:00+00:00,2262.89990234375,2262.89990234375,2263.5,2262.5,2262.89990234375,1306
2026-04-28 06:07:00+00:00,2262.199951171875,2262.199951171875,2262.89990234375,2262.0,2262.89990234375,1741
2026-04-28 06:08:00+00:00,2262.800048828125,2262.800048828125,2264.300048828125,2262.10009765625,2262.10009765625,2008
2026-04-28 06:09:00+00:00,2263.39990234375,2263.39990234375,2263.89990234375,2262.800048828125,2262.800048828125,1903
2026-04-28 06:10:00+00:00,2263.5,2263.5,2263.800048828125,2262.89990234375,2263.300048828125,439
2026-04-28 06:11:00+00:00,2264.0,2264.0,2264.89990234375,2263.0,2263.0,804
2026-04-28 06:12:00+00:00,2264.0,2264.0,2264.89990234375,2264.0,2264.0,1175
2026-04-28 06:13:00+00:00,2264.0,2264.0,2264.199951171875,2264.0,2264.0,604
2026-04-28 06:14:00+00:00,2266.199951171875,2266.199951171875,2266.300048828125,2264.0,2264.699951171875,1304
2026-04-28 06:15:00+00:00,2268.0,2268.0,2268.5,2265.60009765625,2265.60009765625,6244
2026-04-28 06:16:00+00:00,2269.10009765625,2269.10009765625,2269.89990234375,2268.0,2268.0,1033
2026-04-28 06:17:00+00:00,2270.199951171875,2270.199951171875,2270.60009765625,2269.10009765625,2269.10009765625,1768
2026-04-28 06:18:00+00:00,2268.199951171875,2268.199951171875,2271.5,2268.199951171875,2270.10009765625,2142
2026-04-28 06:19:00+00:00,2268.39990234375,2268.39990234375,2268.89990234375,2268.199951171875,2268.199951171875,916
2026-04-28 06:20:00+00:00,2268.0,2268.0,2268.5,2268.0,2268.5,985
2026-04-28 06:21:00+00:00,2271.0,2271.0,2271.89990234375,2268.0,2268.0,1852
2026-04-28 06:22:00+00:00,2272.5,2272.5,2272.5,2271.0,2271.0,4085
2026-04-28 06:23:00+00:00,2279.699951171875,2279.699951171875,2279.699951171875,2272.0,2272.5,10785
2026-04-28 06:24:00+00:00,2280.699951171875,2280.699951171875,2282.699951171875,2277.300048828125,2279.5,12276
2026-04-28 06:25:00+00:00,2280.5,2280.5,2282.800048828125,2280.300048828125,2280.800048828125,2654
2026-04-28 06:26:00+00:00,2281.0,2281.0,2282.39990234375,2280.0,2280.0,25872
2026-04-28 06:27:00+00:00,2281.39990234375,2281.39990234375,2281.60009765625,2280.60009765625,2281.0,904
2026-04-28 06:28:00+00:00,2280.89990234375,2280.89990234375,2281.800048828125,2280.60009765625,2281.199951171875,1579
2026-04-28 06:29:00+00:00,2280.0,2280.0,2280.800048828125,2280.0,2280.800048828125,4128
2026-04-28 06:30:00+00:00,2281.39990234375,2281.39990234375,2282.0,2280.300048828125,2280.300048828125,2879
2026-04-28 06:31:00+00:00,2280.0,2280.0,2281.39990234375,2280.0,2281.39990234375,1071
2026-04-28 06:32:00+00:00,2280.0,2280.0,2280.300048828125,2280.0,2280.0,3051
2026-04-28 06:33:00+00:00,2287.10009765625,2287.10009765625,2287.10009765625,2280.0,2280.0,20945
2026-04-28 06:34:00+00:00,2287.199951171875,2287.199951171875,2289.199951171875,2286.89990234375,2288.300048828125,3002
2026-04-28 06:35:00+00:00,2287.199951171875,2287.199951171875,2287.199951171875,2286.199951171875,2286.89990234375,1666
2026-04-28 06:36:00+00:00,2286.5,2286.5,2287.199951171875,2286.5,2287.199951171875,505
2026-04-28 06:37:00+00:00,2287.0,2287.0,2287.699951171875,2286.10009765625,2286.10009765625,2089
2026-04-28 06:38:00+00:00,2287.89990234375,2287.89990234375,2288.199951171875,2286.89990234375,2286.89990234375,1496
2026-04-28 06:39:00+00:00,2288.89990234375,2288.89990234375,2290.0,2288.0,2288.0,1833
2026-04-28 06:40:00+00:00,2289.199951171875,2289.199951171875,2289.300048828125,2288.5,2288.800048828125,530
2026-04-28 06:41:00+00:00,2289.10009765625,2289.10009765625,2290.0,2286.800048828125,2289.10009765625,2729
2026-04-28 06:42:00+00:00,2289.10009765625,2289.10009765625,2289.199951171875,2288.699951171875,2289.199951171875,1263
2026-04-28 06:43:00+00:00,2294.0,2294.0,2295.0,2289.10009765625,2289.10009765625,8732
2026-04-28 06:44:00+00:00,2293.60009765625,2293.60009765625,2296.699951171875,2291.10009765625,2294.199951171875,15698
2026-04-28 06:45:00+00:00,2294.300048828125,2294.300048828125,2295.10009765625,2293.0,2293.60009765625,1083
2026-04-28 06:46:00+00:00,2295.39990234375,2295.39990234375,2296.5,2294.699951171875,2295.0,2256
2026-04-28 06:47:00+00:00,2296.0,2296.0,2297.0,2294.699951171875,2296.0,5188
2026-04-28 06:48:00+00:00,2300.0,2300.0,2300.0,2295.800048828125,2295.800048828125,7670
2026-04-28 06:49:00+00:00,2297.300048828125,2297.300048828125,2300.5,2296.89990234375,2300.0,9152
2026-04-28 06:50:00+00:00,2299.39990234375,2299.39990234375,2301.0,2298.800048828125,2299.60009765625,9289
2026-04-28 06:51:00+00:00,2300.0,2300.0,2300.5,2299.0,2299.39990234375,3060
2026-04-28 06:52:00+00:00,2295.39990234375,2295.39990234375,2300.0,2295.10009765625,2300.0,9157
2026-04-28 06:53:00+00:00,2293.60009765625,2293.60009765625,2297.0,2293.10009765625,2294.300048828125,2961
2026-04-28 06:54:00+00:00,2293.60009765625,2293.60009765625,2295.0,2293.10009765625,2294.0,1371
2026-04-28 06:55:00+00:00,2292.800048828125,2292.800048828125,2293.699951171875,2292.699951171875,2293.699951171875,953
2026-04-28 06:56:00+00:00,2295.10009765625,2295.10009765625,2296.199951171875,2293.10009765625,2293.10009765625,1664
2026-04-28 06:57:00+00:00,2295.699951171875,2295.699951171875,2295.699951171875,2294.5,2295.0,775
2026-04-28 06:58:00+00:00,2295.60009765625,2295.60009765625,2296.300048828125,2294.60009765625,2295.699951171875,438
2026-04-28 06:59:00+00:00,2296.699951171875,2296.699951171875,2297.0,2294.39990234375,2295.0,879
2026-04-28 07:00:00+00:00,2296.0,2296.0,2296.60009765625,2295.699951171875,2295.800048828125,716
2026-04-28 07:01:00+00:00,2294.39990234375,2294.39990234375,2296.0,2294.39990234375,2296.0,895
2026-04-28 07:02:00+00:00,2293.0,2293.0,2294.39990234375,2293.0,2294.0,854
2026-04-28 07:03:00+00:00,2292.199951171875,2292.199951171875,2293.699951171875,2292.199951171875,2293.10009765625,2577
2026-04-28 07:04:00+00:00,2294.89990234375,2294.89990234375,2294.89990234375,2292.89990234375,2292.89990234375,1314
2026-04-28 07:05:00+00:00,2296.10009765625,2296.10009765625,2296.199951171875,2294.89990234375,2294.89990234375,1065
2026-04-28 07:06:00+00:00,2294.300048828125,2294.300048828125,2295.699951171875,2294.300048828125,2295.699951171875,538
2026-04-28 07:07:00+00:00,2293.0,2293.0,2294.300048828125,2293.0,2294.300048828125,397
2026-04-28 07:08:00+00:00,2293.800048828125,2293.800048828125,2293.800048828125,2293.10009765625,2293.199951171875,861
2026-04-28 07:09:00+00:00,2295.699951171875,2295.699951171875,2295.699951171875,2293.5,2293.5,932
2026-04-28 07:10:00+00:00,2294.699951171875,2294.699951171875,2295.39990234375,2294.699951171875,2295.0,707
2026-04-28 07:11:00+00:00,2296.10009765625,2296.10009765625,2296.800048828125,2294.699951171875,2294.699951171875,1323
2026-04-28 07:12:00+00:00,2294.800048828125,2294.800048828125,2295.39990234375,2294.39990234375,2295.300048828125,626
2026-04-28 07:13:00+00:00,2296.10009765625,2296.10009765625,2296.10009765625,2294.199951171875,2294.39990234375,987
2026-04-28 07:14:00+00:00,2297.0,2297.0,2297.5,2295.39990234375,2295.39990234375,1847
2026-04-28 07:15:00+00:00,2298.0,2298.0,2298.800048828125,2296.60009765625,2297.0,2483
2026-04-28 07:16:00+00:00,2298.60009765625,2298.60009765625,2299.0,2298.60009765625,2299.0,3248
2026-04-28 07:17:00+00:00,2299.0,2299.0,2299.0,2297.10009765625,2298.39990234375,2423
2026-04-28 07:18:00+00:00,2298.10009765625,2298.10009765625,2299.0,2298.10009765625,2299.0,3250
2026-04-28 07:19:00+00:00,2299.0,2299.0,2299.39990234375,2297.60009765625,2297.60009765625,4680
2026-04-28 07:20:00+00:00,2296.800048828125,2296.800048828125,2299.0,2296.800048828125,2298.39990234375,5194
2026-04-28 07:21:00+00:00,2299.0,2299.0,2299.0,2298.0,2298.0,7929
2026-04-28 07:22:00+00:00,2299.0,2299.0,2299.199951171875,2298.0,2299.199951171875,3542
2026-04-28 07:23:00+00:00,2299.0,2299.0,2299.10009765625,2298.5,2299.0,3147
2026-04-28 07:24:00+00:00,2296.39990234375,2296.39990234375,2299.10009765625,2296.0,2299.0,4879
2026-04-28 07:25:00+00:00,2296.0,2296.0,2296.89990234375,2294.89990234375,2296.89990234375,452
2026-04-28 07:26:00+00:00,2294.699951171875,2294.699951171875,2296.0,2294.199951171875,2295.60009765625,660
2026-04-28 07:27:00+00:00,2294.39990234375,2294.39990234375,2294.5,2293.39990234375,2293.89990234375,570
2026-04-28 07:28:00+00:00,2293.199951171875,2293.199951171875,2294.0,2293.199951171875,2293.39990234375,633
2026-04-28 07:29:00+00:00,2295.300048828125,2295.300048828125,2296.800048828125,2295.300048828125,2296.5,1105
2026-04-28 07:30:00+00:00,2295.300048828125,2295.300048828125,2296.199951171875,2295.10009765625,2295.5,330
2026-04-28 07:31:00+00:00,2295.60009765625,2295.60009765625,2296.0,2295.300048828125,2296.0,359
2026-04-28 07:32:00+00:00,2295.199951171875,2295.199951171875,2295.39990234375,2294.300048828125,2295.0,809
2026-04-28 07:33:00+00:00,2296.39990234375,2296.39990234375,2296.60009765625,2294.89990234375,2295.199951171875,678
2026-04-28 07:34:00+00:00,2297.800048828125,2297.800048828125,2297.800048828125,2294.60009765625,2296.10009765625,2699
2026-04-28 07:35:00+00:00,2297.800048828125,2297.800048828125,2297.800048828125,2297.199951171875,2297.300048828125,555
2026-04-28 07:36:00+00:00,2297.0,2297.0,2299.300048828125,2296.5,2297.0,1111
2026-04-28 07:37:00+00:00,2302.39990234375,2302.39990234375,2303.39990234375,2297.0,2297.0,10153
2026-04-28 07:38:00+00:00,2301.60009765625,2301.60009765625,2302.10009765625,2301.300048828125,2301.699951171875,757
2026-04-28 07:39:00+00:00,2300.0,2300.0,2301.60009765625,2300.0,2301.60009765625,18309
2026-04-28 07:40:00+00:00,2300.0,2300.0,2300.300048828125,2300.0,2300.0,384
2026-04-28 07:41:00+00:00,2300.0,2300.0,2300.199951171875,2300.0,2300.0,6464
2026-04-28 07:42:00+00:00,2300.5,2300.5,2300.5,2300.0,2300.0,1339
2026-04-28 07:43:00+00:00,2300.0,2300.0,2302.0,2300.0,2300.5,11563
2026-04-28 07:44:00+00:00,2300.0,2300.0,2300.800048828125,2299.300048828125,2299.699951171875,17852
2026-04-28 07:45:00+00:00,2300.0,2300.0,2300.699951171875,2300.0,2300.0,3893
2026-04-28 07:46:00+00:00,2300.199951171875,2300.199951171875,2300.5,2300.0,2300.0,2629
2026-04-28 07:47:00+00:00,2302.699951171875,2302.699951171875,2303.300048828125,2300.199951171875,2300.199951171875,2008
2026-04-28 07:48:00+00:00,2301.300048828125,2301.300048828125,2302.0,2300.199951171875,2302.0,5272
2026-04-28 07:49:00+00:00,2300.699951171875,2300.699951171875,2301.300048828125,2300.39990234375,2300.60009765625,510
2026-04-28 07:50:00+00:00,2301.0,2301.0,2301.60009765625,2300.300048828125,2301.300048828125,1539
2026-04-28 07:51:00+00:00,2300.39990234375,2300.39990234375,2301.0,2300.0,2300.300048828125,630
2026-04-28 07:52:00+00:00,2300.10009765625,2300.10009765625,2300.89990234375,2300.0,2300.60009765625,2617
2026-04-28 07:53:00+00:00,2303.0,2303.0,2303.300048828125,2299.5,2300.10009765625,38881
2026-04-28 07:54:00+00:00,2303.0,2303.0,2304.39990234375,2301.699951171875,2302.199951171875,2172
2026-04-28 07:55:00+00:00,2303.300048828125,2303.300048828125,2303.5,2303.0,2303.0,1418
2026-04-28 07:56:00+00:00,2300.0,2300.0,2303.300048828125,2300.0,2303.0,5243
2026-04-28 07:57:00+00:00,2301.300048828125,2301.300048828125,2301.60009765625,2299.699951171875,2299.699951171875,1058
2026-04-28 07:58:00+00:00,2298.199951171875,2298.199951171875,2301.60009765625,2297.5,2301.300048828125,3401
2026-04-28 07:59:00+00:00,2295.300048828125,2295.300048828125,2298.10009765625,2295.300048828125,2298.10009765625,268
2026-04-28 08:00:00+00:00,2300.5,2300.5,2303.0,2295.0,2295.300048828125,9961
2026-04-28 08:01:00+00:00,2300.0,2300.0,2300.800048828125,2297.0,2300.300048828125,27192
2026-04-28 08:02:00+00:00,2300.0,2300.0,2300.0,2299.60009765625,2300.0,1557
2026-04-28 08:03:00+00:00,2299.0,2299.0,2300.0,2296.39990234375,2300.0,15638
2026-04-28 08:04:00+00:00,2294.0,2294.0,2299.0,2294.0,2299.0,6858
2026-04-28 08:05:00+00:00,2294.0,2294.0,2294.300048828125,2293.199951171875,2294.0,985
2026-04-28 08:06:00+00:00,2295.300048828125,2295.300048828125,2298.5,2293.0,2293.10009765625,21259
2026-04-28 08:07:00+00:00,2294.60009765625,2294.60009765625,2296.39990234375,2294.60009765625,2295.300048828125,1895
2026-04-28 08:08:00+00:00,2294.800048828125,2294.800048828125,2295.699951171875,2293.60009765625,2294.60009765625,1095
2026-04-28 08:09:00+00:00,2294.199951171875,2294.199951171875,2295.199951171875,2293.89990234375,2295.199951171875,834
2026-04-28 08:10:00+00:00,2294.60009765625,2294.60009765625,2295.0,2294.10009765625,2294.199951171875,568
2026-04-28 08:11:00+00:00,2295.0,2295.0,2295.0,2294.60009765625,2294.60009765625,788
2026-04-28 08:12:00+00:00,2295.89990234375,2295.89990234375,2297.10009765625,2295.0,2295.0,751
2026-04-28 08:13:00+00:00,2295.300048828125,2295.300048828125,2296.60009765625,2295.300048828125,2295.89990234375,584
2026-04-28 08:14:00+00:00,2296.199951171875,2296.199951171875,2296.199951171875,2293.800048828125,2295.300048828125,2854
2026-04-28 08:15:00+00:00,2294.0,2294.0,2295.60009765625,2293.10009765625,2295.60009765625,1548
2026-04-28 08:16:00+00:00,2294.699951171875,2294.699951171875,2294.699951171875,2294.0,2294.0,1066
2026-04-28 08:17:00+00:00,2295.199951171875,2295.199951171875,2297.0,2294.5,2294.699951171875,1405
2026-04-28 08:18:00+00:00,2295.60009765625,2295.60009765625,2295.60009765625,2294.5,2295.199951171875,578
2026-04-28 08:19:00+00:00,2297.199951171875,2297.199951171875,2297.199951171875,2295.60009765625,2295.60009765625,355
2026-04-28 08:20:00+00:00,2297.300048828125,2297.300048828125,2297.800048828125,2297.0,2297.0,366
2026-04-28 08:21:00+00:00,2298.199951171875,2298.199951171875,2298.199951171875,2297.300048828125,2297.300048828125,688
2026-04-28 08:22:00+00:00,2297.89990234375,2297.89990234375,2298.199951171875,2297.800048828125,2297.800048828125,313
2026-04-28 08:23:00+00:00,2297.5,2297.5,2298.0,2297.5,2297.89990234375,448
2026-04-28 08:24:00+00:00,2297.5,2297.5,2298.0,2297.5,2297.5,1038
2026-04-28 08:25:00+00:00,2297.0,2297.0,2298.699951171875,2297.0,2297.5,1128
2026-04-28 08:26:00+00:00,2298.5,2298.5,2299.5,2298.300048828125,2298.5,1239
2026-04-28 08:27:00+00:00,2297.10009765625,2297.10009765625,2298.800048828125,2297.10009765625,2298.800048828125,946
2026-04-28 08:28:00+00:00,2298.0,2298.0,2298.0,2297.10009765625,2297.10009765625,471
2026-04-28 08:29:00+00:00,2298.60009765625,2298.60009765625,2298.60009765625,2298.0,2298.0,610
2026-04-28 08:30:00+00:00,2298.0,2298.0,2299.300048828125,2298.0,2299.300048828125,715
2026-04-28 08:31:00+00:00,2299.60009765625,2299.60009765625,2299.60009765625,2298.0,2298.0,2017
2026-04-28 08:32:00+00:00,2298.300048828125,2298.300048828125,2299.0,2298.199951171875,2298.89990234375,322
2026-04-28 08:33:00+00:00,2299.199951171875,2299.199951171875,2299.199951171875,2299.0,2299.199951171875,575
2026-04-28 08:34:00+00:00,2299.5,2299.5,2299.800048828125,2298.60009765625,2298.60009765625,2727
2026-04-28 08:35:00+00:00,2299.5,2299.5,2300.5,2299.5,2300.0,930
2026-04-28 08:36:00+00:00,2299.699951171875,2299.699951171875,2299.89990234375,2299.5,2299.5,420
2026-04-28 08:37:00+00:00,2299.5,2299.5,2300.5,2299.5,2300.5,1310
2026-04-28 08:38:00+00:00,2299.5,2299.5,2299.5,2299.5,2299.5,362
2026-04-28 08:39:00+00:00,2298.800048828125,2298.800048828125,2299.39990234375,2298.800048828125,2299.39990234375,4106
2026-04-28 08:40:00+00:00,2297.800048828125,2297.800048828125,2298.800048828125,2296.89990234375,2298.800048828125,7794
2026-04-28 08:41:00+00:00,2298.0,2298.0,2298.0,2297.300048828125,2297.800048828125,2875
2026-04-28 08:42:00+00:00,2297.300048828125,2297.300048828125,2298.0,2297.199951171875,2297.89990234375,2184
2026-04-28 08:43:00+00:00,2296.0,2296.0,2297.10009765625,2295.60009765625,2297.10009765625,2933
2026-04-28 08:44:00+00:00,2296.0,2296.0,2297.0,2296.0,2296.0,2501
2026-04-28 08:45:00+00:00,2296.0,2296.0,2296.800048828125,2295.300048828125,2295.699951171875,2720
2026-04-28 08:46:00+00:00,2296.0,2296.0,2296.60009765625,2295.60009765625,2296.0,4450
2026-04-28 08:47:00+00:00,2296.0,2296.0,2296.60009765625,2295.60009765625,2295.60009765625,573
2026-04-28 08:48:00+00:00,2297.0,2297.0,2297.0,2296.0,2296.0,740
2026-04-28 08:49:00+00:00,2296.5,2296.5,2297.10009765625,2296.5,2297.10009765625,788
2026-04-28 08:50:00+00:00,2296.0,2296.0,2297.0,2296.0,2296.699951171875,591
2026-04-28 08:51:00+00:00,2297.199951171875,2297.199951171875,2297.89990234375,2296.0,2296.60009765625,874
2026-04-28 08:52:00+00:00,2297.60009765625,2297.60009765625,2297.89990234375,2296.699951171875,2297.199951171875,1591
2026-04-28 08:53:00+00:00,2297.5,2297.5,2298.199951171875,2297.39990234375,2298.199951171875,1301
2026-04-28 08:54:00+00:00,2296.89990234375,2296.89990234375,2297.699951171875,2296.89990234375,2297.0,1264
2026-04-28 08:55:00+00:00,2297.199951171875,2297.199951171875,2297.60009765625,2297.0,2297.10009765625,1089
2026-04-28 08:56:00+00:00,2297.60009765625,2297.60009765625,2298.5,2296.699951171875,2298.39990234375,1848
2026-04-28 08:57:00+00:00,2297.800048828125,2297.800048828125,2298.5,2297.0,2298.5,855
2026-04-28 08:58:00+00:00,2297.60009765625,2297.60009765625,2298.5,2297.199951171875,2297.800048828125,773
2026-04-28 08:59:00+00:00,2297.699951171875,2297.699951171875,2298.300048828125,2296.800048828125,2297.199951171875,701
2026-04-28 09:00:00+00:00,2298.60009765625,2298.60009765625,2298.60009765625,2297.5,2297.5,2980
2026-04-28 09:01:00+00:00,2301.10009765625,2301.10009765625,2301.10009765625,2299.10009765625,2299.39990234375,4897
2026-04-28 09:02:00+00:00,2301.39990234375,2301.39990234375,2303.0,2301.300048828125,2301.300048828125,1171
2026-04-28 09:03:00+00:00,2301.0,2301.0,2301.39990234375,2300.60009765625,2301.39990234375,1098
2026-04-28 09:04:00+00:00,2299.0,2299.0,2301.0,2298.89990234375,2301.0,2349
2026-04-28 09:05:00+00:00,2299.60009765625,2299.60009765625,2299.699951171875,2299.0,2299.0,1460
2026-04-28 09:06:00+00:00,2298.800048828125,2298.800048828125,2299.5,2298.800048828125,2299.5,1848
2026-04-28 09:07:00+00:00,2299.0,2299.0,2299.0,2298.60009765625,2299.0,2324
2026-04-28 09:08:00+00:00,2300.0,2300.0,2300.5,2298.699951171875,2298.699951171875,3334
2026-04-28 09:09:00+00:00,2298.5,2298.5,2301.699951171875,2298.5,2300.10009765625,6037
2026-04-28 09:10:00+00:00,2301.199951171875,2301.199951171875,2302.0,2299.10009765625,2299.10009765625,1283
2026-04-28 09:11:00+00:00,2301.199951171875,2301.199951171875,2302.800048828125,2301.199951171875,2301.199951171875,661
2026-04-28 09:12:00+00:00,2301.0,2301.0,2301.39990234375,2300.89990234375,2301.39990234375,853
2026-04-28 09:13:00+00:00,2300.699951171875,2300.699951171875,2301.0,2300.699951171875,2301.0,405
2026-04-28 09:14:00+00:00,2302.0,2302.0,2302.0,2300.39990234375,2300.39990234375,1457
2026-04-28 09:15:00+00:00,2302.199951171875,2302.199951171875,2303.0,2302.10009765625,2302.10009765625,623
2026-04-28 09:16:00+00:00,2306.199951171875,2306.199951171875,2306.60009765625,2301.89990234375,2302.699951171875,6013
2026-04-28 09:17:00+00:00,2304.0,2304.0,2305.699951171875,2304.0,2305.699951171875,955
2026-04-28 09:18:00+00:00,2304.60009765625,2304.60009765625,2305.0,2304.199951171875,2304.199951171875,823
2026-04-28 09:19:00+00:00,2303.800048828125,2303.800048828125,2305.10009765625,2303.800048828125,2304.60009765625,1303
2026-04-28 09:20:00+00:00,2306.300048828125,2306.300048828125,2306.300048828125,2303.5,2303.800048828125,6831
2026-04-28 09:21:00+00:00,2305.89990234375,2305.89990234375,2306.5,2305.60009765625,2305.60009765625,607
2026-04-28 09:22:00+00:00,2306.60009765625,2306.60009765625,2306.60009765625,2305.699951171875,2306.0,886
2026-04-28 09:23:00+00:00,2306.60009765625,2306.60009765625,2306.800048828125,2305.699951171875,2305.699951171875,1521
2026-04-28 09:24:00+00:00,2307.699951171875,2307.699951171875,2308.0,2306.800048828125,2306.800048828125,2706
2026-04-28 09:25:00+00:00,2308.89990234375,2308.89990234375,2308.89990234375,2305.89990234375,2307.699951171875,6058
2026-04-28 09:26:00+00:00,2307.5,2307.5,2307.699951171875,2307.0,2307.60009765625,4401
2026-04-28 09:27:00+00:00,2307.5,2307.5,2307.699951171875,2307.0,2307.5,803
2026-04-28 09:28:00+00:00,2308.0,2308.0,2308.0,2307.0,2307.5,1242
2026-04-28 09:29:00+00:00,2307.699951171875,2307.699951171875,2309.0,2307.39990234375,2308.0,7545
2026-04-28 09:30:00+00:00,2309.199951171875,2309.199951171875,2309.199951171875,2308.10009765625,2308.300048828125,3961
2026-04-28 09:31:00+00:00,2308.39990234375,2308.39990234375,2309.699951171875,2308.39990234375,2309.699951171875,7212
2026-04-28 09:32:00+00:00,2307.60009765625,2307.60009765625,2308.199951171875,2307.10009765625,2308.199951171875,4908
2026-04-28 09:33:00+00:00,2307.699951171875,2307.699951171875,2308.0,2307.60009765625,2307.800048828125,2565
2026-04-28 09:34:00+00:00,2305.300048828125,2305.300048828125,2307.60009765625,2305.300048828125,2307.60009765625,4394
2026-04-28 09:35:00+00:00,2302.39990234375,2302.39990234375,2304.5,2302.39990234375,2304.5,5434
2026-04-28 09:36:00+00:00,2302.300048828125,2302.300048828125,2302.699951171875,2300.60009765625,2302.39990234375,12130
2026-04-28 09:37:00+00:00,2301.800048828125,2301.800048828125,2303.5,2301.199951171875,2302.300048828125,15358
2026-04-28 09:38:00+00:00,2300.60009765625,2300.60009765625,2302.699951171875,2300.60009765625,2301.800048828125,3183
2026-04-28 09:39:00+00:00,2300.199951171875,2300.199951171875,2301.60009765625,2299.800048828125,2301.39990234375,7098
2026-04-28 09:40:00+00:00,2302.89990234375,2302.89990234375,2303.10009765625,2300.199951171875,2300.800048828125,2585
2026-04-28 09:41:00+00:00,2300.0,2300.0,2302.800048828125,2300.0,2302.60009765625,5719
2026-04-28 09:42:00+00:00,2301.0,2301.0,2301.800048828125,2300.0,2300.0,11250
2026-04-28 09:43:00+00:00,2300.89990234375,2300.89990234375,2301.39990234375,2300.60009765625,2301.0,5188
2026-04-28 09:44:00+00:00,2302.60009765625,2302.60009765625,2302.60009765625,2301.60009765625,2301.60009765625,2103
2026-04-28 09:45:00+00:00,2300.0,2300.0,2302.800048828125,2300.0,2302.800048828125,8920
2026-04-28 09:46:00+00:00,2300.60009765625,2300.60009765625,2300.89990234375,2300.0,2300.0,7209
2026-04-28 09:47:00+00:00,2303.10009765625,2303.10009765625,2303.10009765625,2301.300048828125,2301.39990234375,5337
2026-04-28 09:48:00+00:00,2303.0,2303.0,2303.300048828125,2302.699951171875,2303.0,6203
2026-04-28 09:49:00+00:00,2301.199951171875,2301.199951171875,2303.699951171875,2300.5,2303.0,24964
2026-04-28 09:50:00+00:00,2302.39990234375,2302.39990234375,2302.39990234375,2301.5,2301.5,3085
2026-04-28 09:51:00+00:00,2301.89990234375,2301.89990234375,2303.0,2301.699951171875,2302.39990234375,7102
2026-04-28 09:52:00+00:00,2302.39990234375,2302.39990234375,2302.5,2301.0,2301.39990234375,2820
2026-04-28 09:53:00+00:00,2303.5,2303.5,2303.5,2302.39990234375,2302.39990234375,4268
2026-04-28 09:54:00+00:00,2303.5,2303.5,2304.199951171875,2303.39990234375,2304.199951171875,7225
2026-04-28 09:55:00+00:00,2303.699951171875,2303.699951171875,2303.699951171875,2303.0,2303.5,3436
2026-04-28 09:56:00+00:00,2303.699951171875,2303.699951171875,2304.0,2303.699951171875,2303.800048828125,4022
2026-04-28 09:57:00+00:00,2303.0,2303.0,2303.89990234375,2302.89990234375,2303.89990234375,5949
2026-04-28 09:58:00+00:00,2300.60009765625,2300.60009765625,2303.0,2299.89990234375,2302.10009765625,10583
2026-04-28 09:59:00+00:00,2300.0,2300.0,2303.60009765625,2300.0,2302.199951171875,6802
2026-04-29 03:45:00+00:00,2317.10009765625,2317.10009765625,2318.39990234375,2313.89990234375,2313.89990234375,0
2026-04-29 03:46:00+00:00,2316.199951171875,2316.199951171875,2319.0,2314.10009765625,2317.0,12226
2026-04-29 03:47:00+00:00,2318.300048828125,2318.300048828125,2321.300048828125,2316.60009765625,2319.800048828125,29581
2026-04-29 03:48:00+00:00,2313.199951171875,2313.199951171875,2320.699951171875,2312.800048828125,2320.199951171875,6986
2026-04-29 03:49:00+00:00,2308.89990234375,2308.89990234375,2313.300048828125,2307.60009765625,2313.300048828125,2835
2026-04-29 03:50:00+00:00,2311.5,2311.5,2311.5,2309.60009765625,2311.0,3082
2026-04-29 03:51:00+00:00,2307.800048828125,2307.800048828125,2311.39990234375,2305.39990234375,2311.39990234375,2768
2026-04-29 03:52:00+00:00,2310.699951171875,2310.699951171875,2310.699951171875,2306.60009765625,2306.60009765625,3739
2026-04-29 03:53:00+00:00,2312.0,2312.0,2313.39990234375,2309.60009765625,2312.300048828125,3861
2026-04-29 03:54:00+00:00,2312.60009765625,2312.60009765625,2314.60009765625,2312.5,2313.300048828125,2245
2026-04-29 03:55:00+00:00,2313.39990234375,2313.39990234375,2314.0,2311.300048828125,2311.800048828125,1237
2026-04-29 03:56:00+00:00,2317.89990234375,2317.89990234375,2318.0,2313.10009765625,2313.10009765625,1849
2026-04-29 03:57:00+00:00,2316.699951171875,2316.699951171875,2318.39990234375,2316.5,2318.0,1405
2026-04-29 03:58:00+00:00,2315.5,2315.5,2317.300048828125,2315.300048828125,2315.300048828125,2153
2026-04-29 03:59:00+00:00,2320.5,2320.5,2320.5,2315.5,2315.5,3956
2026-04-29 04:00:00+00:00,2323.0,2323.0,2323.0,2322.0,2323.0,4264
2026-04-29 04:01:00+00:00,2321.39990234375,2321.39990234375,2323.0,2321.300048828125,2323.0,3344
2026-04-29 04:02:00+00:00,2319.300048828125,2319.300048828125,2319.60009765625,2315.199951171875,2319.10009765625,7917
2026-04-29 04:03:00+00:00,2316.39990234375,2316.39990234375,2319.39990234375,2316.39990234375,2318.39990234375,1084
2026-04-29 04:04:00+00:00,2318.800048828125,2318.800048828125,2318.800048828125,2317.199951171875,2317.199951171875,1815
2026-04-29 04:05:00+00:00,2322.0,2322.0,2322.0,2320.10009765625,2320.10009765625,4007
2026-04-29 04:06:00+00:00,2324.5,2324.5,2324.5,2321.10009765625,2322.0,1468
2026-04-29 04:07:00+00:00,2325.800048828125,2325.800048828125,2327.0,2322.89990234375,2322.89990234375,5204
2026-04-29 04:08:00+00:00,2327.89990234375,2327.89990234375,2328.60009765625,2326.5,2328.0,2418
2026-04-29 04:09:00+00:00,2326.39990234375,2326.39990234375,2327.10009765625,2325.0,2327.10009765625,3513
2026-04-29 04:10:00+00:00,2326.800048828125,2326.800048828125,2327.699951171875,2326.0,2326.39990234375,1215
2026-04-29 04:11:00+00:00,2324.199951171875,2324.199951171875,2325.800048828125,2323.800048828125,2325.800048828125,1972
2026-04-29 04:12:00+00:00,2325.60009765625,2325.60009765625,2326.0,2324.60009765625,2325.0,2426
2026-04-29 04:13:00+00:00,2323.10009765625,2323.10009765625,2325.5,2322.89990234375,2325.5,873
2026-04-29 04:14:00+00:00,2323.60009765625,2323.60009765625,2323.89990234375,2322.5,2323.10009765625,2107
2026-04-29 04:15:00+00:00,2323.0,2323.0,2323.89990234375,2322.0,2323.60009765625,1085
2026-04-29 04:16:00+00:00,2323.800048828125,2323.800048828125,2324.800048828125,2321.39990234375,2322.699951171875,2553
2026-04-29 04:17:00+00:00,2321.300048828125,2321.300048828125,2323.800048828125,2321.300048828125,2323.5,1512
2026-04-29 04:18:00+00:00,2321.300048828125,2321.300048828125,2323.0,2320.60009765625,2320.60009765625,927
2026-04-29 04:19:00+00:00,2321.199951171875,2321.199951171875,2322.60009765625,2320.5,2322.60009765625,395
2026-04-29 04:20:00+00:00,2320.10009765625,2320.10009765625,2321.10009765625,2318.10009765625,2321.10009765625,801
2026-04-29 04:21:00+00:00,2318.39990234375,2318.39990234375,2320.10009765625,2315.300048828125,2320.10009765625,2073
2026-04-29 04:22:00+00:00,2316.89990234375,2316.89990234375,2318.300048828125,2316.10009765625,2318.300048828125,996
2026-04-29 04:23:00+00:00,2315.5,2315.5,2317.60009765625,2315.300048828125,2316.5,1165
2026-04-29 04:24:00+00:00,2313.60009765625,2313.60009765625,2315.300048828125,2313.39990234375,2315.199951171875,3832
2026-04-29 04:25:00+00:00,2316.300048828125,2316.300048828125,2316.300048828125,2314.0,2314.5,1461
2026-04-29 04:26:00+00:00,2317.300048828125,2317.300048828125,2317.300048828125,2314.5,2315.300048828125,958
2026-04-29 04:27:00+00:00,2316.800048828125,2316.800048828125,2318.199951171875,2316.0,2318.0,1464
2026-04-29 04:28:00+00:00,2317.199951171875,2317.199951171875,2317.89990234375,2316.800048828125,2317.89990234375,799
2026-04-29 04:29:00+00:00,2316.800048828125,2316.800048828125,2317.60009765625,2316.0,2317.199951171875,491
2026-04-29 04:30:00+00:00,2316.800048828125,2316.800048828125,2317.60009765625,2316.0,2316.0,983
2026-04-29 04:31:00+00:00,2318.60009765625,2318.60009765625,2318.699951171875,2317.60009765625,2317.60009765625,374
2026-04-29 04:32:00+00:00,2317.10009765625,2317.10009765625,2317.89990234375,2316.60009765625,2317.89990234375,469
2026-04-29 04:33:00+00:00,2316.300048828125,2316.300048828125,2317.39990234375,2316.199951171875,2316.5,742
2026-04-29 04:34:00+00:00,2316.800048828125,2316.800048828125,2318.199951171875,2316.0,2317.0,1258
2026-04-29 04:35:00+00:00,2317.0,2317.0,2318.199951171875,2316.60009765625,2317.699951171875,960
2026-04-29 04:36:00+00:00,2315.60009765625,2315.60009765625,2316.0,2314.0,2316.0,1608
2026-04-29 04:37:00+00:00,2313.199951171875,2313.199951171875,2316.0,2312.300048828125,2315.699951171875,1296
2026-04-29 04:38:00+00:00,2312.10009765625,2312.10009765625,2313.199951171875,2312.10009765625,2312.5,608
2026-04-29 04:39:00+00:00,2315.10009765625,2315.10009765625,2315.699951171875,2312.0,2312.0,879
2026-04-29 04:40:00+00:00,2313.0,2313.0,2314.699951171875,2312.5,2314.5,1086
2026-04-29 04:41:00+00:00,2312.699951171875,2312.699951171875,2313.89990234375,2312.5,2313.89990234375,543
2026-04-29 04:42:00+00:00,2312.5,2312.5,2313.199951171875,2312.5,2312.5,343
2026-04-29 04:43:00+00:00,2313.199951171875,2313.199951171875,2313.199951171875,2312.300048828125,2313.199951171875,271
2026-04-29 04:44:00+00:00,2311.800048828125,2311.800048828125,2313.199951171875,2311.800048828125,2313.199951171875,1650
2026-04-29 04:45:00+00:00,2313.39990234375,2313.39990234375,2313.39990234375,2310.5,2312.0,2125
2026-04-29 04:46:00+00:00,2314.39990234375,2314.39990234375,2314.39990234375,2312.0,2313.39990234375,2493
2026-04-29 04:47:00+00:00,2314.39990234375,2314.39990234375,2314.39990234375,2313.300048828125,2313.39990234375,2144
2026-04-29 04:48:00+00:00,2314.699951171875,2314.699951171875,2314.699951171875,2313.5,2314.39990234375,785
2026-04-29 04:49:00+00:00,2314.89990234375,2314.89990234375,2315.699951171875,2314.39990234375,2314.39990234375,1188
2026-04-29 04:50:00+00:00,2315.199951171875,2315.199951171875,2317.5,2315.199951171875,2317.5,796
2026-04-29 04:51:00+00:00,2315.89990234375,2315.89990234375,2316.800048828125,2315.0,2315.300048828125,2373
2026-04-29 04:52:00+00:00,2314.5,2314.5,2317.199951171875,2314.5,2315.89990234375,564
2026-04-29 04:53:00+00:00,2317.199951171875,2317.199951171875,2317.199951171875,2315.0,2315.39990234375,239
2026-04-29 04:54:00+00:00,2316.800048828125,2316.800048828125,2317.199951171875,2316.300048828125,2317.199951171875,24
2026-04-29 04:55:00+00:00,2317.699951171875,2317.699951171875,2318.39990234375,2317.199951171875,2317.60009765625,483
2026-04-29 04:56:00+00:00,2318.10009765625,2318.10009765625,2318.39990234375,2317.5,2318.39990234375,71
2026-04-29 04:57:00+00:00,2318.699951171875,2318.699951171875,2318.699951171875,2317.60009765625,2318.10009765625,280
2026-04-29 04:58:00+00:00,2318.60009765625,2318.60009765625,2319.39990234375,2318.300048828125,2319.39990234375,1262
2026-04-29 04:59:00+00:00,2319.699951171875,2319.699951171875,2319.699951171875,2317.89990234375,2318.60009765625,700
2026-04-29 05:00:00+00:00,2316.300048828125,2316.300048828125,2319.699951171875,2316.300048828125,2319.699951171875,826
2026-04-29 05:01:00+00:00,2317.0,2317.0,2318.0,2316.699951171875,2317.699951171875,277
2026-04-29 05:02:00+00:00,2317.0,2317.0,2318.0,2316.699951171875,2317.89990234375,372
2026-04-29 05:03:00+00:00,2318.0,2318.0,2318.0,2316.0,2318.0,2231
2026-04-29 05:04:00+00:00,2316.10009765625,2316.10009765625,2318.0,2315.699951171875,2316.800048828125,268
2026-04-29 05:05:00+00:00,2316.39990234375,2316.39990234375,2316.39990234375,2316.10009765625,2316.10009765625,211
2026-04-29 05:06:00+00:00,2317.89990234375,2317.89990234375,2317.89990234375,2316.10009765625,2316.39990234375,253
2026-04-29 05:07:00+00:00,2317.89990234375,2317.89990234375,2318.39990234375,2317.89990234375,2317.89990234375,219
2026-04-29 05:08:00+00:00,2317.199951171875,2317.199951171875,2317.89990234375,2317.199951171875,2317.89990234375,372
2026-04-29 05:09:00+00:00,2316.60009765625,2316.60009765625,2317.699951171875,2316.0,2317.699951171875,261
2026-04-29 05:10:00+00:00,2316.0,2316.0,2316.300048828125,2316.0,2316.300048828125,322
2026-04-29 05:11:00+00:00,2317.199951171875,2317.199951171875,2317.199951171875,2316.300048828125,2316.300048828125,743
2026-04-29 05:12:00+00:00,2317.300048828125,2317.300048828125,2317.300048828125,2317.199951171875,2317.199951171875,222
2026-04-29 05:13:00+00:00,2317.89990234375,2317.89990234375,2317.89990234375,2317.300048828125,2317.5,56
2026-04-29 05:14:00+00:00,2316.0,2316.0,2316.699951171875,2316.0,2316.300048828125,713
2026-04-29 05:15:00+00:00,2315.10009765625,2315.10009765625,2315.5,2315.0,2315.5,131
2026-04-29 05:16:00+00:00,2315.60009765625,2315.60009765625,2315.60009765625,2314.60009765625,2314.699951171875,597
2026-04-29 05:17:00+00:00,2316.699951171875,2316.699951171875,2316.699951171875,2315.0,2315.60009765625,526
2026-04-29 05:18:00+00:00,2316.699951171875,2316.699951171875,2317.300048828125,2316.0,2316.0,159
2026-04-29 05:19:00+00:00,2315.60009765625,2315.60009765625,2316.89990234375,2315.60009765625,2316.89990234375,489
2026-04-29 05:20:00+00:00,2315.0,2315.0,2315.5,2315.0,2315.5,122
2026-04-29 05:21:00+00:00,2315.0,2315.0,2315.300048828125,2315.0,2315.300048828125,135
2026-04-29 05:22:00+00:00,2313.89990234375,2313.89990234375,2315.10009765625,2313.800048828125,2314.5,1424
2026-04-29 05:23:00+00:00,2315.199951171875,2315.199951171875,2315.199951171875,2313.300048828125,2313.800048828125,619
2026-04-29 05:24:00+00:00,2315.5,2315.5,2315.5,2314.89990234375,2315.10009765625,281
2026-04-29 05:25:00+00:00,2316.10009765625,2316.10009765625,2316.39990234375,2315.800048828125,2316.0,166
2026-04-29 05:26:00+00:00,2316.10009765625,2316.10009765625,2316.10009765625,2315.699951171875,2316.10009765625,167
2026-04-29 05:27:00+00:00,2317.89990234375,2317.89990234375,2319.10009765625,2315.89990234375,2315.89990234375,913
2026-04-29 05:28:00+00:00,2319.199951171875,2319.199951171875,2319.39990234375,2318.0,2318.800048828125,1079
2026-04-29 05:29:00+00:00,2318.60009765625,2318.60009765625,2319.199951171875,2318.0,2319.199951171875,257
2026-04-29 05:30:00+00:00,2317.5,2317.5,2318.699951171875,2317.5,2318.699951171875,332
2026-04-29 05:31:00+00:00,2320.10009765625,2320.10009765625,2320.10009765625,2318.0,2318.0,2185
2026-04-29 05:32:00+00:00,2320.5,2320.5,2320.89990234375,2320.199951171875,2320.89990234375,497
2026-04-29 05:33:00+00:00,2319.0,2319.0,2320.89990234375,2319.0,2320.699951171875,308
2026-04-29 05:34:00+00:00,2322.0,2322.0,2322.0,2318.699951171875,2318.699951171875,918
2026-04-29 05:35:00+00:00,2321.60009765625,2321.60009765625,2321.60009765625,2319.800048828125,2321.0,1163
2026-04-29 05:36:00+00:00,2320.0,2320.0,2321.199951171875,2320.0,2321.10009765625,231
2026-04-29 05:37:00+00:00,2320.89990234375,2320.89990234375,2320.89990234375,2320.0,2320.0,69
2026-04-29 05:38:00+00:00,2320.199951171875,2320.199951171875,2320.89990234375,2320.199951171875,2320.89990234375,163
2026-04-29 05:39:00+00:00,2319.39990234375,2319.39990234375,2320.199951171875,2319.300048828125,2320.199951171875,601
2026-04-29 05:40:00+00:00,2320.0,2320.0,2320.0,2318.800048828125,2319.39990234375,572
2026-04-29 05:41:00+00:00,2322.39990234375,2322.39990234375,2322.39990234375,2319.699951171875,2319.699951171875,326
2026-04-29 05:42:00+00:00,2326.5,2326.5,2326.699951171875,2321.10009765625,2321.5,13462
2026-04-29 05:43:00+00:00,2331.699951171875,2331.699951171875,2332.60009765625,2328.0,2328.0,6205
2026-04-29 05:44:00+00:00,2328.5,2328.5,2330.699951171875,2328.5,2330.60009765625,1442
2026-04-29 05:45:00+00:00,2329.0,2329.0,2330.10009765625,2328.89990234375,2329.10009765625,847
2026-04-29 05:46:00+00:00,2328.10009765625,2328.10009765625,2330.10009765625,2328.10009765625,2330.10009765625,716
2026-04-29 05:47:00+00:00,2328.0,2328.0,2328.0,2328.0,2328.0,224
2026-04-29 05:48:00+00:00,2328.300048828125,2328.300048828125,2328.60009765625,2327.699951171875,2328.60009765625,243
2026-04-29 05:49:00+00:00,2328.89990234375,2328.89990234375,2328.89990234375,2327.89990234375,2327.89990234375,1046
2026-04-29 05:50:00+00:00,2328.699951171875,2328.699951171875,2329.800048828125,2327.89990234375,2327.89990234375,813
2026-04-29 05:51:00+00:00,2327.0,2327.0,2329.60009765625,2327.0,2328.800048828125,1342
2026-04-29 05:52:00+00:00,2330.0,2330.0,2330.10009765625,2328.5,2328.5,2110
2026-04-29 05:53:00+00:00,2330.5,2330.5,2331.0,2330.0,2330.10009765625,900
2026-04-29 05:54:00+00:00,2330.199951171875,2330.199951171875,2331.199951171875,2329.39990234375,2331.199951171875,716
2026-04-29 05:55:00+00:00,2330.60009765625,2330.60009765625,2330.60009765625,2329.199951171875,2330.199951171875,809
2026-04-29 05:56:00+00:00,2329.300048828125,2329.300048828125,2330.300048828125,2329.300048828125,2330.300048828125,81
2026-04-29 05:57:00+00:00,2328.199951171875,2328.199951171875,2329.89990234375,2328.199951171875,2329.300048828125,560
2026-04-29 05:58:00+00:00,2328.10009765625,2328.10009765625,2329.10009765625,2328.10009765625,2328.199951171875,369
2026-04-29 05:59:00+00:00,2327.800048828125,2327.800048828125,2328.699951171875,2326.39990234375,2328.10009765625,698
2026-04-29 06:00:00+00:00,2328.0,2328.0,2328.0,2326.5,2327.0,394
2026-04-29 06:01:00+00:00,2328.699951171875,2328.699951171875,2328.699951171875,2328.0,2328.0,621
2026-04-29 06:02:00+00:00,2325.199951171875,2325.199951171875,2328.0,2325.199951171875,2328.0,1281
2026-04-29 06:03:00+00:00,2326.60009765625,2326.60009765625,2327.10009765625,2325.800048828125,2325.800048828125,313
2026-04-29 06:04:00+00:00,2325.60009765625,2325.60009765625,2327.10009765625,2325.39990234375,2327.10009765625,285
2026-04-29 06:05:00+00:00,2326.300048828125,2326.300048828125,2326.60009765625,2325.699951171875,2325.699951171875,224
2026-04-29 06:06:00+00:00,2331.10009765625,2331.10009765625,2331.10009765625,2326.800048828125,2326.800048828125,4384
2026-04-29 06:07:00+00:00,2330.60009765625,2330.60009765625,2331.10009765625,2329.39990234375,2331.10009765625,4857
2026-04-29 06:08:00+00:00,2331.0,2331.0,2331.0,2329.89990234375,2330.60009765625,948
2026-04-29 06:09:00+00:00,2331.60009765625,2331.60009765625,2332.0,2331.0,2331.699951171875,626
2026-04-29 06:10:00+00:00,2330.39990234375,2330.39990234375,2331.60009765625,2330.39990234375,2331.60009765625,618
2026-04-29 06:11:00+00:00,2330.5,2330.5,2330.5,2329.699951171875,2330.39990234375,167
2026-04-29 06:12:00+00:00,2329.199951171875,2329.199951171875,2330.300048828125,2329.199951171875,2330.199951171875,416
2026-04-29 06:13:00+00:00,2329.39990234375,2329.39990234375,2329.39990234375,2328.699951171875,2329.39990234375,488
2026-04-29 06:14:00+00:00,2329.39990234375,2329.39990234375,2329.60009765625,2329.199951171875,2329.199951171875,73
2026-04-29 06:15:00+00:00,2329.39990234375,2329.39990234375,2329.39990234375,2329.199951171875,2329.199951171875,91
2026-04-29 06:16:00+00:00,2329.199951171875,2329.199951171875,2329.199951171875,2328.699951171875,2329.199951171875,348
2026-04-29 06:17:00+00:00,2329.39990234375,2329.39990234375,2329.39990234375,2328.89990234375,2329.300048828125,195
2026-04-29 06:18:00+00:00,2329.199951171875,2329.199951171875,2329.39990234375,2329.199951171875,2329.39990234375,72
2026-04-29 06:19:00+00:00,2329.0,2329.0,2329.0,2329.0,2329.0,143
2026-04-29 06:20:00+00:00,2329.0,2329.0,2329.199951171875,2328.699951171875,2329.10009765625,96
2026-04-29 06:21:00+00:00,2329.0,2329.0,2329.199951171875,2329.0,2329.199951171875,188
2026-04-29 06:22:00+00:00,2328.0,2328.0,2329.10009765625,2327.0,2329.10009765625,1747
2026-04-29 06:23:00+00:00,2330.10009765625,2330.10009765625,2330.10009765625,2327.800048828125,2327.800048828125,293
2026-04-29 06:24:00+00:00,2330.0,2330.0,2330.5,2329.0,2329.199951171875,201
2026-04-29 06:25:00+00:00,2329.699951171875,2329.699951171875,2329.699951171875,2329.0,2329.39990234375,249
2026-04-29 06:26:00+00:00,2329.60009765625,2329.60009765625,2330.5,2329.39990234375,2329.39990234375,353
2026-04-29 06:27:00+00:00,2329.300048828125,2329.300048828125,2330.0,2329.300048828125,2329.60009765625,168
2026-04-29 06:28:00+00:00,2329.10009765625,2329.10009765625,2330.0,2328.89990234375,2329.60009765625,202
2026-04-29 06:29:00+00:00,2329.0,2329.0,2329.60009765625,2329.0,2329.10009765625,85
2026-04-29 06:30:00+00:00,2325.60009765625,2325.60009765625,2329.39990234375,2325.10009765625,2329.10009765625,3961
2026-04-29 06:31:00+00:00,2325.199951171875,2325.199951171875,2326.39990234375,2325.10009765625,2325.300048828125,269
2026-04-29 06:32:00+00:00,2323.300048828125,2323.300048828125,2325.0,2323.300048828125,2325.0,21762
2026-04-29 06:33:00+00:00,2323.0,2323.0,2324.5,2323.0,2323.5,1613
2026-04-29 06:34:00+00:00,2323.199951171875,2323.199951171875,2324.5,2323.199951171875,2323.699951171875,389
2026-04-29 06:35:00+00:00,2323.10009765625,2323.10009765625,2323.89990234375,2323.0,2323.89990234375,90
2026-04-29 06:36:00+00:00,2322.0,2322.0,2323.199951171875,2322.0,2323.199951171875,112
2026-04-29 06:37:00+00:00,2322.10009765625,2322.10009765625,2322.699951171875,2321.800048828125,2321.800048828125,528
2026-04-29 06:38:00+00:00,2322.0,2322.0,2322.39990234375,2321.800048828125,2322.10009765625,204
2026-04-29 06:39:00+00:00,2321.300048828125,2321.300048828125,2322.0,2321.300048828125,2322.0,90
2026-04-29 06:40:00+00:00,2321.39990234375,2321.39990234375,2321.699951171875,2321.300048828125,2321.300048828125,61
2026-04-29 06:41:00+00:00,2321.300048828125,2321.300048828125,2321.39990234375,2321.199951171875,2321.39990234375,110
2026-04-29 06:42:00+00:00,2319.89990234375,2319.89990234375,2320.89990234375,2319.89990234375,2320.89990234375,1104
2026-04-29 06:43:00+00:00,2320.5,2320.5,2320.5,2319.699951171875,2320.199951171875,305
2026-04-29 06:44:00+00:00,2320.39990234375,2320.39990234375,2320.39990234375,2319.699951171875,2319.699951171875,113
2026-04-29 06:45:00+00:00,2319.699951171875,2319.699951171875,2320.0,2319.699951171875,2320.0,147
2026-04-29 06:46:00+00:00,2319.5,2319.5,2320.699951171875,2319.5,2319.89990234375,227
2026-04-29 06:47:00+00:00,2319.199951171875,2319.199951171875,2319.300048828125,2319.10009765625,2319.300048828125,76
2026-04-29 06:48:00+00:00,2319.0,2319.0,2319.60009765625,2319.0,2319.199951171875,180
2026-04-29 06:49:00+00:00,2322.5,2322.5,2322.5,2319.0,2319.0,1942
2026-04-29 06:50:00+00:00,2323.0,2323.0,2324.0,2322.5,2322.60009765625,652
2026-04-29 06:51:00+00:00,2322.699951171875,2322.699951171875,2324.199951171875,2322.699951171875,2323.0,111
2026-04-29 06:52:00+00:00,2322.5,2322.5,2322.89990234375,2322.5,2322.699951171875,111
2026-04-29 06:53:00+00:00,2322.60009765625,2322.60009765625,2323.199951171875,2322.5,2323.10009765625,217
2026-04-29 06:54:00+00:00,2323.10009765625,2323.10009765625,2323.60009765625,2322.5,2322.5,311
2026-04-29 06:55:00+00:00,2323.0,2323.0,2324.39990234375,2323.0,2323.89990234375,316
2026-04-29 06:56:00+00:00,2325.0,2325.0,2325.0,2323.0,2323.0,629
2026-04-29 06:57:00+00:00,2322.60009765625,2322.60009765625,2325.300048828125,2322.60009765625,2324.39990234375,795
2026-04-29 06:58:00+00:00,2322.89990234375,2322.89990234375,2323.699951171875,2322.199951171875,2323.699951171875,153
2026-04-29 06:59:00+00:00,2322.89990234375,2322.89990234375,2322.89990234375,2322.5,2322.60009765625,85
2026-04-29 07:00:00+00:00,2322.39990234375,2322.39990234375,2323.199951171875,2322.39990234375,2322.5,147
2026-04-29 07:01:00+00:00,2324.800048828125,2324.800048828125,2325.0,2322.39990234375,2322.800048828125,2554
2026-04-29 07:02:00+00:00,2323.199951171875,2323.199951171875,2324.10009765625,2323.199951171875,2324.10009765625,59
2026-04-29 07:03:00+00:00,2322.60009765625,2322.60009765625,2323.199951171875,2322.300048828125,2323.199951171875,164
2026-04-29 07:04:00+00:00,2323.0,2323.0,2324.0,2322.60009765625,2322.89990234375,324
2026-04-29 07:05:00+00:00,2324.0,2324.0,2324.0,2322.89990234375,2322.89990234375,557
2026-04-29 07:06:00+00:00,2322.89990234375,2322.89990234375,2325.0,2322.89990234375,2324.0,535
2026-04-29 07:07:00+00:00,2324.699951171875,2324.699951171875,2325.0,2322.89990234375,2323.10009765625,242
2026-04-29 07:08:00+00:00,2324.5,2324.5,2324.60009765625,2323.60009765625,2324.0,137
2026-04-29 07:09:00+00:00,2325.300048828125,2325.300048828125,2326.39990234375,2324.699951171875,2324.699951171875,593
2026-04-29 07:10:00+00:00,2324.699951171875,2324.699951171875,2324.800048828125,2324.699951171875,2324.800048828125,139
2026-04-29 07:11:00+00:00,2325.10009765625,2325.10009765625,2325.800048828125,2324.10009765625,2324.300048828125,3192
2026-04-29 07:12:00+00:00,2322.0,2322.0,2325.0,2322.0,2325.0,17394
2026-04-29 07:13:00+00:00,2322.0,2322.0,2322.10009765625,2322.0,2322.10009765625,219
2026-04-29 07:14:00+00:00,2322.300048828125,2322.300048828125,2322.60009765625,2322.0,2322.60009765625,116
2026-04-29 07:15:00+00:00,2321.89990234375,2321.89990234375,2322.300048828125,2321.0,2322.300048828125,320
2026-04-29 07:16:00+00:00,2322.0,2322.0,2322.39990234375,2322.0,2322.0,335
2026-04-29 07:17:00+00:00,2322.0,2322.0,2322.39990234375,2322.0,2322.39990234375,63
2026-04-29 07:18:00+00:00,2322.0,2322.0,2322.199951171875,2322.0,2322.10009765625,66
2026-04-29 07:19:00+00:00,2320.10009765625,2320.10009765625,2322.39990234375,2320.10009765625,2322.10009765625,2273
2026-04-29 07:20:00+00:00,2322.89990234375,2322.89990234375,2322.89990234375,2318.800048828125,2319.800048828125,5488
2026-04-29 07:21:00+00:00,2322.0,2322.0,2323.0,2322.0,2322.300048828125,371
2026-04-29 07:22:00+00:00,2322.89990234375,2322.89990234375,2325.5,2322.0,2322.0,18769
2026-04-29 07:23:00+00:00,2322.39990234375,2322.39990234375,2323.5,2322.39990234375,2323.5,1019
2026-04-29 07:24:00+00:00,2322.0,2322.0,2322.300048828125,2322.0,2322.300048828125,831
2026-04-29 07:25:00+00:00,2322.0,2322.0,2322.0,2320.699951171875,2321.5,2783
2026-04-29 07:26:00+00:00,2322.0,2322.0,2322.10009765625,2322.0,2322.0,736
2026-04-29 07:27:00+00:00,2322.0,2322.0,2322.60009765625,2322.0,2322.60009765625,780
2026-04-29 07:28:00+00:00,2322.0,2322.0,2322.60009765625,2322.0,2322.300048828125,686
2026-04-29 07:29:00+00:00,2322.0,2322.0,2322.0,2322.0,2322.0,527
2026-04-29 07:30:00+00:00,2322.699951171875,2322.699951171875,2323.800048828125,2322.0,2322.800048828125,1001
2026-04-29 07:31:00+00:00,2322.0,2322.0,2322.60009765625,2322.0,2322.5,834
2026-04-29 07:32:00+00:00,2322.89990234375,2322.89990234375,2322.89990234375,2322.0,2322.0,710
2026-04-29 07:33:00+00:00,2321.60009765625,2321.60009765625,2322.89990234375,2321.5,2322.199951171875,5744
2026-04-29 07:34:00+00:00,2320.89990234375,2320.89990234375,2322.0,2320.89990234375,2322.0,19614
2026-04-29 07:35:00+00:00,2320.60009765625,2320.60009765625,2321.199951171875,2320.60009765625,2320.89990234375,2493
2026-04-29 07:36:00+00:00,2322.0,2322.0,2322.0,2319.699951171875,2320.0,5371
2026-04-29 07:37:00+00:00,2322.0,2322.0,2323.0,2322.0,2322.0,11377
2026-04-29 07:38:00+00:00,2322.300048828125,2322.300048828125,2324.39990234375,2322.0,2322.0,2017
2026-04-29 07:39:00+00:00,2322.60009765625,2322.60009765625,2324.5,2322.5,2322.5,727
2026-04-29 07:40:00+00:00,2323.699951171875,2323.699951171875,2323.699951171875,2322.60009765625,2322.60009765625,659
2026-04-29 07:41:00+00:00,2322.0,2322.0,2322.800048828125,2321.5,2322.800048828125,1715
2026-04-29 07:42:00+00:00,2322.0,2322.0,2322.0,2321.60009765625,2321.60009765625,18005
2026-04-29 07:43:00+00:00,2322.0,2322.0,2322.0,2321.699951171875,2322.0,1889
2026-04-29 07:44:00+00:00,2322.0,2322.0,2322.0,2321.699951171875,2322.0,2109
2026-04-29 07:45:00+00:00,2322.0,2322.0,2322.0,2321.699951171875,2322.0,1821
2026-04-29 07:46:00+00:00,2321.300048828125,2321.300048828125,2322.10009765625,2321.300048828125,2322.10009765625,7471
2026-04-29 07:47:00+00:00,2316.5,2316.5,2320.0,2316.300048828125,2320.0,1821
2026-04-29 07:48:00+00:00,2316.5,2316.5,2316.800048828125,2316.300048828125,2316.300048828125,255
2026-04-29 07:49:00+00:00,2317.800048828125,2317.800048828125,2317.800048828125,2316.5,2316.800048828125,379
2026-04-29 07:50:00+00:00,2317.0,2317.0,2317.89990234375,2316.5,2317.699951171875,204
2026-04-29 07:51:00+00:00,2313.89990234375,2313.89990234375,2317.0,2313.89990234375,2317.0,2326
2026-04-29 07:52:00+00:00,2314.39990234375,2314.39990234375,2314.60009765625,2313.300048828125,2313.39990234375,972
2026-04-29 07:53:00+00:00,2313.800048828125,2313.800048828125,2314.60009765625,2313.800048828125,2314.60009765625,149
2026-04-29 07:54:00+00:00,2313.60009765625,2313.60009765625,2314.699951171875,2313.300048828125,2314.699951171875,126
2026-04-29 07:55:00+00:00,2314.10009765625,2314.10009765625,2315.199951171875,2313.39990234375,2313.39990234375,397
2026-04-29 07:56:00+00:00,2315.5,2315.5,2316.199951171875,2314.5,2314.5,170
2026-04-29 07:57:00+00:00,2313.699951171875,2313.699951171875,2315.5,2313.699951171875,2315.5,243
2026-04-29 07:58:00+00:00,2314.300048828125,2314.300048828125,2315.10009765625,2314.199951171875,2315.10009765625,142
2026-04-29 07:59:00+00:00,2314.10009765625,2314.10009765625,2314.199951171875,2313.699951171875,2314.199951171875,119
2026-04-29 08:00:00+00:00,2313.89990234375,2313.89990234375,2314.60009765625,2313.300048828125,2313.60009765625,573
2026-04-29 08:01:00+00:00,2313.60009765625,2313.60009765625,2314.300048828125,2313.60009765625,2313.60009765625,117
2026-04-29 08:02:00+00:00,2313.39990234375,2313.39990234375,2314.0,2313.10009765625,2313.39990234375,216
2026-04-29 08:03:00+00:00,2313.10009765625,2313.10009765625,2313.5,2313.10009765625,2313.5,278
2026-04-29 08:04:00+00:00,2312.5,2312.5,2313.10009765625,2312.199951171875,2313.10009765625,963
2026-04-29 08:05:00+00:00,2312.199951171875,2312.199951171875,2312.300048828125,2312.199951171875,2312.300048828125,123
2026-04-29 08:06:00+00:00,2312.199951171875,2312.199951171875,2312.800048828125,2312.0,2312.199951171875,261
2026-04-29 08:07:00+00:00,2311.0,2311.0,2313.0,2310.89990234375,2312.0,2103
2026-04-29 08:08:00+00:00,2310.5,2310.5,2311.0,2310.5,2311.0,259
2026-04-29 08:09:00+00:00,2309.699951171875,2309.699951171875,2311.0,2309.699951171875,2310.60009765625,675
2026-04-29 08:10:00+00:00,2308.5,2308.5,2309.89990234375,2308.5,2309.89990234375,750
2026-04-29 08:11:00+00:00,2309.60009765625,2309.60009765625,2309.89990234375,2308.199951171875,2308.39990234375,861
2026-04-29 08:12:00+00:00,2307.39990234375,2307.39990234375,2309.199951171875,2307.39990234375,2309.199951171875,2480
2026-04-29 08:13:00+00:00,2307.800048828125,2307.800048828125,2308.0,2307.199951171875,2307.39990234375,291
2026-04-29 08:14:00+00:00,2306.199951171875,2306.199951171875,2307.39990234375,2306.10009765625,2307.10009765625,908
2026-04-29 08:15:00+00:00,2306.10009765625,2306.10009765625,2306.300048828125,2306.0,2306.10009765625,450
2026-04-29 08:16:00+00:00,2306.5,2306.5,2306.5,2306.0,2306.10009765625,168
2026-04-29 08:17:00+00:00,2306.199951171875,2306.199951171875,2306.199951171875,2306.0,2306.0,93
2026-04-29 08:18:00+00:00,2305.300048828125,2305.300048828125,2305.300048828125,2304.10009765625,2305.199951171875,2750
2026-04-29 08:19:00+00:00,2305.0,2305.0,2306.0,2304.39990234375,2304.5,488
2026-04-29 08:20:00+00:00,2306.5,2306.5,2307.89990234375,2305.5,2306.5,437
2026-04-29 08:21:00+00:00,2306.89990234375,2306.89990234375,2307.60009765625,2306.89990234375,2307.60009765625,204
2026-04-29 08:22:00+00:00,2308.39990234375,2308.39990234375,2308.5,2306.89990234375,2306.89990234375,155
2026-04-29 08:23:00+00:00,2308.199951171875,2308.199951171875,2309.89990234375,2307.5,2307.5,1010
2026-04-29 08:24:00+00:00,2311.5,2311.5,2311.5,2309.10009765625,2309.10009765625,1492
2026-04-29 08:25:00+00:00,2312.199951171875,2312.199951171875,2312.699951171875,2310.199951171875,2311.5,543
2026-04-29 08:26:00+00:00,2312.60009765625,2312.60009765625,2312.699951171875,2311.5,2312.199951171875,1227
2026-04-29 08:27:00+00:00,2311.39990234375,2311.39990234375,2311.60009765625,2311.10009765625,2311.39990234375,218
2026-04-29 08:28:00+00:00,2312.699951171875,2312.699951171875,2312.699951171875,2310.199951171875,2310.199951171875,672
2026-04-29 08:29:00+00:00,2310.60009765625,2310.60009765625,2312.5,2310.39990234375,2312.5,242
2026-04-29 08:30:00+00:00,2309.800048828125,2309.800048828125,2310.60009765625,2309.5,2310.60009765625,66
2026-04-29 08:31:00+00:00,2309.199951171875,2309.199951171875,2310.199951171875,2308.800048828125,2310.0,134
2026-04-29 08:32:00+00:00,2309.800048828125,2309.800048828125,2309.800048828125,2308.300048828125,2308.800048828125,758
2026-04-29 08:33:00+00:00,2307.199951171875,2307.199951171875,2309.5,2307.199951171875,2309.5,189
2026-04-29 08:34:00+00:00,2306.10009765625,2306.10009765625,2307.699951171875,2306.10009765625,2307.199951171875,406
2026-04-29 08:35:00+00:00,2306.300048828125,2306.300048828125,2306.800048828125,2305.699951171875,2306.0,1299
2026-04-29 08:36:00+00:00,2307.60009765625,2307.60009765625,2307.60009765625,2305.5,2306.300048828125,1220
2026-04-29 08:37:00+00:00,2304.199951171875,2304.199951171875,2307.5,2304.0,2306.5,2054
2026-04-29 08:38:00+00:00,2304.800048828125,2304.800048828125,2306.60009765625,2304.300048828125,2304.60009765625,1516
2026-04-29 08:39:00+00:00,2305.300048828125,2305.300048828125,2305.300048828125,2304.699951171875,2304.89990234375,169
2026-04-29 08:40:00+00:00,2305.60009765625,2305.60009765625,2305.699951171875,2305.0,2305.60009765625,612
2026-04-29 08:41:00+00:00,2305.199951171875,2305.199951171875,2305.199951171875,2304.300048828125,2305.0,468
2026-04-29 08:42:00+00:00,2304.800048828125,2304.800048828125,2306.89990234375,2304.39990234375,2306.39990234375,840
2026-04-29 08:43:00+00:00,2305.0,2305.0,2305.199951171875,2304.300048828125,2304.699951171875,387
2026-04-29 08:44:00+00:00,2304.39990234375,2304.39990234375,2305.199951171875,2304.39990234375,2305.199951171875,134
2026-04-29 08:45:00+00:00,2307.800048828125,2307.800048828125,2308.10009765625,2304.699951171875,2304.699951171875,687
2026-04-29 08:46:00+00:00,2306.199951171875,2306.199951171875,2307.0,2306.0,2307.0,564
2026-04-29 08:47:00+00:00,2306.0,2306.0,2306.60009765625,2306.0,2306.199951171875,217
2026-04-29 08:48:00+00:00,2305.60009765625,2305.60009765625,2305.89990234375,2305.60009765625,2305.60009765625,73
2026-04-29 08:49:00+00:00,2305.800048828125,2305.800048828125,2306.199951171875,2305.60009765625,2305.60009765625,401
2026-04-29 08:50:00+00:00,2305.800048828125,2305.800048828125,2306.39990234375,2305.800048828125,2306.0,103
2026-04-29 08:51:00+00:00,2305.10009765625,2305.10009765625,2306.699951171875,2305.10009765625,2305.5,1138
2026-04-29 08:52:00+00:00,2305.0,2305.0,2305.199951171875,2305.0,2305.10009765625,328
2026-04-29 08:53:00+00:00,2307.10009765625,2307.10009765625,2307.10009765625,2305.0,2305.0,296
2026-04-29 08:54:00+00:00,2306.199951171875,2306.199951171875,2307.60009765625,2305.300048828125,2305.89990234375,285
2026-04-29 08:55:00+00:00,2305.5,2305.5,2306.0,2305.10009765625,2306.0,522
2026-04-29 08:56:00+00:00,2305.199951171875,2305.199951171875,2305.89990234375,2305.199951171875,2305.199951171875,154
2026-04-29 08:57:00+00:00,2304.199951171875,2304.199951171875,2305.10009765625,2304.199951171875,2305.0,195
2026-04-29 08:58:00+00:00,2304.199951171875,2304.199951171875,2304.5,2303.39990234375,2304.199951171875,965
2026-04-29 08:59:00+00:00,2306.300048828125,2306.300048828125,2306.300048828125,2303.199951171875,2304.300048828125,854
2026-04-29 09:00:00+00:00,2306.300048828125,2306.300048828125,2306.300048828125,2305.10009765625,2305.89990234375,237
2026-04-29 09:01:00+00:00,2306.5,2306.5,2306.89990234375,2306.10009765625,2306.89990234375,280
2026-04-29 09:02:00+00:00,2306.0,2306.0,2306.5,2305.800048828125,2306.5,102
2026-04-29 09:03:00+00:00,2305.89990234375,2305.89990234375,2307.39990234375,2305.39990234375,2305.39990234375,179
2026-04-29 09:04:00+00:00,2307.0,2307.0,2307.0,2305.89990234375,2305.89990234375,578
2026-04-29 09:05:00+00:00,2307.5,2307.5,2307.5,2307.10009765625,2307.10009765625,148
2026-04-29 09:06:00+00:00,2307.699951171875,2307.699951171875,2308.199951171875,2307.199951171875,2307.699951171875,791
2026-04-29 09:07:00+00:00,2308.300048828125,2308.300048828125,2308.89990234375,2308.300048828125,2308.300048828125,483
2026-04-29 09:08:00+00:00,2307.89990234375,2307.89990234375,2308.39990234375,2307.5,2307.89990234375,113
2026-04-29 09:09:00+00:00,2307.5,2307.5,2308.0,2307.5,2307.5,428
2026-04-29 09:10:00+00:00,2308.10009765625,2308.10009765625,2308.89990234375,2307.5,2307.5,677
2026-04-29 09:11:00+00:00,2309.10009765625,2309.10009765625,2309.5,2308.10009765625,2308.10009765625,758
2026-04-29 09:12:00+00:00,2312.0,2312.0,2312.0,2308.800048828125,2309.10009765625,687
2026-04-29 09:13:00+00:00,2312.60009765625,2312.60009765625,2312.60009765625,2310.89990234375,2310.89990234375,2890
2026-04-29 09:14:00+00:00,2311.60009765625,2311.60009765625,2312.60009765625,2311.300048828125,2312.5,1646
2026-04-29 09:15:00+00:00,2311.699951171875,2311.699951171875,2312.10009765625,2311.300048828125,2311.5,521
2026-04-29 09:16:00+00:00,2310.89990234375,2310.89990234375,2311.699951171875,2310.699951171875,2310.89990234375,1006
2026-04-29 09:17:00+00:00,2309.89990234375,2309.89990234375,2311.0,2309.89990234375,2311.0,260
2026-04-29 09:18:00+00:00,2309.300048828125,2309.300048828125,2310.699951171875,2309.300048828125,2310.300048828125,325
2026-04-29 09:19:00+00:00,2309.0,2309.0,2309.800048828125,2308.5,2309.300048828125,806
2026-04-29 09:20:00+00:00,2309.300048828125,2309.300048828125,2309.60009765625,2308.60009765625,2308.89990234375,737
2026-04-29 09:21:00+00:00,2309.60009765625,2309.60009765625,2310.0,2308.10009765625,2309.199951171875,1156
2026-04-29 09:22:00+00:00,2309.60009765625,2309.60009765625,2310.300048828125,2309.60009765625,2310.199951171875,438
2026-04-29 09:23:00+00:00,2310.199951171875,2310.199951171875,2310.199951171875,2309.60009765625,2309.89990234375,167
2026-04-29 09:24:00+00:00,2310.699951171875,2310.699951171875,2310.699951171875,2309.5,2310.199951171875,200
2026-04-29 09:25:00+00:00,2310.5,2310.5,2310.5,2309.5,2309.89990234375,212
2026-04-29 09:26:00+00:00,2309.89990234375,2309.89990234375,2310.39990234375,2308.800048828125,2309.89990234375,1613
2026-04-29 09:27:00+00:00,2308.10009765625,2308.10009765625,2309.0,2308.10009765625,2308.699951171875,2010
2026-04-29 09:28:00+00:00,2307.89990234375,2307.89990234375,2308.0,2305.89990234375,2305.89990234375,2219
2026-04-29 09:29:00+00:00,2308.199951171875,2308.199951171875,2308.89990234375,2305.199951171875,2307.89990234375,5079
2026-04-29 09:30:00+00:00,2310.0,2310.0,2311.5,2307.300048828125,2308.10009765625,9546
2026-04-29 09:31:00+00:00,2311.89990234375,2311.89990234375,2312.60009765625,2309.699951171875,2309.699951171875,9193
2026-04-29 09:32:00+00:00,2312.5,2312.5,2313.60009765625,2312.10009765625,2312.300048828125,5104
2026-04-29 09:33:00+00:00,2312.10009765625,2312.10009765625,2313.199951171875,2312.10009765625,2312.5,8334
2026-04-29 09:34:00+00:00,2313.60009765625,2313.60009765625,2313.60009765625,2312.10009765625,2312.10009765625,7664
2026-04-29 09:35:00+00:00,2313.800048828125,2313.800048828125,2313.800048828125,2312.89990234375,2313.60009765625,4572
2026-04-29 09:36:00+00:00,2311.699951171875,2311.699951171875,2313.800048828125,2311.199951171875,2313.800048828125,8603
2026-04-29 09:37:00+00:00,2313.0,2313.0,2313.0,2312.300048828125,2312.5,6393
2026-04-29 09:38:00+00:00,2313.0,2313.0,2313.10009765625,2312.89990234375,2313.0,12301
2026-04-29 09:39:00+00:00,2313.60009765625,2313.60009765625,2313.60009765625,2312.89990234375,2312.89990234375,15722
2026-04-29 09:40:00+00:00,2312.10009765625,2312.10009765625,2313.199951171875,2312.0,2313.10009765625,21367
2026-04-29 09:41:00+00:00,2311.800048828125,2311.800048828125,2312.89990234375,2311.39990234375,2312.699951171875,4762
2026-04-29 09:42:00+00:00,2310.39990234375,2310.39990234375,2311.39990234375,2310.39990234375,2311.300048828125,5190
2026-04-29 09:43:00+00:00,2311.0,2311.0,2311.0,2310.5,2310.60009765625,1887
2026-04-29 09:44:00+00:00,2311.300048828125,2311.300048828125,2312.0,2311.0,2311.0,5171
2026-04-29 09:45:00+00:00,2310.800048828125,2310.800048828125,2311.300048828125,2310.5,2311.0,3708
2026-04-29 09:46:00+00:00,2309.0,2309.0,2310.0,2309.0,2310.0,7097
2026-04-29 09:47:00+00:00,2308.800048828125,2308.800048828125,2309.199951171875,2308.800048828125,2309.0,2016
2026-04-29 09:48:00+00:00,2307.10009765625,2307.10009765625,2308.60009765625,2307.10009765625,2308.60009765625,4381
2026-04-29 09:49:00+00:00,2308.89990234375,2308.89990234375,2309.39990234375,2307.89990234375,2307.89990234375,3157
2026-04-29 09:50:00+00:00,2308.800048828125,2308.800048828125,2308.89990234375,2306.60009765625,2308.800048828125,6560
2026-04-29 09:51:00+00:00,2308.0,2308.0,2308.10009765625,2307.199951171875,2308.0,2270
2026-04-29 09:52:00+00:00,2308.60009765625,2308.60009765625,2308.60009765625,2308.0,2308.199951171875,1650
2026-04-29 09:53:00+00:00,2309.10009765625,2309.10009765625,2309.10009765625,2308.60009765625,2308.60009765625,4432
2026-04-29 09:54:00+00:00,2308.60009765625,2308.60009765625,2311.39990234375,2308.60009765625,2309.10009765625,10378
2026-04-29 09:55:00+00:00,2310.199951171875,2310.199951171875,2310.699951171875,2308.300048828125,2309.0,3630
2026-04-29 09:56:00+00:00,2308.300048828125,2308.300048828125,2310.699951171875,2307.300048828125,2310.699951171875,4492
2026-04-29 09:57:00+00:00,2309.5,2309.5,2309.5,2307.10009765625,2307.300048828125,6837
2026-04-29 09:58:00+00:00,2312.0,2312.0,2312.300048828125,2306.10009765625,2308.89990234375,4908
2026-04-29 09:59:00+00:00,2302.699951171875,2302.699951171875,2316.5,2302.699951171875,2311.800048828125,3956
2026-04-30 03:45:00+00:00,2289.10009765625,2289.10009765625,2290.199951171875,2287.60009765625,2288.0,0
2026-04-30 03:46:00+00:00,2305.300048828125,2305.300048828125,2306.10009765625,2301.0,2301.0,32297
2026-04-30 03:47:00+00:00,2296.199951171875,2296.199951171875,2304.5,2296.199951171875,2304.199951171875,3860
2026-04-30 03:48:00+00:00,2303.0,2303.0,2304.699951171875,2298.800048828125,2298.800048828125,152214
2026-04-30 03:49:00+00:00,2296.10009765625,2296.10009765625,2302.800048828125,2295.300048828125,2302.800048828125,3924
2026-04-30 03:50:00+00:00,2296.300048828125,2296.300048828125,2300.0,2296.0,2300.0,1726
2026-04-30 03:51:00+00:00,2289.10009765625,2289.10009765625,2296.300048828125,2289.0,2296.300048828125,5094
2026-04-30 03:52:00+00:00,2289.5,2289.5,2290.800048828125,2289.5,2290.800048828125,568
2026-04-30 03:53:00+00:00,2294.10009765625,2294.10009765625,2295.39990234375,2292.0,2292.0,2412
2026-04-30 03:54:00+00:00,2293.60009765625,2293.60009765625,2294.10009765625,2291.89990234375,2293.89990234375,2393
2026-04-30 03:55:00+00:00,2289.10009765625,2289.10009765625,2292.300048828125,2289.0,2291.60009765625,1022
2026-04-30 03:56:00+00:00,2285.800048828125,2285.800048828125,2289.10009765625,2283.0,2289.10009765625,3019
2026-04-30 03:57:00+00:00,2286.89990234375,2286.89990234375,2287.300048828125,2285.300048828125,2286.699951171875,1839
2026-04-30 03:58:00+00:00,2288.10009765625,2288.10009765625,2291.0,2288.10009765625,2289.699951171875,2076
2026-04-30 03:59:00+00:00,2290.199951171875,2290.199951171875,2290.199951171875,2287.10009765625,2289.0,161
2026-04-30 04:00:00+00:00,2290.89990234375,2290.89990234375,2292.39990234375,2287.800048828125,2287.800048828125,2603
2026-04-30 04:01:00+00:00,2294.89990234375,2294.89990234375,2295.199951171875,2292.199951171875,2292.199951171875,319
2026-04-30 04:02:00+00:00,2296.5,2296.5,2297.300048828125,2295.39990234375,2295.5,1461
2026-04-30 04:03:00+00:00,2298.89990234375,2298.89990234375,2298.89990234375,2296.5,2296.5,558
2026-04-30 04:04:00+00:00,2299.199951171875,2299.199951171875,2300.0,2298.10009765625,2299.0,646
2026-04-30 04:05:00+00:00,2298.699951171875,2298.699951171875,2302.10009765625,2298.699951171875,2302.10009765625,1355
2026-04-30 04:06:00+00:00,2297.39990234375,2297.39990234375,2298.5,2296.5,2298.5,639
2026-04-30 04:07:00+00:00,2298.0,2298.0,2298.0,2297.300048828125,2298.0,251
2026-04-30 04:08:00+00:00,2302.5,2302.5,2302.5,2297.0,2297.5,541
2026-04-30 04:09:00+00:00,2300.89990234375,2300.89990234375,2305.0,2300.89990234375,2304.0,1646
2026-04-30 04:10:00+00:00,2299.60009765625,2299.60009765625,2300.60009765625,2297.800048828125,2299.89990234375,4616
2026-04-30 04:11:00+00:00,2303.300048828125,2303.300048828125,2303.300048828125,2298.39990234375,2299.60009765625,1810
2026-04-30 04:12:00+00:00,2304.199951171875,2304.199951171875,2305.0,2302.0,2302.10009765625,595
2026-04-30 04:13:00+00:00,2306.39990234375,2306.39990234375,2306.39990234375,2304.0,2304.0,748
2026-04-30 04:14:00+00:00,2307.800048828125,2307.800048828125,2308.0,2305.89990234375,2306.39990234375,1630
2026-04-30 04:15:00+00:00,2309.800048828125,2309.800048828125,2309.800048828125,2307.199951171875,2307.199951171875,1089
2026-04-30 04:16:00+00:00,2311.300048828125,2311.300048828125,2311.89990234375,2309.10009765625,2309.10009765625,1124
2026-04-30 04:17:00+00:00,2313.39990234375,2313.39990234375,2314.10009765625,2310.199951171875,2311.10009765625,2727
2026-04-30 04:18:00+00:00,2314.199951171875,2314.199951171875,2314.199951171875,2311.800048828125,2311.89990234375,1388
2026-04-30 04:19:00+00:00,2314.300048828125,2314.300048828125,2314.300048828125,2311.800048828125,2314.0,1237
2026-04-30 04:20:00+00:00,2312.10009765625,2312.10009765625,2314.5,2312.10009765625,2314.5,760
2026-04-30 04:21:00+00:00,2308.39990234375,2308.39990234375,2311.699951171875,2307.800048828125,2311.699951171875,2790
2026-04-30 04:22:00+00:00,2306.5,2306.5,2308.39990234375,2306.5,2308.39990234375,541
2026-04-30 04:23:00+00:00,2308.60009765625,2308.60009765625,2308.60009765625,2306.0,2306.0,1777
2026-04-30 04:24:00+00:00,2308.699951171875,2308.699951171875,2309.0,2306.800048828125,2309.0,1236
2026-04-30 04:25:00+00:00,2308.699951171875,2308.699951171875,2308.699951171875,2306.39990234375,2306.39990234375,255
2026-04-30 04:26:00+00:00,2307.0,2307.0,2308.699951171875,2307.0,2308.699951171875,1488
2026-04-30 04:27:00+00:00,2307.199951171875,2307.199951171875,2307.699951171875,2307.199951171875,2307.699951171875,82
2026-04-30 04:28:00+00:00,2307.39990234375,2307.39990234375,2307.800048828125,2306.89990234375,2307.800048828125,207
2026-04-30 04:29:00+00:00,2304.60009765625,2304.60009765625,2307.0,2304.60009765625,2307.0,3171
2026-04-30 04:30:00+00:00,2306.300048828125,2306.300048828125,2306.300048828125,2303.300048828125,2304.10009765625,1035
2026-04-30 04:31:00+00:00,2303.800048828125,2303.800048828125,2305.60009765625,2302.0,2305.60009765625,533
2026-04-30 04:32:00+00:00,2300.300048828125,2300.300048828125,2303.699951171875,2300.300048828125,2303.699951171875,95
2026-04-30 04:33:00+00:00,2301.10009765625,2301.10009765625,2302.199951171875,2299.699951171875,2301.39990234375,1890
2026-04-30 04:34:00+00:00,2298.300048828125,2298.300048828125,2299.699951171875,2298.300048828125,2299.10009765625,71
2026-04-30 04:35:00+00:00,2299.800048828125,2299.800048828125,2300.0,2297.800048828125,2298.300048828125,378
2026-04-30 04:36:00+00:00,2298.5,2298.5,2299.0,2298.0,2298.300048828125,231
2026-04-30 04:37:00+00:00,2297.699951171875,2297.699951171875,2298.5,2297.60009765625,2298.0,257
2026-04-30 04:38:00+00:00,2296.199951171875,2296.199951171875,2297.39990234375,2295.10009765625,2297.39990234375,784
2026-04-30 04:39:00+00:00,2294.89990234375,2294.89990234375,2296.300048828125,2294.89990234375,2295.199951171875,196
2026-04-30 04:40:00+00:00,2294.5,2294.5,2294.5,2293.39990234375,2294.0,704
2026-04-30 04:41:00+00:00,2295.10009765625,2295.10009765625,2295.10009765625,2293.5,2295.0,348
2026-04-30 04:42:00+00:00,2293.89990234375,2293.89990234375,2294.199951171875,2293.10009765625,2294.199951171875,1053
2026-04-30 04:43:00+00:00,2293.0,2293.0,2293.89990234375,2293.0,2293.89990234375,743
2026-04-30 04:44:00+00:00,2292.39990234375,2292.39990234375,2294.5,2292.39990234375,2294.5,716
2026-04-30 04:45:00+00:00,2293.89990234375,2293.89990234375,2294.300048828125,2293.0,2293.10009765625,411
2026-04-30 04:46:00+00:00,2293.10009765625,2293.10009765625,2293.89990234375,2292.5,2293.60009765625,348
2026-04-30 04:47:00+00:00,2293.0,2293.0,2293.10009765625,2292.5,2293.10009765625,742
2026-04-30 04:48:00+00:00,2294.0,2294.0,2294.0,2293.0,2293.0,223
2026-04-30 04:49:00+00:00,2296.300048828125,2296.300048828125,2296.39990234375,2294.5,2294.5,2981
2026-04-30 04:50:00+00:00,2295.60009765625,2295.60009765625,2296.300048828125,2295.60009765625,2296.300048828125,1171
2026-04-30 04:51:00+00:00,2295.89990234375,2295.89990234375,2296.699951171875,2295.0,2296.699951171875,330
2026-04-30 04:52:00+00:00,2295.89990234375,2295.89990234375,2295.89990234375,2295.300048828125,2295.89990234375,407
2026-04-30 04:53:00+00:00,2292.300048828125,2292.300048828125,2295.89990234375,2292.0,2295.89990234375,6200
2026-04-30 04:54:00+00:00,2292.39990234375,2292.39990234375,2292.39990234375,2290.800048828125,2292.199951171875,753
2026-04-30 04:55:00+00:00,2293.199951171875,2293.199951171875,2293.300048828125,2293.199951171875,2293.300048828125,0
2026-04-30 04:56:00+00:00,2292.699951171875,2292.699951171875,2292.699951171875,2291.800048828125,2291.800048828125,164
2026-04-30 04:57:00+00:00,2293.800048828125,2293.800048828125,2293.800048828125,2292.5,2292.5,342
2026-04-30 04:58:00+00:00,2293.5,2293.5,2293.5,2293.5,2293.5,0
2026-04-30 04:59:00+00:00,2292.800048828125,2292.800048828125,2293.5,2292.10009765625,2293.5,159
2026-04-30 05:00:00+00:00,2292.10009765625,2292.10009765625,2292.800048828125,2292.10009765625,2292.800048828125,0
2026-04-30 05:01:00+00:00,2292.5,2292.5,2293.5,2291.10009765625,2292.10009765625,1576
2026-04-30 05:02:00+00:00,2292.39990234375,2292.39990234375,2292.39990234375,2292.0,2292.10009765625,23
2026-04-30 05:03:00+00:00,2292.39990234375,2292.39990234375,2292.39990234375,2291.39990234375,2292.10009765625,415
2026-04-30 05:04:00+00:00,2291.0,2291.0,2291.699951171875,2290.800048828125,2291.10009765625,171
2026-04-30 05:05:00+00:00,2291.800048828125,2291.800048828125,2291.800048828125,2290.5,2290.5,75
2026-04-30 05:06:00+00:00,2289.800048828125,2289.800048828125,2291.89990234375,2289.800048828125,2291.60009765625,700
2026-04-30 05:07:00+00:00,2288.199951171875,2288.199951171875,2290.300048828125,2287.10009765625,2290.300048828125,929
2026-04-30 05:08:00+00:00,2288.199951171875,2288.199951171875,2289.5,2287.39990234375,2288.699951171875,144
2026-04-30 05:09:00+00:00,2288.39990234375,2288.39990234375,2290.300048828125,2287.800048828125,2287.800048828125,745
2026-04-30 05:10:00+00:00,2289.199951171875,2289.199951171875,2290.800048828125,2289.199951171875,2289.699951171875,471
2026-04-30 05:11:00+00:00,2290.10009765625,2290.10009765625,2291.10009765625,2290.10009765625,2290.89990234375,195
2026-04-30 05:12:00+00:00,2290.0,2290.0,2290.39990234375,2289.0,2290.10009765625,2409
2026-04-30 05:13:00+00:00,2290.0,2290.0,2290.0,2288.89990234375,2288.89990234375,145
2026-04-30 05:14:00+00:00,2289.199951171875,2289.199951171875,2290.0,2289.199951171875,2289.800048828125,566
2026-04-30 05:15:00+00:00,2284.89990234375,2284.89990234375,2289.199951171875,2284.89990234375,2289.199951171875,3637
2026-04-30 05:16:00+00:00,2285.0,2285.0,2286.5,2284.800048828125,2284.89990234375,674
2026-04-30 05:17:00+00:00,2288.60009765625,2288.60009765625,2288.699951171875,2286.39990234375,2286.39990234375,744
2026-04-30 05:18:00+00:00,2288.89990234375,2288.89990234375,2288.89990234375,2287.800048828125,2288.60009765625,291
2026-04-30 05:19:00+00:00,2289.60009765625,2289.60009765625,2290.0,2288.300048828125,2290.0,193
2026-04-30 05:20:00+00:00,2289.199951171875,2289.199951171875,2290.199951171875,2289.199951171875,2289.39990234375,270
2026-04-30 05:21:00+00:00,2289.199951171875,2289.199951171875,2289.89990234375,2288.39990234375,2289.800048828125,392
2026-04-30 05:22:00+00:00,2289.89990234375,2289.89990234375,2290.0,2289.89990234375,2290.0,226
2026-04-30 05:23:00+00:00,2289.199951171875,2289.199951171875,2289.699951171875,2288.60009765625,2289.699951171875,54
2026-04-30 05:24:00+00:00,2288.300048828125,2288.300048828125,2289.199951171875,2287.800048828125,2289.199951171875,164
2026-04-30 05:25:00+00:00,2288.699951171875,2288.699951171875,2288.699951171875,2288.699951171875,2288.699951171875,0
2026-04-30 05:26:00+00:00,2287.699951171875,2287.699951171875,2289.199951171875,2287.699951171875,2288.699951171875,246
2026-04-30 05:27:00+00:00,2288.89990234375,2288.89990234375,2289.0,2288.89990234375,2288.89990234375,102
2026-04-30 05:28:00+00:00,2287.0,2287.0,2289.0,2287.0,2289.0,1974
2026-04-30 05:29:00+00:00,2285.699951171875,2285.699951171875,2286.89990234375,2285.699951171875,2286.89990234375,492
2026-04-30 05:30:00+00:00,2286.60009765625,2286.60009765625,2286.60009765625,2285.800048828125,2286.0,327
2026-04-30 05:31:00+00:00,2285.800048828125,2285.800048828125,2286.60009765625,2285.800048828125,2286.60009765625,63
2026-04-30 05:32:00+00:00,2284.199951171875,2284.199951171875,2286.300048828125,2283.0,2286.300048828125,2451
2026-04-30 05:33:00+00:00,2284.300048828125,2284.300048828125,2284.5,2282.800048828125,2283.5,265
2026-04-30 05:34:00+00:00,2283.5,2283.5,2283.60009765625,2283.0,2283.0,123
2026-04-30 05:35:00+00:00,2285.800048828125,2285.800048828125,2285.89990234375,2283.5,2284.0,950
2026-04-30 05:36:00+00:00,2286.300048828125,2286.300048828125,2286.300048828125,2285.800048828125,2285.800048828125,25
2026-04-30 05:37:00+00:00,2290.39990234375,2290.39990234375,2290.800048828125,2286.300048828125,2287.300048828125,1046
2026-04-30 05:38:00+00:00,2289.60009765625,2289.60009765625,2290.5,2288.89990234375,2289.60009765625,1276
2026-04-30 05:39:00+00:00,2290.5,2290.5,2290.5,2287.89990234375,2288.89990234375,349
2026-04-30 05:40:00+00:00,2290.10009765625,2290.10009765625,2292.800048828125,2289.39990234375,2289.39990234375,2570
2026-04-30 05:41:00+00:00,2291.89990234375,2291.89990234375,2292.39990234375,2290.0,2292.39990234375,467
2026-04-30 05:42:00+00:00,2290.0,2290.0,2291.0,2290.0,2291.0,277
2026-04-30 05:43:00+00:00,2291.199951171875,2291.199951171875,2291.199951171875,2289.199951171875,2290.800048828125,1717
2026-04-30 05:44:00+00:00,2290.800048828125,2290.800048828125,2292.0,2290.5,2290.5,614
2026-04-30 05:45:00+00:00,2290.60009765625,2290.60009765625,2292.0,2290.60009765625,2290.89990234375,965
2026-04-30 05:46:00+00:00,2290.0,2290.0,2290.89990234375,2289.800048828125,2290.0,4295
2026-04-30 05:47:00+00:00,2290.0,2290.0,2291.10009765625,2290.0,2290.699951171875,332
2026-04-30 05:48:00+00:00,2289.10009765625,2289.10009765625,2290.10009765625,2289.10009765625,2290.10009765625,326
2026-04-30 05:49:00+00:00,2289.60009765625,2289.60009765625,2290.0,2289.5,2289.89990234375,331
2026-04-30 05:50:00+00:00,2288.300048828125,2288.300048828125,2289.60009765625,2288.300048828125,2289.60009765625,233
2026-04-30 05:51:00+00:00,2288.300048828125,2288.300048828125,2288.39990234375,2288.0,2288.300048828125,348
2026-04-30 05:52:00+00:00,2288.300048828125,2288.300048828125,2289.300048828125,2288.199951171875,2288.300048828125,405
2026-04-30 05:53:00+00:00,2288.5,2288.5,2289.5,2288.300048828125,2288.300048828125,466
2026-04-30 05:54:00+00:00,2288.300048828125,2288.300048828125,2288.89990234375,2288.300048828125,2288.800048828125,132
2026-04-30 05:55:00+00:00,2288.60009765625,2288.60009765625,2289.5,2288.0,2288.0,332
2026-04-30 05:56:00+00:00,2288.0,2288.0,2289.300048828125,2287.89990234375,2288.60009765625,294
2026-04-30 05:57:00+00:00,2288.300048828125,2288.300048828125,2288.699951171875,2288.10009765625,2288.300048828125,265
2026-04-30 05:58:00+00:00,2288.300048828125,2288.300048828125,2288.89990234375,2288.199951171875,2288.89990234375,163
2026-04-30 05:59:00+00:00,2288.300048828125,2288.300048828125,2289.300048828125,2288.199951171875,2288.300048828125,377
2026-04-30 06:00:00+00:00,2288.39990234375,2288.39990234375,2289.300048828125,2288.300048828125,2288.300048828125,434
2026-04-30 06:01:00+00:00,2287.89990234375,2287.89990234375,2288.5,2287.5,2288.5,564
2026-04-30 06:02:00+00:00,2288.199951171875,2288.199951171875,2289.0,2288.10009765625,2288.10009765625,566
2026-04-30 06:03:00+00:00,2290.0,2290.0,2290.0,2288.199951171875,2288.300048828125,394
2026-04-30 06:04:00+00:00,2288.800048828125,2288.800048828125,2289.5,2288.800048828125,2289.199951171875,568
2026-04-30 06:05:00+00:00,2289.300048828125,2289.300048828125,2290.300048828125,2288.800048828125,2289.60009765625,285
2026-04-30 06:06:00+00:00,2289.89990234375,2289.89990234375,2290.300048828125,2289.300048828125,2289.300048828125,503
2026-04-30 06:07:00+00:00,2289.800048828125,2289.800048828125,2290.5,2289.699951171875,2289.89990234375,618
2026-04-30 06:08:00+00:00,2289.699951171875,2289.699951171875,2289.800048828125,2289.60009765625,2289.699951171875,434
2026-04-30 06:09:00+00:00,2289.199951171875,2289.199951171875,2290.300048828125,2288.800048828125,2290.300048828125,1571
2026-04-30 06:10:00+00:00,2287.39990234375,2287.39990234375,2289.199951171875,2287.39990234375,2289.199951171875,379
2026-04-30 06:11:00+00:00,2291.5,2291.5,2291.699951171875,2288.300048828125,2288.300048828125,3800
2026-04-30 06:12:00+00:00,2292.10009765625,2292.10009765625,2293.699951171875,2290.800048828125,2292.0,5990
2026-04-30 06:13:00+00:00,2292.800048828125,2292.800048828125,2295.0,2292.800048828125,2292.89990234375,438
2026-04-30 06:14:00+00:00,2293.199951171875,2293.199951171875,2293.699951171875,2293.199951171875,2293.199951171875,215
2026-04-30 06:15:00+00:00,2293.0,2293.0,2293.699951171875,2292.699951171875,2293.199951171875,494
2026-04-30 06:16:00+00:00,2293.0,2293.0,2293.699951171875,2293.0,2293.699951171875,251
2026-04-30 06:17:00+00:00,2293.0,2293.0,2294.0,2293.0,2293.5,1216
2026-04-30 06:18:00+00:00,2293.300048828125,2293.300048828125,2294.10009765625,2293.199951171875,2293.199951171875,329
2026-04-30 06:19:00+00:00,2294.0,2294.0,2295.0,2293.39990234375,2293.39990234375,405
2026-04-30 06:20:00+00:00,2291.800048828125,2291.800048828125,2295.0,2291.800048828125,2294.0,3895
2026-04-30 06:21:00+00:00,2293.199951171875,2293.199951171875,2294.10009765625,2290.800048828125,2291.89990234375,3440
2026-04-30 06:22:00+00:00,2293.699951171875,2293.699951171875,2293.699951171875,2293.199951171875,2293.199951171875,247
2026-04-30 06:23:00+00:00,2293.39990234375,2293.39990234375,2294.199951171875,2292.89990234375,2293.199951171875,415
2026-04-30 06:24:00+00:00,2292.300048828125,2292.300048828125,2293.800048828125,2292.0,2293.800048828125,407
2026-04-30 06:25:00+00:00,2293.300048828125,2293.300048828125,2293.60009765625,2292.39990234375,2293.39990234375,871
2026-04-30 06:26:00+00:00,2293.60009765625,2293.60009765625,2294.5,2293.300048828125,2293.60009765625,278
2026-04-30 06:27:00+00:00,2293.0,2293.0,2294.199951171875,2293.0,2293.60009765625,350
2026-04-30 06:28:00+00:00,2292.89990234375,2292.89990234375,2293.60009765625,2292.89990234375,2293.199951171875,232
2026-04-30 06:29:00+00:00,2292.89990234375,2292.89990234375,2293.5,2292.10009765625,2292.89990234375,2666
2026-04-30 06:30:00+00:00,2292.5,2292.5,2292.60009765625,2292.10009765625,2292.10009765625,195
2026-04-30 06:31:00+00:00,2292.10009765625,2292.10009765625,2292.5,2292.10009765625,2292.10009765625,410
2026-04-30 06:32:00+00:00,2292.10009765625,2292.10009765625,2292.5,2292.10009765625,2292.10009765625,284
2026-04-30 06:33:00+00:00,2292.10009765625,2292.10009765625,2292.699951171875,2292.10009765625,2292.10009765625,346
2026-04-30 06:34:00+00:00,2292.800048828125,2292.800048828125,2293.800048828125,2292.5,2292.5,235
2026-04-30 06:35:00+00:00,2292.800048828125,2292.800048828125,2293.60009765625,2292.5,2292.699951171875,453
2026-04-30 06:36:00+00:00,2292.800048828125,2292.800048828125,2294.199951171875,2292.800048828125,2293.39990234375,339
2026-04-30 06:37:00+00:00,2292.800048828125,2292.800048828125,2293.60009765625,2292.800048828125,2293.60009765625,300
2026-04-30 06:38:00+00:00,2292.800048828125,2292.800048828125,2293.60009765625,2291.89990234375,2293.5,2003
2026-04-30 06:39:00+00:00,2291.89990234375,2291.89990234375,2292.5,2291.89990234375,2292.300048828125,2111
2026-04-30 06:40:00+00:00,2291.89990234375,2291.89990234375,2292.5,2291.89990234375,2291.89990234375,670
2026-04-30 06:41:00+00:00,2292.0,2292.0,2292.60009765625,2291.89990234375,2291.89990234375,160
2026-04-30 06:42:00+00:00,2291.89990234375,2291.89990234375,2292.10009765625,2291.5,2292.0,4290
2026-04-30 06:43:00+00:00,2290.199951171875,2290.199951171875,2292.5,2289.300048828125,2291.89990234375,15063
2026-04-30 06:44:00+00:00,2288.699951171875,2288.699951171875,2289.699951171875,2288.699951171875,2289.699951171875,356
2026-04-30 06:45:00+00:00,2288.699951171875,2288.699951171875,2290.5,2288.60009765625,2289.5,415
2026-04-30 06:46:00+00:00,2288.60009765625,2288.60009765625,2288.89990234375,2288.60009765625,2288.60009765625,227
2026-04-30 06:47:00+00:00,2290.39990234375,2290.39990234375,2291.300048828125,2288.699951171875,2289.199951171875,4964
2026-04-30 06:48:00+00:00,2290.5,2290.5,2290.5,2289.5,2289.5,2203
2026-04-30 06:49:00+00:00,2288.5,2288.5,2290.39990234375,2288.5,2290.0,3641
2026-04-30 06:50:00+00:00,2290.0,2290.0,2290.0,2289.0,2289.0,7173
2026-04-30 06:51:00+00:00,2290.5,2290.5,2290.5,2289.0,2290.0,2916
2026-04-30 06:52:00+00:00,2291.0,2291.0,2291.89990234375,2290.60009765625,2290.60009765625,1142
2026-04-30 06:53:00+00:00,2290.89990234375,2290.89990234375,2292.199951171875,2290.0,2290.5,2482
2026-04-30 06:54:00+00:00,2292.0,2292.0,2292.699951171875,2290.89990234375,2290.89990234375,987
2026-04-30 06:55:00+00:00,2291.89990234375,2291.89990234375,2292.800048828125,2291.800048828125,2291.800048828125,664
2026-04-30 06:56:00+00:00,2291.89990234375,2291.89990234375,2293.60009765625,2291.89990234375,2293.60009765625,1025
2026-04-30 06:57:00+00:00,2292.0,2292.0,2292.60009765625,2291.89990234375,2292.60009765625,3076
2026-04-30 06:58:00+00:00,2291.89990234375,2291.89990234375,2293.0,2291.89990234375,2292.0,3839
2026-04-30 06:59:00+00:00,2291.89990234375,2291.89990234375,2292.39990234375,2291.89990234375,2291.89990234375,302
2026-04-30 07:00:00+00:00,2290.699951171875,2290.699951171875,2292.5,2290.39990234375,2292.5,771
2026-04-30 07:01:00+00:00,2292.10009765625,2292.10009765625,2292.10009765625,2289.199951171875,2290.5,9952
2026-04-30 07:02:00+00:00,2293.39990234375,2293.39990234375,2294.300048828125,2292.800048828125,2294.300048828125,963
2026-04-30 07:03:00+00:00,2293.39990234375,2293.39990234375,2293.699951171875,2293.39990234375,2293.699951171875,341
2026-04-30 07:04:00+00:00,2294.0,2294.0,2294.0,2293.39990234375,2293.699951171875,500
2026-04-30 07:05:00+00:00,2293.199951171875,2293.199951171875,2294.0,2292.800048828125,2294.0,713
2026-04-30 07:06:00+00:00,2293.0,2293.0,2293.199951171875,2292.699951171875,2293.199951171875,517
2026-04-30 07:07:00+00:00,2292.699951171875,2292.699951171875,2293.300048828125,2292.699951171875,2293.199951171875,226
2026-04-30 07:08:00+00:00,2293.0,2293.0,2294.0,2292.699951171875,2293.300048828125,408
2026-04-30 07:09:00+00:00,2293.300048828125,2293.300048828125,2294.0,2293.199951171875,2294.0,489
2026-04-30 07:10:00+00:00,2293.60009765625,2293.60009765625,2294.0,2293.199951171875,2293.199951171875,396
2026-04-30 07:11:00+00:00,2294.10009765625,2294.10009765625,2294.10009765625,2293.199951171875,2293.199951171875,1355
2026-04-30 07:12:00+00:00,2295.10009765625,2295.10009765625,2295.5,2294.0,2294.800048828125,405
2026-04-30 07:13:00+00:00,2295.89990234375,2295.89990234375,2296.10009765625,2295.10009765625,2295.10009765625,749
2026-04-30 07:14:00+00:00,2296.5,2296.5,2296.5,2293.699951171875,2295.199951171875,1130
2026-04-30 07:15:00+00:00,2298.10009765625,2298.10009765625,2298.10009765625,2296.39990234375,2296.39990234375,987
2026-04-30 07:16:00+00:00,2297.0,2297.0,2297.0,2296.699951171875,2296.699951171875,98
2026-04-30 07:17:00+00:00,2297.199951171875,2297.199951171875,2298.0,2297.10009765625,2298.0,383
2026-04-30 07:18:00+00:00,2298.699951171875,2298.699951171875,2298.699951171875,2297.10009765625,2297.89990234375,569
2026-04-30 07:19:00+00:00,2297.800048828125,2297.800048828125,2298.60009765625,2297.800048828125,2297.89990234375,217
2026-04-30 07:20:00+00:00,2299.300048828125,2299.300048828125,2300.0,2297.89990234375,2297.89990234375,1371
2026-04-30 07:21:00+00:00,2300.699951171875,2300.699951171875,2300.800048828125,2299.39990234375,2299.39990234375,844
2026-04-30 07:22:00+00:00,2299.199951171875,2299.199951171875,2300.0,2299.0,2299.89990234375,435
2026-04-30 07:23:00+00:00,2298.60009765625,2298.60009765625,2299.89990234375,2298.60009765625,2299.699951171875,210
2026-04-30 07:24:00+00:00,2298.60009765625,2298.60009765625,2299.39990234375,2298.60009765625,2299.39990234375,331
2026-04-30 07:25:00+00:00,2299.60009765625,2299.60009765625,2299.60009765625,2298.5,2298.699951171875,341
2026-04-30 07:26:00+00:00,2299.300048828125,2299.300048828125,2300.300048828125,2299.300048828125,2299.60009765625,850
2026-04-30 07:27:00+00:00,2298.0,2298.0,2300.60009765625,2298.0,2300.5,878
2026-04-30 07:28:00+00:00,2300.300048828125,2300.300048828125,2300.300048828125,2297.60009765625,2297.60009765625,751
2026-04-30 07:29:00+00:00,2300.0,2300.0,2301.300048828125,2298.89990234375,2301.300048828125,738
2026-04-30 07:30:00+00:00,2299.39990234375,2299.39990234375,2301.60009765625,2299.10009765625,2300.0,1338
2026-04-30 07:31:00+00:00,2300.800048828125,2300.800048828125,2301.10009765625,2299.0,2300.199951171875,599
2026-04-30 07:32:00+00:00,2303.0,2303.0,2303.0,2301.300048828125,2302.0,683
2026-04-30 07:33:00+00:00,2300.0,2300.0,2303.300048828125,2298.800048828125,2302.5,1915
2026-04-30 07:34:00+00:00,2299.89990234375,2299.89990234375,2299.89990234375,2299.89990234375,2299.89990234375,178
2026-04-30 07:35:00+00:00,2299.89990234375,2299.89990234375,2300.300048828125,2299.89990234375,2299.89990234375,234
2026-04-30 07:36:00+00:00,2299.0,2299.0,2299.89990234375,2299.0,2299.0,189
2026-04-30 07:37:00+00:00,2299.89990234375,2299.89990234375,2300.60009765625,2298.10009765625,2298.199951171875,589
2026-04-30 07:38:00+00:00,2300.0,2300.0,2300.89990234375,2299.800048828125,2299.800048828125,2790
2026-04-30 07:39:00+00:00,2303.0,2303.0,2303.89990234375,2299.89990234375,2299.89990234375,23767
2026-04-30 07:40:00+00:00,2304.0,2304.0,2304.0,2303.0,2303.699951171875,330
2026-04-30 07:41:00+00:00,2305.0,2305.0,2305.0,2302.89990234375,2304.699951171875,3282
2026-04-30 07:42:00+00:00,2305.0,2305.0,2305.699951171875,2304.800048828125,2304.800048828125,1018
2026-04-30 07:43:00+00:00,2305.0,2305.0,2306.0,2305.0,2306.0,375
2026-04-30 07:44:00+00:00,2304.0,2304.0,2304.5,2303.89990234375,2303.89990234375,170
2026-04-30 07:45:00+00:00,2304.699951171875,2304.699951171875,2305.60009765625,2304.10009765625,2304.699951171875,533
2026-04-30 07:46:00+00:00,2304.699951171875,2304.699951171875,2305.5,2304.699951171875,2305.0,470
2026-04-30 07:47:00+00:00,2304.699951171875,2304.699951171875,2305.199951171875,2304.5,2305.199951171875,383
2026-04-30 07:48:00+00:00,2304.800048828125,2304.800048828125,2305.199951171875,2304.699951171875,2305.10009765625,261
2026-04-30 07:49:00+00:00,2304.800048828125,2304.800048828125,2305.39990234375,2304.699951171875,2305.39990234375,355
2026-04-30 07:50:00+00:00,2305.0,2305.0,2305.0,2304.800048828125,2304.800048828125,217
2026-04-30 07:51:00+00:00,2305.300048828125,2305.300048828125,2306.199951171875,2305.0,2305.0,946
2026-04-30 07:52:00+00:00,2304.699951171875,2304.699951171875,2305.39990234375,2304.699951171875,2305.300048828125,813
2026-04-30 07:53:00+00:00,2305.0,2305.0,2305.89990234375,2304.699951171875,2304.699951171875,865
2026-04-30 07:54:00+00:00,2301.5,2301.5,2305.39990234375,2301.5,2305.39990234375,3299
2026-04-30 07:55:00+00:00,2302.0,2302.0,2302.39990234375,2302.0,2302.0,587
2026-04-30 07:56:00+00:00,2301.800048828125,2301.800048828125,2302.199951171875,2301.800048828125,2302.0,811
2026-04-30 07:57:00+00:00,2302.0,2302.0,2302.60009765625,2301.800048828125,2301.800048828125,704
2026-04-30 07:58:00+00:00,2302.0,2302.0,2302.5,2301.800048828125,2302.0,625
2026-04-30 07:59:00+00:00,2301.800048828125,2301.800048828125,2302.60009765625,2301.800048828125,2302.60009765625,621
2026-04-30 08:00:00+00:00,2301.5,2301.5,2302.89990234375,2301.5,2301.800048828125,2224
2026-04-30 08:01:00+00:00,2298.89990234375,2298.89990234375,2301.60009765625,2295.60009765625,2301.5,16148
2026-04-30 08:02:00+00:00,2296.89990234375,2296.89990234375,2298.300048828125,2296.89990234375,2298.300048828125,2567
2026-04-30 08:03:00+00:00,2297.800048828125,2297.800048828125,2297.89990234375,2296.89990234375,2297.300048828125,751
2026-04-30 08:04:00+00:00,2298.60009765625,2298.60009765625,2299.39990234375,2297.800048828125,2297.800048828125,664
2026-04-30 08:05:00+00:00,2298.800048828125,2298.800048828125,2300.800048828125,2298.60009765625,2298.60009765625,645
2026-04-30 08:06:00+00:00,2300.300048828125,2300.300048828125,2301.0,2298.800048828125,2298.800048828125,1069
2026-04-30 08:07:00+00:00,2300.0,2300.0,2301.0,2300.0,2301.0,714
2026-04-30 08:08:00+00:00,2300.0,2300.0,2300.800048828125,2300.0,2300.800048828125,652
2026-04-30 08:09:00+00:00,2300.300048828125,2300.300048828125,2300.699951171875,2300.0,2300.0,656
2026-04-30 08:10:00+00:00,2305.0,2305.0,2305.0,2300.300048828125,2300.300048828125,2026
2026-04-30 08:11:00+00:00,2303.5,2303.5,2304.89990234375,2303.0,2303.699951171875,642
2026-04-30 08:12:00+00:00,2303.699951171875,2303.699951171875,2305.300048828125,2303.199951171875,2303.199951171875,2013
2026-04-30 08:13:00+00:00,2304.800048828125,2304.800048828125,2305.60009765625,2303.60009765625,2303.60009765625,628
2026-04-30 08:14:00+00:00,2303.60009765625,2303.60009765625,2305.60009765625,2303.60009765625,2304.60009765625,660
2026-04-30 08:15:00+00:00,2303.5,2303.5,2304.300048828125,2303.0,2303.5,959
2026-04-30 08:16:00+00:00,2303.0,2303.0,2303.60009765625,2302.300048828125,2303.199951171875,678
2026-04-30 08:17:00+00:00,2303.89990234375,2303.89990234375,2304.699951171875,2303.0,2303.60009765625,623
2026-04-30 08:18:00+00:00,2302.699951171875,2302.699951171875,2304.0,2302.300048828125,2303.300048828125,885
2026-04-30 08:19:00+00:00,2304.300048828125,2304.300048828125,2304.5,2303.60009765625,2304.5,881
2026-04-30 08:20:00+00:00,2304.5,2304.5,2305.0,2304.0,2304.0,614
2026-04-30 08:21:00+00:00,2303.0,2303.0,2303.5,2303.0,2303.5,2153
2026-04-30 08:22:00+00:00,2303.5,2303.5,2303.5,2302.5,2303.0,1451
2026-04-30 08:23:00+00:00,2302.0,2302.0,2304.199951171875,2302.0,2302.800048828125,764
2026-04-30 08:24:00+00:00,2302.0,2302.0,2303.0,2302.0,2302.0,725
2026-04-30 08:25:00+00:00,2301.699951171875,2301.699951171875,2302.5,2301.0,2302.0,1640
2026-04-30 08:26:00+00:00,2302.0,2302.0,2302.60009765625,2301.5,2302.5,2288
2026-04-30 08:27:00+00:00,2301.0,2301.0,2302.10009765625,2301.0,2302.0,1400
2026-04-30 08:28:00+00:00,2301.60009765625,2301.60009765625,2302.0,2301.0,2301.0,606
2026-04-30 08:29:00+00:00,2302.0,2302.0,2303.0,2301.60009765625,2302.0,1693
2026-04-30 08:30:00+00:00,2300.0,2300.0,2301.5,2300.0,2301.5,3717
2026-04-30 08:31:00+00:00,2300.0,2300.0,2300.5,2299.5,2299.5,685
2026-04-30 08:32:00+00:00,2300.0,2300.0,2300.89990234375,2300.0,2300.0,989
2026-04-30 08:33:00+00:00,2300.60009765625,2300.60009765625,2301.5,2300.10009765625,2300.89990234375,434
2026-04-30 08:34:00+00:00,2300.60009765625,2300.60009765625,2301.300048828125,2300.0,2300.60009765625,570
2026-04-30 08:35:00+00:00,2300.300048828125,2300.300048828125,2300.300048828125,2300.0,2300.0,618
2026-04-30 08:36:00+00:00,2300.0,2300.0,2300.0,2299.0,2300.0,5154
2026-04-30 08:37:00+00:00,2300.10009765625,2300.10009765625,2301.0,2299.0,2299.60009765625,1557
2026-04-30 08:38:00+00:00,2302.60009765625,2302.60009765625,2302.60009765625,2300.0,2300.10009765625,1295
2026-04-30 08:39:00+00:00,2302.199951171875,2302.199951171875,2303.0,2300.800048828125,2301.5,621
2026-04-30 08:40:00+00:00,2302.199951171875,2302.199951171875,2303.0,2301.300048828125,2302.199951171875,573
2026-04-30 08:41:00+00:00,2301.10009765625,2301.10009765625,2302.39990234375,2301.0,2302.199951171875,789
2026-04-30 08:42:00+00:00,2301.5,2301.5,2302.199951171875,2301.10009765625,2301.10009765625,577
2026-04-30 08:43:00+00:00,2304.0,2304.0,2304.60009765625,2301.199951171875,2301.300048828125,1881
2026-04-30 08:44:00+00:00,2304.199951171875,2304.199951171875,2304.699951171875,2304.0,2304.0,948
2026-04-30 08:45:00+00:00,2304.10009765625,2304.10009765625,2304.39990234375,2304.0,2304.0,595
2026-04-30 08:46:00+00:00,2304.5,2304.5,2304.699951171875,2304.0,2304.699951171875,1942
2026-04-30 08:47:00+00:00,2305.0,2305.0,2305.10009765625,2304.300048828125,2304.60009765625,596
2026-04-30 08:48:00+00:00,2304.0,2304.0,2305.5,2304.0,2305.0,1599
2026-04-30 08:49:00+00:00,2304.0,2304.0,2304.800048828125,2304.0,2304.0,1207
2026-04-30 08:50:00+00:00,2304.300048828125,2304.300048828125,2304.699951171875,2304.0,2304.300048828125,1295
2026-04-30 08:51:00+00:00,2304.0,2304.0,2304.699951171875,2304.0,2304.300048828125,1021
2026-04-30 08:52:00+00:00,2304.699951171875,2304.699951171875,2304.699951171875,2304.0,2304.0,4000
2026-04-30 08:53:00+00:00,2305.60009765625,2305.60009765625,2306.10009765625,2304.699951171875,2304.699951171875,2058
2026-04-30 08:54:00+00:00,2305.199951171875,2305.199951171875,2306.300048828125,2304.89990234375,2306.300048828125,2144
2026-04-30 08:55:00+00:00,2305.300048828125,2305.300048828125,2305.800048828125,2304.89990234375,2305.0,659
2026-04-30 08:56:00+00:00,2305.5,2305.5,2305.800048828125,2305.0,2305.39990234375,630
2026-04-30 08:57:00+00:00,2305.5,2305.5,2306.5,2305.5,2305.800048828125,634
2026-04-30 08:58:00+00:00,2305.60009765625,2305.60009765625,2305.89990234375,2305.0,2305.0,1140
2026-04-30 08:59:00+00:00,2305.5,2305.5,2306.0,2305.199951171875,2305.199951171875,624
2026-04-30 09:00:00+00:00,2305.800048828125,2305.800048828125,2306.0,2305.5,2305.5,1158
2026-04-30 09:01:00+00:00,2306.800048828125,2306.800048828125,2306.89990234375,2305.60009765625,2306.0,1756
2026-04-30 09:02:00+00:00,2306.199951171875,2306.199951171875,2307.0,2306.199951171875,2306.39990234375,643
2026-04-30 09:03:00+00:00,2307.0,2307.0,2307.5,2305.800048828125,2306.199951171875,2466
2026-04-30 09:04:00+00:00,2306.699951171875,2306.699951171875,2309.0,2306.699951171875,2307.0,2351
2026-04-30 09:05:00+00:00,2306.5,2306.5,2308.5,2305.0,2305.0,2487
2026-04-30 09:06:00+00:00,2306.0,2306.0,2307.39990234375,2305.800048828125,2306.199951171875,681
2026-04-30 09:07:00+00:00,2306.89990234375,2306.89990234375,2307.10009765625,2305.5,2305.89990234375,1085
2026-04-30 09:08:00+00:00,2305.60009765625,2305.60009765625,2306.699951171875,2305.199951171875,2306.300048828125,513
2026-04-30 09:09:00+00:00,2306.5,2306.5,2307.0,2305.699951171875,2305.699951171875,692
2026-04-30 09:10:00+00:00,2306.800048828125,2306.800048828125,2307.699951171875,2305.89990234375,2307.699951171875,773
2026-04-30 09:11:00+00:00,2306.300048828125,2306.300048828125,2307.699951171875,2305.89990234375,2306.800048828125,788
2026-04-30 09:12:00+00:00,2308.5,2308.5,2308.699951171875,2307.0,2307.0,16333
2026-04-30 09:13:00+00:00,2308.199951171875,2308.199951171875,2309.39990234375,2307.699951171875,2307.89990234375,980
2026-04-30 09:14:00+00:00,2308.300048828125,2308.300048828125,2309.39990234375,2307.800048828125,2307.800048828125,1350
2026-04-30 09:15:00+00:00,2307.199951171875,2307.199951171875,2308.39990234375,2307.199951171875,2307.89990234375,591
2026-04-30 09:16:00+00:00,2306.89990234375,2306.89990234375,2308.39990234375,2306.89990234375,2308.0,3341
2026-04-30 09:17:00+00:00,2306.5,2306.5,2307.699951171875,2305.800048828125,2306.0,958
2026-04-30 09:18:00+00:00,2306.39990234375,2306.39990234375,2306.800048828125,2305.800048828125,2306.10009765625,616
2026-04-30 09:19:00+00:00,2305.800048828125,2305.800048828125,2307.199951171875,2305.699951171875,2305.699951171875,924
2026-04-30 09:20:00+00:00,2307.0,2307.0,2307.300048828125,2305.800048828125,2306.699951171875,10089
2026-04-30 09:21:00+00:00,2308.10009765625,2308.10009765625,2308.300048828125,2307.300048828125,2308.300048828125,1209
2026-04-30 09:22:00+00:00,2306.800048828125,2306.800048828125,2308.0,2306.60009765625,2307.0,607
2026-04-30 09:23:00+00:00,2308.39990234375,2308.39990234375,2308.39990234375,2306.300048828125,2306.39990234375,1400
2026-04-30 09:24:00+00:00,2309.10009765625,2309.10009765625,2309.300048828125,2307.89990234375,2308.39990234375,1317
2026-04-30 09:25:00+00:00,2310.0,2310.0,2311.39990234375,2308.5,2308.60009765625,1384
2026-04-30 09:26:00+00:00,2311.199951171875,2311.199951171875,2311.89990234375,2310.5,2310.60009765625,3724
2026-04-30 09:27:00+00:00,2312.0,2312.0,2313.0,2312.0,2312.0,2857
2026-04-30 09:28:00+00:00,2315.10009765625,2315.10009765625,2315.10009765625,2311.5,2312.0,30165
2026-04-30 09:29:00+00:00,2316.0,2316.0,2316.300048828125,2315.0,2315.0,3947
2026-04-30 09:30:00+00:00,2315.199951171875,2315.199951171875,2316.10009765625,2312.800048828125,2315.800048828125,26149
2026-04-30 09:31:00+00:00,2313.5,2313.5,2315.300048828125,2310.0,2314.60009765625,29696
2026-04-30 09:32:00+00:00,2311.89990234375,2311.89990234375,2314.60009765625,2311.300048828125,2313.800048828125,11956
2026-04-30 09:33:00+00:00,2310.300048828125,2310.300048828125,2311.800048828125,2310.0,2311.800048828125,6709
2026-04-30 09:34:00+00:00,2310.10009765625,2310.10009765625,2310.199951171875,2310.0,2310.199951171875,12518
2026-04-30 09:35:00+00:00,2308.800048828125,2308.800048828125,2310.0,2308.800048828125,2310.0,13927
2026-04-30 09:36:00+00:00,2309.60009765625,2309.60009765625,2309.800048828125,2307.5,2308.60009765625,19953
2026-04-30 09:37:00+00:00,2306.89990234375,2306.89990234375,2310.800048828125,2306.89990234375,2310.800048828125,8495
2026-04-30 09:38:00+00:00,2305.60009765625,2305.60009765625,2307.5,2305.39990234375,2306.0,12766
2026-04-30 09:39:00+00:00,2305.300048828125,2305.300048828125,2306.199951171875,2305.0,2305.89990234375,6531
2026-04-30 09:40:00+00:00,2305.199951171875,2305.199951171875,2305.300048828125,2304.699951171875,2305.300048828125,12048
2026-04-30 09:41:00+00:00,2302.800048828125,2302.800048828125,2305.199951171875,2302.800048828125,2305.199951171875,9422
2026-04-30 09:42:00+00:00,2303.10009765625,2303.10009765625,2303.800048828125,2302.300048828125,2303.199951171875,8548
2026-04-30 09:43:00+00:00,2302.199951171875,2302.199951171875,2302.89990234375,2301.39990234375,2302.89990234375,14262
2026-04-30 09:44:00+00:00,2303.199951171875,2303.199951171875,2304.10009765625,2301.60009765625,2303.39990234375,16837
2026-04-30 09:45:00+00:00,2306.10009765625,2306.10009765625,2306.10009765625,2303.800048828125,2304.10009765625,12207
2026-04-30 09:46:00+00:00,2305.0,2305.0,2306.10009765625,2305.0,2306.10009765625,9310
2026-04-30 09:47:00+00:00,2306.699951171875,2306.699951171875,2306.699951171875,2305.0,2305.10009765625,12944
2026-04-30 09:48:00+00:00,2306.199951171875,2306.199951171875,2307.5,2306.0,2307.39990234375,6232
2026-04-30 09:49:00+00:00,2302.60009765625,2302.60009765625,2306.199951171875,2302.5,2306.10009765625,28921
2026-04-30 09:50:00+00:00,2299.39990234375,2299.39990234375,2302.300048828125,2299.39990234375,2302.300048828125,9475
2026-04-30 09:51:00+00:00,2298.0,2298.0,2299.60009765625,2296.5,2299.60009765625,9937
2026-04-30 09:52:00+00:00,2297.5,2297.5,2297.60009765625,2296.10009765625,2297.60009765625,13953
2026-04-30 09:53:00+00:00,2297.300048828125,2297.300048828125,2299.800048828125,2296.0,2297.699951171875,7998
2026-04-30 09:54:00+00:00,2298.800048828125,2298.800048828125,2299.0,2297.60009765625,2297.60009765625,8763
2026-04-30 09:55:00+00:00,2299.5,2299.5,2300.0,2298.0,2298.0,53072
2026-04-30 09:56:00+00:00,2299.39990234375,2299.39990234375,2299.800048828125,2299.10009765625,2299.800048828125,4157
2026-04-30 09:57:00+00:00,2300.39990234375,2300.39990234375,2300.39990234375,2298.89990234375,2299.5,16369
2026-04-30 09:58:00+00:00,2303.300048828125,2303.300048828125,2306.0,2301.10009765625,2301.10009765625,5660
2026-04-30 09:59:00+00:00,2312.300048828125,2312.300048828125,2315.0,2298.60009765625,2301.300048828125,4232
