Price,Adj Close,Close,High,Low,Open,Volume
Ticker,M&M.NS,M&M.NS,M&M.NS,M&M.NS,M&M.NS,M&M.NS
Datetime,,,,,,
2026-04-23 03:45:00+00:00,3094.0,3094.0,3105.0,3089.699951171875,3105.0,0
2026-04-23 03:46:00+00:00,3092.0,3092.0,3097.89990234375,3084.0,3097.800048828125,43079
2026-04-23 03:47:00+00:00,3098.0,3098.0,3100.60009765625,3089.699951171875,3092.699951171875,26451
2026-04-23 03:48:00+00:00,3090.0,3090.0,3096.60009765625,3087.699951171875,3096.60009765625,25257
2026-04-23 03:49:00+00:00,3087.5,3087.5,3091.89990234375,3085.800048828125,3090.0,15796
2026-04-23 03:50:00+00:00,3089.10009765625,3089.10009765625,3089.60009765625,3083.0,3087.60009765625,18525
2026-04-23 03:51:00+00:00,3099.0,3099.0,3100.0,3090.39990234375,3090.800048828125,21603
2026-04-23 03:52:00+00:00,3090.39990234375,3090.39990234375,3099.0,3088.60009765625,3099.0,26161
2026-04-23 03:53:00+00:00,3089.199951171875,3089.199951171875,3093.10009765625,3089.0,3090.60009765625,12174
2026-04-23 03:54:00+00:00,3086.39990234375,3086.39990234375,3089.89990234375,3085.10009765625,3089.10009765625,14199
2026-04-23 03:55:00+00:00,3082.89990234375,3082.89990234375,3087.60009765625,3081.0,3086.89990234375,13105
2026-04-23 03:56:00+00:00,3080.0,3080.0,3083.60009765625,3078.5,3082.800048828125,23118
2026-04-23 03:57:00+00:00,3084.699951171875,3084.699951171875,3088.199951171875,3080.10009765625,3080.10009765625,16404
2026-04-23 03:58:00+00:00,3092.199951171875,3092.199951171875,3094.699951171875,3082.5,3084.39990234375,22013
2026-04-23 03:59:00+00:00,3089.10009765625,3089.10009765625,3094.5,3088.0,3094.10009765625,10785
2026-04-23 04:00:00+00:00,3090.60009765625,3090.60009765625,3091.699951171875,3087.800048828125,3090.0,11441
2026-04-23 04:01:00+00:00,3092.0,3092.0,3095.0,3090.0,3090.699951171875,14311
2026-04-23 04:02:00+00:00,3093.0,3093.0,3094.0,3089.60009765625,3092.0,10145
2026-04-23 04:03:00+00:00,3083.0,3083.0,3093.0,3083.0,3091.89990234375,14264
2026-04-23 04:04:00+00:00,3086.39990234375,3086.39990234375,3087.300048828125,3082.39990234375,3082.39990234375,9088
2026-04-23 04:05:00+00:00,3082.199951171875,3082.199951171875,3088.0,3082.10009765625,3086.0,7086
2026-04-23 04:06:00+00:00,3078.0,3078.0,3083.89990234375,3076.199951171875,3083.300048828125,17456
2026-04-23 04:07:00+00:00,3081.39990234375,3081.39990234375,3082.5,3077.0,3078.300048828125,7444
2026-04-23 04:08:00+00:00,3084.699951171875,3084.699951171875,3084.699951171875,3079.0,3081.300048828125,6680
2026-04-23 04:09:00+00:00,3082.5,3082.5,3087.0,3080.199951171875,3084.699951171875,6766
2026-04-23 04:10:00+00:00,3081.89990234375,3081.89990234375,3083.0,3079.0,3082.199951171875,9443
2026-04-23 04:11:00+00:00,3084.199951171875,3084.199951171875,3084.300048828125,3082.199951171875,3083.0,2254
2026-04-23 04:12:00+00:00,3084.89990234375,3084.89990234375,3085.800048828125,3084.10009765625,3084.10009765625,3928
2026-04-23 04:13:00+00:00,3089.5,3089.5,3089.5,3085.199951171875,3085.199951171875,6607
2026-04-23 04:14:00+00:00,3094.0,3094.0,3095.0,3088.300048828125,3089.5,17830
2026-04-23 04:15:00+00:00,3092.0,3092.0,3094.699951171875,3091.5,3094.199951171875,7873
2026-04-23 04:16:00+00:00,3094.300048828125,3094.300048828125,3094.300048828125,3091.0,3092.89990234375,12643
2026-04-23 04:17:00+00:00,3094.89990234375,3094.89990234375,3096.0,3094.300048828125,3094.300048828125,12677
2026-04-23 04:18:00+00:00,3096.10009765625,3096.10009765625,3096.10009765625,3093.199951171875,3095.0,12504
2026-04-23 04:19:00+00:00,3094.0,3094.0,3096.89990234375,3093.300048828125,3096.199951171875,5093
2026-04-23 04:20:00+00:00,3090.0,3090.0,3093.89990234375,3089.300048828125,3093.89990234375,9510
2026-04-23 04:21:00+00:00,3088.39990234375,3088.39990234375,3090.800048828125,3086.199951171875,3090.0,14890
2026-04-23 04:22:00+00:00,3089.89990234375,3089.89990234375,3090.5,3088.0,3088.300048828125,4667
2026-04-23 04:23:00+00:00,3094.199951171875,3094.199951171875,3095.10009765625,3089.0,3089.60009765625,12135
2026-04-23 04:24:00+00:00,3092.89990234375,3092.89990234375,3094.300048828125,3092.0,3094.199951171875,4888
2026-04-23 04:25:00+00:00,3093.800048828125,3093.800048828125,3093.800048828125,3091.10009765625,3092.89990234375,4643
2026-04-23 04:26:00+00:00,3094.699951171875,3094.699951171875,3095.0,3093.10009765625,3094.89990234375,5632
2026-04-23 04:27:00+00:00,3094.5,3094.5,3095.0,3093.39990234375,3094.5,3387
2026-04-23 04:28:00+00:00,3095.5,3095.5,3096.0,3094.0,3094.5,6852
2026-04-23 04:29:00+00:00,3094.89990234375,3094.89990234375,3095.699951171875,3094.10009765625,3095.699951171875,4046
2026-04-23 04:30:00+00:00,3091.10009765625,3091.10009765625,3094.699951171875,3091.10009765625,3094.699951171875,5496
2026-04-23 04:31:00+00:00,3088.800048828125,3088.800048828125,3091.10009765625,3088.0,3091.0,9987
2026-04-23 04:32:00+00:00,3088.699951171875,3088.699951171875,3090.699951171875,3086.5,3089.10009765625,14794
2026-04-23 04:33:00+00:00,3092.0,3092.0,3092.699951171875,3088.60009765625,3088.60009765625,9822
2026-04-23 04:34:00+00:00,3094.60009765625,3094.60009765625,3094.699951171875,3092.10009765625,3092.60009765625,8660
2026-04-23 04:35:00+00:00,3091.39990234375,3091.39990234375,3094.39990234375,3091.0,3094.39990234375,5992
2026-04-23 04:36:00+00:00,3089.10009765625,3089.10009765625,3091.5,3089.10009765625,3091.300048828125,6277
2026-04-23 04:37:00+00:00,3089.699951171875,3089.699951171875,3091.0,3089.5,3089.60009765625,3899
2026-04-23 04:38:00+00:00,3089.199951171875,3089.199951171875,3090.0,3088.5,3089.0,5962
2026-04-23 04:39:00+00:00,3086.0,3086.0,3087.89990234375,3085.699951171875,3087.89990234375,13835
2026-04-23 04:40:00+00:00,3087.699951171875,3087.699951171875,3088.800048828125,3085.5,3086.800048828125,30071
2026-04-23 04:41:00+00:00,3086.800048828125,3086.800048828125,3087.5,3086.0,3086.89990234375,8269
2026-04-23 04:42:00+00:00,3086.89990234375,3086.89990234375,3087.300048828125,3085.60009765625,3086.60009765625,4045
2026-04-23 04:43:00+00:00,3086.300048828125,3086.300048828125,3087.0,3085.89990234375,3086.39990234375,7597
2026-04-23 04:44:00+00:00,3088.300048828125,3088.300048828125,3088.300048828125,3085.5,3085.5,13381
2026-04-23 04:45:00+00:00,3085.199951171875,3085.199951171875,3088.0,3085.0,3087.60009765625,8460
2026-04-23 04:46:00+00:00,3089.89990234375,3089.89990234375,3090.10009765625,3084.10009765625,3085.300048828125,19684
2026-04-23 04:47:00+00:00,3085.89990234375,3085.89990234375,3089.60009765625,3085.0,3089.60009765625,6378
2026-04-23 04:48:00+00:00,3085.699951171875,3085.699951171875,3086.199951171875,3085.300048828125,3085.300048828125,5545
2026-04-23 04:49:00+00:00,3085.10009765625,3085.10009765625,3085.10009765625,3084.199951171875,3085.0,4848
2026-04-23 04:50:00+00:00,3086.0,3086.0,3086.0,3084.10009765625,3084.5,11300
2026-04-23 04:51:00+00:00,3084.300048828125,3084.300048828125,3085.199951171875,3083.300048828125,3084.39990234375,7675
2026-04-23 04:52:00+00:00,3082.199951171875,3082.199951171875,3083.10009765625,3082.0,3083.10009765625,7817
2026-04-23 04:53:00+00:00,3084.10009765625,3084.10009765625,3085.0,3082.699951171875,3082.800048828125,5441
2026-04-23 04:54:00+00:00,3081.0,3081.0,3084.10009765625,3081.0,3084.10009765625,6501
2026-04-23 04:55:00+00:00,3082.199951171875,3082.199951171875,3082.199951171875,3080.300048828125,3081.10009765625,13385
2026-04-23 04:56:00+00:00,3080.699951171875,3080.699951171875,3084.60009765625,3080.60009765625,3082.199951171875,7484
2026-04-23 04:57:00+00:00,3081.800048828125,3081.800048828125,3083.0,3081.0,3081.300048828125,5069
2026-04-23 04:58:00+00:00,3082.0,3082.0,3082.699951171875,3080.5,3081.800048828125,12825
2026-04-23 04:59:00+00:00,3082.0,3082.0,3082.10009765625,3080.0,3082.10009765625,27434
2026-04-23 05:00:00+00:00,3079.60009765625,3079.60009765625,3082.0,3078.199951171875,3082.0,7496
2026-04-23 05:01:00+00:00,3078.0,3078.0,3079.800048828125,3077.0,3079.60009765625,11982
2026-04-23 05:02:00+00:00,3078.699951171875,3078.699951171875,3078.699951171875,3077.10009765625,3078.0,4829
2026-04-23 05:03:00+00:00,3078.300048828125,3078.300048828125,3079.10009765625,3078.300048828125,3078.60009765625,4559
2026-04-23 05:04:00+00:00,3078.300048828125,3078.300048828125,3078.5,3078.0,3078.300048828125,3668
2026-04-23 05:05:00+00:00,3077.5,3077.5,3079.300048828125,3077.0,3078.5,12628
2026-04-23 05:06:00+00:00,3078.199951171875,3078.199951171875,3078.39990234375,3077.0,3077.60009765625,6447
2026-04-23 05:07:00+00:00,3077.800048828125,3077.800048828125,3078.199951171875,3077.60009765625,3078.199951171875,5650
2026-04-23 05:08:00+00:00,3078.39990234375,3078.39990234375,3078.39990234375,3076.10009765625,3077.5,10478
2026-04-23 05:09:00+00:00,3077.10009765625,3077.10009765625,3079.60009765625,3076.199951171875,3078.39990234375,14417
2026-04-23 05:10:00+00:00,3076.0,3076.0,3078.199951171875,3075.0,3078.199951171875,6963
2026-04-23 05:11:00+00:00,3074.39990234375,3074.39990234375,3076.199951171875,3073.0,3076.199951171875,20363
2026-04-23 05:12:00+00:00,3075.800048828125,3075.800048828125,3075.89990234375,3073.5,3074.39990234375,11306
2026-04-23 05:13:00+00:00,3075.5,3075.5,3076.300048828125,3075.10009765625,3075.800048828125,5512
2026-04-23 05:14:00+00:00,3076.0,3076.0,3076.0,3075.0,3075.800048828125,3572
2026-04-23 05:15:00+00:00,3075.699951171875,3075.699951171875,3076.300048828125,3075.60009765625,3076.0,4870
2026-04-23 05:16:00+00:00,3074.300048828125,3074.300048828125,3075.800048828125,3074.300048828125,3075.800048828125,5999
2026-04-23 05:17:00+00:00,3074.199951171875,3074.199951171875,3074.60009765625,3072.0,3073.199951171875,11966
2026-04-23 05:18:00+00:00,3071.39990234375,3071.39990234375,3074.199951171875,3071.39990234375,3074.199951171875,10431
2026-04-23 05:19:00+00:00,3071.89990234375,3071.89990234375,3072.60009765625,3071.0,3071.5,9162
2026-04-23 05:20:00+00:00,3070.199951171875,3070.199951171875,3071.89990234375,3070.0,3071.10009765625,12579
2026-04-23 05:21:00+00:00,3069.0,3069.0,3071.300048828125,3067.699951171875,3070.10009765625,18739
2026-04-23 05:22:00+00:00,3068.10009765625,3068.10009765625,3069.199951171875,3067.0,3067.60009765625,8506
2026-04-23 05:23:00+00:00,3068.199951171875,3068.199951171875,3068.5,3067.39990234375,3068.10009765625,4765
2026-04-23 05:24:00+00:00,3068.300048828125,3068.300048828125,3069.10009765625,3067.699951171875,3068.300048828125,5512
2026-04-23 05:25:00+00:00,3064.0,3064.0,3068.5,3064.0,3068.10009765625,14546
2026-04-23 05:26:00+00:00,3062.10009765625,3062.10009765625,3064.10009765625,3062.0,3064.0,8489
2026-04-23 05:27:00+00:00,3062.199951171875,3062.199951171875,3063.800048828125,3062.10009765625,3062.199951171875,8316
2026-04-23 05:28:00+00:00,3063.89990234375,3063.89990234375,3064.89990234375,3062.0,3062.199951171875,8976
2026-04-23 05:29:00+00:00,3064.0,3064.0,3064.89990234375,3063.0,3063.800048828125,4606
2026-04-23 05:30:00+00:00,3064.0,3064.0,3064.800048828125,3063.699951171875,3064.0,5093
2026-04-23 05:31:00+00:00,3062.699951171875,3062.699951171875,3064.60009765625,3062.0,3064.60009765625,11282
2026-04-23 05:32:00+00:00,3062.89990234375,3062.89990234375,3063.60009765625,3062.199951171875,3063.60009765625,3773
2026-04-23 05:33:00+00:00,3060.39990234375,3060.39990234375,3062.89990234375,3060.10009765625,3062.89990234375,11078
2026-04-23 05:34:00+00:00,3060.39990234375,3060.39990234375,3060.89990234375,3060.10009765625,3060.89990234375,6409
2026-04-23 05:35:00+00:00,3060.0,3060.0,3061.199951171875,3060.0,3061.199951171875,7924
2026-04-23 05:36:00+00:00,3058.60009765625,3058.60009765625,3060.39990234375,3058.0,3060.199951171875,12248
2026-04-23 05:37:00+00:00,3062.699951171875,3062.699951171875,3062.89990234375,3059.199951171875,3059.199951171875,19009
2026-04-23 05:38:00+00:00,3061.60009765625,3061.60009765625,3063.0,3060.800048828125,3061.39990234375,5414
2026-04-23 05:39:00+00:00,3060.39990234375,3060.39990234375,3062.60009765625,3060.0,3062.60009765625,4093
2026-04-23 05:40:00+00:00,3060.89990234375,3060.89990234375,3061.39990234375,3060.0,3060.5,3987
2026-04-23 05:41:00+00:00,3065.800048828125,3065.800048828125,3068.0,3060.89990234375,3060.89990234375,33730
2026-04-23 05:42:00+00:00,3060.300048828125,3060.300048828125,3065.699951171875,3060.10009765625,3065.699951171875,9542
2026-04-23 05:43:00+00:00,3059.5,3059.5,3061.89990234375,3059.10009765625,3060.300048828125,10276
2026-04-23 05:44:00+00:00,3061.199951171875,3061.199951171875,3061.199951171875,3059.0,3059.0,6635
2026-04-23 05:45:00+00:00,3061.0,3061.0,3061.199951171875,3058.800048828125,3060.60009765625,8553
2026-04-23 05:46:00+00:00,3064.0,3064.0,3064.10009765625,3060.0,3060.0,6009
2026-04-23 05:47:00+00:00,3065.0,3065.0,3065.800048828125,3062.199951171875,3063.89990234375,9087
2026-04-23 05:48:00+00:00,3065.0,3065.0,3066.5,3064.0,3064.199951171875,8752
2026-04-23 05:49:00+00:00,3063.5,3063.5,3066.39990234375,3063.0,3066.39990234375,3869
2026-04-23 05:50:00+00:00,3064.0,3064.0,3065.0,3063.0,3063.699951171875,4102
2026-04-23 05:51:00+00:00,3063.60009765625,3063.60009765625,3065.199951171875,3063.5,3064.5,4717
2026-04-23 05:52:00+00:00,3063.300048828125,3063.300048828125,3063.60009765625,3062.0,3063.5,5461
2026-04-23 05:53:00+00:00,3060.89990234375,3060.89990234375,3063.0,3060.89990234375,3063.0,8930
2026-04-23 05:54:00+00:00,3060.300048828125,3060.300048828125,3061.39990234375,3060.10009765625,3061.199951171875,3992
2026-04-23 05:55:00+00:00,3059.39990234375,3059.39990234375,3060.5,3058.5,3060.300048828125,9254
2026-04-23 05:56:00+00:00,3058.300048828125,3058.300048828125,3060.0,3058.300048828125,3058.800048828125,4943
2026-04-23 05:57:00+00:00,3058.0,3058.0,3058.89990234375,3057.300048828125,3058.699951171875,9722
2026-04-23 05:58:00+00:00,3058.800048828125,3058.800048828125,3060.0,3057.199951171875,3057.5,12767
2026-04-23 05:59:00+00:00,3059.0,3059.0,3059.699951171875,3058.10009765625,3058.699951171875,3373
2026-04-23 06:00:00+00:00,3058.5,3058.5,3059.5,3056.699951171875,3059.0,6692
2026-04-23 06:01:00+00:00,3056.199951171875,3056.199951171875,3058.0,3056.199951171875,3057.199951171875,4414
2026-04-23 06:02:00+00:00,3057.0,3057.0,3057.39990234375,3056.199951171875,3057.0,2725
2026-04-23 06:03:00+00:00,3057.0,3057.0,3057.300048828125,3056.89990234375,3057.0,3170
2026-04-23 06:04:00+00:00,3056.800048828125,3056.800048828125,3057.39990234375,3056.5,3057.39990234375,3633
2026-04-23 06:05:00+00:00,3056.60009765625,3056.60009765625,3057.10009765625,3056.10009765625,3056.800048828125,4881
2026-04-23 06:06:00+00:00,3057.0,3057.0,3058.199951171875,3056.0,3056.60009765625,5339
2026-04-23 06:07:00+00:00,3057.60009765625,3057.60009765625,3058.800048828125,3056.89990234375,3057.10009765625,4407
2026-04-23 06:08:00+00:00,3057.5,3057.5,3058.5,3057.0,3057.60009765625,4777
2026-04-23 06:09:00+00:00,3057.60009765625,3057.60009765625,3058.39990234375,3057.0,3057.5,2623
2026-04-23 06:10:00+00:00,3055.300048828125,3055.300048828125,3058.0,3055.300048828125,3057.60009765625,11885
2026-04-23 06:11:00+00:00,3055.0,3055.0,3055.5,3055.0,3055.300048828125,8334
2026-04-23 06:12:00+00:00,3054.39990234375,3054.39990234375,3055.5,3054.0,3055.300048828125,6970
2026-04-23 06:13:00+00:00,3055.39990234375,3055.39990234375,3055.5,3054.39990234375,3054.39990234375,5849
2026-04-23 06:14:00+00:00,3054.5,3054.5,3055.5,3054.5,3055.39990234375,5948
2026-04-23 06:15:00+00:00,3054.5,3054.5,3055.5,3054.5,3055.0,4026
2026-04-23 06:16:00+00:00,3054.60009765625,3054.60009765625,3055.10009765625,3054.5,3055.0,3278
2026-04-23 06:17:00+00:00,3054.0,3054.0,3054.60009765625,3054.0,3054.60009765625,5019
2026-04-23 06:18:00+00:00,3055.5,3055.5,3056.10009765625,3054.0,3054.0,22868
2026-04-23 06:19:00+00:00,3056.699951171875,3056.699951171875,3058.5,3055.10009765625,3056.0,12366
2026-04-23 06:20:00+00:00,3055.89990234375,3055.89990234375,3057.800048828125,3055.60009765625,3056.699951171875,2524
2026-04-23 06:21:00+00:00,3057.300048828125,3057.300048828125,3057.300048828125,3055.60009765625,3055.60009765625,6556
2026-04-23 06:22:00+00:00,3057.60009765625,3057.60009765625,3057.800048828125,3055.89990234375,3057.0,5443
2026-04-23 06:23:00+00:00,3060.0,3060.0,3060.60009765625,3057.60009765625,3057.800048828125,8582
2026-04-23 06:24:00+00:00,3059.300048828125,3059.300048828125,3061.0,3059.0,3060.0,4817
2026-04-23 06:25:00+00:00,3060.199951171875,3060.199951171875,3061.10009765625,3059.300048828125,3059.300048828125,4480
2026-04-23 06:26:00+00:00,3060.0,3060.0,3061.0,3060.0,3060.0,4139
2026-04-23 06:27:00+00:00,3059.10009765625,3059.10009765625,3060.5,3057.60009765625,3060.0,4295
2026-04-23 06:28:00+00:00,3058.800048828125,3058.800048828125,3059.89990234375,3058.199951171875,3059.5,3206
2026-04-23 06:29:00+00:00,3057.699951171875,3057.699951171875,3059.5,3057.699951171875,3059.5,3485
2026-04-23 06:30:00+00:00,3056.199951171875,3056.199951171875,3058.699951171875,3056.199951171875,3058.60009765625,4343
2026-04-23 06:31:00+00:00,3057.199951171875,3057.199951171875,3058.0,3055.5,3056.0,6140
2026-04-23 06:32:00+00:00,3057.0,3057.0,3058.199951171875,3055.60009765625,3058.199951171875,12249
2026-04-23 06:33:00+00:00,3057.199951171875,3057.199951171875,3058.199951171875,3056.60009765625,3057.199951171875,8465
2026-04-23 06:34:00+00:00,3058.0,3058.0,3058.39990234375,3056.699951171875,3057.39990234375,5039
2026-04-23 06:35:00+00:00,3060.0,3060.0,3060.0,3056.699951171875,3056.89990234375,11325
2026-04-23 06:36:00+00:00,3060.199951171875,3060.199951171875,3060.300048828125,3058.10009765625,3058.800048828125,9857
2026-04-23 06:37:00+00:00,3061.10009765625,3061.10009765625,3062.0,3058.89990234375,3060.199951171875,5415
2026-04-23 06:38:00+00:00,3062.699951171875,3062.699951171875,3062.89990234375,3060.39990234375,3062.0,10493
2026-04-23 06:39:00+00:00,3061.89990234375,3061.89990234375,3063.0,3061.5,3062.699951171875,5254
2026-04-23 06:40:00+00:00,3062.10009765625,3062.10009765625,3062.699951171875,3060.39990234375,3061.0,3837
2026-04-23 06:41:00+00:00,3065.89990234375,3065.89990234375,3065.89990234375,3062.199951171875,3062.199951171875,10650
2026-04-23 06:42:00+00:00,3068.199951171875,3068.199951171875,3068.5,3065.10009765625,3065.10009765625,15728
2026-04-23 06:43:00+00:00,3066.5,3066.5,3068.5,3065.300048828125,3068.10009765625,5765
2026-04-23 06:44:00+00:00,3065.10009765625,3065.10009765625,3066.5,3065.10009765625,3066.5,5335
2026-04-23 06:45:00+00:00,3065.199951171875,3065.199951171875,3065.800048828125,3064.89990234375,3065.199951171875,7972
2026-04-23 06:46:00+00:00,3064.60009765625,3064.60009765625,3065.699951171875,3063.89990234375,3065.0,8315
2026-04-23 06:47:00+00:00,3064.699951171875,3064.699951171875,3065.199951171875,3064.0,3064.60009765625,8700
2026-04-23 06:48:00+00:00,3067.10009765625,3067.10009765625,3067.10009765625,3064.5,3065.199951171875,6568
2026-04-23 06:49:00+00:00,3066.10009765625,3066.10009765625,3067.300048828125,3066.0,3067.10009765625,5846
2026-04-23 06:50:00+00:00,3068.5,3068.5,3068.5,3065.0,3065.199951171875,7731
2026-04-23 06:51:00+00:00,3069.0,3069.0,3069.60009765625,3067.39990234375,3068.0,5233
2026-04-23 06:52:00+00:00,3072.0,3072.0,3072.0,3066.60009765625,3069.60009765625,92705
2026-04-23 06:53:00+00:00,3071.800048828125,3071.800048828125,3072.300048828125,3071.10009765625,3071.699951171875,4842
2026-04-23 06:54:00+00:00,3072.0,3072.0,3072.39990234375,3071.0,3072.0,6559
2026-04-23 06:55:00+00:00,3070.5,3070.5,3072.0,3070.0,3072.0,9047
2026-04-23 06:56:00+00:00,3066.0,3066.0,3070.5,3066.0,3070.5,7502
2026-04-23 06:57:00+00:00,3066.0,3066.0,3067.39990234375,3065.0,3067.39990234375,7443
2026-04-23 06:58:00+00:00,3065.699951171875,3065.699951171875,3066.0,3065.0,3066.0,4809
2026-04-23 06:59:00+00:00,3066.0,3066.0,3067.199951171875,3065.0,3065.699951171875,10347
2026-04-23 07:00:00+00:00,3064.699951171875,3064.699951171875,3066.0,3063.39990234375,3066.0,8244
2026-04-23 07:01:00+00:00,3061.0,3061.0,3064.800048828125,3061.0,3064.300048828125,10028
2026-04-23 07:02:00+00:00,3060.300048828125,3060.300048828125,3062.0,3060.0,3062.0,5423
2026-04-23 07:03:00+00:00,3058.60009765625,3058.60009765625,3060.10009765625,3058.60009765625,3060.10009765625,9392
2026-04-23 07:04:00+00:00,3057.199951171875,3057.199951171875,3059.0,3057.199951171875,3058.800048828125,9944
2026-04-23 07:05:00+00:00,3056.0,3056.0,3057.300048828125,3056.0,3057.0,11908
2026-04-23 07:06:00+00:00,3055.199951171875,3055.199951171875,3056.10009765625,3055.0,3056.0,8316
2026-04-23 07:07:00+00:00,3055.39990234375,3055.39990234375,3055.60009765625,3055.0,3055.5,7309
2026-04-23 07:08:00+00:00,3056.800048828125,3056.800048828125,3056.800048828125,3055.0,3055.0,7457
2026-04-23 07:09:00+00:00,3058.39990234375,3058.39990234375,3058.39990234375,3056.89990234375,3056.89990234375,4832
2026-04-23 07:10:00+00:00,3057.699951171875,3057.699951171875,3058.10009765625,3056.199951171875,3058.0,6292
2026-04-23 07:11:00+00:00,3056.699951171875,3056.699951171875,3057.699951171875,3056.0,3057.699951171875,6258
2026-04-23 07:12:00+00:00,3056.10009765625,3056.10009765625,3057.10009765625,3056.0,3056.699951171875,3210
2026-04-23 07:13:00+00:00,3055.199951171875,3055.199951171875,3056.10009765625,3055.10009765625,3056.10009765625,4581
2026-04-23 07:14:00+00:00,3057.10009765625,3057.10009765625,3058.699951171875,3055.0,3055.10009765625,8067
2026-04-23 07:15:00+00:00,3057.5,3057.5,3058.10009765625,3057.300048828125,3058.10009765625,4953
2026-04-23 07:16:00+00:00,3057.89990234375,3057.89990234375,3059.699951171875,3056.89990234375,3057.60009765625,11045
2026-04-23 07:17:00+00:00,3056.800048828125,3056.800048828125,3057.89990234375,3056.39990234375,3057.89990234375,15845
2026-04-23 07:18:00+00:00,3055.89990234375,3055.89990234375,3057.0,3055.5,3056.800048828125,7998
2026-04-23 07:19:00+00:00,3055.5,3055.5,3055.89990234375,3055.10009765625,3055.39990234375,15278
2026-04-23 07:20:00+00:00,3054.5,3054.5,3055.5,3054.5,3055.5,8223
2026-04-23 07:21:00+00:00,3054.5,3054.5,3055.0,3054.300048828125,3055.0,5100
2026-04-23 07:22:00+00:00,3055.0,3055.0,3055.0,3054.300048828125,3054.699951171875,21371
2026-04-23 07:23:00+00:00,3055.39990234375,3055.39990234375,3055.5,3054.89990234375,3054.89990234375,8096
2026-04-23 07:24:00+00:00,3057.5,3057.5,3058.0,3055.39990234375,3055.5,31545
2026-04-23 07:25:00+00:00,3056.800048828125,3056.800048828125,3058.0,3056.699951171875,3058.0,7356
2026-04-23 07:26:00+00:00,3058.0,3058.0,3059.699951171875,3056.199951171875,3057.0,28490
2026-04-23 07:27:00+00:00,3056.5,3056.5,3059.199951171875,3056.0,3058.0,9310
2026-04-23 07:28:00+00:00,3059.89990234375,3059.89990234375,3060.0,3056.5,3056.5,4373
2026-04-23 07:29:00+00:00,3063.0,3063.0,3064.0,3059.39990234375,3060.0,23001
2026-04-23 07:30:00+00:00,3061.10009765625,3061.10009765625,3064.0,3061.10009765625,3062.800048828125,23028
2026-04-23 07:31:00+00:00,3062.10009765625,3062.10009765625,3062.800048828125,3058.800048828125,3061.5,22354
2026-04-23 07:32:00+00:00,3061.300048828125,3061.300048828125,3063.60009765625,3060.5,3062.10009765625,13263
2026-04-23 07:33:00+00:00,3059.5,3059.5,3062.0,3058.800048828125,3061.300048828125,7917
2026-04-23 07:34:00+00:00,3058.199951171875,3058.199951171875,3059.5,3057.10009765625,3059.199951171875,4394
2026-04-23 07:35:00+00:00,3058.60009765625,3058.60009765625,3059.199951171875,3057.800048828125,3058.199951171875,6100
2026-04-23 07:36:00+00:00,3057.800048828125,3057.800048828125,3059.0,3057.800048828125,3058.60009765625,4321
2026-04-23 07:37:00+00:00,3057.60009765625,3057.60009765625,3058.5,3057.10009765625,3057.800048828125,5501
2026-04-23 07:38:00+00:00,3056.5,3056.5,3057.60009765625,3055.0,3057.60009765625,14217
2026-04-23 07:39:00+00:00,3057.10009765625,3057.10009765625,3058.0,3055.5,3056.300048828125,11567
2026-04-23 07:40:00+00:00,3057.10009765625,3057.10009765625,3057.199951171875,3056.60009765625,3057.10009765625,3875
2026-04-23 07:41:00+00:00,3056.800048828125,3056.800048828125,3058.10009765625,3056.10009765625,3057.10009765625,7282
2026-04-23 07:42:00+00:00,3058.10009765625,3058.10009765625,3058.10009765625,3056.0,3056.89990234375,7628
2026-04-23 07:43:00+00:00,3057.10009765625,3057.10009765625,3058.10009765625,3056.699951171875,3056.699951171875,6477
2026-04-23 07:44:00+00:00,3058.800048828125,3058.800048828125,3058.89990234375,3057.10009765625,3057.10009765625,7779
2026-04-23 07:45:00+00:00,3056.5,3056.5,3058.699951171875,3055.89990234375,3058.699951171875,7283
2026-04-23 07:46:00+00:00,3054.300048828125,3054.300048828125,3056.199951171875,3054.0,3056.199951171875,10200
2026-04-23 07:47:00+00:00,3056.89990234375,3056.89990234375,3056.89990234375,3054.300048828125,3054.5,6628
2026-04-23 07:48:00+00:00,3057.10009765625,3057.10009765625,3057.699951171875,3055.39990234375,3056.39990234375,6592
2026-04-23 07:49:00+00:00,3061.0,3061.0,3061.800048828125,3057.10009765625,3057.699951171875,26057
2026-04-23 07:50:00+00:00,3068.0,3068.0,3069.699951171875,3061.0,3061.0,56007
2026-04-23 07:51:00+00:00,3069.0,3069.0,3069.800048828125,3067.800048828125,3068.0,32002
2026-04-23 07:52:00+00:00,3070.300048828125,3070.300048828125,3070.89990234375,3068.39990234375,3069.5,18250
2026-04-23 07:53:00+00:00,3074.300048828125,3074.300048828125,3074.300048828125,3071.0,3071.0,15517
2026-04-23 07:54:00+00:00,3078.0,3078.0,3079.0,3073.5,3074.5,18160
2026-04-23 07:55:00+00:00,3076.699951171875,3076.699951171875,3080.0,3076.699951171875,3078.0,17274
2026-04-23 07:56:00+00:00,3075.0,3075.0,3075.800048828125,3073.699951171875,3075.0,9244
2026-04-23 07:57:00+00:00,3073.0,3073.0,3075.89990234375,3071.60009765625,3074.800048828125,9748
2026-04-23 07:58:00+00:00,3074.89990234375,3074.89990234375,3075.0,3071.89990234375,3073.0,12702
2026-04-23 07:59:00+00:00,3074.60009765625,3074.60009765625,3076.0,3073.5,3074.89990234375,17868
2026-04-23 08:00:00+00:00,3072.10009765625,3072.10009765625,3074.60009765625,3070.199951171875,3074.60009765625,6861
2026-04-23 08:01:00+00:00,3071.5,3071.5,3073.5,3071.39990234375,3071.699951171875,8023
2026-04-23 08:02:00+00:00,3069.5,3069.5,3072.0,3069.5,3071.39990234375,7802
2026-04-23 08:03:00+00:00,3068.300048828125,3068.300048828125,3070.10009765625,3067.300048828125,3070.10009765625,7562
2026-04-23 08:04:00+00:00,3068.0,3068.0,3069.60009765625,3067.5,3068.0,9213
2026-04-23 08:05:00+00:00,3067.800048828125,3067.800048828125,3068.0,3065.89990234375,3068.0,8322
2026-04-23 08:06:00+00:00,3067.699951171875,3067.699951171875,3067.800048828125,3066.199951171875,3067.0,6965
2026-04-23 08:07:00+00:00,3065.10009765625,3065.10009765625,3067.60009765625,3064.0,3067.60009765625,6476
2026-04-23 08:08:00+00:00,3062.60009765625,3062.60009765625,3065.10009765625,3062.39990234375,3065.10009765625,7102
2026-04-23 08:09:00+00:00,3062.699951171875,3062.699951171875,3063.39990234375,3061.10009765625,3062.60009765625,10226
2026-04-23 08:10:00+00:00,3062.300048828125,3062.300048828125,3063.0,3061.300048828125,3062.699951171875,6072
2026-04-23 08:11:00+00:00,3061.10009765625,3061.10009765625,3062.699951171875,3061.10009765625,3062.300048828125,9899
2026-04-23 08:12:00+00:00,3063.300048828125,3063.300048828125,3064.699951171875,3060.800048828125,3061.0,9521
2026-04-23 08:13:00+00:00,3062.60009765625,3062.60009765625,3064.5,3062.0,3063.60009765625,7130
2026-04-23 08:14:00+00:00,3062.199951171875,3062.199951171875,3063.300048828125,3061.5,3062.5,6982
2026-04-23 08:15:00+00:00,3061.0,3061.0,3063.39990234375,3060.10009765625,3062.199951171875,11847
2026-04-23 08:16:00+00:00,3061.800048828125,3061.800048828125,3063.199951171875,3060.699951171875,3061.0,13045
2026-04-23 08:17:00+00:00,3062.0,3062.0,3062.5,3061.199951171875,3062.0,6584
2026-04-23 08:18:00+00:00,3061.0,3061.0,3065.0,3061.0,3061.699951171875,22540
2026-04-23 08:19:00+00:00,3063.0,3063.0,3063.199951171875,3060.699951171875,3062.0,8828
2026-04-23 08:20:00+00:00,3062.699951171875,3062.699951171875,3063.699951171875,3061.199951171875,3063.199951171875,7826
2026-04-23 08:21:00+00:00,3064.300048828125,3064.300048828125,3064.5,3062.0,3062.60009765625,7596
2026-04-23 08:22:00+00:00,3065.0,3065.0,3065.89990234375,3063.0,3063.60009765625,7502
2026-04-23 08:23:00+00:00,3065.39990234375,3065.39990234375,3065.39990234375,3062.199951171875,3064.89990234375,8865
2026-04-23 08:24:00+00:00,3063.0,3063.0,3065.300048828125,3061.5,3064.300048828125,24389
2026-04-23 08:25:00+00:00,3062.0,3062.0,3063.0,3061.699951171875,3063.0,38496
2026-04-23 08:26:00+00:00,3060.0,3060.0,3062.0,3057.800048828125,3062.0,50390
2026-04-23 08:27:00+00:00,3060.0,3060.0,3060.0,3058.800048828125,3059.89990234375,8630
2026-04-23 08:28:00+00:00,3058.5,3058.5,3060.0,3058.5,3060.0,11463
2026-04-23 08:29:00+00:00,3057.199951171875,3057.199951171875,3059.0,3057.199951171875,3058.10009765625,10000
2026-04-23 08:30:00+00:00,3055.300048828125,3055.300048828125,3057.199951171875,3054.199951171875,3057.199951171875,30007
2026-04-23 08:31:00+00:00,3054.699951171875,3054.699951171875,3055.699951171875,3054.5,3055.699951171875,9264
2026-04-23 08:32:00+00:00,3053.300048828125,3053.300048828125,3054.5,3053.0,3054.5,9590
2026-04-23 08:33:00+00:00,3054.300048828125,3054.300048828125,3054.5,3053.199951171875,3053.39990234375,7306
2026-04-23 08:34:00+00:00,3055.0,3055.0,3055.5,3053.60009765625,3054.300048828125,7171
2026-04-23 08:35:00+00:00,3055.300048828125,3055.300048828125,3056.0,3054.199951171875,3055.0,6573
2026-04-23 08:36:00+00:00,3053.39990234375,3053.39990234375,3055.5,3053.0,3055.5,26251
2026-04-23 08:37:00+00:00,3054.39990234375,3054.39990234375,3055.800048828125,3053.199951171875,3053.39990234375,12764
2026-04-23 08:38:00+00:00,3052.0,3052.0,3054.5,3051.300048828125,3054.39990234375,19710
2026-04-23 08:39:00+00:00,3051.10009765625,3051.10009765625,3052.5,3051.0,3052.10009765625,11088
2026-04-23 08:40:00+00:00,3050.199951171875,3050.199951171875,3051.39990234375,3050.0,3051.39990234375,20419
2026-04-23 08:41:00+00:00,3050.0,3050.0,3050.300048828125,3050.0,3050.300048828125,10508
2026-04-23 08:42:00+00:00,3049.699951171875,3049.699951171875,3050.0,3048.5,3048.5,32502
2026-04-23 08:43:00+00:00,3049.60009765625,3049.60009765625,3049.89990234375,3048.89990234375,3049.199951171875,4460
2026-04-23 08:44:00+00:00,3049.5,3049.5,3050.10009765625,3049.5,3049.60009765625,14967
2026-04-23 08:45:00+00:00,3049.0,3049.0,3049.699951171875,3048.0,3049.699951171875,8689
2026-04-23 08:46:00+00:00,3048.699951171875,3048.699951171875,3049.300048828125,3048.300048828125,3048.300048828125,4472
2026-04-23 08:47:00+00:00,3049.0,3049.0,3050.0,3048.5,3048.699951171875,5589
2026-04-23 08:48:00+00:00,3048.0,3048.0,3049.39990234375,3046.199951171875,3049.39990234375,10408
2026-04-23 08:49:00+00:00,3042.5,3042.5,3047.89990234375,3042.5,3047.89990234375,18349
2026-04-23 08:50:00+00:00,3040.699951171875,3040.699951171875,3042.60009765625,3037.199951171875,3042.60009765625,50016
2026-04-23 08:51:00+00:00,3038.800048828125,3038.800048828125,3041.699951171875,3038.199951171875,3040.39990234375,23624
2026-04-23 08:52:00+00:00,3040.0,3040.0,3040.0,3038.699951171875,3038.800048828125,11216
2026-04-23 08:53:00+00:00,3043.10009765625,3043.10009765625,3044.0,3039.89990234375,3039.89990234375,13656
2026-04-23 08:54:00+00:00,3042.800048828125,3042.800048828125,3044.60009765625,3042.0,3043.699951171875,11910
2026-04-23 08:55:00+00:00,3041.60009765625,3041.60009765625,3042.199951171875,3040.800048828125,3042.0,8716
2026-04-23 08:56:00+00:00,3042.10009765625,3042.10009765625,3042.60009765625,3041.0,3041.60009765625,8383
2026-04-23 08:57:00+00:00,3042.699951171875,3042.699951171875,3043.0,3041.60009765625,3042.199951171875,7363
2026-04-23 08:58:00+00:00,3041.39990234375,3041.39990234375,3042.699951171875,3041.0,3042.699951171875,12434
2026-04-23 08:59:00+00:00,3040.39990234375,3040.39990234375,3041.699951171875,3040.39990234375,3041.39990234375,9407
2026-04-23 09:00:00+00:00,3039.60009765625,3039.60009765625,3040.60009765625,3039.0,3040.60009765625,12461
2026-04-23 09:01:00+00:00,3039.699951171875,3039.699951171875,3040.699951171875,3039.300048828125,3039.699951171875,9085
2026-04-23 09:02:00+00:00,3039.89990234375,3039.89990234375,3040.39990234375,3039.0,3039.699951171875,6348
2026-04-23 09:03:00+00:00,3040.39990234375,3040.39990234375,3040.5,3039.39990234375,3040.0,8888
2026-04-23 09:04:00+00:00,3039.89990234375,3039.89990234375,3041.0,3039.60009765625,3040.5,8627
2026-04-23 09:05:00+00:00,3038.10009765625,3038.10009765625,3040.0,3037.10009765625,3040.0,34107
2026-04-23 09:06:00+00:00,3039.199951171875,3039.199951171875,3041.199951171875,3038.0,3038.800048828125,11798
2026-04-23 09:07:00+00:00,3040.199951171875,3040.199951171875,3041.10009765625,3039.10009765625,3040.0,8782
2026-04-23 09:08:00+00:00,3040.199951171875,3040.199951171875,3041.10009765625,3039.5,3040.199951171875,9678
2026-04-23 09:09:00+00:00,3039.0,3039.0,3041.0,3037.199951171875,3040.0,8497
2026-04-23 09:10:00+00:00,3040.0,3040.0,3040.0,3038.199951171875,3039.10009765625,6751
2026-04-23 09:11:00+00:00,3038.60009765625,3038.60009765625,3039.699951171875,3037.5,3039.0,7843
2026-04-23 09:12:00+00:00,3037.699951171875,3037.699951171875,3038.60009765625,3037.0,3038.60009765625,7313
2026-04-23 09:13:00+00:00,3036.60009765625,3036.60009765625,3037.699951171875,3036.39990234375,3037.60009765625,6197
2026-04-23 09:14:00+00:00,3036.300048828125,3036.300048828125,3037.0,3035.5,3036.60009765625,12147
2026-04-23 09:15:00+00:00,3037.5,3037.5,3038.800048828125,3035.5,3036.39990234375,11158
2026-04-23 09:16:00+00:00,3037.60009765625,3037.60009765625,3039.5,3036.89990234375,3038.199951171875,6980
2026-04-23 09:17:00+00:00,3038.89990234375,3038.89990234375,3039.199951171875,3037.0,3038.300048828125,7184
2026-04-23 09:18:00+00:00,3037.0,3037.0,3040.0,3037.0,3038.89990234375,9813
2026-04-23 09:19:00+00:00,3036.10009765625,3036.10009765625,3037.5,3035.39990234375,3037.5,10185
2026-04-23 09:20:00+00:00,3038.0,3038.0,3039.5,3035.699951171875,3036.10009765625,10688
2026-04-23 09:21:00+00:00,3036.699951171875,3036.699951171875,3038.89990234375,3036.0,3037.89990234375,7190
2026-04-23 09:22:00+00:00,3038.300048828125,3038.300048828125,3038.300048828125,3036.0,3036.699951171875,11632
2026-04-23 09:23:00+00:00,3036.39990234375,3036.39990234375,3038.300048828125,3035.199951171875,3037.300048828125,16970
2026-04-23 09:24:00+00:00,3036.5,3036.5,3037.10009765625,3035.0,3036.39990234375,11423
2026-04-23 09:25:00+00:00,3037.10009765625,3037.10009765625,3037.10009765625,3036.0,3036.5,8685
2026-04-23 09:26:00+00:00,3036.10009765625,3036.10009765625,3037.10009765625,3036.0,3037.10009765625,6811
2026-04-23 09:27:00+00:00,3036.39990234375,3036.39990234375,3037.0,3035.10009765625,3036.39990234375,9937
2026-04-23 09:28:00+00:00,3035.89990234375,3035.89990234375,3036.39990234375,3035.199951171875,3036.300048828125,10512
2026-04-23 09:29:00+00:00,3035.300048828125,3035.300048828125,3035.89990234375,3032.89990234375,3035.89990234375,18577
2026-04-23 09:30:00+00:00,3037.800048828125,3037.800048828125,3037.800048828125,3034.60009765625,3035.300048828125,25580
2026-04-23 09:31:00+00:00,3040.10009765625,3040.10009765625,3040.5,3038.39990234375,3038.39990234375,33572
2026-04-23 09:32:00+00:00,3041.89990234375,3041.89990234375,3044.0,3040.10009765625,3040.10009765625,22128
2026-04-23 09:33:00+00:00,3045.0,3045.0,3045.199951171875,3042.300048828125,3042.5,26346
2026-04-23 09:34:00+00:00,3045.0,3045.0,3045.60009765625,3043.89990234375,3045.0,35976
2026-04-23 09:35:00+00:00,3048.699951171875,3048.699951171875,3048.699951171875,3044.5,3045.0,20922
2026-04-23 09:36:00+00:00,3046.89990234375,3046.89990234375,3050.199951171875,3046.300048828125,3048.5,21258
2026-04-23 09:37:00+00:00,3047.10009765625,3047.10009765625,3047.10009765625,3045.39990234375,3047.0,13084
2026-04-23 09:38:00+00:00,3049.0,3049.0,3049.199951171875,3047.0,3047.0,10716
2026-04-23 09:39:00+00:00,3047.199951171875,3047.199951171875,3049.10009765625,3046.800048828125,3049.0,12267
2026-04-23 09:40:00+00:00,3044.199951171875,3044.199951171875,3048.39990234375,3044.0,3047.699951171875,21026
2026-04-23 09:41:00+00:00,3043.300048828125,3043.300048828125,3044.800048828125,3042.89990234375,3044.199951171875,17518
2026-04-23 09:42:00+00:00,3042.699951171875,3042.699951171875,3044.800048828125,3041.39990234375,3043.300048828125,31695
2026-04-23 09:43:00+00:00,3042.89990234375,3042.89990234375,3042.89990234375,3040.199951171875,3042.0,18646
2026-04-23 09:44:00+00:00,3040.89990234375,3040.89990234375,3043.0,3040.60009765625,3043.0,31477
2026-04-23 09:45:00+00:00,3040.800048828125,3040.800048828125,3042.699951171875,3040.300048828125,3041.0,20519
2026-04-23 09:46:00+00:00,3045.10009765625,3045.10009765625,3045.39990234375,3040.300048828125,3040.800048828125,29537
2026-04-23 09:47:00+00:00,3045.60009765625,3045.60009765625,3047.0,3044.5,3045.10009765625,25166
2026-04-23 09:48:00+00:00,3047.10009765625,3047.10009765625,3047.5,3045.0,3046.89990234375,27020
2026-04-23 09:49:00+00:00,3050.10009765625,3050.10009765625,3050.199951171875,3047.0,3047.5,37404
2026-04-23 09:50:00+00:00,3050.10009765625,3050.10009765625,3050.10009765625,3048.60009765625,3050.0,25003
2026-04-23 09:51:00+00:00,3050.10009765625,3050.10009765625,3050.800048828125,3049.199951171875,3049.800048828125,24304
2026-04-23 09:52:00+00:00,3051.39990234375,3051.39990234375,3051.89990234375,3049.60009765625,3050.10009765625,16946
2026-04-23 09:53:00+00:00,3056.89990234375,3056.89990234375,3057.0,3052.10009765625,3052.10009765625,22656
2026-04-23 09:54:00+00:00,3056.300048828125,3056.300048828125,3057.0,3055.0,3057.0,17005
2026-04-23 09:55:00+00:00,3058.10009765625,3058.10009765625,3059.0,3055.89990234375,3056.300048828125,26289
2026-04-23 09:56:00+00:00,3060.699951171875,3060.699951171875,3061.699951171875,3057.60009765625,3058.0,17737
2026-04-23 09:57:00+00:00,3062.10009765625,3062.10009765625,3062.300048828125,3059.199951171875,3059.199951171875,27715
2026-04-23 09:58:00+00:00,3062.10009765625,3062.10009765625,3062.5,3059.699951171875,3060.10009765625,21613
2026-04-23 09:59:00+00:00,3063.60009765625,3063.60009765625,3063.89990234375,3059.699951171875,3062.10009765625,15423
2026-04-24 03:45:00+00:00,3068.60009765625,3068.60009765625,3074.800048828125,3054.39990234375,3054.39990234375,0
2026-04-24 03:46:00+00:00,3062.0,3062.0,3069.199951171875,3057.10009765625,3069.199951171875,26962
2026-04-24 03:47:00+00:00,3064.89990234375,3064.89990234375,3067.5,3054.0,3060.699951171875,34080
2026-04-24 03:48:00+00:00,3062.10009765625,3062.10009765625,3068.300048828125,3061.0,3065.199951171875,13923
2026-04-24 03:49:00+00:00,3059.89990234375,3059.89990234375,3065.699951171875,3057.5,3063.0,14256
2026-04-24 03:50:00+00:00,3054.89990234375,3054.89990234375,3059.199951171875,3052.89990234375,3059.199951171875,19500
2026-04-24 03:51:00+00:00,3052.89990234375,3052.89990234375,3054.300048828125,3048.699951171875,3053.0,18949
2026-04-24 03:52:00+00:00,3057.300048828125,3057.300048828125,3058.39990234375,3050.89990234375,3050.89990234375,9065
2026-04-24 03:53:00+00:00,3061.0,3061.0,3062.39990234375,3058.0,3058.0,9199
2026-04-24 03:54:00+00:00,3060.699951171875,3060.699951171875,3062.199951171875,3059.0,3060.0,5477
2026-04-24 03:55:00+00:00,3065.800048828125,3065.800048828125,3065.800048828125,3060.199951171875,3060.800048828125,8636
2026-04-24 03:56:00+00:00,3064.199951171875,3064.199951171875,3065.0,3063.5,3064.89990234375,5693
2026-04-24 03:57:00+00:00,3059.0,3059.0,3063.89990234375,3058.0,3063.89990234375,5461
2026-04-24 03:58:00+00:00,3057.10009765625,3057.10009765625,3060.0,3057.10009765625,3059.0,3434
2026-04-24 03:59:00+00:00,3055.800048828125,3055.800048828125,3057.0,3054.199951171875,3056.60009765625,4470
2026-04-24 04:00:00+00:00,3056.5,3056.5,3058.0,3051.800048828125,3054.39990234375,9977
2026-04-24 04:01:00+00:00,3052.0,3052.0,3058.0,3052.0,3055.89990234375,5085
2026-04-24 04:02:00+00:00,3048.800048828125,3048.800048828125,3054.5,3047.5,3053.0,10526
2026-04-24 04:03:00+00:00,3048.39990234375,3048.39990234375,3048.800048828125,3045.0,3048.800048828125,8560
2026-04-24 04:04:00+00:00,3046.10009765625,3046.10009765625,3047.300048828125,3043.300048828125,3047.300048828125,9550
2026-04-24 04:05:00+00:00,3049.0,3049.0,3049.5,3045.199951171875,3046.10009765625,6536
2026-04-24 04:06:00+00:00,3049.199951171875,3049.199951171875,3050.300048828125,3048.10009765625,3049.0,5310
2026-04-24 04:07:00+00:00,3048.300048828125,3048.300048828125,3049.89990234375,3048.300048828125,3049.199951171875,5807
2026-04-24 04:08:00+00:00,3049.0,3049.0,3049.60009765625,3048.10009765625,3048.199951171875,6529
2026-04-24 04:09:00+00:00,3047.89990234375,3047.89990234375,3049.0,3047.89990234375,3048.0,4315
2026-04-24 04:10:00+00:00,3047.0,3047.0,3049.0,3045.89990234375,3046.89990234375,8932
2026-04-24 04:11:00+00:00,3046.0,3046.0,3047.60009765625,3046.0,3047.0,1799
2026-04-24 04:12:00+00:00,3051.89990234375,3051.89990234375,3051.89990234375,3046.39990234375,3047.199951171875,5482
2026-04-24 04:13:00+00:00,3046.5,3046.5,3050.60009765625,3046.39990234375,3050.10009765625,2717
2026-04-24 04:14:00+00:00,3047.10009765625,3047.10009765625,3048.89990234375,3046.5,3046.5,3112
2026-04-24 04:15:00+00:00,3043.0,3043.0,3046.699951171875,3043.0,3045.60009765625,7124
2026-04-24 04:16:00+00:00,3040.0,3040.0,3043.89990234375,3040.0,3043.89990234375,11559
2026-04-24 04:17:00+00:00,3047.300048828125,3047.300048828125,3049.300048828125,3037.800048828125,3037.800048828125,20145
2026-04-24 04:18:00+00:00,3053.699951171875,3053.699951171875,3056.800048828125,3047.300048828125,3047.300048828125,13517
2026-04-24 04:19:00+00:00,3060.60009765625,3060.60009765625,3060.89990234375,3051.89990234375,3052.10009765625,58715
2026-04-24 04:20:00+00:00,3060.0,3060.0,3064.39990234375,3060.0,3061.89990234375,11545
2026-04-24 04:21:00+00:00,3063.800048828125,3063.800048828125,3064.0,3060.0,3060.699951171875,14423
2026-04-24 04:22:00+00:00,3062.800048828125,3062.800048828125,3064.39990234375,3062.0,3063.800048828125,11266
2026-04-24 04:23:00+00:00,3065.89990234375,3065.89990234375,3067.39990234375,3063.300048828125,3064.89990234375,18820
2026-04-24 04:24:00+00:00,3066.0,3066.0,3067.10009765625,3064.800048828125,3067.10009765625,8338
2026-04-24 04:25:00+00:00,3068.300048828125,3068.300048828125,3068.5,3063.10009765625,3066.0,13680
2026-04-24 04:26:00+00:00,3063.800048828125,3063.800048828125,3067.89990234375,3063.800048828125,3067.89990234375,4293
2026-04-24 04:27:00+00:00,3067.800048828125,3067.800048828125,3067.800048828125,3064.89990234375,3064.89990234375,7251
2026-04-24 04:28:00+00:00,3069.89990234375,3069.89990234375,3069.89990234375,3066.5,3066.5,7179
2026-04-24 04:29:00+00:00,3071.60009765625,3071.60009765625,3073.800048828125,3070.0,3071.89990234375,12560
2026-04-24 04:30:00+00:00,3075.699951171875,3075.699951171875,3077.199951171875,3071.60009765625,3071.60009765625,19797
2026-04-24 04:31:00+00:00,3083.800048828125,3083.800048828125,3085.0,3075.89990234375,3075.89990234375,31201
2026-04-24 04:32:00+00:00,3082.5,3082.5,3085.5,3080.89990234375,3083.699951171875,12191
2026-04-24 04:33:00+00:00,3084.800048828125,3084.800048828125,3085.0,3081.5,3082.10009765625,9492
2026-04-24 04:34:00+00:00,3087.0,3087.0,3089.0,3083.699951171875,3083.699951171875,16766
2026-04-24 04:35:00+00:00,3086.0,3086.0,3089.0,3086.0,3088.199951171875,16427
2026-04-24 04:36:00+00:00,3087.89990234375,3087.89990234375,3088.0,3085.0,3086.0,10078
2026-04-24 04:37:00+00:00,3086.0,3086.0,3088.0,3085.199951171875,3087.89990234375,6533
2026-04-24 04:38:00+00:00,3085.300048828125,3085.300048828125,3086.300048828125,3083.699951171875,3085.800048828125,7450
2026-04-24 04:39:00+00:00,3082.800048828125,3082.800048828125,3085.5,3081.0,3085.39990234375,9206
2026-04-24 04:40:00+00:00,3082.0,3082.0,3083.199951171875,3080.10009765625,3082.199951171875,7388
2026-04-24 04:41:00+00:00,3082.800048828125,3082.800048828125,3084.0,3081.199951171875,3081.199951171875,13319
2026-04-24 04:42:00+00:00,3085.5,3085.5,3085.5,3082.60009765625,3082.89990234375,6133
2026-04-24 04:43:00+00:00,3086.0,3086.0,3086.0,3085.0,3085.5,5571
2026-04-24 04:44:00+00:00,3085.89990234375,3085.89990234375,3086.0,3085.699951171875,3085.89990234375,3117
2026-04-24 04:45:00+00:00,3086.60009765625,3086.60009765625,3086.60009765625,3084.800048828125,3086.10009765625,5287
2026-04-24 04:46:00+00:00,3085.0,3085.0,3086.60009765625,3085.0,3085.89990234375,3697
2026-04-24 04:47:00+00:00,3083.39990234375,3083.39990234375,3085.89990234375,3082.10009765625,3085.89990234375,4205
2026-04-24 04:48:00+00:00,3086.0,3086.0,3086.0,3082.0,3084.0,7658
2026-04-24 04:49:00+00:00,3085.0,3085.0,3085.800048828125,3083.0,3085.800048828125,2150
2026-04-24 04:50:00+00:00,3080.0,3080.0,3084.5,3079.60009765625,3084.0,4789
2026-04-24 04:51:00+00:00,3079.5,3079.5,3081.199951171875,3078.300048828125,3079.199951171875,7525
2026-04-24 04:52:00+00:00,3077.5,3077.5,3079.39990234375,3077.5,3079.39990234375,3691
2026-04-24 04:53:00+00:00,3075.10009765625,3075.10009765625,3077.5,3075.10009765625,3077.5,8691
2026-04-24 04:54:00+00:00,3073.5,3073.5,3076.89990234375,3073.0,3076.5,4051
2026-04-24 04:55:00+00:00,3077.0,3077.0,3077.199951171875,3073.199951171875,3074.300048828125,8393
2026-04-24 04:56:00+00:00,3077.39990234375,3077.39990234375,3078.39990234375,3077.10009765625,3077.300048828125,3487
2026-04-24 04:57:00+00:00,3076.0,3076.0,3077.39990234375,3075.300048828125,3077.10009765625,2491
2026-04-24 04:58:00+00:00,3077.800048828125,3077.800048828125,3078.0,3074.300048828125,3076.0,8133
2026-04-24 04:59:00+00:00,3077.0,3077.0,3077.800048828125,3075.5,3077.800048828125,2173
2026-04-24 05:00:00+00:00,3076.800048828125,3076.800048828125,3076.800048828125,3074.10009765625,3076.800048828125,6052
2026-04-24 05:01:00+00:00,3074.699951171875,3074.699951171875,3077.10009765625,3074.10009765625,3076.10009765625,2308
2026-04-24 05:02:00+00:00,3073.39990234375,3073.39990234375,3074.60009765625,3072.0,3074.60009765625,7213
2026-04-24 05:03:00+00:00,3067.89990234375,3067.89990234375,3073.0,3067.5,3071.699951171875,7687
2026-04-24 05:04:00+00:00,3066.60009765625,3066.60009765625,3071.0,3066.300048828125,3069.0,6350
2026-04-24 05:05:00+00:00,3065.0,3065.0,3067.89990234375,3063.5,3067.89990234375,3604
2026-04-24 05:06:00+00:00,3063.300048828125,3063.300048828125,3064.0,3061.5,3063.300048828125,6054
2026-04-24 05:07:00+00:00,3063.300048828125,3063.300048828125,3064.60009765625,3062.0,3063.300048828125,4152
2026-04-24 05:08:00+00:00,3062.0,3062.0,3063.300048828125,3062.0,3063.300048828125,1712
2026-04-24 05:09:00+00:00,3066.0,3066.0,3066.5,3061.800048828125,3061.800048828125,7291
2026-04-24 05:10:00+00:00,3067.39990234375,3067.39990234375,3067.5,3064.39990234375,3066.0,2581
2026-04-24 05:11:00+00:00,3065.89990234375,3065.89990234375,3067.5,3064.0,3067.5,8731
2026-04-24 05:12:00+00:00,3064.0,3064.0,3065.699951171875,3062.10009765625,3065.699951171875,8213
2026-04-24 05:13:00+00:00,3061.5,3061.5,3064.0,3060.5,3064.0,1499
2026-04-24 05:14:00+00:00,3061.89990234375,3061.89990234375,3062.0,3060.39990234375,3061.39990234375,2853
2026-04-24 05:15:00+00:00,3062.0,3062.0,3062.10009765625,3060.800048828125,3062.0,2426
2026-04-24 05:16:00+00:00,3061.10009765625,3061.10009765625,3062.89990234375,3061.10009765625,3062.0,2328
2026-04-24 05:17:00+00:00,3057.89990234375,3057.89990234375,3061.699951171875,3056.800048828125,3061.699951171875,9374
2026-04-24 05:18:00+00:00,3056.0,3056.0,3057.800048828125,3055.10009765625,3057.199951171875,4014
2026-04-24 05:19:00+00:00,3055.800048828125,3055.800048828125,3057.0,3055.0,3056.5,3496
2026-04-24 05:20:00+00:00,3055.0,3055.0,3055.800048828125,3054.0,3055.800048828125,2304
2026-04-24 05:21:00+00:00,3057.0,3057.0,3059.10009765625,3054.10009765625,3055.0,9836
2026-04-24 05:22:00+00:00,3055.800048828125,3055.800048828125,3057.0,3055.0,3057.0,2427
2026-04-24 05:23:00+00:00,3055.699951171875,3055.699951171875,3057.0,3055.0,3055.800048828125,3810
2026-04-24 05:24:00+00:00,3056.89990234375,3056.89990234375,3057.89990234375,3054.699951171875,3055.0,4414
2026-04-24 05:25:00+00:00,3055.5,3055.5,3056.89990234375,3055.199951171875,3056.89990234375,1954
2026-04-24 05:26:00+00:00,3055.60009765625,3055.60009765625,3056.60009765625,3055.0,3056.60009765625,1687
2026-04-24 05:27:00+00:00,3051.89990234375,3051.89990234375,3055.60009765625,3051.89990234375,3055.60009765625,5201
2026-04-24 05:28:00+00:00,3052.300048828125,3052.300048828125,3052.699951171875,3050.5,3051.800048828125,7501
2026-04-24 05:29:00+00:00,3051.0,3051.0,3052.5,3051.0,3052.300048828125,1175
2026-04-24 05:30:00+00:00,3050.89990234375,3050.89990234375,3052.0,3050.10009765625,3052.0,1896
2026-04-24 05:31:00+00:00,3048.300048828125,3048.300048828125,3051.0,3048.300048828125,3050.5,3052
2026-04-24 05:32:00+00:00,3050.699951171875,3050.699951171875,3051.39990234375,3048.89990234375,3048.89990234375,4002
2026-04-24 05:33:00+00:00,3047.800048828125,3047.800048828125,3050.699951171875,3047.800048828125,3050.699951171875,6142
2026-04-24 05:34:00+00:00,3047.60009765625,3047.60009765625,3048.199951171875,3046.699951171875,3047.300048828125,4568
2026-04-24 05:35:00+00:00,3049.300048828125,3049.300048828125,3049.89990234375,3046.699951171875,3047.89990234375,4467
2026-04-24 05:36:00+00:00,3050.699951171875,3050.699951171875,3052.10009765625,3048.199951171875,3049.300048828125,19059
2026-04-24 05:37:00+00:00,3047.300048828125,3047.300048828125,3050.800048828125,3047.300048828125,3050.10009765625,4934
2026-04-24 05:38:00+00:00,3051.5,3051.5,3051.60009765625,3047.89990234375,3047.89990234375,3796
2026-04-24 05:39:00+00:00,3050.89990234375,3050.89990234375,3052.39990234375,3050.89990234375,3051.5,2795
2026-04-24 05:40:00+00:00,3050.0,3050.0,3051.0,3050.0,3050.89990234375,1179
2026-04-24 05:41:00+00:00,3048.39990234375,3048.39990234375,3051.0,3048.39990234375,3050.300048828125,4165
2026-04-24 05:42:00+00:00,3045.60009765625,3045.60009765625,3048.60009765625,3045.60009765625,3048.10009765625,17196
2026-04-24 05:43:00+00:00,3047.0,3047.0,3048.60009765625,3046.60009765625,3047.39990234375,10063
2026-04-24 05:44:00+00:00,3048.800048828125,3048.800048828125,3049.39990234375,3047.0,3047.89990234375,3345
2026-04-24 05:45:00+00:00,3047.0,3047.0,3048.800048828125,3046.699951171875,3048.800048828125,1604
2026-04-24 05:46:00+00:00,3047.5,3047.5,3049.39990234375,3046.89990234375,3047.10009765625,2205
2026-04-24 05:47:00+00:00,3047.10009765625,3047.10009765625,3047.5,3047.0,3047.5,1438
2026-04-24 05:48:00+00:00,3049.89990234375,3049.89990234375,3050.800048828125,3047.0,3047.10009765625,3602
2026-04-24 05:49:00+00:00,3050.199951171875,3050.199951171875,3052.199951171875,3049.199951171875,3049.60009765625,5527
2026-04-24 05:50:00+00:00,3053.0,3053.0,3053.0,3050.5,3051.10009765625,4324
2026-04-24 05:51:00+00:00,3054.39990234375,3054.39990234375,3054.60009765625,3051.0,3052.89990234375,5017
2026-04-24 05:52:00+00:00,3053.5,3053.5,3055.0,3052.199951171875,3054.39990234375,5104
2026-04-24 05:53:00+00:00,3051.0,3051.0,3053.39990234375,3050.699951171875,3053.39990234375,1842
2026-04-24 05:54:00+00:00,3051.0,3051.0,3051.39990234375,3050.300048828125,3051.0,1745
2026-04-24 05:55:00+00:00,3053.199951171875,3053.199951171875,3053.699951171875,3051.300048828125,3051.300048828125,3402
2026-04-24 05:56:00+00:00,3054.89990234375,3054.89990234375,3055.60009765625,3053.199951171875,3053.199951171875,4117
2026-04-24 05:57:00+00:00,3052.5,3052.5,3054.699951171875,3051.60009765625,3054.699951171875,2157
2026-04-24 05:58:00+00:00,3052.60009765625,3052.60009765625,3053.0,3052.0,3052.5,2069
2026-04-24 05:59:00+00:00,3051.199951171875,3051.199951171875,3052.5,3051.0,3052.5,1697
2026-04-24 06:00:00+00:00,3055.0,3055.0,3055.0,3051.0,3051.89990234375,3515
2026-04-24 06:01:00+00:00,3055.199951171875,3055.199951171875,3055.699951171875,3053.699951171875,3055.0,5191
2026-04-24 06:02:00+00:00,3061.300048828125,3061.300048828125,3061.300048828125,3055.0,3055.0,9988
2026-04-24 06:03:00+00:00,3062.0,3062.0,3062.0,3060.39990234375,3060.39990234375,3785
2026-04-24 06:04:00+00:00,3062.10009765625,3062.10009765625,3063.0,3060.5,3060.5,2600
2026-04-24 06:05:00+00:00,3063.39990234375,3063.39990234375,3064.699951171875,3061.60009765625,3062.10009765625,3860
2026-04-24 06:06:00+00:00,3064.800048828125,3064.800048828125,3066.0,3063.0,3063.39990234375,8173
2026-04-24 06:07:00+00:00,3064.0,3064.0,3064.800048828125,3062.800048828125,3064.800048828125,2848
2026-04-24 06:08:00+00:00,3063.300048828125,3063.300048828125,3064.39990234375,3062.199951171875,3064.0,2654
2026-04-24 06:09:00+00:00,3061.0,3061.0,3063.300048828125,3061.0,3063.300048828125,2180
2026-04-24 06:10:00+00:00,3062.0,3062.0,3063.89990234375,3061.10009765625,3061.60009765625,5873
2026-04-24 06:11:00+00:00,3062.300048828125,3062.300048828125,3063.5,3061.199951171875,3061.199951171875,2882
2026-04-24 06:12:00+00:00,3061.89990234375,3061.89990234375,3063.0,3061.5,3062.300048828125,2089
2026-04-24 06:13:00+00:00,3063.0,3063.0,3063.0,3061.89990234375,3062.89990234375,3324
2026-04-24 06:14:00+00:00,3062.800048828125,3062.800048828125,3063.39990234375,3061.5,3063.0,5522
2026-04-24 06:15:00+00:00,3060.10009765625,3060.10009765625,3063.199951171875,3060.0,3062.60009765625,5059
2026-04-24 06:16:00+00:00,3059.60009765625,3059.60009765625,3060.800048828125,3058.39990234375,3060.10009765625,4391
2026-04-24 06:17:00+00:00,3058.0,3058.0,3059.5,3056.0,3059.0,3453
2026-04-24 06:18:00+00:00,3059.0,3059.0,3059.199951171875,3057.0,3057.60009765625,2083
2026-04-24 06:19:00+00:00,3058.5,3058.5,3059.0,3057.5,3059.0,1863
2026-04-24 06:20:00+00:00,3055.0,3055.0,3058.5,3053.10009765625,3058.5,4683
2026-04-24 06:21:00+00:00,3055.0,3055.0,3055.89990234375,3054.0,3054.300048828125,4916
2026-04-24 06:22:00+00:00,3054.0,3054.0,3054.89990234375,3053.10009765625,3054.800048828125,2194
2026-04-24 06:23:00+00:00,3055.0,3055.0,3055.89990234375,3053.89990234375,3055.0,2668
2026-04-24 06:24:00+00:00,3056.699951171875,3056.699951171875,3057.10009765625,3054.10009765625,3054.89990234375,5887
2026-04-24 06:25:00+00:00,3056.89990234375,3056.89990234375,3058.0,3056.10009765625,3056.60009765625,3537
2026-04-24 06:26:00+00:00,3057.60009765625,3057.60009765625,3058.39990234375,3056.300048828125,3056.60009765625,1940
2026-04-24 06:27:00+00:00,3056.5,3056.5,3057.800048828125,3055.89990234375,3057.60009765625,1766
2026-04-24 06:28:00+00:00,3056.699951171875,3056.699951171875,3056.89990234375,3056.300048828125,3056.300048828125,2480
2026-04-24 06:29:00+00:00,3056.199951171875,3056.199951171875,3057.0,3056.0,3056.699951171875,1650
2026-04-24 06:30:00+00:00,3056.199951171875,3056.199951171875,3057.60009765625,3056.0,3057.60009765625,2119
2026-04-24 06:31:00+00:00,3055.199951171875,3055.199951171875,3056.199951171875,3055.0,3056.10009765625,1392
2026-04-24 06:32:00+00:00,3057.0,3057.0,3057.5,3055.199951171875,3055.199951171875,3963
2026-04-24 06:33:00+00:00,3058.5,3058.5,3058.5,3055.699951171875,3057.0,5079
2026-04-24 06:34:00+00:00,3061.89990234375,3061.89990234375,3062.0,3057.0,3058.0,9430
2026-04-24 06:35:00+00:00,3061.699951171875,3061.699951171875,3062.699951171875,3061.0,3061.800048828125,3731
2026-04-24 06:36:00+00:00,3060.699951171875,3060.699951171875,3062.199951171875,3060.699951171875,3061.0,3165
2026-04-24 06:37:00+00:00,3060.5,3060.5,3061.39990234375,3059.60009765625,3060.89990234375,5154
2026-04-24 06:38:00+00:00,3059.800048828125,3059.800048828125,3060.199951171875,3059.0,3060.199951171875,1261
2026-04-24 06:39:00+00:00,3060.0,3060.0,3060.0,3059.800048828125,3059.800048828125,1368
2026-04-24 06:40:00+00:00,3066.699951171875,3066.699951171875,3067.60009765625,3060.10009765625,3060.10009765625,18117
2026-04-24 06:41:00+00:00,3064.89990234375,3064.89990234375,3066.60009765625,3063.199951171875,3065.800048828125,5791
2026-04-24 06:42:00+00:00,3065.60009765625,3065.60009765625,3066.0,3063.300048828125,3065.300048828125,2488
2026-04-24 06:43:00+00:00,3066.0,3066.0,3068.0,3065.0,3065.89990234375,4873
2026-04-24 06:44:00+00:00,3066.800048828125,3066.800048828125,3066.89990234375,3066.0,3066.89990234375,1658
2026-04-24 06:45:00+00:00,3065.0,3065.0,3067.39990234375,3065.0,3066.60009765625,5852
2026-04-24 06:46:00+00:00,3062.300048828125,3062.300048828125,3064.0,3061.10009765625,3064.0,2738
2026-04-24 06:47:00+00:00,3063.60009765625,3063.60009765625,3065.300048828125,3061.300048828125,3061.300048828125,10051
2026-04-24 06:48:00+00:00,3061.699951171875,3061.699951171875,3063.800048828125,3060.5,3063.10009765625,2327
2026-04-24 06:49:00+00:00,3062.60009765625,3062.60009765625,3063.60009765625,3061.300048828125,3061.300048828125,1829
2026-04-24 06:50:00+00:00,3060.199951171875,3060.199951171875,3062.5,3058.699951171875,3062.300048828125,2460
2026-04-24 06:51:00+00:00,3056.300048828125,3056.300048828125,3060.199951171875,3055.10009765625,3060.0,6214
2026-04-24 06:52:00+00:00,3052.0,3052.0,3056.199951171875,3051.10009765625,3056.0,7451
2026-04-24 06:53:00+00:00,3050.39990234375,3050.39990234375,3051.89990234375,3050.10009765625,3051.89990234375,3511
2026-04-24 06:54:00+00:00,3052.699951171875,3052.699951171875,3054.699951171875,3049.39990234375,3050.39990234375,8502
2026-04-24 06:55:00+00:00,3048.89990234375,3048.89990234375,3052.39990234375,3048.0,3052.300048828125,5614
2026-04-24 06:56:00+00:00,3050.699951171875,3050.699951171875,3050.699951171875,3048.0,3048.89990234375,3983
2026-04-24 06:57:00+00:00,3051.199951171875,3051.199951171875,3052.699951171875,3049.699951171875,3050.300048828125,3493
2026-04-24 06:58:00+00:00,3050.89990234375,3050.89990234375,3052.39990234375,3050.0,3051.199951171875,1784
2026-04-24 06:59:00+00:00,3051.89990234375,3051.89990234375,3053.0,3050.60009765625,3051.60009765625,2001
2026-04-24 07:00:00+00:00,3051.0,3051.0,3052.0,3050.39990234375,3051.89990234375,1879
2026-04-24 07:01:00+00:00,3052.800048828125,3052.800048828125,3054.0,3051.0,3051.89990234375,3188
2026-04-24 07:02:00+00:00,3055.5,3055.5,3056.60009765625,3052.800048828125,3053.39990234375,7195
2026-04-24 07:03:00+00:00,3056.199951171875,3056.199951171875,3056.199951171875,3054.199951171875,3055.5,2409
2026-04-24 07:04:00+00:00,3054.699951171875,3054.699951171875,3056.199951171875,3054.10009765625,3056.199951171875,5539
2026-04-24 07:05:00+00:00,3052.60009765625,3052.60009765625,3054.60009765625,3051.60009765625,3054.0,4017
2026-04-24 07:06:00+00:00,3052.60009765625,3052.60009765625,3054.39990234375,3051.800048828125,3052.60009765625,6949
2026-04-24 07:07:00+00:00,3051.199951171875,3051.199951171875,3053.199951171875,3049.5,3052.60009765625,9199
2026-04-24 07:08:00+00:00,3050.39990234375,3050.39990234375,3052.5,3049.300048828125,3051.10009765625,6046
2026-04-24 07:09:00+00:00,3047.800048828125,3047.800048828125,3050.5,3046.60009765625,3050.5,6533
2026-04-24 07:10:00+00:00,3049.60009765625,3049.60009765625,3051.699951171875,3047.60009765625,3047.800048828125,8701
2026-04-24 07:11:00+00:00,3049.0,3049.0,3050.89990234375,3048.60009765625,3049.60009765625,4975
2026-04-24 07:12:00+00:00,3053.199951171875,3053.199951171875,3053.199951171875,3049.0,3049.89990234375,6239
2026-04-24 07:13:00+00:00,3050.60009765625,3050.60009765625,3053.199951171875,3050.199951171875,3053.199951171875,3361
2026-04-24 07:14:00+00:00,3050.89990234375,3050.89990234375,3051.699951171875,3050.10009765625,3050.60009765625,3065
2026-04-24 07:15:00+00:00,3052.89990234375,3052.89990234375,3052.89990234375,3050.0,3051.0,3363
2026-04-24 07:16:00+00:00,3053.89990234375,3053.89990234375,3054.10009765625,3052.0,3052.89990234375,4267
2026-04-24 07:17:00+00:00,3053.39990234375,3053.39990234375,3054.0,3052.39990234375,3054.0,1718
2026-04-24 07:18:00+00:00,3053.300048828125,3053.300048828125,3053.699951171875,3052.60009765625,3052.89990234375,2276
2026-04-24 07:19:00+00:00,3051.800048828125,3051.800048828125,3053.300048828125,3051.0,3053.199951171875,1882
2026-04-24 07:20:00+00:00,3053.5,3053.5,3054.699951171875,3051.10009765625,3051.5,3234
2026-04-24 07:21:00+00:00,3053.5,3053.5,3053.5,3051.199951171875,3053.5,2662
2026-04-24 07:22:00+00:00,3055.800048828125,3055.800048828125,3055.800048828125,3053.39990234375,3054.0,8360
2026-04-24 07:23:00+00:00,3055.0,3055.0,3057.89990234375,3055.0,3055.800048828125,4035
2026-04-24 07:24:00+00:00,3055.5,3055.5,3055.89990234375,3054.0,3055.5,2933
2026-04-24 07:25:00+00:00,3055.89990234375,3055.89990234375,3056.199951171875,3054.39990234375,3055.5,3587
2026-04-24 07:26:00+00:00,3055.800048828125,3055.800048828125,3055.800048828125,3054.10009765625,3055.5,1577
2026-04-24 07:27:00+00:00,3053.0,3053.0,3057.0,3052.39990234375,3055.800048828125,3124
2026-04-24 07:28:00+00:00,3052.699951171875,3052.699951171875,3052.89990234375,3051.199951171875,3052.699951171875,3325
2026-04-24 07:29:00+00:00,3054.5,3054.5,3055.60009765625,3052.0,3052.699951171875,2392
2026-04-24 07:30:00+00:00,3052.199951171875,3052.199951171875,3054.5,3051.89990234375,3054.5,1347
2026-04-24 07:31:00+00:00,3051.300048828125,3051.300048828125,3051.89990234375,3050.60009765625,3051.89990234375,1154
2026-04-24 07:32:00+00:00,3050.89990234375,3050.89990234375,3052.10009765625,3050.10009765625,3051.300048828125,1996
2026-04-24 07:33:00+00:00,3049.199951171875,3049.199951171875,3050.89990234375,3048.800048828125,3050.5,3417
2026-04-24 07:34:00+00:00,3048.60009765625,3048.60009765625,3049.89990234375,3048.0,3049.199951171875,6965
2026-04-24 07:35:00+00:00,3049.60009765625,3049.60009765625,3049.89990234375,3048.199951171875,3048.60009765625,1888
2026-04-24 07:36:00+00:00,3049.699951171875,3049.699951171875,3049.699951171875,3049.0,3049.300048828125,1748
2026-04-24 07:37:00+00:00,3050.0,3050.0,3051.199951171875,3049.89990234375,3049.89990234375,3271
2026-04-24 07:38:00+00:00,3050.10009765625,3050.10009765625,3050.800048828125,3049.60009765625,3050.800048828125,1269
2026-04-24 07:39:00+00:00,3049.800048828125,3049.800048828125,3050.199951171875,3048.800048828125,3050.10009765625,1996
2026-04-24 07:40:00+00:00,3048.800048828125,3048.800048828125,3049.199951171875,3048.5,3049.199951171875,1759
2026-04-24 07:41:00+00:00,3049.60009765625,3049.60009765625,3050.800048828125,3048.5,3048.5,4777
2026-04-24 07:42:00+00:00,3048.300048828125,3048.300048828125,3049.60009765625,3048.199951171875,3049.60009765625,2199
2026-04-24 07:43:00+00:00,3047.60009765625,3047.60009765625,3048.300048828125,3047.0,3048.300048828125,2431
2026-04-24 07:44:00+00:00,3047.800048828125,3047.800048828125,3047.800048828125,3045.699951171875,3047.5,3915
2026-04-24 07:45:00+00:00,3048.60009765625,3048.60009765625,3048.800048828125,3045.699951171875,3047.89990234375,4852
2026-04-24 07:46:00+00:00,3048.0,3048.0,3048.60009765625,3046.800048828125,3048.60009765625,1368
2026-04-24 07:47:00+00:00,3049.39990234375,3049.39990234375,3049.39990234375,3047.199951171875,3047.89990234375,3086
2026-04-24 07:48:00+00:00,3052.10009765625,3052.10009765625,3052.89990234375,3049.39990234375,3049.39990234375,4623
2026-04-24 07:49:00+00:00,3050.800048828125,3050.800048828125,3052.10009765625,3049.0,3051.5,3471
2026-04-24 07:50:00+00:00,3052.0,3052.0,3052.39990234375,3050.800048828125,3050.800048828125,1538
2026-04-24 07:51:00+00:00,3049.89990234375,3049.89990234375,3052.0,3049.199951171875,3052.0,3390
2026-04-24 07:52:00+00:00,3054.199951171875,3054.199951171875,3054.89990234375,3048.800048828125,3049.5,13807
2026-04-24 07:53:00+00:00,3053.39990234375,3053.39990234375,3055.0,3053.0,3054.10009765625,2274
2026-04-24 07:54:00+00:00,3053.39990234375,3053.39990234375,3054.39990234375,3053.0,3054.39990234375,1142
2026-04-24 07:55:00+00:00,3052.800048828125,3052.800048828125,3053.39990234375,3052.0,3053.199951171875,1798
2026-04-24 07:56:00+00:00,3053.0,3053.0,3053.0,3052.0,3052.800048828125,1295
2026-04-24 07:57:00+00:00,3051.39990234375,3051.39990234375,3053.0,3050.300048828125,3052.800048828125,2091
2026-04-24 07:58:00+00:00,3047.800048828125,3047.800048828125,3051.5,3047.800048828125,3051.39990234375,3525
2026-04-24 07:59:00+00:00,3047.0,3047.0,3047.89990234375,3045.300048828125,3047.800048828125,3043
2026-04-24 08:00:00+00:00,3045.89990234375,3045.89990234375,3048.39990234375,3045.60009765625,3046.89990234375,6311
2026-04-24 08:01:00+00:00,3045.60009765625,3045.60009765625,3049.800048828125,3045.60009765625,3045.89990234375,14257
2026-04-24 08:02:00+00:00,3045.60009765625,3045.60009765625,3046.300048828125,3045.0,3046.300048828125,3554
2026-04-24 08:03:00+00:00,3046.800048828125,3046.800048828125,3047.800048828125,3045.300048828125,3045.60009765625,4809
2026-04-24 08:04:00+00:00,3045.0,3045.0,3046.5,3044.199951171875,3046.39990234375,2415
2026-04-24 08:05:00+00:00,3044.0,3044.0,3045.0,3043.39990234375,3044.300048828125,2560
2026-04-24 08:06:00+00:00,3043.199951171875,3043.199951171875,3044.0,3041.60009765625,3043.699951171875,8827
2026-04-24 08:07:00+00:00,3042.0,3042.0,3043.0,3041.5,3043.0,2276
2026-04-24 08:08:00+00:00,3042.300048828125,3042.300048828125,3043.0,3040.60009765625,3042.0,8407
2026-04-24 08:09:00+00:00,3042.60009765625,3042.60009765625,3043.0,3041.89990234375,3042.300048828125,1811
2026-04-24 08:10:00+00:00,3042.199951171875,3042.199951171875,3042.60009765625,3041.699951171875,3042.60009765625,1855
2026-04-24 08:11:00+00:00,3043.89990234375,3043.89990234375,3044.699951171875,3042.199951171875,3042.199951171875,5297
2026-04-24 08:12:00+00:00,3043.800048828125,3043.800048828125,3044.0,3042.10009765625,3043.0,3567
2026-04-24 08:13:00+00:00,3043.5,3043.5,3044.0,3043.0,3043.800048828125,1831
2026-04-24 08:14:00+00:00,3043.60009765625,3043.60009765625,3044.5,3042.699951171875,3043.300048828125,4602
2026-04-24 08:15:00+00:00,3046.89990234375,3046.89990234375,3048.60009765625,3044.10009765625,3044.300048828125,8334
2026-04-24 08:16:00+00:00,3048.5,3048.5,3049.10009765625,3046.89990234375,3046.89990234375,4004
2026-04-24 08:17:00+00:00,3047.699951171875,3047.699951171875,3048.199951171875,3046.199951171875,3048.199951171875,2005
2026-04-24 08:18:00+00:00,3046.800048828125,3046.800048828125,3047.800048828125,3046.0,3047.800048828125,3302
2026-04-24 08:19:00+00:00,3046.800048828125,3046.800048828125,3047.60009765625,3046.0,3046.0,2487
2026-04-24 08:20:00+00:00,3047.89990234375,3047.89990234375,3048.199951171875,3046.199951171875,3046.300048828125,3673
2026-04-24 08:21:00+00:00,3047.699951171875,3047.699951171875,3049.89990234375,3047.300048828125,3047.89990234375,3545
2026-04-24 08:22:00+00:00,3047.699951171875,3047.699951171875,3048.800048828125,3047.300048828125,3048.0,2616
2026-04-24 08:23:00+00:00,3047.699951171875,3047.699951171875,3048.39990234375,3047.199951171875,3048.300048828125,2448
2026-04-24 08:24:00+00:00,3047.5,3047.5,3048.0,3046.60009765625,3047.10009765625,2593
2026-04-24 08:25:00+00:00,3048.10009765625,3048.10009765625,3048.10009765625,3046.39990234375,3047.5,3305
2026-04-24 08:26:00+00:00,3048.89990234375,3048.89990234375,3049.800048828125,3047.60009765625,3048.10009765625,3704
2026-04-24 08:27:00+00:00,3048.199951171875,3048.199951171875,3048.89990234375,3047.199951171875,3048.89990234375,3816
2026-04-24 08:28:00+00:00,3049.300048828125,3049.300048828125,3049.300048828125,3048.10009765625,3048.199951171875,2831
2026-04-24 08:29:00+00:00,3048.39990234375,3048.39990234375,3049.300048828125,3048.39990234375,3049.300048828125,2587
2026-04-24 08:30:00+00:00,3049.89990234375,3049.89990234375,3050.800048828125,3048.10009765625,3048.800048828125,6469
2026-04-24 08:31:00+00:00,3049.800048828125,3049.800048828125,3050.39990234375,3048.699951171875,3049.199951171875,2848
2026-04-24 08:32:00+00:00,3048.5,3048.5,3049.300048828125,3048.10009765625,3048.60009765625,2101
2026-04-24 08:33:00+00:00,3048.800048828125,3048.800048828125,3049.699951171875,3048.5,3048.5,2378
2026-04-24 08:34:00+00:00,3047.89990234375,3047.89990234375,3048.5,3047.89990234375,3048.5,3206
2026-04-24 08:35:00+00:00,3048.199951171875,3048.199951171875,3048.5,3047.699951171875,3047.89990234375,5383
2026-04-24 08:36:00+00:00,3046.0,3046.0,3048.199951171875,3046.0,3048.199951171875,5529
2026-04-24 08:37:00+00:00,3045.89990234375,3045.89990234375,3046.60009765625,3044.10009765625,3045.10009765625,3784
2026-04-24 08:38:00+00:00,3045.5,3045.5,3046.0,3044.60009765625,3045.0,1424
2026-04-24 08:39:00+00:00,3045.60009765625,3045.60009765625,3047.0,3045.5,3045.5,3484
2026-04-24 08:40:00+00:00,3045.199951171875,3045.199951171875,3045.89990234375,3044.10009765625,3045.89990234375,2636
2026-04-24 08:41:00+00:00,3043.89990234375,3043.89990234375,3045.199951171875,3042.10009765625,3045.199951171875,5152
2026-04-24 08:42:00+00:00,3043.89990234375,3043.89990234375,3044.39990234375,3042.0,3043.89990234375,5300
2026-04-24 08:43:00+00:00,3043.10009765625,3043.10009765625,3043.89990234375,3043.0,3043.89990234375,1931
2026-04-24 08:44:00+00:00,3043.699951171875,3043.699951171875,3044.10009765625,3043.10009765625,3043.10009765625,2458
2026-04-24 08:45:00+00:00,3043.199951171875,3043.199951171875,3044.0,3043.199951171875,3043.699951171875,3889
2026-04-24 08:46:00+00:00,3048.5,3048.5,3048.89990234375,3044.0,3044.60009765625,6252
2026-04-24 08:47:00+00:00,3048.39990234375,3048.39990234375,3048.39990234375,3047.0,3047.300048828125,3641
2026-04-24 08:48:00+00:00,3047.10009765625,3047.10009765625,3049.0,3045.60009765625,3048.0,3443
2026-04-24 08:49:00+00:00,3049.89990234375,3049.89990234375,3050.0,3046.5,3047.5,4950
2026-04-24 08:50:00+00:00,3049.89990234375,3049.89990234375,3050.699951171875,3048.60009765625,3049.60009765625,4137
2026-04-24 08:51:00+00:00,3049.800048828125,3049.800048828125,3052.10009765625,3048.699951171875,3050.699951171875,9344
2026-04-24 08:52:00+00:00,3050.0,3050.0,3051.0,3049.300048828125,3049.800048828125,2220
2026-04-24 08:53:00+00:00,3048.5,3048.5,3049.39990234375,3048.300048828125,3049.39990234375,2146
2026-04-24 08:54:00+00:00,3045.60009765625,3045.60009765625,3049.0,3045.60009765625,3049.0,2381
2026-04-24 08:55:00+00:00,3047.0,3047.0,3048.0,3045.800048828125,3046.10009765625,2265
2026-04-24 08:56:00+00:00,3049.89990234375,3049.89990234375,3049.89990234375,3046.89990234375,3046.89990234375,1988
2026-04-24 08:57:00+00:00,3049.300048828125,3049.300048828125,3049.89990234375,3045.800048828125,3049.199951171875,5212
2026-04-24 08:58:00+00:00,3048.39990234375,3048.39990234375,3049.10009765625,3047.10009765625,3049.10009765625,3064
2026-04-24 08:59:00+00:00,3048.60009765625,3048.60009765625,3050.0,3048.5,3048.5,4328
2026-04-24 09:00:00+00:00,3051.199951171875,3051.199951171875,3052.5,3048.5,3049.199951171875,11642
2026-04-24 09:01:00+00:00,3051.89990234375,3051.89990234375,3052.0,3049.800048828125,3051.199951171875,7253
2026-04-24 09:02:00+00:00,3049.300048828125,3049.300048828125,3052.800048828125,3048.10009765625,3052.699951171875,11285
2026-04-24 09:03:00+00:00,3049.199951171875,3049.199951171875,3050.0,3048.10009765625,3049.300048828125,4017
2026-04-24 09:04:00+00:00,3047.699951171875,3047.699951171875,3049.300048828125,3047.39990234375,3049.199951171875,6373
2026-04-24 09:05:00+00:00,3049.0,3049.0,3049.0,3047.800048828125,3048.60009765625,2813
2026-04-24 09:06:00+00:00,3050.0,3050.0,3050.800048828125,3048.0,3048.800048828125,4243
2026-04-24 09:07:00+00:00,3046.5,3046.5,3049.800048828125,3045.60009765625,3048.800048828125,6992
2026-04-24 09:08:00+00:00,3045.0,3045.0,3046.39990234375,3043.89990234375,3046.39990234375,4730
2026-04-24 09:09:00+00:00,3045.0,3045.0,3045.60009765625,3043.0,3044.60009765625,3339
2026-04-24 09:10:00+00:00,3046.0,3046.0,3047.39990234375,3043.699951171875,3045.0,5348
2026-04-24 09:11:00+00:00,3043.39990234375,3043.39990234375,3046.699951171875,3043.199951171875,3046.0,3572
2026-04-24 09:12:00+00:00,3042.300048828125,3042.300048828125,3046.10009765625,3042.0,3043.39990234375,7489
2026-04-24 09:13:00+00:00,3043.300048828125,3043.300048828125,3043.89990234375,3040.10009765625,3042.800048828125,6236
2026-04-24 09:14:00+00:00,3041.800048828125,3041.800048828125,3042.89990234375,3040.699951171875,3042.0,2444
2026-04-24 09:15:00+00:00,3041.10009765625,3041.10009765625,3041.800048828125,3040.10009765625,3041.800048828125,2930
2026-04-24 09:16:00+00:00,3038.300048828125,3038.300048828125,3040.60009765625,3038.300048828125,3040.60009765625,17165
2026-04-24 09:17:00+00:00,3041.10009765625,3041.10009765625,3043.10009765625,3038.699951171875,3038.699951171875,12979
2026-04-24 09:18:00+00:00,3043.0,3043.0,3043.0,3040.0,3041.699951171875,7104
2026-04-24 09:19:00+00:00,3044.699951171875,3044.699951171875,3044.699951171875,3042.300048828125,3043.0,6157
2026-04-24 09:20:00+00:00,3042.39990234375,3042.39990234375,3045.300048828125,3041.39990234375,3045.300048828125,5886
2026-04-24 09:21:00+00:00,3044.10009765625,3044.10009765625,3044.10009765625,3041.89990234375,3042.39990234375,3739
2026-04-24 09:22:00+00:00,3041.199951171875,3041.199951171875,3044.800048828125,3039.5,3043.89990234375,6817
2026-04-24 09:23:00+00:00,3042.300048828125,3042.300048828125,3044.0,3040.699951171875,3040.699951171875,4834
2026-04-24 09:24:00+00:00,3042.199951171875,3042.199951171875,3043.5,3040.10009765625,3043.300048828125,6618
2026-04-24 09:25:00+00:00,3043.39990234375,3043.39990234375,3045.10009765625,3041.699951171875,3043.800048828125,16109
2026-04-24 09:26:00+00:00,3042.300048828125,3042.300048828125,3044.300048828125,3041.0,3043.300048828125,3514
2026-04-24 09:27:00+00:00,3041.699951171875,3041.699951171875,3042.300048828125,3041.0,3042.300048828125,2715
2026-04-24 09:28:00+00:00,3043.0,3043.0,3043.89990234375,3041.199951171875,3041.699951171875,4769
2026-04-24 09:29:00+00:00,3042.89990234375,3042.89990234375,3043.199951171875,3041.300048828125,3043.0,5427
2026-04-24 09:30:00+00:00,3040.60009765625,3040.60009765625,3040.89990234375,3039.39990234375,3040.89990234375,10411
2026-04-24 09:31:00+00:00,3039.0,3039.0,3040.300048828125,3038.699951171875,3040.300048828125,7595
2026-04-24 09:32:00+00:00,3039.199951171875,3039.199951171875,3039.300048828125,3038.699951171875,3038.89990234375,8097
2026-04-24 09:33:00+00:00,3038.0,3038.0,3039.39990234375,3038.0,3039.199951171875,9731
2026-04-24 09:34:00+00:00,3037.39990234375,3037.39990234375,3038.199951171875,3036.199951171875,3037.60009765625,14743
2026-04-24 09:35:00+00:00,3036.300048828125,3036.300048828125,3037.10009765625,3036.10009765625,3036.10009765625,5577
2026-04-24 09:36:00+00:00,3037.60009765625,3037.60009765625,3037.800048828125,3036.0,3036.300048828125,9231
2026-04-24 09:37:00+00:00,3036.0,3036.0,3037.0,3036.0,3036.300048828125,6552
2026-04-24 09:38:00+00:00,3035.699951171875,3035.699951171875,3036.5,3035.699951171875,3036.39990234375,5894
2026-04-24 09:39:00+00:00,3037.300048828125,3037.300048828125,3038.800048828125,3035.699951171875,3035.699951171875,14096
2026-04-24 09:40:00+00:00,3035.699951171875,3035.699951171875,3038.800048828125,3035.0,3037.300048828125,11572
2026-04-24 09:41:00+00:00,3035.699951171875,3035.699951171875,3037.39990234375,3035.5,3035.5,9560
2026-04-24 09:42:00+00:00,3035.39990234375,3035.39990234375,3036.5,3035.10009765625,3035.800048828125,6048
2026-04-24 09:43:00+00:00,3035.89990234375,3035.89990234375,3036.89990234375,3035.199951171875,3035.199951171875,6740
2026-04-24 09:44:00+00:00,3037.300048828125,3037.300048828125,3037.300048828125,3035.5,3036.0,13833
2026-04-24 09:45:00+00:00,3037.89990234375,3037.89990234375,3038.89990234375,3037.300048828125,3037.300048828125,11029
2026-04-24 09:46:00+00:00,3039.10009765625,3039.10009765625,3039.10009765625,3037.0,3038.0,9846
2026-04-24 09:47:00+00:00,3041.60009765625,3041.60009765625,3042.10009765625,3038.699951171875,3038.699951171875,10191
2026-04-24 09:48:00+00:00,3039.89990234375,3039.89990234375,3042.10009765625,3038.800048828125,3041.60009765625,9817
2026-04-24 09:49:00+00:00,3041.699951171875,3041.699951171875,3041.800048828125,3038.89990234375,3039.800048828125,16291
2026-04-24 09:50:00+00:00,3041.0,3041.0,3041.800048828125,3040.800048828125,3041.699951171875,8594
2026-04-24 09:51:00+00:00,3038.5,3038.5,3041.0,3038.5,3041.0,14358
2026-04-24 09:52:00+00:00,3037.60009765625,3037.60009765625,3039.0,3036.800048828125,3036.800048828125,14403
2026-04-24 09:53:00+00:00,3037.89990234375,3037.89990234375,3038.5,3037.0,3038.5,6325
2026-04-24 09:54:00+00:00,3037.89990234375,3037.89990234375,3039.0,3036.5,3037.0,12848
2026-04-24 09:55:00+00:00,3039.89990234375,3039.89990234375,3039.89990234375,3036.300048828125,3037.89990234375,14999
2026-04-24 09:56:00+00:00,3040.0,3040.0,3040.0,3038.39990234375,3039.89990234375,7175
2026-04-24 09:57:00+00:00,3040.0,3040.0,3042.0,3040.0,3040.10009765625,8177
2026-04-24 09:58:00+00:00,3039.89990234375,3039.89990234375,3040.60009765625,3037.60009765625,3040.0,15896
2026-04-24 09:59:00+00:00,3040.0,3040.0,3041.0,3038.0,3039.89990234375,5527
2026-04-27 03:45:00+00:00,3073.39990234375,3073.39990234375,3083.5,3060.10009765625,3060.10009765625,0
2026-04-27 03:46:00+00:00,3081.0,3081.0,3081.60009765625,3072.89990234375,3073.60009765625,23088
2026-04-27 03:47:00+00:00,3067.10009765625,3067.10009765625,3081.39990234375,3067.0,3081.39990234375,15026
2026-04-27 03:48:00+00:00,3071.10009765625,3071.10009765625,3073.800048828125,3066.199951171875,3066.199951171875,14074
2026-04-27 03:49:00+00:00,3072.300048828125,3072.300048828125,3074.39990234375,3069.199951171875,3070.89990234375,10744
2026-04-27 03:50:00+00:00,3074.199951171875,3074.199951171875,3074.699951171875,3070.300048828125,3072.0,7215
2026-04-27 03:51:00+00:00,3082.300048828125,3082.300048828125,3083.5,3074.60009765625,3074.60009765625,11078
2026-04-27 03:52:00+00:00,3080.0,3080.0,3084.5,3080.0,3082.300048828125,7021
2026-04-27 03:53:00+00:00,3085.199951171875,3085.199951171875,3087.60009765625,3081.300048828125,3081.5,16687
2026-04-27 03:54:00+00:00,3085.300048828125,3085.300048828125,3086.60009765625,3083.10009765625,3083.60009765625,8539
2026-04-27 03:55:00+00:00,3085.10009765625,3085.10009765625,3085.89990234375,3084.0,3085.300048828125,7491
2026-04-27 03:56:00+00:00,3087.699951171875,3087.699951171875,3089.10009765625,3087.699951171875,3088.199951171875,13419
2026-04-27 03:57:00+00:00,3089.800048828125,3089.800048828125,3091.0,3086.800048828125,3087.0,13048
2026-04-27 03:58:00+00:00,3088.800048828125,3088.800048828125,3090.0,3087.5,3090.0,5330
2026-04-27 03:59:00+00:00,3085.5,3085.5,3089.0,3085.5,3089.0,5717
2026-04-27 04:00:00+00:00,3088.60009765625,3088.60009765625,3089.5,3086.39990234375,3087.0,10173
2026-04-27 04:01:00+00:00,3088.39990234375,3088.39990234375,3088.60009765625,3087.39990234375,3088.60009765625,4832
2026-04-27 04:02:00+00:00,3085.800048828125,3085.800048828125,3088.199951171875,3084.5,3088.199951171875,11939
2026-04-27 04:03:00+00:00,3083.0,3083.0,3084.199951171875,3083.0,3084.0,10744
2026-04-27 04:04:00+00:00,3081.0,3081.0,3085.699951171875,3081.0,3084.5,14070
2026-04-27 04:05:00+00:00,3079.199951171875,3079.199951171875,3081.300048828125,3077.5,3081.300048828125,10594
2026-04-27 04:06:00+00:00,3082.800048828125,3082.800048828125,3083.10009765625,3081.60009765625,3081.60009765625,8588
2026-04-27 04:07:00+00:00,3076.60009765625,3076.60009765625,3082.10009765625,3076.300048828125,3082.10009765625,6019
2026-04-27 04:08:00+00:00,3077.10009765625,3077.10009765625,3077.60009765625,3075.60009765625,3077.10009765625,5585
2026-04-27 04:09:00+00:00,3076.699951171875,3076.699951171875,3078.800048828125,3076.699951171875,3076.89990234375,2934
2026-04-27 04:10:00+00:00,3081.800048828125,3081.800048828125,3081.89990234375,3078.10009765625,3078.10009765625,6589
2026-04-27 04:11:00+00:00,3083.0,3083.0,3091.199951171875,3081.5,3082.199951171875,22414
2026-04-27 04:12:00+00:00,3084.10009765625,3084.10009765625,3085.39990234375,3082.39990234375,3083.0,4151
2026-04-27 04:13:00+00:00,3086.0,3086.0,3087.300048828125,3083.0,3083.800048828125,6309
2026-04-27 04:14:00+00:00,3088.10009765625,3088.10009765625,3088.10009765625,3086.60009765625,3087.300048828125,3002
2026-04-27 04:15:00+00:00,3092.0,3092.0,3092.0,3090.0,3090.300048828125,6094
2026-04-27 04:16:00+00:00,3092.699951171875,3092.699951171875,3093.800048828125,3092.300048828125,3093.0,4963
2026-04-27 04:17:00+00:00,3091.199951171875,3091.199951171875,3092.800048828125,3090.39990234375,3092.800048828125,2966
2026-04-27 04:18:00+00:00,3089.699951171875,3089.699951171875,3092.0,3089.5,3091.199951171875,7732
2026-04-27 04:19:00+00:00,3090.699951171875,3090.699951171875,3091.800048828125,3090.10009765625,3090.199951171875,3373
2026-04-27 04:20:00+00:00,3091.5,3091.5,3091.5,3090.0,3091.39990234375,3011
2026-04-27 04:21:00+00:00,3089.5,3089.5,3091.0,3089.5,3091.0,3251
2026-04-27 04:22:00+00:00,3089.60009765625,3089.60009765625,3090.89990234375,3089.60009765625,3090.89990234375,4335
2026-04-27 04:23:00+00:00,3089.0,3089.0,3089.89990234375,3088.800048828125,3089.300048828125,3129
2026-04-27 04:24:00+00:00,3090.89990234375,3090.89990234375,3090.89990234375,3089.10009765625,3089.10009765625,2213
2026-04-27 04:25:00+00:00,3089.39990234375,3089.39990234375,3090.39990234375,3089.39990234375,3090.39990234375,2633
2026-04-27 04:26:00+00:00,3087.199951171875,3087.199951171875,3090.0,3083.39990234375,3090.0,4661
2026-04-27 04:27:00+00:00,3084.0,3084.0,3086.10009765625,3083.800048828125,3086.10009765625,1909
2026-04-27 04:28:00+00:00,3089.699951171875,3089.699951171875,3089.89990234375,3083.0,3083.800048828125,4247
2026-04-27 04:29:00+00:00,3084.0,3084.0,3090.199951171875,3084.0,3088.699951171875,7033
2026-04-27 04:30:00+00:00,3084.10009765625,3084.10009765625,3084.89990234375,3082.60009765625,3083.699951171875,3677
2026-04-27 04:31:00+00:00,3084.89990234375,3084.89990234375,3085.39990234375,3083.10009765625,3084.10009765625,3069
2026-04-27 04:32:00+00:00,3087.89990234375,3087.89990234375,3087.89990234375,3084.0,3085.199951171875,4623
2026-04-27 04:33:00+00:00,3087.800048828125,3087.800048828125,3088.60009765625,3086.300048828125,3087.300048828125,4002
2026-04-27 04:34:00+00:00,3084.0,3084.0,3088.60009765625,3083.699951171875,3087.800048828125,4718
2026-04-27 04:35:00+00:00,3084.10009765625,3084.10009765625,3084.89990234375,3079.5,3083.5,7042
2026-04-27 04:36:00+00:00,3085.0,3085.0,3085.0,3082.800048828125,3084.10009765625,2695
2026-04-27 04:37:00+00:00,3087.800048828125,3087.800048828125,3087.800048828125,3084.699951171875,3085.0,3797
2026-04-27 04:38:00+00:00,3086.699951171875,3086.699951171875,3089.10009765625,3086.699951171875,3087.800048828125,2575
2026-04-27 04:39:00+00:00,3087.10009765625,3087.10009765625,3087.699951171875,3086.39990234375,3086.699951171875,2451
2026-04-27 04:40:00+00:00,3088.60009765625,3088.60009765625,3088.60009765625,3086.5,3087.10009765625,4312
2026-04-27 04:41:00+00:00,3087.300048828125,3087.300048828125,3089.699951171875,3086.89990234375,3089.0,5746
2026-04-27 04:42:00+00:00,3087.10009765625,3087.10009765625,3088.60009765625,3087.0,3087.0,3444
2026-04-27 04:43:00+00:00,3084.39990234375,3084.39990234375,3087.199951171875,3084.39990234375,3086.60009765625,3592
2026-04-27 04:44:00+00:00,3084.0,3084.0,3085.89990234375,3083.60009765625,3084.10009765625,3734
2026-04-27 04:45:00+00:00,3090.199951171875,3090.199951171875,3090.89990234375,3084.0,3084.0,7455
2026-04-27 04:46:00+00:00,3093.800048828125,3093.800048828125,3094.39990234375,3090.10009765625,3091.0,13907
2026-04-27 04:47:00+00:00,3092.39990234375,3092.39990234375,3095.60009765625,3092.39990234375,3093.89990234375,9556
2026-04-27 04:48:00+00:00,3091.5,3091.5,3093.60009765625,3091.0,3093.39990234375,5045
2026-04-27 04:49:00+00:00,3092.800048828125,3092.800048828125,3093.5,3090.89990234375,3091.699951171875,6782
2026-04-27 04:50:00+00:00,3091.300048828125,3091.300048828125,3094.39990234375,3091.300048828125,3092.800048828125,3806
2026-04-27 04:51:00+00:00,3087.800048828125,3087.800048828125,3091.60009765625,3087.0,3091.5,3702
2026-04-27 04:52:00+00:00,3088.0,3088.0,3089.300048828125,3086.0,3087.0,3546
2026-04-27 04:53:00+00:00,3085.300048828125,3085.300048828125,3088.89990234375,3085.300048828125,3088.300048828125,5724
2026-04-27 04:54:00+00:00,3086.199951171875,3086.199951171875,3087.699951171875,3086.0,3086.0,3209
2026-04-27 04:55:00+00:00,3083.800048828125,3083.800048828125,3086.199951171875,3081.39990234375,3085.39990234375,5999
2026-04-27 04:56:00+00:00,3082.39990234375,3082.39990234375,3083.60009765625,3079.800048828125,3083.0,5172
2026-04-27 04:57:00+00:00,3081.300048828125,3081.300048828125,3082.10009765625,3080.300048828125,3082.10009765625,1786
2026-04-27 04:58:00+00:00,3083.89990234375,3083.89990234375,3083.89990234375,3081.0,3081.0,2854
2026-04-27 04:59:00+00:00,3083.5,3083.5,3084.89990234375,3083.10009765625,3084.0,2376
2026-04-27 05:00:00+00:00,3081.800048828125,3081.800048828125,3083.800048828125,3081.0,3083.800048828125,3903
2026-04-27 05:01:00+00:00,3077.5,3077.5,3081.10009765625,3077.0,3080.89990234375,6522
2026-04-27 05:02:00+00:00,3078.0,3078.0,3078.300048828125,3076.800048828125,3077.89990234375,4089
2026-04-27 05:03:00+00:00,3075.699951171875,3075.699951171875,3078.0,3074.89990234375,3078.0,5753
2026-04-27 05:04:00+00:00,3076.300048828125,3076.300048828125,3076.39990234375,3075.300048828125,3075.39990234375,2671
2026-04-27 05:05:00+00:00,3076.10009765625,3076.10009765625,3076.699951171875,3075.10009765625,3076.300048828125,3562
2026-04-27 05:06:00+00:00,3076.5,3076.5,3077.5,3075.89990234375,3076.10009765625,2503
2026-04-27 05:07:00+00:00,3075.300048828125,3075.300048828125,3077.800048828125,3075.0,3077.5,3411
2026-04-27 05:08:00+00:00,3078.699951171875,3078.699951171875,3079.10009765625,3075.300048828125,3075.300048828125,4093
2026-04-27 05:09:00+00:00,3077.0,3077.0,3078.800048828125,3076.699951171875,3078.0,2451
2026-04-27 05:10:00+00:00,3077.89990234375,3077.89990234375,3078.199951171875,3076.60009765625,3077.0,2094
2026-04-27 05:11:00+00:00,3080.0,3080.0,3080.300048828125,3077.5,3078.699951171875,3855
2026-04-27 05:12:00+00:00,3080.300048828125,3080.300048828125,3081.0,3079.0,3079.5,2639
2026-04-27 05:13:00+00:00,3081.800048828125,3081.800048828125,3082.10009765625,3079.39990234375,3080.199951171875,3769
2026-04-27 05:14:00+00:00,3080.699951171875,3080.699951171875,3081.800048828125,3079.60009765625,3081.800048828125,2867
2026-04-27 05:15:00+00:00,3080.0,3080.0,3081.10009765625,3079.60009765625,3080.10009765625,2735
2026-04-27 05:16:00+00:00,3080.39990234375,3080.39990234375,3080.39990234375,3078.300048828125,3079.800048828125,3483
2026-04-27 05:17:00+00:00,3085.0,3085.0,3085.0,3081.0,3081.699951171875,5414
2026-04-27 05:18:00+00:00,3084.5,3084.5,3085.699951171875,3083.5,3083.699951171875,3500
2026-04-27 05:19:00+00:00,3086.800048828125,3086.800048828125,3087.300048828125,3084.10009765625,3084.39990234375,2208
2026-04-27 05:20:00+00:00,3087.300048828125,3087.300048828125,3087.300048828125,3085.699951171875,3086.199951171875,6201
2026-04-27 05:21:00+00:00,3086.800048828125,3086.800048828125,3087.300048828125,3086.5,3087.300048828125,1607
2026-04-27 05:22:00+00:00,3088.300048828125,3088.300048828125,3088.300048828125,3086.60009765625,3086.60009765625,1828
2026-04-27 05:23:00+00:00,3087.199951171875,3087.199951171875,3088.300048828125,3086.39990234375,3088.300048828125,2364
2026-04-27 05:24:00+00:00,3086.0,3086.0,3087.699951171875,3086.0,3087.0,1907
2026-04-27 05:25:00+00:00,3084.0,3084.0,3086.800048828125,3084.0,3086.5,1726
2026-04-27 05:26:00+00:00,3083.800048828125,3083.800048828125,3084.699951171875,3083.0,3084.0,2466
2026-04-27 05:27:00+00:00,3084.699951171875,3084.699951171875,3084.699951171875,3082.5,3083.89990234375,2617
2026-04-27 05:28:00+00:00,3084.39990234375,3084.39990234375,3085.39990234375,3084.10009765625,3084.699951171875,1479
2026-04-27 05:29:00+00:00,3084.10009765625,3084.10009765625,3084.699951171875,3084.0,3084.699951171875,2070
2026-04-27 05:30:00+00:00,3083.199951171875,3083.199951171875,3084.10009765625,3082.10009765625,3084.10009765625,1945
2026-04-27 05:31:00+00:00,3082.300048828125,3082.300048828125,3083.5,3082.0,3083.5,1867
2026-04-27 05:32:00+00:00,3080.89990234375,3080.89990234375,3082.800048828125,3080.89990234375,3082.300048828125,2357
2026-04-27 05:33:00+00:00,3081.800048828125,3081.800048828125,3082.0,3080.699951171875,3080.699951171875,1383
2026-04-27 05:34:00+00:00,3081.39990234375,3081.39990234375,3083.89990234375,3081.39990234375,3083.0,2486
2026-04-27 05:35:00+00:00,3081.39990234375,3081.39990234375,3082.0,3081.300048828125,3081.300048828125,1694
2026-04-27 05:36:00+00:00,3082.0,3082.0,3082.0,3081.0,3081.300048828125,1736
2026-04-27 05:37:00+00:00,3080.199951171875,3080.199951171875,3081.800048828125,3080.0,3081.800048828125,3257
2026-04-27 05:38:00+00:00,3078.199951171875,3078.199951171875,3080.60009765625,3078.0,3080.5,3338
2026-04-27 05:39:00+00:00,3076.300048828125,3076.300048828125,3079.10009765625,3076.10009765625,3079.10009765625,3632
2026-04-27 05:40:00+00:00,3077.699951171875,3077.699951171875,3077.89990234375,3076.300048828125,3076.300048828125,2234
2026-04-27 05:41:00+00:00,3081.10009765625,3081.10009765625,3081.800048828125,3077.699951171875,3077.89990234375,6630
2026-04-27 05:42:00+00:00,3081.800048828125,3081.800048828125,3081.89990234375,3079.699951171875,3080.199951171875,2892
2026-04-27 05:43:00+00:00,3083.39990234375,3083.39990234375,3083.5,3081.199951171875,3081.199951171875,1908
2026-04-27 05:44:00+00:00,3083.800048828125,3083.800048828125,3084.5,3081.199951171875,3083.300048828125,3886
2026-04-27 05:45:00+00:00,3084.199951171875,3084.199951171875,3084.199951171875,3082.39990234375,3083.300048828125,2575
2026-04-27 05:46:00+00:00,3086.199951171875,3086.199951171875,3086.60009765625,3083.89990234375,3083.89990234375,5385
2026-04-27 05:47:00+00:00,3088.60009765625,3088.60009765625,3088.89990234375,3086.5,3086.699951171875,3541
2026-04-27 05:48:00+00:00,3088.60009765625,3088.60009765625,3088.699951171875,3087.60009765625,3088.699951171875,3070
2026-04-27 05:49:00+00:00,3087.0,3087.0,3088.699951171875,3087.0,3088.300048828125,2030
2026-04-27 05:50:00+00:00,3085.39990234375,3085.39990234375,3087.10009765625,3085.39990234375,3087.10009765625,3657
2026-04-27 05:51:00+00:00,3085.39990234375,3085.39990234375,3086.199951171875,3085.0,3085.199951171875,1807
2026-04-27 05:52:00+00:00,3085.0,3085.0,3086.300048828125,3084.89990234375,3086.300048828125,1377
2026-04-27 05:53:00+00:00,3084.699951171875,3084.699951171875,3085.60009765625,3083.699951171875,3085.0,2719
2026-04-27 05:54:00+00:00,3083.5,3083.5,3084.699951171875,3082.89990234375,3084.300048828125,3461
2026-04-27 05:55:00+00:00,3083.89990234375,3083.89990234375,3084.60009765625,3081.0,3083.39990234375,4129
2026-04-27 05:56:00+00:00,3079.0,3079.0,3084.0,3078.89990234375,3083.10009765625,3506
2026-04-27 05:57:00+00:00,3079.199951171875,3079.199951171875,3080.5,3079.0,3079.0,2462
2026-04-27 05:58:00+00:00,3079.5,3079.5,3080.5,3078.89990234375,3079.199951171875,2217
2026-04-27 05:59:00+00:00,3078.39990234375,3078.39990234375,3079.0,3078.199951171875,3079.0,1337
2026-04-27 06:00:00+00:00,3078.800048828125,3078.800048828125,3080.89990234375,3078.5,3078.5,3815
2026-04-27 06:01:00+00:00,3078.199951171875,3078.199951171875,3079.39990234375,3076.89990234375,3078.5,2177
2026-04-27 06:02:00+00:00,3078.39990234375,3078.39990234375,3079.39990234375,3077.10009765625,3079.300048828125,3873
2026-04-27 06:03:00+00:00,3077.10009765625,3077.10009765625,3078.199951171875,3076.60009765625,3078.10009765625,1036
2026-04-27 06:04:00+00:00,3077.5,3077.5,3077.800048828125,3076.10009765625,3076.800048828125,3920
2026-04-27 06:05:00+00:00,3073.800048828125,3073.800048828125,3077.300048828125,3072.0,3076.699951171875,9708
2026-04-27 06:06:00+00:00,3073.300048828125,3073.300048828125,3075.199951171875,3072.800048828125,3075.0,4171
2026-04-27 06:07:00+00:00,3072.10009765625,3072.10009765625,3073.800048828125,3072.10009765625,3073.300048828125,3438
2026-04-27 06:08:00+00:00,3072.199951171875,3072.199951171875,3072.60009765625,3071.0,3071.5,5044
2026-04-27 06:09:00+00:00,3074.800048828125,3074.800048828125,3074.89990234375,3071.0,3071.5,5541
2026-04-27 06:10:00+00:00,3076.0,3076.0,3076.0,3073.0,3073.60009765625,2472
2026-04-27 06:11:00+00:00,3073.199951171875,3073.199951171875,3076.10009765625,3073.0,3075.89990234375,2649
2026-04-27 06:12:00+00:00,3074.5,3074.5,3074.60009765625,3072.199951171875,3073.0,3310
2026-04-27 06:13:00+00:00,3073.199951171875,3073.199951171875,3074.89990234375,3072.800048828125,3074.60009765625,1952
2026-04-27 06:14:00+00:00,3075.0,3075.0,3075.5,3072.699951171875,3073.199951171875,2055
2026-04-27 06:15:00+00:00,3073.199951171875,3073.199951171875,3074.89990234375,3072.89990234375,3074.10009765625,2193
2026-04-27 06:16:00+00:00,3071.800048828125,3071.800048828125,3073.5,3071.60009765625,3073.5,2108
2026-04-27 06:17:00+00:00,3071.60009765625,3071.60009765625,3072.199951171875,3071.300048828125,3071.60009765625,2263
2026-04-27 06:18:00+00:00,3074.10009765625,3074.10009765625,3074.800048828125,3073.300048828125,3073.300048828125,2020
2026-04-27 06:19:00+00:00,3074.199951171875,3074.199951171875,3074.800048828125,3073.699951171875,3074.10009765625,1413
2026-04-27 06:20:00+00:00,3072.800048828125,3072.800048828125,3074.699951171875,3072.800048828125,3074.300048828125,1489
2026-04-27 06:21:00+00:00,3072.800048828125,3072.800048828125,3074.0,3072.39990234375,3072.800048828125,2070
2026-04-27 06:22:00+00:00,3074.300048828125,3074.300048828125,3074.60009765625,3072.0,3072.39990234375,3426
2026-04-27 06:23:00+00:00,3073.5,3073.5,3074.199951171875,3072.699951171875,3073.10009765625,1588
2026-04-27 06:24:00+00:00,3073.699951171875,3073.699951171875,3073.699951171875,3072.89990234375,3073.5,1998
2026-04-27 06:25:00+00:00,3075.0,3075.0,3075.0,3073.199951171875,3073.699951171875,2836
2026-04-27 06:26:00+00:00,3075.199951171875,3075.199951171875,3076.800048828125,3075.199951171875,3075.199951171875,1989
2026-04-27 06:27:00+00:00,3079.39990234375,3079.39990234375,3079.39990234375,3075.0,3075.0,8005
2026-04-27 06:28:00+00:00,3079.0,3079.0,3079.300048828125,3078.0,3079.300048828125,2213
2026-04-27 06:29:00+00:00,3080.0,3080.0,3080.0,3078.0,3079.0,7812
2026-04-27 06:30:00+00:00,3078.60009765625,3078.60009765625,3079.800048828125,3078.5,3079.800048828125,2147
2026-04-27 06:31:00+00:00,3078.199951171875,3078.199951171875,3078.800048828125,3078.199951171875,3078.800048828125,1507
2026-04-27 06:32:00+00:00,3078.39990234375,3078.39990234375,3078.39990234375,3078.199951171875,3078.39990234375,2101
2026-04-27 06:33:00+00:00,3078.89990234375,3078.89990234375,3079.0,3078.300048828125,3078.699951171875,1205
2026-04-27 06:34:00+00:00,3080.0,3080.0,3080.0,3078.699951171875,3078.800048828125,2820
2026-04-27 06:35:00+00:00,3079.39990234375,3079.39990234375,3080.0,3079.39990234375,3079.699951171875,1291
2026-04-27 06:36:00+00:00,3081.0,3081.0,3081.0,3079.39990234375,3079.5,3126
2026-04-27 06:37:00+00:00,3082.300048828125,3082.300048828125,3084.89990234375,3080.89990234375,3080.89990234375,8125
2026-04-27 06:38:00+00:00,3083.5,3083.5,3083.5,3082.5,3083.300048828125,2104
2026-04-27 06:39:00+00:00,3084.5,3084.5,3084.5,3082.800048828125,3083.5,2020
2026-04-27 06:40:00+00:00,3087.5,3087.5,3088.0,3084.0,3084.0,6120
2026-04-27 06:41:00+00:00,3086.199951171875,3086.199951171875,3087.5,3085.5,3087.0,2498
2026-04-27 06:42:00+00:00,3087.0,3087.0,3087.0,3085.800048828125,3085.800048828125,3594
2026-04-27 06:43:00+00:00,3086.800048828125,3086.800048828125,3087.0,3086.300048828125,3086.39990234375,1747
2026-04-27 06:44:00+00:00,3086.60009765625,3086.60009765625,3086.699951171875,3086.10009765625,3086.699951171875,2441
2026-04-27 06:45:00+00:00,3087.39990234375,3087.39990234375,3088.0,3086.10009765625,3086.39990234375,4946
2026-04-27 06:46:00+00:00,3087.60009765625,3087.60009765625,3088.39990234375,3087.60009765625,3088.0,2268
2026-04-27 06:47:00+00:00,3087.0,3087.0,3088.0,3087.0,3087.60009765625,1757
2026-04-27 06:48:00+00:00,3086.0,3086.0,3087.5,3086.0,3087.5,1528
2026-04-27 06:49:00+00:00,3089.699951171875,3089.699951171875,3089.699951171875,3086.0,3086.0,11593
2026-04-27 06:50:00+00:00,3089.800048828125,3089.800048828125,3091.5,3089.10009765625,3090.199951171875,11786
2026-04-27 06:51:00+00:00,3091.60009765625,3091.60009765625,3091.60009765625,3089.699951171875,3089.800048828125,2836
2026-04-27 06:52:00+00:00,3089.10009765625,3089.10009765625,3091.60009765625,3089.0,3091.60009765625,2561
2026-04-27 06:53:00+00:00,3094.800048828125,3094.800048828125,3094.89990234375,3089.0,3089.0,7695
2026-04-27 06:54:00+00:00,3096.5,3096.5,3096.89990234375,3094.0,3094.800048828125,11601
2026-04-27 06:55:00+00:00,3099.0,3099.0,3099.5,3096.5,3096.5,13766
2026-04-27 06:56:00+00:00,3101.699951171875,3101.699951171875,3102.199951171875,3098.89990234375,3099.0,17598
2026-04-27 06:57:00+00:00,3101.89990234375,3101.89990234375,3104.0,3100.699951171875,3101.699951171875,6402
2026-04-27 06:58:00+00:00,3100.0,3100.0,3101.89990234375,3099.5,3101.89990234375,3126
2026-04-27 06:59:00+00:00,3103.0,3103.0,3106.0,3099.60009765625,3100.300048828125,11843
2026-04-27 07:00:00+00:00,3102.89990234375,3102.89990234375,3104.89990234375,3102.300048828125,3103.0,4790
2026-04-27 07:01:00+00:00,3103.800048828125,3103.800048828125,3103.800048828125,3102.199951171875,3102.89990234375,3644
2026-04-27 07:02:00+00:00,3104.60009765625,3104.60009765625,3105.0,3103.10009765625,3103.10009765625,4177
2026-04-27 07:03:00+00:00,3104.89990234375,3104.89990234375,3105.60009765625,3104.10009765625,3105.0,5883
2026-04-27 07:04:00+00:00,3104.0,3104.0,3105.39990234375,3104.0,3104.89990234375,1690
2026-04-27 07:05:00+00:00,3103.39990234375,3103.39990234375,3103.5,3103.10009765625,3103.5,2488
2026-04-27 07:06:00+00:00,3104.5,3104.5,3104.5,3102.199951171875,3103.199951171875,3541
2026-04-27 07:07:00+00:00,3101.800048828125,3101.800048828125,3104.5,3101.699951171875,3104.5,3517
2026-04-27 07:08:00+00:00,3102.0,3102.0,3102.0,3100.699951171875,3101.699951171875,5136
2026-04-27 07:09:00+00:00,3103.5,3103.5,3105.10009765625,3101.0,3102.0,12278
2026-04-27 07:10:00+00:00,3104.199951171875,3104.199951171875,3104.199951171875,3103.5,3103.5,2555
2026-04-27 07:11:00+00:00,3102.5,3102.5,3103.800048828125,3102.0,3103.60009765625,3642
2026-04-27 07:12:00+00:00,3102.300048828125,3102.300048828125,3103.300048828125,3101.199951171875,3102.300048828125,2474
2026-04-27 07:13:00+00:00,3103.0,3103.0,3103.39990234375,3101.10009765625,3101.39990234375,2984
2026-04-27 07:14:00+00:00,3103.5,3103.5,3103.60009765625,3102.5,3102.5,2396
2026-04-27 07:15:00+00:00,3102.199951171875,3102.199951171875,3103.5,3101.800048828125,3103.5,2290
2026-04-27 07:16:00+00:00,3101.800048828125,3101.800048828125,3102.5,3101.60009765625,3102.199951171875,4948
2026-04-27 07:17:00+00:00,3102.39990234375,3102.39990234375,3102.5,3101.800048828125,3101.800048828125,2414
2026-04-27 07:18:00+00:00,3103.0,3103.0,3103.699951171875,3102.300048828125,3102.300048828125,2987
2026-04-27 07:19:00+00:00,3102.800048828125,3102.800048828125,3102.800048828125,3101.89990234375,3102.699951171875,2182
2026-04-27 07:20:00+00:00,3102.5,3102.5,3102.5,3101.60009765625,3102.0,2178
2026-04-27 07:21:00+00:00,3102.5,3102.5,3102.699951171875,3101.10009765625,3102.10009765625,3224
2026-04-27 07:22:00+00:00,3103.199951171875,3103.199951171875,3103.199951171875,3101.60009765625,3101.60009765625,2780
2026-04-27 07:23:00+00:00,3109.199951171875,3109.199951171875,3110.89990234375,3103.199951171875,3103.199951171875,20314
2026-04-27 07:24:00+00:00,3107.89990234375,3107.89990234375,3109.199951171875,3106.10009765625,3109.10009765625,7049
2026-04-27 07:25:00+00:00,3105.0,3105.0,3107.89990234375,3105.0,3107.10009765625,5822
2026-04-27 07:26:00+00:00,3103.0,3103.0,3105.39990234375,3102.89990234375,3105.39990234375,1803
2026-04-27 07:27:00+00:00,3103.5,3103.5,3103.699951171875,3102.0,3102.800048828125,2097
2026-04-27 07:28:00+00:00,3104.699951171875,3104.699951171875,3105.5,3103.5,3103.5,2626
2026-04-27 07:29:00+00:00,3103.199951171875,3103.199951171875,3104.699951171875,3102.199951171875,3104.300048828125,2773
2026-04-27 07:30:00+00:00,3104.10009765625,3104.10009765625,3104.699951171875,3103.0,3103.199951171875,2575
2026-04-27 07:31:00+00:00,3103.10009765625,3103.10009765625,3104.800048828125,3102.0,3104.10009765625,2631
2026-04-27 07:32:00+00:00,3104.0,3104.0,3104.0,3103.10009765625,3103.10009765625,1522
2026-04-27 07:33:00+00:00,3103.39990234375,3103.39990234375,3104.10009765625,3103.10009765625,3103.89990234375,2067
2026-04-27 07:34:00+00:00,3102.199951171875,3102.199951171875,3103.699951171875,3102.199951171875,3103.699951171875,1966
2026-04-27 07:35:00+00:00,3100.10009765625,3100.10009765625,3102.199951171875,3099.5,3102.199951171875,6620
2026-04-27 07:36:00+00:00,3102.699951171875,3102.699951171875,3104.5,3099.300048828125,3100.10009765625,13772
2026-04-27 07:37:00+00:00,3102.800048828125,3102.800048828125,3103.39990234375,3102.300048828125,3103.0,2478
2026-04-27 07:38:00+00:00,3105.0,3105.0,3106.300048828125,3102.39990234375,3102.60009765625,3257
2026-04-27 07:39:00+00:00,3104.39990234375,3104.39990234375,3105.39990234375,3103.5,3105.0,2376
2026-04-27 07:40:00+00:00,3105.0,3105.0,3105.300048828125,3104.199951171875,3104.39990234375,1507
2026-04-27 07:41:00+00:00,3103.5,3103.5,3105.800048828125,3103.5,3105.0,2394
2026-04-27 07:42:00+00:00,3105.0,3105.0,3105.0,3103.300048828125,3103.39990234375,2090
2026-04-27 07:43:00+00:00,3105.60009765625,3105.60009765625,3105.60009765625,3104.39990234375,3104.89990234375,2223
2026-04-27 07:44:00+00:00,3106.89990234375,3106.89990234375,3107.10009765625,3105.0,3105.0,2947
2026-04-27 07:45:00+00:00,3107.89990234375,3107.89990234375,3107.89990234375,3106.699951171875,3106.89990234375,2052
2026-04-27 07:46:00+00:00,3108.5,3108.5,3109.0,3107.699951171875,3107.800048828125,3322
2026-04-27 07:47:00+00:00,3112.199951171875,3112.199951171875,3113.5,3108.60009765625,3108.60009765625,12599
2026-04-27 07:48:00+00:00,3110.199951171875,3110.199951171875,3111.60009765625,3110.0,3111.60009765625,2027
2026-04-27 07:49:00+00:00,3110.89990234375,3110.89990234375,3111.5,3110.0,3110.0,3496
2026-04-27 07:50:00+00:00,3108.0,3108.0,3111.0,3107.89990234375,3110.89990234375,3532
2026-04-27 07:51:00+00:00,3107.39990234375,3107.39990234375,3108.300048828125,3107.39990234375,3107.800048828125,4838
2026-04-27 07:52:00+00:00,3109.199951171875,3109.199951171875,3109.89990234375,3107.5,3107.5,8009
2026-04-27 07:53:00+00:00,3109.300048828125,3109.300048828125,3110.0,3108.39990234375,3110.0,4481
2026-04-27 07:54:00+00:00,3111.800048828125,3111.800048828125,3112.0,3108.89990234375,3109.39990234375,4666
2026-04-27 07:55:00+00:00,3112.199951171875,3112.199951171875,3113.0,3111.0,3112.0,5135
2026-04-27 07:56:00+00:00,3110.89990234375,3110.89990234375,3112.199951171875,3109.800048828125,3112.0,3415
2026-04-27 07:57:00+00:00,3110.800048828125,3110.800048828125,3111.0,3109.5,3110.199951171875,2510
2026-04-27 07:58:00+00:00,3111.199951171875,3111.199951171875,3111.199951171875,3109.699951171875,3110.800048828125,5108
2026-04-27 07:59:00+00:00,3110.199951171875,3110.199951171875,3111.5,3109.300048828125,3110.5,3178
2026-04-27 08:00:00+00:00,3110.0,3110.0,3110.699951171875,3108.199951171875,3110.0,5690
2026-04-27 08:01:00+00:00,3108.10009765625,3108.10009765625,3110.5,3108.0,3110.0,6919
2026-04-27 08:02:00+00:00,3108.0,3108.0,3108.0,3105.5,3107.5,2820
2026-04-27 08:03:00+00:00,3106.800048828125,3106.800048828125,3108.5,3106.800048828125,3108.0,6015
2026-04-27 08:04:00+00:00,3105.800048828125,3105.800048828125,3106.800048828125,3105.39990234375,3106.800048828125,1574
2026-04-27 08:05:00+00:00,3106.199951171875,3106.199951171875,3107.89990234375,3105.0,3105.39990234375,2576
2026-04-27 08:06:00+00:00,3108.0,3108.0,3108.0,3105.60009765625,3106.199951171875,2479
2026-04-27 08:07:00+00:00,3107.5,3107.5,3108.699951171875,3107.0,3108.5,1852
2026-04-27 08:08:00+00:00,3106.89990234375,3106.89990234375,3107.800048828125,3106.300048828125,3107.800048828125,2328
2026-04-27 08:09:00+00:00,3105.0,3105.0,3106.89990234375,3104.300048828125,3106.89990234375,1750
2026-04-27 08:10:00+00:00,3106.10009765625,3106.10009765625,3106.89990234375,3105.0,3105.0,2718
2026-04-27 08:11:00+00:00,3105.5,3105.5,3105.800048828125,3104.699951171875,3105.800048828125,1640
2026-04-27 08:12:00+00:00,3105.0,3105.0,3106.0,3104.10009765625,3105.199951171875,2862
2026-04-27 08:13:00+00:00,3105.0,3105.0,3105.0,3104.10009765625,3104.699951171875,1932
2026-04-27 08:14:00+00:00,3104.89990234375,3104.89990234375,3105.800048828125,3104.39990234375,3104.89990234375,2303
2026-04-27 08:15:00+00:00,3105.89990234375,3105.89990234375,3106.800048828125,3104.699951171875,3105.0,3276
2026-04-27 08:16:00+00:00,3105.0,3105.0,3105.89990234375,3105.0,3105.300048828125,2118
2026-04-27 08:17:00+00:00,3106.39990234375,3106.39990234375,3106.39990234375,3105.0,3105.0,2986
2026-04-27 08:18:00+00:00,3106.300048828125,3106.300048828125,3107.699951171875,3105.800048828125,3106.699951171875,4028
2026-04-27 08:19:00+00:00,3107.199951171875,3107.199951171875,3107.699951171875,3105.0,3106.300048828125,6480
2026-04-27 08:20:00+00:00,3107.60009765625,3107.60009765625,3107.60009765625,3105.699951171875,3106.39990234375,2927
2026-04-27 08:21:00+00:00,3106.60009765625,3106.60009765625,3108.0,3106.5,3106.89990234375,3306
2026-04-27 08:22:00+00:00,3107.60009765625,3107.60009765625,3107.60009765625,3106.5,3106.5,2808
2026-04-27 08:23:00+00:00,3106.5,3106.5,3107.10009765625,3106.5,3106.5,5602
2026-04-27 08:24:00+00:00,3106.5,3106.5,3106.699951171875,3106.199951171875,3106.5,3170
2026-04-27 08:25:00+00:00,3106.60009765625,3106.60009765625,3107.10009765625,3106.300048828125,3106.5,3534
2026-04-27 08:26:00+00:00,3106.60009765625,3106.60009765625,3106.60009765625,3106.5,3106.60009765625,5475
2026-04-27 08:27:00+00:00,3106.5,3106.5,3106.60009765625,3106.199951171875,3106.5,2188
2026-04-27 08:28:00+00:00,3106.5,3106.5,3106.699951171875,3106.10009765625,3106.5,2903
2026-04-27 08:29:00+00:00,3106.0,3106.0,3106.699951171875,3105.5,3106.5,3499
2026-04-27 08:30:00+00:00,3106.10009765625,3106.10009765625,3106.10009765625,3105.10009765625,3106.0,2273
2026-04-27 08:31:00+00:00,3105.0,3105.0,3106.0,3105.0,3105.5,3262
2026-04-27 08:32:00+00:00,3105.0,3105.0,3105.39990234375,3105.0,3105.0,3254
2026-04-27 08:33:00+00:00,3105.0,3105.0,3105.5,3105.0,3105.10009765625,2955
2026-04-27 08:34:00+00:00,3105.199951171875,3105.199951171875,3105.39990234375,3105.0,3105.0,2854
2026-04-27 08:35:00+00:00,3105.800048828125,3105.800048828125,3105.89990234375,3105.0,3105.10009765625,1916
2026-04-27 08:36:00+00:00,3105.39990234375,3105.39990234375,3105.800048828125,3105.0,3105.800048828125,3098
2026-04-27 08:37:00+00:00,3105.0,3105.0,3105.699951171875,3104.800048828125,3105.699951171875,8107
2026-04-27 08:38:00+00:00,3105.10009765625,3105.10009765625,3105.199951171875,3105.0,3105.0,2568
2026-04-27 08:39:00+00:00,3105.0,3105.0,3105.39990234375,3105.0,3105.0,2343
2026-04-27 08:40:00+00:00,3105.39990234375,3105.39990234375,3105.39990234375,3105.0,3105.0,5416
2026-04-27 08:41:00+00:00,3105.60009765625,3105.60009765625,3105.60009765625,3105.0,3105.10009765625,4675
2026-04-27 08:42:00+00:00,3105.10009765625,3105.10009765625,3107.300048828125,3105.0,3105.800048828125,4996
2026-04-27 08:43:00+00:00,3105.60009765625,3105.60009765625,3105.800048828125,3105.0,3105.199951171875,2695
2026-04-27 08:44:00+00:00,3106.60009765625,3106.60009765625,3107.5,3105.39990234375,3105.60009765625,2750
2026-04-27 08:45:00+00:00,3106.5,3106.5,3107.10009765625,3106.10009765625,3106.60009765625,2032
2026-04-27 08:46:00+00:00,3105.89990234375,3105.89990234375,3107.10009765625,3105.89990234375,3107.10009765625,1758
2026-04-27 08:47:00+00:00,3106.60009765625,3106.60009765625,3107.10009765625,3105.60009765625,3105.60009765625,2891
2026-04-27 08:48:00+00:00,3106.5,3106.5,3106.60009765625,3106.0,3106.60009765625,1797
2026-04-27 08:49:00+00:00,3107.800048828125,3107.800048828125,3109.300048828125,3106.800048828125,3106.800048828125,4000
2026-04-27 08:50:00+00:00,3108.800048828125,3108.800048828125,3108.800048828125,3107.699951171875,3107.699951171875,4382
2026-04-27 08:51:00+00:00,3107.800048828125,3107.800048828125,3108.800048828125,3106.699951171875,3108.60009765625,2795
2026-04-27 08:52:00+00:00,3107.199951171875,3107.199951171875,3108.300048828125,3106.39990234375,3107.699951171875,2361
2026-04-27 08:53:00+00:00,3107.10009765625,3107.10009765625,3107.60009765625,3106.5,3106.5,2514
2026-04-27 08:54:00+00:00,3107.199951171875,3107.199951171875,3107.5,3106.800048828125,3106.89990234375,1797
2026-04-27 08:55:00+00:00,3106.699951171875,3106.699951171875,3107.5,3106.699951171875,3107.199951171875,3206
2026-04-27 08:56:00+00:00,3106.0,3106.0,3107.300048828125,3105.5,3107.10009765625,4307
2026-04-27 08:57:00+00:00,3107.60009765625,3107.60009765625,3108.0,3105.10009765625,3106.0,3031
2026-04-27 08:58:00+00:00,3106.10009765625,3106.10009765625,3108.800048828125,3106.10009765625,3107.300048828125,3138
2026-04-27 08:59:00+00:00,3106.60009765625,3106.60009765625,3106.60009765625,3105.699951171875,3106.10009765625,2644
2026-04-27 09:00:00+00:00,3106.60009765625,3106.60009765625,3106.89990234375,3105.699951171875,3106.89990234375,3432
2026-04-27 09:01:00+00:00,3107.0,3107.0,3108.39990234375,3106.60009765625,3106.800048828125,7849
2026-04-27 09:02:00+00:00,3105.10009765625,3105.10009765625,3107.10009765625,3105.0,3107.0,4000
2026-04-27 09:03:00+00:00,3105.89990234375,3105.89990234375,3106.199951171875,3105.10009765625,3105.10009765625,3183
2026-04-27 09:04:00+00:00,3104.10009765625,3104.10009765625,3105.89990234375,3102.39990234375,3105.199951171875,7696
2026-04-27 09:05:00+00:00,3103.699951171875,3103.699951171875,3105.0,3102.5,3103.5,3635
2026-04-27 09:06:00+00:00,3103.199951171875,3103.199951171875,3104.199951171875,3102.5,3102.89990234375,3710
2026-04-27 09:07:00+00:00,3105.0,3105.0,3105.60009765625,3102.5,3103.199951171875,2643
2026-04-27 09:08:00+00:00,3106.89990234375,3106.89990234375,3107.0,3105.699951171875,3105.800048828125,2994
2026-04-27 09:09:00+00:00,3108.300048828125,3108.300048828125,3108.300048828125,3105.5,3106.0,5982
2026-04-27 09:10:00+00:00,3106.800048828125,3106.800048828125,3108.0,3106.300048828125,3107.0,1781
2026-04-27 09:11:00+00:00,3105.0,3105.0,3107.0,3104.699951171875,3106.60009765625,4249
2026-04-27 09:12:00+00:00,3104.0,3104.0,3105.0,3104.0,3104.60009765625,3967
2026-04-27 09:13:00+00:00,3102.699951171875,3102.699951171875,3103.89990234375,3101.0,3103.89990234375,5893
2026-04-27 09:14:00+00:00,3102.60009765625,3102.60009765625,3103.39990234375,3101.5,3102.0,2667
2026-04-27 09:15:00+00:00,3101.0,3101.0,3103.10009765625,3101.0,3102.60009765625,3218
2026-04-27 09:16:00+00:00,3104.0,3104.0,3104.0,3100.89990234375,3101.0,4247
2026-04-27 09:17:00+00:00,3104.0,3104.0,3104.5,3102.800048828125,3103.300048828125,2739
2026-04-27 09:18:00+00:00,3103.60009765625,3103.60009765625,3104.10009765625,3102.39990234375,3103.0,3033
2026-04-27 09:19:00+00:00,3103.199951171875,3103.199951171875,3103.699951171875,3102.699951171875,3103.5,2561
2026-04-27 09:20:00+00:00,3103.199951171875,3103.199951171875,3104.5,3102.699951171875,3102.800048828125,3482
2026-04-27 09:21:00+00:00,3104.0,3104.0,3104.699951171875,3103.0,3103.199951171875,2993
2026-04-27 09:22:00+00:00,3103.0,3103.0,3104.300048828125,3102.699951171875,3104.0,3563
2026-04-27 09:23:00+00:00,3100.89990234375,3100.89990234375,3103.5,3100.199951171875,3102.800048828125,9889
2026-04-27 09:24:00+00:00,3101.0,3101.0,3101.800048828125,3100.0,3100.10009765625,2763
2026-04-27 09:25:00+00:00,3100.10009765625,3100.10009765625,3102.0,3100.10009765625,3101.60009765625,3270
2026-04-27 09:26:00+00:00,3101.0,3101.0,3101.0,3100.0,3100.199951171875,15125
2026-04-27 09:27:00+00:00,3102.699951171875,3102.699951171875,3102.699951171875,3100.0,3100.0,10122
2026-04-27 09:28:00+00:00,3102.60009765625,3102.60009765625,3102.60009765625,3101.199951171875,3101.199951171875,3600
2026-04-27 09:29:00+00:00,3102.199951171875,3102.199951171875,3102.5,3101.699951171875,3101.699951171875,2171
2026-04-27 09:30:00+00:00,3100.300048828125,3100.300048828125,3101.60009765625,3100.0,3101.60009765625,4455
2026-04-27 09:31:00+00:00,3097.39990234375,3097.39990234375,3100.300048828125,3097.39990234375,3100.300048828125,19981
2026-04-27 09:32:00+00:00,3098.10009765625,3098.10009765625,3098.60009765625,3097.5,3097.5,5571
2026-04-27 09:33:00+00:00,3099.699951171875,3099.699951171875,3100.300048828125,3097.800048828125,3098.10009765625,7990
2026-04-27 09:34:00+00:00,3101.699951171875,3101.699951171875,3102.60009765625,3100.0,3100.0,6224
2026-04-27 09:35:00+00:00,3102.5,3102.5,3102.5,3101.39990234375,3102.39990234375,6763
2026-04-27 09:36:00+00:00,3102.0,3102.0,3103.39990234375,3101.10009765625,3102.39990234375,10429
2026-04-27 09:37:00+00:00,3101.89990234375,3101.89990234375,3102.199951171875,3101.10009765625,3101.800048828125,8371
2026-04-27 09:38:00+00:00,3101.5,3101.5,3102.300048828125,3101.39990234375,3101.5,6573
2026-04-27 09:39:00+00:00,3101.800048828125,3101.800048828125,3102.699951171875,3101.0,3101.199951171875,8025
2026-04-27 09:40:00+00:00,3102.0,3102.0,3102.5,3101.0,3101.800048828125,11076
2026-04-27 09:41:00+00:00,3103.800048828125,3103.800048828125,3104.300048828125,3101.300048828125,3102.0,9972
2026-04-27 09:42:00+00:00,3103.199951171875,3103.199951171875,3105.199951171875,3103.0,3103.800048828125,9568
2026-04-27 09:43:00+00:00,3102.39990234375,3102.39990234375,3104.300048828125,3102.0,3103.10009765625,8953
2026-04-27 09:44:00+00:00,3102.0,3102.0,3104.199951171875,3101.199951171875,3102.60009765625,13905
2026-04-27 09:45:00+00:00,3103.5,3103.5,3103.699951171875,3101.0,3101.0,10143
2026-04-27 09:46:00+00:00,3102.0,3102.0,3103.699951171875,3101.699951171875,3103.699951171875,6801
2026-04-27 09:47:00+00:00,3102.199951171875,3102.199951171875,3103.0,3100.699951171875,3102.0,7219
2026-04-27 09:48:00+00:00,3101.199951171875,3101.199951171875,3102.89990234375,3100.800048828125,3101.699951171875,7862
2026-04-27 09:49:00+00:00,3101.10009765625,3101.10009765625,3103.199951171875,3100.5,3101.199951171875,8272
2026-04-27 09:50:00+00:00,3100.60009765625,3100.60009765625,3103.0,3100.0,3101.699951171875,12477
2026-04-27 09:51:00+00:00,3105.10009765625,3105.10009765625,3106.0,3100.300048828125,3102.39990234375,18766
2026-04-27 09:52:00+00:00,3105.39990234375,3105.39990234375,3106.0,3104.800048828125,3105.10009765625,6919
2026-04-27 09:53:00+00:00,3106.0,3106.0,3106.0,3105.0,3105.39990234375,6344
2026-04-27 09:54:00+00:00,3105.5,3105.5,3106.0,3103.89990234375,3106.0,8823
2026-04-27 09:55:00+00:00,3105.699951171875,3105.699951171875,3106.0,3103.199951171875,3105.39990234375,9508
2026-04-27 09:56:00+00:00,3105.0,3105.0,3106.0,3103.800048828125,3106.0,5887
2026-04-27 09:57:00+00:00,3105.0,3105.0,3106.0,3104.0,3105.39990234375,7032
2026-04-27 09:58:00+00:00,3104.89990234375,3104.89990234375,3105.39990234375,3103.0,3105.39990234375,4340
2026-04-27 09:59:00+00:00,3103.0,3103.0,3104.89990234375,3102.0,3104.60009765625,3353
2026-04-28 03:45:00+00:00,3101.10009765625,3101.10009765625,3106.39990234375,3096.300048828125,3103.5,0
2026-04-28 03:46:00+00:00,3116.39990234375,3116.39990234375,3116.60009765625,3101.300048828125,3101.300048828125,28088
2026-04-28 03:47:00+00:00,3115.800048828125,3115.800048828125,3120.300048828125,3114.60009765625,3116.800048828125,25914
2026-04-28 03:48:00+00:00,3119.300048828125,3119.300048828125,3119.300048828125,3114.199951171875,3116.60009765625,19110
2026-04-28 03:49:00+00:00,3120.5,3120.5,3121.699951171875,3118.39990234375,3118.89990234375,23441
2026-04-28 03:50:00+00:00,3117.0,3117.0,3122.0,3116.39990234375,3120.5,12789
2026-04-28 03:51:00+00:00,3111.300048828125,3111.300048828125,3117.699951171875,3106.60009765625,3117.199951171875,9728
2026-04-28 03:52:00+00:00,3115.699951171875,3115.699951171875,3117.5,3111.300048828125,3111.300048828125,5300
2026-04-28 03:53:00+00:00,3115.199951171875,3115.199951171875,3117.699951171875,3113.89990234375,3116.89990234375,4996
2026-04-28 03:54:00+00:00,3117.0,3117.0,3117.0,3113.89990234375,3114.89990234375,4648
2026-04-28 03:55:00+00:00,3119.89990234375,3119.89990234375,3120.699951171875,3117.699951171875,3117.800048828125,12862
2026-04-28 03:56:00+00:00,3122.60009765625,3122.60009765625,3124.0,3120.5,3120.5,15303
2026-04-28 03:57:00+00:00,3121.699951171875,3121.699951171875,3124.0,3121.699951171875,3123.5,6844
2026-04-28 03:58:00+00:00,3117.10009765625,3117.10009765625,3121.60009765625,3117.0,3120.89990234375,6947
2026-04-28 03:59:00+00:00,3117.199951171875,3117.199951171875,3118.0,3116.89990234375,3117.800048828125,4617
2026-04-28 04:00:00+00:00,3118.0,3118.0,3118.60009765625,3117.60009765625,3117.60009765625,4492
2026-04-28 04:01:00+00:00,3122.39990234375,3122.39990234375,3123.89990234375,3118.5,3119.300048828125,10612
2026-04-28 04:02:00+00:00,3121.199951171875,3121.199951171875,3122.89990234375,3120.5,3122.39990234375,4687
2026-04-28 04:03:00+00:00,3121.300048828125,3121.300048828125,3121.5,3119.89990234375,3121.39990234375,2327
2026-04-28 04:04:00+00:00,3121.39990234375,3121.39990234375,3122.699951171875,3120.0,3121.39990234375,5352
2026-04-28 04:05:00+00:00,3119.89990234375,3119.89990234375,3121.60009765625,3119.89990234375,3121.5,8366
2026-04-28 04:06:00+00:00,3118.39990234375,3118.39990234375,3119.60009765625,3117.0,3119.60009765625,2122
2026-04-28 04:07:00+00:00,3118.60009765625,3118.60009765625,3118.60009765625,3117.60009765625,3117.89990234375,4396
2026-04-28 04:08:00+00:00,3122.60009765625,3122.60009765625,3122.699951171875,3118.300048828125,3118.300048828125,8950
2026-04-28 04:09:00+00:00,3134.199951171875,3134.199951171875,3134.199951171875,3122.60009765625,3122.89990234375,29850
2026-04-28 04:10:00+00:00,3138.10009765625,3138.10009765625,3143.89990234375,3136.300048828125,3136.300048828125,36587
2026-04-28 04:11:00+00:00,3140.89990234375,3140.89990234375,3143.5,3138.0,3138.0,11921
2026-04-28 04:12:00+00:00,3139.5,3139.5,3142.0,3136.39990234375,3140.89990234375,9878
2026-04-28 04:13:00+00:00,3142.300048828125,3142.300048828125,3143.39990234375,3138.60009765625,3139.5,11070
2026-04-28 04:14:00+00:00,3141.5,3141.5,3142.89990234375,3141.39990234375,3142.300048828125,4172
2026-04-28 04:15:00+00:00,3141.199951171875,3141.199951171875,3143.0,3141.10009765625,3142.0,6648
2026-04-28 04:16:00+00:00,3141.199951171875,3141.199951171875,3142.39990234375,3140.800048828125,3141.0,7019
2026-04-28 04:17:00+00:00,3142.0,3142.0,3142.0,3139.39990234375,3140.699951171875,6813
2026-04-28 04:18:00+00:00,3140.39990234375,3140.39990234375,3142.89990234375,3140.0,3142.0,5160
2026-04-28 04:19:00+00:00,3138.5,3138.5,3141.300048828125,3138.5,3140.5,4062
2026-04-28 04:20:00+00:00,3136.89990234375,3136.89990234375,3138.60009765625,3136.0,3136.89990234375,5370
2026-04-28 04:21:00+00:00,3135.5,3135.5,3137.0,3135.0,3137.0,3336
2026-04-28 04:22:00+00:00,3134.300048828125,3134.300048828125,3136.89990234375,3134.300048828125,3136.0,4307
2026-04-28 04:23:00+00:00,3133.0,3133.0,3135.0,3133.0,3134.800048828125,3344
2026-04-28 04:24:00+00:00,3137.0,3137.0,3137.0,3131.199951171875,3133.199951171875,8090
2026-04-28 04:25:00+00:00,3142.0,3142.0,3142.0,3138.0,3138.5,5449
2026-04-28 04:26:00+00:00,3143.60009765625,3143.60009765625,3143.800048828125,3142.0,3142.0,5654
2026-04-28 04:27:00+00:00,3141.699951171875,3141.699951171875,3143.800048828125,3140.199951171875,3143.800048828125,4831
2026-04-28 04:28:00+00:00,3140.300048828125,3140.300048828125,3141.5,3140.199951171875,3141.0,1361
2026-04-28 04:29:00+00:00,3140.60009765625,3140.60009765625,3141.0,3139.89990234375,3140.699951171875,3279
2026-04-28 04:30:00+00:00,3141.0,3141.0,3141.0,3140.39990234375,3140.60009765625,2149
2026-04-28 04:31:00+00:00,3140.800048828125,3140.800048828125,3142.0,3140.800048828125,3142.0,4830
2026-04-28 04:32:00+00:00,3138.0,3138.0,3140.10009765625,3137.10009765625,3140.10009765625,4442
2026-04-28 04:33:00+00:00,3140.0,3140.0,3140.0,3137.699951171875,3137.699951171875,1589
2026-04-28 04:34:00+00:00,3139.0,3139.0,3140.300048828125,3139.0,3140.0,3511
2026-04-28 04:35:00+00:00,3139.60009765625,3139.60009765625,3139.60009765625,3139.300048828125,3139.39990234375,2043
2026-04-28 04:36:00+00:00,3139.10009765625,3139.10009765625,3139.800048828125,3139.10009765625,3139.800048828125,2944
2026-04-28 04:37:00+00:00,3137.800048828125,3137.800048828125,3139.39990234375,3137.800048828125,3139.39990234375,3687
2026-04-28 04:38:00+00:00,3135.89990234375,3135.89990234375,3137.199951171875,3135.5,3135.60009765625,5360
2026-04-28 04:39:00+00:00,3137.5,3137.5,3138.10009765625,3135.10009765625,3135.89990234375,2980
2026-04-28 04:40:00+00:00,3137.0,3137.0,3137.60009765625,3136.0,3137.60009765625,2626
2026-04-28 04:41:00+00:00,3137.39990234375,3137.39990234375,3137.5,3136.10009765625,3136.89990234375,3247
2026-04-28 04:42:00+00:00,3136.89990234375,3136.89990234375,3137.60009765625,3136.89990234375,3137.5,2690
2026-04-28 04:43:00+00:00,3133.699951171875,3133.699951171875,3136.89990234375,3131.39990234375,3136.89990234375,7104
2026-04-28 04:44:00+00:00,3133.300048828125,3133.300048828125,3133.89990234375,3132.89990234375,3133.39990234375,3469
2026-04-28 04:45:00+00:00,3133.10009765625,3133.10009765625,3134.0,3131.89990234375,3133.800048828125,5809
2026-04-28 04:46:00+00:00,3133.699951171875,3133.699951171875,3135.0,3133.0,3134.39990234375,5875
2026-04-28 04:47:00+00:00,3133.300048828125,3133.300048828125,3135.0,3131.300048828125,3134.39990234375,2678
2026-04-28 04:48:00+00:00,3134.5,3134.5,3134.699951171875,3132.0,3133.300048828125,2860
2026-04-28 04:49:00+00:00,3135.89990234375,3135.89990234375,3135.89990234375,3134.699951171875,3135.0,1615
2026-04-28 04:50:00+00:00,3133.89990234375,3133.89990234375,3135.89990234375,3133.89990234375,3135.89990234375,4047
2026-04-28 04:51:00+00:00,3132.699951171875,3132.699951171875,3134.10009765625,3132.10009765625,3134.10009765625,2019
2026-04-28 04:52:00+00:00,3134.39990234375,3134.39990234375,3134.5,3132.699951171875,3133.5,2254
2026-04-28 04:53:00+00:00,3134.199951171875,3134.199951171875,3134.800048828125,3134.10009765625,3134.199951171875,3443
2026-04-28 04:54:00+00:00,3133.0,3133.0,3134.300048828125,3133.0,3134.300048828125,2601
2026-04-28 04:55:00+00:00,3131.800048828125,3131.800048828125,3133.0,3131.800048828125,3133.0,3426
2026-04-28 04:56:00+00:00,3134.5,3134.5,3135.0,3133.800048828125,3134.0,2726
2026-04-28 04:57:00+00:00,3133.199951171875,3133.199951171875,3134.800048828125,3133.199951171875,3134.0,5095
2026-04-28 04:58:00+00:00,3131.0,3131.0,3133.10009765625,3130.60009765625,3133.10009765625,3765
2026-04-28 04:59:00+00:00,3133.10009765625,3133.10009765625,3133.10009765625,3130.800048828125,3131.199951171875,2270
2026-04-28 05:00:00+00:00,3132.199951171875,3132.199951171875,3133.10009765625,3132.199951171875,3133.10009765625,2996
2026-04-28 05:01:00+00:00,3132.300048828125,3132.300048828125,3133.0,3132.300048828125,3132.699951171875,3529
2026-04-28 05:02:00+00:00,3129.60009765625,3129.60009765625,3132.300048828125,3129.5,3132.300048828125,3841
2026-04-28 05:03:00+00:00,3130.10009765625,3130.10009765625,3130.800048828125,3130.10009765625,3130.300048828125,1342
2026-04-28 05:04:00+00:00,3128.10009765625,3128.10009765625,3130.0,3126.0,3130.0,5705
2026-04-28 05:05:00+00:00,3127.199951171875,3127.199951171875,3128.10009765625,3126.0,3128.10009765625,3287
2026-04-28 05:06:00+00:00,3125.199951171875,3125.199951171875,3127.300048828125,3125.0,3127.300048828125,4667
2026-04-28 05:07:00+00:00,3123.5,3123.5,3127.699951171875,3123.199951171875,3125.89990234375,10573
2026-04-28 05:08:00+00:00,3122.10009765625,3122.10009765625,3124.0,3121.199951171875,3123.39990234375,4454
2026-04-28 05:09:00+00:00,3118.300048828125,3118.300048828125,3123.199951171875,3118.300048828125,3123.199951171875,5537
2026-04-28 05:10:00+00:00,3119.800048828125,3119.800048828125,3119.800048828125,3118.199951171875,3118.60009765625,2463
2026-04-28 05:11:00+00:00,3117.89990234375,3117.89990234375,3119.89990234375,3117.0,3119.800048828125,6877
2026-04-28 05:12:00+00:00,3116.699951171875,3116.699951171875,3117.699951171875,3116.300048828125,3117.699951171875,3424
2026-04-28 05:13:00+00:00,3119.60009765625,3119.60009765625,3119.60009765625,3116.10009765625,3116.5,2196
2026-04-28 05:14:00+00:00,3119.5,3119.5,3119.5,3117.800048828125,3119.199951171875,2401
2026-04-28 05:15:00+00:00,3120.0,3120.0,3120.60009765625,3119.5,3119.699951171875,3501
2026-04-28 05:16:00+00:00,3121.5,3121.5,3122.0,3121.300048828125,3122.0,3173
2026-04-28 05:17:00+00:00,3121.89990234375,3121.89990234375,3122.0,3121.39990234375,3121.39990234375,2337
2026-04-28 05:18:00+00:00,3122.0,3122.0,3122.800048828125,3121.89990234375,3122.199951171875,3591
2026-04-28 05:19:00+00:00,3120.699951171875,3120.699951171875,3121.89990234375,3120.39990234375,3121.89990234375,3156
2026-04-28 05:20:00+00:00,3121.699951171875,3121.699951171875,3121.699951171875,3120.0,3120.699951171875,3552
2026-04-28 05:21:00+00:00,3121.39990234375,3121.39990234375,3121.89990234375,3121.39990234375,3121.699951171875,2074
2026-04-28 05:22:00+00:00,3120.5,3120.5,3121.39990234375,3120.5,3121.39990234375,2443
2026-04-28 05:23:00+00:00,3119.5,3119.5,3120.5,3119.39990234375,3120.5,2037
2026-04-28 05:24:00+00:00,3121.0,3121.0,3121.60009765625,3119.0,3120.699951171875,4108
2026-04-28 05:25:00+00:00,3121.300048828125,3121.300048828125,3122.39990234375,3121.199951171875,3121.89990234375,4135
2026-04-28 05:26:00+00:00,3122.0,3122.0,3122.0,3121.5,3121.5,2496
2026-04-28 05:27:00+00:00,3121.300048828125,3121.300048828125,3122.800048828125,3121.300048828125,3122.0,3457
2026-04-28 05:28:00+00:00,3122.699951171875,3122.699951171875,3122.699951171875,3121.300048828125,3121.699951171875,2944
2026-04-28 05:29:00+00:00,3122.10009765625,3122.10009765625,3123.0,3122.10009765625,3122.199951171875,3168
2026-04-28 05:30:00+00:00,3122.199951171875,3122.199951171875,3122.39990234375,3121.89990234375,3122.199951171875,2964
2026-04-28 05:31:00+00:00,3121.800048828125,3121.800048828125,3122.5,3121.39990234375,3122.199951171875,2338
2026-04-28 05:32:00+00:00,3119.60009765625,3119.60009765625,3122.300048828125,3118.39990234375,3121.800048828125,4189
2026-04-28 05:33:00+00:00,3120.5,3120.5,3120.5,3119.10009765625,3120.39990234375,1162
2026-04-28 05:34:00+00:00,3120.0,3120.0,3120.5,3119.5,3119.5,1823
2026-04-28 05:35:00+00:00,3118.199951171875,3118.199951171875,3120.199951171875,3117.10009765625,3120.199951171875,5448
2026-04-28 05:36:00+00:00,3119.10009765625,3119.10009765625,3119.800048828125,3117.0,3118.10009765625,3147
2026-04-28 05:37:00+00:00,3116.0,3116.0,3119.0,3116.0,3119.0,3146
2026-04-28 05:38:00+00:00,3116.10009765625,3116.10009765625,3116.199951171875,3114.199951171875,3116.199951171875,5889
2026-04-28 05:39:00+00:00,3116.39990234375,3116.39990234375,3117.699951171875,3115.60009765625,3116.0,2216
2026-04-28 05:40:00+00:00,3117.10009765625,3117.10009765625,3117.300048828125,3115.39990234375,3117.300048828125,2275
2026-04-28 05:41:00+00:00,3116.699951171875,3116.699951171875,3117.39990234375,3116.5,3116.800048828125,2288
2026-04-28 05:42:00+00:00,3116.39990234375,3116.39990234375,3116.699951171875,3116.10009765625,3116.300048828125,2175
2026-04-28 05:43:00+00:00,3118.199951171875,3118.199951171875,3118.199951171875,3116.5,3116.5,2951
2026-04-28 05:44:00+00:00,3116.60009765625,3116.60009765625,3118.0,3116.60009765625,3118.0,3602
2026-04-28 05:45:00+00:00,3117.800048828125,3117.800048828125,3117.800048828125,3116.199951171875,3116.60009765625,2840
2026-04-28 05:46:00+00:00,3115.0,3115.0,3116.89990234375,3115.0,3116.699951171875,2344
2026-04-28 05:47:00+00:00,3115.300048828125,3115.300048828125,3115.300048828125,3114.5,3115.300048828125,3366
2026-04-28 05:48:00+00:00,3117.89990234375,3117.89990234375,3118.0,3115.300048828125,3115.5,1789
2026-04-28 05:49:00+00:00,3117.5,3117.5,3118.0,3117.5,3117.89990234375,2458
2026-04-28 05:50:00+00:00,3118.699951171875,3118.699951171875,3118.800048828125,3117.699951171875,3117.800048828125,2557
2026-04-28 05:51:00+00:00,3119.10009765625,3119.10009765625,3120.0,3118.5,3118.5,3517
2026-04-28 05:52:00+00:00,3117.0,3117.0,3118.39990234375,3117.0,3118.39990234375,3335
2026-04-28 05:53:00+00:00,3115.300048828125,3115.300048828125,3118.0,3114.300048828125,3117.10009765625,4119
2026-04-28 05:54:00+00:00,3111.39990234375,3111.39990234375,3115.800048828125,3111.10009765625,3115.800048828125,10265
2026-04-28 05:55:00+00:00,3107.0,3107.0,3111.300048828125,3104.5,3111.0,17666
2026-04-28 05:56:00+00:00,3099.10009765625,3099.10009765625,3108.39990234375,3099.10009765625,3108.300048828125,14927
2026-04-28 05:57:00+00:00,3098.60009765625,3098.60009765625,3100.0,3096.39990234375,3099.699951171875,11079
2026-04-28 05:58:00+00:00,3097.39990234375,3097.39990234375,3098.699951171875,3094.10009765625,3098.60009765625,12625
2026-04-28 05:59:00+00:00,3093.199951171875,3093.199951171875,3098.800048828125,3093.199951171875,3097.60009765625,11471
2026-04-28 06:00:00+00:00,3095.199951171875,3095.199951171875,3095.800048828125,3091.800048828125,3094.300048828125,7594
2026-04-28 06:01:00+00:00,3095.89990234375,3095.89990234375,3096.5,3093.39990234375,3095.199951171875,3288
2026-04-28 06:02:00+00:00,3094.0,3094.0,3096.300048828125,3094.0,3095.800048828125,4637
2026-04-28 06:03:00+00:00,3090.0,3090.0,3094.0,3090.0,3094.0,10087
2026-04-28 06:04:00+00:00,3093.60009765625,3093.60009765625,3093.60009765625,3090.0,3090.0,4011
2026-04-28 06:05:00+00:00,3095.0,3095.0,3096.0,3093.0,3094.5,5806
2026-04-28 06:06:00+00:00,3093.89990234375,3093.89990234375,3095.0,3093.0,3094.89990234375,4825
2026-04-28 06:07:00+00:00,3095.5,3095.5,3096.199951171875,3093.89990234375,3093.89990234375,6085
2026-04-28 06:08:00+00:00,3093.89990234375,3093.89990234375,3095.699951171875,3093.89990234375,3095.699951171875,5194
2026-04-28 06:09:00+00:00,3094.199951171875,3094.199951171875,3095.5,3094.10009765625,3094.699951171875,2351
2026-04-28 06:10:00+00:00,3092.199951171875,3092.199951171875,3094.10009765625,3092.199951171875,3094.10009765625,4666
2026-04-28 06:11:00+00:00,3092.699951171875,3092.699951171875,3093.5,3091.199951171875,3092.10009765625,4848
2026-04-28 06:12:00+00:00,3092.10009765625,3092.10009765625,3094.0,3092.0,3092.699951171875,2995
2026-04-28 06:13:00+00:00,3092.5,3092.5,3093.60009765625,3092.10009765625,3092.10009765625,3056
2026-04-28 06:14:00+00:00,3093.10009765625,3093.10009765625,3094.10009765625,3092.199951171875,3093.39990234375,5421
2026-04-28 06:15:00+00:00,3093.0,3093.0,3095.0,3092.300048828125,3093.0,5145
2026-04-28 06:16:00+00:00,3091.300048828125,3091.300048828125,3093.0,3090.5,3093.0,4538
2026-04-28 06:17:00+00:00,3088.5,3088.5,3091.39990234375,3088.0,3091.300048828125,5902
2026-04-28 06:18:00+00:00,3091.0,3091.0,3091.39990234375,3086.300048828125,3088.5,8940
2026-04-28 06:19:00+00:00,3090.0,3090.0,3091.0,3089.199951171875,3090.199951171875,4362
2026-04-28 06:20:00+00:00,3089.0,3089.0,3090.800048828125,3089.0,3090.0,5873
2026-04-28 06:21:00+00:00,3086.60009765625,3086.60009765625,3089.800048828125,3086.300048828125,3089.800048828125,3813
2026-04-28 06:22:00+00:00,3085.300048828125,3085.300048828125,3087.699951171875,3085.0,3086.60009765625,6240
2026-04-28 06:23:00+00:00,3088.89990234375,3088.89990234375,3090.10009765625,3085.300048828125,3086.0,8873
2026-04-28 06:24:00+00:00,3091.199951171875,3091.199951171875,3091.699951171875,3088.10009765625,3089.300048828125,3271
2026-04-28 06:25:00+00:00,3086.800048828125,3086.800048828125,3095.0,3086.800048828125,3091.699951171875,6047
2026-04-28 06:26:00+00:00,3087.10009765625,3087.10009765625,3089.5,3086.60009765625,3088.300048828125,4929
2026-04-28 06:27:00+00:00,3088.800048828125,3088.800048828125,3089.199951171875,3086.5,3087.10009765625,3030
2026-04-28 06:28:00+00:00,3083.699951171875,3083.699951171875,3088.699951171875,3083.699951171875,3088.699951171875,6033
2026-04-28 06:29:00+00:00,3082.800048828125,3082.800048828125,3084.0,3082.0,3083.60009765625,4005
2026-04-28 06:30:00+00:00,3081.199951171875,3081.199951171875,3083.60009765625,3081.199951171875,3083.60009765625,4061
2026-04-28 06:31:00+00:00,3075.0,3075.0,3080.800048828125,3075.0,3080.800048828125,8259
2026-04-28 06:32:00+00:00,3077.5,3077.5,3078.0,3075.699951171875,3076.800048828125,5956
2026-04-28 06:33:00+00:00,3086.0,3086.0,3086.0,3077.89990234375,3077.89990234375,8038
2026-04-28 06:34:00+00:00,3084.199951171875,3084.199951171875,3087.5,3083.10009765625,3084.699951171875,7446
2026-04-28 06:35:00+00:00,3082.199951171875,3082.199951171875,3083.89990234375,3079.60009765625,3083.89990234375,3442
2026-04-28 06:36:00+00:00,3080.0,3080.0,3082.199951171875,3079.60009765625,3082.199951171875,3882
2026-04-28 06:37:00+00:00,3079.5,3079.5,3081.199951171875,3079.5,3080.0,4983
2026-04-28 06:38:00+00:00,3080.800048828125,3080.800048828125,3080.800048828125,3078.39990234375,3079.5,2160
2026-04-28 06:39:00+00:00,3081.0,3081.0,3081.0,3080.39990234375,3080.699951171875,3317
2026-04-28 06:40:00+00:00,3080.0,3080.0,3082.0,3080.0,3080.39990234375,3989
2026-04-28 06:41:00+00:00,3078.0,3078.0,3080.0,3077.5,3080.0,4152
2026-04-28 06:42:00+00:00,3081.800048828125,3081.800048828125,3081.800048828125,3076.800048828125,3077.800048828125,2889
2026-04-28 06:43:00+00:00,3082.89990234375,3082.89990234375,3083.0,3081.10009765625,3082.0,2978
2026-04-28 06:44:00+00:00,3082.5,3082.5,3083.0,3081.300048828125,3082.300048828125,3282
2026-04-28 06:45:00+00:00,3084.10009765625,3084.10009765625,3086.0,3081.0,3081.699951171875,8350
2026-04-28 06:46:00+00:00,3084.199951171875,3084.199951171875,3084.89990234375,3082.60009765625,3084.0,3565
2026-04-28 06:47:00+00:00,3085.10009765625,3085.10009765625,3085.5,3083.800048828125,3084.199951171875,2534
2026-04-28 06:48:00+00:00,3084.199951171875,3084.199951171875,3085.5,3083.5,3084.699951171875,3673
2026-04-28 06:49:00+00:00,3081.5,3081.5,3084.199951171875,3080.800048828125,3084.0,2885
2026-04-28 06:50:00+00:00,3081.89990234375,3081.89990234375,3082.800048828125,3080.5,3081.5,2698
2026-04-28 06:51:00+00:00,3081.0,3081.0,3083.10009765625,3080.199951171875,3081.89990234375,4251
2026-04-28 06:52:00+00:00,3076.0,3076.0,3080.89990234375,3076.0,3080.5,13349
2026-04-28 06:53:00+00:00,3077.0,3077.0,3079.199951171875,3076.0,3077.0,3703
2026-04-28 06:54:00+00:00,3080.0,3080.0,3080.0,3076.0,3077.0,4138
2026-04-28 06:55:00+00:00,3078.699951171875,3078.699951171875,3080.0,3078.699951171875,3079.699951171875,3391
2026-04-28 06:56:00+00:00,3082.89990234375,3082.89990234375,3083.0,3078.699951171875,3078.699951171875,4054
2026-04-28 06:57:00+00:00,3080.800048828125,3080.800048828125,3083.0,3080.5,3082.89990234375,2437
2026-04-28 06:58:00+00:00,3079.5,3079.5,3081.10009765625,3079.10009765625,3080.800048828125,2240
2026-04-28 06:59:00+00:00,3079.39990234375,3079.39990234375,3079.5,3076.60009765625,3079.199951171875,4462
2026-04-28 07:00:00+00:00,3077.5,3077.5,3079.60009765625,3077.10009765625,3079.60009765625,2862
2026-04-28 07:01:00+00:00,3077.699951171875,3077.699951171875,3078.800048828125,3077.39990234375,3077.39990234375,1886
2026-04-28 07:02:00+00:00,3079.800048828125,3079.800048828125,3082.60009765625,3077.800048828125,3077.800048828125,9242
2026-04-28 07:03:00+00:00,3079.39990234375,3079.39990234375,3080.0,3078.89990234375,3079.800048828125,4608
2026-04-28 07:04:00+00:00,3081.5,3081.5,3082.699951171875,3079.800048828125,3080.0,4691
2026-04-28 07:05:00+00:00,3083.0,3083.0,3083.800048828125,3080.699951171875,3081.5,6748
2026-04-28 07:06:00+00:00,3083.60009765625,3083.60009765625,3083.60009765625,3082.0,3083.5,2478
2026-04-28 07:07:00+00:00,3081.699951171875,3081.699951171875,3084.5,3081.699951171875,3084.39990234375,4753
2026-04-28 07:08:00+00:00,3083.10009765625,3083.10009765625,3083.10009765625,3080.5,3081.699951171875,2069
2026-04-28 07:09:00+00:00,3080.300048828125,3080.300048828125,3083.5,3080.300048828125,3083.10009765625,3968
2026-04-28 07:10:00+00:00,3084.0,3084.0,3084.699951171875,3080.300048828125,3081.0,5927
2026-04-28 07:11:00+00:00,3084.0,3084.0,3085.300048828125,3083.0,3084.10009765625,4816
2026-04-28 07:12:00+00:00,3084.89990234375,3084.89990234375,3084.89990234375,3082.89990234375,3084.0,2538
2026-04-28 07:13:00+00:00,3086.0,3086.0,3086.0,3084.0,3084.89990234375,5063
2026-04-28 07:14:00+00:00,3087.39990234375,3087.39990234375,3087.39990234375,3086.0,3086.0,8520
2026-04-28 07:15:00+00:00,3088.60009765625,3088.60009765625,3089.0,3086.89990234375,3086.89990234375,7493
2026-04-28 07:16:00+00:00,3083.89990234375,3083.89990234375,3088.699951171875,3083.800048828125,3088.60009765625,6857
2026-04-28 07:17:00+00:00,3085.199951171875,3085.199951171875,3085.699951171875,3083.60009765625,3084.39990234375,2541
2026-04-28 07:18:00+00:00,3085.10009765625,3085.10009765625,3085.199951171875,3083.89990234375,3085.199951171875,2542
2026-04-28 07:19:00+00:00,3087.5,3087.5,3088.0,3085.10009765625,3085.199951171875,2010
2026-04-28 07:20:00+00:00,3085.800048828125,3085.800048828125,3089.199951171875,3085.0,3088.0,5846
2026-04-28 07:21:00+00:00,3088.89990234375,3088.89990234375,3089.300048828125,3085.60009765625,3085.699951171875,3239
2026-04-28 07:22:00+00:00,3088.60009765625,3088.60009765625,3089.300048828125,3087.699951171875,3089.0,4701
2026-04-28 07:23:00+00:00,3089.10009765625,3089.10009765625,3089.5,3088.5,3088.60009765625,3409
2026-04-28 07:24:00+00:00,3087.699951171875,3087.699951171875,3089.10009765625,3086.0,3089.0,5020
2026-04-28 07:25:00+00:00,3087.800048828125,3087.800048828125,3087.800048828125,3086.60009765625,3087.5,2114
2026-04-28 07:26:00+00:00,3086.0,3086.0,3088.89990234375,3085.39990234375,3087.800048828125,4621
2026-04-28 07:27:00+00:00,3087.5,3087.5,3088.300048828125,3086.199951171875,3086.39990234375,7457
2026-04-28 07:28:00+00:00,3086.39990234375,3086.39990234375,3087.89990234375,3085.5,3087.89990234375,3501
2026-04-28 07:29:00+00:00,3087.0,3087.0,3087.0,3086.199951171875,3086.39990234375,2034
2026-04-28 07:30:00+00:00,3087.60009765625,3087.60009765625,3087.800048828125,3086.800048828125,3087.0,2976
2026-04-28 07:31:00+00:00,3088.800048828125,3088.800048828125,3089.199951171875,3086.300048828125,3087.5,6322
2026-04-28 07:32:00+00:00,3089.60009765625,3089.60009765625,3089.800048828125,3088.300048828125,3088.800048828125,5360
2026-04-28 07:33:00+00:00,3089.699951171875,3089.699951171875,3089.699951171875,3088.0,3089.60009765625,3065
2026-04-28 07:34:00+00:00,3091.5,3091.5,3091.5,3088.5,3089.699951171875,6356
2026-04-28 07:35:00+00:00,3093.60009765625,3093.60009765625,3093.60009765625,3090.5,3091.800048828125,7283
2026-04-28 07:36:00+00:00,3091.699951171875,3091.699951171875,3093.39990234375,3091.39990234375,3093.300048828125,5083
2026-04-28 07:37:00+00:00,3093.199951171875,3093.199951171875,3093.5,3091.0,3092.10009765625,5105
2026-04-28 07:38:00+00:00,3093.39990234375,3093.39990234375,3093.39990234375,3091.89990234375,3093.10009765625,7686
2026-04-28 07:39:00+00:00,3093.89990234375,3093.89990234375,3094.0,3093.300048828125,3093.300048828125,4230
2026-04-28 07:40:00+00:00,3092.0,3092.0,3094.0,3092.0,3093.89990234375,14563
2026-04-28 07:41:00+00:00,3093.199951171875,3093.199951171875,3094.39990234375,3092.10009765625,3092.5,4306
2026-04-28 07:42:00+00:00,3094.0,3094.0,3094.0,3092.89990234375,3093.60009765625,2584
2026-04-28 07:43:00+00:00,3094.199951171875,3094.199951171875,3094.300048828125,3093.89990234375,3094.0,3429
2026-04-28 07:44:00+00:00,3094.0,3094.0,3095.199951171875,3092.199951171875,3094.89990234375,23046
2026-04-28 07:45:00+00:00,3093.800048828125,3093.800048828125,3094.60009765625,3093.300048828125,3094.0,3876
2026-04-28 07:46:00+00:00,3095.0,3095.0,3095.0,3093.300048828125,3093.800048828125,8720
2026-04-28 07:47:00+00:00,3096.0,3096.0,3096.5,3094.89990234375,3095.0,7484
2026-04-28 07:48:00+00:00,3098.39990234375,3098.39990234375,3099.0,3097.10009765625,3097.10009765625,10003
2026-04-28 07:49:00+00:00,3097.0,3097.0,3098.699951171875,3096.699951171875,3098.39990234375,4374
2026-04-28 07:50:00+00:00,3097.5,3097.5,3098.0,3095.89990234375,3097.10009765625,6523
2026-04-28 07:51:00+00:00,3098.89990234375,3098.89990234375,3099.0,3097.300048828125,3098.0,4382
2026-04-28 07:52:00+00:00,3098.800048828125,3098.800048828125,3099.800048828125,3098.800048828125,3098.89990234375,7380
2026-04-28 07:53:00+00:00,3098.5,3098.5,3099.39990234375,3098.0,3099.0,5594
2026-04-28 07:54:00+00:00,3099.800048828125,3099.800048828125,3099.89990234375,3098.10009765625,3098.5,6750
2026-04-28 07:55:00+00:00,3100.10009765625,3100.10009765625,3100.39990234375,3099.699951171875,3099.800048828125,5089
2026-04-28 07:56:00+00:00,3098.300048828125,3098.300048828125,3100.10009765625,3096.699951171875,3099.89990234375,8588
2026-04-28 07:57:00+00:00,3101.60009765625,3101.60009765625,3101.699951171875,3098.60009765625,3098.60009765625,6642
2026-04-28 07:58:00+00:00,3098.89990234375,3098.89990234375,3101.60009765625,3098.39990234375,3101.60009765625,4880
2026-04-28 07:59:00+00:00,3098.0,3098.0,3099.5,3097.300048828125,3098.89990234375,5808
2026-04-28 08:00:00+00:00,3096.0,3096.0,3098.0,3095.10009765625,3098.0,6838
2026-04-28 08:01:00+00:00,3095.89990234375,3095.89990234375,3097.300048828125,3095.699951171875,3096.10009765625,4681
2026-04-28 08:02:00+00:00,3096.39990234375,3096.39990234375,3097.10009765625,3095.300048828125,3095.699951171875,10613
2026-04-28 08:03:00+00:00,3093.699951171875,3093.699951171875,3096.60009765625,3093.300048828125,3096.300048828125,4240
2026-04-28 08:04:00+00:00,3095.800048828125,3095.800048828125,3096.300048828125,3093.39990234375,3093.800048828125,17748
2026-04-28 08:05:00+00:00,3092.39990234375,3092.39990234375,3096.0,3091.800048828125,3095.800048828125,10553
2026-04-28 08:06:00+00:00,3093.10009765625,3093.10009765625,3093.800048828125,3091.60009765625,3092.5,22025
2026-04-28 08:07:00+00:00,3095.0,3095.0,3096.60009765625,3093.0,3093.199951171875,8795
2026-04-28 08:08:00+00:00,3096.199951171875,3096.199951171875,3096.39990234375,3094.300048828125,3095.0,6616
2026-04-28 08:09:00+00:00,3094.60009765625,3094.60009765625,3095.699951171875,3092.89990234375,3095.300048828125,4556
2026-04-28 08:10:00+00:00,3096.300048828125,3096.300048828125,3096.300048828125,3094.0,3094.60009765625,3569
2026-04-28 08:11:00+00:00,3097.0,3097.0,3098.89990234375,3096.5,3096.5,6343
2026-04-28 08:12:00+00:00,3098.300048828125,3098.300048828125,3098.60009765625,3096.800048828125,3096.89990234375,4103
2026-04-28 08:13:00+00:00,3098.60009765625,3098.60009765625,3098.89990234375,3098.39990234375,3098.5,3929
2026-04-28 08:14:00+00:00,3096.10009765625,3096.10009765625,3098.699951171875,3095.300048828125,3098.60009765625,6739
2026-04-28 08:15:00+00:00,3096.300048828125,3096.300048828125,3096.89990234375,3095.39990234375,3096.10009765625,3923
2026-04-28 08:16:00+00:00,3096.199951171875,3096.199951171875,3097.0,3096.10009765625,3096.300048828125,3357
2026-04-28 08:17:00+00:00,3096.800048828125,3096.800048828125,3097.199951171875,3095.699951171875,3096.199951171875,3727
2026-04-28 08:18:00+00:00,3096.800048828125,3096.800048828125,3097.699951171875,3096.5,3096.699951171875,4820
2026-04-28 08:19:00+00:00,3098.0,3098.0,3098.300048828125,3096.699951171875,3096.89990234375,5088
2026-04-28 08:20:00+00:00,3099.0,3099.0,3099.0,3097.199951171875,3098.199951171875,5701
2026-04-28 08:21:00+00:00,3099.10009765625,3099.10009765625,3099.699951171875,3098.199951171875,3099.0,13046
2026-04-28 08:22:00+00:00,3099.0,3099.0,3099.199951171875,3098.60009765625,3098.89990234375,3861
2026-04-28 08:23:00+00:00,3099.0,3099.0,3101.199951171875,3098.5,3098.5,8910
2026-04-28 08:24:00+00:00,3099.699951171875,3099.699951171875,3100.300048828125,3099.0,3099.10009765625,4167
2026-04-28 08:25:00+00:00,3101.39990234375,3101.39990234375,3101.39990234375,3099.5,3100.0,4942
2026-04-28 08:26:00+00:00,3100.89990234375,3100.89990234375,3102.0,3100.39990234375,3101.5,6932
2026-04-28 08:27:00+00:00,3099.10009765625,3099.10009765625,3101.39990234375,3098.89990234375,3100.89990234375,11301
2026-04-28 08:28:00+00:00,3101.89990234375,3101.89990234375,3101.89990234375,3099.10009765625,3099.10009765625,6693
2026-04-28 08:29:00+00:00,3102.0,3102.0,3102.300048828125,3101.300048828125,3101.89990234375,6433
2026-04-28 08:30:00+00:00,3100.10009765625,3100.10009765625,3102.0,3099.60009765625,3102.0,6022
2026-04-28 08:31:00+00:00,3100.5,3100.5,3100.5,3099.199951171875,3100.10009765625,6775
2026-04-28 08:32:00+00:00,3100.60009765625,3100.60009765625,3100.60009765625,3095.0,3100.5,29861
2026-04-28 08:33:00+00:00,3101.10009765625,3101.10009765625,3101.10009765625,3099.89990234375,3100.60009765625,8597
2026-04-28 08:34:00+00:00,3100.5,3100.5,3101.10009765625,3100.300048828125,3101.10009765625,2878
2026-04-28 08:35:00+00:00,3098.300048828125,3098.300048828125,3100.60009765625,3098.0,3100.60009765625,3268
2026-04-28 08:36:00+00:00,3100.60009765625,3100.60009765625,3100.60009765625,3098.0,3098.300048828125,9256
2026-04-28 08:37:00+00:00,3100.0,3100.0,3100.60009765625,3097.5,3100.60009765625,18975
2026-04-28 08:38:00+00:00,3099.699951171875,3099.699951171875,3100.199951171875,3096.10009765625,3099.699951171875,33368
2026-04-28 08:39:00+00:00,3100.0,3100.0,3100.199951171875,3098.0,3100.199951171875,6591
2026-04-28 08:40:00+00:00,3097.0,3097.0,3100.199951171875,3097.0,3100.0,5146
2026-04-28 08:41:00+00:00,3099.0,3099.0,3099.0,3096.89990234375,3097.800048828125,12963
2026-04-28 08:42:00+00:00,3098.5,3098.5,3099.199951171875,3096.699951171875,3099.0,6855
2026-04-28 08:43:00+00:00,3100.10009765625,3100.10009765625,3100.5,3098.699951171875,3099.0,11964
2026-04-28 08:44:00+00:00,3099.199951171875,3099.199951171875,3100.5,3097.699951171875,3100.300048828125,7284
2026-04-28 08:45:00+00:00,3095.699951171875,3095.699951171875,3099.89990234375,3095.699951171875,3099.5,5367
2026-04-28 08:46:00+00:00,3095.60009765625,3095.60009765625,3097.300048828125,3094.800048828125,3096.39990234375,7341
2026-04-28 08:47:00+00:00,3096.5,3096.5,3096.699951171875,3094.800048828125,3095.60009765625,7499
2026-04-28 08:48:00+00:00,3097.800048828125,3097.800048828125,3097.800048828125,3096.199951171875,3096.89990234375,4017
2026-04-28 08:49:00+00:00,3096.199951171875,3096.199951171875,3098.89990234375,3096.199951171875,3097.800048828125,6097
2026-04-28 08:50:00+00:00,3096.89990234375,3096.89990234375,3097.300048828125,3095.89990234375,3096.800048828125,3216
2026-04-28 08:51:00+00:00,3098.0,3098.0,3098.0,3096.0,3096.699951171875,3664
2026-04-28 08:52:00+00:00,3098.699951171875,3098.699951171875,3099.10009765625,3097.800048828125,3098.0,3423
2026-04-28 08:53:00+00:00,3099.10009765625,3099.10009765625,3099.699951171875,3098.300048828125,3098.699951171875,4900
2026-04-28 08:54:00+00:00,3096.89990234375,3096.89990234375,3099.5,3096.10009765625,3099.5,4965
2026-04-28 08:55:00+00:00,3096.0,3096.0,3097.10009765625,3095.39990234375,3096.89990234375,3586
2026-04-28 08:56:00+00:00,3094.89990234375,3094.89990234375,3096.5,3094.699951171875,3096.39990234375,5191
2026-04-28 08:57:00+00:00,3092.39990234375,3092.39990234375,3095.300048828125,3092.39990234375,3094.89990234375,4865
2026-04-28 08:58:00+00:00,3092.199951171875,3092.199951171875,3092.89990234375,3092.0,3092.699951171875,3354
2026-04-28 08:59:00+00:00,3086.5,3086.5,3092.5,3085.300048828125,3092.199951171875,15648
2026-04-28 09:00:00+00:00,3090.39990234375,3090.39990234375,3090.800048828125,3086.300048828125,3086.300048828125,6927
2026-04-28 09:01:00+00:00,3094.89990234375,3094.89990234375,3095.0,3089.89990234375,3090.39990234375,17331
2026-04-28 09:02:00+00:00,3092.10009765625,3092.10009765625,3097.0,3092.10009765625,3095.699951171875,14588
2026-04-28 09:03:00+00:00,3095.199951171875,3095.199951171875,3095.199951171875,3092.699951171875,3093.0,4725
2026-04-28 09:04:00+00:00,3093.0,3093.0,3097.300048828125,3092.800048828125,3096.10009765625,5900
2026-04-28 09:05:00+00:00,3094.39990234375,3094.39990234375,3095.300048828125,3093.199951171875,3094.300048828125,4219
2026-04-28 09:06:00+00:00,3095.300048828125,3095.300048828125,3096.0,3094.300048828125,3094.699951171875,5222
2026-04-28 09:07:00+00:00,3095.199951171875,3095.199951171875,3095.89990234375,3095.0,3095.300048828125,3070
2026-04-28 09:08:00+00:00,3095.89990234375,3095.89990234375,3096.60009765625,3095.10009765625,3095.199951171875,3926
2026-04-28 09:09:00+00:00,3095.60009765625,3095.60009765625,3096.0,3094.89990234375,3095.5,3195
2026-04-28 09:10:00+00:00,3097.300048828125,3097.300048828125,3097.300048828125,3095.60009765625,3095.89990234375,4208
2026-04-28 09:11:00+00:00,3093.199951171875,3093.199951171875,3097.699951171875,3091.89990234375,3096.800048828125,9143
2026-04-28 09:12:00+00:00,3095.300048828125,3095.300048828125,3096.0,3091.699951171875,3093.39990234375,7791
2026-04-28 09:13:00+00:00,3091.300048828125,3091.300048828125,3095.300048828125,3091.300048828125,3095.199951171875,5350
2026-04-28 09:14:00+00:00,3094.0,3094.0,3094.800048828125,3092.0,3092.0,4675
2026-04-28 09:15:00+00:00,3089.39990234375,3089.39990234375,3094.0,3085.89990234375,3093.699951171875,10345
2026-04-28 09:16:00+00:00,3093.60009765625,3093.60009765625,3093.89990234375,3087.800048828125,3088.5,11367
2026-04-28 09:17:00+00:00,3089.300048828125,3089.300048828125,3093.89990234375,3087.699951171875,3093.89990234375,6668
2026-04-28 09:18:00+00:00,3090.0,3090.0,3092.0,3088.89990234375,3089.300048828125,10100
2026-04-28 09:19:00+00:00,3093.0,3093.0,3093.699951171875,3090.39990234375,3090.60009765625,4585
2026-04-28 09:20:00+00:00,3092.699951171875,3092.699951171875,3095.0,3092.0,3093.0,8065
2026-04-28 09:21:00+00:00,3094.10009765625,3094.10009765625,3095.199951171875,3090.0,3092.10009765625,8544
2026-04-28 09:22:00+00:00,3094.300048828125,3094.300048828125,3094.89990234375,3092.300048828125,3093.5,4484
2026-04-28 09:23:00+00:00,3093.10009765625,3093.10009765625,3094.39990234375,3092.800048828125,3094.300048828125,5760
2026-04-28 09:24:00+00:00,3093.5,3093.5,3093.89990234375,3092.800048828125,3093.10009765625,3469
2026-04-28 09:25:00+00:00,3091.699951171875,3091.699951171875,3093.60009765625,3090.699951171875,3093.60009765625,9762
2026-04-28 09:26:00+00:00,3090.89990234375,3090.89990234375,3093.0,3090.39990234375,3092.10009765625,5856
2026-04-28 09:27:00+00:00,3090.5,3090.5,3091.5,3089.0,3090.60009765625,5737
2026-04-28 09:28:00+00:00,3093.0,3093.0,3094.10009765625,3090.60009765625,3091.199951171875,11069
2026-04-28 09:29:00+00:00,3092.800048828125,3092.800048828125,3094.0,3091.0,3093.0,5531
2026-04-28 09:30:00+00:00,3091.89990234375,3091.89990234375,3093.300048828125,3090.199951171875,3093.300048828125,14613
2026-04-28 09:31:00+00:00,3089.699951171875,3089.699951171875,3091.800048828125,3088.39990234375,3091.699951171875,17431
2026-04-28 09:32:00+00:00,3089.300048828125,3089.300048828125,3090.10009765625,3089.0,3089.699951171875,17658
2026-04-28 09:33:00+00:00,3089.5,3089.5,3090.199951171875,3088.5,3089.300048828125,16933
2026-04-28 09:34:00+00:00,3085.800048828125,3085.800048828125,3089.60009765625,3085.300048828125,3089.60009765625,27826
2026-04-28 09:35:00+00:00,3086.0,3086.0,3088.89990234375,3085.199951171875,3085.199951171875,39605
2026-04-28 09:36:00+00:00,3086.39990234375,3086.39990234375,3087.300048828125,3085.0,3086.10009765625,14096
2026-04-28 09:37:00+00:00,3084.699951171875,3084.699951171875,3086.300048828125,3084.60009765625,3086.300048828125,11854
2026-04-28 09:38:00+00:00,3086.199951171875,3086.199951171875,3086.800048828125,3083.89990234375,3084.699951171875,18202
2026-04-28 09:39:00+00:00,3087.199951171875,3087.199951171875,3089.0,3086.10009765625,3086.10009765625,39418
2026-04-28 09:40:00+00:00,3088.699951171875,3088.699951171875,3089.300048828125,3087.0,3087.199951171875,18301
2026-04-28 09:41:00+00:00,3087.5,3087.5,3088.699951171875,3085.0,3088.699951171875,15610
2026-04-28 09:42:00+00:00,3088.10009765625,3088.10009765625,3089.5,3086.10009765625,3087.5,14573
2026-04-28 09:43:00+00:00,3088.800048828125,3088.800048828125,3089.0,3087.699951171875,3088.199951171875,11709
2026-04-28 09:44:00+00:00,3087.10009765625,3087.10009765625,3089.0,3087.10009765625,3088.699951171875,14562
2026-04-28 09:45:00+00:00,3087.800048828125,3087.800048828125,3087.89990234375,3087.199951171875,3087.89990234375,15052
2026-04-28 09:46:00+00:00,3088.5,3088.5,3088.5,3087.800048828125,3088.300048828125,14935
2026-04-28 09:47:00+00:00,3089.699951171875,3089.699951171875,3090.0,3088.699951171875,3088.699951171875,13081
2026-04-28 09:48:00+00:00,3090.10009765625,3090.10009765625,3090.300048828125,3088.60009765625,3089.699951171875,15057
2026-04-28 09:49:00+00:00,3090.0,3090.0,3091.39990234375,3090.0,3090.0,17003
2026-04-28 09:50:00+00:00,3089.699951171875,3089.699951171875,3090.800048828125,3089.5,3090.0,17086
2026-04-28 09:51:00+00:00,3087.60009765625,3087.60009765625,3089.699951171875,3087.0,3089.699951171875,19923
2026-04-28 09:52:00+00:00,3085.10009765625,3085.10009765625,3087.5,3084.800048828125,3087.39990234375,13107
2026-04-28 09:53:00+00:00,3085.5,3085.5,3087.39990234375,3084.89990234375,3085.0,13276
2026-04-28 09:54:00+00:00,3086.300048828125,3086.300048828125,3086.300048828125,3085.0,3085.5,12109
2026-04-28 09:55:00+00:00,3089.699951171875,3089.699951171875,3091.0,3086.5,3087.300048828125,16195
2026-04-28 09:56:00+00:00,3089.0,3089.0,3091.0,3088.89990234375,3090.300048828125,15391
2026-04-28 09:57:00+00:00,3091.699951171875,3091.699951171875,3091.699951171875,3088.800048828125,3089.10009765625,20775
2026-04-28 09:58:00+00:00,3087.699951171875,3087.699951171875,3091.39990234375,3087.699951171875,3090.0,16491
2026-04-28 09:59:00+00:00,3084.800048828125,3084.800048828125,3089.300048828125,3084.800048828125,3088.300048828125,7068
2026-04-29 03:45:00+00:00,3098.89990234375,3098.89990234375,3107.10009765625,3095.0,3097.0,0
2026-04-29 03:46:00+00:00,3122.5,3122.5,3123.800048828125,3098.89990234375,3098.89990234375,27461
2026-04-29 03:47:00+00:00,3124.5,3124.5,3130.699951171875,3122.0,3122.300048828125,27901
2026-04-29 03:48:00+00:00,3125.10009765625,3125.10009765625,3128.89990234375,3122.199951171875,3123.39990234375,21517
2026-04-29 03:49:00+00:00,3122.60009765625,3122.60009765625,3127.10009765625,3119.800048828125,3127.10009765625,18470
2026-04-29 03:50:00+00:00,3128.199951171875,3128.199951171875,3129.39990234375,3122.39990234375,3122.39990234375,19239
2026-04-29 03:51:00+00:00,3127.5,3127.5,3129.60009765625,3124.300048828125,3129.0,13983
2026-04-29 03:52:00+00:00,3125.800048828125,3125.800048828125,3130.300048828125,3125.800048828125,3128.5,19931
2026-04-29 03:53:00+00:00,3118.10009765625,3118.10009765625,3126.10009765625,3117.199951171875,3126.10009765625,11044
2026-04-29 03:54:00+00:00,3124.300048828125,3124.300048828125,3124.300048828125,3117.60009765625,3119.60009765625,7379
2026-04-29 03:55:00+00:00,3123.10009765625,3123.10009765625,3124.60009765625,3121.699951171875,3123.10009765625,5978
2026-04-29 03:56:00+00:00,3131.800048828125,3131.800048828125,3131.800048828125,3121.5,3121.5,11481
2026-04-29 03:57:00+00:00,3136.89990234375,3136.89990234375,3136.89990234375,3130.89990234375,3133.0,23559
2026-04-29 03:58:00+00:00,3134.5,3134.5,3138.10009765625,3134.39990234375,3137.0,9321
2026-04-29 03:59:00+00:00,3137.10009765625,3137.10009765625,3138.0,3134.60009765625,3134.60009765625,8055
2026-04-29 04:00:00+00:00,3139.89990234375,3139.89990234375,3139.89990234375,3138.0,3138.0,16878
2026-04-29 04:01:00+00:00,3138.60009765625,3138.60009765625,3140.800048828125,3138.60009765625,3139.800048828125,19898
2026-04-29 04:02:00+00:00,3135.0,3135.0,3140.0,3135.0,3140.0,8638
2026-04-29 04:03:00+00:00,3130.60009765625,3130.60009765625,3134.699951171875,3130.0,3134.699951171875,12216
2026-04-29 04:04:00+00:00,3126.60009765625,3126.60009765625,3130.10009765625,3126.39990234375,3130.10009765625,12473
2026-04-29 04:05:00+00:00,3124.10009765625,3124.10009765625,3128.199951171875,3123.0,3126.60009765625,8137
2026-04-29 04:06:00+00:00,3127.60009765625,3127.60009765625,3127.60009765625,3123.800048828125,3123.800048828125,5168
2026-04-29 04:07:00+00:00,3127.699951171875,3127.699951171875,3129.10009765625,3127.699951171875,3128.199951171875,4857
2026-04-29 04:08:00+00:00,3122.89990234375,3122.89990234375,3128.60009765625,3121.800048828125,3128.60009765625,10290
2026-04-29 04:09:00+00:00,3125.300048828125,3125.300048828125,3125.300048828125,3122.0,3122.89990234375,7574
2026-04-29 04:10:00+00:00,3127.199951171875,3127.199951171875,3127.5,3126.39990234375,3126.39990234375,2745
2026-04-29 04:11:00+00:00,3126.800048828125,3126.800048828125,3129.199951171875,3124.5,3125.0,12437
2026-04-29 04:12:00+00:00,3127.89990234375,3127.89990234375,3128.800048828125,3126.89990234375,3127.10009765625,2637
2026-04-29 04:13:00+00:00,3130.5,3130.5,3131.0,3128.0,3128.0,6411
2026-04-29 04:14:00+00:00,3133.199951171875,3133.199951171875,3134.39990234375,3130.5,3130.5,7367
2026-04-29 04:15:00+00:00,3133.60009765625,3133.60009765625,3136.5,3133.10009765625,3133.39990234375,11436
2026-04-29 04:16:00+00:00,3136.0,3136.0,3136.0,3135.0,3135.0,4344
2026-04-29 04:17:00+00:00,3139.0,3139.0,3139.300048828125,3136.0,3136.0,12688
2026-04-29 04:18:00+00:00,3147.199951171875,3147.199951171875,3147.39990234375,3139.0,3139.0,29368
2026-04-29 04:19:00+00:00,3155.10009765625,3155.10009765625,3155.699951171875,3147.0,3147.199951171875,54864
2026-04-29 04:20:00+00:00,3163.800048828125,3163.800048828125,3163.800048828125,3153.0,3155.5,30384
2026-04-29 04:21:00+00:00,3165.0,3165.0,3167.5,3163.60009765625,3163.60009765625,27109
2026-04-29 04:22:00+00:00,3167.0,3167.0,3167.5,3161.699951171875,3164.0,19647
2026-04-29 04:23:00+00:00,3165.10009765625,3165.10009765625,3167.699951171875,3163.0,3167.5,18715
2026-04-29 04:24:00+00:00,3171.5,3171.5,3174.0,3164.89990234375,3165.10009765625,32817
2026-04-29 04:25:00+00:00,3173.89990234375,3173.89990234375,3174.699951171875,3171.0,3172.89990234375,16643
2026-04-29 04:26:00+00:00,3164.0,3164.0,3173.89990234375,3163.60009765625,3173.89990234375,12374
2026-04-29 04:27:00+00:00,3163.60009765625,3163.60009765625,3165.5,3159.800048828125,3164.0,13163
2026-04-29 04:28:00+00:00,3170.0,3170.0,3172.89990234375,3163.39990234375,3163.800048828125,23361
2026-04-29 04:29:00+00:00,3167.89990234375,3167.89990234375,3170.0,3167.699951171875,3169.300048828125,6214
2026-04-29 04:30:00+00:00,3171.89990234375,3171.89990234375,3172.0,3167.89990234375,3167.89990234375,16026
2026-04-29 04:31:00+00:00,3174.5,3174.5,3175.0,3171.89990234375,3172.0,22132
2026-04-29 04:32:00+00:00,3174.199951171875,3174.199951171875,3177.0,3172.60009765625,3174.199951171875,27602
2026-04-29 04:33:00+00:00,3173.800048828125,3173.800048828125,3176.0,3173.0,3174.0,16126
2026-04-29 04:34:00+00:00,3169.0,3169.0,3173.699951171875,3169.0,3173.699951171875,5746
2026-04-29 04:35:00+00:00,3173.0,3173.0,3173.0,3166.5,3169.0,14355
2026-04-29 04:36:00+00:00,3171.60009765625,3171.60009765625,3173.699951171875,3171.5,3173.699951171875,8856
2026-04-29 04:37:00+00:00,3172.199951171875,3172.199951171875,3175.0,3171.60009765625,3171.89990234375,9692
2026-04-29 04:38:00+00:00,3169.10009765625,3169.10009765625,3172.10009765625,3168.10009765625,3172.10009765625,10019
2026-04-29 04:39:00+00:00,3172.0,3172.0,3172.0,3168.5,3169.10009765625,7953
2026-04-29 04:40:00+00:00,3174.300048828125,3174.300048828125,3174.300048828125,3170.5,3172.300048828125,10263
2026-04-29 04:41:00+00:00,3175.5,3175.5,3177.0,3174.60009765625,3174.800048828125,27981
2026-04-29 04:42:00+00:00,3175.10009765625,3175.10009765625,3177.0,3175.0,3175.199951171875,5476
2026-04-29 04:43:00+00:00,3175.199951171875,3175.199951171875,3175.5,3174.0,3175.10009765625,7864
2026-04-29 04:44:00+00:00,3175.5,3175.5,3178.0,3175.0,3175.199951171875,17460
2026-04-29 04:45:00+00:00,3176.39990234375,3176.39990234375,3177.60009765625,3175.39990234375,3175.39990234375,7506
2026-04-29 04:46:00+00:00,3178.199951171875,3178.199951171875,3178.199951171875,3176.0,3176.699951171875,10361
2026-04-29 04:47:00+00:00,3179.0,3179.0,3179.60009765625,3178.60009765625,3178.60009765625,14655
2026-04-29 04:48:00+00:00,3176.800048828125,3176.800048828125,3179.0,3176.60009765625,3179.0,4400
2026-04-29 04:49:00+00:00,3178.0,3178.0,3178.0,3176.0,3177.0,7931
2026-04-29 04:50:00+00:00,3186.0,3186.0,3186.5,3179.10009765625,3179.10009765625,45949
2026-04-29 04:51:00+00:00,3185.800048828125,3185.800048828125,3186.89990234375,3183.89990234375,3186.89990234375,12611
2026-04-29 04:52:00+00:00,3187.699951171875,3187.699951171875,3192.0,3185.5,3185.89990234375,42026
2026-04-29 04:53:00+00:00,3186.300048828125,3186.300048828125,3190.39990234375,3185.699951171875,3188.89990234375,13809
2026-04-29 04:54:00+00:00,3186.199951171875,3186.199951171875,3187.699951171875,3183.800048828125,3187.699951171875,8228
2026-04-29 04:55:00+00:00,3184.60009765625,3184.60009765625,3186.39990234375,3182.0,3186.300048828125,10966
2026-04-29 04:56:00+00:00,3186.800048828125,3186.800048828125,3187.0,3184.60009765625,3184.89990234375,10982
2026-04-29 04:57:00+00:00,3183.800048828125,3183.800048828125,3187.0,3183.800048828125,3186.39990234375,9171
2026-04-29 04:58:00+00:00,3186.60009765625,3186.60009765625,3189.0,3184.5,3184.5,12792
2026-04-29 04:59:00+00:00,3184.0,3184.0,3185.89990234375,3184.0,3185.89990234375,9107
2026-04-29 05:00:00+00:00,3184.39990234375,3184.39990234375,3185.0,3181.60009765625,3184.0,8930
2026-04-29 05:01:00+00:00,3182.89990234375,3182.89990234375,3188.0,3181.60009765625,3184.39990234375,14573
2026-04-29 05:02:00+00:00,3182.10009765625,3182.10009765625,3184.39990234375,3177.300048828125,3182.89990234375,13219
2026-04-29 05:03:00+00:00,3182.89990234375,3182.89990234375,3185.300048828125,3182.10009765625,3182.10009765625,14656
2026-04-29 05:04:00+00:00,3181.800048828125,3181.800048828125,3183.60009765625,3180.10009765625,3182.89990234375,15478
2026-04-29 05:05:00+00:00,3181.5,3181.5,3182.0,3181.0,3181.800048828125,7107
2026-04-29 05:06:00+00:00,3182.89990234375,3182.89990234375,3182.89990234375,3179.39990234375,3181.60009765625,8753
2026-04-29 05:07:00+00:00,3181.5,3181.5,3182.89990234375,3180.5,3182.89990234375,14415
2026-04-29 05:08:00+00:00,3178.800048828125,3178.800048828125,3182.10009765625,3175.699951171875,3181.5,15288
2026-04-29 05:09:00+00:00,3185.0,3185.0,3187.0,3179.10009765625,3179.89990234375,16050
2026-04-29 05:10:00+00:00,3183.199951171875,3183.199951171875,3186.0,3182.199951171875,3185.0,9417
2026-04-29 05:11:00+00:00,3185.699951171875,3185.699951171875,3185.89990234375,3182.199951171875,3182.199951171875,8287
2026-04-29 05:12:00+00:00,3182.60009765625,3182.60009765625,3185.699951171875,3181.800048828125,3185.60009765625,8224
2026-04-29 05:13:00+00:00,3182.300048828125,3182.300048828125,3184.0,3182.0,3182.60009765625,4735
2026-04-29 05:14:00+00:00,3181.0,3181.0,3182.0,3180.0,3182.0,3494
2026-04-29 05:15:00+00:00,3177.300048828125,3177.300048828125,3181.5,3177.300048828125,3180.199951171875,17485
2026-04-29 05:16:00+00:00,3178.0,3178.0,3180.199951171875,3177.5,3177.5,20533
2026-04-29 05:17:00+00:00,3178.0,3178.0,3178.60009765625,3175.699951171875,3178.0,6060
2026-04-29 05:18:00+00:00,3181.10009765625,3181.10009765625,3181.10009765625,3178.0,3178.0,4017
2026-04-29 05:19:00+00:00,3180.300048828125,3180.300048828125,3181.10009765625,3178.199951171875,3181.10009765625,8201
2026-04-29 05:20:00+00:00,3181.39990234375,3181.39990234375,3182.699951171875,3180.300048828125,3180.300048828125,16311
2026-04-29 05:21:00+00:00,3181.60009765625,3181.60009765625,3182.199951171875,3181.39990234375,3181.39990234375,4950
2026-04-29 05:22:00+00:00,3181.39990234375,3181.39990234375,3181.89990234375,3179.800048828125,3181.699951171875,8079
2026-04-29 05:23:00+00:00,3180.300048828125,3180.300048828125,3181.5,3180.10009765625,3181.39990234375,2885
2026-04-29 05:24:00+00:00,3181.0,3181.0,3181.0,3180.0,3181.0,4084
2026-04-29 05:25:00+00:00,3180.699951171875,3180.699951171875,3181.0,3180.60009765625,3181.0,2607
2026-04-29 05:26:00+00:00,3180.800048828125,3180.800048828125,3180.89990234375,3180.60009765625,3180.699951171875,3593
2026-04-29 05:27:00+00:00,3181.89990234375,3181.89990234375,3185.0,3180.800048828125,3180.89990234375,16321
2026-04-29 05:28:00+00:00,3184.10009765625,3184.10009765625,3187.199951171875,3181.89990234375,3181.89990234375,21337
2026-04-29 05:29:00+00:00,3186.39990234375,3186.39990234375,3186.5,3183.89990234375,3185.10009765625,4761
2026-04-29 05:30:00+00:00,3186.199951171875,3186.199951171875,3187.0,3185.5,3186.0,7327
2026-04-29 05:31:00+00:00,3185.800048828125,3185.800048828125,3187.0,3185.199951171875,3187.0,4490
2026-04-29 05:32:00+00:00,3183.699951171875,3183.699951171875,3188.5,3183.60009765625,3185.800048828125,17159
2026-04-29 05:33:00+00:00,3189.60009765625,3189.60009765625,3190.0,3183.60009765625,3183.699951171875,11619
2026-04-29 05:34:00+00:00,3187.5,3187.5,3190.89990234375,3187.5,3189.60009765625,17775
2026-04-29 05:35:00+00:00,3188.0,3188.0,3188.0,3185.800048828125,3187.5,7123
2026-04-29 05:36:00+00:00,3187.39990234375,3187.39990234375,3188.60009765625,3186.0,3188.0,8575
2026-04-29 05:37:00+00:00,3186.89990234375,3186.89990234375,3189.39990234375,3186.5,3187.699951171875,8998
2026-04-29 05:38:00+00:00,3186.300048828125,3186.300048828125,3186.89990234375,3184.5,3186.89990234375,9184
2026-04-29 05:39:00+00:00,3185.5,3185.5,3187.0,3185.5,3186.5,7909
2026-04-29 05:40:00+00:00,3186.10009765625,3186.10009765625,3187.89990234375,3185.10009765625,3186.10009765625,7846
2026-04-29 05:41:00+00:00,3184.89990234375,3184.89990234375,3185.699951171875,3184.0,3185.39990234375,7689
2026-04-29 05:42:00+00:00,3183.800048828125,3183.800048828125,3185.199951171875,3183.5,3185.0,9698
2026-04-29 05:43:00+00:00,3184.5,3184.5,3184.5,3183.5,3183.89990234375,7553
2026-04-29 05:44:00+00:00,3183.800048828125,3183.800048828125,3185.0,3183.5,3184.5,12712
2026-04-29 05:45:00+00:00,3185.5,3185.5,3187.89990234375,3183.60009765625,3184.300048828125,7760
2026-04-29 05:46:00+00:00,3179.800048828125,3179.800048828125,3185.699951171875,3179.0,3185.39990234375,19456
2026-04-29 05:47:00+00:00,3180.39990234375,3180.39990234375,3181.60009765625,3178.199951171875,3178.5,9751
2026-04-29 05:48:00+00:00,3174.699951171875,3174.699951171875,3180.300048828125,3171.0,3180.300048828125,18801
2026-04-29 05:49:00+00:00,3173.5,3173.5,3176.10009765625,3172.800048828125,3174.300048828125,7565
2026-04-29 05:50:00+00:00,3177.199951171875,3177.199951171875,3177.89990234375,3172.0,3173.5,11794
2026-04-29 05:51:00+00:00,3178.39990234375,3178.39990234375,3182.0,3177.199951171875,3177.199951171875,10976
2026-04-29 05:52:00+00:00,3176.199951171875,3176.199951171875,3181.800048828125,3175.89990234375,3178.89990234375,7727
2026-04-29 05:53:00+00:00,3171.800048828125,3171.800048828125,3176.89990234375,3171.800048828125,3176.89990234375,6473
2026-04-29 05:54:00+00:00,3167.800048828125,3167.800048828125,3171.800048828125,3165.199951171875,3171.199951171875,15675
2026-04-29 05:55:00+00:00,3167.60009765625,3167.60009765625,3169.5,3166.300048828125,3167.800048828125,14149
2026-04-29 05:56:00+00:00,3169.199951171875,3169.199951171875,3170.60009765625,3167.89990234375,3167.89990234375,4085
2026-04-29 05:57:00+00:00,3169.0,3169.0,3169.89990234375,3168.5,3168.800048828125,4617
2026-04-29 05:58:00+00:00,3167.0,3167.0,3168.89990234375,3167.0,3168.89990234375,6149
2026-04-29 05:59:00+00:00,3164.10009765625,3164.10009765625,3167.300048828125,3163.199951171875,3167.0,11550
2026-04-29 06:00:00+00:00,3163.89990234375,3163.89990234375,3165.39990234375,3163.0,3165.39990234375,4564
2026-04-29 06:01:00+00:00,3164.800048828125,3164.800048828125,3166.0,3163.60009765625,3163.89990234375,4880
2026-04-29 06:02:00+00:00,3164.800048828125,3164.800048828125,3165.0,3164.39990234375,3164.800048828125,4146
2026-04-29 06:03:00+00:00,3166.60009765625,3166.60009765625,3166.60009765625,3164.10009765625,3164.800048828125,4451
2026-04-29 06:04:00+00:00,3167.800048828125,3167.800048828125,3168.699951171875,3166.10009765625,3166.60009765625,5417
2026-04-29 06:05:00+00:00,3166.5,3166.5,3167.89990234375,3165.60009765625,3167.89990234375,7159
2026-04-29 06:06:00+00:00,3166.39990234375,3166.39990234375,3166.800048828125,3165.5,3166.800048828125,3413
2026-04-29 06:07:00+00:00,3164.60009765625,3164.60009765625,3166.5,3164.60009765625,3166.5,3864
2026-04-29 06:08:00+00:00,3163.89990234375,3163.89990234375,3166.300048828125,3163.89990234375,3166.300048828125,5255
2026-04-29 06:09:00+00:00,3164.60009765625,3164.60009765625,3164.60009765625,3163.0,3163.89990234375,6908
2026-04-29 06:10:00+00:00,3163.800048828125,3163.800048828125,3164.60009765625,3163.800048828125,3164.60009765625,3924
2026-04-29 06:11:00+00:00,3164.199951171875,3164.199951171875,3166.10009765625,3163.5,3163.800048828125,6038
2026-04-29 06:12:00+00:00,3164.5,3164.5,3166.0,3163.800048828125,3164.199951171875,4524
2026-04-29 06:13:00+00:00,3165.699951171875,3165.699951171875,3166.39990234375,3164.199951171875,3164.699951171875,3347
2026-04-29 06:14:00+00:00,3165.60009765625,3165.60009765625,3166.89990234375,3165.10009765625,3165.60009765625,5014
2026-04-29 06:15:00+00:00,3164.5,3164.5,3165.800048828125,3164.0,3165.5,7687
2026-04-29 06:16:00+00:00,3161.0,3161.0,3164.0,3161.0,3164.0,3757
2026-04-29 06:17:00+00:00,3162.10009765625,3162.10009765625,3163.0,3161.300048828125,3161.300048828125,6921
2026-04-29 06:18:00+00:00,3163.800048828125,3163.800048828125,3164.0,3162.60009765625,3162.60009765625,3802
2026-04-29 06:19:00+00:00,3162.5,3162.5,3163.5,3162.5,3163.5,4324
2026-04-29 06:20:00+00:00,3162.699951171875,3162.699951171875,3163.0,3161.60009765625,3162.5,7281
2026-04-29 06:21:00+00:00,3162.0,3162.0,3162.699951171875,3162.0,3162.60009765625,5367
2026-04-29 06:22:00+00:00,3163.5,3163.5,3163.60009765625,3162.300048828125,3162.5,4942
2026-04-29 06:23:00+00:00,3165.60009765625,3165.60009765625,3166.39990234375,3163.300048828125,3163.60009765625,4551
2026-04-29 06:24:00+00:00,3166.10009765625,3166.10009765625,3169.0,3165.60009765625,3165.60009765625,11599
2026-04-29 06:25:00+00:00,3165.39990234375,3165.39990234375,3166.10009765625,3164.300048828125,3166.10009765625,7902
2026-04-29 06:26:00+00:00,3168.0,3168.0,3168.0,3165.199951171875,3165.800048828125,18528
2026-04-29 06:27:00+00:00,3169.199951171875,3169.199951171875,3170.199951171875,3167.60009765625,3167.60009765625,6798
2026-04-29 06:28:00+00:00,3170.199951171875,3170.199951171875,3171.0,3168.39990234375,3169.199951171875,6196
2026-04-29 06:29:00+00:00,3171.0,3171.0,3171.10009765625,3170.300048828125,3170.89990234375,3632
2026-04-29 06:30:00+00:00,3171.10009765625,3171.10009765625,3171.300048828125,3170.39990234375,3170.89990234375,3743
2026-04-29 06:31:00+00:00,3171.800048828125,3171.800048828125,3171.89990234375,3170.800048828125,3171.10009765625,2821
2026-04-29 06:32:00+00:00,3171.10009765625,3171.10009765625,3171.800048828125,3171.10009765625,3171.800048828125,3164
2026-04-29 06:33:00+00:00,3169.300048828125,3169.300048828125,3171.5,3168.0,3171.5,6798
2026-04-29 06:34:00+00:00,3169.10009765625,3169.10009765625,3169.699951171875,3169.0,3169.300048828125,3980
2026-04-29 06:35:00+00:00,3168.39990234375,3168.39990234375,3169.5,3168.10009765625,3169.10009765625,2943
2026-04-29 06:36:00+00:00,3170.0,3170.0,3171.10009765625,3168.0,3168.39990234375,16209
2026-04-29 06:37:00+00:00,3170.10009765625,3170.10009765625,3170.5,3169.89990234375,3170.0,2382
2026-04-29 06:38:00+00:00,3170.10009765625,3170.10009765625,3170.800048828125,3167.0,3170.0,13401
2026-04-29 06:39:00+00:00,3170.39990234375,3170.39990234375,3170.800048828125,3169.89990234375,3170.300048828125,3638
2026-04-29 06:40:00+00:00,3171.300048828125,3171.300048828125,3171.89990234375,3169.89990234375,3170.300048828125,7696
2026-04-29 06:41:00+00:00,3174.300048828125,3174.300048828125,3174.699951171875,3170.89990234375,3171.300048828125,6914
2026-04-29 06:42:00+00:00,3174.0,3174.0,3174.300048828125,3172.39990234375,3174.300048828125,8065
2026-04-29 06:43:00+00:00,3170.39990234375,3170.39990234375,3173.89990234375,3170.39990234375,3173.89990234375,9869
2026-04-29 06:44:00+00:00,3170.800048828125,3170.800048828125,3171.60009765625,3170.300048828125,3171.39990234375,5333
2026-04-29 06:45:00+00:00,3170.800048828125,3170.800048828125,3172.0,3170.0,3171.5,5763
2026-04-29 06:46:00+00:00,3169.300048828125,3169.300048828125,3170.699951171875,3169.0,3170.39990234375,8679
2026-04-29 06:47:00+00:00,3169.300048828125,3169.300048828125,3169.89990234375,3168.300048828125,3169.60009765625,5689
2026-04-29 06:48:00+00:00,3167.699951171875,3167.699951171875,3169.300048828125,3167.699951171875,3169.0,5639
2026-04-29 06:49:00+00:00,3166.60009765625,3166.60009765625,3168.0,3166.199951171875,3168.0,8195
2026-04-29 06:50:00+00:00,3166.10009765625,3166.10009765625,3168.0,3166.0,3167.89990234375,5476
2026-04-29 06:51:00+00:00,3165.10009765625,3165.10009765625,3167.699951171875,3165.10009765625,3166.10009765625,11172
2026-04-29 06:52:00+00:00,3165.10009765625,3165.10009765625,3165.10009765625,3165.0,3165.10009765625,8545
2026-04-29 06:53:00+00:00,3167.199951171875,3167.199951171875,3167.199951171875,3165.0,3165.0,20087
2026-04-29 06:54:00+00:00,3166.39990234375,3166.39990234375,3169.10009765625,3166.10009765625,3167.199951171875,7139
2026-04-29 06:55:00+00:00,3166.0,3166.0,3166.300048828125,3164.0,3166.300048828125,23421
2026-04-29 06:56:00+00:00,3167.39990234375,3167.39990234375,3167.89990234375,3165.5,3166.0,5032
2026-04-29 06:57:00+00:00,3166.800048828125,3166.800048828125,3167.39990234375,3166.199951171875,3167.39990234375,8623
2026-04-29 06:58:00+00:00,3166.0,3166.0,3167.10009765625,3163.800048828125,3166.800048828125,40314
2026-04-29 06:59:00+00:00,3167.5,3167.5,3168.199951171875,3164.60009765625,3164.60009765625,5578
2026-04-29 07:00:00+00:00,3168.0,3168.0,3168.0,3164.5,3167.60009765625,22457
2026-04-29 07:01:00+00:00,3168.0,3168.0,3168.60009765625,3166.800048828125,3167.89990234375,9932
2026-04-29 07:02:00+00:00,3169.10009765625,3169.10009765625,3171.5,3167.699951171875,3168.10009765625,8887
2026-04-29 07:03:00+00:00,3169.5,3169.5,3169.5,3167.699951171875,3169.5,5105
2026-04-29 07:04:00+00:00,3170.89990234375,3170.89990234375,3171.0,3168.800048828125,3169.5,6021
2026-04-29 07:05:00+00:00,3170.699951171875,3170.699951171875,3171.89990234375,3170.5,3170.800048828125,5378
2026-04-29 07:06:00+00:00,3169.60009765625,3169.60009765625,3170.800048828125,3169.300048828125,3170.699951171875,5546
2026-04-29 07:07:00+00:00,3170.300048828125,3170.300048828125,3170.39990234375,3169.0,3170.199951171875,2746
2026-04-29 07:08:00+00:00,3170.5,3170.5,3171.699951171875,3170.300048828125,3170.300048828125,7724
2026-04-29 07:09:00+00:00,3172.199951171875,3172.199951171875,3173.0,3170.199951171875,3170.5,23288
2026-04-29 07:10:00+00:00,3176.699951171875,3176.699951171875,3177.0,3171.699951171875,3173.0,16913
2026-04-29 07:11:00+00:00,3180.39990234375,3180.39990234375,3180.800048828125,3177.0,3177.0,13001
2026-04-29 07:12:00+00:00,3178.10009765625,3178.10009765625,3180.39990234375,3177.10009765625,3180.39990234375,10949
2026-04-29 07:13:00+00:00,3178.89990234375,3178.89990234375,3180.0,3177.800048828125,3179.5,3760
2026-04-29 07:14:00+00:00,3179.199951171875,3179.199951171875,3180.0,3178.199951171875,3179.0,5548
2026-04-29 07:15:00+00:00,3179.39990234375,3179.39990234375,3180.0,3179.300048828125,3179.60009765625,4257
2026-04-29 07:16:00+00:00,3177.300048828125,3177.300048828125,3179.39990234375,3177.199951171875,3179.39990234375,4974
2026-04-29 07:17:00+00:00,3178.699951171875,3178.699951171875,3179.60009765625,3177.199951171875,3177.300048828125,7248
2026-04-29 07:18:00+00:00,3179.0,3179.0,3179.39990234375,3178.0,3179.39990234375,4705
2026-04-29 07:19:00+00:00,3178.10009765625,3178.10009765625,3179.0,3177.800048828125,3178.10009765625,3666
2026-04-29 07:20:00+00:00,3177.89990234375,3177.89990234375,3178.800048828125,3177.10009765625,3178.10009765625,6880
2026-04-29 07:21:00+00:00,3179.5,3179.5,3180.0,3177.699951171875,3177.89990234375,5283
2026-04-29 07:22:00+00:00,3179.10009765625,3179.10009765625,3179.5,3178.800048828125,3179.0,1754
2026-04-29 07:23:00+00:00,3178.800048828125,3178.800048828125,3179.39990234375,3178.800048828125,3179.10009765625,5109
2026-04-29 07:24:00+00:00,3178.0,3178.0,3179.10009765625,3177.800048828125,3179.10009765625,3985
2026-04-29 07:25:00+00:00,3179.39990234375,3179.39990234375,3180.0,3177.800048828125,3178.0,5771
2026-04-29 07:26:00+00:00,3179.10009765625,3179.10009765625,3179.89990234375,3178.60009765625,3179.89990234375,5413
2026-04-29 07:27:00+00:00,3179.60009765625,3179.60009765625,3180.0,3179.10009765625,3179.60009765625,1974
2026-04-29 07:28:00+00:00,3179.199951171875,3179.199951171875,3179.60009765625,3179.10009765625,3179.60009765625,2779
2026-04-29 07:29:00+00:00,3179.0,3179.0,3179.199951171875,3179.0,3179.199951171875,2212
2026-04-29 07:30:00+00:00,3180.60009765625,3180.60009765625,3181.199951171875,3179.0,3179.10009765625,14016
2026-04-29 07:31:00+00:00,3180.0,3180.0,3181.0,3179.39990234375,3181.0,1832
2026-04-29 07:32:00+00:00,3179.5,3179.5,3180.0,3179.0,3180.0,4602
2026-04-29 07:33:00+00:00,3179.199951171875,3179.199951171875,3180.39990234375,3178.89990234375,3179.39990234375,12227
2026-04-29 07:34:00+00:00,3178.89990234375,3178.89990234375,3180.199951171875,3178.0,3179.39990234375,15857
2026-04-29 07:35:00+00:00,3179.0,3179.0,3180.0,3177.300048828125,3179.0,33724
2026-04-29 07:36:00+00:00,3182.199951171875,3182.199951171875,3184.60009765625,3179.300048828125,3179.89990234375,4931
2026-04-29 07:37:00+00:00,3183.199951171875,3183.199951171875,3183.300048828125,3180.300048828125,3182.199951171875,5296
2026-04-29 07:38:00+00:00,3185.0,3185.0,3185.0,3182.60009765625,3183.199951171875,7793
2026-04-29 07:39:00+00:00,3183.60009765625,3183.60009765625,3185.0,3183.10009765625,3185.0,2369
2026-04-29 07:40:00+00:00,3183.800048828125,3183.800048828125,3184.5,3183.0,3183.60009765625,5674
2026-04-29 07:41:00+00:00,3181.0,3181.0,3183.800048828125,3181.0,3183.800048828125,3395
2026-04-29 07:42:00+00:00,3181.5,3181.5,3182.699951171875,3180.39990234375,3180.39990234375,3945
2026-04-29 07:43:00+00:00,3181.699951171875,3181.699951171875,3182.199951171875,3180.89990234375,3181.5,3324
2026-04-29 07:44:00+00:00,3181.5,3181.5,3181.699951171875,3181.0,3181.699951171875,2204
2026-04-29 07:45:00+00:00,3179.699951171875,3179.699951171875,3182.89990234375,3179.699951171875,3181.5,8516
2026-04-29 07:46:00+00:00,3179.300048828125,3179.300048828125,3180.800048828125,3179.199951171875,3180.0,6950
2026-04-29 07:47:00+00:00,3182.0,3182.0,3182.0,3178.60009765625,3179.89990234375,12807
2026-04-29 07:48:00+00:00,3179.0,3179.0,3181.89990234375,3178.800048828125,3181.300048828125,6900
2026-04-29 07:49:00+00:00,3179.699951171875,3179.699951171875,3180.199951171875,3178.800048828125,3179.800048828125,5703
2026-04-29 07:50:00+00:00,3179.0,3179.0,3179.89990234375,3179.0,3179.0,4239
2026-04-29 07:51:00+00:00,3178.10009765625,3178.10009765625,3179.800048828125,3178.10009765625,3179.300048828125,9165
2026-04-29 07:52:00+00:00,3180.10009765625,3180.10009765625,3181.300048828125,3178.10009765625,3178.60009765625,17937
2026-04-29 07:53:00+00:00,3179.800048828125,3179.800048828125,3180.800048828125,3179.800048828125,3180.10009765625,5900
2026-04-29 07:54:00+00:00,3182.10009765625,3182.10009765625,3182.5,3179.800048828125,3180.0,7151
2026-04-29 07:55:00+00:00,3182.0,3182.0,3182.39990234375,3180.60009765625,3182.39990234375,2851
2026-04-29 07:56:00+00:00,3185.0,3185.0,3185.39990234375,3180.699951171875,3181.800048828125,13632
2026-04-29 07:57:00+00:00,3185.39990234375,3185.39990234375,3185.39990234375,3184.10009765625,3185.10009765625,6659
2026-04-29 07:58:00+00:00,3185.39990234375,3185.39990234375,3185.39990234375,3183.800048828125,3185.39990234375,29606
2026-04-29 07:59:00+00:00,3182.5,3182.5,3185.39990234375,3182.39990234375,3185.39990234375,19275
2026-04-29 08:00:00+00:00,3185.300048828125,3185.300048828125,3185.39990234375,3182.800048828125,3183.699951171875,9020
2026-04-29 08:01:00+00:00,3185.10009765625,3185.10009765625,3185.89990234375,3183.60009765625,3185.300048828125,6796
2026-04-29 08:02:00+00:00,3184.89990234375,3184.89990234375,3185.5,3184.199951171875,3185.10009765625,9015
2026-04-29 08:03:00+00:00,3185.39990234375,3185.39990234375,3186.0,3184.39990234375,3185.699951171875,11173
2026-04-29 08:04:00+00:00,3186.0,3186.0,3186.800048828125,3184.5,3185.39990234375,20817
2026-04-29 08:05:00+00:00,3184.10009765625,3184.10009765625,3186.800048828125,3182.5,3186.0,15918
2026-04-29 08:06:00+00:00,3180.800048828125,3180.800048828125,3184.699951171875,3179.10009765625,3184.10009765625,27812
2026-04-29 08:07:00+00:00,3181.5,3181.5,3182.699951171875,3178.0,3181.89990234375,20242
2026-04-29 08:08:00+00:00,3179.800048828125,3179.800048828125,3182.199951171875,3177.199951171875,3181.5,19821
2026-04-29 08:09:00+00:00,3179.39990234375,3179.39990234375,3180.300048828125,3178.5,3179.699951171875,5079
2026-04-29 08:10:00+00:00,3177.10009765625,3177.10009765625,3179.300048828125,3175.800048828125,3179.300048828125,5717
2026-04-29 08:11:00+00:00,3177.0,3177.0,3177.10009765625,3174.39990234375,3176.699951171875,8553
2026-04-29 08:12:00+00:00,3176.0,3176.0,3177.199951171875,3174.5,3176.5,4366
2026-04-29 08:13:00+00:00,3174.199951171875,3174.199951171875,3176.0,3174.10009765625,3176.0,6856
2026-04-29 08:14:00+00:00,3171.300048828125,3171.300048828125,3174.39990234375,3171.300048828125,3174.199951171875,6904
2026-04-29 08:15:00+00:00,3169.0,3169.0,3171.89990234375,3169.0,3171.10009765625,13914
2026-04-29 08:16:00+00:00,3164.300048828125,3164.300048828125,3169.699951171875,3164.10009765625,3169.699951171875,20398
2026-04-29 08:17:00+00:00,3164.699951171875,3164.699951171875,3166.199951171875,3164.10009765625,3164.300048828125,8936
2026-04-29 08:18:00+00:00,3164.10009765625,3164.10009765625,3164.5,3161.5,3164.39990234375,9096
2026-04-29 08:19:00+00:00,3163.800048828125,3163.800048828125,3166.300048828125,3162.199951171875,3163.5,9649
2026-04-29 08:20:00+00:00,3164.10009765625,3164.10009765625,3165.800048828125,3163.699951171875,3163.89990234375,3664
2026-04-29 08:21:00+00:00,3163.60009765625,3163.60009765625,3164.699951171875,3163.10009765625,3164.10009765625,3435
2026-04-29 08:22:00+00:00,3167.300048828125,3167.300048828125,3167.300048828125,3163.199951171875,3163.5,6733
2026-04-29 08:23:00+00:00,3166.39990234375,3166.39990234375,3169.5,3166.39990234375,3168.300048828125,6247
2026-04-29 08:24:00+00:00,3167.60009765625,3167.60009765625,3168.60009765625,3164.800048828125,3167.300048828125,5461
2026-04-29 08:25:00+00:00,3170.89990234375,3170.89990234375,3171.199951171875,3166.800048828125,3166.800048828125,7449
2026-04-29 08:26:00+00:00,3170.10009765625,3170.10009765625,3171.199951171875,3170.10009765625,3170.89990234375,3284
2026-04-29 08:27:00+00:00,3169.10009765625,3169.10009765625,3170.699951171875,3169.0,3170.0,3026
2026-04-29 08:28:00+00:00,3163.60009765625,3163.60009765625,3169.10009765625,3163.60009765625,3169.10009765625,6771
2026-04-29 08:29:00+00:00,3162.199951171875,3162.199951171875,3163.800048828125,3162.0,3163.60009765625,4475
2026-04-29 08:30:00+00:00,3162.89990234375,3162.89990234375,3163.60009765625,3161.0,3162.199951171875,10253
2026-04-29 08:31:00+00:00,3161.5,3161.5,3163.199951171875,3161.5,3163.199951171875,5464
2026-04-29 08:32:00+00:00,3162.10009765625,3162.10009765625,3162.300048828125,3161.5,3161.89990234375,3290
2026-04-29 08:33:00+00:00,3157.0,3157.0,3162.10009765625,3156.5,3162.10009765625,18700
2026-04-29 08:34:00+00:00,3155.0,3155.0,3156.89990234375,3155.0,3156.60009765625,7471
2026-04-29 08:35:00+00:00,3156.699951171875,3156.699951171875,3158.300048828125,3155.0,3156.60009765625,11060
2026-04-29 08:36:00+00:00,3158.800048828125,3158.800048828125,3158.89990234375,3155.300048828125,3156.699951171875,14525
2026-04-29 08:37:00+00:00,3158.0,3158.0,3159.699951171875,3157.199951171875,3157.300048828125,6072
2026-04-29 08:38:00+00:00,3158.199951171875,3158.199951171875,3159.89990234375,3157.800048828125,3158.60009765625,7863
2026-04-29 08:39:00+00:00,3157.5,3157.5,3159.199951171875,3157.199951171875,3158.10009765625,3688
2026-04-29 08:40:00+00:00,3156.5,3156.5,3158.800048828125,3156.5,3157.89990234375,5454
2026-04-29 08:41:00+00:00,3158.60009765625,3158.60009765625,3159.699951171875,3156.60009765625,3157.0,7845
2026-04-29 08:42:00+00:00,3158.199951171875,3158.199951171875,3158.699951171875,3157.0,3158.60009765625,6453
2026-04-29 08:43:00+00:00,3156.0,3156.0,3158.0,3155.0,3158.0,5155
2026-04-29 08:44:00+00:00,3155.89990234375,3155.89990234375,3159.89990234375,3155.0,3155.0,22462
2026-04-29 08:45:00+00:00,3154.5,3154.5,3156.10009765625,3154.5,3155.89990234375,22418
2026-04-29 08:46:00+00:00,3156.39990234375,3156.39990234375,3157.699951171875,3154.699951171875,3154.699951171875,7237
2026-04-29 08:47:00+00:00,3157.0,3157.0,3157.39990234375,3155.800048828125,3156.39990234375,4371
2026-04-29 08:48:00+00:00,3154.10009765625,3154.10009765625,3157.5,3154.10009765625,3156.89990234375,5709
2026-04-29 08:49:00+00:00,3154.89990234375,3154.89990234375,3155.699951171875,3154.0,3155.0,4412
2026-04-29 08:50:00+00:00,3152.800048828125,3152.800048828125,3154.699951171875,3152.800048828125,3154.199951171875,4035
2026-04-29 08:51:00+00:00,3153.199951171875,3153.199951171875,3153.300048828125,3150.800048828125,3153.0,30764
2026-04-29 08:52:00+00:00,3153.800048828125,3153.800048828125,3155.0,3152.10009765625,3153.300048828125,15772
2026-04-29 08:53:00+00:00,3159.39990234375,3159.39990234375,3160.199951171875,3153.800048828125,3153.800048828125,8602
2026-04-29 08:54:00+00:00,3160.300048828125,3160.300048828125,3161.699951171875,3159.300048828125,3160.0,8394
2026-04-29 08:55:00+00:00,3153.10009765625,3153.10009765625,3161.300048828125,3152.89990234375,3161.199951171875,8244
2026-04-29 08:56:00+00:00,3148.0,3148.0,3153.5,3147.699951171875,3153.5,12602
2026-04-29 08:57:00+00:00,3146.60009765625,3146.60009765625,3148.0,3145.89990234375,3148.0,3758
2026-04-29 08:58:00+00:00,3145.60009765625,3145.60009765625,3146.5,3145.0,3146.199951171875,7019
2026-04-29 08:59:00+00:00,3144.39990234375,3144.39990234375,3145.800048828125,3144.39990234375,3145.800048828125,4793
2026-04-29 09:00:00+00:00,3142.0,3142.0,3144.0,3142.0,3144.0,4638
2026-04-29 09:01:00+00:00,3144.60009765625,3144.60009765625,3144.60009765625,3142.300048828125,3142.300048828125,6986
2026-04-29 09:02:00+00:00,3144.89990234375,3144.89990234375,3145.0,3144.300048828125,3144.60009765625,4504
2026-04-29 09:03:00+00:00,3145.0,3145.0,3146.10009765625,3144.300048828125,3146.10009765625,6408
2026-04-29 09:04:00+00:00,3143.300048828125,3143.300048828125,3145.0,3142.699951171875,3145.0,5745
2026-04-29 09:05:00+00:00,3140.0,3140.0,3144.0,3138.39990234375,3143.300048828125,14578
2026-04-29 09:06:00+00:00,3144.0,3144.0,3145.0,3139.5,3140.0,6946
2026-04-29 09:07:00+00:00,3142.89990234375,3142.89990234375,3144.39990234375,3142.89990234375,3143.5,4298
2026-04-29 09:08:00+00:00,3144.10009765625,3144.10009765625,3144.10009765625,3142.5,3142.89990234375,6145
2026-04-29 09:09:00+00:00,3144.89990234375,3144.89990234375,3145.0,3144.0,3144.300048828125,1561
2026-04-29 09:10:00+00:00,3147.699951171875,3147.699951171875,3147.699951171875,3144.699951171875,3144.89990234375,6317
2026-04-29 09:11:00+00:00,3150.300048828125,3150.300048828125,3150.300048828125,3147.5,3147.699951171875,5338
2026-04-29 09:12:00+00:00,3151.699951171875,3151.699951171875,3152.0,3148.10009765625,3150.300048828125,4208
2026-04-29 09:13:00+00:00,3152.800048828125,3152.800048828125,3153.199951171875,3151.5,3151.699951171875,6712
2026-04-29 09:14:00+00:00,3154.0,3154.0,3154.0,3152.199951171875,3152.800048828125,3709
2026-04-29 09:15:00+00:00,3155.199951171875,3155.199951171875,3156.0,3153.800048828125,3153.800048828125,7163
2026-04-29 09:16:00+00:00,3152.300048828125,3152.300048828125,3155.199951171875,3151.60009765625,3155.0,5878
2026-04-29 09:17:00+00:00,3151.699951171875,3151.699951171875,3152.300048828125,3151.300048828125,3152.300048828125,3426
2026-04-29 09:18:00+00:00,3152.300048828125,3152.300048828125,3152.699951171875,3151.89990234375,3152.199951171875,4530
2026-04-29 09:19:00+00:00,3152.699951171875,3152.699951171875,3152.699951171875,3150.0,3151.89990234375,5101
2026-04-29 09:20:00+00:00,3150.0,3150.0,3153.89990234375,3149.89990234375,3153.0,6663
2026-04-29 09:21:00+00:00,3150.60009765625,3150.60009765625,3151.89990234375,3149.800048828125,3150.0,3752
2026-04-29 09:22:00+00:00,3152.60009765625,3152.60009765625,3153.0,3150.300048828125,3150.60009765625,5557
2026-04-29 09:23:00+00:00,3152.0,3152.0,3152.300048828125,3150.60009765625,3151.10009765625,6384
2026-04-29 09:24:00+00:00,3153.199951171875,3153.199951171875,3153.699951171875,3151.699951171875,3151.89990234375,4856
2026-04-29 09:25:00+00:00,3151.699951171875,3151.699951171875,3153.89990234375,3151.10009765625,3153.39990234375,6246
2026-04-29 09:26:00+00:00,3150.699951171875,3150.699951171875,3151.89990234375,3150.0,3150.800048828125,4642
2026-04-29 09:27:00+00:00,3147.699951171875,3147.699951171875,3150.300048828125,3147.699951171875,3150.300048828125,10704
2026-04-29 09:28:00+00:00,3148.5,3148.5,3148.699951171875,3147.699951171875,3147.699951171875,4934
2026-04-29 09:29:00+00:00,3144.5,3144.5,3148.699951171875,3144.5,3148.699951171875,11743
2026-04-29 09:30:00+00:00,3150.0,3150.0,3150.0,3144.5,3144.5,17264
2026-04-29 09:31:00+00:00,3151.89990234375,3151.89990234375,3152.699951171875,3149.699951171875,3150.39990234375,18452
2026-04-29 09:32:00+00:00,3153.10009765625,3153.10009765625,3154.10009765625,3150.300048828125,3151.89990234375,13714
2026-04-29 09:33:00+00:00,3152.199951171875,3152.199951171875,3154.39990234375,3151.5,3153.10009765625,16986
2026-04-29 09:34:00+00:00,3153.89990234375,3153.89990234375,3154.89990234375,3152.0,3152.0,14063
2026-04-29 09:35:00+00:00,3154.199951171875,3154.199951171875,3155.199951171875,3152.39990234375,3154.5,17663
2026-04-29 09:36:00+00:00,3156.10009765625,3156.10009765625,3157.5,3154.10009765625,3154.10009765625,15149
2026-04-29 09:37:00+00:00,3157.39990234375,3157.39990234375,3157.5,3156.0,3156.10009765625,16541
2026-04-29 09:38:00+00:00,3159.39990234375,3159.39990234375,3159.39990234375,3157.10009765625,3157.39990234375,13960
2026-04-29 09:39:00+00:00,3158.39990234375,3158.39990234375,3160.0,3157.5,3159.5,16047
2026-04-29 09:40:00+00:00,3157.10009765625,3157.10009765625,3158.39990234375,3156.300048828125,3158.39990234375,15902
2026-04-29 09:41:00+00:00,3157.39990234375,3157.39990234375,3157.5,3156.60009765625,3157.0,15884
2026-04-29 09:42:00+00:00,3156.5,3156.5,3157.60009765625,3156.5,3157.39990234375,16299
2026-04-29 09:43:00+00:00,3156.699951171875,3156.699951171875,3157.0,3156.39990234375,3156.39990234375,13122
2026-04-29 09:44:00+00:00,3155.300048828125,3155.300048828125,3157.10009765625,3154.0,3156.60009765625,17375
2026-04-29 09:45:00+00:00,3155.0,3155.0,3156.10009765625,3153.60009765625,3155.199951171875,19037
2026-04-29 09:46:00+00:00,3151.800048828125,3151.800048828125,3155.0,3151.39990234375,3155.0,18508
2026-04-29 09:47:00+00:00,3152.199951171875,3152.199951171875,3152.199951171875,3151.39990234375,3151.60009765625,16748
2026-04-29 09:48:00+00:00,3151.60009765625,3151.60009765625,3153.699951171875,3150.699951171875,3152.10009765625,22936
2026-04-29 09:49:00+00:00,3149.0,3149.0,3151.5,3149.0,3151.5,14513
2026-04-29 09:50:00+00:00,3149.10009765625,3149.10009765625,3150.199951171875,3148.60009765625,3149.10009765625,15891
2026-04-29 09:51:00+00:00,3151.5,3151.5,3151.5,3149.10009765625,3149.199951171875,11024
2026-04-29 09:52:00+00:00,3150.89990234375,3150.89990234375,3151.699951171875,3150.5,3151.0,17613
2026-04-29 09:53:00+00:00,3150.199951171875,3150.199951171875,3150.89990234375,3149.39990234375,3150.89990234375,17963
2026-04-29 09:54:00+00:00,3151.699951171875,3151.699951171875,3152.10009765625,3150.10009765625,3150.199951171875,11920
2026-04-29 09:55:00+00:00,3148.60009765625,3148.60009765625,3151.60009765625,3147.0,3151.60009765625,21409
2026-04-29 09:56:00+00:00,3144.800048828125,3144.800048828125,3147.300048828125,3142.199951171875,3147.10009765625,15408
2026-04-29 09:57:00+00:00,3145.800048828125,3145.800048828125,3148.0,3144.300048828125,3144.300048828125,14455
2026-04-29 09:58:00+00:00,3140.0,3140.0,3145.0,3140.0,3145.0,16220
2026-04-29 09:59:00+00:00,3152.300048828125,3152.300048828125,3152.300048828125,3132.800048828125,3140.0,8229
2026-04-30 03:45:00+00:00,3096.89990234375,3096.89990234375,3111.5,3087.89990234375,3110.39990234375,0
2026-04-30 03:46:00+00:00,3100.5,3100.5,3106.60009765625,3100.0,3100.0,15929
2026-04-30 03:47:00+00:00,3096.699951171875,3096.699951171875,3102.0,3095.0,3100.0,18798
2026-04-30 03:48:00+00:00,3094.0,3094.0,3098.199951171875,3093.800048828125,3096.699951171875,15796
2026-04-30 03:49:00+00:00,3095.0,3095.0,3095.0,3092.0,3094.199951171875,8267
2026-04-30 03:50:00+00:00,3087.0,3087.0,3094.800048828125,3085.0,3094.199951171875,19836
2026-04-30 03:51:00+00:00,3082.300048828125,3082.300048828125,3086.89990234375,3081.5,3086.89990234375,14274
2026-04-30 03:52:00+00:00,3081.39990234375,3081.39990234375,3083.10009765625,3077.300048828125,3082.10009765625,17148
2026-04-30 03:53:00+00:00,3080.699951171875,3080.699951171875,3086.699951171875,3080.5,3083.300048828125,13332
2026-04-30 03:54:00+00:00,3079.300048828125,3079.300048828125,3080.89990234375,3077.300048828125,3080.699951171875,13588
2026-04-30 03:55:00+00:00,3080.5,3080.5,3081.300048828125,3077.300048828125,3079.5,11585
2026-04-30 03:56:00+00:00,3081.39990234375,3081.39990234375,3082.300048828125,3079.0,3080.0,7189
2026-04-30 03:57:00+00:00,3079.39990234375,3079.39990234375,3081.39990234375,3078.300048828125,3080.39990234375,9933
2026-04-30 03:58:00+00:00,3081.0,3081.0,3082.10009765625,3078.5,3080.5,6601
2026-04-30 03:59:00+00:00,3078.199951171875,3078.199951171875,3080.39990234375,3077.300048828125,3080.39990234375,5816
2026-04-30 04:00:00+00:00,3077.10009765625,3077.10009765625,3078.10009765625,3076.800048828125,3078.10009765625,15782
2026-04-30 04:01:00+00:00,3077.300048828125,3077.300048828125,3079.199951171875,3075.800048828125,3077.0,6762
2026-04-30 04:02:00+00:00,3081.699951171875,3081.699951171875,3082.0,3077.60009765625,3077.60009765625,4396
2026-04-30 04:03:00+00:00,3082.0,3082.0,3082.0,3079.0,3080.5,6259
2026-04-30 04:04:00+00:00,3083.199951171875,3083.199951171875,3083.199951171875,3081.5,3082.39990234375,4662
2026-04-30 04:05:00+00:00,3079.199951171875,3079.199951171875,3082.39990234375,3079.199951171875,3080.800048828125,7453
2026-04-30 04:06:00+00:00,3073.199951171875,3073.199951171875,3079.199951171875,3072.39990234375,3079.199951171875,18062
2026-04-30 04:07:00+00:00,3074.199951171875,3074.199951171875,3075.800048828125,3073.5,3073.699951171875,6833
2026-04-30 04:08:00+00:00,3076.800048828125,3076.800048828125,3077.199951171875,3073.5,3074.10009765625,5338
2026-04-30 04:09:00+00:00,3077.300048828125,3077.300048828125,3079.800048828125,3075.0,3077.0,8926
2026-04-30 04:10:00+00:00,3078.10009765625,3078.10009765625,3078.5,3075.300048828125,3076.39990234375,3875
2026-04-30 04:11:00+00:00,3082.5,3082.5,3082.5,3078.0,3078.10009765625,3578
2026-04-30 04:12:00+00:00,3087.39990234375,3087.39990234375,3087.39990234375,3080.5,3082.5,20108
2026-04-30 04:13:00+00:00,3086.699951171875,3086.699951171875,3087.89990234375,3085.199951171875,3087.60009765625,6621
2026-04-30 04:14:00+00:00,3086.60009765625,3086.60009765625,3086.89990234375,3086.300048828125,3086.300048828125,5860
2026-04-30 04:15:00+00:00,3081.39990234375,3081.39990234375,3088.89990234375,3081.0,3087.0,8979
2026-04-30 04:16:00+00:00,3089.89990234375,3089.89990234375,3089.89990234375,3081.699951171875,3081.699951171875,8682
2026-04-30 04:17:00+00:00,3085.0,3085.0,3090.0,3084.300048828125,3089.39990234375,6528
2026-04-30 04:18:00+00:00,3080.89990234375,3080.89990234375,3085.60009765625,3080.5,3085.0,5661
2026-04-30 04:19:00+00:00,3080.699951171875,3080.699951171875,3081.0,3080.5,3081.0,2718
2026-04-30 04:20:00+00:00,3082.300048828125,3082.300048828125,3083.699951171875,3080.800048828125,3080.89990234375,7993
2026-04-30 04:21:00+00:00,3083.699951171875,3083.699951171875,3085.89990234375,3081.699951171875,3082.300048828125,6403
2026-04-30 04:22:00+00:00,3084.0,3084.0,3086.60009765625,3083.0,3084.89990234375,5587
2026-04-30 04:23:00+00:00,3083.199951171875,3083.199951171875,3084.199951171875,3083.10009765625,3084.0,4566
2026-04-30 04:24:00+00:00,3081.699951171875,3081.699951171875,3085.5,3081.0,3083.199951171875,6022
2026-04-30 04:25:00+00:00,3079.89990234375,3079.89990234375,3082.0,3077.800048828125,3080.699951171875,23348
2026-04-30 04:26:00+00:00,3067.0,3067.0,3080.0,3066.5,3079.89990234375,47046
2026-04-30 04:27:00+00:00,3066.800048828125,3066.800048828125,3068.199951171875,3066.0,3067.0,6618
2026-04-30 04:28:00+00:00,3066.699951171875,3066.699951171875,3067.300048828125,3065.699951171875,3067.0,5232
2026-04-30 04:29:00+00:00,3067.199951171875,3067.199951171875,3068.199951171875,3066.0,3066.89990234375,6929
2026-04-30 04:30:00+00:00,3066.199951171875,3066.199951171875,3068.199951171875,3065.10009765625,3067.199951171875,15791
2026-04-30 04:31:00+00:00,3065.699951171875,3065.699951171875,3068.10009765625,3064.300048828125,3066.300048828125,7895
2026-04-30 04:32:00+00:00,3066.0,3066.0,3068.10009765625,3065.300048828125,3065.699951171875,5436
2026-04-30 04:33:00+00:00,3066.0,3066.0,3066.0,3064.0,3066.0,3204
2026-04-30 04:34:00+00:00,3065.0,3065.0,3066.0,3065.0,3065.800048828125,3248
2026-04-30 04:35:00+00:00,3066.0,3066.0,3067.5,3064.10009765625,3065.39990234375,7589
2026-04-30 04:36:00+00:00,3066.300048828125,3066.300048828125,3067.60009765625,3065.199951171875,3066.39990234375,2411
2026-04-30 04:37:00+00:00,3068.0,3068.0,3069.300048828125,3066.0,3066.199951171875,3586
2026-04-30 04:38:00+00:00,3068.0,3068.0,3068.0,3066.300048828125,3067.10009765625,8583
2026-04-30 04:39:00+00:00,3066.300048828125,3066.300048828125,3068.39990234375,3065.5,3068.0,3293
2026-04-30 04:40:00+00:00,3065.5,3065.5,3066.5,3065.10009765625,3066.300048828125,1719
2026-04-30 04:41:00+00:00,3065.300048828125,3065.300048828125,3067.5,3064.89990234375,3065.699951171875,5405
2026-04-30 04:42:00+00:00,3064.10009765625,3064.10009765625,3065.199951171875,3064.10009765625,3065.199951171875,3616
2026-04-30 04:43:00+00:00,3060.0,3060.0,3065.0,3060.0,3064.39990234375,33261
2026-04-30 04:44:00+00:00,3060.0,3060.0,3060.0,3059.89990234375,3060.0,13494
2026-04-30 04:45:00+00:00,3060.0,3060.0,3060.0,3059.89990234375,3060.0,19918
2026-04-30 04:46:00+00:00,3059.10009765625,3059.10009765625,3060.0,3059.10009765625,3060.0,25376
2026-04-30 04:47:00+00:00,3055.0,3055.0,3059.10009765625,3055.0,3058.699951171875,21666
2026-04-30 04:48:00+00:00,3055.0,3055.0,3055.0,3054.60009765625,3055.0,26933
2026-04-30 04:49:00+00:00,3055.0,3055.0,3055.0,3054.199951171875,3055.0,45551
2026-04-30 04:50:00+00:00,3055.0,3055.0,3055.0,3054.39990234375,3055.0,27467
2026-04-30 04:51:00+00:00,3055.0,3055.0,3056.89990234375,3054.0,3055.0,53102
2026-04-30 04:52:00+00:00,3058.0,3058.0,3062.10009765625,3055.0,3056.199951171875,18940
2026-04-30 04:53:00+00:00,3059.39990234375,3059.39990234375,3061.0,3056.60009765625,3058.0,15770
2026-04-30 04:54:00+00:00,3053.699951171875,3053.699951171875,3059.39990234375,3053.699951171875,3059.39990234375,20047
2026-04-30 04:55:00+00:00,3054.699951171875,3054.699951171875,3056.800048828125,3052.199951171875,3053.699951171875,4581
2026-04-30 04:56:00+00:00,3050.5,3050.5,3055.10009765625,3050.10009765625,3054.699951171875,27577
2026-04-30 04:57:00+00:00,3052.0,3052.0,3053.0,3049.0,3050.39990234375,7617
2026-04-30 04:58:00+00:00,3053.0,3053.0,3054.0,3051.60009765625,3051.800048828125,5455
2026-04-30 04:59:00+00:00,3050.800048828125,3050.800048828125,3052.89990234375,3050.10009765625,3052.60009765625,2569
2026-04-30 05:00:00+00:00,3054.10009765625,3054.10009765625,3054.199951171875,3050.5,3050.800048828125,3751
2026-04-30 05:01:00+00:00,3053.699951171875,3053.699951171875,3055.0,3052.0,3054.300048828125,4195
2026-04-30 05:02:00+00:00,3052.39990234375,3052.39990234375,3053.800048828125,3052.0,3053.800048828125,2805
2026-04-30 05:03:00+00:00,3048.0,3048.0,3052.39990234375,3047.300048828125,3052.39990234375,9828
2026-04-30 05:04:00+00:00,3048.89990234375,3048.89990234375,3049.5,3047.699951171875,3048.0,4483
2026-04-30 05:05:00+00:00,3053.10009765625,3053.10009765625,3053.10009765625,3048.89990234375,3048.89990234375,3958
2026-04-30 05:06:00+00:00,3051.5,3051.5,3053.89990234375,3050.0,3052.89990234375,3517
2026-04-30 05:07:00+00:00,3053.800048828125,3053.800048828125,3053.800048828125,3051.199951171875,3051.5,3263
2026-04-30 05:08:00+00:00,3053.0,3053.0,3054.5,3052.39990234375,3053.300048828125,2917
2026-04-30 05:09:00+00:00,3055.0,3055.0,3057.199951171875,3052.5,3053.0,30857
2026-04-30 05:10:00+00:00,3053.60009765625,3053.60009765625,3055.0,3053.60009765625,3054.89990234375,40396
2026-04-30 05:11:00+00:00,3057.39990234375,3057.39990234375,3057.699951171875,3053.5,3053.5,10627
2026-04-30 05:12:00+00:00,3056.800048828125,3056.800048828125,3057.800048828125,3055.89990234375,3056.800048828125,4682
2026-04-30 05:13:00+00:00,3059.800048828125,3059.800048828125,3059.89990234375,3055.199951171875,3056.89990234375,3206
2026-04-30 05:14:00+00:00,3061.10009765625,3061.10009765625,3061.39990234375,3059.10009765625,3059.800048828125,5989
2026-04-30 05:15:00+00:00,3055.300048828125,3055.300048828125,3061.39990234375,3055.10009765625,3060.800048828125,6596
2026-04-30 05:16:00+00:00,3056.39990234375,3056.39990234375,3058.0,3055.0,3055.300048828125,4000
2026-04-30 05:17:00+00:00,3054.10009765625,3054.10009765625,3056.60009765625,3053.60009765625,3056.60009765625,5499
2026-04-30 05:18:00+00:00,3053.699951171875,3053.699951171875,3055.39990234375,3052.0,3054.10009765625,5418
2026-04-30 05:19:00+00:00,3052.300048828125,3052.300048828125,3054.89990234375,3051.699951171875,3053.60009765625,3058
2026-04-30 05:20:00+00:00,3051.199951171875,3051.199951171875,3052.60009765625,3051.0,3052.300048828125,3853
2026-04-30 05:21:00+00:00,3052.699951171875,3052.699951171875,3053.39990234375,3051.0,3051.0,2359
2026-04-30 05:22:00+00:00,3050.89990234375,3050.89990234375,3052.699951171875,3050.300048828125,3052.199951171875,2805
2026-04-30 05:23:00+00:00,3050.89990234375,3050.89990234375,3051.39990234375,3050.199951171875,3050.89990234375,1820
2026-04-30 05:24:00+00:00,3051.60009765625,3051.60009765625,3051.60009765625,3050.5,3050.800048828125,9142
2026-04-30 05:25:00+00:00,3048.10009765625,3048.10009765625,3052.699951171875,3047.199951171875,3052.199951171875,6049
2026-04-30 05:26:00+00:00,3047.39990234375,3047.39990234375,3050.0,3047.0,3047.699951171875,3987
2026-04-30 05:27:00+00:00,3051.699951171875,3051.699951171875,3051.699951171875,3047.199951171875,3047.300048828125,2801
2026-04-30 05:28:00+00:00,3051.5,3051.5,3052.5,3051.199951171875,3051.699951171875,1998
2026-04-30 05:29:00+00:00,3051.0,3051.0,3053.0,3050.10009765625,3051.5,3707
2026-04-30 05:30:00+00:00,3051.800048828125,3051.800048828125,3052.800048828125,3050.800048828125,3051.10009765625,1902
2026-04-30 05:31:00+00:00,3052.89990234375,3052.89990234375,3052.89990234375,3051.0,3052.199951171875,2215
2026-04-30 05:32:00+00:00,3053.39990234375,3053.39990234375,3054.0,3052.699951171875,3053.0,2356
2026-04-30 05:33:00+00:00,3054.5,3054.5,3055.199951171875,3052.0,3053.39990234375,8354
2026-04-30 05:34:00+00:00,3055.39990234375,3055.39990234375,3055.800048828125,3053.0,3054.699951171875,4360
2026-04-30 05:35:00+00:00,3057.800048828125,3057.800048828125,3058.0,3056.0,3056.300048828125,2420
2026-04-30 05:36:00+00:00,3057.89990234375,3057.89990234375,3057.89990234375,3056.39990234375,3056.39990234375,2643
2026-04-30 05:37:00+00:00,3057.39990234375,3057.39990234375,3058.89990234375,3057.10009765625,3057.800048828125,1548
2026-04-30 05:38:00+00:00,3057.699951171875,3057.699951171875,3058.800048828125,3057.300048828125,3057.39990234375,3345
2026-04-30 05:39:00+00:00,3058.10009765625,3058.10009765625,3058.300048828125,3056.10009765625,3057.699951171875,4696
2026-04-30 05:40:00+00:00,3055.39990234375,3055.39990234375,3058.199951171875,3054.800048828125,3057.800048828125,9454
2026-04-30 05:41:00+00:00,3053.10009765625,3053.10009765625,3055.199951171875,3052.0,3055.0,2493
2026-04-30 05:42:00+00:00,3053.5,3053.5,3053.699951171875,3052.0,3053.699951171875,1834
2026-04-30 05:43:00+00:00,3052.0,3052.0,3053.5,3051.5,3053.300048828125,1836
2026-04-30 05:44:00+00:00,3050.0,3050.0,3052.0,3050.0,3052.0,8956
2026-04-30 05:45:00+00:00,3050.89990234375,3050.89990234375,3050.89990234375,3048.60009765625,3050.39990234375,4818
2026-04-30 05:46:00+00:00,3052.800048828125,3052.800048828125,3052.800048828125,3049.699951171875,3050.5,5185
2026-04-30 05:47:00+00:00,3054.0,3054.0,3055.300048828125,3052.800048828125,3052.800048828125,2432
2026-04-30 05:48:00+00:00,3055.5,3055.5,3055.89990234375,3054.0,3054.39990234375,2072
2026-04-30 05:49:00+00:00,3055.10009765625,3055.10009765625,3056.699951171875,3055.0,3056.0,2624
2026-04-30 05:50:00+00:00,3052.0,3052.0,3056.0,3052.0,3055.300048828125,4623
2026-04-30 05:51:00+00:00,3052.10009765625,3052.10009765625,3053.800048828125,3051.0,3052.199951171875,3477
2026-04-30 05:52:00+00:00,3051.60009765625,3051.60009765625,3052.60009765625,3051.300048828125,3052.10009765625,2114
2026-04-30 05:53:00+00:00,3052.5,3052.5,3055.10009765625,3051.0,3051.60009765625,2318
2026-04-30 05:54:00+00:00,3052.89990234375,3052.89990234375,3054.5,3051.89990234375,3051.89990234375,1753
2026-04-30 05:55:00+00:00,3052.89990234375,3052.89990234375,3052.89990234375,3052.199951171875,3052.5,1660
2026-04-30 05:56:00+00:00,3053.300048828125,3053.300048828125,3053.300048828125,3052.10009765625,3052.5,2367
2026-04-30 05:57:00+00:00,3055.60009765625,3055.60009765625,3055.60009765625,3053.39990234375,3053.89990234375,3154
2026-04-30 05:58:00+00:00,3055.89990234375,3055.89990234375,3056.800048828125,3053.699951171875,3055.0,2221
2026-04-30 05:59:00+00:00,3059.199951171875,3059.199951171875,3060.0,3055.89990234375,3055.89990234375,4332
2026-04-30 06:00:00+00:00,3058.300048828125,3058.300048828125,3059.89990234375,3058.300048828125,3059.39990234375,2203
2026-04-30 06:01:00+00:00,3058.5,3058.5,3058.89990234375,3057.0,3058.60009765625,3228
2026-04-30 06:02:00+00:00,3054.800048828125,3054.800048828125,3058.699951171875,3054.5,3058.5,3520
2026-04-30 06:03:00+00:00,3056.89990234375,3056.89990234375,3057.699951171875,3054.800048828125,3054.800048828125,3350
2026-04-30 06:04:00+00:00,3055.300048828125,3055.300048828125,3056.89990234375,3055.0,3056.89990234375,1800
2026-04-30 06:05:00+00:00,3055.39990234375,3055.39990234375,3055.800048828125,3054.800048828125,3055.300048828125,2291
2026-04-30 06:06:00+00:00,3057.10009765625,3057.10009765625,3058.5,3055.89990234375,3055.89990234375,1257
2026-04-30 06:07:00+00:00,3056.0,3056.0,3057.89990234375,3055.800048828125,3057.0,2513
2026-04-30 06:08:00+00:00,3056.89990234375,3056.89990234375,3057.800048828125,3055.699951171875,3056.199951171875,2506
2026-04-30 06:09:00+00:00,3058.0,3058.0,3058.199951171875,3056.39990234375,3057.0,2179
2026-04-30 06:10:00+00:00,3060.0,3060.0,3060.0,3056.0,3058.0,9083
2026-04-30 06:11:00+00:00,3060.39990234375,3060.39990234375,3061.89990234375,3060.0,3060.10009765625,4539
2026-04-30 06:12:00+00:00,3064.0,3064.0,3065.0,3060.0,3060.10009765625,14970
2026-04-30 06:13:00+00:00,3064.10009765625,3064.10009765625,3066.10009765625,3063.5,3065.0,15861
2026-04-30 06:14:00+00:00,3065.10009765625,3065.10009765625,3065.199951171875,3064.10009765625,3064.10009765625,5341
2026-04-30 06:15:00+00:00,3065.0,3065.0,3065.800048828125,3064.199951171875,3065.10009765625,4503
2026-04-30 06:16:00+00:00,3063.89990234375,3063.89990234375,3065.5,3063.89990234375,3065.0,4206
2026-04-30 06:17:00+00:00,3063.0,3063.0,3063.5,3062.0,3063.5,13218
2026-04-30 06:18:00+00:00,3063.699951171875,3063.699951171875,3064.10009765625,3062.10009765625,3063.0,12531
2026-04-30 06:19:00+00:00,3065.60009765625,3065.60009765625,3065.89990234375,3064.5,3065.0,6946
2026-04-30 06:20:00+00:00,3065.0,3065.0,3066.0,3064.5,3065.39990234375,2759
2026-04-30 06:21:00+00:00,3065.0,3065.0,3065.39990234375,3064.10009765625,3065.10009765625,11707
2026-04-30 06:22:00+00:00,3063.0,3063.0,3065.10009765625,3062.10009765625,3065.10009765625,13966
2026-04-30 06:23:00+00:00,3063.39990234375,3063.39990234375,3064.39990234375,3062.300048828125,3063.0,11881
2026-04-30 06:24:00+00:00,3063.5,3063.5,3065.0,3062.800048828125,3063.39990234375,17580
2026-04-30 06:25:00+00:00,3065.5,3065.5,3065.5,3063.5,3063.5,4112
2026-04-30 06:26:00+00:00,3063.0,3063.0,3065.39990234375,3063.0,3064.699951171875,1971
2026-04-30 06:27:00+00:00,3062.699951171875,3062.699951171875,3063.300048828125,3061.199951171875,3063.10009765625,2351
2026-04-30 06:28:00+00:00,3062.199951171875,3062.199951171875,3062.800048828125,3061.89990234375,3062.800048828125,1286
2026-04-30 06:29:00+00:00,3062.300048828125,3062.300048828125,3062.800048828125,3062.0,3062.39990234375,2040
2026-04-30 06:30:00+00:00,3061.300048828125,3061.300048828125,3062.60009765625,3061.0,3062.300048828125,2422
2026-04-30 06:31:00+00:00,3058.39990234375,3058.39990234375,3060.300048828125,3056.199951171875,3060.300048828125,5382
2026-04-30 06:32:00+00:00,3061.89990234375,3061.89990234375,3061.89990234375,3060.0,3061.300048828125,20725
2026-04-30 06:33:00+00:00,3062.199951171875,3062.199951171875,3062.699951171875,3061.5,3061.89990234375,1706
2026-04-30 06:34:00+00:00,3062.300048828125,3062.300048828125,3062.89990234375,3061.5,3062.199951171875,2112
2026-04-30 06:35:00+00:00,3062.10009765625,3062.10009765625,3063.699951171875,3060.5,3061.800048828125,2266
2026-04-30 06:36:00+00:00,3064.800048828125,3064.800048828125,3065.300048828125,3062.300048828125,3062.5,4588
2026-04-30 06:37:00+00:00,3066.5,3066.5,3067.300048828125,3064.60009765625,3064.60009765625,3395
2026-04-30 06:38:00+00:00,3064.89990234375,3064.89990234375,3066.5,3063.699951171875,3066.5,2964
2026-04-30 06:39:00+00:00,3064.5,3064.5,3066.5,3064.5,3065.199951171875,2058
2026-04-30 06:40:00+00:00,3064.800048828125,3064.800048828125,3065.10009765625,3063.300048828125,3064.699951171875,2380
2026-04-30 06:41:00+00:00,3065.5,3065.5,3066.0,3064.199951171875,3064.39990234375,1944
2026-04-30 06:42:00+00:00,3065.10009765625,3065.10009765625,3065.5,3065.10009765625,3065.5,917
2026-04-30 06:43:00+00:00,3064.39990234375,3064.39990234375,3065.300048828125,3064.39990234375,3065.10009765625,4288
2026-04-30 06:44:00+00:00,3067.10009765625,3067.10009765625,3067.5,3063.800048828125,3065.300048828125,4948
2026-04-30 06:45:00+00:00,3066.699951171875,3066.699951171875,3068.89990234375,3066.199951171875,3068.0,3300
2026-04-30 06:46:00+00:00,3066.39990234375,3066.39990234375,3067.800048828125,3066.39990234375,3066.800048828125,2120
2026-04-30 06:47:00+00:00,3066.0,3066.0,3066.60009765625,3065.60009765625,3066.60009765625,1151
2026-04-30 06:48:00+00:00,3067.60009765625,3067.60009765625,3067.699951171875,3065.699951171875,3066.0,1767
2026-04-30 06:49:00+00:00,3066.300048828125,3066.300048828125,3067.89990234375,3066.300048828125,3067.10009765625,2257
2026-04-30 06:50:00+00:00,3063.800048828125,3063.800048828125,3065.699951171875,3062.60009765625,3065.699951171875,3406
2026-04-30 06:51:00+00:00,3066.199951171875,3066.199951171875,3066.89990234375,3062.800048828125,3063.89990234375,3093
2026-04-30 06:52:00+00:00,3067.300048828125,3067.300048828125,3067.39990234375,3065.300048828125,3066.39990234375,2102
2026-04-30 06:53:00+00:00,3067.300048828125,3067.300048828125,3068.89990234375,3067.300048828125,3067.5,2019
2026-04-30 06:54:00+00:00,3069.39990234375,3069.39990234375,3070.0,3067.199951171875,3067.300048828125,4583
2026-04-30 06:55:00+00:00,3069.800048828125,3069.800048828125,3069.89990234375,3069.39990234375,3069.89990234375,1238
2026-04-30 06:56:00+00:00,3067.60009765625,3067.60009765625,3069.800048828125,3067.60009765625,3069.800048828125,2192
2026-04-30 06:57:00+00:00,3068.5,3068.5,3069.0,3068.0,3068.0,1321
2026-04-30 06:58:00+00:00,3066.60009765625,3066.60009765625,3068.60009765625,3066.60009765625,3068.60009765625,3212
2026-04-30 06:59:00+00:00,3068.0,3068.0,3068.0,3066.0,3067.39990234375,2571
2026-04-30 07:00:00+00:00,3071.0,3071.0,3071.0,3068.60009765625,3069.0,5074
2026-04-30 07:01:00+00:00,3072.0,3072.0,3072.0,3070.199951171875,3071.60009765625,4413
2026-04-30 07:02:00+00:00,3071.0,3071.0,3073.39990234375,3070.0,3072.0,7997
2026-04-30 07:03:00+00:00,3072.89990234375,3072.89990234375,3073.5,3071.0,3071.39990234375,4235
2026-04-30 07:04:00+00:00,3074.39990234375,3074.39990234375,3074.39990234375,3072.199951171875,3072.5,1678
2026-04-30 07:05:00+00:00,3076.10009765625,3076.10009765625,3076.699951171875,3074.300048828125,3074.39990234375,14047
2026-04-30 07:06:00+00:00,3078.89990234375,3078.89990234375,3079.0,3075.0,3075.89990234375,4810
2026-04-30 07:07:00+00:00,3078.5,3078.5,3079.10009765625,3078.300048828125,3079.0,5994
2026-04-30 07:08:00+00:00,3081.10009765625,3081.10009765625,3082.800048828125,3078.5,3078.5,15441
2026-04-30 07:09:00+00:00,3080.0,3080.0,3082.39990234375,3080.0,3081.10009765625,2309
2026-04-30 07:10:00+00:00,3080.5,3080.5,3080.699951171875,3079.199951171875,3080.699951171875,3803
2026-04-30 07:11:00+00:00,3079.5,3079.5,3080.89990234375,3079.199951171875,3079.5,2191
2026-04-30 07:12:00+00:00,3079.60009765625,3079.60009765625,3080.60009765625,3079.0,3079.39990234375,2278
2026-04-30 07:13:00+00:00,3079.60009765625,3079.60009765625,3079.60009765625,3077.0,3079.5,5173
2026-04-30 07:14:00+00:00,3080.699951171875,3080.699951171875,3081.10009765625,3078.800048828125,3079.5,3880
2026-04-30 07:15:00+00:00,3080.0,3080.0,3081.60009765625,3080.0,3081.10009765625,4017
2026-04-30 07:16:00+00:00,3079.89990234375,3079.89990234375,3080.60009765625,3077.60009765625,3080.0,3745
2026-04-30 07:17:00+00:00,3080.199951171875,3080.199951171875,3081.699951171875,3078.699951171875,3081.10009765625,5555
2026-04-30 07:18:00+00:00,3080.60009765625,3080.60009765625,3081.0,3079.199951171875,3080.5,2699
2026-04-30 07:19:00+00:00,3080.10009765625,3080.10009765625,3081.300048828125,3080.0,3080.60009765625,3262
2026-04-30 07:20:00+00:00,3080.0,3080.0,3081.10009765625,3079.699951171875,3080.10009765625,4151
2026-04-30 07:21:00+00:00,3080.60009765625,3080.60009765625,3081.0,3078.89990234375,3080.0,4614
2026-04-30 07:22:00+00:00,3080.10009765625,3080.10009765625,3080.699951171875,3078.89990234375,3080.60009765625,2670
2026-04-30 07:23:00+00:00,3080.10009765625,3080.10009765625,3080.199951171875,3078.89990234375,3080.199951171875,2876
2026-04-30 07:24:00+00:00,3083.0,3083.0,3083.0,3080.699951171875,3080.699951171875,5835
2026-04-30 07:25:00+00:00,3081.800048828125,3081.800048828125,3083.0,3081.300048828125,3083.0,2898
2026-04-30 07:26:00+00:00,3080.0,3080.0,3081.89990234375,3080.0,3081.89990234375,2809
2026-04-30 07:27:00+00:00,3081.5,3081.5,3082.89990234375,3080.89990234375,3080.89990234375,3257
2026-04-30 07:28:00+00:00,3081.60009765625,3081.60009765625,3081.699951171875,3081.10009765625,3081.5,1285
2026-04-30 07:29:00+00:00,3081.10009765625,3081.10009765625,3081.699951171875,3080.300048828125,3081.699951171875,2025
2026-04-30 07:30:00+00:00,3081.300048828125,3081.300048828125,3081.60009765625,3080.800048828125,3080.800048828125,1430
2026-04-30 07:31:00+00:00,3081.10009765625,3081.10009765625,3081.699951171875,3080.39990234375,3081.39990234375,2447
2026-04-30 07:32:00+00:00,3077.0,3077.0,3081.0,3077.0,3081.0,4351
2026-04-30 07:33:00+00:00,3078.10009765625,3078.10009765625,3079.10009765625,3076.0,3077.0,3222
2026-04-30 07:34:00+00:00,3078.699951171875,3078.699951171875,3079.0,3078.199951171875,3078.300048828125,1777
2026-04-30 07:35:00+00:00,3076.199951171875,3076.199951171875,3078.89990234375,3075.10009765625,3078.60009765625,3599
2026-04-30 07:36:00+00:00,3075.699951171875,3075.699951171875,3077.5,3074.89990234375,3075.39990234375,6923
2026-04-30 07:37:00+00:00,3076.300048828125,3076.300048828125,3076.39990234375,3074.199951171875,3075.800048828125,5323
2026-04-30 07:38:00+00:00,3079.39990234375,3079.39990234375,3079.89990234375,3076.300048828125,3076.39990234375,6577
2026-04-30 07:39:00+00:00,3081.199951171875,3081.199951171875,3081.199951171875,3079.39990234375,3080.60009765625,2497
2026-04-30 07:40:00+00:00,3081.0,3081.0,3081.89990234375,3080.5,3081.300048828125,3431
2026-04-30 07:41:00+00:00,3082.199951171875,3082.199951171875,3082.60009765625,3080.0,3081.0,4078
2026-04-30 07:42:00+00:00,3082.300048828125,3082.300048828125,3082.39990234375,3081.5,3082.10009765625,2122
2026-04-30 07:43:00+00:00,3082.10009765625,3082.10009765625,3082.89990234375,3081.89990234375,3082.39990234375,2412
2026-04-30 07:44:00+00:00,3081.39990234375,3081.39990234375,3082.5,3081.10009765625,3082.199951171875,3328
2026-04-30 07:45:00+00:00,3080.699951171875,3080.699951171875,3081.699951171875,3080.0,3081.5,3945
2026-04-30 07:46:00+00:00,3079.39990234375,3079.39990234375,3080.699951171875,3079.39990234375,3080.699951171875,2429
2026-04-30 07:47:00+00:00,3079.39990234375,3079.39990234375,3079.5,3078.199951171875,3079.5,4349
2026-04-30 07:48:00+00:00,3080.199951171875,3080.199951171875,3080.60009765625,3079.39990234375,3079.5,1389
2026-04-30 07:49:00+00:00,3079.0,3079.0,3080.5,3079.0,3080.5,1287
2026-04-30 07:50:00+00:00,3078.300048828125,3078.300048828125,3079.60009765625,3078.300048828125,3079.0,2810
2026-04-30 07:51:00+00:00,3080.10009765625,3080.10009765625,3082.0,3077.60009765625,3078.5,7356
2026-04-30 07:52:00+00:00,3080.300048828125,3080.300048828125,3082.0,3079.300048828125,3081.89990234375,2509
2026-04-30 07:53:00+00:00,3084.300048828125,3084.300048828125,3084.800048828125,3080.60009765625,3080.60009765625,5802
2026-04-30 07:54:00+00:00,3085.89990234375,3085.89990234375,3086.0,3084.5,3084.800048828125,7974
2026-04-30 07:55:00+00:00,3084.199951171875,3084.199951171875,3086.60009765625,3083.89990234375,3086.10009765625,5504
2026-04-30 07:56:00+00:00,3086.0,3086.0,3086.0,3084.199951171875,3084.199951171875,4170
2026-04-30 07:57:00+00:00,3086.10009765625,3086.10009765625,3086.800048828125,3086.10009765625,3086.199951171875,3733
2026-04-30 07:58:00+00:00,3087.199951171875,3087.199951171875,3087.89990234375,3086.10009765625,3086.10009765625,3988
2026-04-30 07:59:00+00:00,3087.699951171875,3087.699951171875,3088.0,3086.699951171875,3087.5,3404
2026-04-30 08:00:00+00:00,3086.699951171875,3086.699951171875,3088.0,3085.60009765625,3087.39990234375,3723
2026-04-30 08:01:00+00:00,3088.0,3088.0,3088.0,3086.300048828125,3086.699951171875,2987
2026-04-30 08:02:00+00:00,3087.5,3087.5,3088.0,3087.300048828125,3087.89990234375,2515
2026-04-30 08:03:00+00:00,3087.39990234375,3087.39990234375,3087.60009765625,3086.0,3087.0,2638
2026-04-30 08:04:00+00:00,3091.89990234375,3091.89990234375,3092.0,3087.0,3087.60009765625,12412
2026-04-30 08:05:00+00:00,3095.300048828125,3095.300048828125,3095.300048828125,3091.0,3091.0,7598
2026-04-30 08:06:00+00:00,3096.0,3096.0,3096.0,3095.199951171875,3096.0,9007
2026-04-30 08:07:00+00:00,3095.0,3095.0,3096.89990234375,3095.0,3096.0,3929
2026-04-30 08:08:00+00:00,3094.0,3094.0,3095.699951171875,3093.0,3095.5,5061
2026-04-30 08:09:00+00:00,3093.5,3093.5,3095.0,3093.5,3094.39990234375,4378
2026-04-30 08:10:00+00:00,3094.800048828125,3094.800048828125,3096.10009765625,3093.0,3093.5,6160
2026-04-30 08:11:00+00:00,3095.89990234375,3095.89990234375,3095.89990234375,3094.699951171875,3095.60009765625,4847
2026-04-30 08:12:00+00:00,3095.300048828125,3095.300048828125,3097.800048828125,3095.300048828125,3095.89990234375,5195
2026-04-30 08:13:00+00:00,3096.199951171875,3096.199951171875,3098.199951171875,3095.300048828125,3095.300048828125,4788
2026-04-30 08:14:00+00:00,3096.89990234375,3096.89990234375,3097.800048828125,3096.0,3096.300048828125,3021
2026-04-30 08:15:00+00:00,3097.89990234375,3097.89990234375,3099.0,3096.89990234375,3096.89990234375,10495
2026-04-30 08:16:00+00:00,3104.89990234375,3104.89990234375,3104.89990234375,3097.89990234375,3098.0,24737
2026-04-30 08:17:00+00:00,3107.10009765625,3107.10009765625,3107.5,3104.0,3104.0,9915
2026-04-30 08:18:00+00:00,3107.699951171875,3107.699951171875,3109.0,3107.0,3107.0,5705
2026-04-30 08:19:00+00:00,3108.39990234375,3108.39990234375,3108.89990234375,3107.39990234375,3107.60009765625,3945
2026-04-30 08:20:00+00:00,3109.10009765625,3109.10009765625,3109.89990234375,3108.300048828125,3108.300048828125,4860
2026-04-30 08:21:00+00:00,3104.60009765625,3104.60009765625,3109.89990234375,3104.60009765625,3109.10009765625,10050
2026-04-30 08:22:00+00:00,3108.800048828125,3108.800048828125,3109.0,3103.5,3104.60009765625,6123
2026-04-30 08:23:00+00:00,3109.5,3109.5,3111.0,3109.0,3109.0,7657
2026-04-30 08:24:00+00:00,3114.89990234375,3114.89990234375,3114.89990234375,3107.39990234375,3109.199951171875,11175
2026-04-30 08:25:00+00:00,3111.800048828125,3111.800048828125,3117.10009765625,3111.699951171875,3114.10009765625,13533
2026-04-30 08:26:00+00:00,3114.0,3114.0,3114.89990234375,3111.39990234375,3111.39990234375,11241
2026-04-30 08:27:00+00:00,3112.0,3112.0,3115.199951171875,3112.0,3114.10009765625,5894
2026-04-30 08:28:00+00:00,3114.699951171875,3114.699951171875,3114.699951171875,3111.199951171875,3112.10009765625,4044
2026-04-30 08:29:00+00:00,3113.39990234375,3113.39990234375,3114.89990234375,3112.699951171875,3114.5,1448
2026-04-30 08:30:00+00:00,3110.39990234375,3110.39990234375,3113.39990234375,3110.0,3113.39990234375,4261
2026-04-30 08:31:00+00:00,3109.0,3109.0,3111.0,3109.0,3109.60009765625,5679
2026-04-30 08:32:00+00:00,3109.0,3109.0,3110.5,3108.39990234375,3109.60009765625,3485
2026-04-30 08:33:00+00:00,3110.0,3110.0,3110.89990234375,3108.89990234375,3109.800048828125,4317
2026-04-30 08:34:00+00:00,3108.60009765625,3108.60009765625,3110.300048828125,3108.0,3110.0,3145
2026-04-30 08:35:00+00:00,3105.0,3105.0,3108.60009765625,3104.0,3108.199951171875,5060
2026-04-30 08:36:00+00:00,3099.89990234375,3099.89990234375,3102.39990234375,3097.89990234375,3102.39990234375,29108
2026-04-30 08:37:00+00:00,3099.89990234375,3099.89990234375,3101.199951171875,3098.89990234375,3099.800048828125,8645
2026-04-30 08:38:00+00:00,3099.89990234375,3099.89990234375,3100.0,3098.5,3099.800048828125,4414
2026-04-30 08:39:00+00:00,3100.10009765625,3100.10009765625,3100.800048828125,3099.0,3099.60009765625,49573
2026-04-30 08:40:00+00:00,3100.0,3100.0,3101.10009765625,3099.89990234375,3099.89990234375,26586
2026-04-30 08:41:00+00:00,3100.0,3100.0,3100.89990234375,3099.10009765625,3099.89990234375,10119
2026-04-30 08:42:00+00:00,3099.699951171875,3099.699951171875,3100.0,3098.300048828125,3100.0,5416
2026-04-30 08:43:00+00:00,3099.199951171875,3099.199951171875,3100.0,3098.89990234375,3099.60009765625,6511
2026-04-30 08:44:00+00:00,3097.5,3097.5,3099.199951171875,3096.5,3098.699951171875,3271
2026-04-30 08:45:00+00:00,3098.0,3098.0,3098.0,3097.39990234375,3097.39990234375,2084
2026-04-30 08:46:00+00:00,3098.300048828125,3098.300048828125,3099.800048828125,3096.800048828125,3097.800048828125,3880
2026-04-30 08:47:00+00:00,3096.300048828125,3096.300048828125,3098.39990234375,3093.300048828125,3098.39990234375,7781
2026-04-30 08:48:00+00:00,3093.5,3093.5,3096.199951171875,3093.5,3096.10009765625,6314
2026-04-30 08:49:00+00:00,3085.0,3085.0,3093.699951171875,3084.89990234375,3093.0,31067
2026-04-30 08:50:00+00:00,3084.89990234375,3084.89990234375,3085.0,3084.89990234375,3084.89990234375,14553
2026-04-30 08:51:00+00:00,3084.800048828125,3084.800048828125,3085.0,3082.10009765625,3084.89990234375,15684
2026-04-30 08:52:00+00:00,3084.89990234375,3084.89990234375,3085.0,3084.10009765625,3084.800048828125,4013
2026-04-30 08:53:00+00:00,3094.199951171875,3094.199951171875,3094.199951171875,3084.800048828125,3084.89990234375,39435
2026-04-30 08:54:00+00:00,3095.39990234375,3095.39990234375,3095.60009765625,3093.60009765625,3093.60009765625,4620
2026-04-30 08:55:00+00:00,3096.0,3096.0,3098.60009765625,3094.800048828125,3094.800048828125,4778
2026-04-30 08:56:00+00:00,3090.300048828125,3090.300048828125,3096.39990234375,3090.0,3095.699951171875,4823
2026-04-30 08:57:00+00:00,3088.0,3088.0,3091.0,3087.300048828125,3089.60009765625,6755
2026-04-30 08:58:00+00:00,3089.800048828125,3089.800048828125,3089.89990234375,3086.89990234375,3087.89990234375,15657
2026-04-30 08:59:00+00:00,3089.60009765625,3089.60009765625,3090.300048828125,3088.10009765625,3090.300048828125,5763
2026-04-30 09:00:00+00:00,3091.300048828125,3091.300048828125,3091.800048828125,3089.5,3089.5,3406
2026-04-30 09:01:00+00:00,3095.89990234375,3095.89990234375,3095.89990234375,3091.0,3091.10009765625,8007
2026-04-30 09:02:00+00:00,3095.300048828125,3095.300048828125,3096.199951171875,3094.300048828125,3095.699951171875,4199
2026-04-30 09:03:00+00:00,3094.800048828125,3094.800048828125,3095.10009765625,3092.10009765625,3095.10009765625,9540
2026-04-30 09:04:00+00:00,3099.199951171875,3099.199951171875,3099.199951171875,3092.699951171875,3093.60009765625,10682
2026-04-30 09:05:00+00:00,3097.0,3097.0,3100.0,3096.800048828125,3098.10009765625,4802
2026-04-30 09:06:00+00:00,3100.800048828125,3100.800048828125,3101.0,3096.10009765625,3096.89990234375,13884
2026-04-30 09:07:00+00:00,3100.39990234375,3100.39990234375,3102.39990234375,3100.300048828125,3101.0,10820
2026-04-30 09:08:00+00:00,3100.89990234375,3100.89990234375,3102.0,3099.0,3100.39990234375,8988
2026-04-30 09:09:00+00:00,3103.0,3103.0,3104.800048828125,3100.699951171875,3100.800048828125,11744
2026-04-30 09:10:00+00:00,3100.699951171875,3100.699951171875,3103.800048828125,3100.699951171875,3103.60009765625,5939
2026-04-30 09:11:00+00:00,3100.0,3100.0,3100.89990234375,3097.89990234375,3100.800048828125,9909
2026-04-30 09:12:00+00:00,3102.300048828125,3102.300048828125,3103.300048828125,3100.0,3100.0,8376
2026-04-30 09:13:00+00:00,3105.5,3105.5,3107.699951171875,3101.60009765625,3101.60009765625,18127
2026-04-30 09:14:00+00:00,3104.10009765625,3104.10009765625,3106.699951171875,3103.39990234375,3105.699951171875,8103
2026-04-30 09:15:00+00:00,3104.60009765625,3104.60009765625,3105.89990234375,3102.39990234375,3104.10009765625,7555
2026-04-30 09:16:00+00:00,3104.60009765625,3104.60009765625,3105.89990234375,3104.0,3104.199951171875,6822
2026-04-30 09:17:00+00:00,3102.300048828125,3102.300048828125,3104.699951171875,3102.0,3104.699951171875,3633
2026-04-30 09:18:00+00:00,3103.300048828125,3103.300048828125,3104.5,3101.0,3102.199951171875,12704
2026-04-30 09:19:00+00:00,3102.0,3102.0,3104.60009765625,3102.0,3103.89990234375,9021
2026-04-30 09:20:00+00:00,3098.5,3098.5,3103.199951171875,3098.0,3101.199951171875,12720
2026-04-30 09:21:00+00:00,3102.199951171875,3102.199951171875,3102.199951171875,3098.5,3098.5,12864
2026-04-30 09:22:00+00:00,3102.10009765625,3102.10009765625,3103.0,3100.89990234375,3101.89990234375,6929
2026-04-30 09:23:00+00:00,3103.10009765625,3103.10009765625,3103.199951171875,3102.0,3102.10009765625,5647
2026-04-30 09:24:00+00:00,3103.199951171875,3103.199951171875,3103.39990234375,3103.10009765625,3103.10009765625,2778
2026-04-30 09:25:00+00:00,3103.10009765625,3103.10009765625,3103.199951171875,3103.0,3103.0,7288
2026-04-30 09:26:00+00:00,3103.5,3103.5,3104.0,3102.0,3103.10009765625,7163
2026-04-30 09:27:00+00:00,3103.89990234375,3103.89990234375,3104.0,3100.199951171875,3103.0,8254
2026-04-30 09:28:00+00:00,3103.5,3103.5,3103.89990234375,3103.10009765625,3103.800048828125,3367
2026-04-30 09:29:00+00:00,3106.5,3106.5,3106.5,3103.5,3103.5,16553
2026-04-30 09:30:00+00:00,3099.199951171875,3099.199951171875,3106.800048828125,3097.10009765625,3106.800048828125,55426
2026-04-30 09:31:00+00:00,3096.300048828125,3096.300048828125,3099.10009765625,3096.300048828125,3098.89990234375,22687
2026-04-30 09:32:00+00:00,3095.39990234375,3095.39990234375,3096.800048828125,3093.10009765625,3096.699951171875,28146
2026-04-30 09:33:00+00:00,3096.10009765625,3096.10009765625,3096.89990234375,3095.39990234375,3095.60009765625,22728
2026-04-30 09:34:00+00:00,3097.0,3097.0,3097.0,3095.0,3096.10009765625,21873
2026-04-30 09:35:00+00:00,3095.5,3095.5,3097.39990234375,3095.300048828125,3096.89990234375,14836
2026-04-30 09:36:00+00:00,3094.800048828125,3094.800048828125,3095.5,3094.800048828125,3095.39990234375,17370
2026-04-30 09:37:00+00:00,3091.89990234375,3091.89990234375,3094.699951171875,3091.89990234375,3094.5,13666
2026-04-30 09:38:00+00:00,3092.5,3092.5,3092.5,3091.89990234375,3092.10009765625,37614
2026-04-30 09:39:00+00:00,3094.699951171875,3094.699951171875,3095.0,3092.39990234375,3092.39990234375,25134
2026-04-30 09:40:00+00:00,3095.89990234375,3095.89990234375,3096.0,3094.10009765625,3095.0,23109
2026-04-30 09:41:00+00:00,3095.5,3095.5,3096.199951171875,3094.699951171875,3095.199951171875,27263
2026-04-30 09:42:00+00:00,3095.699951171875,3095.699951171875,3095.89990234375,3095.39990234375,3095.5,16023
2026-04-30 09:43:00+00:00,3096.300048828125,3096.300048828125,3096.300048828125,3095.699951171875,3095.699951171875,16934
2026-04-30 09:44:00+00:00,3098.300048828125,3098.300048828125,3098.60009765625,3096.60009765625,3096.89990234375,26238
2026-04-30 09:45:00+00:00,3097.89990234375,3097.89990234375,3098.5,3097.60009765625,3098.300048828125,15613
2026-04-30 09:46:00+00:00,3097.10009765625,3097.10009765625,3097.89990234375,3097.0,3097.89990234375,15925
2026-04-30 09:47:00+00:00,3097.10009765625,3097.10009765625,3097.199951171875,3097.0,3097.10009765625,25076
2026-04-30 09:48:00+00:00,3098.300048828125,3098.300048828125,3098.300048828125,3097.199951171875,3097.300048828125,28918
2026-04-30 09:49:00+00:00,3099.0,3099.0,3099.199951171875,3098.300048828125,3098.300048828125,14742
2026-04-30 09:50:00+00:00,3098.0,3098.0,3098.5,3097.89990234375,3098.5,22561
2026-04-30 09:51:00+00:00,3097.39990234375,3097.39990234375,3098.0,3097.0,3098.0,18471
2026-04-30 09:52:00+00:00,3095.10009765625,3095.10009765625,3097.39990234375,3095.0,3097.39990234375,15041
2026-04-30 09:53:00+00:00,3097.0,3097.0,3097.5,3095.10009765625,3095.699951171875,47671
2026-04-30 09:54:00+00:00,3103.89990234375,3103.89990234375,3104.199951171875,3097.89990234375,3097.89990234375,20994
2026-04-30 09:55:00+00:00,3105.699951171875,3105.699951171875,3105.699951171875,3101.5,3103.800048828125,27774
2026-04-30 09:56:00+00:00,3107.300048828125,3107.300048828125,3109.89990234375,3104.60009765625,3105.800048828125,26092
2026-04-30 09:57:00+00:00,3100.89990234375,3100.89990234375,3107.60009765625,3100.10009765625,3107.60009765625,18590
2026-04-30 09:58:00+00:00,3102.0,3102.0,3103.10009765625,3100.199951171875,3101.0,10169
2026-04-30 09:59:00+00:00,3094.199951171875,3094.199951171875,3105.0,3094.199951171875,3102.0,11628
