Price,Adj Close,Close,High,Low,Open,Volume
Ticker,MARUTI.NS,MARUTI.NS,MARUTI.NS,MARUTI.NS,MARUTI.NS,MARUTI.NS
Datetime,,,,,,
2026-04-23 03:45:00+00:00,13144.0,13144.0,13250.0,13140.0,13250.0,0
2026-04-23 03:46:00+00:00,13168.0,13168.0,13168.0,13129.0,13149.0,4495
2026-04-23 03:47:00+00:00,13176.0,13176.0,13184.0,13162.0,13162.0,3802
2026-04-23 03:48:00+00:00,13149.0,13149.0,13160.0,13137.0,13160.0,3494
2026-04-23 03:49:00+00:00,13154.0,13154.0,13156.0,13140.0,13146.0,2341
2026-04-23 03:50:00+00:00,13222.0,13222.0,13222.0,13152.0,13152.0,8786
2026-04-23 03:51:00+00:00,13242.0,13242.0,13252.0,13214.0,13226.0,8357
2026-04-23 03:52:00+00:00,13210.0,13210.0,13255.0,13208.0,13242.0,5422
2026-04-23 03:53:00+00:00,13234.0,13234.0,13240.0,13208.0,13210.0,11389
2026-04-23 03:54:00+00:00,13234.0,13234.0,13244.0,13220.0,13235.0,11445
2026-04-23 03:55:00+00:00,13200.0,13200.0,13236.0,13200.0,13236.0,9511
2026-04-23 03:56:00+00:00,13223.0,13223.0,13223.0,13200.0,13200.0,7583
2026-04-23 03:57:00+00:00,13227.0,13227.0,13240.0,13215.0,13224.0,9876
2026-04-23 03:58:00+00:00,13281.0,13281.0,13285.0,13226.0,13228.0,10664
2026-04-23 03:59:00+00:00,13300.0,13300.0,13305.0,13279.0,13279.0,8253
2026-04-23 04:00:00+00:00,13311.0,13311.0,13321.0,13288.0,13293.0,9050
2026-04-23 04:01:00+00:00,13313.0,13313.0,13350.0,13309.0,13309.0,9324
2026-04-23 04:02:00+00:00,13335.0,13335.0,13335.0,13310.0,13313.0,8799
2026-04-23 04:03:00+00:00,13313.0,13313.0,13343.0,13273.0,13336.0,15790
2026-04-23 04:04:00+00:00,13295.0,13295.0,13322.0,13290.0,13307.0,2324
2026-04-23 04:05:00+00:00,13243.0,13243.0,13293.0,13243.0,13291.0,1902
2026-04-23 04:06:00+00:00,13250.0,13250.0,13269.0,13238.0,13245.0,2820
2026-04-23 04:07:00+00:00,13256.0,13256.0,13258.0,13247.0,13255.0,1361
2026-04-23 04:08:00+00:00,13256.0,13256.0,13256.0,13244.0,13253.0,846
2026-04-23 04:09:00+00:00,13245.0,13245.0,13264.0,13244.0,13262.0,1032
2026-04-23 04:10:00+00:00,13245.0,13245.0,13254.0,13241.0,13245.0,897
2026-04-23 04:11:00+00:00,13254.0,13254.0,13259.0,13244.0,13244.0,742
2026-04-23 04:12:00+00:00,13237.0,13237.0,13254.0,13235.0,13253.0,811
2026-04-23 04:13:00+00:00,13245.0,13245.0,13245.0,13242.0,13242.0,340
2026-04-23 04:14:00+00:00,13255.0,13255.0,13255.0,13239.0,13244.0,601
2026-04-23 04:15:00+00:00,13248.0,13248.0,13251.0,13246.0,13251.0,387
2026-04-23 04:16:00+00:00,13274.0,13274.0,13274.0,13248.0,13251.0,910
2026-04-23 04:17:00+00:00,13271.0,13271.0,13291.0,13270.0,13274.0,2524
2026-04-23 04:18:00+00:00,13282.0,13282.0,13284.0,13271.0,13271.0,398
2026-04-23 04:19:00+00:00,13279.0,13279.0,13286.0,13279.0,13286.0,235
2026-04-23 04:20:00+00:00,13258.0,13258.0,13275.0,13258.0,13275.0,729
2026-04-23 04:21:00+00:00,13278.0,13278.0,13280.0,13258.0,13258.0,2084
2026-04-23 04:22:00+00:00,13299.0,13299.0,13300.0,13282.0,13282.0,889
2026-04-23 04:23:00+00:00,13306.0,13306.0,13310.0,13300.0,13300.0,1043
2026-04-23 04:24:00+00:00,13282.0,13282.0,13306.0,13282.0,13306.0,450
2026-04-23 04:25:00+00:00,13287.0,13287.0,13288.0,13282.0,13282.0,912
2026-04-23 04:26:00+00:00,13290.0,13290.0,13291.0,13287.0,13287.0,207
2026-04-23 04:27:00+00:00,13289.0,13289.0,13297.0,13286.0,13295.0,746
2026-04-23 04:28:00+00:00,13302.0,13302.0,13304.0,13288.0,13288.0,715
2026-04-23 04:29:00+00:00,13296.0,13296.0,13303.0,13296.0,13302.0,621
2026-04-23 04:30:00+00:00,13289.0,13289.0,13299.0,13283.0,13299.0,780
2026-04-23 04:31:00+00:00,13281.0,13281.0,13290.0,13276.0,13288.0,680
2026-04-23 04:32:00+00:00,13277.0,13277.0,13286.0,13277.0,13284.0,561
2026-04-23 04:33:00+00:00,13298.0,13298.0,13298.0,13283.0,13283.0,1204
2026-04-23 04:34:00+00:00,13313.0,13313.0,13313.0,13298.0,13298.0,795
2026-04-23 04:35:00+00:00,13311.0,13311.0,13313.0,13308.0,13313.0,650
2026-04-23 04:36:00+00:00,13309.0,13309.0,13310.0,13306.0,13308.0,260
2026-04-23 04:37:00+00:00,13313.0,13313.0,13313.0,13303.0,13307.0,1059
2026-04-23 04:38:00+00:00,13319.0,13319.0,13325.0,13311.0,13311.0,1374
2026-04-23 04:39:00+00:00,13315.0,13315.0,13316.0,13311.0,13313.0,334
2026-04-23 04:40:00+00:00,13316.0,13316.0,13316.0,13310.0,13316.0,969
2026-04-23 04:41:00+00:00,13307.0,13307.0,13316.0,13307.0,13316.0,308
2026-04-23 04:42:00+00:00,13288.0,13288.0,13311.0,13286.0,13307.0,656
2026-04-23 04:43:00+00:00,13271.0,13271.0,13288.0,13266.0,13288.0,817
2026-04-23 04:44:00+00:00,13276.0,13276.0,13281.0,13265.0,13265.0,807
2026-04-23 04:45:00+00:00,13275.0,13275.0,13275.0,13267.0,13272.0,1601
2026-04-23 04:46:00+00:00,13288.0,13288.0,13291.0,13270.0,13275.0,263
2026-04-23 04:47:00+00:00,13287.0,13287.0,13293.0,13285.0,13290.0,413
2026-04-23 04:48:00+00:00,13278.0,13278.0,13283.0,13276.0,13280.0,259
2026-04-23 04:49:00+00:00,13281.0,13281.0,13281.0,13275.0,13277.0,328
2026-04-23 04:50:00+00:00,13279.0,13279.0,13285.0,13272.0,13281.0,252
2026-04-23 04:51:00+00:00,13261.0,13261.0,13282.0,13261.0,13275.0,1078
2026-04-23 04:52:00+00:00,13265.0,13265.0,13268.0,13260.0,13261.0,649
2026-04-23 04:53:00+00:00,13265.0,13265.0,13267.0,13260.0,13266.0,316
2026-04-23 04:54:00+00:00,13243.0,13243.0,13265.0,13240.0,13265.0,2127
2026-04-23 04:55:00+00:00,13250.0,13250.0,13251.0,13232.0,13237.0,2174
2026-04-23 04:56:00+00:00,13238.0,13238.0,13253.0,13230.0,13250.0,1282
2026-04-23 04:57:00+00:00,13211.0,13211.0,13240.0,13211.0,13238.0,1584
2026-04-23 04:58:00+00:00,13216.0,13216.0,13218.0,13212.0,13216.0,1025
2026-04-23 04:59:00+00:00,13203.0,13203.0,13217.0,13201.0,13217.0,1130
2026-04-23 05:00:00+00:00,13198.0,13198.0,13206.0,13192.0,13204.0,1891
2026-04-23 05:01:00+00:00,13189.0,13189.0,13201.0,13184.0,13198.0,1041
2026-04-23 05:02:00+00:00,13187.0,13187.0,13190.0,13180.0,13183.0,1333
2026-04-23 05:03:00+00:00,13169.0,13169.0,13188.0,13166.0,13187.0,2434
2026-04-23 05:04:00+00:00,13180.0,13180.0,13180.0,13162.0,13170.0,2210
2026-04-23 05:05:00+00:00,13167.0,13167.0,13185.0,13161.0,13185.0,949
2026-04-23 05:06:00+00:00,13168.0,13168.0,13168.0,13160.0,13168.0,1625
2026-04-23 05:07:00+00:00,13168.0,13168.0,13175.0,13161.0,13174.0,852
2026-04-23 05:08:00+00:00,13170.0,13170.0,13175.0,13161.0,13169.0,665
2026-04-23 05:09:00+00:00,13180.0,13180.0,13184.0,13170.0,13173.0,365
2026-04-23 05:10:00+00:00,13180.0,13180.0,13181.0,13176.0,13176.0,378
2026-04-23 05:11:00+00:00,13182.0,13182.0,13182.0,13179.0,13180.0,702
2026-04-23 05:12:00+00:00,13155.0,13155.0,13175.0,13154.0,13167.0,1902
2026-04-23 05:13:00+00:00,13155.0,13155.0,13160.0,13150.0,13151.0,960
2026-04-23 05:14:00+00:00,13159.0,13159.0,13159.0,13148.0,13153.0,889
2026-04-23 05:15:00+00:00,13164.0,13164.0,13168.0,13155.0,13160.0,650
2026-04-23 05:16:00+00:00,13165.0,13165.0,13172.0,13160.0,13164.0,322
2026-04-23 05:17:00+00:00,13178.0,13178.0,13178.0,13156.0,13165.0,1024
2026-04-23 05:18:00+00:00,13182.0,13182.0,13183.0,13173.0,13177.0,482
2026-04-23 05:19:00+00:00,13178.0,13178.0,13184.0,13172.0,13182.0,621
2026-04-23 05:20:00+00:00,13172.0,13172.0,13177.0,13167.0,13175.0,443
2026-04-23 05:21:00+00:00,13170.0,13170.0,13173.0,13156.0,13168.0,1460
2026-04-23 05:22:00+00:00,13145.0,13145.0,13171.0,13136.0,13165.0,4193
2026-04-23 05:23:00+00:00,13153.0,13153.0,13156.0,13143.0,13143.0,601
2026-04-23 05:24:00+00:00,13148.0,13148.0,13151.0,13143.0,13149.0,477
2026-04-23 05:25:00+00:00,13141.0,13141.0,13150.0,13141.0,13148.0,498
2026-04-23 05:26:00+00:00,13141.0,13141.0,13144.0,13134.0,13144.0,611
2026-04-23 05:27:00+00:00,13131.0,13131.0,13141.0,13130.0,13140.0,998
2026-04-23 05:28:00+00:00,13153.0,13153.0,13154.0,13130.0,13131.0,1276
2026-04-23 05:29:00+00:00,13145.0,13145.0,13149.0,13136.0,13147.0,1052
2026-04-23 05:30:00+00:00,13138.0,13138.0,13146.0,13132.0,13145.0,207
2026-04-23 05:31:00+00:00,13161.0,13161.0,13172.0,13136.0,13137.0,3409
2026-04-23 05:32:00+00:00,13163.0,13163.0,13166.0,13160.0,13161.0,512
2026-04-23 05:33:00+00:00,13161.0,13161.0,13165.0,13159.0,13164.0,1299
2026-04-23 05:34:00+00:00,13150.0,13150.0,13167.0,13150.0,13161.0,2890
2026-04-23 05:35:00+00:00,13147.0,13147.0,13154.0,13142.0,13154.0,384
2026-04-23 05:36:00+00:00,13159.0,13159.0,13159.0,13144.0,13147.0,646
2026-04-23 05:37:00+00:00,13173.0,13173.0,13173.0,13157.0,13157.0,683
2026-04-23 05:38:00+00:00,13172.0,13172.0,13174.0,13169.0,13171.0,231
2026-04-23 05:39:00+00:00,13173.0,13173.0,13175.0,13169.0,13172.0,761
2026-04-23 05:40:00+00:00,13173.0,13173.0,13173.0,13168.0,13168.0,346
2026-04-23 05:41:00+00:00,13176.0,13176.0,13176.0,13166.0,13169.0,1222
2026-04-23 05:42:00+00:00,13176.0,13176.0,13178.0,13170.0,13178.0,533
2026-04-23 05:43:00+00:00,13168.0,13168.0,13177.0,13165.0,13176.0,1096
2026-04-23 05:44:00+00:00,13183.0,13183.0,13186.0,13168.0,13171.0,2019
2026-04-23 05:45:00+00:00,13183.0,13183.0,13188.0,13177.0,13183.0,1214
2026-04-23 05:46:00+00:00,13189.0,13189.0,13189.0,13180.0,13183.0,230
2026-04-23 05:47:00+00:00,13189.0,13189.0,13190.0,13186.0,13190.0,329
2026-04-23 05:48:00+00:00,13195.0,13195.0,13197.0,13190.0,13190.0,834
2026-04-23 05:49:00+00:00,13190.0,13190.0,13198.0,13190.0,13195.0,787
2026-04-23 05:50:00+00:00,13198.0,13198.0,13199.0,13187.0,13195.0,1049
2026-04-23 05:51:00+00:00,13205.0,13205.0,13209.0,13193.0,13197.0,1191
2026-04-23 05:52:00+00:00,13206.0,13206.0,13206.0,13200.0,13201.0,803
2026-04-23 05:53:00+00:00,13206.0,13206.0,13207.0,13201.0,13204.0,378
2026-04-23 05:54:00+00:00,13204.0,13204.0,13206.0,13200.0,13202.0,602
2026-04-23 05:55:00+00:00,13205.0,13205.0,13206.0,13200.0,13200.0,778
2026-04-23 05:56:00+00:00,13201.0,13201.0,13213.0,13200.0,13207.0,1193
2026-04-23 05:57:00+00:00,13204.0,13204.0,13204.0,13200.0,13200.0,834
2026-04-23 05:58:00+00:00,13207.0,13207.0,13207.0,13201.0,13201.0,183
2026-04-23 05:59:00+00:00,13203.0,13203.0,13207.0,13200.0,13207.0,355
2026-04-23 06:00:00+00:00,13200.0,13200.0,13206.0,13200.0,13203.0,1149
2026-04-23 06:01:00+00:00,13204.0,13204.0,13204.0,13200.0,13200.0,329
2026-04-23 06:02:00+00:00,13201.0,13201.0,13204.0,13199.0,13204.0,2227
2026-04-23 06:03:00+00:00,13190.0,13190.0,13193.0,13185.0,13188.0,2302
2026-04-23 06:04:00+00:00,13181.0,13181.0,13190.0,13181.0,13186.0,153
2026-04-23 06:05:00+00:00,13186.0,13186.0,13187.0,13180.0,13185.0,492
2026-04-23 06:06:00+00:00,13199.0,13199.0,13204.0,13181.0,13186.0,6907
2026-04-23 06:07:00+00:00,13200.0,13200.0,13203.0,13192.0,13196.0,1164
2026-04-23 06:08:00+00:00,13201.0,13201.0,13205.0,13196.0,13203.0,824
2026-04-23 06:09:00+00:00,13200.0,13200.0,13201.0,13193.0,13197.0,1103
2026-04-23 06:10:00+00:00,13199.0,13199.0,13202.0,13192.0,13200.0,1048
2026-04-23 06:11:00+00:00,13185.0,13185.0,13198.0,13183.0,13198.0,1686
2026-04-23 06:12:00+00:00,13198.0,13198.0,13198.0,13181.0,13187.0,686
2026-04-23 06:13:00+00:00,13200.0,13200.0,13205.0,13188.0,13198.0,1564
2026-04-23 06:14:00+00:00,13201.0,13201.0,13205.0,13199.0,13200.0,1491
2026-04-23 06:15:00+00:00,13201.0,13201.0,13202.0,13197.0,13200.0,2153
2026-04-23 06:16:00+00:00,13203.0,13203.0,13204.0,13200.0,13201.0,1444
2026-04-23 06:17:00+00:00,13203.0,13203.0,13203.0,13199.0,13202.0,2702
2026-04-23 06:18:00+00:00,13200.0,13200.0,13204.0,13200.0,13203.0,159
2026-04-23 06:19:00+00:00,13202.0,13202.0,13202.0,13200.0,13200.0,932
2026-04-23 06:20:00+00:00,13197.0,13197.0,13202.0,13192.0,13202.0,1301
2026-04-23 06:21:00+00:00,13201.0,13201.0,13201.0,13196.0,13200.0,600
2026-04-23 06:22:00+00:00,13200.0,13200.0,13203.0,13198.0,13200.0,504
2026-04-23 06:23:00+00:00,13204.0,13204.0,13205.0,13200.0,13203.0,420
2026-04-23 06:24:00+00:00,13202.0,13202.0,13205.0,13200.0,13201.0,309
2026-04-23 06:25:00+00:00,13209.0,13209.0,13209.0,13204.0,13205.0,893
2026-04-23 06:26:00+00:00,13200.0,13200.0,13209.0,13200.0,13209.0,237
2026-04-23 06:27:00+00:00,13204.0,13204.0,13204.0,13200.0,13200.0,536
2026-04-23 06:28:00+00:00,13200.0,13200.0,13205.0,13200.0,13204.0,127
2026-04-23 06:29:00+00:00,13200.0,13200.0,13201.0,13200.0,13200.0,553
2026-04-23 06:30:00+00:00,13200.0,13200.0,13202.0,13200.0,13200.0,1057
2026-04-23 06:31:00+00:00,13187.0,13187.0,13197.0,13187.0,13193.0,2214
2026-04-23 06:32:00+00:00,13187.0,13187.0,13190.0,13180.0,13189.0,2129
2026-04-23 06:33:00+00:00,13192.0,13192.0,13192.0,13183.0,13188.0,1319
2026-04-23 06:34:00+00:00,13185.0,13185.0,13190.0,13177.0,13190.0,1574
2026-04-23 06:35:00+00:00,13184.0,13184.0,13186.0,13171.0,13175.0,1642
2026-04-23 06:36:00+00:00,13195.0,13195.0,13195.0,13173.0,13176.0,1597
2026-04-23 06:37:00+00:00,13192.0,13192.0,13200.0,13189.0,13198.0,1571
2026-04-23 06:38:00+00:00,13203.0,13203.0,13203.0,13192.0,13197.0,866
2026-04-23 06:39:00+00:00,13204.0,13204.0,13207.0,13200.0,13201.0,522
2026-04-23 06:40:00+00:00,13204.0,13204.0,13204.0,13200.0,13204.0,359
2026-04-23 06:41:00+00:00,13212.0,13212.0,13217.0,13204.0,13204.0,774
2026-04-23 06:42:00+00:00,13215.0,13215.0,13215.0,13210.0,13214.0,411
2026-04-23 06:43:00+00:00,13218.0,13218.0,13219.0,13209.0,13212.0,2177
2026-04-23 06:44:00+00:00,13219.0,13219.0,13219.0,13218.0,13219.0,317
2026-04-23 06:45:00+00:00,13218.0,13218.0,13220.0,13218.0,13219.0,515
2026-04-23 06:46:00+00:00,13219.0,13219.0,13220.0,13218.0,13220.0,436
2026-04-23 06:47:00+00:00,13215.0,13215.0,13215.0,13212.0,13212.0,722
2026-04-23 06:48:00+00:00,13209.0,13209.0,13215.0,13209.0,13215.0,341
2026-04-23 06:49:00+00:00,13208.0,13208.0,13212.0,13208.0,13209.0,411
2026-04-23 06:50:00+00:00,13219.0,13219.0,13219.0,13212.0,13212.0,866
2026-04-23 06:51:00+00:00,13225.0,13225.0,13225.0,13218.0,13219.0,925
2026-04-23 06:52:00+00:00,13228.0,13228.0,13228.0,13221.0,13225.0,308
2026-04-23 06:53:00+00:00,13219.0,13219.0,13228.0,13218.0,13227.0,724
2026-04-23 06:54:00+00:00,13219.0,13219.0,13219.0,13217.0,13219.0,407
2026-04-23 06:55:00+00:00,13218.0,13218.0,13219.0,13216.0,13218.0,1032
2026-04-23 06:56:00+00:00,13204.0,13204.0,13219.0,13204.0,13217.0,2304
2026-04-23 06:57:00+00:00,13190.0,13190.0,13209.0,13186.0,13204.0,682
2026-04-23 06:58:00+00:00,13188.0,13188.0,13190.0,13180.0,13189.0,866
2026-04-23 06:59:00+00:00,13192.0,13192.0,13197.0,13180.0,13188.0,3183
2026-04-23 07:00:00+00:00,13200.0,13200.0,13203.0,13200.0,13200.0,1809
2026-04-23 07:01:00+00:00,13185.0,13185.0,13196.0,13180.0,13196.0,1343
2026-04-23 07:02:00+00:00,13192.0,13192.0,13193.0,13183.0,13185.0,750
2026-04-23 07:03:00+00:00,13191.0,13191.0,13192.0,13182.0,13192.0,588
2026-04-23 07:04:00+00:00,13189.0,13189.0,13196.0,13187.0,13189.0,562
2026-04-23 07:05:00+00:00,13186.0,13186.0,13193.0,13185.0,13188.0,529
2026-04-23 07:06:00+00:00,13186.0,13186.0,13192.0,13182.0,13185.0,1393
2026-04-23 07:07:00+00:00,13183.0,13183.0,13190.0,13183.0,13189.0,514
2026-04-23 07:08:00+00:00,13195.0,13195.0,13195.0,13185.0,13185.0,633
2026-04-23 07:09:00+00:00,13198.0,13198.0,13202.0,13195.0,13196.0,1071
2026-04-23 07:10:00+00:00,13189.0,13189.0,13199.0,13188.0,13197.0,661
2026-04-23 07:11:00+00:00,13190.0,13190.0,13194.0,13185.0,13194.0,745
2026-04-23 07:12:00+00:00,13179.0,13179.0,13190.0,13173.0,13190.0,1562
2026-04-23 07:13:00+00:00,13175.0,13175.0,13181.0,13173.0,13175.0,1109
2026-04-23 07:14:00+00:00,13178.0,13178.0,13180.0,13174.0,13176.0,1626
2026-04-23 07:15:00+00:00,13184.0,13184.0,13200.0,13180.0,13180.0,5448
2026-04-23 07:16:00+00:00,13188.0,13188.0,13188.0,13183.0,13187.0,121
2026-04-23 07:17:00+00:00,13188.0,13188.0,13188.0,13183.0,13187.0,371
2026-04-23 07:18:00+00:00,13188.0,13188.0,13188.0,13178.0,13184.0,1729
2026-04-23 07:19:00+00:00,13188.0,13188.0,13188.0,13186.0,13187.0,436
2026-04-23 07:20:00+00:00,13190.0,13190.0,13190.0,13184.0,13188.0,438
2026-04-23 07:21:00+00:00,13182.0,13182.0,13190.0,13182.0,13189.0,1168
2026-04-23 07:22:00+00:00,13196.0,13196.0,13197.0,13181.0,13186.0,1520
2026-04-23 07:23:00+00:00,13193.0,13193.0,13196.0,13187.0,13196.0,696
2026-04-23 07:24:00+00:00,13188.0,13188.0,13194.0,13178.0,13188.0,3598
2026-04-23 07:25:00+00:00,13185.0,13185.0,13187.0,13179.0,13187.0,750
2026-04-23 07:26:00+00:00,13162.0,13162.0,13187.0,13161.0,13185.0,2303
2026-04-23 07:27:00+00:00,13154.0,13154.0,13165.0,13154.0,13162.0,1551
2026-04-23 07:28:00+00:00,13162.0,13162.0,13162.0,13155.0,13155.0,716
2026-04-23 07:29:00+00:00,13186.0,13186.0,13186.0,13162.0,13162.0,707
2026-04-23 07:30:00+00:00,13192.0,13192.0,13193.0,13180.0,13184.0,754
2026-04-23 07:31:00+00:00,13187.0,13187.0,13192.0,13181.0,13192.0,899
2026-04-23 07:32:00+00:00,13183.0,13183.0,13189.0,13180.0,13187.0,817
2026-04-23 07:33:00+00:00,13180.0,13180.0,13187.0,13176.0,13185.0,674
2026-04-23 07:34:00+00:00,13178.0,13178.0,13182.0,13171.0,13174.0,796
2026-04-23 07:35:00+00:00,13183.0,13183.0,13183.0,13176.0,13178.0,819
2026-04-23 07:36:00+00:00,13183.0,13183.0,13187.0,13177.0,13183.0,859
2026-04-23 07:37:00+00:00,13177.0,13177.0,13184.0,13172.0,13184.0,835
2026-04-23 07:38:00+00:00,13174.0,13174.0,13178.0,13169.0,13178.0,944
2026-04-23 07:39:00+00:00,13184.0,13184.0,13186.0,13173.0,13174.0,885
2026-04-23 07:40:00+00:00,13190.0,13190.0,13191.0,13182.0,13184.0,654
2026-04-23 07:41:00+00:00,13174.0,13174.0,13190.0,13170.0,13190.0,1450
2026-04-23 07:42:00+00:00,13162.0,13162.0,13172.0,13161.0,13167.0,697
2026-04-23 07:43:00+00:00,13161.0,13161.0,13167.0,13157.0,13167.0,864
2026-04-23 07:44:00+00:00,13159.0,13159.0,13165.0,13158.0,13161.0,663
2026-04-23 07:45:00+00:00,13165.0,13165.0,13165.0,13157.0,13163.0,817
2026-04-23 07:46:00+00:00,13161.0,13161.0,13164.0,13156.0,13160.0,868
2026-04-23 07:47:00+00:00,13161.0,13161.0,13163.0,13157.0,13160.0,711
2026-04-23 07:48:00+00:00,13161.0,13161.0,13165.0,13159.0,13163.0,681
2026-04-23 07:49:00+00:00,13172.0,13172.0,13174.0,13161.0,13164.0,1388
2026-04-23 07:50:00+00:00,13183.0,13183.0,13183.0,13172.0,13172.0,1057
2026-04-23 07:51:00+00:00,13181.0,13181.0,13182.0,13172.0,13180.0,918
2026-04-23 07:52:00+00:00,13189.0,13189.0,13189.0,13176.0,13181.0,1242
2026-04-23 07:53:00+00:00,13192.0,13192.0,13192.0,13185.0,13190.0,1201
2026-04-23 07:54:00+00:00,13201.0,13201.0,13201.0,13187.0,13192.0,915
2026-04-23 07:55:00+00:00,13194.0,13194.0,13205.0,13193.0,13197.0,874
2026-04-23 07:56:00+00:00,13192.0,13192.0,13195.0,13187.0,13195.0,413
2026-04-23 07:57:00+00:00,13193.0,13193.0,13197.0,13188.0,13188.0,432
2026-04-23 07:58:00+00:00,13194.0,13194.0,13199.0,13186.0,13191.0,588
2026-04-23 07:59:00+00:00,13190.0,13190.0,13199.0,13190.0,13194.0,375
2026-04-23 08:00:00+00:00,13187.0,13187.0,13194.0,13183.0,13190.0,634
2026-04-23 08:01:00+00:00,13177.0,13177.0,13186.0,13177.0,13183.0,741
2026-04-23 08:02:00+00:00,13179.0,13179.0,13180.0,13176.0,13177.0,525
2026-04-23 08:03:00+00:00,13165.0,13165.0,13180.0,13165.0,13176.0,599
2026-04-23 08:04:00+00:00,13161.0,13161.0,13168.0,13160.0,13165.0,1409
2026-04-23 08:05:00+00:00,13169.0,13169.0,13169.0,13156.0,13161.0,1041
2026-04-23 08:06:00+00:00,13165.0,13165.0,13169.0,13162.0,13169.0,536
2026-04-23 08:07:00+00:00,13163.0,13163.0,13166.0,13162.0,13164.0,447
2026-04-23 08:08:00+00:00,13144.0,13144.0,13162.0,13144.0,13161.0,2707
2026-04-23 08:09:00+00:00,13135.0,13135.0,13141.0,13132.0,13141.0,982
2026-04-23 08:10:00+00:00,13141.0,13141.0,13143.0,13136.0,13138.0,501
2026-04-23 08:11:00+00:00,13138.0,13138.0,13144.0,13138.0,13144.0,695
2026-04-23 08:12:00+00:00,13144.0,13144.0,13144.0,13136.0,13140.0,924
2026-04-23 08:13:00+00:00,13139.0,13139.0,13143.0,13137.0,13139.0,829
2026-04-23 08:14:00+00:00,13149.0,13149.0,13155.0,13144.0,13144.0,1150
2026-04-23 08:15:00+00:00,13152.0,13152.0,13152.0,13146.0,13149.0,684
2026-04-23 08:16:00+00:00,13150.0,13150.0,13154.0,13148.0,13148.0,509
2026-04-23 08:17:00+00:00,13147.0,13147.0,13153.0,13144.0,13153.0,511
2026-04-23 08:18:00+00:00,13145.0,13145.0,13151.0,13142.0,13147.0,476
2026-04-23 08:19:00+00:00,13148.0,13148.0,13148.0,13140.0,13142.0,779
2026-04-23 08:20:00+00:00,13152.0,13152.0,13156.0,13145.0,13147.0,1707
2026-04-23 08:21:00+00:00,13150.0,13150.0,13154.0,13149.0,13152.0,244
2026-04-23 08:22:00+00:00,13146.0,13146.0,13151.0,13146.0,13150.0,499
2026-04-23 08:23:00+00:00,13146.0,13146.0,13150.0,13140.0,13150.0,764
2026-04-23 08:24:00+00:00,13146.0,13146.0,13148.0,13141.0,13141.0,1040
2026-04-23 08:25:00+00:00,13145.0,13145.0,13148.0,13142.0,13146.0,405
2026-04-23 08:26:00+00:00,13155.0,13155.0,13155.0,13143.0,13145.0,755
2026-04-23 08:27:00+00:00,13159.0,13159.0,13160.0,13153.0,13156.0,1445
2026-04-23 08:28:00+00:00,13153.0,13153.0,13160.0,13150.0,13159.0,388
2026-04-23 08:29:00+00:00,13153.0,13153.0,13155.0,13150.0,13150.0,408
2026-04-23 08:30:00+00:00,13158.0,13158.0,13158.0,13152.0,13154.0,721
2026-04-23 08:31:00+00:00,13157.0,13157.0,13157.0,13155.0,13157.0,148
2026-04-23 08:32:00+00:00,13155.0,13155.0,13158.0,13152.0,13156.0,396
2026-04-23 08:33:00+00:00,13159.0,13159.0,13159.0,13155.0,13155.0,675
2026-04-23 08:34:00+00:00,13152.0,13152.0,13155.0,13149.0,13154.0,507
2026-04-23 08:35:00+00:00,13150.0,13150.0,13152.0,13145.0,13152.0,266
2026-04-23 08:36:00+00:00,13143.0,13143.0,13150.0,13140.0,13150.0,404
2026-04-23 08:37:00+00:00,13143.0,13143.0,13143.0,13141.0,13143.0,132
2026-04-23 08:38:00+00:00,13170.0,13170.0,13170.0,13142.0,13142.0,1069
2026-04-23 08:39:00+00:00,13162.0,13162.0,13170.0,13160.0,13169.0,416
2026-04-23 08:40:00+00:00,13160.0,13160.0,13165.0,13138.0,13161.0,2017
2026-04-23 08:41:00+00:00,13146.0,13146.0,13162.0,13143.0,13162.0,437
2026-04-23 08:42:00+00:00,13138.0,13138.0,13145.0,13138.0,13143.0,451
2026-04-23 08:43:00+00:00,13138.0,13138.0,13142.0,13136.0,13142.0,512
2026-04-23 08:44:00+00:00,13132.0,13132.0,13138.0,13132.0,13138.0,762
2026-04-23 08:45:00+00:00,13130.0,13130.0,13134.0,13130.0,13133.0,740
2026-04-23 08:46:00+00:00,13126.0,13126.0,13130.0,13125.0,13130.0,1338
2026-04-23 08:47:00+00:00,13139.0,13139.0,13142.0,13132.0,13134.0,728
2026-04-23 08:48:00+00:00,13142.0,13142.0,13142.0,13135.0,13141.0,463
2026-04-23 08:49:00+00:00,13152.0,13152.0,13152.0,13143.0,13143.0,1219
2026-04-23 08:50:00+00:00,13130.0,13130.0,13151.0,13126.0,13150.0,6409
2026-04-23 08:51:00+00:00,13132.0,13132.0,13137.0,13126.0,13137.0,1288
2026-04-23 08:52:00+00:00,13134.0,13134.0,13139.0,13125.0,13132.0,1803
2026-04-23 08:53:00+00:00,13136.0,13136.0,13139.0,13130.0,13135.0,2300
2026-04-23 08:54:00+00:00,13137.0,13137.0,13143.0,13132.0,13138.0,1368
2026-04-23 08:55:00+00:00,13137.0,13137.0,13137.0,13130.0,13135.0,687
2026-04-23 08:56:00+00:00,13151.0,13151.0,13151.0,13136.0,13137.0,688
2026-04-23 08:57:00+00:00,13145.0,13145.0,13150.0,13140.0,13146.0,906
2026-04-23 08:58:00+00:00,13153.0,13153.0,13154.0,13138.0,13140.0,1527
2026-04-23 08:59:00+00:00,13142.0,13142.0,13153.0,13142.0,13150.0,556
2026-04-23 09:00:00+00:00,13147.0,13147.0,13151.0,13144.0,13144.0,516
2026-04-23 09:01:00+00:00,13134.0,13134.0,13150.0,13134.0,13145.0,1330
2026-04-23 09:02:00+00:00,13141.0,13141.0,13144.0,13135.0,13143.0,1894
2026-04-23 09:03:00+00:00,13133.0,13133.0,13142.0,13130.0,13141.0,1646
2026-04-23 09:04:00+00:00,13134.0,13134.0,13141.0,13130.0,13139.0,1836
2026-04-23 09:05:00+00:00,13133.0,13133.0,13136.0,13130.0,13131.0,2587
2026-04-23 09:06:00+00:00,13136.0,13136.0,13143.0,13134.0,13138.0,1743
2026-04-23 09:07:00+00:00,13142.0,13142.0,13142.0,13135.0,13140.0,1840
2026-04-23 09:08:00+00:00,13147.0,13147.0,13149.0,13138.0,13139.0,2359
2026-04-23 09:09:00+00:00,13144.0,13144.0,13150.0,13141.0,13148.0,1231
2026-04-23 09:10:00+00:00,13144.0,13144.0,13149.0,13138.0,13149.0,1845
2026-04-23 09:11:00+00:00,13141.0,13141.0,13149.0,13137.0,13144.0,1425
2026-04-23 09:12:00+00:00,13149.0,13149.0,13149.0,13141.0,13141.0,1679
2026-04-23 09:13:00+00:00,13144.0,13144.0,13149.0,13141.0,13144.0,1928
2026-04-23 09:14:00+00:00,13138.0,13138.0,13143.0,13133.0,13143.0,2207
2026-04-23 09:15:00+00:00,13145.0,13145.0,13149.0,13130.0,13138.0,1324
2026-04-23 09:16:00+00:00,13144.0,13144.0,13149.0,13139.0,13149.0,1154
2026-04-23 09:17:00+00:00,13154.0,13154.0,13154.0,13144.0,13145.0,1479
2026-04-23 09:18:00+00:00,13158.0,13158.0,13167.0,13154.0,13154.0,2507
2026-04-23 09:19:00+00:00,13154.0,13154.0,13157.0,13150.0,13157.0,437
2026-04-23 09:20:00+00:00,13159.0,13159.0,13160.0,13150.0,13153.0,629
2026-04-23 09:21:00+00:00,13159.0,13159.0,13159.0,13155.0,13159.0,418
2026-04-23 09:22:00+00:00,13165.0,13165.0,13165.0,13158.0,13158.0,869
2026-04-23 09:23:00+00:00,13159.0,13159.0,13165.0,13152.0,13165.0,545
2026-04-23 09:24:00+00:00,13155.0,13155.0,13159.0,13155.0,13159.0,418
2026-04-23 09:25:00+00:00,13160.0,13160.0,13160.0,13156.0,13156.0,414
2026-04-23 09:26:00+00:00,13163.0,13163.0,13163.0,13159.0,13162.0,417
2026-04-23 09:27:00+00:00,13156.0,13156.0,13162.0,13156.0,13161.0,325
2026-04-23 09:28:00+00:00,13156.0,13156.0,13160.0,13156.0,13160.0,267
2026-04-23 09:29:00+00:00,13167.0,13167.0,13171.0,13162.0,13166.0,3155
2026-04-23 09:30:00+00:00,13169.0,13169.0,13170.0,13168.0,13170.0,926
2026-04-23 09:31:00+00:00,13176.0,13176.0,13177.0,13169.0,13169.0,1327
2026-04-23 09:32:00+00:00,13176.0,13176.0,13176.0,13171.0,13176.0,1352
2026-04-23 09:33:00+00:00,13177.0,13177.0,13187.0,13177.0,13184.0,2560
2026-04-23 09:34:00+00:00,13173.0,13173.0,13180.0,13173.0,13180.0,809
2026-04-23 09:35:00+00:00,13183.0,13183.0,13183.0,13173.0,13174.0,2909
2026-04-23 09:36:00+00:00,13171.0,13171.0,13184.0,13171.0,13183.0,1368
2026-04-23 09:37:00+00:00,13165.0,13165.0,13172.0,13165.0,13172.0,586
2026-04-23 09:38:00+00:00,13162.0,13162.0,13167.0,13162.0,13166.0,1335
2026-04-23 09:39:00+00:00,13164.0,13164.0,13164.0,13163.0,13163.0,432
2026-04-23 09:40:00+00:00,13168.0,13168.0,13170.0,13167.0,13168.0,1131
2026-04-23 09:41:00+00:00,13163.0,13163.0,13166.0,13162.0,13166.0,926
2026-04-23 09:42:00+00:00,13153.0,13153.0,13162.0,13153.0,13162.0,1021
2026-04-23 09:43:00+00:00,13152.0,13152.0,13155.0,13152.0,13154.0,1516
2026-04-23 09:44:00+00:00,13150.0,13150.0,13155.0,13150.0,13154.0,1141
2026-04-23 09:45:00+00:00,13147.0,13147.0,13150.0,13144.0,13148.0,1601
2026-04-23 09:46:00+00:00,13144.0,13144.0,13147.0,13144.0,13147.0,1791
2026-04-23 09:47:00+00:00,13156.0,13156.0,13159.0,13146.0,13146.0,2713
2026-04-23 09:48:00+00:00,13153.0,13153.0,13158.0,13153.0,13154.0,1666
2026-04-23 09:49:00+00:00,13151.0,13151.0,13154.0,13150.0,13153.0,1144
2026-04-23 09:50:00+00:00,13158.0,13158.0,13158.0,13152.0,13153.0,1526
2026-04-23 09:51:00+00:00,13158.0,13158.0,13158.0,13157.0,13158.0,796
2026-04-23 09:52:00+00:00,13156.0,13156.0,13158.0,13156.0,13158.0,1494
2026-04-23 09:53:00+00:00,13151.0,13151.0,13154.0,13151.0,13154.0,2470
2026-04-23 09:54:00+00:00,13153.0,13153.0,13153.0,13151.0,13151.0,2211
2026-04-23 09:55:00+00:00,13151.0,13151.0,13154.0,13150.0,13154.0,2680
2026-04-23 09:56:00+00:00,13157.0,13157.0,13157.0,13150.0,13151.0,1487
2026-04-23 09:57:00+00:00,13150.0,13150.0,13158.0,13150.0,13158.0,2145
2026-04-23 09:58:00+00:00,13155.0,13155.0,13158.0,13150.0,13150.0,913
2026-04-23 09:59:00+00:00,13160.0,13160.0,13167.0,13140.0,13158.0,1023
2026-04-24 03:45:00+00:00,13202.0,13202.0,13248.0,13194.0,13248.0,0
2026-04-24 03:46:00+00:00,13164.0,13164.0,13205.0,13164.0,13205.0,3339
2026-04-24 03:47:00+00:00,13133.0,13133.0,13147.0,13126.0,13147.0,2406
2026-04-24 03:48:00+00:00,13140.0,13140.0,13146.0,13134.0,13134.0,2705
2026-04-24 03:49:00+00:00,13134.0,13134.0,13162.0,13134.0,13152.0,1145
2026-04-24 03:50:00+00:00,13102.0,13102.0,13133.0,13102.0,13133.0,2621
2026-04-24 03:51:00+00:00,13093.0,13093.0,13100.0,13089.0,13095.0,2754
2026-04-24 03:52:00+00:00,13114.0,13114.0,13115.0,13103.0,13103.0,853
2026-04-24 03:53:00+00:00,13120.0,13120.0,13126.0,13118.0,13118.0,1445
2026-04-24 03:54:00+00:00,13117.0,13117.0,13120.0,13116.0,13116.0,592
2026-04-24 03:55:00+00:00,13108.0,13108.0,13119.0,13108.0,13118.0,796
2026-04-24 03:56:00+00:00,13098.0,13098.0,13101.0,13096.0,13101.0,1064
2026-04-24 03:57:00+00:00,13089.0,13089.0,13101.0,13082.0,13098.0,1659
2026-04-24 03:58:00+00:00,13094.0,13094.0,13103.0,13089.0,13089.0,597
2026-04-24 03:59:00+00:00,13089.0,13089.0,13098.0,13089.0,13092.0,617
2026-04-24 04:00:00+00:00,13096.0,13096.0,13098.0,13089.0,13089.0,910
2026-04-24 04:01:00+00:00,13100.0,13100.0,13106.0,13097.0,13098.0,695
2026-04-24 04:02:00+00:00,13075.0,13075.0,13099.0,13072.0,13098.0,1800
2026-04-24 04:03:00+00:00,13068.0,13068.0,13075.0,13062.0,13072.0,745
2026-04-24 04:04:00+00:00,13049.0,13049.0,13069.0,13046.0,13069.0,1434
2026-04-24 04:05:00+00:00,13062.0,13062.0,13062.0,13049.0,13055.0,901
2026-04-24 04:06:00+00:00,13045.0,13045.0,13062.0,13045.0,13062.0,1206
2026-04-24 04:07:00+00:00,13053.0,13053.0,13053.0,13036.0,13045.0,1555
2026-04-24 04:08:00+00:00,13055.0,13055.0,13055.0,13042.0,13049.0,489
2026-04-24 04:09:00+00:00,13050.0,13050.0,13052.0,13045.0,13052.0,888
2026-04-24 04:10:00+00:00,13046.0,13046.0,13054.0,13046.0,13051.0,1243
2026-04-24 04:11:00+00:00,13045.0,13045.0,13050.0,13045.0,13050.0,375
2026-04-24 04:12:00+00:00,13045.0,13045.0,13045.0,13039.0,13041.0,471
2026-04-24 04:13:00+00:00,13039.0,13039.0,13041.0,13036.0,13038.0,348
2026-04-24 04:14:00+00:00,13038.0,13038.0,13045.0,13036.0,13039.0,305
2026-04-24 04:15:00+00:00,13025.0,13025.0,13040.0,13025.0,13036.0,862
2026-04-24 04:16:00+00:00,13029.0,13029.0,13030.0,13024.0,13028.0,1218
2026-04-24 04:17:00+00:00,13029.0,13029.0,13030.0,13026.0,13029.0,416
2026-04-24 04:18:00+00:00,13035.0,13035.0,13040.0,13023.0,13023.0,757
2026-04-24 04:19:00+00:00,13040.0,13040.0,13040.0,13031.0,13032.0,563
2026-04-24 04:20:00+00:00,13025.0,13025.0,13040.0,13025.0,13034.0,423
2026-04-24 04:21:00+00:00,13022.0,13022.0,13030.0,13020.0,13030.0,899
2026-04-24 04:22:00+00:00,13025.0,13025.0,13035.0,13023.0,13035.0,1075
2026-04-24 04:23:00+00:00,13025.0,13025.0,13029.0,13020.0,13023.0,332
2026-04-24 04:24:00+00:00,13018.0,13018.0,13024.0,13014.0,13023.0,578
2026-04-24 04:25:00+00:00,13011.0,13011.0,13025.0,13005.0,13015.0,1121
2026-04-24 04:26:00+00:00,13010.0,13010.0,13019.0,13004.0,13018.0,875
2026-04-24 04:27:00+00:00,13000.0,13000.0,13010.0,13000.0,13010.0,896
2026-04-24 04:28:00+00:00,13009.0,13009.0,13010.0,13001.0,13001.0,561
2026-04-24 04:29:00+00:00,13021.0,13021.0,13028.0,13009.0,13009.0,1287
2026-04-24 04:30:00+00:00,13026.0,13026.0,13030.0,13019.0,13026.0,704
2026-04-24 04:31:00+00:00,13039.0,13039.0,13041.0,13023.0,13027.0,1100
2026-04-24 04:32:00+00:00,13033.0,13033.0,13039.0,13028.0,13037.0,1334
2026-04-24 04:33:00+00:00,13045.0,13045.0,13048.0,13035.0,13036.0,978
2026-04-24 04:34:00+00:00,13058.0,13058.0,13067.0,13052.0,13052.0,1600
2026-04-24 04:35:00+00:00,13051.0,13051.0,13066.0,13051.0,13056.0,873
2026-04-24 04:36:00+00:00,13066.0,13066.0,13068.0,13050.0,13053.0,1714
2026-04-24 04:37:00+00:00,13059.0,13059.0,13066.0,13055.0,13065.0,446
2026-04-24 04:38:00+00:00,13057.0,13057.0,13060.0,13053.0,13059.0,1314
2026-04-24 04:39:00+00:00,13047.0,13047.0,13057.0,13047.0,13057.0,680
2026-04-24 04:40:00+00:00,13050.0,13050.0,13052.0,13042.0,13044.0,1302
2026-04-24 04:41:00+00:00,13061.0,13061.0,13064.0,13049.0,13050.0,903
2026-04-24 04:42:00+00:00,13085.0,13085.0,13086.0,13057.0,13062.0,2540
2026-04-24 04:43:00+00:00,13080.0,13080.0,13090.0,13080.0,13085.0,1356
2026-04-24 04:44:00+00:00,13080.0,13080.0,13081.0,13074.0,13080.0,1243
2026-04-24 04:45:00+00:00,13093.0,13093.0,13094.0,13071.0,13083.0,5427
2026-04-24 04:46:00+00:00,13098.0,13098.0,13099.0,13087.0,13088.0,2248
2026-04-24 04:47:00+00:00,13109.0,13109.0,13111.0,13095.0,13095.0,8912
2026-04-24 04:48:00+00:00,13120.0,13120.0,13120.0,13096.0,13109.0,5152
2026-04-24 04:49:00+00:00,13109.0,13109.0,13120.0,13109.0,13119.0,704
2026-04-24 04:50:00+00:00,13102.0,13102.0,13118.0,13100.0,13109.0,1466
2026-04-24 04:51:00+00:00,13105.0,13105.0,13110.0,13100.0,13101.0,1366
2026-04-24 04:52:00+00:00,13104.0,13104.0,13115.0,13104.0,13107.0,1934
2026-04-24 04:53:00+00:00,13090.0,13090.0,13107.0,13090.0,13105.0,2435
2026-04-24 04:54:00+00:00,13088.0,13088.0,13105.0,13080.0,13085.0,6443
2026-04-24 04:55:00+00:00,13100.0,13100.0,13109.0,13083.0,13083.0,2089
2026-04-24 04:56:00+00:00,13107.0,13107.0,13109.0,13100.0,13102.0,1836
2026-04-24 04:57:00+00:00,13109.0,13109.0,13110.0,13100.0,13104.0,970
2026-04-24 04:58:00+00:00,13106.0,13106.0,13110.0,13105.0,13110.0,2409
2026-04-24 04:59:00+00:00,13124.0,13124.0,13125.0,13106.0,13106.0,2871
2026-04-24 05:00:00+00:00,13123.0,13123.0,13123.0,13111.0,13123.0,4469
2026-04-24 05:01:00+00:00,13114.0,13114.0,13120.0,13104.0,13120.0,3163
2026-04-24 05:02:00+00:00,13110.0,13110.0,13114.0,13110.0,13110.0,4646
2026-04-24 05:03:00+00:00,13111.0,13111.0,13113.0,13110.0,13113.0,577
2026-04-24 05:04:00+00:00,13108.0,13108.0,13115.0,13108.0,13110.0,1588
2026-04-24 05:05:00+00:00,13117.0,13117.0,13117.0,13110.0,13110.0,3904
2026-04-24 05:06:00+00:00,13110.0,13110.0,13116.0,13107.0,13115.0,5046
2026-04-24 05:07:00+00:00,13109.0,13109.0,13115.0,13108.0,13112.0,632
2026-04-24 05:08:00+00:00,13111.0,13111.0,13111.0,13108.0,13109.0,1928
2026-04-24 05:09:00+00:00,13111.0,13111.0,13114.0,13110.0,13110.0,3557
2026-04-24 05:10:00+00:00,13111.0,13111.0,13111.0,13107.0,13110.0,2661
2026-04-24 05:11:00+00:00,13087.0,13087.0,13111.0,13077.0,13111.0,2843
2026-04-24 05:12:00+00:00,13104.0,13104.0,13104.0,13076.0,13082.0,1336
2026-04-24 05:13:00+00:00,13100.0,13100.0,13103.0,13100.0,13102.0,983
2026-04-24 05:14:00+00:00,13093.0,13093.0,13099.0,13093.0,13099.0,1106
2026-04-24 05:15:00+00:00,13092.0,13092.0,13095.0,13092.0,13094.0,776
2026-04-24 05:16:00+00:00,13089.0,13089.0,13093.0,13088.0,13092.0,1279
2026-04-24 05:17:00+00:00,13083.0,13083.0,13088.0,13082.0,13088.0,2003
2026-04-24 05:18:00+00:00,13076.0,13076.0,13083.0,13073.0,13082.0,775
2026-04-24 05:19:00+00:00,13083.0,13083.0,13083.0,13070.0,13076.0,2794
2026-04-24 05:20:00+00:00,13074.0,13074.0,13083.0,13074.0,13082.0,461
2026-04-24 05:21:00+00:00,13085.0,13085.0,13085.0,13078.0,13078.0,1501
2026-04-24 05:22:00+00:00,13074.0,13074.0,13084.0,13074.0,13083.0,755
2026-04-24 05:23:00+00:00,13073.0,13073.0,13078.0,13073.0,13076.0,579
2026-04-24 05:24:00+00:00,13076.0,13076.0,13076.0,13070.0,13073.0,615
2026-04-24 05:25:00+00:00,13070.0,13070.0,13074.0,13065.0,13074.0,613
2026-04-24 05:26:00+00:00,13065.0,13065.0,13071.0,13065.0,13066.0,515
2026-04-24 05:27:00+00:00,13052.0,13052.0,13064.0,13052.0,13064.0,717
2026-04-24 05:28:00+00:00,13059.0,13059.0,13063.0,13050.0,13054.0,1374
2026-04-24 05:29:00+00:00,13053.0,13053.0,13057.0,13050.0,13057.0,376
2026-04-24 05:30:00+00:00,13049.0,13049.0,13054.0,13045.0,13051.0,813
2026-04-24 05:31:00+00:00,13043.0,13043.0,13049.0,13040.0,13049.0,930
2026-04-24 05:32:00+00:00,13045.0,13045.0,13053.0,13040.0,13040.0,1420
2026-04-24 05:33:00+00:00,13043.0,13043.0,13045.0,13041.0,13045.0,382
2026-04-24 05:34:00+00:00,13050.0,13050.0,13053.0,13047.0,13047.0,1267
2026-04-24 05:35:00+00:00,13049.0,13049.0,13051.0,13048.0,13049.0,610
2026-04-24 05:36:00+00:00,13044.0,13044.0,13049.0,13044.0,13049.0,646
2026-04-24 05:37:00+00:00,13041.0,13041.0,13052.0,13039.0,13044.0,3093
2026-04-24 05:38:00+00:00,13045.0,13045.0,13046.0,13041.0,13043.0,530
2026-04-24 05:39:00+00:00,13042.0,13042.0,13045.0,13040.0,13043.0,612
2026-04-24 05:40:00+00:00,13052.0,13052.0,13054.0,13042.0,13042.0,1520
2026-04-24 05:41:00+00:00,13055.0,13055.0,13059.0,13046.0,13052.0,594
2026-04-24 05:42:00+00:00,13057.0,13057.0,13057.0,13049.0,13055.0,1371
2026-04-24 05:43:00+00:00,13056.0,13056.0,13057.0,13054.0,13057.0,751
2026-04-24 05:44:00+00:00,13057.0,13057.0,13057.0,13054.0,13056.0,2247
2026-04-24 05:45:00+00:00,13046.0,13046.0,13055.0,13046.0,13055.0,1488
2026-04-24 05:46:00+00:00,13040.0,13040.0,13049.0,13040.0,13048.0,389
2026-04-24 05:47:00+00:00,13051.0,13051.0,13051.0,13040.0,13042.0,856
2026-04-24 05:48:00+00:00,13046.0,13046.0,13051.0,13046.0,13048.0,480
2026-04-24 05:49:00+00:00,13049.0,13049.0,13053.0,13043.0,13046.0,1015
2026-04-24 05:50:00+00:00,13053.0,13053.0,13059.0,13046.0,13047.0,1257
2026-04-24 05:51:00+00:00,13056.0,13056.0,13058.0,13056.0,13056.0,389
2026-04-24 05:52:00+00:00,13059.0,13059.0,13063.0,13053.0,13054.0,660
2026-04-24 05:53:00+00:00,13050.0,13050.0,13061.0,13050.0,13058.0,946
2026-04-24 05:54:00+00:00,13047.0,13047.0,13052.0,13046.0,13052.0,190
2026-04-24 05:55:00+00:00,13058.0,13058.0,13062.0,13045.0,13046.0,882
2026-04-24 05:56:00+00:00,13057.0,13057.0,13061.0,13055.0,13058.0,559
2026-04-24 05:57:00+00:00,13050.0,13050.0,13057.0,13050.0,13054.0,732
2026-04-24 05:58:00+00:00,13055.0,13055.0,13055.0,13050.0,13052.0,749
2026-04-24 05:59:00+00:00,13052.0,13052.0,13054.0,13048.0,13054.0,404
2026-04-24 06:00:00+00:00,13069.0,13069.0,13069.0,13051.0,13053.0,963
2026-04-24 06:01:00+00:00,13078.0,13078.0,13078.0,13070.0,13071.0,1112
2026-04-24 06:02:00+00:00,13085.0,13085.0,13087.0,13076.0,13077.0,1115
2026-04-24 06:03:00+00:00,13075.0,13075.0,13084.0,13075.0,13083.0,117
2026-04-24 06:04:00+00:00,13077.0,13077.0,13081.0,13077.0,13081.0,275
2026-04-24 06:05:00+00:00,13075.0,13075.0,13076.0,13071.0,13075.0,311
2026-04-24 06:06:00+00:00,13071.0,13071.0,13073.0,13066.0,13071.0,496
2026-04-24 06:07:00+00:00,13068.0,13068.0,13069.0,13064.0,13066.0,487
2026-04-24 06:08:00+00:00,13066.0,13066.0,13068.0,13064.0,13064.0,547
2026-04-24 06:09:00+00:00,13069.0,13069.0,13070.0,13064.0,13066.0,648
2026-04-24 06:10:00+00:00,13064.0,13064.0,13069.0,13062.0,13063.0,686
2026-04-24 06:11:00+00:00,13060.0,13060.0,13066.0,13060.0,13062.0,751
2026-04-24 06:12:00+00:00,13053.0,13053.0,13058.0,13050.0,13054.0,482
2026-04-24 06:13:00+00:00,13057.0,13057.0,13057.0,13053.0,13053.0,502
2026-04-24 06:14:00+00:00,13069.0,13069.0,13077.0,13057.0,13057.0,1446
2026-04-24 06:15:00+00:00,13067.0,13067.0,13071.0,13062.0,13071.0,368
2026-04-24 06:16:00+00:00,13061.0,13061.0,13068.0,13059.0,13068.0,250
2026-04-24 06:17:00+00:00,13053.0,13053.0,13061.0,13050.0,13056.0,469
2026-04-24 06:18:00+00:00,13047.0,13047.0,13051.0,13043.0,13051.0,407
2026-04-24 06:19:00+00:00,13034.0,13034.0,13053.0,13029.0,13047.0,2150
2026-04-24 06:20:00+00:00,13040.0,13040.0,13041.0,13030.0,13033.0,666
2026-04-24 06:21:00+00:00,13035.0,13035.0,13040.0,13031.0,13039.0,630
2026-04-24 06:22:00+00:00,13035.0,13035.0,13035.0,13031.0,13031.0,827
2026-04-24 06:23:00+00:00,13036.0,13036.0,13037.0,13034.0,13035.0,725
2026-04-24 06:24:00+00:00,13049.0,13049.0,13049.0,13036.0,13036.0,1005
2026-04-24 06:25:00+00:00,13041.0,13041.0,13054.0,13041.0,13049.0,2059
2026-04-24 06:26:00+00:00,13051.0,13051.0,13051.0,13043.0,13043.0,487
2026-04-24 06:27:00+00:00,13047.0,13047.0,13050.0,13046.0,13047.0,277
2026-04-24 06:28:00+00:00,13043.0,13043.0,13046.0,13041.0,13046.0,511
2026-04-24 06:29:00+00:00,13045.0,13045.0,13048.0,13040.0,13043.0,1271
2026-04-24 06:30:00+00:00,13032.0,13032.0,13047.0,13032.0,13047.0,771
2026-04-24 06:31:00+00:00,13044.0,13044.0,13046.0,13030.0,13030.0,1443
2026-04-24 06:32:00+00:00,13039.0,13039.0,13046.0,13036.0,13045.0,708
2026-04-24 06:33:00+00:00,13044.0,13044.0,13044.0,13036.0,13041.0,766
2026-04-24 06:34:00+00:00,13048.0,13048.0,13050.0,13039.0,13042.0,1054
2026-04-24 06:35:00+00:00,13048.0,13048.0,13050.0,13045.0,13046.0,392
2026-04-24 06:36:00+00:00,13047.0,13047.0,13050.0,13047.0,13047.0,922
2026-04-24 06:37:00+00:00,13042.0,13042.0,13047.0,13042.0,13047.0,365
2026-04-24 06:38:00+00:00,13046.0,13046.0,13047.0,13040.0,13040.0,682
2026-04-24 06:39:00+00:00,13044.0,13044.0,13046.0,13042.0,13044.0,374
2026-04-24 06:40:00+00:00,13048.0,13048.0,13048.0,13040.0,13043.0,712
2026-04-24 06:41:00+00:00,13043.0,13043.0,13048.0,13043.0,13048.0,444
2026-04-24 06:42:00+00:00,13042.0,13042.0,13044.0,13040.0,13042.0,865
2026-04-24 06:43:00+00:00,13040.0,13040.0,13047.0,13039.0,13043.0,711
2026-04-24 06:44:00+00:00,13043.0,13043.0,13045.0,13037.0,13038.0,764
2026-04-24 06:45:00+00:00,13046.0,13046.0,13046.0,13041.0,13041.0,391
2026-04-24 06:46:00+00:00,13046.0,13046.0,13046.0,13041.0,13046.0,863
2026-04-24 06:47:00+00:00,13057.0,13057.0,13057.0,13046.0,13046.0,849
2026-04-24 06:48:00+00:00,13065.0,13065.0,13081.0,13056.0,13057.0,4968
2026-04-24 06:49:00+00:00,13044.0,13044.0,13069.0,13044.0,13069.0,679
2026-04-24 06:50:00+00:00,13036.0,13036.0,13047.0,13036.0,13047.0,885
2026-04-24 06:51:00+00:00,13035.0,13035.0,13038.0,13035.0,13038.0,650
2026-04-24 06:52:00+00:00,13018.0,13018.0,13036.0,13018.0,13036.0,1457
2026-04-24 06:53:00+00:00,13022.0,13022.0,13029.0,13018.0,13018.0,2586
2026-04-24 06:54:00+00:00,13017.0,13017.0,13023.0,13015.0,13023.0,1303
2026-04-24 06:55:00+00:00,13011.0,13011.0,13020.0,13010.0,13018.0,1054
2026-04-24 06:56:00+00:00,13019.0,13019.0,13019.0,13001.0,13011.0,2108
2026-04-24 06:57:00+00:00,13020.0,13020.0,13032.0,13019.0,13022.0,408
2026-04-24 06:58:00+00:00,13021.0,13021.0,13021.0,13011.0,13020.0,781
2026-04-24 06:59:00+00:00,13025.0,13025.0,13029.0,13016.0,13019.0,499
2026-04-24 07:00:00+00:00,13026.0,13026.0,13030.0,13021.0,13022.0,826
2026-04-24 07:01:00+00:00,13015.0,13015.0,13027.0,13014.0,13027.0,573
2026-04-24 07:02:00+00:00,13020.0,13020.0,13020.0,13012.0,13012.0,753
2026-04-24 07:03:00+00:00,13020.0,13020.0,13020.0,13016.0,13019.0,352
2026-04-24 07:04:00+00:00,13020.0,13020.0,13024.0,13018.0,13019.0,483
2026-04-24 07:05:00+00:00,13018.0,13018.0,13022.0,13018.0,13022.0,374
2026-04-24 07:06:00+00:00,13018.0,13018.0,13021.0,13018.0,13018.0,319
2026-04-24 07:07:00+00:00,13028.0,13028.0,13029.0,13017.0,13017.0,644
2026-04-24 07:08:00+00:00,13031.0,13031.0,13031.0,13024.0,13028.0,839
2026-04-24 07:09:00+00:00,13027.0,13027.0,13031.0,13025.0,13031.0,286
2026-04-24 07:10:00+00:00,13026.0,13026.0,13030.0,13026.0,13027.0,337
2026-04-24 07:11:00+00:00,13032.0,13032.0,13041.0,13026.0,13029.0,1553
2026-04-24 07:12:00+00:00,13033.0,13033.0,13034.0,13031.0,13033.0,270
2026-04-24 07:13:00+00:00,13026.0,13026.0,13034.0,13026.0,13033.0,289
2026-04-24 07:14:00+00:00,13023.0,13023.0,13031.0,13023.0,13027.0,369
2026-04-24 07:15:00+00:00,13025.0,13025.0,13025.0,13019.0,13024.0,476
2026-04-24 07:16:00+00:00,13024.0,13024.0,13030.0,13023.0,13026.0,146
2026-04-24 07:17:00+00:00,13022.0,13022.0,13025.0,13021.0,13023.0,254
2026-04-24 07:18:00+00:00,13016.0,13016.0,13023.0,13016.0,13023.0,326
2026-04-24 07:19:00+00:00,13014.0,13014.0,13023.0,13012.0,13016.0,909
2026-04-24 07:20:00+00:00,13050.0,13050.0,13050.0,13011.0,13013.0,9246
2026-04-24 07:21:00+00:00,13059.0,13059.0,13059.0,13045.0,13050.0,1453
2026-04-24 07:22:00+00:00,13058.0,13058.0,13063.0,13055.0,13062.0,5263
2026-04-24 07:23:00+00:00,13058.0,13058.0,13058.0,13054.0,13058.0,509
2026-04-24 07:24:00+00:00,13053.0,13053.0,13057.0,13051.0,13057.0,272
2026-04-24 07:25:00+00:00,13049.0,13049.0,13057.0,13047.0,13053.0,1866
2026-04-24 07:26:00+00:00,13050.0,13050.0,13056.0,13049.0,13049.0,1145
2026-04-24 07:27:00+00:00,13039.0,13039.0,13052.0,13039.0,13052.0,436
2026-04-24 07:28:00+00:00,13036.0,13036.0,13046.0,13032.0,13039.0,683
2026-04-24 07:29:00+00:00,13039.0,13039.0,13045.0,13034.0,13036.0,745
2026-04-24 07:30:00+00:00,13037.0,13037.0,13042.0,13036.0,13041.0,358
2026-04-24 07:31:00+00:00,13024.0,13024.0,13034.0,13020.0,13032.0,909
2026-04-24 07:32:00+00:00,13023.0,13023.0,13027.0,13021.0,13024.0,477
2026-04-24 07:33:00+00:00,13018.0,13018.0,13025.0,13018.0,13022.0,710
2026-04-24 07:34:00+00:00,13017.0,13017.0,13021.0,13015.0,13021.0,363
2026-04-24 07:35:00+00:00,13046.0,13046.0,13050.0,13012.0,13015.0,8177
2026-04-24 07:36:00+00:00,13042.0,13042.0,13050.0,13040.0,13046.0,964
2026-04-24 07:37:00+00:00,13045.0,13045.0,13053.0,13040.0,13044.0,1325
2026-04-24 07:38:00+00:00,13041.0,13041.0,13048.0,13040.0,13048.0,1897
2026-04-24 07:39:00+00:00,13045.0,13045.0,13046.0,13035.0,13040.0,4237
2026-04-24 07:40:00+00:00,13035.0,13035.0,13045.0,13029.0,13044.0,3039
2026-04-24 07:41:00+00:00,13034.0,13034.0,13039.0,13031.0,13036.0,677
2026-04-24 07:42:00+00:00,13042.0,13042.0,13045.0,13030.0,13037.0,789
2026-04-24 07:43:00+00:00,13033.0,13033.0,13042.0,13030.0,13042.0,619
2026-04-24 07:44:00+00:00,13026.0,13026.0,13036.0,13021.0,13036.0,643
2026-04-24 07:45:00+00:00,13020.0,13020.0,13025.0,13020.0,13025.0,426
2026-04-24 07:46:00+00:00,13018.0,13018.0,13024.0,13018.0,13021.0,481
2026-04-24 07:47:00+00:00,13014.0,13014.0,13021.0,13011.0,13011.0,1295
2026-04-24 07:48:00+00:00,13014.0,13014.0,13020.0,13010.0,13012.0,694
2026-04-24 07:49:00+00:00,13021.0,13021.0,13021.0,13012.0,13015.0,533
2026-04-24 07:50:00+00:00,13016.0,13016.0,13019.0,13013.0,13015.0,679
2026-04-24 07:51:00+00:00,13005.0,13005.0,13014.0,13005.0,13014.0,1197
2026-04-24 07:52:00+00:00,13010.0,13010.0,13018.0,13005.0,13005.0,295
2026-04-24 07:53:00+00:00,13009.0,13009.0,13013.0,13007.0,13013.0,212
2026-04-24 07:54:00+00:00,13007.0,13007.0,13011.0,13007.0,13009.0,274
2026-04-24 07:55:00+00:00,13005.0,13005.0,13009.0,13005.0,13007.0,611
2026-04-24 07:56:00+00:00,13013.0,13013.0,13013.0,13003.0,13006.0,379
2026-04-24 07:57:00+00:00,13009.0,13009.0,13012.0,13005.0,13010.0,134
2026-04-24 07:58:00+00:00,13004.0,13004.0,13009.0,13003.0,13009.0,348
2026-04-24 07:59:00+00:00,13020.0,13020.0,13024.0,13002.0,13003.0,984
2026-04-24 08:00:00+00:00,13015.0,13015.0,13021.0,13010.0,13020.0,1773
2026-04-24 08:01:00+00:00,13015.0,13015.0,13017.0,13015.0,13017.0,1118
2026-04-24 08:02:00+00:00,13005.0,13005.0,13015.0,13005.0,13015.0,1848
2026-04-24 08:03:00+00:00,13004.0,13004.0,13007.0,13004.0,13007.0,677
2026-04-24 08:04:00+00:00,12995.0,12995.0,13006.0,12989.0,13006.0,3278
2026-04-24 08:05:00+00:00,12991.0,12991.0,12996.0,12988.0,12992.0,970
2026-04-24 08:06:00+00:00,12990.0,12990.0,12995.0,12990.0,12991.0,318
2026-04-24 08:07:00+00:00,12991.0,12991.0,12993.0,12986.0,12990.0,608
2026-04-24 08:08:00+00:00,12989.0,12989.0,12991.0,12984.0,12988.0,609
2026-04-24 08:09:00+00:00,12988.0,12988.0,12989.0,12984.0,12988.0,527
2026-04-24 08:10:00+00:00,12992.0,12992.0,12994.0,12986.0,12986.0,752
2026-04-24 08:11:00+00:00,12995.0,12995.0,13004.0,12990.0,12992.0,2202
2026-04-24 08:12:00+00:00,12999.0,12999.0,12999.0,12996.0,12997.0,998
2026-04-24 08:13:00+00:00,12988.0,12988.0,12999.0,12988.0,12998.0,584
2026-04-24 08:14:00+00:00,12997.0,12997.0,13002.0,12984.0,12984.0,859
2026-04-24 08:15:00+00:00,13013.0,13013.0,13013.0,12994.0,12996.0,659
2026-04-24 08:16:00+00:00,13019.0,13019.0,13023.0,13015.0,13023.0,1609
2026-04-24 08:17:00+00:00,13014.0,13014.0,13019.0,13008.0,13019.0,301
2026-04-24 08:18:00+00:00,13007.0,13007.0,13014.0,13007.0,13014.0,270
2026-04-24 08:19:00+00:00,13011.0,13011.0,13016.0,13009.0,13013.0,350
2026-04-24 08:20:00+00:00,13010.0,13010.0,13012.0,13008.0,13008.0,298
2026-04-24 08:21:00+00:00,13007.0,13007.0,13012.0,13005.0,13008.0,245
2026-04-24 08:22:00+00:00,13007.0,13007.0,13013.0,13006.0,13007.0,291
2026-04-24 08:23:00+00:00,13003.0,13003.0,13007.0,13001.0,13007.0,309
2026-04-24 08:24:00+00:00,13004.0,13004.0,13010.0,13002.0,13002.0,1001
2026-04-24 08:25:00+00:00,13005.0,13005.0,13012.0,13000.0,13005.0,476
2026-04-24 08:26:00+00:00,13008.0,13008.0,13009.0,13001.0,13006.0,757
2026-04-24 08:27:00+00:00,13004.0,13004.0,13009.0,13002.0,13009.0,326
2026-04-24 08:28:00+00:00,13005.0,13005.0,13005.0,12999.0,13003.0,511
2026-04-24 08:29:00+00:00,13004.0,13004.0,13005.0,13000.0,13004.0,462
2026-04-24 08:30:00+00:00,13004.0,13004.0,13008.0,13000.0,13004.0,1115
2026-04-24 08:31:00+00:00,13001.0,13001.0,13003.0,12999.0,13001.0,443
2026-04-24 08:32:00+00:00,13002.0,13002.0,13002.0,12999.0,12999.0,313
2026-04-24 08:33:00+00:00,12996.0,12996.0,13001.0,12995.0,13001.0,324
2026-04-24 08:34:00+00:00,12992.0,12992.0,13000.0,12989.0,12996.0,659
2026-04-24 08:35:00+00:00,12985.0,12985.0,12994.0,12985.0,12993.0,439
2026-04-24 08:36:00+00:00,12982.0,12982.0,12989.0,12982.0,12988.0,1374
2026-04-24 08:37:00+00:00,12989.0,12989.0,12990.0,12978.0,12982.0,800
2026-04-24 08:38:00+00:00,13006.0,13006.0,13007.0,12987.0,12989.0,2947
2026-04-24 08:39:00+00:00,13016.0,13016.0,13027.0,13006.0,13006.0,5084
2026-04-24 08:40:00+00:00,13001.0,13001.0,13018.0,13000.0,13016.0,2172
2026-04-24 08:41:00+00:00,13004.0,13004.0,13009.0,12993.0,13002.0,1880
2026-04-24 08:42:00+00:00,13007.0,13007.0,13012.0,13004.0,13009.0,724
2026-04-24 08:43:00+00:00,13010.0,13010.0,13012.0,13002.0,13004.0,1306
2026-04-24 08:44:00+00:00,13009.0,13009.0,13013.0,13005.0,13011.0,835
2026-04-24 08:45:00+00:00,13013.0,13013.0,13013.0,13011.0,13011.0,410
2026-04-24 08:46:00+00:00,13027.0,13027.0,13027.0,13010.0,13013.0,1508
2026-04-24 08:47:00+00:00,13025.0,13025.0,13033.0,13021.0,13029.0,802
2026-04-24 08:48:00+00:00,13031.0,13031.0,13031.0,13020.0,13023.0,673
2026-04-24 08:49:00+00:00,13037.0,13037.0,13041.0,13030.0,13036.0,1788
2026-04-24 08:50:00+00:00,13039.0,13039.0,13039.0,13032.0,13038.0,785
2026-04-24 08:51:00+00:00,13051.0,13051.0,13051.0,13041.0,13041.0,1437
2026-04-24 08:52:00+00:00,13050.0,13050.0,13055.0,13046.0,13051.0,661
2026-04-24 08:53:00+00:00,13049.0,13049.0,13053.0,13043.0,13050.0,558
2026-04-24 08:54:00+00:00,13048.0,13048.0,13049.0,13042.0,13049.0,402
2026-04-24 08:55:00+00:00,13048.0,13048.0,13050.0,13045.0,13050.0,707
2026-04-24 08:56:00+00:00,13051.0,13051.0,13051.0,13044.0,13049.0,996
2026-04-24 08:57:00+00:00,13051.0,13051.0,13053.0,13049.0,13053.0,522
2026-04-24 08:58:00+00:00,13046.0,13046.0,13051.0,13046.0,13051.0,643
2026-04-24 08:59:00+00:00,13045.0,13045.0,13050.0,13045.0,13048.0,674
2026-04-24 09:00:00+00:00,13049.0,13049.0,13057.0,13039.0,13045.0,1553
2026-04-24 09:01:00+00:00,13049.0,13049.0,13055.0,13044.0,13054.0,320
2026-04-24 09:02:00+00:00,13030.0,13030.0,13048.0,13025.0,13048.0,990
2026-04-24 09:03:00+00:00,13032.0,13032.0,13037.0,13028.0,13031.0,716
2026-04-24 09:04:00+00:00,13056.0,13056.0,13056.0,13032.0,13032.0,3236
2026-04-24 09:05:00+00:00,13052.0,13052.0,13059.0,13050.0,13052.0,1270
2026-04-24 09:06:00+00:00,13059.0,13059.0,13060.0,13055.0,13055.0,1365
2026-04-24 09:07:00+00:00,13059.0,13059.0,13060.0,13059.0,13059.0,2045
2026-04-24 09:08:00+00:00,13065.0,13065.0,13065.0,13059.0,13059.0,1425
2026-04-24 09:09:00+00:00,13067.0,13067.0,13069.0,13062.0,13067.0,1334
2026-04-24 09:10:00+00:00,13069.0,13069.0,13070.0,13067.0,13067.0,673
2026-04-24 09:11:00+00:00,13060.0,13060.0,13068.0,13060.0,13068.0,937
2026-04-24 09:12:00+00:00,13062.0,13062.0,13066.0,13061.0,13061.0,923
2026-04-24 09:13:00+00:00,13062.0,13062.0,13064.0,13060.0,13060.0,576
2026-04-24 09:14:00+00:00,13060.0,13060.0,13064.0,13060.0,13063.0,803
2026-04-24 09:15:00+00:00,13063.0,13063.0,13067.0,13060.0,13061.0,670
2026-04-24 09:16:00+00:00,13060.0,13060.0,13064.0,13060.0,13064.0,1222
2026-04-24 09:17:00+00:00,13062.0,13062.0,13062.0,13060.0,13060.0,900
2026-04-24 09:18:00+00:00,13061.0,13061.0,13062.0,13060.0,13060.0,549
2026-04-24 09:19:00+00:00,13066.0,13066.0,13066.0,13059.0,13060.0,983
2026-04-24 09:20:00+00:00,13065.0,13065.0,13068.0,13062.0,13068.0,900
2026-04-24 09:21:00+00:00,13060.0,13060.0,13064.0,13060.0,13063.0,566
2026-04-24 09:22:00+00:00,13044.0,13044.0,13065.0,13039.0,13064.0,1660
2026-04-24 09:23:00+00:00,13041.0,13041.0,13051.0,13036.0,13042.0,1377
2026-04-24 09:24:00+00:00,13039.0,13039.0,13043.0,13035.0,13042.0,452
2026-04-24 09:25:00+00:00,13038.0,13038.0,13042.0,13038.0,13042.0,610
2026-04-24 09:26:00+00:00,13041.0,13041.0,13042.0,13038.0,13038.0,651
2026-04-24 09:27:00+00:00,13045.0,13045.0,13045.0,13037.0,13041.0,632
2026-04-24 09:28:00+00:00,13046.0,13046.0,13046.0,13040.0,13045.0,650
2026-04-24 09:29:00+00:00,13043.0,13043.0,13049.0,13041.0,13049.0,1255
2026-04-24 09:30:00+00:00,13046.0,13046.0,13049.0,13039.0,13041.0,2554
2026-04-24 09:31:00+00:00,13041.0,13041.0,13045.0,13038.0,13045.0,1054
2026-04-24 09:32:00+00:00,13039.0,13039.0,13041.0,13038.0,13041.0,1559
2026-04-24 09:33:00+00:00,13033.0,13033.0,13041.0,13030.0,13038.0,2265
2026-04-24 09:34:00+00:00,13032.0,13032.0,13036.0,13029.0,13033.0,1660
2026-04-24 09:35:00+00:00,13027.0,13027.0,13040.0,13026.0,13032.0,3096
2026-04-24 09:36:00+00:00,13031.0,13031.0,13033.0,13026.0,13029.0,1364
2026-04-24 09:37:00+00:00,13029.0,13029.0,13031.0,13026.0,13031.0,1252
2026-04-24 09:38:00+00:00,13033.0,13033.0,13034.0,13031.0,13032.0,1389
2026-04-24 09:39:00+00:00,13047.0,13047.0,13050.0,13031.0,13033.0,7502
2026-04-24 09:40:00+00:00,13047.0,13047.0,13053.0,13044.0,13047.0,2208
2026-04-24 09:41:00+00:00,13045.0,13045.0,13049.0,13043.0,13043.0,1702
2026-04-24 09:42:00+00:00,13045.0,13045.0,13046.0,13043.0,13045.0,996
2026-04-24 09:43:00+00:00,13040.0,13040.0,13045.0,13040.0,13045.0,1378
2026-04-24 09:44:00+00:00,13046.0,13046.0,13047.0,13045.0,13047.0,2110
2026-04-24 09:45:00+00:00,13048.0,13048.0,13052.0,13048.0,13050.0,1755
2026-04-24 09:46:00+00:00,13046.0,13046.0,13049.0,13046.0,13047.0,1291
2026-04-24 09:47:00+00:00,13051.0,13051.0,13053.0,13050.0,13052.0,1440
2026-04-24 09:48:00+00:00,13049.0,13049.0,13051.0,13048.0,13050.0,1554
2026-04-24 09:49:00+00:00,13053.0,13053.0,13054.0,13047.0,13049.0,1694
2026-04-24 09:50:00+00:00,13052.0,13052.0,13054.0,13052.0,13054.0,1576
2026-04-24 09:51:00+00:00,13045.0,13045.0,13051.0,13045.0,13051.0,2021
2026-04-24 09:52:00+00:00,13063.0,13063.0,13065.0,13044.0,13044.0,2396
2026-04-24 09:53:00+00:00,13061.0,13061.0,13063.0,13060.0,13062.0,1548
2026-04-24 09:54:00+00:00,13063.0,13063.0,13064.0,13061.0,13061.0,2410
2026-04-24 09:55:00+00:00,13061.0,13061.0,13062.0,13060.0,13062.0,1888
2026-04-24 09:56:00+00:00,13063.0,13063.0,13064.0,13060.0,13062.0,2247
2026-04-24 09:57:00+00:00,13060.0,13060.0,13064.0,13060.0,13060.0,3189
2026-04-24 09:58:00+00:00,13056.0,13056.0,13063.0,13052.0,13053.0,1284
2026-04-24 09:59:00+00:00,13060.0,13060.0,13079.0,13048.0,13056.0,883
2026-04-27 03:45:00+00:00,13169.0,13169.0,13180.0,13153.0,13153.0,0
2026-04-27 03:46:00+00:00,13161.0,13161.0,13189.0,13156.0,13172.0,4392
2026-04-27 03:47:00+00:00,13100.0,13100.0,13169.0,13100.0,13168.0,3204
2026-04-27 03:48:00+00:00,13121.0,13121.0,13140.0,13117.0,13127.0,2311
2026-04-27 03:49:00+00:00,13108.0,13108.0,13126.0,13094.0,13120.0,1536
2026-04-27 03:50:00+00:00,13144.0,13144.0,13144.0,13111.0,13111.0,1641
2026-04-27 03:51:00+00:00,13155.0,13155.0,13163.0,13137.0,13137.0,786
2026-04-27 03:52:00+00:00,13160.0,13160.0,13185.0,13160.0,13160.0,1427
2026-04-27 03:53:00+00:00,13159.0,13159.0,13164.0,13159.0,13164.0,614
2026-04-27 03:54:00+00:00,13173.0,13173.0,13173.0,13152.0,13160.0,1163
2026-04-27 03:55:00+00:00,13177.0,13177.0,13178.0,13165.0,13165.0,496
2026-04-27 03:56:00+00:00,13165.0,13165.0,13176.0,13165.0,13176.0,1137
2026-04-27 03:57:00+00:00,13166.0,13166.0,13166.0,13163.0,13166.0,259
2026-04-27 03:58:00+00:00,13162.0,13162.0,13167.0,13155.0,13166.0,1026
2026-04-27 03:59:00+00:00,13142.0,13142.0,13165.0,13134.0,13165.0,1796
2026-04-27 04:00:00+00:00,13148.0,13148.0,13169.0,13148.0,13151.0,569
2026-04-27 04:01:00+00:00,13149.0,13149.0,13151.0,13149.0,13151.0,687
2026-04-27 04:02:00+00:00,13136.0,13136.0,13148.0,13131.0,13148.0,1588
2026-04-27 04:03:00+00:00,13119.0,13119.0,13130.0,13119.0,13130.0,842
2026-04-27 04:04:00+00:00,13108.0,13108.0,13120.0,13101.0,13118.0,1447
2026-04-27 04:05:00+00:00,13107.0,13107.0,13111.0,13103.0,13103.0,865
2026-04-27 04:06:00+00:00,13113.0,13113.0,13117.0,13107.0,13107.0,792
2026-04-27 04:07:00+00:00,13100.0,13100.0,13109.0,13090.0,13109.0,1066
2026-04-27 04:08:00+00:00,13099.0,13099.0,13104.0,13095.0,13102.0,848
2026-04-27 04:09:00+00:00,13073.0,13073.0,13105.0,13070.0,13102.0,2020
2026-04-27 04:10:00+00:00,13082.0,13082.0,13087.0,13073.0,13073.0,532
2026-04-27 04:11:00+00:00,13085.0,13085.0,13099.0,13071.0,13071.0,1121
2026-04-27 04:12:00+00:00,13088.0,13088.0,13096.0,13081.0,13085.0,537
2026-04-27 04:13:00+00:00,13107.0,13107.0,13109.0,13085.0,13087.0,697
2026-04-27 04:14:00+00:00,13115.0,13115.0,13115.0,13102.0,13113.0,311
2026-04-27 04:15:00+00:00,13134.0,13134.0,13134.0,13116.0,13116.0,805
2026-04-27 04:16:00+00:00,13140.0,13140.0,13140.0,13134.0,13134.0,695
2026-04-27 04:17:00+00:00,13131.0,13131.0,13134.0,13122.0,13134.0,844
2026-04-27 04:18:00+00:00,13135.0,13135.0,13135.0,13121.0,13130.0,416
2026-04-27 04:19:00+00:00,13140.0,13140.0,13140.0,13130.0,13130.0,227
2026-04-27 04:20:00+00:00,13146.0,13146.0,13149.0,13132.0,13137.0,1011
2026-04-27 04:21:00+00:00,13142.0,13142.0,13149.0,13142.0,13149.0,447
2026-04-27 04:22:00+00:00,13155.0,13155.0,13162.0,13155.0,13156.0,1073
2026-04-27 04:23:00+00:00,13150.0,13150.0,13157.0,13143.0,13155.0,664
2026-04-27 04:24:00+00:00,13143.0,13143.0,13149.0,13140.0,13146.0,563
2026-04-27 04:25:00+00:00,13143.0,13143.0,13143.0,13133.0,13136.0,1298
2026-04-27 04:26:00+00:00,13141.0,13141.0,13143.0,13131.0,13143.0,1239
2026-04-27 04:27:00+00:00,13143.0,13143.0,13143.0,13135.0,13135.0,378
2026-04-27 04:28:00+00:00,13141.0,13141.0,13148.0,13141.0,13143.0,254
2026-04-27 04:29:00+00:00,13143.0,13143.0,13147.0,13140.0,13144.0,213
2026-04-27 04:30:00+00:00,13130.0,13130.0,13142.0,13125.0,13139.0,985
2026-04-27 04:31:00+00:00,13143.0,13143.0,13143.0,13125.0,13134.0,463
2026-04-27 04:32:00+00:00,13116.0,13116.0,13143.0,13113.0,13140.0,1504
2026-04-27 04:33:00+00:00,13121.0,13121.0,13128.0,13117.0,13117.0,292
2026-04-27 04:34:00+00:00,13115.0,13115.0,13125.0,13114.0,13120.0,334
2026-04-27 04:35:00+00:00,13106.0,13106.0,13117.0,13105.0,13114.0,748
2026-04-27 04:36:00+00:00,13108.0,13108.0,13112.0,13103.0,13110.0,214
2026-04-27 04:37:00+00:00,13120.0,13120.0,13120.0,13107.0,13107.0,264
2026-04-27 04:38:00+00:00,13118.0,13118.0,13123.0,13113.0,13120.0,246
2026-04-27 04:39:00+00:00,13114.0,13114.0,13119.0,13110.0,13113.0,189
2026-04-27 04:40:00+00:00,13115.0,13115.0,13124.0,13111.0,13111.0,267
2026-04-27 04:41:00+00:00,13119.0,13119.0,13121.0,13114.0,13121.0,156
2026-04-27 04:42:00+00:00,13111.0,13111.0,13121.0,13111.0,13117.0,497
2026-04-27 04:43:00+00:00,13101.0,13101.0,13115.0,13101.0,13110.0,852
2026-04-27 04:44:00+00:00,13109.0,13109.0,13109.0,13102.0,13105.0,1452
2026-04-27 04:45:00+00:00,13139.0,13139.0,13139.0,13114.0,13114.0,800
2026-04-27 04:46:00+00:00,13137.0,13137.0,13139.0,13136.0,13136.0,946
2026-04-27 04:47:00+00:00,13128.0,13128.0,13139.0,13123.0,13139.0,670
2026-04-27 04:48:00+00:00,13128.0,13128.0,13133.0,13125.0,13125.0,328
2026-04-27 04:49:00+00:00,13132.0,13132.0,13133.0,13125.0,13126.0,204
2026-04-27 04:50:00+00:00,13122.0,13122.0,13132.0,13115.0,13132.0,498
2026-04-27 04:51:00+00:00,13115.0,13115.0,13121.0,13104.0,13114.0,376
2026-04-27 04:52:00+00:00,13109.0,13109.0,13118.0,13108.0,13112.0,368
2026-04-27 04:53:00+00:00,13112.0,13112.0,13117.0,13108.0,13111.0,170
2026-04-27 04:54:00+00:00,13109.0,13109.0,13115.0,13108.0,13109.0,296
2026-04-27 04:55:00+00:00,13101.0,13101.0,13116.0,13101.0,13109.0,840
2026-04-27 04:56:00+00:00,13110.0,13110.0,13114.0,13104.0,13104.0,272
2026-04-27 04:57:00+00:00,13094.0,13094.0,13108.0,13094.0,13106.0,831
2026-04-27 04:58:00+00:00,13094.0,13094.0,13097.0,13091.0,13097.0,379
2026-04-27 04:59:00+00:00,13093.0,13093.0,13101.0,13090.0,13094.0,573
2026-04-27 05:00:00+00:00,13076.0,13076.0,13102.0,13072.0,13102.0,902
2026-04-27 05:01:00+00:00,13072.0,13072.0,13088.0,13071.0,13071.0,769
2026-04-27 05:02:00+00:00,13075.0,13075.0,13081.0,13073.0,13077.0,342
2026-04-27 05:03:00+00:00,13064.0,13064.0,13076.0,13060.0,13074.0,2137
2026-04-27 05:04:00+00:00,13061.0,13061.0,13062.0,13053.0,13062.0,1039
2026-04-27 05:05:00+00:00,13064.0,13064.0,13064.0,13055.0,13064.0,1044
2026-04-27 05:06:00+00:00,13052.0,13052.0,13064.0,13051.0,13064.0,596
2026-04-27 05:07:00+00:00,13048.0,13048.0,13058.0,13047.0,13056.0,1260
2026-04-27 05:08:00+00:00,13057.0,13057.0,13060.0,13047.0,13048.0,1720
2026-04-27 05:09:00+00:00,13048.0,13048.0,13057.0,13045.0,13055.0,727
2026-04-27 05:10:00+00:00,13049.0,13049.0,13056.0,13045.0,13050.0,1190
2026-04-27 05:11:00+00:00,13071.0,13071.0,13071.0,13059.0,13059.0,503
2026-04-27 05:12:00+00:00,13069.0,13069.0,13073.0,13064.0,13073.0,485
2026-04-27 05:13:00+00:00,13068.0,13068.0,13072.0,13066.0,13066.0,829
2026-04-27 05:14:00+00:00,13059.0,13059.0,13072.0,13055.0,13072.0,719
2026-04-27 05:15:00+00:00,13050.0,13050.0,13060.0,13048.0,13055.0,652
2026-04-27 05:16:00+00:00,13043.0,13043.0,13050.0,13043.0,13048.0,561
2026-04-27 05:17:00+00:00,13058.0,13058.0,13064.0,13043.0,13046.0,1087
2026-04-27 05:18:00+00:00,13066.0,13066.0,13073.0,13060.0,13060.0,922
2026-04-27 05:19:00+00:00,13070.0,13070.0,13075.0,13062.0,13067.0,4564
2026-04-27 05:20:00+00:00,13077.0,13077.0,13077.0,13066.0,13070.0,2471
2026-04-27 05:21:00+00:00,13075.0,13075.0,13083.0,13070.0,13070.0,1014
2026-04-27 05:22:00+00:00,13084.0,13084.0,13085.0,13076.0,13078.0,649
2026-04-27 05:23:00+00:00,13085.0,13085.0,13085.0,13077.0,13079.0,616
2026-04-27 05:24:00+00:00,13087.0,13087.0,13090.0,13080.0,13085.0,608
2026-04-27 05:25:00+00:00,13087.0,13087.0,13090.0,13085.0,13085.0,569
2026-04-27 05:26:00+00:00,13084.0,13084.0,13090.0,13081.0,13087.0,543
2026-04-27 05:27:00+00:00,13088.0,13088.0,13088.0,13080.0,13082.0,385
2026-04-27 05:28:00+00:00,13091.0,13091.0,13093.0,13087.0,13087.0,529
2026-04-27 05:29:00+00:00,13090.0,13090.0,13094.0,13083.0,13091.0,2926
2026-04-27 05:30:00+00:00,13092.0,13092.0,13095.0,13084.0,13090.0,2662
2026-04-27 05:31:00+00:00,13095.0,13095.0,13097.0,13090.0,13094.0,1782
2026-04-27 05:32:00+00:00,13105.0,13105.0,13109.0,13095.0,13095.0,2397
2026-04-27 05:33:00+00:00,13101.0,13101.0,13106.0,13100.0,13103.0,952
2026-04-27 05:34:00+00:00,13101.0,13101.0,13107.0,13100.0,13105.0,291
2026-04-27 05:35:00+00:00,13101.0,13101.0,13107.0,13100.0,13100.0,598
2026-04-27 05:36:00+00:00,13101.0,13101.0,13105.0,13100.0,13102.0,423
2026-04-27 05:37:00+00:00,13106.0,13106.0,13106.0,13100.0,13103.0,1252
2026-04-27 05:38:00+00:00,13102.0,13102.0,13105.0,13100.0,13105.0,1357
2026-04-27 05:39:00+00:00,13100.0,13100.0,13102.0,13100.0,13101.0,5077
2026-04-27 05:40:00+00:00,13100.0,13100.0,13102.0,13100.0,13100.0,880
2026-04-27 05:41:00+00:00,13101.0,13101.0,13102.0,13100.0,13101.0,703
2026-04-27 05:42:00+00:00,13100.0,13100.0,13101.0,13100.0,13100.0,1399
2026-04-27 05:43:00+00:00,13111.0,13111.0,13116.0,13100.0,13101.0,1238
2026-04-27 05:44:00+00:00,13112.0,13112.0,13116.0,13104.0,13115.0,358
2026-04-27 05:45:00+00:00,13110.0,13110.0,13111.0,13102.0,13105.0,478
2026-04-27 05:46:00+00:00,13112.0,13112.0,13115.0,13107.0,13110.0,536
2026-04-27 05:47:00+00:00,13125.0,13125.0,13126.0,13110.0,13112.0,1110
2026-04-27 05:48:00+00:00,13120.0,13120.0,13123.0,13114.0,13123.0,268
2026-04-27 05:49:00+00:00,13109.0,13109.0,13125.0,13109.0,13120.0,1052
2026-04-27 05:50:00+00:00,13109.0,13109.0,13113.0,13108.0,13113.0,1155
2026-04-27 05:51:00+00:00,13110.0,13110.0,13110.0,13108.0,13110.0,288
2026-04-27 05:52:00+00:00,13108.0,13108.0,13110.0,13108.0,13108.0,595
2026-04-27 05:53:00+00:00,13114.0,13114.0,13114.0,13108.0,13108.0,587
2026-04-27 05:54:00+00:00,13109.0,13109.0,13117.0,13108.0,13114.0,879
2026-04-27 05:55:00+00:00,13110.0,13110.0,13110.0,13108.0,13109.0,369
2026-04-27 05:56:00+00:00,13108.0,13108.0,13110.0,13100.0,13110.0,6315
2026-04-27 05:57:00+00:00,13108.0,13108.0,13109.0,13108.0,13108.0,2060
2026-04-27 05:58:00+00:00,13110.0,13110.0,13110.0,13108.0,13108.0,5426
2026-04-27 05:59:00+00:00,13110.0,13110.0,13110.0,13108.0,13110.0,497
2026-04-27 06:00:00+00:00,13112.0,13112.0,13115.0,13108.0,13110.0,513
2026-04-27 06:01:00+00:00,13120.0,13120.0,13121.0,13112.0,13113.0,255
2026-04-27 06:02:00+00:00,13118.0,13118.0,13124.0,13118.0,13121.0,403
2026-04-27 06:03:00+00:00,13114.0,13114.0,13124.0,13110.0,13118.0,441
2026-04-27 06:04:00+00:00,13113.0,13113.0,13117.0,13110.0,13114.0,596
2026-04-27 06:05:00+00:00,13107.0,13107.0,13115.0,13107.0,13115.0,3985
2026-04-27 06:06:00+00:00,13108.0,13108.0,13109.0,13107.0,13109.0,1511
2026-04-27 06:07:00+00:00,13106.0,13106.0,13110.0,13106.0,13107.0,1236
2026-04-27 06:08:00+00:00,13107.0,13107.0,13109.0,13100.0,13105.0,3027
2026-04-27 06:09:00+00:00,13111.0,13111.0,13115.0,13100.0,13108.0,2271
2026-04-27 06:10:00+00:00,13111.0,13111.0,13114.0,13108.0,13110.0,598
2026-04-27 06:11:00+00:00,13104.0,13104.0,13117.0,13104.0,13114.0,897
2026-04-27 06:12:00+00:00,13116.0,13116.0,13117.0,13108.0,13110.0,394
2026-04-27 06:13:00+00:00,13115.0,13115.0,13120.0,13111.0,13116.0,609
2026-04-27 06:14:00+00:00,13116.0,13116.0,13117.0,13111.0,13113.0,335
2026-04-27 06:15:00+00:00,13114.0,13114.0,13115.0,13111.0,13114.0,530
2026-04-27 06:16:00+00:00,13113.0,13113.0,13114.0,13110.0,13112.0,435
2026-04-27 06:17:00+00:00,13112.0,13112.0,13112.0,13110.0,13111.0,846
2026-04-27 06:18:00+00:00,13113.0,13113.0,13113.0,13111.0,13112.0,429
2026-04-27 06:19:00+00:00,13116.0,13116.0,13116.0,13111.0,13112.0,463
2026-04-27 06:20:00+00:00,13115.0,13115.0,13117.0,13111.0,13116.0,990
2026-04-27 06:21:00+00:00,13107.0,13107.0,13114.0,13106.0,13111.0,723
2026-04-27 06:22:00+00:00,13111.0,13111.0,13111.0,13106.0,13106.0,371
2026-04-27 06:23:00+00:00,13112.0,13112.0,13115.0,13107.0,13111.0,455
2026-04-27 06:24:00+00:00,13112.0,13112.0,13115.0,13111.0,13115.0,127
2026-04-27 06:25:00+00:00,13126.0,13126.0,13126.0,13112.0,13112.0,1204
2026-04-27 06:26:00+00:00,13119.0,13119.0,13126.0,13118.0,13123.0,1045
2026-04-27 06:27:00+00:00,13125.0,13125.0,13125.0,13119.0,13123.0,171
2026-04-27 06:28:00+00:00,13136.0,13136.0,13136.0,13125.0,13126.0,569
2026-04-27 06:29:00+00:00,13133.0,13133.0,13135.0,13129.0,13135.0,411
2026-04-27 06:30:00+00:00,13128.0,13128.0,13133.0,13127.0,13133.0,125
2026-04-27 06:31:00+00:00,13130.0,13130.0,13131.0,13124.0,13131.0,454
2026-04-27 06:32:00+00:00,13125.0,13125.0,13131.0,13125.0,13126.0,1009
2026-04-27 06:33:00+00:00,13126.0,13126.0,13131.0,13126.0,13128.0,237
2026-04-27 06:34:00+00:00,13132.0,13132.0,13132.0,13127.0,13130.0,251
2026-04-27 06:35:00+00:00,13134.0,13134.0,13135.0,13129.0,13132.0,343
2026-04-27 06:36:00+00:00,13139.0,13139.0,13139.0,13131.0,13134.0,1322
2026-04-27 06:37:00+00:00,13152.0,13152.0,13154.0,13136.0,13139.0,2587
2026-04-27 06:38:00+00:00,13142.0,13142.0,13153.0,13139.0,13147.0,1956
2026-04-27 06:39:00+00:00,13155.0,13155.0,13155.0,13141.0,13147.0,751
2026-04-27 06:40:00+00:00,13166.0,13166.0,13168.0,13152.0,13152.0,1468
2026-04-27 06:41:00+00:00,13164.0,13164.0,13166.0,13157.0,13165.0,522
2026-04-27 06:42:00+00:00,13160.0,13160.0,13165.0,13159.0,13164.0,443
2026-04-27 06:43:00+00:00,13164.0,13164.0,13165.0,13160.0,13160.0,1016
2026-04-27 06:44:00+00:00,13164.0,13164.0,13165.0,13161.0,13163.0,556
2026-04-27 06:45:00+00:00,13161.0,13161.0,13165.0,13156.0,13165.0,343
2026-04-27 06:46:00+00:00,13160.0,13160.0,13161.0,13157.0,13161.0,143
2026-04-27 06:47:00+00:00,13159.0,13159.0,13159.0,13150.0,13159.0,776
2026-04-27 06:48:00+00:00,13151.0,13151.0,13159.0,13151.0,13158.0,429
2026-04-27 06:49:00+00:00,13158.0,13158.0,13158.0,13150.0,13150.0,222
2026-04-27 06:50:00+00:00,13163.0,13163.0,13163.0,13155.0,13155.0,479
2026-04-27 06:51:00+00:00,13160.0,13160.0,13164.0,13160.0,13163.0,784
2026-04-27 06:52:00+00:00,13163.0,13163.0,13164.0,13152.0,13164.0,1287
2026-04-27 06:53:00+00:00,13164.0,13164.0,13164.0,13159.0,13163.0,932
2026-04-27 06:54:00+00:00,13185.0,13185.0,13189.0,13160.0,13163.0,4533
2026-04-27 06:55:00+00:00,13186.0,13186.0,13189.0,13184.0,13189.0,583
2026-04-27 06:56:00+00:00,13215.0,13215.0,13225.0,13185.0,13185.0,2872
2026-04-27 06:57:00+00:00,13206.0,13206.0,13230.0,13203.0,13222.0,2362
2026-04-27 06:58:00+00:00,13218.0,13218.0,13220.0,13205.0,13208.0,1192
2026-04-27 06:59:00+00:00,13208.0,13208.0,13218.0,13208.0,13217.0,422
2026-04-27 07:00:00+00:00,13220.0,13220.0,13228.0,13210.0,13210.0,759
2026-04-27 07:01:00+00:00,13233.0,13233.0,13235.0,13220.0,13227.0,961
2026-04-27 07:02:00+00:00,13220.0,13220.0,13235.0,13216.0,13235.0,1001
2026-04-27 07:03:00+00:00,13234.0,13234.0,13234.0,13217.0,13217.0,742
2026-04-27 07:04:00+00:00,13230.0,13230.0,13234.0,13227.0,13232.0,160
2026-04-27 07:05:00+00:00,13227.0,13227.0,13232.0,13220.0,13231.0,506
2026-04-27 07:06:00+00:00,13227.0,13227.0,13230.0,13221.0,13221.0,264
2026-04-27 07:07:00+00:00,13227.0,13227.0,13230.0,13222.0,13224.0,461
2026-04-27 07:08:00+00:00,13228.0,13228.0,13230.0,13220.0,13227.0,422
2026-04-27 07:09:00+00:00,13233.0,13233.0,13234.0,13228.0,13232.0,427
2026-04-27 07:10:00+00:00,13232.0,13232.0,13235.0,13227.0,13232.0,241
2026-04-27 07:11:00+00:00,13230.0,13230.0,13234.0,13223.0,13227.0,216
2026-04-27 07:12:00+00:00,13227.0,13227.0,13230.0,13221.0,13230.0,274
2026-04-27 07:13:00+00:00,13230.0,13230.0,13230.0,13220.0,13224.0,617
2026-04-27 07:14:00+00:00,13229.0,13229.0,13232.0,13224.0,13226.0,350
2026-04-27 07:15:00+00:00,13226.0,13226.0,13230.0,13221.0,13229.0,416
2026-04-27 07:16:00+00:00,13229.0,13229.0,13229.0,13225.0,13227.0,427
2026-04-27 07:17:00+00:00,13232.0,13232.0,13232.0,13227.0,13227.0,609
2026-04-27 07:18:00+00:00,13232.0,13232.0,13235.0,13225.0,13232.0,1269
2026-04-27 07:19:00+00:00,13235.0,13235.0,13240.0,13232.0,13238.0,569
2026-04-27 07:20:00+00:00,13232.0,13232.0,13244.0,13227.0,13232.0,1214
2026-04-27 07:21:00+00:00,13232.0,13232.0,13233.0,13226.0,13232.0,238
2026-04-27 07:22:00+00:00,13237.0,13237.0,13242.0,13228.0,13232.0,516
2026-04-27 07:23:00+00:00,13258.0,13258.0,13259.0,13241.0,13241.0,1998
2026-04-27 07:24:00+00:00,13257.0,13257.0,13260.0,13245.0,13258.0,478
2026-04-27 07:25:00+00:00,13246.0,13246.0,13260.0,13246.0,13260.0,238
2026-04-27 07:26:00+00:00,13241.0,13241.0,13245.0,13240.0,13245.0,476
2026-04-27 07:27:00+00:00,13233.0,13233.0,13243.0,13228.0,13243.0,280
2026-04-27 07:28:00+00:00,13235.0,13235.0,13238.0,13228.0,13230.0,333
2026-04-27 07:29:00+00:00,13232.0,13232.0,13235.0,13227.0,13235.0,101
2026-04-27 07:30:00+00:00,13233.0,13233.0,13238.0,13230.0,13232.0,356
2026-04-27 07:31:00+00:00,13234.0,13234.0,13238.0,13229.0,13237.0,209
2026-04-27 07:32:00+00:00,13233.0,13233.0,13235.0,13229.0,13234.0,248
2026-04-27 07:33:00+00:00,13231.0,13231.0,13235.0,13231.0,13235.0,147
2026-04-27 07:34:00+00:00,13222.0,13222.0,13234.0,13222.0,13234.0,384
2026-04-27 07:35:00+00:00,13208.0,13208.0,13226.0,13207.0,13226.0,1356
2026-04-27 07:36:00+00:00,13220.0,13220.0,13220.0,13209.0,13212.0,252
2026-04-27 07:37:00+00:00,13220.0,13220.0,13222.0,13215.0,13220.0,283
2026-04-27 07:38:00+00:00,13222.0,13222.0,13229.0,13220.0,13220.0,233
2026-04-27 07:39:00+00:00,13235.0,13235.0,13235.0,13224.0,13227.0,395
2026-04-27 07:40:00+00:00,13232.0,13232.0,13238.0,13230.0,13234.0,390
2026-04-27 07:41:00+00:00,13226.0,13226.0,13234.0,13219.0,13234.0,499
2026-04-27 07:42:00+00:00,13226.0,13226.0,13228.0,13221.0,13221.0,87
2026-04-27 07:43:00+00:00,13237.0,13237.0,13237.0,13227.0,13230.0,214
2026-04-27 07:44:00+00:00,13235.0,13235.0,13240.0,13227.0,13237.0,359
2026-04-27 07:45:00+00:00,13242.0,13242.0,13242.0,13230.0,13235.0,225
2026-04-27 07:46:00+00:00,13249.0,13249.0,13254.0,13243.0,13243.0,554
2026-04-27 07:47:00+00:00,13249.0,13249.0,13249.0,13244.0,13247.0,237
2026-04-27 07:48:00+00:00,13246.0,13246.0,13247.0,13240.0,13246.0,528
2026-04-27 07:49:00+00:00,13247.0,13247.0,13254.0,13245.0,13248.0,213
2026-04-27 07:50:00+00:00,13249.0,13249.0,13254.0,13243.0,13252.0,366
2026-04-27 07:51:00+00:00,13245.0,13245.0,13248.0,13244.0,13248.0,259
2026-04-27 07:52:00+00:00,13242.0,13242.0,13249.0,13240.0,13248.0,183
2026-04-27 07:53:00+00:00,13245.0,13245.0,13246.0,13240.0,13245.0,230
2026-04-27 07:54:00+00:00,13238.0,13238.0,13245.0,13232.0,13245.0,416
2026-04-27 07:55:00+00:00,13236.0,13236.0,13240.0,13231.0,13240.0,405
2026-04-27 07:56:00+00:00,13233.0,13233.0,13240.0,13231.0,13237.0,350
2026-04-27 07:57:00+00:00,13238.0,13238.0,13239.0,13232.0,13237.0,203
2026-04-27 07:58:00+00:00,13221.0,13221.0,13238.0,13221.0,13238.0,512
2026-04-27 07:59:00+00:00,13224.0,13224.0,13229.0,13219.0,13221.0,613
2026-04-27 08:00:00+00:00,13222.0,13222.0,13224.0,13216.0,13224.0,233
2026-04-27 08:01:00+00:00,13215.0,13215.0,13221.0,13214.0,13221.0,529
2026-04-27 08:02:00+00:00,13213.0,13213.0,13215.0,13208.0,13215.0,292
2026-04-27 08:03:00+00:00,13209.0,13209.0,13219.0,13208.0,13213.0,674
2026-04-27 08:04:00+00:00,13219.0,13219.0,13222.0,13210.0,13213.0,499
2026-04-27 08:05:00+00:00,13223.0,13223.0,13231.0,13213.0,13222.0,2023
2026-04-27 08:06:00+00:00,13227.0,13227.0,13233.0,13225.0,13226.0,712
2026-04-27 08:07:00+00:00,13229.0,13229.0,13231.0,13223.0,13228.0,637
2026-04-27 08:08:00+00:00,13219.0,13219.0,13230.0,13219.0,13230.0,319
2026-04-27 08:09:00+00:00,13223.0,13223.0,13226.0,13214.0,13221.0,657
2026-04-27 08:10:00+00:00,13222.0,13222.0,13227.0,13218.0,13223.0,273
2026-04-27 08:11:00+00:00,13216.0,13216.0,13223.0,13213.0,13217.0,412
2026-04-27 08:12:00+00:00,13214.0,13214.0,13222.0,13211.0,13218.0,547
2026-04-27 08:13:00+00:00,13213.0,13213.0,13221.0,13212.0,13214.0,245
2026-04-27 08:14:00+00:00,13211.0,13211.0,13217.0,13204.0,13213.0,767
2026-04-27 08:15:00+00:00,13215.0,13215.0,13220.0,13210.0,13216.0,476
2026-04-27 08:16:00+00:00,13221.0,13221.0,13221.0,13214.0,13218.0,314
2026-04-27 08:17:00+00:00,13224.0,13224.0,13224.0,13214.0,13221.0,309
2026-04-27 08:18:00+00:00,13216.0,13216.0,13222.0,13215.0,13222.0,266
2026-04-27 08:19:00+00:00,13220.0,13220.0,13225.0,13210.0,13215.0,1423
2026-04-27 08:20:00+00:00,13230.0,13230.0,13230.0,13219.0,13223.0,330
2026-04-27 08:21:00+00:00,13227.0,13227.0,13230.0,13226.0,13230.0,197
2026-04-27 08:22:00+00:00,13241.0,13241.0,13242.0,13229.0,13229.0,556
2026-04-27 08:23:00+00:00,13242.0,13242.0,13249.0,13235.0,13244.0,805
2026-04-27 08:24:00+00:00,13244.0,13244.0,13249.0,13235.0,13242.0,572
2026-04-27 08:25:00+00:00,13260.0,13260.0,13260.0,13245.0,13250.0,1456
2026-04-27 08:26:00+00:00,13256.0,13256.0,13270.0,13254.0,13260.0,1621
2026-04-27 08:27:00+00:00,13255.0,13255.0,13260.0,13250.0,13259.0,363
2026-04-27 08:28:00+00:00,13252.0,13252.0,13256.0,13244.0,13256.0,611
2026-04-27 08:29:00+00:00,13245.0,13245.0,13252.0,13241.0,13252.0,393
2026-04-27 08:30:00+00:00,13243.0,13243.0,13248.0,13237.0,13243.0,358
2026-04-27 08:31:00+00:00,13248.0,13248.0,13250.0,13243.0,13249.0,314
2026-04-27 08:32:00+00:00,13250.0,13250.0,13253.0,13243.0,13248.0,284
2026-04-27 08:33:00+00:00,13242.0,13242.0,13250.0,13239.0,13250.0,596
2026-04-27 08:34:00+00:00,13239.0,13239.0,13244.0,13236.0,13242.0,414
2026-04-27 08:35:00+00:00,13250.0,13250.0,13253.0,13245.0,13249.0,639
2026-04-27 08:36:00+00:00,13245.0,13245.0,13251.0,13243.0,13250.0,175
2026-04-27 08:37:00+00:00,13245.0,13245.0,13245.0,13241.0,13245.0,216
2026-04-27 08:38:00+00:00,13242.0,13242.0,13246.0,13238.0,13245.0,283
2026-04-27 08:39:00+00:00,13239.0,13239.0,13246.0,13238.0,13243.0,418
2026-04-27 08:40:00+00:00,13244.0,13244.0,13245.0,13239.0,13241.0,483
2026-04-27 08:41:00+00:00,13243.0,13243.0,13245.0,13241.0,13244.0,200
2026-04-27 08:42:00+00:00,13243.0,13243.0,13247.0,13243.0,13245.0,222
2026-04-27 08:43:00+00:00,13250.0,13250.0,13251.0,13242.0,13243.0,563
2026-04-27 08:44:00+00:00,13248.0,13248.0,13250.0,13243.0,13250.0,125
2026-04-27 08:45:00+00:00,13254.0,13254.0,13254.0,13244.0,13249.0,259
2026-04-27 08:46:00+00:00,13255.0,13255.0,13260.0,13254.0,13254.0,386
2026-04-27 08:47:00+00:00,13259.0,13259.0,13259.0,13253.0,13257.0,568
2026-04-27 08:48:00+00:00,13255.0,13255.0,13259.0,13252.0,13259.0,214
2026-04-27 08:49:00+00:00,13257.0,13257.0,13258.0,13253.0,13257.0,231
2026-04-27 08:50:00+00:00,13256.0,13256.0,13257.0,13254.0,13254.0,207
2026-04-27 08:51:00+00:00,13248.0,13248.0,13257.0,13247.0,13256.0,405
2026-04-27 08:52:00+00:00,13239.0,13239.0,13248.0,13239.0,13247.0,348
2026-04-27 08:53:00+00:00,13246.0,13246.0,13250.0,13239.0,13239.0,590
2026-04-27 08:54:00+00:00,13242.0,13242.0,13250.0,13242.0,13248.0,362
2026-04-27 08:55:00+00:00,13248.0,13248.0,13252.0,13242.0,13248.0,307
2026-04-27 08:56:00+00:00,13250.0,13250.0,13250.0,13242.0,13244.0,801
2026-04-27 08:57:00+00:00,13253.0,13253.0,13253.0,13244.0,13250.0,335
2026-04-27 08:58:00+00:00,13246.0,13246.0,13255.0,13245.0,13254.0,502
2026-04-27 08:59:00+00:00,13248.0,13248.0,13250.0,13245.0,13246.0,800
2026-04-27 09:00:00+00:00,13244.0,13244.0,13251.0,13244.0,13250.0,349
2026-04-27 09:01:00+00:00,13232.0,13232.0,13245.0,13232.0,13243.0,305
2026-04-27 09:02:00+00:00,13228.0,13228.0,13236.0,13228.0,13235.0,336
2026-04-27 09:03:00+00:00,13235.0,13235.0,13235.0,13227.0,13231.0,608
2026-04-27 09:04:00+00:00,13234.0,13234.0,13235.0,13230.0,13232.0,280
2026-04-27 09:05:00+00:00,13232.0,13232.0,13232.0,13228.0,13231.0,204
2026-04-27 09:06:00+00:00,13230.0,13230.0,13232.0,13226.0,13230.0,164
2026-04-27 09:07:00+00:00,13233.0,13233.0,13236.0,13226.0,13229.0,310
2026-04-27 09:08:00+00:00,13237.0,13237.0,13238.0,13236.0,13238.0,405
2026-04-27 09:09:00+00:00,13237.0,13237.0,13238.0,13233.0,13237.0,596
2026-04-27 09:10:00+00:00,13234.0,13234.0,13237.0,13232.0,13237.0,571
2026-04-27 09:11:00+00:00,13233.0,13233.0,13233.0,13227.0,13233.0,787
2026-04-27 09:12:00+00:00,13236.0,13236.0,13238.0,13232.0,13234.0,665
2026-04-27 09:13:00+00:00,13232.0,13232.0,13235.0,13227.0,13235.0,541
2026-04-27 09:14:00+00:00,13236.0,13236.0,13238.0,13231.0,13235.0,891
2026-04-27 09:15:00+00:00,13237.0,13237.0,13238.0,13228.0,13238.0,473
2026-04-27 09:16:00+00:00,13247.0,13247.0,13247.0,13234.0,13234.0,894
2026-04-27 09:17:00+00:00,13241.0,13241.0,13246.0,13241.0,13244.0,1264
2026-04-27 09:18:00+00:00,13240.0,13240.0,13242.0,13236.0,13242.0,333
2026-04-27 09:19:00+00:00,13236.0,13236.0,13241.0,13234.0,13241.0,768
2026-04-27 09:20:00+00:00,13237.0,13237.0,13237.0,13234.0,13236.0,553
2026-04-27 09:21:00+00:00,13232.0,13232.0,13236.0,13228.0,13236.0,968
2026-04-27 09:22:00+00:00,13230.0,13230.0,13233.0,13230.0,13233.0,512
2026-04-27 09:23:00+00:00,13233.0,13233.0,13234.0,13227.0,13230.0,747
2026-04-27 09:24:00+00:00,13232.0,13232.0,13234.0,13229.0,13232.0,526
2026-04-27 09:25:00+00:00,13227.0,13227.0,13234.0,13227.0,13228.0,1423
2026-04-27 09:26:00+00:00,13227.0,13227.0,13229.0,13227.0,13227.0,744
2026-04-27 09:27:00+00:00,13241.0,13241.0,13242.0,13224.0,13224.0,1027
2026-04-27 09:28:00+00:00,13239.0,13239.0,13241.0,13233.0,13241.0,725
2026-04-27 09:29:00+00:00,13235.0,13235.0,13239.0,13229.0,13239.0,487
2026-04-27 09:30:00+00:00,13223.0,13223.0,13237.0,13223.0,13231.0,1530
2026-04-27 09:31:00+00:00,13221.0,13221.0,13228.0,13220.0,13228.0,1267
2026-04-27 09:32:00+00:00,13216.0,13216.0,13223.0,13212.0,13218.0,1075
2026-04-27 09:33:00+00:00,13218.0,13218.0,13218.0,13213.0,13215.0,966
2026-04-27 09:34:00+00:00,13218.0,13218.0,13220.0,13213.0,13216.0,423
2026-04-27 09:35:00+00:00,13217.0,13217.0,13220.0,13216.0,13218.0,756
2026-04-27 09:36:00+00:00,13213.0,13213.0,13220.0,13213.0,13220.0,637
2026-04-27 09:37:00+00:00,13211.0,13211.0,13215.0,13211.0,13215.0,559
2026-04-27 09:38:00+00:00,13210.0,13210.0,13214.0,13208.0,13211.0,913
2026-04-27 09:39:00+00:00,13217.0,13217.0,13217.0,13206.0,13206.0,939
2026-04-27 09:40:00+00:00,13230.0,13230.0,13230.0,13217.0,13217.0,1935
2026-04-27 09:41:00+00:00,13235.0,13235.0,13240.0,13226.0,13230.0,2316
2026-04-27 09:42:00+00:00,13235.0,13235.0,13236.0,13225.0,13229.0,1442
2026-04-27 09:43:00+00:00,13225.0,13225.0,13236.0,13225.0,13235.0,900
2026-04-27 09:44:00+00:00,13231.0,13231.0,13232.0,13224.0,13229.0,755
2026-04-27 09:45:00+00:00,13230.0,13230.0,13237.0,13228.0,13231.0,1149
2026-04-27 09:46:00+00:00,13234.0,13234.0,13235.0,13230.0,13230.0,650
2026-04-27 09:47:00+00:00,13225.0,13225.0,13231.0,13223.0,13231.0,1460
2026-04-27 09:48:00+00:00,13224.0,13224.0,13226.0,13220.0,13223.0,1113
2026-04-27 09:49:00+00:00,13222.0,13222.0,13227.0,13222.0,13227.0,932
2026-04-27 09:50:00+00:00,13219.0,13219.0,13219.0,13207.0,13218.0,2409
2026-04-27 09:51:00+00:00,13225.0,13225.0,13225.0,13211.0,13216.0,3144
2026-04-27 09:52:00+00:00,13218.0,13218.0,13222.0,13216.0,13216.0,587
2026-04-27 09:53:00+00:00,13222.0,13222.0,13223.0,13215.0,13223.0,877
2026-04-27 09:54:00+00:00,13217.0,13217.0,13220.0,13215.0,13219.0,2090
2026-04-27 09:55:00+00:00,13210.0,13210.0,13220.0,13210.0,13217.0,1454
2026-04-27 09:56:00+00:00,13212.0,13212.0,13217.0,13206.0,13214.0,743
2026-04-27 09:57:00+00:00,13217.0,13217.0,13217.0,13205.0,13209.0,1179
2026-04-27 09:58:00+00:00,13220.0,13220.0,13221.0,13212.0,13216.0,527
2026-04-27 09:59:00+00:00,13220.0,13220.0,13225.0,13212.0,13220.0,529
2026-04-28 03:45:00+00:00,13192.0,13192.0,13207.0,13167.0,13189.0,0
2026-04-28 03:46:00+00:00,13207.0,13207.0,13223.0,13179.0,13187.0,4015
2026-04-28 03:47:00+00:00,13215.0,13215.0,13223.0,13201.0,13209.0,2362
2026-04-28 03:48:00+00:00,13217.0,13217.0,13217.0,13203.0,13217.0,2084
2026-04-28 03:49:00+00:00,13235.0,13235.0,13238.0,13214.0,13219.0,2828
2026-04-28 03:50:00+00:00,13239.0,13239.0,13243.0,13228.0,13233.0,2201
2026-04-28 03:51:00+00:00,13236.0,13236.0,13239.0,13225.0,13232.0,1903
2026-04-28 03:52:00+00:00,13241.0,13241.0,13241.0,13219.0,13229.0,3086
2026-04-28 03:53:00+00:00,13245.0,13245.0,13251.0,13235.0,13239.0,1658
2026-04-28 03:54:00+00:00,13247.0,13247.0,13251.0,13232.0,13238.0,889
2026-04-28 03:55:00+00:00,13253.0,13253.0,13253.0,13244.0,13247.0,1609
2026-04-28 03:56:00+00:00,13265.0,13265.0,13267.0,13258.0,13258.0,1218
2026-04-28 03:57:00+00:00,13270.0,13270.0,13270.0,13265.0,13265.0,999
2026-04-28 03:58:00+00:00,13261.0,13261.0,13269.0,13255.0,13269.0,491
2026-04-28 03:59:00+00:00,13259.0,13259.0,13263.0,13258.0,13259.0,787
2026-04-28 04:00:00+00:00,13259.0,13259.0,13263.0,13255.0,13261.0,434
2026-04-28 04:01:00+00:00,13278.0,13278.0,13287.0,13263.0,13263.0,2050
2026-04-28 04:02:00+00:00,13274.0,13274.0,13278.0,13266.0,13278.0,1080
2026-04-28 04:03:00+00:00,13269.0,13269.0,13274.0,13269.0,13274.0,389
2026-04-28 04:04:00+00:00,13272.0,13272.0,13274.0,13272.0,13274.0,333
2026-04-28 04:05:00+00:00,13268.0,13268.0,13273.0,13267.0,13273.0,530
2026-04-28 04:06:00+00:00,13277.0,13277.0,13277.0,13265.0,13265.0,609
2026-04-28 04:07:00+00:00,13270.0,13270.0,13276.0,13270.0,13275.0,444
2026-04-28 04:08:00+00:00,13271.0,13271.0,13273.0,13264.0,13273.0,764
2026-04-28 04:09:00+00:00,13278.0,13278.0,13278.0,13271.0,13274.0,542
2026-04-28 04:10:00+00:00,13288.0,13288.0,13289.0,13278.0,13278.0,1179
2026-04-28 04:11:00+00:00,13285.0,13285.0,13290.0,13285.0,13286.0,740
2026-04-28 04:12:00+00:00,13293.0,13293.0,13300.0,13285.0,13285.0,2161
2026-04-28 04:13:00+00:00,13295.0,13295.0,13300.0,13295.0,13298.0,846
2026-04-28 04:14:00+00:00,13298.0,13298.0,13301.0,13290.0,13290.0,1992
2026-04-28 04:15:00+00:00,13304.0,13304.0,13304.0,13295.0,13298.0,719
2026-04-28 04:16:00+00:00,13304.0,13304.0,13304.0,13297.0,13302.0,946
2026-04-28 04:17:00+00:00,13302.0,13302.0,13306.0,13296.0,13304.0,489
2026-04-28 04:18:00+00:00,13287.0,13287.0,13298.0,13287.0,13293.0,764
2026-04-28 04:19:00+00:00,13280.0,13280.0,13293.0,13280.0,13293.0,409
2026-04-28 04:20:00+00:00,13268.0,13268.0,13277.0,13268.0,13274.0,377
2026-04-28 04:21:00+00:00,13264.0,13264.0,13269.0,13253.0,13265.0,937
2026-04-28 04:22:00+00:00,13262.0,13262.0,13266.0,13252.0,13266.0,845
2026-04-28 04:23:00+00:00,13247.0,13247.0,13259.0,13247.0,13259.0,1551
2026-04-28 04:24:00+00:00,13244.0,13244.0,13253.0,13243.0,13253.0,353
2026-04-28 04:25:00+00:00,13267.0,13267.0,13267.0,13249.0,13250.0,1272
2026-04-28 04:26:00+00:00,13278.0,13278.0,13278.0,13265.0,13265.0,348
2026-04-28 04:27:00+00:00,13273.0,13273.0,13279.0,13271.0,13277.0,702
2026-04-28 04:28:00+00:00,13272.0,13272.0,13274.0,13267.0,13273.0,505
2026-04-28 04:29:00+00:00,13273.0,13273.0,13273.0,13263.0,13273.0,363
2026-04-28 04:30:00+00:00,13273.0,13273.0,13276.0,13266.0,13266.0,399
2026-04-28 04:31:00+00:00,13275.0,13275.0,13277.0,13275.0,13276.0,448
2026-04-28 04:32:00+00:00,13271.0,13271.0,13271.0,13265.0,13268.0,523
2026-04-28 04:33:00+00:00,13272.0,13272.0,13276.0,13265.0,13271.0,510
2026-04-28 04:34:00+00:00,13266.0,13266.0,13273.0,13266.0,13272.0,419
2026-04-28 04:35:00+00:00,13273.0,13273.0,13274.0,13265.0,13273.0,421
2026-04-28 04:36:00+00:00,13269.0,13269.0,13272.0,13267.0,13267.0,1313
2026-04-28 04:37:00+00:00,13256.0,13256.0,13269.0,13243.0,13269.0,1934
2026-04-28 04:38:00+00:00,13251.0,13251.0,13256.0,13245.0,13256.0,1326
2026-04-28 04:39:00+00:00,13252.0,13252.0,13254.0,13248.0,13248.0,414
2026-04-28 04:40:00+00:00,13246.0,13246.0,13254.0,13242.0,13250.0,909
2026-04-28 04:41:00+00:00,13249.0,13249.0,13250.0,13242.0,13244.0,334
2026-04-28 04:42:00+00:00,13244.0,13244.0,13249.0,13243.0,13245.0,385
2026-04-28 04:43:00+00:00,13257.0,13257.0,13257.0,13249.0,13250.0,363
2026-04-28 04:44:00+00:00,13256.0,13256.0,13257.0,13250.0,13250.0,308
2026-04-28 04:45:00+00:00,13258.0,13258.0,13262.0,13253.0,13253.0,798
2026-04-28 04:46:00+00:00,13266.0,13266.0,13267.0,13260.0,13260.0,304
2026-04-28 04:47:00+00:00,13269.0,13269.0,13269.0,13260.0,13266.0,1330
2026-04-28 04:48:00+00:00,13274.0,13274.0,13274.0,13269.0,13269.0,398
2026-04-28 04:49:00+00:00,13281.0,13281.0,13281.0,13274.0,13274.0,678
2026-04-28 04:50:00+00:00,13271.0,13271.0,13282.0,13271.0,13282.0,533
2026-04-28 04:51:00+00:00,13270.0,13270.0,13275.0,13270.0,13271.0,265
2026-04-28 04:52:00+00:00,13264.0,13264.0,13275.0,13264.0,13275.0,1482
2026-04-28 04:53:00+00:00,13256.0,13256.0,13269.0,13256.0,13269.0,423
2026-04-28 04:54:00+00:00,13250.0,13250.0,13263.0,13250.0,13257.0,1149
2026-04-28 04:55:00+00:00,13231.0,13231.0,13252.0,13230.0,13250.0,914
2026-04-28 04:56:00+00:00,13236.0,13236.0,13245.0,13230.0,13236.0,901
2026-04-28 04:57:00+00:00,13234.0,13234.0,13236.0,13229.0,13235.0,578
2026-04-28 04:58:00+00:00,13242.0,13242.0,13242.0,13225.0,13235.0,1258
2026-04-28 04:59:00+00:00,13249.0,13249.0,13251.0,13245.0,13245.0,550
2026-04-28 05:00:00+00:00,13254.0,13254.0,13254.0,13247.0,13250.0,291
2026-04-28 05:01:00+00:00,13245.0,13245.0,13254.0,13245.0,13254.0,496
2026-04-28 05:02:00+00:00,13243.0,13243.0,13248.0,13243.0,13246.0,375
2026-04-28 05:03:00+00:00,13245.0,13245.0,13247.0,13243.0,13246.0,207
2026-04-28 05:04:00+00:00,13242.0,13242.0,13245.0,13240.0,13240.0,519
2026-04-28 05:05:00+00:00,13235.0,13235.0,13242.0,13235.0,13242.0,398
2026-04-28 05:06:00+00:00,13239.0,13239.0,13240.0,13235.0,13235.0,267
2026-04-28 05:07:00+00:00,13203.0,13203.0,13238.0,13203.0,13238.0,2037
2026-04-28 05:08:00+00:00,13221.0,13221.0,13225.0,13206.0,13206.0,874
2026-04-28 05:09:00+00:00,13234.0,13234.0,13237.0,13221.0,13222.0,751
2026-04-28 05:10:00+00:00,13234.0,13234.0,13236.0,13230.0,13235.0,316
2026-04-28 05:11:00+00:00,13225.0,13225.0,13235.0,13223.0,13234.0,994
2026-04-28 05:12:00+00:00,13235.0,13235.0,13235.0,13225.0,13229.0,557
2026-04-28 05:13:00+00:00,13245.0,13245.0,13245.0,13233.0,13235.0,1764
2026-04-28 05:14:00+00:00,13249.0,13249.0,13253.0,13245.0,13245.0,604
2026-04-28 05:15:00+00:00,13250.0,13250.0,13253.0,13250.0,13253.0,433
2026-04-28 05:16:00+00:00,13241.0,13241.0,13251.0,13241.0,13251.0,651
2026-04-28 05:17:00+00:00,13251.0,13251.0,13253.0,13241.0,13247.0,1965
2026-04-28 05:18:00+00:00,13252.0,13252.0,13255.0,13250.0,13251.0,508
2026-04-28 05:19:00+00:00,13246.0,13246.0,13252.0,13245.0,13252.0,332
2026-04-28 05:20:00+00:00,13253.0,13253.0,13253.0,13246.0,13250.0,316
2026-04-28 05:21:00+00:00,13243.0,13243.0,13253.0,13243.0,13253.0,363
2026-04-28 05:22:00+00:00,13242.0,13242.0,13251.0,13242.0,13249.0,457
2026-04-28 05:23:00+00:00,13232.0,13232.0,13240.0,13232.0,13234.0,582
2026-04-28 05:24:00+00:00,13230.0,13230.0,13234.0,13221.0,13225.0,1284
2026-04-28 05:25:00+00:00,13232.0,13232.0,13237.0,13226.0,13228.0,2020
2026-04-28 05:26:00+00:00,13250.0,13250.0,13250.0,13233.0,13233.0,1788
2026-04-28 05:27:00+00:00,13244.0,13244.0,13250.0,13244.0,13250.0,339
2026-04-28 05:28:00+00:00,13245.0,13245.0,13250.0,13243.0,13244.0,253
2026-04-28 05:29:00+00:00,13244.0,13244.0,13251.0,13244.0,13250.0,472
2026-04-28 05:30:00+00:00,13241.0,13241.0,13246.0,13241.0,13242.0,316
2026-04-28 05:31:00+00:00,13240.0,13240.0,13246.0,13239.0,13245.0,216
2026-04-28 05:32:00+00:00,13224.0,13224.0,13246.0,13224.0,13245.0,1396
2026-04-28 05:33:00+00:00,13227.0,13227.0,13234.0,13224.0,13224.0,287
2026-04-28 05:34:00+00:00,13231.0,13231.0,13234.0,13226.0,13226.0,175
2026-04-28 05:35:00+00:00,13234.0,13234.0,13236.0,13230.0,13230.0,211
2026-04-28 05:36:00+00:00,13229.0,13229.0,13234.0,13228.0,13230.0,379
2026-04-28 05:37:00+00:00,13222.0,13222.0,13228.0,13222.0,13228.0,288
2026-04-28 05:38:00+00:00,13228.0,13228.0,13229.0,13220.0,13224.0,858
2026-04-28 05:39:00+00:00,13230.0,13230.0,13230.0,13229.0,13229.0,245
2026-04-28 05:40:00+00:00,13231.0,13231.0,13232.0,13228.0,13230.0,356
2026-04-28 05:41:00+00:00,13225.0,13225.0,13239.0,13225.0,13231.0,738
2026-04-28 05:42:00+00:00,13225.0,13225.0,13231.0,13225.0,13230.0,676
2026-04-28 05:43:00+00:00,13236.0,13236.0,13236.0,13217.0,13227.0,1540
2026-04-28 05:44:00+00:00,13232.0,13232.0,13239.0,13231.0,13232.0,1820
2026-04-28 05:45:00+00:00,13228.0,13228.0,13238.0,13228.0,13237.0,277
2026-04-28 05:46:00+00:00,13220.0,13220.0,13232.0,13220.0,13232.0,289
2026-04-28 05:47:00+00:00,13222.0,13222.0,13224.0,13217.0,13220.0,534
2026-04-28 05:48:00+00:00,13235.0,13235.0,13235.0,13221.0,13221.0,304
2026-04-28 05:49:00+00:00,13229.0,13229.0,13235.0,13229.0,13235.0,280
2026-04-28 05:50:00+00:00,13239.0,13239.0,13239.0,13230.0,13233.0,364
2026-04-28 05:51:00+00:00,13238.0,13238.0,13242.0,13238.0,13239.0,260
2026-04-28 05:52:00+00:00,13233.0,13233.0,13240.0,13233.0,13238.0,290
2026-04-28 05:53:00+00:00,13228.0,13228.0,13230.0,13220.0,13224.0,2431
2026-04-28 05:54:00+00:00,13214.0,13214.0,13234.0,13214.0,13234.0,3038
2026-04-28 05:55:00+00:00,13196.0,13196.0,13220.0,13195.0,13219.0,1935
2026-04-28 05:56:00+00:00,13195.0,13195.0,13203.0,13192.0,13203.0,783
2026-04-28 05:57:00+00:00,13183.0,13183.0,13197.0,13180.0,13197.0,1531
2026-04-28 05:58:00+00:00,13176.0,13176.0,13189.0,13172.0,13183.0,1015
2026-04-28 05:59:00+00:00,13185.0,13185.0,13192.0,13183.0,13186.0,476
2026-04-28 06:00:00+00:00,13187.0,13187.0,13191.0,13180.0,13183.0,1005
2026-04-28 06:01:00+00:00,13197.0,13197.0,13199.0,13185.0,13185.0,444
2026-04-28 06:02:00+00:00,13180.0,13180.0,13196.0,13180.0,13193.0,716
2026-04-28 06:03:00+00:00,13174.0,13174.0,13188.0,13168.0,13185.0,699
2026-04-28 06:04:00+00:00,13175.0,13175.0,13179.0,13169.0,13169.0,435
2026-04-28 06:05:00+00:00,13177.0,13177.0,13180.0,13177.0,13179.0,306
2026-04-28 06:06:00+00:00,13189.0,13189.0,13191.0,13180.0,13180.0,505
2026-04-28 06:07:00+00:00,13176.0,13176.0,13190.0,13176.0,13190.0,544
2026-04-28 06:08:00+00:00,13179.0,13179.0,13181.0,13175.0,13181.0,409
2026-04-28 06:09:00+00:00,13177.0,13177.0,13181.0,13175.0,13179.0,385
2026-04-28 06:10:00+00:00,13173.0,13173.0,13175.0,13170.0,13175.0,800
2026-04-28 06:11:00+00:00,13176.0,13176.0,13181.0,13173.0,13173.0,333
2026-04-28 06:12:00+00:00,13180.0,13180.0,13182.0,13177.0,13177.0,309
2026-04-28 06:13:00+00:00,13182.0,13182.0,13189.0,13180.0,13189.0,717
2026-04-28 06:14:00+00:00,13185.0,13185.0,13187.0,13184.0,13184.0,304
2026-04-28 06:15:00+00:00,13189.0,13189.0,13190.0,13185.0,13187.0,326
2026-04-28 06:16:00+00:00,13178.0,13178.0,13189.0,13178.0,13189.0,470
2026-04-28 06:17:00+00:00,13179.0,13179.0,13183.0,13178.0,13183.0,257
2026-04-28 06:18:00+00:00,13175.0,13175.0,13177.0,13174.0,13176.0,587
2026-04-28 06:19:00+00:00,13171.0,13171.0,13176.0,13171.0,13174.0,617
2026-04-28 06:20:00+00:00,13182.0,13182.0,13186.0,13171.0,13175.0,828
2026-04-28 06:21:00+00:00,13181.0,13181.0,13183.0,13178.0,13183.0,397
2026-04-28 06:22:00+00:00,13172.0,13172.0,13179.0,13170.0,13179.0,772
2026-04-28 06:23:00+00:00,13171.0,13171.0,13177.0,13170.0,13172.0,551
2026-04-28 06:24:00+00:00,13174.0,13174.0,13177.0,13171.0,13177.0,293
2026-04-28 06:25:00+00:00,13164.0,13164.0,13181.0,13164.0,13181.0,1148
2026-04-28 06:26:00+00:00,13155.0,13155.0,13161.0,13155.0,13161.0,2767
2026-04-28 06:27:00+00:00,13152.0,13152.0,13154.0,13147.0,13153.0,2091
2026-04-28 06:28:00+00:00,13146.0,13146.0,13151.0,13146.0,13148.0,315
2026-04-28 06:29:00+00:00,13145.0,13145.0,13148.0,13143.0,13146.0,997
2026-04-28 06:30:00+00:00,13138.0,13138.0,13145.0,13135.0,13145.0,2498
2026-04-28 06:31:00+00:00,13126.0,13126.0,13140.0,13126.0,13137.0,795
2026-04-28 06:32:00+00:00,13140.0,13140.0,13140.0,13129.0,13132.0,895
2026-04-28 06:33:00+00:00,13144.0,13144.0,13145.0,13135.0,13135.0,394
2026-04-28 06:34:00+00:00,13148.0,13148.0,13150.0,13142.0,13142.0,990
2026-04-28 06:35:00+00:00,13145.0,13145.0,13149.0,13138.0,13149.0,2417
2026-04-28 06:36:00+00:00,13145.0,13145.0,13150.0,13143.0,13148.0,1729
2026-04-28 06:37:00+00:00,13144.0,13144.0,13150.0,13144.0,13150.0,1252
2026-04-28 06:38:00+00:00,13147.0,13147.0,13149.0,13143.0,13145.0,1153
2026-04-28 06:39:00+00:00,13140.0,13140.0,13149.0,13140.0,13149.0,1848
2026-04-28 06:40:00+00:00,13137.0,13137.0,13142.0,13135.0,13135.0,596
2026-04-28 06:41:00+00:00,13131.0,13131.0,13137.0,13125.0,13137.0,795
2026-04-28 06:42:00+00:00,13141.0,13141.0,13141.0,13129.0,13129.0,648
2026-04-28 06:43:00+00:00,13131.0,13131.0,13141.0,13131.0,13141.0,302
2026-04-28 06:44:00+00:00,13132.0,13132.0,13135.0,13131.0,13131.0,351
2026-04-28 06:45:00+00:00,13132.0,13132.0,13143.0,13131.0,13136.0,1109
2026-04-28 06:46:00+00:00,13138.0,13138.0,13138.0,13130.0,13137.0,228
2026-04-28 06:47:00+00:00,13136.0,13136.0,13139.0,13135.0,13139.0,279
2026-04-28 06:48:00+00:00,13135.0,13135.0,13142.0,13135.0,13141.0,365
2026-04-28 06:49:00+00:00,13131.0,13131.0,13141.0,13131.0,13141.0,579
2026-04-28 06:50:00+00:00,13138.0,13138.0,13138.0,13131.0,13134.0,203
2026-04-28 06:51:00+00:00,13128.0,13128.0,13137.0,13126.0,13134.0,766
2026-04-28 06:52:00+00:00,13124.0,13124.0,13130.0,13121.0,13128.0,2014
2026-04-28 06:53:00+00:00,13128.0,13128.0,13132.0,13128.0,13130.0,296
2026-04-28 06:54:00+00:00,13134.0,13134.0,13134.0,13126.0,13130.0,259
2026-04-28 06:55:00+00:00,13137.0,13137.0,13137.0,13130.0,13135.0,744
2026-04-28 06:56:00+00:00,13140.0,13140.0,13140.0,13132.0,13134.0,745
2026-04-28 06:57:00+00:00,13147.0,13147.0,13147.0,13136.0,13136.0,601
2026-04-28 06:58:00+00:00,13135.0,13135.0,13146.0,13135.0,13144.0,1302
2026-04-28 06:59:00+00:00,13140.0,13140.0,13144.0,13137.0,13144.0,510
2026-04-28 07:00:00+00:00,13139.0,13139.0,13142.0,13138.0,13141.0,179
2026-04-28 07:01:00+00:00,13147.0,13147.0,13151.0,13139.0,13140.0,576
2026-04-28 07:02:00+00:00,13141.0,13141.0,13147.0,13135.0,13141.0,510
2026-04-28 07:03:00+00:00,13131.0,13131.0,13140.0,13131.0,13140.0,215
2026-04-28 07:04:00+00:00,13137.0,13137.0,13140.0,13133.0,13133.0,125
2026-04-28 07:05:00+00:00,13140.0,13140.0,13144.0,13135.0,13141.0,378
2026-04-28 07:06:00+00:00,13137.0,13137.0,13143.0,13137.0,13143.0,259
2026-04-28 07:07:00+00:00,13132.0,13132.0,13143.0,13130.0,13142.0,457
2026-04-28 07:08:00+00:00,13126.0,13126.0,13132.0,13126.0,13130.0,942
2026-04-28 07:09:00+00:00,13116.0,13116.0,13128.0,13113.0,13126.0,1058
2026-04-28 07:10:00+00:00,13111.0,13111.0,13115.0,13106.0,13109.0,835
2026-04-28 07:11:00+00:00,13125.0,13125.0,13125.0,13113.0,13113.0,333
2026-04-28 07:12:00+00:00,13127.0,13127.0,13128.0,13120.0,13123.0,763
2026-04-28 07:13:00+00:00,13124.0,13124.0,13125.0,13117.0,13125.0,503
2026-04-28 07:14:00+00:00,13122.0,13122.0,13125.0,13121.0,13124.0,317
2026-04-28 07:15:00+00:00,13120.0,13120.0,13124.0,13120.0,13120.0,291
2026-04-28 07:16:00+00:00,13127.0,13127.0,13129.0,13121.0,13125.0,227
2026-04-28 07:17:00+00:00,13130.0,13130.0,13135.0,13124.0,13126.0,1108
2026-04-28 07:18:00+00:00,13131.0,13131.0,13135.0,13127.0,13135.0,365
2026-04-28 07:19:00+00:00,13136.0,13136.0,13138.0,13130.0,13135.0,485
2026-04-28 07:20:00+00:00,13136.0,13136.0,13143.0,13136.0,13136.0,546
2026-04-28 07:21:00+00:00,13134.0,13134.0,13138.0,13128.0,13135.0,268
2026-04-28 07:22:00+00:00,13132.0,13132.0,13140.0,13131.0,13136.0,222
2026-04-28 07:23:00+00:00,13135.0,13135.0,13140.0,13131.0,13135.0,219
2026-04-28 07:24:00+00:00,13131.0,13131.0,13137.0,13130.0,13131.0,298
2026-04-28 07:25:00+00:00,13137.0,13137.0,13137.0,13130.0,13130.0,90
2026-04-28 07:26:00+00:00,13132.0,13132.0,13137.0,13127.0,13137.0,322
2026-04-28 07:27:00+00:00,13129.0,13129.0,13133.0,13124.0,13130.0,226
2026-04-28 07:28:00+00:00,13120.0,13120.0,13128.0,13120.0,13121.0,571
2026-04-28 07:29:00+00:00,13112.0,13112.0,13123.0,13112.0,13121.0,331
2026-04-28 07:30:00+00:00,13119.0,13119.0,13120.0,13115.0,13116.0,138
2026-04-28 07:31:00+00:00,13120.0,13120.0,13120.0,13110.0,13111.0,577
2026-04-28 07:32:00+00:00,13125.0,13125.0,13125.0,13110.0,13119.0,602
2026-04-28 07:33:00+00:00,13128.0,13128.0,13128.0,13121.0,13125.0,158
2026-04-28 07:34:00+00:00,13140.0,13140.0,13140.0,13128.0,13128.0,727
2026-04-28 07:35:00+00:00,13141.0,13141.0,13143.0,13137.0,13139.0,361
2026-04-28 07:36:00+00:00,13135.0,13135.0,13142.0,13132.0,13137.0,430
2026-04-28 07:37:00+00:00,13136.0,13136.0,13136.0,13132.0,13134.0,450
2026-04-28 07:38:00+00:00,13132.0,13132.0,13135.0,13132.0,13135.0,179
2026-04-28 07:39:00+00:00,13135.0,13135.0,13138.0,13132.0,13132.0,252
2026-04-28 07:40:00+00:00,13128.0,13128.0,13139.0,13126.0,13138.0,394
2026-04-28 07:41:00+00:00,13126.0,13126.0,13130.0,13124.0,13125.0,305
2026-04-28 07:42:00+00:00,13127.0,13127.0,13132.0,13126.0,13132.0,139
2026-04-28 07:43:00+00:00,13133.0,13133.0,13133.0,13126.0,13127.0,97
2026-04-28 07:44:00+00:00,13122.0,13122.0,13133.0,13122.0,13133.0,171
2026-04-28 07:45:00+00:00,13122.0,13122.0,13122.0,13119.0,13122.0,290
2026-04-28 07:46:00+00:00,13120.0,13120.0,13125.0,13119.0,13119.0,231
2026-04-28 07:47:00+00:00,13122.0,13122.0,13126.0,13120.0,13122.0,415
2026-04-28 07:48:00+00:00,13144.0,13144.0,13149.0,13122.0,13122.0,6339
2026-04-28 07:49:00+00:00,13145.0,13145.0,13148.0,13145.0,13148.0,363
2026-04-28 07:50:00+00:00,13141.0,13141.0,13146.0,13141.0,13145.0,434
2026-04-28 07:51:00+00:00,13137.0,13137.0,13143.0,13136.0,13140.0,204
2026-04-28 07:52:00+00:00,13128.0,13128.0,13140.0,13127.0,13137.0,645
2026-04-28 07:53:00+00:00,13125.0,13125.0,13132.0,13123.0,13127.0,465
2026-04-28 07:54:00+00:00,13130.0,13130.0,13132.0,13125.0,13125.0,143
2026-04-28 07:55:00+00:00,13153.0,13153.0,13153.0,13131.0,13131.0,288
2026-04-28 07:56:00+00:00,13153.0,13153.0,13165.0,13148.0,13159.0,984
2026-04-28 07:57:00+00:00,13168.0,13168.0,13169.0,13147.0,13147.0,2054
2026-04-28 07:58:00+00:00,13178.0,13178.0,13181.0,13167.0,13170.0,2595
2026-04-28 07:59:00+00:00,13170.0,13170.0,13178.0,13165.0,13175.0,3808
2026-04-28 08:00:00+00:00,13145.0,13145.0,13171.0,13144.0,13170.0,1266
2026-04-28 08:01:00+00:00,13145.0,13145.0,13154.0,13140.0,13154.0,448
2026-04-28 08:02:00+00:00,13139.0,13139.0,13149.0,13139.0,13146.0,307
2026-04-28 08:03:00+00:00,13135.0,13135.0,13142.0,13129.0,13136.0,422
2026-04-28 08:04:00+00:00,13153.0,13153.0,13158.0,13132.0,13132.0,2460
2026-04-28 08:05:00+00:00,13136.0,13136.0,13154.0,13132.0,13153.0,4722
2026-04-28 08:06:00+00:00,13145.0,13145.0,13146.0,13124.0,13136.0,8950
2026-04-28 08:07:00+00:00,13146.0,13146.0,13156.0,13142.0,13145.0,556
2026-04-28 08:08:00+00:00,13151.0,13151.0,13153.0,13146.0,13146.0,636
2026-04-28 08:09:00+00:00,13139.0,13139.0,13146.0,13139.0,13146.0,333
2026-04-28 08:10:00+00:00,13132.0,13132.0,13146.0,13132.0,13143.0,703
2026-04-28 08:11:00+00:00,13142.0,13142.0,13142.0,13133.0,13133.0,408
2026-04-28 08:12:00+00:00,13140.0,13140.0,13144.0,13132.0,13133.0,501
2026-04-28 08:13:00+00:00,13140.0,13140.0,13144.0,13136.0,13140.0,312
2026-04-28 08:14:00+00:00,13139.0,13139.0,13146.0,13137.0,13143.0,273
2026-04-28 08:15:00+00:00,13131.0,13131.0,13142.0,13131.0,13139.0,288
2026-04-28 08:16:00+00:00,13127.0,13127.0,13136.0,13125.0,13132.0,551
2026-04-28 08:17:00+00:00,13136.0,13136.0,13139.0,13130.0,13132.0,281
2026-04-28 08:18:00+00:00,13140.0,13140.0,13143.0,13137.0,13141.0,266
2026-04-28 08:19:00+00:00,13136.0,13136.0,13140.0,13134.0,13140.0,107
2026-04-28 08:20:00+00:00,13134.0,13134.0,13141.0,13134.0,13135.0,252
2026-04-28 08:21:00+00:00,13134.0,13134.0,13140.0,13134.0,13140.0,475
2026-04-28 08:22:00+00:00,13138.0,13138.0,13140.0,13134.0,13134.0,135
2026-04-28 08:23:00+00:00,13138.0,13138.0,13142.0,13134.0,13135.0,268
2026-04-28 08:24:00+00:00,13142.0,13142.0,13144.0,13130.0,13136.0,442
2026-04-28 08:25:00+00:00,13147.0,13147.0,13147.0,13136.0,13136.0,171
2026-04-28 08:26:00+00:00,13160.0,13160.0,13161.0,13152.0,13152.0,391
2026-04-28 08:27:00+00:00,13152.0,13152.0,13158.0,13147.0,13158.0,1104
2026-04-28 08:28:00+00:00,13157.0,13157.0,13160.0,13149.0,13149.0,326
2026-04-28 08:29:00+00:00,13160.0,13160.0,13160.0,13155.0,13155.0,131
2026-04-28 08:30:00+00:00,13150.0,13150.0,13158.0,13150.0,13158.0,267
2026-04-28 08:31:00+00:00,13155.0,13155.0,13155.0,13148.0,13148.0,128
2026-04-28 08:32:00+00:00,13155.0,13155.0,13155.0,13151.0,13151.0,152
2026-04-28 08:33:00+00:00,13155.0,13155.0,13156.0,13152.0,13155.0,114
2026-04-28 08:34:00+00:00,13161.0,13161.0,13161.0,13151.0,13151.0,483
2026-04-28 08:35:00+00:00,13147.0,13147.0,13161.0,13146.0,13161.0,1214
2026-04-28 08:36:00+00:00,13161.0,13161.0,13161.0,13144.0,13146.0,597
2026-04-28 08:37:00+00:00,13169.0,13169.0,13175.0,13156.0,13156.0,3291
2026-04-28 08:38:00+00:00,13175.0,13175.0,13178.0,13170.0,13170.0,612
2026-04-28 08:39:00+00:00,13180.0,13180.0,13184.0,13175.0,13178.0,1024
2026-04-28 08:40:00+00:00,13166.0,13166.0,13184.0,13166.0,13184.0,1975
2026-04-28 08:41:00+00:00,13172.0,13172.0,13172.0,13164.0,13171.0,143
2026-04-28 08:42:00+00:00,13185.0,13185.0,13185.0,13172.0,13172.0,1933
2026-04-28 08:43:00+00:00,13190.0,13190.0,13190.0,13183.0,13185.0,1436
2026-04-28 08:44:00+00:00,13176.0,13176.0,13188.0,13176.0,13186.0,515
2026-04-28 08:45:00+00:00,13179.0,13179.0,13179.0,13173.0,13176.0,297
2026-04-28 08:46:00+00:00,13175.0,13175.0,13175.0,13172.0,13174.0,257
2026-04-28 08:47:00+00:00,13176.0,13176.0,13177.0,13171.0,13174.0,191
2026-04-28 08:48:00+00:00,13168.0,13168.0,13175.0,13167.0,13172.0,365
2026-04-28 08:49:00+00:00,13167.0,13167.0,13172.0,13162.0,13172.0,318
2026-04-28 08:50:00+00:00,13166.0,13166.0,13168.0,13163.0,13168.0,114
2026-04-28 08:51:00+00:00,13164.0,13164.0,13168.0,13161.0,13166.0,401
2026-04-28 08:52:00+00:00,13173.0,13173.0,13173.0,13164.0,13164.0,253
2026-04-28 08:53:00+00:00,13177.0,13177.0,13177.0,13169.0,13169.0,509
2026-04-28 08:54:00+00:00,13174.0,13174.0,13175.0,13168.0,13175.0,344
2026-04-28 08:55:00+00:00,13169.0,13169.0,13174.0,13165.0,13174.0,235
2026-04-28 08:56:00+00:00,13160.0,13160.0,13164.0,13153.0,13163.0,531
2026-04-28 08:57:00+00:00,13157.0,13157.0,13158.0,13152.0,13153.0,158
2026-04-28 08:58:00+00:00,13146.0,13146.0,13158.0,13146.0,13152.0,1067
2026-04-28 08:59:00+00:00,13143.0,13143.0,13151.0,13142.0,13148.0,862
2026-04-28 09:00:00+00:00,13151.0,13151.0,13151.0,13140.0,13147.0,371
2026-04-28 09:01:00+00:00,13167.0,13167.0,13167.0,13147.0,13147.0,875
2026-04-28 09:02:00+00:00,13159.0,13159.0,13167.0,13157.0,13161.0,1626
2026-04-28 09:03:00+00:00,13165.0,13165.0,13165.0,13155.0,13155.0,101
2026-04-28 09:04:00+00:00,13161.0,13161.0,13167.0,13156.0,13160.0,232
2026-04-28 09:05:00+00:00,13154.0,13154.0,13162.0,13152.0,13162.0,309
2026-04-28 09:06:00+00:00,13160.0,13160.0,13163.0,13154.0,13154.0,202
2026-04-28 09:07:00+00:00,13160.0,13160.0,13162.0,13159.0,13162.0,167
2026-04-28 09:08:00+00:00,13167.0,13167.0,13167.0,13160.0,13162.0,269
2026-04-28 09:09:00+00:00,13163.0,13163.0,13166.0,13159.0,13160.0,272
2026-04-28 09:10:00+00:00,13162.0,13162.0,13165.0,13157.0,13160.0,303
2026-04-28 09:11:00+00:00,13052.0,13052.0,13160.0,13010.0,13153.0,19472
2026-04-28 09:12:00+00:00,13034.0,13034.0,13085.0,12980.0,13082.0,11863
2026-04-28 09:13:00+00:00,12935.0,12935.0,13050.0,12908.0,13026.0,19045
2026-04-28 09:14:00+00:00,12989.0,12989.0,12989.0,12916.0,12936.0,16334
2026-04-28 09:15:00+00:00,12947.0,12947.0,12964.0,12864.0,12960.0,24484
2026-04-28 09:16:00+00:00,12962.0,12962.0,12995.0,12933.0,12941.0,16828
2026-04-28 09:17:00+00:00,12918.0,12918.0,12969.0,12911.0,12965.0,17135
2026-04-28 09:18:00+00:00,12962.0,12962.0,12965.0,12920.0,12920.0,10943
2026-04-28 09:19:00+00:00,12981.0,12981.0,12988.0,12942.0,12957.0,28127
2026-04-28 09:20:00+00:00,12987.0,12987.0,12987.0,12950.0,12983.0,21573
2026-04-28 09:21:00+00:00,12972.0,12972.0,13009.0,12972.0,12990.0,16188
2026-04-28 09:22:00+00:00,12960.0,12960.0,12976.0,12908.0,12969.0,12786
2026-04-28 09:23:00+00:00,12959.0,12959.0,12973.0,12942.0,12957.0,5287
2026-04-28 09:24:00+00:00,12942.0,12942.0,12960.0,12930.0,12956.0,4209
2026-04-28 09:25:00+00:00,12928.0,12928.0,12937.0,12911.0,12936.0,9087
2026-04-28 09:26:00+00:00,12946.0,12946.0,12959.0,12922.0,12935.0,8434
2026-04-28 09:27:00+00:00,12955.0,12955.0,12958.0,12943.0,12943.0,3540
2026-04-28 09:28:00+00:00,12967.0,12967.0,12978.0,12956.0,12959.0,9809
2026-04-28 09:29:00+00:00,12951.0,12951.0,12974.0,12941.0,12967.0,4843
2026-04-28 09:30:00+00:00,12937.0,12937.0,12953.0,12925.0,12950.0,8554
2026-04-28 09:31:00+00:00,12899.0,12899.0,12939.0,12895.0,12939.0,21456
2026-04-28 09:32:00+00:00,12849.0,12849.0,12908.0,12841.0,12895.0,18022
2026-04-28 09:33:00+00:00,12850.0,12850.0,12889.0,12850.0,12854.0,13639
2026-04-28 09:34:00+00:00,12873.0,12873.0,12884.0,12853.0,12853.0,21862
2026-04-28 09:35:00+00:00,12870.0,12870.0,12876.0,12854.0,12876.0,11594
2026-04-28 09:36:00+00:00,12900.0,12900.0,12906.0,12865.0,12869.0,17611
2026-04-28 09:37:00+00:00,12923.0,12923.0,12923.0,12899.0,12902.0,11186
2026-04-28 09:38:00+00:00,12898.0,12898.0,12938.0,12898.0,12925.0,11133
2026-04-28 09:39:00+00:00,12900.0,12900.0,12906.0,12890.0,12899.0,10588
2026-04-28 09:40:00+00:00,12927.0,12927.0,12934.0,12901.0,12901.0,9925
2026-04-28 09:41:00+00:00,12910.0,12910.0,12926.0,12904.0,12926.0,7690
2026-04-28 09:42:00+00:00,12934.0,12934.0,12936.0,12909.0,12912.0,7751
2026-04-28 09:43:00+00:00,12918.0,12918.0,12938.0,12914.0,12938.0,12375
2026-04-28 09:44:00+00:00,12899.0,12899.0,12921.0,12896.0,12920.0,6440
2026-04-28 09:45:00+00:00,12893.0,12893.0,12902.0,12885.0,12902.0,11438
2026-04-28 09:46:00+00:00,12912.0,12912.0,12920.0,12894.0,12895.0,7986
2026-04-28 09:47:00+00:00,12910.0,12910.0,12919.0,12904.0,12918.0,6057
2026-04-28 09:48:00+00:00,12893.0,12893.0,12911.0,12887.0,12911.0,7475
2026-04-28 09:49:00+00:00,12886.0,12886.0,12893.0,12875.0,12893.0,6021
2026-04-28 09:50:00+00:00,12885.0,12885.0,12898.0,12880.0,12885.0,7133
2026-04-28 09:51:00+00:00,12873.0,12873.0,12890.0,12873.0,12886.0,4533
2026-04-28 09:52:00+00:00,12872.0,12872.0,12880.0,12866.0,12873.0,5138
2026-04-28 09:53:00+00:00,12856.0,12856.0,12874.0,12848.0,12872.0,11970
2026-04-28 09:54:00+00:00,12865.0,12865.0,12868.0,12846.0,12856.0,7582
2026-04-28 09:55:00+00:00,12848.0,12848.0,12871.0,12845.0,12865.0,5464
2026-04-28 09:56:00+00:00,12840.0,12840.0,12848.0,12832.0,12848.0,7465
2026-04-28 09:57:00+00:00,12840.0,12840.0,12846.0,12830.0,12837.0,2025
2026-04-28 09:58:00+00:00,12880.0,12880.0,12880.0,12838.0,12840.0,19351
2026-04-28 09:59:00+00:00,12892.0,12892.0,12905.0,12848.0,12885.0,17291
2026-04-29 03:45:00+00:00,13187.0,13187.0,13329.0,13103.0,13103.0,0
2026-04-29 03:46:00+00:00,13351.0,13351.0,13372.0,13175.0,13186.0,20782
2026-04-29 03:47:00+00:00,13401.0,13401.0,13425.0,13345.0,13347.0,22950
2026-04-29 03:48:00+00:00,13401.0,13401.0,13439.0,13391.0,13398.0,19167
2026-04-29 03:49:00+00:00,13376.0,13376.0,13400.0,13360.0,13395.0,6010
2026-04-29 03:50:00+00:00,13450.0,13450.0,13450.0,13371.0,13377.0,9707
2026-04-29 03:51:00+00:00,13429.0,13429.0,13447.0,13401.0,13447.0,9493
2026-04-29 03:52:00+00:00,13402.0,13402.0,13440.0,13395.0,13424.0,7199
2026-04-29 03:53:00+00:00,13379.0,13379.0,13422.0,13356.0,13410.0,11069
2026-04-29 03:54:00+00:00,13437.0,13437.0,13440.0,13370.0,13389.0,8006
2026-04-29 03:55:00+00:00,13415.0,13415.0,13432.0,13411.0,13425.0,4949
2026-04-29 03:56:00+00:00,13452.0,13452.0,13455.0,13401.0,13415.0,12250
2026-04-29 03:57:00+00:00,13422.0,13422.0,13470.0,13421.0,13454.0,5873
2026-04-29 03:58:00+00:00,13387.0,13387.0,13425.0,13380.0,13420.0,3597
2026-04-29 03:59:00+00:00,13406.0,13406.0,13410.0,13386.0,13386.0,1752
2026-04-29 04:00:00+00:00,13441.0,13441.0,13445.0,13410.0,13410.0,3517
2026-04-29 04:01:00+00:00,13445.0,13445.0,13448.0,13439.0,13445.0,3670
2026-04-29 04:02:00+00:00,13456.0,13456.0,13460.0,13440.0,13440.0,5229
2026-04-29 04:03:00+00:00,13430.0,13430.0,13466.0,13428.0,13452.0,4952
2026-04-29 04:04:00+00:00,13425.0,13425.0,13441.0,13421.0,13433.0,2156
2026-04-29 04:05:00+00:00,13425.0,13425.0,13450.0,13425.0,13425.0,1649
2026-04-29 04:06:00+00:00,13442.0,13442.0,13448.0,13426.0,13432.0,1896
2026-04-29 04:07:00+00:00,13450.0,13450.0,13450.0,13436.0,13442.0,2101
2026-04-29 04:08:00+00:00,13444.0,13444.0,13450.0,13436.0,13449.0,1398
2026-04-29 04:09:00+00:00,13435.0,13435.0,13445.0,13426.0,13445.0,1825
2026-04-29 04:10:00+00:00,13441.0,13441.0,13448.0,13432.0,13432.0,2742
2026-04-29 04:11:00+00:00,13439.0,13439.0,13452.0,13435.0,13438.0,3089
2026-04-29 04:12:00+00:00,13439.0,13439.0,13447.0,13435.0,13439.0,2417
2026-04-29 04:13:00+00:00,13443.0,13443.0,13465.0,13440.0,13440.0,3357
2026-04-29 04:14:00+00:00,13484.0,13484.0,13490.0,13447.0,13448.0,8284
2026-04-29 04:15:00+00:00,13471.0,13471.0,13490.0,13470.0,13485.0,3834
2026-04-29 04:16:00+00:00,13481.0,13481.0,13484.0,13469.0,13471.0,2771
2026-04-29 04:17:00+00:00,13481.0,13481.0,13493.0,13473.0,13483.0,4820
2026-04-29 04:18:00+00:00,13480.0,13480.0,13492.0,13473.0,13487.0,4024
2026-04-29 04:19:00+00:00,13482.0,13482.0,13491.0,13481.0,13482.0,2055
2026-04-29 04:20:00+00:00,13517.0,13517.0,13519.0,13479.0,13487.0,9175
2026-04-29 04:21:00+00:00,13503.0,13503.0,13525.0,13502.0,13518.0,6958
2026-04-29 04:22:00+00:00,13510.0,13510.0,13515.0,13501.0,13505.0,2568
2026-04-29 04:23:00+00:00,13504.0,13504.0,13510.0,13492.0,13510.0,3217
2026-04-29 04:24:00+00:00,13528.0,13528.0,13536.0,13509.0,13510.0,7304
2026-04-29 04:25:00+00:00,13534.0,13534.0,13536.0,13523.0,13529.0,2592
2026-04-29 04:26:00+00:00,13508.0,13508.0,13535.0,13505.0,13534.0,2893
2026-04-29 04:27:00+00:00,13487.0,13487.0,13515.0,13465.0,13512.0,6860
2026-04-29 04:28:00+00:00,13493.0,13493.0,13514.0,13484.0,13490.0,1941
2026-04-29 04:29:00+00:00,13498.0,13498.0,13500.0,13493.0,13499.0,868
2026-04-29 04:30:00+00:00,13510.0,13510.0,13521.0,13497.0,13497.0,3010
2026-04-29 04:31:00+00:00,13495.0,13495.0,13513.0,13495.0,13508.0,1619
2026-04-29 04:32:00+00:00,13488.0,13488.0,13498.0,13483.0,13498.0,1731
2026-04-29 04:33:00+00:00,13487.0,13487.0,13500.0,13481.0,13492.0,2492
2026-04-29 04:34:00+00:00,13481.0,13481.0,13487.0,13477.0,13481.0,1200
2026-04-29 04:35:00+00:00,13465.0,13465.0,13483.0,13443.0,13481.0,6956
2026-04-29 04:36:00+00:00,13478.0,13478.0,13478.0,13462.0,13464.0,1542
2026-04-29 04:37:00+00:00,13475.0,13475.0,13492.0,13474.0,13474.0,2350
2026-04-29 04:38:00+00:00,13475.0,13475.0,13492.0,13470.0,13475.0,1337
2026-04-29 04:39:00+00:00,13484.0,13484.0,13485.0,13475.0,13475.0,965
2026-04-29 04:40:00+00:00,13485.0,13485.0,13490.0,13480.0,13485.0,1759
2026-04-29 04:41:00+00:00,13489.0,13489.0,13499.0,13485.0,13485.0,958
2026-04-29 04:42:00+00:00,13490.0,13490.0,13499.0,13488.0,13492.0,960
2026-04-29 04:43:00+00:00,13486.0,13486.0,13494.0,13485.0,13490.0,451
2026-04-29 04:44:00+00:00,13489.0,13489.0,13491.0,13485.0,13486.0,807
2026-04-29 04:45:00+00:00,13496.0,13496.0,13497.0,13488.0,13489.0,1230
2026-04-29 04:46:00+00:00,13494.0,13494.0,13498.0,13491.0,13493.0,1100
2026-04-29 04:47:00+00:00,13494.0,13494.0,13498.0,13491.0,13492.0,781
2026-04-29 04:48:00+00:00,13477.0,13477.0,13495.0,13472.0,13491.0,2526
2026-04-29 04:49:00+00:00,13475.0,13475.0,13478.0,13469.0,13477.0,1202
2026-04-29 04:50:00+00:00,13490.0,13490.0,13492.0,13469.0,13469.0,3067
2026-04-29 04:51:00+00:00,13487.0,13487.0,13494.0,13474.0,13490.0,4336
2026-04-29 04:52:00+00:00,13484.0,13484.0,13487.0,13482.0,13482.0,571
2026-04-29 04:53:00+00:00,13484.0,13484.0,13487.0,13475.0,13485.0,1110
2026-04-29 04:54:00+00:00,13472.0,13472.0,13483.0,13469.0,13482.0,1043
2026-04-29 04:55:00+00:00,13482.0,13482.0,13482.0,13459.0,13474.0,1909
2026-04-29 04:56:00+00:00,13485.0,13485.0,13485.0,13475.0,13480.0,1417
2026-04-29 04:57:00+00:00,13481.0,13481.0,13483.0,13477.0,13478.0,685
2026-04-29 04:58:00+00:00,13485.0,13485.0,13485.0,13477.0,13481.0,911
2026-04-29 04:59:00+00:00,13465.0,13465.0,13485.0,13463.0,13485.0,2065
2026-04-29 05:00:00+00:00,13456.0,13456.0,13470.0,13452.0,13465.0,1929
2026-04-29 05:01:00+00:00,13456.0,13456.0,13468.0,13454.0,13457.0,938
2026-04-29 05:02:00+00:00,13473.0,13473.0,13473.0,13456.0,13456.0,1009
2026-04-29 05:03:00+00:00,13471.0,13471.0,13485.0,13470.0,13473.0,2134
2026-04-29 05:04:00+00:00,13472.0,13472.0,13482.0,13470.0,13471.0,1759
2026-04-29 05:05:00+00:00,13469.0,13469.0,13472.0,13466.0,13472.0,1133
2026-04-29 05:06:00+00:00,13480.0,13480.0,13480.0,13465.0,13465.0,1128
2026-04-29 05:07:00+00:00,13490.0,13490.0,13490.0,13475.0,13475.0,2029
2026-04-29 05:08:00+00:00,13479.0,13479.0,13491.0,13479.0,13490.0,1166
2026-04-29 05:09:00+00:00,13479.0,13479.0,13488.0,13476.0,13481.0,1142
2026-04-29 05:10:00+00:00,13460.0,13460.0,13482.0,13459.0,13482.0,1647
2026-04-29 05:11:00+00:00,13465.0,13465.0,13469.0,13459.0,13459.0,923
2026-04-29 05:12:00+00:00,13459.0,13459.0,13468.0,13458.0,13465.0,1064
2026-04-29 05:13:00+00:00,13460.0,13460.0,13465.0,13455.0,13456.0,1233
2026-04-29 05:14:00+00:00,13457.0,13457.0,13465.0,13452.0,13461.0,1920
2026-04-29 05:15:00+00:00,13441.0,13441.0,13455.0,13435.0,13452.0,5021
2026-04-29 05:16:00+00:00,13437.0,13437.0,13446.0,13437.0,13440.0,1745
2026-04-29 05:17:00+00:00,13435.0,13435.0,13440.0,13432.0,13436.0,1806
2026-04-29 05:18:00+00:00,13433.0,13433.0,13440.0,13430.0,13439.0,1265
2026-04-29 05:19:00+00:00,13414.0,13414.0,13434.0,13411.0,13432.0,3987
2026-04-29 05:20:00+00:00,13428.0,13428.0,13430.0,13414.0,13414.0,1086
2026-04-29 05:21:00+00:00,13439.0,13439.0,13444.0,13428.0,13428.0,2658
2026-04-29 05:22:00+00:00,13431.0,13431.0,13440.0,13426.0,13440.0,1244
2026-04-29 05:23:00+00:00,13436.0,13436.0,13438.0,13428.0,13430.0,962
2026-04-29 05:24:00+00:00,13440.0,13440.0,13440.0,13430.0,13434.0,519
2026-04-29 05:25:00+00:00,13423.0,13423.0,13439.0,13423.0,13439.0,2102
2026-04-29 05:26:00+00:00,13433.0,13433.0,13435.0,13416.0,13422.0,3841
2026-04-29 05:27:00+00:00,13460.0,13460.0,13460.0,13442.0,13445.0,1813
2026-04-29 05:28:00+00:00,13459.0,13459.0,13468.0,13454.0,13462.0,1638
2026-04-29 05:29:00+00:00,13467.0,13467.0,13467.0,13457.0,13463.0,581
2026-04-29 05:30:00+00:00,13470.0,13470.0,13480.0,13467.0,13468.0,2703
2026-04-29 05:31:00+00:00,13470.0,13470.0,13471.0,13465.0,13467.0,1057
2026-04-29 05:32:00+00:00,13477.0,13477.0,13492.0,13470.0,13470.0,6929
2026-04-29 05:33:00+00:00,13480.0,13480.0,13485.0,13474.0,13478.0,1317
2026-04-29 05:34:00+00:00,13473.0,13473.0,13485.0,13473.0,13485.0,798
2026-04-29 05:35:00+00:00,13478.0,13478.0,13479.0,13474.0,13476.0,449
2026-04-29 05:36:00+00:00,13469.0,13469.0,13478.0,13469.0,13477.0,973
2026-04-29 05:37:00+00:00,13479.0,13479.0,13480.0,13470.0,13473.0,697
2026-04-29 05:38:00+00:00,13480.0,13480.0,13483.0,13475.0,13475.0,595
2026-04-29 05:39:00+00:00,13483.0,13483.0,13484.0,13480.0,13480.0,448
2026-04-29 05:40:00+00:00,13472.0,13472.0,13489.0,13472.0,13483.0,2284
2026-04-29 05:41:00+00:00,13475.0,13475.0,13476.0,13470.0,13472.0,585
2026-04-29 05:42:00+00:00,13475.0,13475.0,13477.0,13472.0,13473.0,813
2026-04-29 05:43:00+00:00,13478.0,13478.0,13478.0,13473.0,13473.0,425
2026-04-29 05:44:00+00:00,13478.0,13478.0,13478.0,13477.0,13478.0,329
2026-04-29 05:45:00+00:00,13482.0,13482.0,13487.0,13480.0,13487.0,1625
2026-04-29 05:46:00+00:00,13478.0,13478.0,13484.0,13473.0,13482.0,1606
2026-04-29 05:47:00+00:00,13473.0,13473.0,13478.0,13473.0,13476.0,292
2026-04-29 05:48:00+00:00,13475.0,13475.0,13476.0,13473.0,13473.0,337
2026-04-29 05:49:00+00:00,13477.0,13477.0,13477.0,13474.0,13474.0,583
2026-04-29 05:50:00+00:00,13476.0,13476.0,13478.0,13473.0,13478.0,427
2026-04-29 05:51:00+00:00,13478.0,13478.0,13478.0,13475.0,13476.0,225
2026-04-29 05:52:00+00:00,13475.0,13475.0,13478.0,13474.0,13475.0,622
2026-04-29 05:53:00+00:00,13470.0,13470.0,13476.0,13470.0,13475.0,817
2026-04-29 05:54:00+00:00,13465.0,13465.0,13467.0,13458.0,13467.0,1357
2026-04-29 05:55:00+00:00,13469.0,13469.0,13471.0,13458.0,13459.0,836
2026-04-29 05:56:00+00:00,13460.0,13460.0,13473.0,13457.0,13473.0,819
2026-04-29 05:57:00+00:00,13450.0,13450.0,13459.0,13447.0,13458.0,1542
2026-04-29 05:58:00+00:00,13453.0,13453.0,13454.0,13447.0,13450.0,621
2026-04-29 05:59:00+00:00,13452.0,13452.0,13454.0,13452.0,13453.0,283
2026-04-29 06:00:00+00:00,13452.0,13452.0,13454.0,13450.0,13452.0,414
2026-04-29 06:01:00+00:00,13450.0,13450.0,13454.0,13449.0,13450.0,947
2026-04-29 06:02:00+00:00,13451.0,13451.0,13455.0,13446.0,13450.0,954
2026-04-29 06:03:00+00:00,13468.0,13468.0,13473.0,13446.0,13446.0,1741
2026-04-29 06:04:00+00:00,13465.0,13465.0,13474.0,13465.0,13472.0,548
2026-04-29 06:05:00+00:00,13466.0,13466.0,13469.0,13464.0,13464.0,284
2026-04-29 06:06:00+00:00,13477.0,13477.0,13479.0,13466.0,13466.0,1379
2026-04-29 06:07:00+00:00,13470.0,13470.0,13475.0,13469.0,13471.0,469
2026-04-29 06:08:00+00:00,13463.0,13463.0,13472.0,13455.0,13470.0,768
2026-04-29 06:09:00+00:00,13457.0,13457.0,13464.0,13456.0,13460.0,509
2026-04-29 06:10:00+00:00,13462.0,13462.0,13465.0,13458.0,13461.0,593
2026-04-29 06:11:00+00:00,13464.0,13464.0,13464.0,13460.0,13462.0,237
2026-04-29 06:12:00+00:00,13463.0,13463.0,13464.0,13461.0,13463.0,218
2026-04-29 06:13:00+00:00,13462.0,13462.0,13465.0,13462.0,13463.0,463
2026-04-29 06:14:00+00:00,13461.0,13461.0,13465.0,13461.0,13463.0,220
2026-04-29 06:15:00+00:00,13458.0,13458.0,13460.0,13453.0,13453.0,1211
2026-04-29 06:16:00+00:00,13451.0,13451.0,13457.0,13450.0,13455.0,250
2026-04-29 06:17:00+00:00,13450.0,13450.0,13452.0,13445.0,13450.0,1019
2026-04-29 06:18:00+00:00,13449.0,13449.0,13453.0,13446.0,13450.0,480
2026-04-29 06:19:00+00:00,13454.0,13454.0,13454.0,13449.0,13452.0,765
2026-04-29 06:20:00+00:00,13454.0,13454.0,13454.0,13452.0,13452.0,251
2026-04-29 06:21:00+00:00,13447.0,13447.0,13453.0,13447.0,13452.0,382
2026-04-29 06:22:00+00:00,13447.0,13447.0,13452.0,13446.0,13450.0,270
2026-04-29 06:23:00+00:00,13452.0,13452.0,13452.0,13447.0,13450.0,407
2026-04-29 06:24:00+00:00,13451.0,13451.0,13452.0,13447.0,13451.0,323
2026-04-29 06:25:00+00:00,13451.0,13451.0,13452.0,13446.0,13450.0,614
2026-04-29 06:26:00+00:00,13451.0,13451.0,13452.0,13446.0,13451.0,476
2026-04-29 06:27:00+00:00,13452.0,13452.0,13452.0,13447.0,13447.0,381
2026-04-29 06:28:00+00:00,13454.0,13454.0,13454.0,13447.0,13453.0,3024
2026-04-29 06:29:00+00:00,13455.0,13455.0,13455.0,13450.0,13453.0,286
2026-04-29 06:30:00+00:00,13456.0,13456.0,13456.0,13454.0,13454.0,218
2026-04-29 06:31:00+00:00,13455.0,13455.0,13457.0,13455.0,13455.0,236
2026-04-29 06:32:00+00:00,13452.0,13452.0,13458.0,13450.0,13457.0,466
2026-04-29 06:33:00+00:00,13456.0,13456.0,13456.0,13451.0,13452.0,419
2026-04-29 06:34:00+00:00,13455.0,13455.0,13456.0,13452.0,13455.0,229
2026-04-29 06:35:00+00:00,13469.0,13469.0,13469.0,13455.0,13456.0,1104
2026-04-29 06:36:00+00:00,13465.0,13465.0,13469.0,13464.0,13464.0,312
2026-04-29 06:37:00+00:00,13471.0,13471.0,13475.0,13464.0,13465.0,1046
2026-04-29 06:38:00+00:00,13480.0,13480.0,13480.0,13471.0,13475.0,1109
2026-04-29 06:39:00+00:00,13475.0,13475.0,13480.0,13475.0,13476.0,1085
2026-04-29 06:40:00+00:00,13480.0,13480.0,13485.0,13475.0,13475.0,1114
2026-04-29 06:41:00+00:00,13491.0,13491.0,13492.0,13483.0,13484.0,2211
2026-04-29 06:42:00+00:00,13515.0,13515.0,13520.0,13485.0,13490.0,7731
2026-04-29 06:43:00+00:00,13512.0,13512.0,13519.0,13510.0,13519.0,1681
2026-04-29 06:44:00+00:00,13510.0,13510.0,13521.0,13501.0,13512.0,2995
2026-04-29 06:45:00+00:00,13509.0,13509.0,13510.0,13499.0,13508.0,4832
2026-04-29 06:46:00+00:00,13540.0,13540.0,13545.0,13509.0,13509.0,10958
2026-04-29 06:47:00+00:00,13540.0,13540.0,13542.0,13533.0,13538.0,2091
2026-04-29 06:48:00+00:00,13544.0,13544.0,13548.0,13540.0,13541.0,2669
2026-04-29 06:49:00+00:00,13536.0,13536.0,13544.0,13535.0,13544.0,1564
2026-04-29 06:50:00+00:00,13524.0,13524.0,13539.0,13516.0,13539.0,5021
2026-04-29 06:51:00+00:00,13525.0,13525.0,13530.0,13521.0,13522.0,664
2026-04-29 06:52:00+00:00,13526.0,13526.0,13528.0,13521.0,13524.0,662
2026-04-29 06:53:00+00:00,13525.0,13525.0,13529.0,13521.0,13522.0,2055
2026-04-29 06:54:00+00:00,13526.0,13526.0,13529.0,13522.0,13523.0,2180
2026-04-29 06:55:00+00:00,13522.0,13522.0,13525.0,13522.0,13523.0,1230
2026-04-29 06:56:00+00:00,13520.0,13520.0,13523.0,13518.0,13522.0,1025
2026-04-29 06:57:00+00:00,13519.0,13519.0,13520.0,13517.0,13518.0,405
2026-04-29 06:58:00+00:00,13516.0,13516.0,13518.0,13512.0,13517.0,778
2026-04-29 06:59:00+00:00,13517.0,13517.0,13520.0,13514.0,13518.0,739
2026-04-29 07:00:00+00:00,13511.0,13511.0,13516.0,13510.0,13515.0,490
2026-04-29 07:01:00+00:00,13511.0,13511.0,13511.0,13508.0,13511.0,2130
2026-04-29 07:02:00+00:00,13511.0,13511.0,13512.0,13506.0,13508.0,1023
2026-04-29 07:03:00+00:00,13505.0,13505.0,13514.0,13505.0,13510.0,3885
2026-04-29 07:04:00+00:00,13504.0,13504.0,13509.0,13503.0,13508.0,895
2026-04-29 07:05:00+00:00,13504.0,13504.0,13504.0,13503.0,13504.0,1922
2026-04-29 07:06:00+00:00,13496.0,13496.0,13508.0,13487.0,13504.0,2431
2026-04-29 07:07:00+00:00,13502.0,13502.0,13502.0,13492.0,13496.0,967
2026-04-29 07:08:00+00:00,13507.0,13507.0,13513.0,13502.0,13503.0,926
2026-04-29 07:09:00+00:00,13503.0,13503.0,13506.0,13499.0,13506.0,392
2026-04-29 07:10:00+00:00,13502.0,13502.0,13503.0,13499.0,13499.0,266
2026-04-29 07:11:00+00:00,13501.0,13501.0,13502.0,13496.0,13497.0,527
2026-04-29 07:12:00+00:00,13498.0,13498.0,13501.0,13496.0,13497.0,209
2026-04-29 07:13:00+00:00,13498.0,13498.0,13499.0,13496.0,13498.0,234
2026-04-29 07:14:00+00:00,13494.0,13494.0,13500.0,13494.0,13499.0,4073
2026-04-29 07:15:00+00:00,13489.0,13489.0,13495.0,13482.0,13494.0,952
2026-04-29 07:16:00+00:00,13489.0,13489.0,13493.0,13484.0,13489.0,446
2026-04-29 07:17:00+00:00,13490.0,13490.0,13490.0,13485.0,13488.0,530
2026-04-29 07:18:00+00:00,13490.0,13490.0,13491.0,13486.0,13490.0,402
2026-04-29 07:19:00+00:00,13489.0,13489.0,13490.0,13486.0,13490.0,317
2026-04-29 07:20:00+00:00,13494.0,13494.0,13494.0,13485.0,13485.0,597
2026-04-29 07:21:00+00:00,13494.0,13494.0,13494.0,13491.0,13494.0,199
2026-04-29 07:22:00+00:00,13499.0,13499.0,13499.0,13493.0,13494.0,749
2026-04-29 07:23:00+00:00,13490.0,13490.0,13499.0,13486.0,13499.0,701
2026-04-29 07:24:00+00:00,13485.0,13485.0,13490.0,13484.0,13486.0,450
2026-04-29 07:25:00+00:00,13493.0,13493.0,13493.0,13484.0,13484.0,579
2026-04-29 07:26:00+00:00,13493.0,13493.0,13496.0,13490.0,13493.0,305
2026-04-29 07:27:00+00:00,13495.0,13495.0,13495.0,13490.0,13493.0,263
2026-04-29 07:28:00+00:00,13495.0,13495.0,13496.0,13491.0,13494.0,301
2026-04-29 07:29:00+00:00,13494.0,13494.0,13495.0,13492.0,13494.0,270
2026-04-29 07:30:00+00:00,13489.0,13489.0,13492.0,13486.0,13490.0,556
2026-04-29 07:31:00+00:00,13488.0,13488.0,13490.0,13482.0,13489.0,492
2026-04-29 07:32:00+00:00,13488.0,13488.0,13488.0,13486.0,13488.0,261
2026-04-29 07:33:00+00:00,13490.0,13490.0,13493.0,13486.0,13486.0,483
2026-04-29 07:34:00+00:00,13478.0,13478.0,13493.0,13478.0,13488.0,2376
2026-04-29 07:35:00+00:00,13484.0,13484.0,13485.0,13478.0,13485.0,379
2026-04-29 07:36:00+00:00,13485.0,13485.0,13487.0,13481.0,13484.0,312
2026-04-29 07:37:00+00:00,13487.0,13487.0,13488.0,13480.0,13485.0,806
2026-04-29 07:38:00+00:00,13488.0,13488.0,13490.0,13482.0,13482.0,799
2026-04-29 07:39:00+00:00,13484.0,13484.0,13488.0,13481.0,13488.0,274
2026-04-29 07:40:00+00:00,13467.0,13467.0,13478.0,13460.0,13475.0,5858
2026-04-29 07:41:00+00:00,13465.0,13465.0,13471.0,13459.0,13471.0,1473
2026-04-29 07:42:00+00:00,13452.0,13452.0,13468.0,13452.0,13465.0,1609
2026-04-29 07:43:00+00:00,13440.0,13440.0,13456.0,13434.0,13453.0,4372
2026-04-29 07:44:00+00:00,13429.0,13429.0,13445.0,13421.0,13444.0,3174
2026-04-29 07:45:00+00:00,13410.0,13410.0,13431.0,13392.0,13426.0,9428
2026-04-29 07:46:00+00:00,13426.0,13426.0,13426.0,13410.0,13410.0,2205
2026-04-29 07:47:00+00:00,13426.0,13426.0,13433.0,13421.0,13426.0,1980
2026-04-29 07:48:00+00:00,13419.0,13419.0,13432.0,13416.0,13431.0,2950
2026-04-29 07:49:00+00:00,13416.0,13416.0,13424.0,13411.0,13419.0,1030
2026-04-29 07:50:00+00:00,13416.0,13416.0,13420.0,13412.0,13415.0,812
2026-04-29 07:51:00+00:00,13400.0,13400.0,13419.0,13390.0,13413.0,5120
2026-04-29 07:52:00+00:00,13390.0,13390.0,13400.0,13387.0,13393.0,2297
2026-04-29 07:53:00+00:00,13387.0,13387.0,13400.0,13380.0,13395.0,3611
2026-04-29 07:54:00+00:00,13403.0,13403.0,13403.0,13380.0,13382.0,2170
2026-04-29 07:55:00+00:00,13397.0,13397.0,13403.0,13390.0,13395.0,765
2026-04-29 07:56:00+00:00,13395.0,13395.0,13397.0,13385.0,13396.0,907
2026-04-29 07:57:00+00:00,13395.0,13395.0,13397.0,13390.0,13392.0,601
2026-04-29 07:58:00+00:00,13391.0,13391.0,13397.0,13386.0,13394.0,781
2026-04-29 07:59:00+00:00,13387.0,13387.0,13392.0,13386.0,13391.0,722
2026-04-29 08:00:00+00:00,13388.0,13388.0,13392.0,13382.0,13382.0,901
2026-04-29 08:01:00+00:00,13395.0,13395.0,13395.0,13388.0,13388.0,762
2026-04-29 08:02:00+00:00,13387.0,13387.0,13394.0,13382.0,13394.0,1695
2026-04-29 08:03:00+00:00,13395.0,13395.0,13395.0,13382.0,13382.0,533
2026-04-29 08:04:00+00:00,13390.0,13390.0,13395.0,13382.0,13392.0,854
2026-04-29 08:05:00+00:00,13388.0,13388.0,13392.0,13385.0,13385.0,442
2026-04-29 08:06:00+00:00,13380.0,13380.0,13386.0,13371.0,13386.0,6729
2026-04-29 08:07:00+00:00,13387.0,13387.0,13395.0,13372.0,13374.0,1083
2026-04-29 08:08:00+00:00,13379.0,13379.0,13393.0,13372.0,13387.0,1721
2026-04-29 08:09:00+00:00,13374.0,13374.0,13380.0,13371.0,13372.0,1135
2026-04-29 08:10:00+00:00,13370.0,13370.0,13377.0,13364.0,13374.0,2583
2026-04-29 08:11:00+00:00,13328.0,13328.0,13370.0,13323.0,13370.0,7511
2026-04-29 08:12:00+00:00,13338.0,13338.0,13346.0,13329.0,13329.0,1277
2026-04-29 08:13:00+00:00,13325.0,13325.0,13344.0,13320.0,13343.0,1488
2026-04-29 08:14:00+00:00,13326.0,13326.0,13335.0,13320.0,13325.0,1699
2026-04-29 08:15:00+00:00,13324.0,13324.0,13330.0,13318.0,13321.0,2454
2026-04-29 08:16:00+00:00,13318.0,13318.0,13326.0,13311.0,13322.0,1471
2026-04-29 08:17:00+00:00,13326.0,13326.0,13326.0,13312.0,13314.0,915
2026-04-29 08:18:00+00:00,13319.0,13319.0,13326.0,13309.0,13326.0,1481
2026-04-29 08:19:00+00:00,13321.0,13321.0,13329.0,13318.0,13318.0,839
2026-04-29 08:20:00+00:00,13338.0,13338.0,13343.0,13324.0,13327.0,1402
2026-04-29 08:21:00+00:00,13338.0,13338.0,13344.0,13330.0,13337.0,1629
2026-04-29 08:22:00+00:00,13353.0,13353.0,13354.0,13332.0,13338.0,954
2026-04-29 08:23:00+00:00,13353.0,13353.0,13367.0,13350.0,13350.0,2670
2026-04-29 08:24:00+00:00,13347.0,13347.0,13356.0,13341.0,13355.0,1604
2026-04-29 08:25:00+00:00,13350.0,13350.0,13356.0,13346.0,13356.0,1203
2026-04-29 08:26:00+00:00,13341.0,13341.0,13354.0,13340.0,13350.0,822
2026-04-29 08:27:00+00:00,13327.0,13327.0,13348.0,13323.0,13341.0,1671
2026-04-29 08:28:00+00:00,13331.0,13331.0,13331.0,13318.0,13322.0,1121
2026-04-29 08:29:00+00:00,13316.0,13316.0,13334.0,13314.0,13328.0,1249
2026-04-29 08:30:00+00:00,13320.0,13320.0,13320.0,13315.0,13317.0,841
2026-04-29 08:31:00+00:00,13320.0,13320.0,13327.0,13315.0,13318.0,898
2026-04-29 08:32:00+00:00,13319.0,13319.0,13322.0,13315.0,13315.0,410
2026-04-29 08:33:00+00:00,13314.0,13314.0,13319.0,13311.0,13316.0,793
2026-04-29 08:34:00+00:00,13297.0,13297.0,13307.0,13289.0,13307.0,4332
2026-04-29 08:35:00+00:00,13304.0,13304.0,13311.0,13291.0,13294.0,2847
2026-04-29 08:36:00+00:00,13320.0,13320.0,13320.0,13303.0,13308.0,1474
2026-04-29 08:37:00+00:00,13323.0,13323.0,13330.0,13315.0,13320.0,994
2026-04-29 08:38:00+00:00,13331.0,13331.0,13331.0,13323.0,13327.0,581
2026-04-29 08:39:00+00:00,13329.0,13329.0,13334.0,13325.0,13332.0,506
2026-04-29 08:40:00+00:00,13327.0,13327.0,13330.0,13325.0,13330.0,454
2026-04-29 08:41:00+00:00,13329.0,13329.0,13340.0,13327.0,13327.0,1026
2026-04-29 08:42:00+00:00,13317.0,13317.0,13331.0,13315.0,13328.0,3219
2026-04-29 08:43:00+00:00,13312.0,13312.0,13316.0,13307.0,13313.0,745
2026-04-29 08:44:00+00:00,13327.0,13327.0,13329.0,13311.0,13312.0,479
2026-04-29 08:45:00+00:00,13317.0,13317.0,13325.0,13312.0,13323.0,576
2026-04-29 08:46:00+00:00,13323.0,13323.0,13327.0,13312.0,13313.0,464
2026-04-29 08:47:00+00:00,13316.0,13316.0,13326.0,13312.0,13323.0,485
2026-04-29 08:48:00+00:00,13301.0,13301.0,13320.0,13300.0,13316.0,1542
2026-04-29 08:49:00+00:00,13300.0,13300.0,13301.0,13294.0,13300.0,2422
2026-04-29 08:50:00+00:00,13294.0,13294.0,13301.0,13290.0,13300.0,784
2026-04-29 08:51:00+00:00,13289.0,13289.0,13295.0,13283.0,13290.0,873
2026-04-29 08:52:00+00:00,13295.0,13295.0,13296.0,13287.0,13289.0,936
2026-04-29 08:53:00+00:00,13315.0,13315.0,13317.0,13294.0,13294.0,690
2026-04-29 08:54:00+00:00,13314.0,13314.0,13320.0,13311.0,13311.0,484
2026-04-29 08:55:00+00:00,13300.0,13300.0,13314.0,13297.0,13314.0,1304
2026-04-29 08:56:00+00:00,13297.0,13297.0,13303.0,13293.0,13300.0,864
2026-04-29 08:57:00+00:00,13292.0,13292.0,13300.0,13290.0,13300.0,3011
2026-04-29 08:58:00+00:00,13299.0,13299.0,13299.0,13290.0,13290.0,450
2026-04-29 08:59:00+00:00,13293.0,13293.0,13300.0,13292.0,13296.0,656
2026-04-29 09:00:00+00:00,13279.0,13279.0,13287.0,13275.0,13285.0,1891
2026-04-29 09:01:00+00:00,13293.0,13293.0,13300.0,13278.0,13280.0,2202
2026-04-29 09:02:00+00:00,13298.0,13298.0,13299.0,13292.0,13295.0,340
2026-04-29 09:03:00+00:00,13296.0,13296.0,13298.0,13291.0,13293.0,375
2026-04-29 09:04:00+00:00,13291.0,13291.0,13294.0,13290.0,13291.0,340
2026-04-29 09:05:00+00:00,13286.0,13286.0,13293.0,13281.0,13293.0,552
2026-04-29 09:06:00+00:00,13288.0,13288.0,13288.0,13281.0,13281.0,769
2026-04-29 09:07:00+00:00,13280.0,13280.0,13284.0,13278.0,13283.0,1202
2026-04-29 09:08:00+00:00,13285.0,13285.0,13285.0,13276.0,13276.0,828
2026-04-29 09:09:00+00:00,13280.0,13280.0,13290.0,13276.0,13285.0,833
2026-04-29 09:10:00+00:00,13283.0,13283.0,13285.0,13277.0,13280.0,776
2026-04-29 09:11:00+00:00,13284.0,13284.0,13289.0,13283.0,13283.0,688
2026-04-29 09:12:00+00:00,13297.0,13297.0,13298.0,13284.0,13290.0,654
2026-04-29 09:13:00+00:00,13294.0,13294.0,13299.0,13291.0,13292.0,1022
2026-04-29 09:14:00+00:00,13293.0,13293.0,13297.0,13291.0,13293.0,707
2026-04-29 09:15:00+00:00,13297.0,13297.0,13297.0,13292.0,13293.0,981
2026-04-29 09:16:00+00:00,13282.0,13282.0,13296.0,13277.0,13296.0,1485
2026-04-29 09:17:00+00:00,13271.0,13271.0,13282.0,13270.0,13280.0,1219
2026-04-29 09:18:00+00:00,13280.0,13280.0,13283.0,13268.0,13272.0,1493
2026-04-29 09:19:00+00:00,13285.0,13285.0,13285.0,13275.0,13277.0,726
2026-04-29 09:20:00+00:00,13280.0,13280.0,13285.0,13272.0,13280.0,638
2026-04-29 09:21:00+00:00,13280.0,13280.0,13280.0,13274.0,13279.0,444
2026-04-29 09:22:00+00:00,13283.0,13283.0,13283.0,13276.0,13280.0,621
2026-04-29 09:23:00+00:00,13281.0,13281.0,13284.0,13279.0,13279.0,379
2026-04-29 09:24:00+00:00,13280.0,13280.0,13289.0,13280.0,13280.0,1031
2026-04-29 09:25:00+00:00,13280.0,13280.0,13283.0,13277.0,13280.0,755
2026-04-29 09:26:00+00:00,13280.0,13280.0,13281.0,13274.0,13277.0,566
2026-04-29 09:27:00+00:00,13278.0,13278.0,13279.0,13270.0,13275.0,932
2026-04-29 09:28:00+00:00,13277.0,13277.0,13279.0,13273.0,13278.0,584
2026-04-29 09:29:00+00:00,13261.0,13261.0,13274.0,13260.0,13272.0,1643
2026-04-29 09:30:00+00:00,13277.0,13277.0,13280.0,13261.0,13261.0,1627
2026-04-29 09:31:00+00:00,13277.0,13277.0,13277.0,13262.0,13277.0,2166
2026-04-29 09:32:00+00:00,13272.0,13272.0,13280.0,13272.0,13274.0,1091
2026-04-29 09:33:00+00:00,13270.0,13270.0,13275.0,13268.0,13275.0,2116
2026-04-29 09:34:00+00:00,13266.0,13266.0,13269.0,13265.0,13268.0,937
2026-04-29 09:35:00+00:00,13277.0,13277.0,13279.0,13265.0,13265.0,2837
2026-04-29 09:36:00+00:00,13275.0,13275.0,13279.0,13271.0,13274.0,1036
2026-04-29 09:37:00+00:00,13277.0,13277.0,13280.0,13273.0,13274.0,1137
2026-04-29 09:38:00+00:00,13283.0,13283.0,13289.0,13277.0,13280.0,1597
2026-04-29 09:39:00+00:00,13286.0,13286.0,13287.0,13283.0,13287.0,1467
2026-04-29 09:40:00+00:00,13273.0,13273.0,13280.0,13273.0,13280.0,1134
2026-04-29 09:41:00+00:00,13272.0,13272.0,13272.0,13266.0,13272.0,2358
2026-04-29 09:42:00+00:00,13279.0,13279.0,13284.0,13274.0,13279.0,1630
2026-04-29 09:43:00+00:00,13277.0,13277.0,13280.0,13276.0,13278.0,1646
2026-04-29 09:44:00+00:00,13281.0,13281.0,13282.0,13276.0,13279.0,1248
2026-04-29 09:45:00+00:00,13275.0,13275.0,13281.0,13275.0,13279.0,1729
2026-04-29 09:46:00+00:00,13275.0,13275.0,13282.0,13273.0,13275.0,1562
2026-04-29 09:47:00+00:00,13267.0,13267.0,13278.0,13267.0,13278.0,1635
2026-04-29 09:48:00+00:00,13266.0,13266.0,13270.0,13260.0,13268.0,2156
2026-04-29 09:49:00+00:00,13231.0,13231.0,13258.0,13227.0,13255.0,3513
2026-04-29 09:50:00+00:00,13234.0,13234.0,13237.0,13222.0,13233.0,3048
2026-04-29 09:51:00+00:00,13232.0,13232.0,13241.0,13231.0,13232.0,1621
2026-04-29 09:52:00+00:00,13225.0,13225.0,13233.0,13220.0,13232.0,1672
2026-04-29 09:53:00+00:00,13229.0,13229.0,13234.0,13214.0,13214.0,2714
2026-04-29 09:54:00+00:00,13236.0,13236.0,13242.0,13223.0,13228.0,2362
2026-04-29 09:55:00+00:00,13233.0,13233.0,13242.0,13225.0,13236.0,2460
2026-04-29 09:56:00+00:00,13237.0,13237.0,13239.0,13227.0,13234.0,1714
2026-04-29 09:57:00+00:00,13241.0,13241.0,13246.0,13226.0,13237.0,1552
2026-04-29 09:58:00+00:00,13250.0,13250.0,13250.0,13236.0,13242.0,1508
2026-04-29 09:59:00+00:00,13257.0,13257.0,13265.0,13238.0,13249.0,935
2026-04-30 03:45:00+00:00,13109.0,13109.0,13138.0,13015.0,13138.0,0
2026-04-30 03:46:00+00:00,13093.0,13093.0,13109.0,13075.0,13109.0,5377
2026-04-30 03:47:00+00:00,13094.0,13094.0,13100.0,13087.0,13091.0,4347
2026-04-30 03:48:00+00:00,13066.0,13066.0,13092.0,13066.0,13090.0,3929
2026-04-30 03:49:00+00:00,13067.0,13067.0,13083.0,13053.0,13066.0,3131
2026-04-30 03:50:00+00:00,13054.0,13054.0,13079.0,13051.0,13072.0,2363
2026-04-30 03:51:00+00:00,13030.0,13030.0,13059.0,13030.0,13055.0,3837
2026-04-30 03:52:00+00:00,13032.0,13032.0,13036.0,13020.0,13030.0,2623
2026-04-30 03:53:00+00:00,13036.0,13036.0,13051.0,13035.0,13035.0,1202
2026-04-30 03:54:00+00:00,13037.0,13037.0,13043.0,13027.0,13041.0,1562
2026-04-30 03:55:00+00:00,13065.0,13065.0,13065.0,13035.0,13035.0,1347
2026-04-30 03:56:00+00:00,13060.0,13060.0,13065.0,13060.0,13062.0,735
2026-04-30 03:57:00+00:00,13048.0,13048.0,13064.0,13045.0,13064.0,1350
2026-04-30 03:58:00+00:00,13050.0,13050.0,13053.0,13045.0,13053.0,484
2026-04-30 03:59:00+00:00,13044.0,13044.0,13048.0,13040.0,13045.0,998
2026-04-30 04:00:00+00:00,13047.0,13047.0,13050.0,13042.0,13044.0,842
2026-04-30 04:01:00+00:00,13053.0,13053.0,13055.0,13047.0,13047.0,638
2026-04-30 04:02:00+00:00,13056.0,13056.0,13064.0,13051.0,13058.0,2942
2026-04-30 04:03:00+00:00,13052.0,13052.0,13052.0,13049.0,13050.0,577
2026-04-30 04:04:00+00:00,13057.0,13057.0,13060.0,13055.0,13059.0,1421
2026-04-30 04:05:00+00:00,13030.0,13030.0,13045.0,13028.0,13035.0,2716
2026-04-30 04:06:00+00:00,13020.0,13020.0,13031.0,13007.0,13030.0,3221
2026-04-30 04:07:00+00:00,13014.0,13014.0,13020.0,13014.0,13020.0,1236
2026-04-30 04:08:00+00:00,13038.0,13038.0,13038.0,13005.0,13014.0,3708
2026-04-30 04:09:00+00:00,13005.0,13005.0,13050.0,13005.0,13033.0,1876
2026-04-30 04:10:00+00:00,13009.0,13009.0,13011.0,12992.0,13009.0,4065
2026-04-30 04:11:00+00:00,13020.0,13020.0,13020.0,13004.0,13015.0,440
2026-04-30 04:12:00+00:00,13019.0,13019.0,13023.0,13015.0,13017.0,666
2026-04-30 04:13:00+00:00,13022.0,13022.0,13032.0,13021.0,13031.0,882
2026-04-30 04:14:00+00:00,13014.0,13014.0,13031.0,13008.0,13027.0,755
2026-04-30 04:15:00+00:00,13016.0,13016.0,13030.0,13013.0,13020.0,777
2026-04-30 04:16:00+00:00,13020.0,13020.0,13028.0,13015.0,13015.0,789
2026-04-30 04:17:00+00:00,13014.0,13014.0,13022.0,13011.0,13020.0,858
2026-04-30 04:18:00+00:00,13008.0,13008.0,13014.0,13005.0,13014.0,1135
2026-04-30 04:19:00+00:00,13005.0,13005.0,13007.0,13001.0,13007.0,1578
2026-04-30 04:20:00+00:00,13020.0,13020.0,13020.0,13000.0,13005.0,6178
2026-04-30 04:21:00+00:00,13023.0,13023.0,13034.0,13014.0,13025.0,1159
2026-04-30 04:22:00+00:00,13030.0,13030.0,13042.0,13022.0,13029.0,1049
2026-04-30 04:23:00+00:00,13036.0,13036.0,13038.0,13026.0,13030.0,360
2026-04-30 04:24:00+00:00,13027.0,13027.0,13036.0,13026.0,13036.0,395
2026-04-30 04:25:00+00:00,13033.0,13033.0,13039.0,13032.0,13036.0,816
2026-04-30 04:26:00+00:00,13020.0,13020.0,13038.0,13020.0,13038.0,848
2026-04-30 04:27:00+00:00,13027.0,13027.0,13028.0,13020.0,13020.0,235
2026-04-30 04:28:00+00:00,13035.0,13035.0,13038.0,13028.0,13028.0,384
2026-04-30 04:29:00+00:00,13034.0,13034.0,13038.0,13034.0,13038.0,350
2026-04-30 04:30:00+00:00,13008.0,13008.0,13038.0,13008.0,13038.0,1068
2026-04-30 04:31:00+00:00,13017.0,13017.0,13017.0,13006.0,13006.0,773
2026-04-30 04:32:00+00:00,13016.0,13016.0,13026.0,13014.0,13017.0,539
2026-04-30 04:33:00+00:00,13019.0,13019.0,13020.0,13014.0,13018.0,309
2026-04-30 04:34:00+00:00,13015.0,13015.0,13021.0,13013.0,13019.0,264
2026-04-30 04:35:00+00:00,13030.0,13030.0,13030.0,13016.0,13016.0,922
2026-04-30 04:36:00+00:00,13027.0,13027.0,13030.0,13022.0,13022.0,337
2026-04-30 04:37:00+00:00,13030.0,13030.0,13031.0,13025.0,13027.0,368
2026-04-30 04:38:00+00:00,13026.0,13026.0,13030.0,13025.0,13030.0,389
2026-04-30 04:39:00+00:00,13017.0,13017.0,13029.0,13017.0,13029.0,459
2026-04-30 04:40:00+00:00,13014.0,13014.0,13017.0,13009.0,13011.0,848
2026-04-30 04:41:00+00:00,13003.0,13003.0,13012.0,13002.0,13012.0,601
2026-04-30 04:42:00+00:00,13004.0,13004.0,13005.0,13003.0,13003.0,818
2026-04-30 04:43:00+00:00,13013.0,13013.0,13013.0,13004.0,13005.0,270
2026-04-30 04:44:00+00:00,13014.0,13014.0,13015.0,13008.0,13011.0,480
2026-04-30 04:45:00+00:00,13018.0,13018.0,13020.0,13009.0,13013.0,745
2026-04-30 04:46:00+00:00,13018.0,13018.0,13025.0,13018.0,13018.0,444
2026-04-30 04:47:00+00:00,13014.0,13014.0,13014.0,12992.0,13010.0,4127
2026-04-30 04:48:00+00:00,13023.0,13023.0,13023.0,13003.0,13003.0,726
2026-04-30 04:49:00+00:00,13036.0,13036.0,13036.0,13027.0,13027.0,1184
2026-04-30 04:50:00+00:00,13042.0,13042.0,13044.0,13035.0,13036.0,846
2026-04-30 04:51:00+00:00,13049.0,13049.0,13050.0,13042.0,13042.0,2476
2026-04-30 04:52:00+00:00,13044.0,13044.0,13048.0,13035.0,13046.0,582
2026-04-30 04:53:00+00:00,13040.0,13040.0,13045.0,13038.0,13045.0,114
2026-04-30 04:54:00+00:00,13042.0,13042.0,13045.0,13040.0,13045.0,465
2026-04-30 04:55:00+00:00,13053.0,13053.0,13053.0,13043.0,13043.0,2256
2026-04-30 04:56:00+00:00,13044.0,13044.0,13059.0,13044.0,13053.0,797
2026-04-30 04:57:00+00:00,13050.0,13050.0,13050.0,13043.0,13044.0,261
2026-04-30 04:58:00+00:00,13042.0,13042.0,13050.0,13038.0,13049.0,788
2026-04-30 04:59:00+00:00,13049.0,13049.0,13050.0,13040.0,13043.0,585
2026-04-30 05:00:00+00:00,13050.0,13050.0,13055.0,13048.0,13049.0,501
2026-04-30 05:01:00+00:00,13049.0,13049.0,13049.0,13045.0,13049.0,669
2026-04-30 05:02:00+00:00,13049.0,13049.0,13053.0,13045.0,13052.0,451
2026-04-30 05:03:00+00:00,13050.0,13050.0,13054.0,13047.0,13050.0,643
2026-04-30 05:04:00+00:00,13051.0,13051.0,13055.0,13050.0,13055.0,269
2026-04-30 05:05:00+00:00,13065.0,13065.0,13065.0,13053.0,13055.0,1112
2026-04-30 05:06:00+00:00,13070.0,13070.0,13070.0,13063.0,13063.0,1866
2026-04-30 05:07:00+00:00,13068.0,13068.0,13068.0,13061.0,13065.0,613
2026-04-30 05:08:00+00:00,13066.0,13066.0,13070.0,13063.0,13070.0,153
2026-04-30 05:09:00+00:00,13095.0,13095.0,13104.0,13069.0,13069.0,3850
2026-04-30 05:10:00+00:00,13095.0,13095.0,13102.0,13088.0,13095.0,1749
2026-04-30 05:11:00+00:00,13110.0,13110.0,13114.0,13095.0,13095.0,3247
2026-04-30 05:12:00+00:00,13102.0,13102.0,13119.0,13100.0,13110.0,6457
2026-04-30 05:13:00+00:00,13110.0,13110.0,13114.0,13097.0,13102.0,1065
2026-04-30 05:14:00+00:00,13104.0,13104.0,13113.0,13104.0,13109.0,599
2026-04-30 05:15:00+00:00,13102.0,13102.0,13109.0,13092.0,13109.0,833
2026-04-30 05:16:00+00:00,13098.0,13098.0,13102.0,13095.0,13102.0,965
2026-04-30 05:17:00+00:00,13097.0,13097.0,13100.0,13095.0,13098.0,976
2026-04-30 05:18:00+00:00,13101.0,13101.0,13106.0,13098.0,13099.0,639
2026-04-30 05:19:00+00:00,13100.0,13100.0,13104.0,13096.0,13100.0,403
2026-04-30 05:20:00+00:00,13104.0,13104.0,13108.0,13098.0,13101.0,681
2026-04-30 05:21:00+00:00,13100.0,13100.0,13106.0,13097.0,13103.0,254
2026-04-30 05:22:00+00:00,13095.0,13095.0,13100.0,13091.0,13100.0,450
2026-04-30 05:23:00+00:00,13097.0,13097.0,13097.0,13091.0,13095.0,380
2026-04-30 05:24:00+00:00,13094.0,13094.0,13100.0,13088.0,13097.0,735
2026-04-30 05:25:00+00:00,13099.0,13099.0,13103.0,13088.0,13094.0,808
2026-04-30 05:26:00+00:00,13089.0,13089.0,13097.0,13089.0,13097.0,163
2026-04-30 05:27:00+00:00,13097.0,13097.0,13097.0,13085.0,13093.0,811
2026-04-30 05:28:00+00:00,13093.0,13093.0,13100.0,13085.0,13096.0,936
2026-04-30 05:29:00+00:00,13095.0,13095.0,13098.0,13090.0,13093.0,233
2026-04-30 05:30:00+00:00,13102.0,13102.0,13105.0,13096.0,13096.0,556
2026-04-30 05:31:00+00:00,13103.0,13103.0,13104.0,13098.0,13102.0,225
2026-04-30 05:32:00+00:00,13100.0,13100.0,13105.0,13095.0,13100.0,569
2026-04-30 05:33:00+00:00,13090.0,13090.0,13100.0,13089.0,13100.0,328
2026-04-30 05:34:00+00:00,13085.0,13085.0,13092.0,13079.0,13091.0,483
2026-04-30 05:35:00+00:00,13098.0,13098.0,13098.0,13077.0,13082.0,373
2026-04-30 05:36:00+00:00,13098.0,13098.0,13098.0,13090.0,13096.0,217
2026-04-30 05:37:00+00:00,13094.0,13094.0,13101.0,13094.0,13098.0,758
2026-04-30 05:38:00+00:00,13097.0,13097.0,13100.0,13094.0,13094.0,264
2026-04-30 05:39:00+00:00,13098.0,13098.0,13100.0,13095.0,13097.0,264
2026-04-30 05:40:00+00:00,13095.0,13095.0,13100.0,13093.0,13100.0,207
2026-04-30 05:41:00+00:00,13079.0,13079.0,13096.0,13079.0,13096.0,860
2026-04-30 05:42:00+00:00,13081.0,13081.0,13082.0,13071.0,13079.0,1178
2026-04-30 05:43:00+00:00,13042.0,13042.0,13080.0,13032.0,13080.0,5914
2026-04-30 05:44:00+00:00,13040.0,13040.0,13045.0,13035.0,13040.0,1557
2026-04-30 05:45:00+00:00,13039.0,13039.0,13042.0,13029.0,13041.0,2284
2026-04-30 05:46:00+00:00,13037.0,13037.0,13050.0,13036.0,13036.0,782
2026-04-30 05:47:00+00:00,13046.0,13046.0,13047.0,13036.0,13038.0,549
2026-04-30 05:48:00+00:00,13046.0,13046.0,13055.0,13043.0,13047.0,523
2026-04-30 05:49:00+00:00,13045.0,13045.0,13050.0,13038.0,13046.0,513
2026-04-30 05:50:00+00:00,13041.0,13041.0,13049.0,13035.0,13046.0,665
2026-04-30 05:51:00+00:00,13031.0,13031.0,13040.0,13027.0,13036.0,1101
2026-04-30 05:52:00+00:00,13017.0,13017.0,13032.0,13016.0,13032.0,1427
2026-04-30 05:53:00+00:00,13016.0,13016.0,13020.0,13013.0,13017.0,1003
2026-04-30 05:54:00+00:00,13018.0,13018.0,13020.0,13010.0,13015.0,1057
2026-04-30 05:55:00+00:00,13021.0,13021.0,13024.0,13010.0,13020.0,792
2026-04-30 05:56:00+00:00,13020.0,13020.0,13030.0,13016.0,13019.0,982
2026-04-30 05:57:00+00:00,13024.0,13024.0,13030.0,13020.0,13024.0,588
2026-04-30 05:58:00+00:00,13024.0,13024.0,13025.0,13022.0,13023.0,202
2026-04-30 05:59:00+00:00,13018.0,13018.0,13025.0,13013.0,13024.0,682
2026-04-30 06:00:00+00:00,13017.0,13017.0,13020.0,13012.0,13012.0,493
2026-04-30 06:01:00+00:00,13021.0,13021.0,13021.0,13013.0,13016.0,658
2026-04-30 06:02:00+00:00,13017.0,13017.0,13020.0,13013.0,13017.0,797
2026-04-30 06:03:00+00:00,13020.0,13020.0,13025.0,13013.0,13013.0,873
2026-04-30 06:04:00+00:00,13023.0,13023.0,13026.0,13019.0,13025.0,699
2026-04-30 06:05:00+00:00,13024.0,13024.0,13027.0,13020.0,13026.0,992
2026-04-30 06:06:00+00:00,13024.0,13024.0,13026.0,13020.0,13020.0,445
2026-04-30 06:07:00+00:00,13011.0,13011.0,13021.0,13011.0,13021.0,1282
2026-04-30 06:08:00+00:00,13010.0,13010.0,13019.0,13009.0,13011.0,1632
2026-04-30 06:09:00+00:00,13009.0,13009.0,13017.0,13007.0,13017.0,534
2026-04-30 06:10:00+00:00,13001.0,13001.0,13009.0,13001.0,13009.0,1045
2026-04-30 06:11:00+00:00,13006.0,13006.0,13010.0,13000.0,13004.0,1973
2026-04-30 06:12:00+00:00,13011.0,13011.0,13014.0,13002.0,13006.0,799
2026-04-30 06:13:00+00:00,13009.0,13009.0,13016.0,13008.0,13008.0,498
2026-04-30 06:14:00+00:00,13008.0,13008.0,13014.0,13004.0,13004.0,315
2026-04-30 06:15:00+00:00,13006.0,13006.0,13010.0,13003.0,13010.0,635
2026-04-30 06:16:00+00:00,13007.0,13007.0,13013.0,13004.0,13006.0,768
2026-04-30 06:17:00+00:00,13007.0,13007.0,13010.0,13000.0,13007.0,2555
2026-04-30 06:18:00+00:00,13006.0,13006.0,13011.0,13005.0,13010.0,391
2026-04-30 06:19:00+00:00,13005.0,13005.0,13012.0,13005.0,13008.0,558
2026-04-30 06:20:00+00:00,13005.0,13005.0,13011.0,13003.0,13005.0,630
2026-04-30 06:21:00+00:00,13004.0,13004.0,13009.0,13003.0,13005.0,554
2026-04-30 06:22:00+00:00,12987.0,12987.0,13008.0,12985.0,13004.0,9442
2026-04-30 06:23:00+00:00,12983.0,12983.0,12990.0,12980.0,12987.0,1224
2026-04-30 06:24:00+00:00,12985.0,12985.0,12989.0,12975.0,12981.0,2411
2026-04-30 06:25:00+00:00,12986.0,12986.0,12995.0,12984.0,12984.0,1138
2026-04-30 06:26:00+00:00,12993.0,12993.0,12998.0,12991.0,12991.0,838
2026-04-30 06:27:00+00:00,12994.0,12994.0,13000.0,12993.0,12993.0,361
2026-04-30 06:28:00+00:00,12986.0,12986.0,12996.0,12986.0,12993.0,735
2026-04-30 06:29:00+00:00,12992.0,12992.0,12994.0,12986.0,12989.0,368
2026-04-30 06:30:00+00:00,12986.0,12986.0,12993.0,12986.0,12987.0,484
2026-04-30 06:31:00+00:00,12978.0,12978.0,12990.0,12978.0,12986.0,1495
2026-04-30 06:32:00+00:00,12980.0,12980.0,12985.0,12973.0,12973.0,1587
2026-04-30 06:33:00+00:00,12983.0,12983.0,12988.0,12980.0,12982.0,285
2026-04-30 06:34:00+00:00,12989.0,12989.0,12993.0,12981.0,12983.0,528
2026-04-30 06:35:00+00:00,12994.0,12994.0,12999.0,12988.0,12988.0,602
2026-04-30 06:36:00+00:00,13001.0,13001.0,13010.0,12993.0,12993.0,644
2026-04-30 06:37:00+00:00,13015.0,13015.0,13015.0,13002.0,13004.0,641
2026-04-30 06:38:00+00:00,13003.0,13003.0,13015.0,12997.0,13014.0,4154
2026-04-30 06:39:00+00:00,13009.0,13009.0,13012.0,13003.0,13004.0,1239
2026-04-30 06:40:00+00:00,13015.0,13015.0,13015.0,13005.0,13005.0,1107
2026-04-30 06:41:00+00:00,13015.0,13015.0,13024.0,13014.0,13014.0,1644
2026-04-30 06:42:00+00:00,13027.0,13027.0,13028.0,13015.0,13027.0,1650
2026-04-30 06:43:00+00:00,13021.0,13021.0,13029.0,13020.0,13022.0,1011
2026-04-30 06:44:00+00:00,13028.0,13028.0,13033.0,13020.0,13021.0,2246
2026-04-30 06:45:00+00:00,13029.0,13029.0,13035.0,13022.0,13030.0,1238
2026-04-30 06:46:00+00:00,13030.0,13030.0,13032.0,13023.0,13029.0,651
2026-04-30 06:47:00+00:00,13025.0,13025.0,13032.0,13024.0,13024.0,624
2026-04-30 06:48:00+00:00,13032.0,13032.0,13033.0,13024.0,13024.0,405
2026-04-30 06:49:00+00:00,13011.0,13011.0,13032.0,13011.0,13032.0,5400
2026-04-30 06:50:00+00:00,13011.0,13011.0,13022.0,13011.0,13013.0,2120
2026-04-30 06:51:00+00:00,13022.0,13022.0,13022.0,13011.0,13011.0,1480
2026-04-30 06:52:00+00:00,13025.0,13025.0,13026.0,13017.0,13022.0,397
2026-04-30 06:53:00+00:00,13023.0,13023.0,13030.0,13020.0,13023.0,774
2026-04-30 06:54:00+00:00,13028.0,13028.0,13033.0,13019.0,13020.0,1598
2026-04-30 06:55:00+00:00,13023.0,13023.0,13033.0,13020.0,13028.0,639
2026-04-30 06:56:00+00:00,13019.0,13019.0,13030.0,13019.0,13023.0,851
2026-04-30 06:57:00+00:00,13031.0,13031.0,13038.0,13019.0,13019.0,632
2026-04-30 06:58:00+00:00,13022.0,13022.0,13034.0,13022.0,13034.0,552
2026-04-30 06:59:00+00:00,13028.0,13028.0,13035.0,13023.0,13023.0,4658
2026-04-30 07:00:00+00:00,13060.0,13060.0,13070.0,13028.0,13028.0,2154
2026-04-30 07:01:00+00:00,13074.0,13074.0,13079.0,13059.0,13060.0,1373
2026-04-30 07:02:00+00:00,13072.0,13072.0,13079.0,13065.0,13078.0,851
2026-04-30 07:03:00+00:00,13085.0,13085.0,13085.0,13072.0,13072.0,1575
2026-04-30 07:04:00+00:00,13066.0,13066.0,13085.0,13066.0,13085.0,1025
2026-04-30 07:05:00+00:00,13061.0,13061.0,13070.0,13055.0,13068.0,993
2026-04-30 07:06:00+00:00,13055.0,13055.0,13068.0,13055.0,13061.0,519
2026-04-30 07:07:00+00:00,13049.0,13049.0,13062.0,13049.0,13061.0,1496
2026-04-30 07:08:00+00:00,13050.0,13050.0,13073.0,13049.0,13050.0,7733
2026-04-30 07:09:00+00:00,13050.0,13050.0,13050.0,13042.0,13050.0,1630
2026-04-30 07:10:00+00:00,13066.0,13066.0,13070.0,13043.0,13050.0,3258
2026-04-30 07:11:00+00:00,13054.0,13054.0,13064.0,13045.0,13060.0,733
2026-04-30 07:12:00+00:00,13060.0,13060.0,13067.0,13053.0,13056.0,484
2026-04-30 07:13:00+00:00,13070.0,13070.0,13070.0,13055.0,13061.0,2295
2026-04-30 07:14:00+00:00,13074.0,13074.0,13075.0,13063.0,13070.0,1679
2026-04-30 07:15:00+00:00,13071.0,13071.0,13075.0,13066.0,13074.0,489
2026-04-30 07:16:00+00:00,13082.0,13082.0,13082.0,13070.0,13071.0,2939
2026-04-30 07:17:00+00:00,13095.0,13095.0,13095.0,13086.0,13090.0,1623
2026-04-30 07:18:00+00:00,13095.0,13095.0,13095.0,13089.0,13089.0,721
2026-04-30 07:19:00+00:00,13099.0,13099.0,13099.0,13095.0,13096.0,1134
2026-04-30 07:20:00+00:00,13099.0,13099.0,13100.0,13095.0,13099.0,1226
2026-04-30 07:21:00+00:00,13110.0,13110.0,13113.0,13096.0,13096.0,2648
2026-04-30 07:22:00+00:00,13100.0,13100.0,13110.0,13100.0,13110.0,732
2026-04-30 07:23:00+00:00,13098.0,13098.0,13105.0,13098.0,13100.0,736
2026-04-30 07:24:00+00:00,13109.0,13109.0,13110.0,13098.0,13098.0,1425
2026-04-30 07:25:00+00:00,13107.0,13107.0,13109.0,13102.0,13109.0,374
2026-04-30 07:26:00+00:00,13104.0,13104.0,13109.0,13104.0,13105.0,452
2026-04-30 07:27:00+00:00,13101.0,13101.0,13109.0,13101.0,13104.0,492
2026-04-30 07:28:00+00:00,13110.0,13110.0,13110.0,13105.0,13107.0,658
2026-04-30 07:29:00+00:00,13100.0,13100.0,13109.0,13100.0,13106.0,674
2026-04-30 07:30:00+00:00,13098.0,13098.0,13104.0,13098.0,13100.0,716
2026-04-30 07:31:00+00:00,13103.0,13103.0,13104.0,13099.0,13102.0,652
2026-04-30 07:32:00+00:00,13103.0,13103.0,13105.0,13098.0,13098.0,945
2026-04-30 07:33:00+00:00,13108.0,13108.0,13108.0,13099.0,13104.0,582
2026-04-30 07:34:00+00:00,13104.0,13104.0,13110.0,13103.0,13108.0,574
2026-04-30 07:35:00+00:00,13092.0,13092.0,13107.0,13089.0,13104.0,5275
2026-04-30 07:36:00+00:00,13098.0,13098.0,13100.0,13088.0,13092.0,717
2026-04-30 07:37:00+00:00,13100.0,13100.0,13100.0,13090.0,13098.0,462
2026-04-30 07:38:00+00:00,13101.0,13101.0,13106.0,13095.0,13100.0,773
2026-04-30 07:39:00+00:00,13108.0,13108.0,13108.0,13101.0,13105.0,464
2026-04-30 07:40:00+00:00,13100.0,13100.0,13108.0,13100.0,13108.0,1199
2026-04-30 07:41:00+00:00,13105.0,13105.0,13105.0,13096.0,13096.0,2067
2026-04-30 07:42:00+00:00,13110.0,13110.0,13111.0,13105.0,13106.0,997
2026-04-30 07:43:00+00:00,13115.0,13115.0,13117.0,13104.0,13112.0,1164
2026-04-30 07:44:00+00:00,13108.0,13108.0,13116.0,13108.0,13114.0,585
2026-04-30 07:45:00+00:00,13110.0,13110.0,13114.0,13106.0,13108.0,673
2026-04-30 07:46:00+00:00,13114.0,13114.0,13118.0,13110.0,13114.0,900
2026-04-30 07:47:00+00:00,13111.0,13111.0,13117.0,13110.0,13114.0,774
2026-04-30 07:48:00+00:00,13118.0,13118.0,13119.0,13111.0,13111.0,487
2026-04-30 07:49:00+00:00,13123.0,13123.0,13129.0,13117.0,13119.0,2387
2026-04-30 07:50:00+00:00,13130.0,13130.0,13130.0,13121.0,13123.0,1459
2026-04-30 07:51:00+00:00,13120.0,13120.0,13140.0,13119.0,13128.0,2751
2026-04-30 07:52:00+00:00,13120.0,13120.0,13127.0,13120.0,13120.0,844
2026-04-30 07:53:00+00:00,13125.0,13125.0,13127.0,13115.0,13122.0,729
2026-04-30 07:54:00+00:00,13125.0,13125.0,13130.0,13121.0,13128.0,692
2026-04-30 07:55:00+00:00,13124.0,13124.0,13128.0,13121.0,13128.0,1170
2026-04-30 07:56:00+00:00,13121.0,13121.0,13125.0,13118.0,13122.0,847
2026-04-30 07:57:00+00:00,13130.0,13130.0,13133.0,13125.0,13125.0,1272
2026-04-30 07:58:00+00:00,13120.0,13120.0,13128.0,13120.0,13128.0,828
2026-04-30 07:59:00+00:00,13124.0,13124.0,13131.0,13121.0,13124.0,2296
2026-04-30 08:00:00+00:00,13125.0,13125.0,13129.0,13120.0,13123.0,823
2026-04-30 08:01:00+00:00,13120.0,13120.0,13127.0,13118.0,13125.0,1764
2026-04-30 08:02:00+00:00,13116.0,13116.0,13120.0,13116.0,13116.0,823
2026-04-30 08:03:00+00:00,13123.0,13123.0,13125.0,13117.0,13120.0,1008
2026-04-30 08:04:00+00:00,13131.0,13131.0,13135.0,13119.0,13123.0,1298
2026-04-30 08:05:00+00:00,13144.0,13144.0,13144.0,13130.0,13131.0,3678
2026-04-30 08:06:00+00:00,13146.0,13146.0,13147.0,13140.0,13145.0,1724
2026-04-30 08:07:00+00:00,13147.0,13147.0,13152.0,13136.0,13146.0,2209
2026-04-30 08:08:00+00:00,13145.0,13145.0,13150.0,13140.0,13148.0,798
2026-04-30 08:09:00+00:00,13138.0,13138.0,13146.0,13135.0,13146.0,1765
2026-04-30 08:10:00+00:00,13140.0,13140.0,13140.0,13135.0,13135.0,1446
2026-04-30 08:11:00+00:00,13136.0,13136.0,13140.0,13136.0,13140.0,826
2026-04-30 08:12:00+00:00,13133.0,13133.0,13140.0,13131.0,13136.0,4569
2026-04-30 08:13:00+00:00,13138.0,13138.0,13145.0,13136.0,13136.0,4840
2026-04-30 08:14:00+00:00,13139.0,13139.0,13140.0,13136.0,13138.0,2046
2026-04-30 08:15:00+00:00,13145.0,13145.0,13152.0,13138.0,13140.0,2986
2026-04-30 08:16:00+00:00,13140.0,13140.0,13151.0,13139.0,13144.0,891
2026-04-30 08:17:00+00:00,13139.0,13139.0,13151.0,13139.0,13142.0,884
2026-04-30 08:18:00+00:00,13144.0,13144.0,13144.0,13140.0,13143.0,663
2026-04-30 08:19:00+00:00,13140.0,13140.0,13145.0,13140.0,13143.0,1169
2026-04-30 08:20:00+00:00,13143.0,13143.0,13145.0,13142.0,13145.0,802
2026-04-30 08:21:00+00:00,13138.0,13138.0,13145.0,13135.0,13143.0,1227
2026-04-30 08:22:00+00:00,13171.0,13171.0,13176.0,13137.0,13137.0,4307
2026-04-30 08:23:00+00:00,13191.0,13191.0,13195.0,13171.0,13175.0,1744
2026-04-30 08:24:00+00:00,13250.0,13250.0,13250.0,13185.0,13188.0,27632
2026-04-30 08:25:00+00:00,13236.0,13236.0,13263.0,13234.0,13255.0,2709
2026-04-30 08:26:00+00:00,13245.0,13245.0,13250.0,13237.0,13240.0,1356
2026-04-30 08:27:00+00:00,13241.0,13241.0,13257.0,13241.0,13249.0,1545
2026-04-30 08:28:00+00:00,13266.0,13266.0,13277.0,13240.0,13240.0,2115
2026-04-30 08:29:00+00:00,13268.0,13268.0,13273.0,13266.0,13266.0,665
2026-04-30 08:30:00+00:00,13240.0,13240.0,13270.0,13239.0,13267.0,2202
2026-04-30 08:31:00+00:00,13251.0,13251.0,13262.0,13242.0,13242.0,1382
2026-04-30 08:32:00+00:00,13267.0,13267.0,13270.0,13248.0,13248.0,1606
2026-04-30 08:33:00+00:00,13273.0,13273.0,13274.0,13267.0,13270.0,1595
2026-04-30 08:34:00+00:00,13270.0,13270.0,13274.0,13266.0,13274.0,627
2026-04-30 08:35:00+00:00,13262.0,13262.0,13270.0,13262.0,13269.0,848
2026-04-30 08:36:00+00:00,13265.0,13265.0,13269.0,13259.0,13260.0,2949
2026-04-30 08:37:00+00:00,13265.0,13265.0,13270.0,13254.0,13265.0,8112
2026-04-30 08:38:00+00:00,13282.0,13282.0,13282.0,13263.0,13263.0,2577
2026-04-30 08:39:00+00:00,13295.0,13295.0,13295.0,13279.0,13288.0,2017
2026-04-30 08:40:00+00:00,13297.0,13297.0,13297.0,13285.0,13288.0,2030
2026-04-30 08:41:00+00:00,13284.0,13284.0,13298.0,13281.0,13298.0,1805
2026-04-30 08:42:00+00:00,13294.0,13294.0,13295.0,13282.0,13284.0,616
2026-04-30 08:43:00+00:00,13282.0,13282.0,13295.0,13282.0,13295.0,1174
2026-04-30 08:44:00+00:00,13279.0,13279.0,13287.0,13278.0,13282.0,707
2026-04-30 08:45:00+00:00,13280.0,13280.0,13284.0,13278.0,13279.0,1014
2026-04-30 08:46:00+00:00,13275.0,13275.0,13285.0,13273.0,13279.0,786
2026-04-30 08:47:00+00:00,13264.0,13264.0,13274.0,13262.0,13272.0,1649
2026-04-30 08:48:00+00:00,13264.0,13264.0,13267.0,13259.0,13264.0,2519
2026-04-30 08:49:00+00:00,13246.0,13246.0,13264.0,13246.0,13263.0,1038
2026-04-30 08:50:00+00:00,13247.0,13247.0,13248.0,13244.0,13247.0,1552
2026-04-30 08:51:00+00:00,13225.0,13225.0,13248.0,13222.0,13247.0,1806
2026-04-30 08:52:00+00:00,13252.0,13252.0,13258.0,13213.0,13225.0,13423
2026-04-30 08:53:00+00:00,13272.0,13272.0,13272.0,13253.0,13253.0,1835
2026-04-30 08:54:00+00:00,13275.0,13275.0,13280.0,13271.0,13271.0,1038
2026-04-30 08:55:00+00:00,13276.0,13276.0,13276.0,13264.0,13276.0,758
2026-04-30 08:56:00+00:00,13272.0,13272.0,13276.0,13264.0,13275.0,1132
2026-04-30 08:57:00+00:00,13252.0,13252.0,13273.0,13252.0,13272.0,853
2026-04-30 08:58:00+00:00,13256.0,13256.0,13260.0,13245.0,13260.0,2630
2026-04-30 08:59:00+00:00,13266.0,13266.0,13270.0,13257.0,13258.0,938
2026-04-30 09:00:00+00:00,13270.0,13270.0,13270.0,13266.0,13266.0,472
2026-04-30 09:01:00+00:00,13277.0,13277.0,13277.0,13269.0,13269.0,1248
2026-04-30 09:02:00+00:00,13287.0,13287.0,13289.0,13282.0,13282.0,1054
2026-04-30 09:03:00+00:00,13288.0,13288.0,13289.0,13278.0,13287.0,869
2026-04-30 09:04:00+00:00,13297.0,13297.0,13297.0,13287.0,13288.0,1875
2026-04-30 09:05:00+00:00,13292.0,13292.0,13297.0,13292.0,13292.0,761
2026-04-30 09:06:00+00:00,13298.0,13298.0,13298.0,13291.0,13292.0,1069
2026-04-30 09:07:00+00:00,13309.0,13309.0,13313.0,13299.0,13299.0,2679
2026-04-30 09:08:00+00:00,13307.0,13307.0,13309.0,13302.0,13309.0,1263
2026-04-30 09:09:00+00:00,13308.0,13308.0,13314.0,13304.0,13307.0,1074
2026-04-30 09:10:00+00:00,13306.0,13306.0,13312.0,13303.0,13312.0,1216
2026-04-30 09:11:00+00:00,13307.0,13307.0,13308.0,13300.0,13307.0,1155
2026-04-30 09:12:00+00:00,13312.0,13312.0,13312.0,13305.0,13306.0,1191
2026-04-30 09:13:00+00:00,13319.0,13319.0,13320.0,13309.0,13313.0,2414
2026-04-30 09:14:00+00:00,13314.0,13314.0,13320.0,13306.0,13314.0,1018
2026-04-30 09:15:00+00:00,13319.0,13319.0,13319.0,13309.0,13313.0,1117
2026-04-30 09:16:00+00:00,13323.0,13323.0,13330.0,13319.0,13320.0,2585
2026-04-30 09:17:00+00:00,13315.0,13315.0,13327.0,13312.0,13323.0,1615
2026-04-30 09:18:00+00:00,13306.0,13306.0,13315.0,13304.0,13315.0,850
2026-04-30 09:19:00+00:00,13303.0,13303.0,13313.0,13303.0,13308.0,777
2026-04-30 09:20:00+00:00,13289.0,13289.0,13305.0,13287.0,13305.0,2641
2026-04-30 09:21:00+00:00,13299.0,13299.0,13305.0,13289.0,13292.0,2767
2026-04-30 09:22:00+00:00,13305.0,13305.0,13307.0,13292.0,13302.0,1195
2026-04-30 09:23:00+00:00,13310.0,13310.0,13310.0,13296.0,13305.0,917
2026-04-30 09:24:00+00:00,13307.0,13307.0,13315.0,13306.0,13309.0,1061
2026-04-30 09:25:00+00:00,13315.0,13315.0,13315.0,13305.0,13309.0,1258
2026-04-30 09:26:00+00:00,13321.0,13321.0,13328.0,13314.0,13314.0,1461
2026-04-30 09:27:00+00:00,13326.0,13326.0,13329.0,13319.0,13321.0,1410
2026-04-30 09:28:00+00:00,13336.0,13336.0,13339.0,13325.0,13326.0,1876
2026-04-30 09:29:00+00:00,13355.0,13355.0,13355.0,13336.0,13338.0,2877
2026-04-30 09:30:00+00:00,13334.0,13334.0,13354.0,13318.0,13354.0,4836
2026-04-30 09:31:00+00:00,13324.0,13324.0,13335.0,13322.0,13334.0,2171
2026-04-30 09:32:00+00:00,13331.0,13331.0,13331.0,13317.0,13323.0,3614
2026-04-30 09:33:00+00:00,13323.0,13323.0,13330.0,13319.0,13330.0,2723
2026-04-30 09:34:00+00:00,13324.0,13324.0,13324.0,13319.0,13321.0,1816
2026-04-30 09:35:00+00:00,13322.0,13322.0,13325.0,13313.0,13323.0,3050
2026-04-30 09:36:00+00:00,13320.0,13320.0,13325.0,13310.0,13325.0,5789
2026-04-30 09:37:00+00:00,13315.0,13315.0,13322.0,13310.0,13322.0,2242
2026-04-30 09:38:00+00:00,13313.0,13313.0,13315.0,13302.0,13315.0,2745
2026-04-30 09:39:00+00:00,13314.0,13314.0,13314.0,13305.0,13313.0,2345
2026-04-30 09:40:00+00:00,13313.0,13313.0,13314.0,13309.0,13312.0,2989
2026-04-30 09:41:00+00:00,13316.0,13316.0,13318.0,13309.0,13314.0,2241
2026-04-30 09:42:00+00:00,13314.0,13314.0,13317.0,13311.0,13311.0,2057
2026-04-30 09:43:00+00:00,13313.0,13313.0,13315.0,13309.0,13315.0,2891
2026-04-30 09:44:00+00:00,13314.0,13314.0,13314.0,13310.0,13313.0,2434
2026-04-30 09:45:00+00:00,13314.0,13314.0,13316.0,13312.0,13315.0,3279
2026-04-30 09:46:00+00:00,13307.0,13307.0,13313.0,13307.0,13313.0,3343
2026-04-30 09:47:00+00:00,13307.0,13307.0,13309.0,13296.0,13305.0,3789
2026-04-30 09:48:00+00:00,13327.0,13327.0,13327.0,13313.0,13315.0,3552
2026-04-30 09:49:00+00:00,13322.0,13322.0,13328.0,13315.0,13328.0,3340
2026-04-30 09:50:00+00:00,13310.0,13310.0,13327.0,13310.0,13327.0,2620
2026-04-30 09:51:00+00:00,13305.0,13305.0,13309.0,13302.0,13309.0,2701
2026-04-30 09:52:00+00:00,13301.0,13301.0,13305.0,13295.0,13305.0,4174
2026-04-30 09:53:00+00:00,13304.0,13304.0,13304.0,13301.0,13301.0,3687
2026-04-30 09:54:00+00:00,13316.0,13316.0,13320.0,13305.0,13305.0,3532
2026-04-30 09:55:00+00:00,13313.0,13313.0,13322.0,13313.0,13316.0,3817
2026-04-30 09:56:00+00:00,13313.0,13313.0,13314.0,13310.0,13314.0,1743
2026-04-30 09:57:00+00:00,13308.0,13308.0,13313.0,13307.0,13313.0,3055
2026-04-30 09:58:00+00:00,13294.0,13294.0,13315.0,13294.0,13302.0,2141
2026-04-30 09:59:00+00:00,13320.0,13320.0,13320.0,13290.0,13310.0,2449
