Price,Adj Close,Close,High,Low,Open,Volume
Ticker,NTPC.NS,NTPC.NS,NTPC.NS,NTPC.NS,NTPC.NS,NTPC.NS
Datetime,,,,,,
2026-04-23 03:45:00+00:00,404.04998779296875,404.04998779296875,404.04998779296875,402.95001220703125,404.0,0
2026-04-23 03:46:00+00:00,403.95001220703125,403.95001220703125,403.95001220703125,403.6000061035156,403.8500061035156,73274
2026-04-23 03:47:00+00:00,405.0,405.0,405.0,404.25,404.6000061035156,54262
2026-04-23 03:48:00+00:00,404.70001220703125,404.70001220703125,405.1000061035156,404.5,404.5,74279
2026-04-23 03:49:00+00:00,405.29998779296875,405.29998779296875,405.29998779296875,404.75,404.75,51462
2026-04-23 03:50:00+00:00,405.54998779296875,405.54998779296875,405.54998779296875,405.1499938964844,405.25,90861
2026-04-23 03:51:00+00:00,404.70001220703125,404.70001220703125,405.5,404.70001220703125,405.5,24254
2026-04-23 03:52:00+00:00,404.0,404.0,404.6000061035156,404.0,404.6000061035156,41378
2026-04-23 03:53:00+00:00,404.0,404.0,404.29998779296875,404.0,404.20001220703125,21954
2026-04-23 03:54:00+00:00,403.8500061035156,403.8500061035156,404.0,403.6499938964844,404.0,37849
2026-04-23 03:55:00+00:00,403.5,403.5,403.8999938964844,403.29998779296875,403.79998779296875,47116
2026-04-23 03:56:00+00:00,403.54998779296875,403.54998779296875,403.54998779296875,403.29998779296875,403.5,10333
2026-04-23 03:57:00+00:00,403.8500061035156,403.8500061035156,403.8500061035156,403.5,403.6499938964844,16983
2026-04-23 03:58:00+00:00,404.25,404.25,404.29998779296875,404.1000061035156,404.1000061035156,17685
2026-04-23 03:59:00+00:00,404.3999938964844,404.3999938964844,404.6000061035156,404.04998779296875,404.20001220703125,11472
2026-04-23 04:00:00+00:00,404.29998779296875,404.29998779296875,404.29998779296875,403.54998779296875,404.0,57804
2026-04-23 04:01:00+00:00,403.79998779296875,403.79998779296875,404.5,403.79998779296875,404.20001220703125,27472
2026-04-23 04:02:00+00:00,403.54998779296875,403.54998779296875,403.8999938964844,403.5,403.8999938964844,49796
2026-04-23 04:03:00+00:00,403.1000061035156,403.1000061035156,403.6000061035156,403.1000061035156,403.6000061035156,13578
2026-04-23 04:04:00+00:00,403.29998779296875,403.29998779296875,403.3999938964844,403.1499938964844,403.1499938964844,15589
2026-04-23 04:05:00+00:00,403.20001220703125,403.20001220703125,403.29998779296875,403.20001220703125,403.29998779296875,15201
2026-04-23 04:06:00+00:00,402.5,402.5,403.1499938964844,402.3999938964844,403.1499938964844,55295
2026-04-23 04:07:00+00:00,403.04998779296875,403.04998779296875,403.04998779296875,402.54998779296875,402.54998779296875,15397
2026-04-23 04:08:00+00:00,402.95001220703125,402.95001220703125,403.20001220703125,402.8999938964844,403.20001220703125,9255
2026-04-23 04:09:00+00:00,403.29998779296875,403.29998779296875,403.29998779296875,403.04998779296875,403.04998779296875,9157
2026-04-23 04:10:00+00:00,403.20001220703125,403.20001220703125,403.25,403.1499938964844,403.20001220703125,11510
2026-04-23 04:11:00+00:00,402.95001220703125,402.95001220703125,403.3500061035156,402.6499938964844,403.25,40202
2026-04-23 04:12:00+00:00,403.25,403.25,403.25,402.70001220703125,402.8500061035156,32972
2026-04-23 04:13:00+00:00,403.3500061035156,403.3500061035156,403.3500061035156,403.20001220703125,403.29998779296875,26229
2026-04-23 04:14:00+00:00,402.75,402.75,402.95001220703125,402.75,402.8999938964844,34449
2026-04-23 04:15:00+00:00,403.0,403.0,403.0,402.75,402.75,5792
2026-04-23 04:16:00+00:00,403.29998779296875,403.29998779296875,403.29998779296875,403.1000061035156,403.1000061035156,32635
2026-04-23 04:17:00+00:00,403.1000061035156,403.1000061035156,403.54998779296875,402.95001220703125,403.3500061035156,23705
2026-04-23 04:18:00+00:00,402.8999938964844,402.8999938964844,403.04998779296875,402.8999938964844,403.04998779296875,14398
2026-04-23 04:19:00+00:00,402.70001220703125,402.70001220703125,402.8999938964844,402.70001220703125,402.8999938964844,18877
2026-04-23 04:20:00+00:00,402.70001220703125,402.70001220703125,402.79998779296875,402.6499938964844,402.70001220703125,6510
2026-04-23 04:21:00+00:00,402.3500061035156,402.3500061035156,402.79998779296875,402.3500061035156,402.70001220703125,61935
2026-04-23 04:22:00+00:00,402.5,402.5,402.75,402.29998779296875,402.5,30131
2026-04-23 04:23:00+00:00,402.5,402.5,402.5,402.3500061035156,402.3999938964844,33176
2026-04-23 04:24:00+00:00,402.5,402.5,402.54998779296875,402.45001220703125,402.5,14281
2026-04-23 04:25:00+00:00,402.29998779296875,402.29998779296875,402.45001220703125,402.20001220703125,402.45001220703125,17314
2026-04-23 04:26:00+00:00,402.04998779296875,402.04998779296875,402.3500061035156,402.04998779296875,402.29998779296875,12864
2026-04-23 04:27:00+00:00,402.04998779296875,402.04998779296875,402.20001220703125,402.04998779296875,402.1499938964844,12388
2026-04-23 04:28:00+00:00,402.1499938964844,402.1499938964844,402.1499938964844,402.0,402.04998779296875,9126
2026-04-23 04:29:00+00:00,402.1499938964844,402.1499938964844,402.20001220703125,402.0,402.20001220703125,5206
2026-04-23 04:30:00+00:00,402.3500061035156,402.3500061035156,402.6000061035156,402.20001220703125,402.20001220703125,32441
2026-04-23 04:31:00+00:00,402.29998779296875,402.29998779296875,402.54998779296875,402.29998779296875,402.45001220703125,17100
2026-04-23 04:32:00+00:00,402.45001220703125,402.45001220703125,402.5,402.20001220703125,402.5,10896
2026-04-23 04:33:00+00:00,402.6000061035156,402.6000061035156,402.70001220703125,402.3500061035156,402.3500061035156,24630
2026-04-23 04:34:00+00:00,402.3500061035156,402.3500061035156,402.75,402.3500061035156,402.70001220703125,26454
2026-04-23 04:35:00+00:00,402.6000061035156,402.6000061035156,402.6499938964844,402.45001220703125,402.45001220703125,14919
2026-04-23 04:36:00+00:00,402.20001220703125,402.20001220703125,402.6499938964844,402.1499938964844,402.6000061035156,25923
2026-04-23 04:37:00+00:00,402.04998779296875,402.04998779296875,402.25,402.04998779296875,402.1499938964844,10009
2026-04-23 04:38:00+00:00,402.04998779296875,402.04998779296875,402.20001220703125,401.8999938964844,401.95001220703125,24029
2026-04-23 04:39:00+00:00,402.04998779296875,402.04998779296875,402.20001220703125,401.8999938964844,402.04998779296875,10239
2026-04-23 04:40:00+00:00,402.0,402.0,402.20001220703125,401.95001220703125,402.20001220703125,4805
2026-04-23 04:41:00+00:00,401.95001220703125,401.95001220703125,402.1000061035156,401.95001220703125,402.1000061035156,4995
2026-04-23 04:42:00+00:00,402.0,402.0,402.0,401.8500061035156,402.0,10514
2026-04-23 04:43:00+00:00,401.79998779296875,401.79998779296875,401.95001220703125,401.79998779296875,401.8500061035156,10022
2026-04-23 04:44:00+00:00,402.0,402.0,402.0,401.70001220703125,401.70001220703125,30095
2026-04-23 04:45:00+00:00,401.8999938964844,401.8999938964844,401.95001220703125,401.8500061035156,401.8999938964844,12851
2026-04-23 04:46:00+00:00,402.0,402.0,402.1499938964844,401.8500061035156,401.8500061035156,11958
2026-04-23 04:47:00+00:00,401.95001220703125,401.95001220703125,402.04998779296875,401.8500061035156,401.8500061035156,27339
2026-04-23 04:48:00+00:00,402.1000061035156,402.1000061035156,402.1000061035156,401.79998779296875,402.04998779296875,13876
2026-04-23 04:49:00+00:00,402.29998779296875,402.29998779296875,402.3500061035156,402.1499938964844,402.1499938964844,7082
2026-04-23 04:50:00+00:00,402.25,402.25,402.3999938964844,402.25,402.29998779296875,10863
2026-04-23 04:51:00+00:00,402.1499938964844,402.1499938964844,402.3999938964844,402.1000061035156,402.25,16207
2026-04-23 04:52:00+00:00,402.1000061035156,402.1000061035156,402.29998779296875,402.1000061035156,402.20001220703125,13110
2026-04-23 04:53:00+00:00,402.04998779296875,402.04998779296875,402.20001220703125,402.04998779296875,402.20001220703125,3539
2026-04-23 04:54:00+00:00,401.79998779296875,401.79998779296875,402.04998779296875,401.79998779296875,402.04998779296875,11018
2026-04-23 04:55:00+00:00,402.0,402.0,402.0,401.75,401.79998779296875,11057
2026-04-23 04:56:00+00:00,402.1000061035156,402.1000061035156,402.1499938964844,401.8999938964844,401.8999938964844,4721
2026-04-23 04:57:00+00:00,402.1499938964844,402.1499938964844,402.1499938964844,401.6499938964844,402.1499938964844,27012
2026-04-23 04:58:00+00:00,402.1000061035156,402.1000061035156,402.1499938964844,401.95001220703125,402.1499938964844,8092
2026-04-23 04:59:00+00:00,402.1000061035156,402.1000061035156,402.1499938964844,401.8999938964844,401.8999938964844,5958
2026-04-23 05:00:00+00:00,402.1499938964844,402.1499938964844,402.20001220703125,402.04998779296875,402.1499938964844,5886
2026-04-23 05:01:00+00:00,402.1000061035156,402.1000061035156,402.20001220703125,402.04998779296875,402.1499938964844,4742
2026-04-23 05:02:00+00:00,402.25,402.25,402.25,402.04998779296875,402.04998779296875,5696
2026-04-23 05:03:00+00:00,402.29998779296875,402.29998779296875,402.29998779296875,402.1499938964844,402.1499938964844,3442
2026-04-23 05:04:00+00:00,402.04998779296875,402.04998779296875,402.25,402.0,402.25,8209
2026-04-23 05:05:00+00:00,402.20001220703125,402.20001220703125,402.29998779296875,402.1000061035156,402.1000061035156,3489
2026-04-23 05:06:00+00:00,402.3500061035156,402.3500061035156,402.3500061035156,402.20001220703125,402.20001220703125,3681
2026-04-23 05:07:00+00:00,402.25,402.25,402.3999938964844,402.25,402.3999938964844,6171
2026-04-23 05:08:00+00:00,402.1000061035156,402.1000061035156,402.25,402.1000061035156,402.20001220703125,9045
2026-04-23 05:09:00+00:00,402.29998779296875,402.29998779296875,402.29998779296875,402.1499938964844,402.1499938964844,3014
2026-04-23 05:10:00+00:00,402.25,402.25,402.29998779296875,402.20001220703125,402.20001220703125,3884
2026-04-23 05:11:00+00:00,402.29998779296875,402.29998779296875,402.29998779296875,402.1499938964844,402.25,4587
2026-04-23 05:12:00+00:00,402.20001220703125,402.20001220703125,402.3500061035156,402.1499938964844,402.29998779296875,5455
2026-04-23 05:13:00+00:00,402.1000061035156,402.1000061035156,402.29998779296875,402.1000061035156,402.29998779296875,5099
2026-04-23 05:14:00+00:00,401.79998779296875,401.79998779296875,402.1499938964844,401.79998779296875,402.1499938964844,12770
2026-04-23 05:15:00+00:00,401.8500061035156,401.8500061035156,402.0,401.8500061035156,401.95001220703125,8456
2026-04-23 05:16:00+00:00,401.5,401.5,401.8500061035156,401.45001220703125,401.8500061035156,64513
2026-04-23 05:17:00+00:00,401.6000061035156,401.6000061035156,401.79998779296875,401.3500061035156,401.3500061035156,17080
2026-04-23 05:18:00+00:00,401.70001220703125,401.70001220703125,401.79998779296875,401.6499938964844,401.70001220703125,8093
2026-04-23 05:19:00+00:00,401.8500061035156,401.8500061035156,401.8999938964844,401.54998779296875,401.79998779296875,5425
2026-04-23 05:20:00+00:00,401.8500061035156,401.8500061035156,401.95001220703125,401.6499938964844,401.8999938964844,7375
2026-04-23 05:21:00+00:00,401.8999938964844,401.8999938964844,401.95001220703125,401.54998779296875,401.75,14878
2026-04-23 05:22:00+00:00,402.20001220703125,402.20001220703125,402.45001220703125,401.95001220703125,401.95001220703125,10225
2026-04-23 05:23:00+00:00,402.3999938964844,402.3999938964844,402.3999938964844,402.20001220703125,402.25,4123
2026-04-23 05:24:00+00:00,402.3999938964844,402.3999938964844,402.3999938964844,402.20001220703125,402.29998779296875,4487
2026-04-23 05:25:00+00:00,402.3500061035156,402.3500061035156,402.3999938964844,402.3500061035156,402.3999938964844,4023
2026-04-23 05:26:00+00:00,402.0,402.0,402.3500061035156,401.95001220703125,402.29998779296875,7287
2026-04-23 05:27:00+00:00,402.1000061035156,402.1000061035156,402.20001220703125,401.95001220703125,401.95001220703125,7932
2026-04-23 05:28:00+00:00,402.5,402.5,402.5,402.04998779296875,402.04998779296875,4474
2026-04-23 05:29:00+00:00,402.29998779296875,402.29998779296875,402.5,402.29998779296875,402.45001220703125,6139
2026-04-23 05:30:00+00:00,402.29998779296875,402.29998779296875,402.29998779296875,402.25,402.29998779296875,3184
2026-04-23 05:31:00+00:00,402.54998779296875,402.54998779296875,402.6000061035156,402.3999938964844,402.3999938964844,13903
2026-04-23 05:32:00+00:00,402.6000061035156,402.6000061035156,402.70001220703125,402.3999938964844,402.3999938964844,14531
2026-04-23 05:33:00+00:00,402.54998779296875,402.54998779296875,402.6499938964844,402.5,402.6000061035156,12974
2026-04-23 05:34:00+00:00,403.20001220703125,403.20001220703125,403.20001220703125,402.6499938964844,402.6499938964844,32720
2026-04-23 05:35:00+00:00,403.04998779296875,403.04998779296875,403.1499938964844,402.95001220703125,403.1499938964844,8372
2026-04-23 05:36:00+00:00,402.6000061035156,402.6000061035156,402.95001220703125,402.45001220703125,402.95001220703125,19298
2026-04-23 05:37:00+00:00,402.79998779296875,402.79998779296875,402.8500061035156,402.54998779296875,402.54998779296875,6307
2026-04-23 05:38:00+00:00,402.79998779296875,402.79998779296875,402.79998779296875,402.6000061035156,402.6499938964844,5097
2026-04-23 05:39:00+00:00,402.6499938964844,402.6499938964844,402.79998779296875,402.5,402.79998779296875,11047
2026-04-23 05:40:00+00:00,402.5,402.5,402.6499938964844,402.5,402.6000061035156,3609
2026-04-23 05:41:00+00:00,401.54998779296875,401.54998779296875,402.6000061035156,401.54998779296875,402.5,22456
2026-04-23 05:42:00+00:00,400.8999938964844,400.8999938964844,401.6499938964844,400.8500061035156,401.54998779296875,583722
2026-04-23 05:43:00+00:00,401.0,401.0,401.0,400.70001220703125,401.0,15913
2026-04-23 05:44:00+00:00,401.04998779296875,401.04998779296875,401.20001220703125,400.8500061035156,401.0,8843
2026-04-23 05:45:00+00:00,400.5,400.5,401.0,400.5,401.0,21950
2026-04-23 05:46:00+00:00,400.70001220703125,400.70001220703125,400.79998779296875,400.6000061035156,400.70001220703125,11615
2026-04-23 05:47:00+00:00,400.70001220703125,400.70001220703125,400.8500061035156,400.6499938964844,400.70001220703125,5688
2026-04-23 05:48:00+00:00,400.70001220703125,400.70001220703125,400.8500061035156,400.6499938964844,400.79998779296875,14164
2026-04-23 05:49:00+00:00,400.75,400.75,400.79998779296875,400.6499938964844,400.6499938964844,7603
2026-04-23 05:50:00+00:00,400.70001220703125,400.70001220703125,400.75,400.6499938964844,400.70001220703125,10564
2026-04-23 05:51:00+00:00,400.75,400.75,400.75,400.6000061035156,400.6000061035156,5210
2026-04-23 05:52:00+00:00,400.95001220703125,400.95001220703125,401.0,400.75,400.75,7242
2026-04-23 05:53:00+00:00,400.8999938964844,400.8999938964844,401.0,400.79998779296875,400.95001220703125,5664
2026-04-23 05:54:00+00:00,400.8500061035156,400.8500061035156,400.8999938964844,400.79998779296875,400.8999938964844,5001
2026-04-23 05:55:00+00:00,400.79998779296875,400.79998779296875,400.8999938964844,400.79998779296875,400.79998779296875,16393
2026-04-23 05:56:00+00:00,400.79998779296875,400.79998779296875,401.0,400.79998779296875,401.0,3836
2026-04-23 05:57:00+00:00,400.8500061035156,400.8500061035156,400.95001220703125,400.8500061035156,400.8500061035156,3270
2026-04-23 05:58:00+00:00,401.0,401.0,401.0,400.8500061035156,400.8500061035156,7902
2026-04-23 05:59:00+00:00,400.95001220703125,400.95001220703125,401.0,400.95001220703125,400.95001220703125,5851
2026-04-23 06:00:00+00:00,401.0,401.0,401.0,400.95001220703125,400.95001220703125,6618
2026-04-23 06:01:00+00:00,401.0,401.0,401.0,400.95001220703125,401.0,6279
2026-04-23 06:02:00+00:00,401.0,401.0,401.0,400.95001220703125,400.95001220703125,5014
2026-04-23 06:03:00+00:00,401.0,401.0,401.0,400.95001220703125,400.95001220703125,8451
2026-04-23 06:04:00+00:00,401.0,401.0,401.0,400.95001220703125,401.0,8038
2026-04-23 06:05:00+00:00,400.95001220703125,400.95001220703125,401.0,400.95001220703125,400.95001220703125,8601
2026-04-23 06:06:00+00:00,401.0,401.0,401.0,400.95001220703125,401.0,9037
2026-04-23 06:07:00+00:00,401.0,401.0,401.0,400.95001220703125,400.95001220703125,5812
2026-04-23 06:08:00+00:00,400.95001220703125,400.95001220703125,401.0,400.95001220703125,400.95001220703125,4801
2026-04-23 06:09:00+00:00,400.95001220703125,400.95001220703125,401.0,400.95001220703125,401.0,40035
2026-04-23 06:10:00+00:00,401.0,401.0,401.0,400.95001220703125,401.0,7004
2026-04-23 06:11:00+00:00,401.0,401.0,401.0,400.95001220703125,401.0,18441
2026-04-23 06:12:00+00:00,401.0,401.0,401.0,401.0,401.0,6396
2026-04-23 06:13:00+00:00,401.0,401.0,401.20001220703125,400.95001220703125,400.95001220703125,134798
2026-04-23 06:14:00+00:00,401.0,401.0,401.1000061035156,400.8999938964844,400.95001220703125,50160
2026-04-23 06:15:00+00:00,401.6000061035156,401.6000061035156,401.6000061035156,400.95001220703125,401.0,276010
2026-04-23 06:16:00+00:00,401.5,401.5,401.6499938964844,401.20001220703125,401.6000061035156,27277
2026-04-23 06:17:00+00:00,402.0,402.0,402.0,401.5,401.54998779296875,49037
2026-04-23 06:18:00+00:00,401.8500061035156,401.8500061035156,401.95001220703125,401.75,401.79998779296875,21411
2026-04-23 06:19:00+00:00,402.0,402.0,402.0,401.95001220703125,401.95001220703125,8043
2026-04-23 06:20:00+00:00,402.0,402.0,402.0,401.95001220703125,402.0,11366
2026-04-23 06:21:00+00:00,402.20001220703125,402.20001220703125,402.29998779296875,401.8999938964844,401.95001220703125,14070
2026-04-23 06:22:00+00:00,402.45001220703125,402.45001220703125,402.45001220703125,402.20001220703125,402.20001220703125,8237
2026-04-23 06:23:00+00:00,402.3500061035156,402.3500061035156,402.54998779296875,402.3500061035156,402.3999938964844,28149
2026-04-23 06:24:00+00:00,403.1000061035156,403.1000061035156,403.54998779296875,402.1499938964844,402.29998779296875,361457
2026-04-23 06:25:00+00:00,403.1000061035156,403.1000061035156,403.3500061035156,403.04998779296875,403.04998779296875,24527
2026-04-23 06:26:00+00:00,403.04998779296875,403.04998779296875,403.29998779296875,403.0,403.04998779296875,41236
2026-04-23 06:27:00+00:00,403.1000061035156,403.1000061035156,403.1000061035156,403.0,403.04998779296875,27843
2026-04-23 06:28:00+00:00,403.1499938964844,403.1499938964844,403.20001220703125,403.0,403.1000061035156,36759
2026-04-23 06:29:00+00:00,403.0,403.0,403.1499938964844,403.0,403.04998779296875,8100
2026-04-23 06:30:00+00:00,403.0,403.0,403.1000061035156,403.0,403.04998779296875,241282
2026-04-23 06:31:00+00:00,403.04998779296875,403.04998779296875,403.04998779296875,403.0,403.0,40286
2026-04-23 06:32:00+00:00,403.0,403.0,403.04998779296875,403.0,403.0,7257
2026-04-23 06:33:00+00:00,403.3999938964844,403.3999938964844,403.3999938964844,403.0,403.0,18336
2026-04-23 06:34:00+00:00,403.04998779296875,403.04998779296875,403.3999938964844,403.0,403.3999938964844,17960
2026-04-23 06:35:00+00:00,403.1499938964844,403.1499938964844,403.29998779296875,403.0,403.04998779296875,25158
2026-04-23 06:36:00+00:00,403.0,403.0,403.1499938964844,403.0,403.04998779296875,6997
2026-04-23 06:37:00+00:00,403.0,403.0,403.1499938964844,403.0,403.04998779296875,10751
2026-04-23 06:38:00+00:00,403.1499938964844,403.1499938964844,403.1499938964844,403.0,403.0,9248
2026-04-23 06:39:00+00:00,403.04998779296875,403.04998779296875,403.04998779296875,403.0,403.0,11864
2026-04-23 06:40:00+00:00,403.1499938964844,403.1499938964844,403.20001220703125,403.0,403.0,14222
2026-04-23 06:41:00+00:00,403.04998779296875,403.04998779296875,403.29998779296875,403.04998779296875,403.29998779296875,10700
2026-04-23 06:42:00+00:00,403.54998779296875,403.54998779296875,403.6000061035156,403.1000061035156,403.1000061035156,15703
2026-04-23 06:43:00+00:00,403.6000061035156,403.6000061035156,403.6000061035156,403.5,403.5,11033
2026-04-23 06:44:00+00:00,403.70001220703125,403.70001220703125,403.75,403.54998779296875,403.54998779296875,13463
2026-04-23 06:45:00+00:00,403.70001220703125,403.70001220703125,403.79998779296875,403.6499938964844,403.6499938964844,9649
2026-04-23 06:46:00+00:00,403.79998779296875,403.79998779296875,403.95001220703125,403.70001220703125,403.70001220703125,14030
2026-04-23 06:47:00+00:00,403.70001220703125,403.70001220703125,403.8500061035156,403.70001220703125,403.70001220703125,14552
2026-04-23 06:48:00+00:00,403.75,403.75,403.8500061035156,403.70001220703125,403.79998779296875,11193
2026-04-23 06:49:00+00:00,403.20001220703125,403.20001220703125,403.75,403.20001220703125,403.75,12652
2026-04-23 06:50:00+00:00,403.20001220703125,403.20001220703125,403.3999938964844,403.20001220703125,403.29998779296875,12467
2026-04-23 06:51:00+00:00,403.29998779296875,403.29998779296875,403.45001220703125,403.20001220703125,403.20001220703125,9630
2026-04-23 06:52:00+00:00,403.6499938964844,403.6499938964844,403.6499938964844,403.29998779296875,403.29998779296875,9021
2026-04-23 06:53:00+00:00,403.70001220703125,403.70001220703125,403.70001220703125,403.6000061035156,403.6000061035156,7728
2026-04-23 06:54:00+00:00,403.75,403.75,403.95001220703125,403.6499938964844,403.6499938964844,7085
2026-04-23 06:55:00+00:00,403.5,403.5,403.79998779296875,403.45001220703125,403.79998779296875,10837
2026-04-23 06:56:00+00:00,403.3500061035156,403.3500061035156,403.5,403.29998779296875,403.5,12161
2026-04-23 06:57:00+00:00,403.1000061035156,403.1000061035156,403.3500061035156,403.0,403.29998779296875,14356
2026-04-23 06:58:00+00:00,403.29998779296875,403.29998779296875,403.29998779296875,403.0,403.1000061035156,13838
2026-04-23 06:59:00+00:00,403.1499938964844,403.1499938964844,403.3500061035156,403.1000061035156,403.3500061035156,8994
2026-04-23 07:00:00+00:00,403.04998779296875,403.04998779296875,403.1499938964844,403.0,403.1499938964844,14280
2026-04-23 07:01:00+00:00,403.20001220703125,403.20001220703125,403.25,403.0,403.04998779296875,36640
2026-04-23 07:02:00+00:00,403.1000061035156,403.1000061035156,403.3999938964844,403.1000061035156,403.1499938964844,14503
2026-04-23 07:03:00+00:00,403.75,403.75,403.75,403.04998779296875,403.04998779296875,9585
2026-04-23 07:04:00+00:00,403.6499938964844,403.6499938964844,403.75,403.54998779296875,403.70001220703125,11282
2026-04-23 07:05:00+00:00,403.79998779296875,403.79998779296875,403.8999938964844,403.6000061035156,403.6499938964844,7851
2026-04-23 07:06:00+00:00,403.6499938964844,403.6499938964844,403.75,403.6000061035156,403.75,10601
2026-04-23 07:07:00+00:00,403.70001220703125,403.70001220703125,403.8500061035156,403.70001220703125,403.70001220703125,8475
2026-04-23 07:08:00+00:00,403.6499938964844,403.6499938964844,403.6499938964844,403.54998779296875,403.6499938964844,7103
2026-04-23 07:09:00+00:00,403.79998779296875,403.79998779296875,403.8500061035156,403.6000061035156,403.6499938964844,5205
2026-04-23 07:10:00+00:00,403.8500061035156,403.8500061035156,403.8500061035156,403.75,403.75,6923
2026-04-23 07:11:00+00:00,403.79998779296875,403.79998779296875,403.8500061035156,403.70001220703125,403.8500061035156,6683
2026-04-23 07:12:00+00:00,403.3999938964844,403.3999938964844,403.70001220703125,403.3999938964844,403.6000061035156,13557
2026-04-23 07:13:00+00:00,403.45001220703125,403.45001220703125,403.5,403.3999938964844,403.3999938964844,5373
2026-04-23 07:14:00+00:00,403.54998779296875,403.54998779296875,403.54998779296875,403.45001220703125,403.45001220703125,4614
2026-04-23 07:15:00+00:00,403.5,403.5,403.54998779296875,403.5,403.5,4967
2026-04-23 07:16:00+00:00,403.3500061035156,403.3500061035156,403.5,403.3500061035156,403.5,6526
2026-04-23 07:17:00+00:00,403.5,403.5,403.6000061035156,403.29998779296875,403.29998779296875,7111
2026-04-23 07:18:00+00:00,403.3500061035156,403.3500061035156,403.54998779296875,403.3500061035156,403.5,8579
2026-04-23 07:19:00+00:00,403.45001220703125,403.45001220703125,403.5,403.20001220703125,403.3500061035156,8987
2026-04-23 07:20:00+00:00,403.45001220703125,403.45001220703125,403.45001220703125,403.29998779296875,403.3999938964844,11722
2026-04-23 07:21:00+00:00,403.3500061035156,403.3500061035156,403.3999938964844,403.25,403.3500061035156,6239
2026-04-23 07:22:00+00:00,403.3999938964844,403.3999938964844,403.45001220703125,403.25,403.3500061035156,23280
2026-04-23 07:23:00+00:00,403.45001220703125,403.45001220703125,403.5,403.3999938964844,403.3999938964844,7489
2026-04-23 07:24:00+00:00,403.54998779296875,403.54998779296875,403.54998779296875,403.45001220703125,403.45001220703125,5551
2026-04-23 07:25:00+00:00,403.5,403.5,403.54998779296875,403.5,403.54998779296875,6125
2026-04-23 07:26:00+00:00,403.75,403.75,403.75,403.5,403.5,7943
2026-04-23 07:27:00+00:00,403.54998779296875,403.54998779296875,403.79998779296875,403.5,403.6499938964844,16490
2026-04-23 07:28:00+00:00,403.45001220703125,403.45001220703125,403.54998779296875,403.45001220703125,403.54998779296875,6517
2026-04-23 07:29:00+00:00,403.45001220703125,403.45001220703125,403.6000061035156,403.45001220703125,403.5,6930
2026-04-23 07:30:00+00:00,403.5,403.5,403.54998779296875,403.5,403.54998779296875,6206
2026-04-23 07:31:00+00:00,403.1000061035156,403.1000061035156,403.3999938964844,403.0,403.3999938964844,19296
2026-04-23 07:32:00+00:00,403.1499938964844,403.1499938964844,403.29998779296875,403.04998779296875,403.04998779296875,30468
2026-04-23 07:33:00+00:00,403.1000061035156,403.1000061035156,403.1499938964844,403.1000061035156,403.1000061035156,5251
2026-04-23 07:34:00+00:00,403.25,403.25,403.29998779296875,403.1499938964844,403.1499938964844,7015
2026-04-23 07:35:00+00:00,403.45001220703125,403.45001220703125,403.5,403.20001220703125,403.25,6849
2026-04-23 07:36:00+00:00,403.3999938964844,403.3999938964844,403.5,403.3999938964844,403.5,6932
2026-04-23 07:37:00+00:00,403.20001220703125,403.20001220703125,403.3999938964844,403.20001220703125,403.3999938964844,6373
2026-04-23 07:38:00+00:00,403.3500061035156,403.3500061035156,403.3999938964844,403.20001220703125,403.25,8097
2026-04-23 07:39:00+00:00,403.6000061035156,403.6000061035156,403.6000061035156,403.3500061035156,403.3500061035156,7481
2026-04-23 07:40:00+00:00,403.54998779296875,403.54998779296875,403.6499938964844,403.5,403.5,9805
2026-04-23 07:41:00+00:00,404.1000061035156,404.1000061035156,404.1000061035156,403.75,404.0,139754
2026-04-23 07:42:00+00:00,404.0,404.0,404.25,404.0,404.04998779296875,15815
2026-04-23 07:43:00+00:00,404.04998779296875,404.04998779296875,404.1499938964844,404.0,404.04998779296875,13002
2026-04-23 07:44:00+00:00,404.20001220703125,404.20001220703125,404.25,404.0,404.04998779296875,14495
2026-04-23 07:45:00+00:00,404.1000061035156,404.1000061035156,404.20001220703125,404.1000061035156,404.20001220703125,9836
2026-04-23 07:46:00+00:00,404.3500061035156,404.3500061035156,404.3500061035156,404.04998779296875,404.1000061035156,309843
2026-04-23 07:47:00+00:00,404.25,404.25,404.3999938964844,404.1499938964844,404.3500061035156,16809
2026-04-23 07:48:00+00:00,404.45001220703125,404.45001220703125,404.5,404.25,404.25,13331
2026-04-23 07:49:00+00:00,404.3999938964844,404.3999938964844,404.54998779296875,404.3500061035156,404.45001220703125,63123
2026-04-23 07:50:00+00:00,404.6499938964844,404.6499938964844,404.70001220703125,404.5,404.54998779296875,28750
2026-04-23 07:51:00+00:00,404.70001220703125,404.70001220703125,404.75,404.6000061035156,404.6499938964844,25929
2026-04-23 07:52:00+00:00,404.75,404.75,404.75,404.54998779296875,404.6499938964844,29769
2026-04-23 07:53:00+00:00,404.70001220703125,404.70001220703125,404.8999938964844,404.6499938964844,404.8999938964844,36640
2026-04-23 07:54:00+00:00,404.1000061035156,404.1000061035156,404.75,404.1000061035156,404.6499938964844,39678
2026-04-23 07:55:00+00:00,404.25,404.25,404.5,404.1000061035156,404.1499938964844,12338
2026-04-23 07:56:00+00:00,404.1000061035156,404.1000061035156,404.20001220703125,404.04998779296875,404.20001220703125,14790
2026-04-23 07:57:00+00:00,404.1000061035156,404.1000061035156,404.20001220703125,404.1000061035156,404.1499938964844,8396
2026-04-23 07:58:00+00:00,404.3500061035156,404.3500061035156,404.3500061035156,404.1000061035156,404.1499938964844,9636
2026-04-23 07:59:00+00:00,404.3999938964844,404.3999938964844,404.45001220703125,404.20001220703125,404.29998779296875,10642
2026-04-23 08:00:00+00:00,404.29998779296875,404.29998779296875,404.45001220703125,404.20001220703125,404.3999938964844,7528
2026-04-23 08:01:00+00:00,404.1000061035156,404.1000061035156,404.29998779296875,404.1000061035156,404.20001220703125,11051
2026-04-23 08:02:00+00:00,404.20001220703125,404.20001220703125,404.29998779296875,404.1000061035156,404.1499938964844,19005
2026-04-23 08:03:00+00:00,404.20001220703125,404.20001220703125,404.29998779296875,404.1000061035156,404.1000061035156,8071
2026-04-23 08:04:00+00:00,404.29998779296875,404.29998779296875,404.29998779296875,404.20001220703125,404.25,10761
2026-04-23 08:05:00+00:00,404.0,404.0,404.1499938964844,404.0,404.1499938964844,16892
2026-04-23 08:06:00+00:00,403.8500061035156,403.8500061035156,404.0,403.79998779296875,404.0,9806
2026-04-23 08:07:00+00:00,403.79998779296875,403.79998779296875,403.8500061035156,403.79998779296875,403.8500061035156,12738
2026-04-23 08:08:00+00:00,403.8500061035156,403.8500061035156,404.1000061035156,403.8500061035156,403.95001220703125,24331
2026-04-23 08:09:00+00:00,403.8999938964844,403.8999938964844,403.95001220703125,403.75,403.8500061035156,12940
2026-04-23 08:10:00+00:00,404.0,404.0,404.0,403.79998779296875,403.8999938964844,24293
2026-04-23 08:11:00+00:00,403.8500061035156,403.8500061035156,404.04998779296875,403.8500061035156,404.0,23528
2026-04-23 08:12:00+00:00,404.45001220703125,404.45001220703125,404.5,403.79998779296875,403.8500061035156,36019
2026-04-23 08:13:00+00:00,404.6000061035156,404.6000061035156,404.6000061035156,404.3500061035156,404.3999938964844,9112
2026-04-23 08:14:00+00:00,404.70001220703125,404.70001220703125,404.70001220703125,404.54998779296875,404.54998779296875,10186
2026-04-23 08:15:00+00:00,404.6499938964844,404.6499938964844,404.70001220703125,404.45001220703125,404.70001220703125,21540
2026-04-23 08:16:00+00:00,404.6000061035156,404.6000061035156,404.6499938964844,404.6000061035156,404.6000061035156,30685
2026-04-23 08:17:00+00:00,404.54998779296875,404.54998779296875,404.6499938964844,404.54998779296875,404.6000061035156,26526
2026-04-23 08:18:00+00:00,404.3999938964844,404.3999938964844,404.54998779296875,404.3999938964844,404.54998779296875,45238
2026-04-23 08:19:00+00:00,404.0,404.0,404.45001220703125,403.70001220703125,404.45001220703125,81706
2026-04-23 08:20:00+00:00,404.29998779296875,404.29998779296875,404.3500061035156,404.0,404.04998779296875,39912
2026-04-23 08:21:00+00:00,404.54998779296875,404.54998779296875,404.6000061035156,404.3999938964844,404.45001220703125,34049
2026-04-23 08:22:00+00:00,404.3999938964844,404.3999938964844,404.5,404.3999938964844,404.5,65611
2026-04-23 08:23:00+00:00,404.3999938964844,404.3999938964844,404.45001220703125,404.3999938964844,404.45001220703125,34974
2026-04-23 08:24:00+00:00,404.3999938964844,404.3999938964844,404.3999938964844,404.3500061035156,404.3999938964844,29420
2026-04-23 08:25:00+00:00,404.3999938964844,404.3999938964844,404.45001220703125,404.3500061035156,404.3500061035156,11224
2026-04-23 08:26:00+00:00,404.6000061035156,404.6000061035156,404.6000061035156,404.20001220703125,404.3999938964844,61796
2026-04-23 08:27:00+00:00,404.6000061035156,404.6000061035156,404.6000061035156,404.5,404.6000061035156,7510
2026-04-23 08:28:00+00:00,404.1499938964844,404.1499938964844,404.6000061035156,404.1499938964844,404.6000061035156,90666
2026-04-23 08:29:00+00:00,404.29998779296875,404.29998779296875,404.29998779296875,404.1000061035156,404.1000061035156,25479
2026-04-23 08:30:00+00:00,404.29998779296875,404.29998779296875,404.29998779296875,404.1000061035156,404.29998779296875,79925
2026-04-23 08:31:00+00:00,404.25,404.25,404.3999938964844,404.25,404.29998779296875,8905
2026-04-23 08:32:00+00:00,404.5,404.5,404.5,404.25,404.29998779296875,26719
2026-04-23 08:33:00+00:00,404.3999938964844,404.3999938964844,404.6000061035156,404.25,404.5,101607
2026-04-23 08:34:00+00:00,404.5,404.5,404.54998779296875,404.3500061035156,404.3500061035156,13081
2026-04-23 08:35:00+00:00,404.3999938964844,404.3999938964844,404.5,404.1499938964844,404.5,11999
2026-04-23 08:36:00+00:00,404.45001220703125,404.45001220703125,404.45001220703125,404.29998779296875,404.3999938964844,10296
2026-04-23 08:37:00+00:00,404.25,404.25,404.3999938964844,404.25,404.3999938964844,9290
2026-04-23 08:38:00+00:00,404.20001220703125,404.20001220703125,404.25,404.04998779296875,404.25,7656
2026-04-23 08:39:00+00:00,404.1499938964844,404.1499938964844,404.25,404.04998779296875,404.25,9550
2026-04-23 08:40:00+00:00,403.8500061035156,403.8500061035156,404.1000061035156,403.75,404.1000061035156,20080
2026-04-23 08:41:00+00:00,403.95001220703125,403.95001220703125,404.0,403.8500061035156,403.8500061035156,8025
2026-04-23 08:42:00+00:00,404.0,404.0,404.0,403.8500061035156,403.95001220703125,8998
2026-04-23 08:43:00+00:00,403.75,403.75,403.8999938964844,403.75,403.8999938964844,7263
2026-04-23 08:44:00+00:00,403.6499938964844,403.6499938964844,403.79998779296875,403.6000061035156,403.79998779296875,11696
2026-04-23 08:45:00+00:00,404.0,404.0,404.0,403.6499938964844,403.70001220703125,8885
2026-04-23 08:46:00+00:00,404.04998779296875,404.04998779296875,404.1000061035156,403.8500061035156,404.0,7744
2026-04-23 08:47:00+00:00,404.0,404.0,404.1000061035156,403.95001220703125,404.0,16204
2026-04-23 08:48:00+00:00,403.8999938964844,403.8999938964844,404.0,403.8500061035156,403.95001220703125,7843
2026-04-23 08:49:00+00:00,403.45001220703125,403.45001220703125,403.95001220703125,403.45001220703125,403.95001220703125,28213
2026-04-23 08:50:00+00:00,403.54998779296875,403.54998779296875,403.54998779296875,403.29998779296875,403.3999938964844,33705
2026-04-23 08:51:00+00:00,403.6000061035156,403.6000061035156,403.6499938964844,403.5,403.54998779296875,10196
2026-04-23 08:52:00+00:00,403.3999938964844,403.3999938964844,403.45001220703125,403.25,403.25,8428
2026-04-23 08:53:00+00:00,403.3999938964844,403.3999938964844,403.6000061035156,403.3999938964844,403.45001220703125,10526
2026-04-23 08:54:00+00:00,403.3500061035156,403.3500061035156,403.5,403.3500061035156,403.5,18936
2026-04-23 08:55:00+00:00,403.54998779296875,403.54998779296875,403.6000061035156,403.25,403.29998779296875,23987
2026-04-23 08:56:00+00:00,403.5,403.5,403.6000061035156,403.3999938964844,403.5,17296
2026-04-23 08:57:00+00:00,403.6499938964844,403.6499938964844,403.6499938964844,403.5,403.5,9585
2026-04-23 08:58:00+00:00,403.70001220703125,403.70001220703125,403.70001220703125,403.3999938964844,403.6499938964844,13588
2026-04-23 08:59:00+00:00,403.29998779296875,403.29998779296875,403.70001220703125,403.29998779296875,403.70001220703125,9669
2026-04-23 09:00:00+00:00,403.3500061035156,403.3500061035156,403.3500061035156,403.25,403.29998779296875,4425
2026-04-23 09:01:00+00:00,403.25,403.25,403.3999938964844,403.25,403.29998779296875,5713
2026-04-23 09:02:00+00:00,403.1000061035156,403.1000061035156,403.25,403.04998779296875,403.20001220703125,8322
2026-04-23 09:03:00+00:00,403.1499938964844,403.1499938964844,403.29998779296875,403.1499938964844,403.29998779296875,7984
2026-04-23 09:04:00+00:00,402.45001220703125,402.45001220703125,403.20001220703125,402.3999938964844,403.1499938964844,26200
2026-04-23 09:05:00+00:00,402.29998779296875,402.29998779296875,402.45001220703125,402.20001220703125,402.3999938964844,10783
2026-04-23 09:06:00+00:00,402.3999938964844,402.3999938964844,402.54998779296875,402.3999938964844,402.54998779296875,5016
2026-04-23 09:07:00+00:00,402.25,402.25,402.45001220703125,402.25,402.45001220703125,9696
2026-04-23 09:08:00+00:00,402.3999938964844,402.3999938964844,402.3999938964844,402.20001220703125,402.3500061035156,18676
2026-04-23 09:09:00+00:00,402.6499938964844,402.6499938964844,402.6499938964844,402.3999938964844,402.3999938964844,18782
2026-04-23 09:10:00+00:00,402.5,402.5,402.54998779296875,402.3999938964844,402.5,28446
2026-04-23 09:11:00+00:00,402.6000061035156,402.6000061035156,402.6000061035156,402.3500061035156,402.3999938964844,10450
2026-04-23 09:12:00+00:00,402.70001220703125,402.70001220703125,402.8999938964844,402.45001220703125,402.6000061035156,12368
2026-04-23 09:13:00+00:00,402.5,402.5,402.8999938964844,402.5,402.8999938964844,12723
2026-04-23 09:14:00+00:00,402.54998779296875,402.54998779296875,402.75,402.5,402.5,18344
2026-04-23 09:15:00+00:00,402.79998779296875,402.79998779296875,402.79998779296875,402.54998779296875,402.54998779296875,10277
2026-04-23 09:16:00+00:00,402.70001220703125,402.70001220703125,402.8999938964844,402.6499938964844,402.8999938964844,11220
2026-04-23 09:17:00+00:00,403.0,403.0,403.0,402.70001220703125,402.8999938964844,22394
2026-04-23 09:18:00+00:00,403.0,403.0,403.1499938964844,403.0,403.0,35365
2026-04-23 09:19:00+00:00,402.95001220703125,402.95001220703125,403.0,402.8999938964844,402.95001220703125,5046
2026-04-23 09:20:00+00:00,403.1000061035156,403.1000061035156,403.1000061035156,402.8999938964844,402.95001220703125,50610
2026-04-23 09:21:00+00:00,403.04998779296875,403.04998779296875,403.1499938964844,403.04998779296875,403.1000061035156,18977
2026-04-23 09:22:00+00:00,403.1000061035156,403.1000061035156,403.1000061035156,403.0,403.0,6123
2026-04-23 09:23:00+00:00,403.0,403.0,403.1000061035156,402.95001220703125,403.1000061035156,5856
2026-04-23 09:24:00+00:00,403.0,403.0,403.0,403.0,403.0,5620
2026-04-23 09:25:00+00:00,402.54998779296875,402.54998779296875,402.95001220703125,402.54998779296875,402.8500061035156,13241
2026-04-23 09:26:00+00:00,402.6000061035156,402.6000061035156,402.6499938964844,402.5,402.6499938964844,18333
2026-04-23 09:27:00+00:00,402.6000061035156,402.6000061035156,402.6000061035156,402.5,402.6000061035156,14373
2026-04-23 09:28:00+00:00,402.5,402.5,402.6000061035156,402.3500061035156,402.6000061035156,15998
2026-04-23 09:29:00+00:00,402.29998779296875,402.29998779296875,402.5,402.0,402.5,21683
2026-04-23 09:30:00+00:00,402.3500061035156,402.3500061035156,402.5,402.25,402.3500061035156,20897
2026-04-23 09:31:00+00:00,402.6499938964844,402.6499938964844,402.6499938964844,402.29998779296875,402.29998779296875,25693
2026-04-23 09:32:00+00:00,402.5,402.5,402.75,402.5,402.6499938964844,33577
2026-04-23 09:33:00+00:00,402.3999938964844,402.3999938964844,402.54998779296875,402.3999938964844,402.54998779296875,24401
2026-04-23 09:34:00+00:00,402.1499938964844,402.1499938964844,402.3999938964844,402.1499938964844,402.3500061035156,31363
2026-04-23 09:35:00+00:00,402.04998779296875,402.04998779296875,402.3500061035156,402.04998779296875,402.29998779296875,24127
2026-04-23 09:36:00+00:00,402.1000061035156,402.1000061035156,402.1000061035156,402.0,402.1000061035156,53492
2026-04-23 09:37:00+00:00,402.29998779296875,402.29998779296875,402.45001220703125,402.0,402.1000061035156,34252
2026-04-23 09:38:00+00:00,402.25,402.25,402.29998779296875,402.1000061035156,402.25,31447
2026-04-23 09:39:00+00:00,402.04998779296875,402.04998779296875,402.25,402.04998779296875,402.25,21496
2026-04-23 09:40:00+00:00,402.20001220703125,402.20001220703125,402.3999938964844,402.04998779296875,402.3999938964844,64660
2026-04-23 09:41:00+00:00,402.0,402.0,402.1499938964844,402.0,402.1000061035156,25354
2026-04-23 09:42:00+00:00,402.1000061035156,402.1000061035156,402.1000061035156,402.0,402.04998779296875,103055
2026-04-23 09:43:00+00:00,401.75,401.75,402.1000061035156,401.75,402.04998779296875,34398
2026-04-23 09:44:00+00:00,402.1499938964844,402.1499938964844,402.5,401.75,401.75,114664
2026-04-23 09:45:00+00:00,402.3999938964844,402.3999938964844,402.5,402.1000061035156,402.25,33291
2026-04-23 09:46:00+00:00,402.5,402.5,402.5,402.29998779296875,402.5,26297
2026-04-23 09:47:00+00:00,402.8500061035156,402.8500061035156,402.8500061035156,402.3999938964844,402.3999938964844,30740
2026-04-23 09:48:00+00:00,402.29998779296875,402.29998779296875,402.6499938964844,402.29998779296875,402.6499938964844,36212
2026-04-23 09:49:00+00:00,402.5,402.5,402.6000061035156,402.3500061035156,402.3500061035156,37780
2026-04-23 09:50:00+00:00,402.45001220703125,402.45001220703125,402.54998779296875,402.3500061035156,402.5,25695
2026-04-23 09:51:00+00:00,402.5,402.5,402.5,402.20001220703125,402.45001220703125,48143
2026-04-23 09:52:00+00:00,402.29998779296875,402.29998779296875,402.5,402.29998779296875,402.5,36571
2026-04-23 09:53:00+00:00,402.20001220703125,402.20001220703125,402.25,402.04998779296875,402.25,38146
2026-04-23 09:54:00+00:00,402.3500061035156,402.3500061035156,402.3500061035156,402.20001220703125,402.20001220703125,36356
2026-04-23 09:55:00+00:00,402.29998779296875,402.29998779296875,402.3500061035156,402.20001220703125,402.3500061035156,33925
2026-04-23 09:56:00+00:00,402.3500061035156,402.3500061035156,402.3500061035156,402.1000061035156,402.25,35747
2026-04-23 09:57:00+00:00,402.6000061035156,402.6000061035156,402.6000061035156,402.29998779296875,402.3500061035156,34160
2026-04-23 09:58:00+00:00,402.5,402.5,402.6499938964844,402.5,402.54998779296875,53100
2026-04-23 09:59:00+00:00,402.25,402.25,403.0,402.25,402.45001220703125,30175
2026-04-24 03:45:00+00:00,404.54998779296875,404.54998779296875,405.25,403.5,403.95001220703125,0
2026-04-24 03:46:00+00:00,404.20001220703125,404.20001220703125,404.5,404.0,404.0,28639
2026-04-24 03:47:00+00:00,403.54998779296875,403.54998779296875,403.95001220703125,403.29998779296875,403.95001220703125,46642
2026-04-24 03:48:00+00:00,403.6000061035156,403.6000061035156,404.04998779296875,403.6000061035156,403.6000061035156,30173
2026-04-24 03:49:00+00:00,403.3500061035156,403.3500061035156,403.75,403.3500061035156,403.6499938964844,10030
2026-04-24 03:50:00+00:00,403.1499938964844,403.1499938964844,403.54998779296875,403.04998779296875,403.54998779296875,7549
2026-04-24 03:51:00+00:00,403.20001220703125,403.20001220703125,403.29998779296875,403.1499938964844,403.1499938964844,18959
2026-04-24 03:52:00+00:00,403.75,403.75,403.75,403.3999938964844,403.5,9422
2026-04-24 03:53:00+00:00,403.6000061035156,403.6000061035156,404.0,403.6000061035156,404.0,7746
2026-04-24 03:54:00+00:00,403.70001220703125,403.70001220703125,403.8999938964844,403.6000061035156,403.79998779296875,3505
2026-04-24 03:55:00+00:00,403.3500061035156,403.3500061035156,403.5,403.29998779296875,403.5,9312
2026-04-24 03:56:00+00:00,403.1000061035156,403.1000061035156,403.45001220703125,403.1000061035156,403.45001220703125,16812
2026-04-24 03:57:00+00:00,402.8500061035156,402.8500061035156,402.95001220703125,402.79998779296875,402.8500061035156,5505
2026-04-24 03:58:00+00:00,402.75,402.75,402.8500061035156,402.54998779296875,402.79998779296875,15765
2026-04-24 03:59:00+00:00,402.54998779296875,402.54998779296875,402.8999938964844,402.5,402.8999938964844,4075
2026-04-24 04:00:00+00:00,402.29998779296875,402.29998779296875,402.5,402.29998779296875,402.3500061035156,12057
2026-04-24 04:01:00+00:00,402.3999938964844,402.3999938964844,402.54998779296875,402.29998779296875,402.29998779296875,6082
2026-04-24 04:02:00+00:00,401.5,401.5,402.3999938964844,401.5,402.3999938964844,16252
2026-04-24 04:03:00+00:00,401.3999938964844,401.3999938964844,401.6000061035156,401.20001220703125,401.6000061035156,8855
2026-04-24 04:04:00+00:00,401.1000061035156,401.1000061035156,401.3999938964844,401.04998779296875,401.3999938964844,8611
2026-04-24 04:05:00+00:00,401.70001220703125,401.70001220703125,401.70001220703125,401.20001220703125,401.25,16892
2026-04-24 04:06:00+00:00,401.29998779296875,401.29998779296875,401.70001220703125,401.29998779296875,401.6499938964844,13252
2026-04-24 04:07:00+00:00,401.29998779296875,401.29998779296875,401.45001220703125,401.20001220703125,401.25,6745
2026-04-24 04:08:00+00:00,400.8999938964844,400.8999938964844,401.1499938964844,400.8999938964844,401.1499938964844,13438
2026-04-24 04:09:00+00:00,400.5,400.5,401.0,400.5,400.95001220703125,7309
2026-04-24 04:10:00+00:00,400.70001220703125,400.70001220703125,400.70001220703125,400.5,400.5,12182
2026-04-24 04:11:00+00:00,400.8999938964844,400.8999938964844,400.8999938964844,400.6499938964844,400.79998779296875,6227
2026-04-24 04:12:00+00:00,400.79998779296875,400.79998779296875,400.8999938964844,400.79998779296875,400.79998779296875,3471
2026-04-24 04:13:00+00:00,400.45001220703125,400.45001220703125,400.75,400.45001220703125,400.75,10613
2026-04-24 04:14:00+00:00,400.70001220703125,400.70001220703125,400.75,400.5,400.54998779296875,10828
2026-04-24 04:15:00+00:00,400.70001220703125,400.70001220703125,400.79998779296875,400.6499938964844,400.75,5403
2026-04-24 04:16:00+00:00,400.29998779296875,400.29998779296875,400.75,400.29998779296875,400.75,9176
2026-04-24 04:17:00+00:00,400.1499938964844,400.1499938964844,400.3500061035156,400.1000061035156,400.3500061035156,6211
2026-04-24 04:18:00+00:00,400.29998779296875,400.29998779296875,400.3999938964844,400.1000061035156,400.1000061035156,10166
2026-04-24 04:19:00+00:00,400.70001220703125,400.70001220703125,400.70001220703125,400.29998779296875,400.3500061035156,4542
2026-04-24 04:20:00+00:00,399.6000061035156,399.6000061035156,400.75,399.54998779296875,400.70001220703125,38802
2026-04-24 04:21:00+00:00,400.3999938964844,400.3999938964844,400.3999938964844,399.6000061035156,399.70001220703125,9047
2026-04-24 04:22:00+00:00,400.29998779296875,400.29998779296875,400.70001220703125,400.29998779296875,400.5,25307
2026-04-24 04:23:00+00:00,399.8999938964844,399.8999938964844,400.45001220703125,399.8500061035156,400.45001220703125,60478
2026-04-24 04:24:00+00:00,400.3500061035156,400.3500061035156,400.95001220703125,399.79998779296875,399.8999938964844,12609
2026-04-24 04:25:00+00:00,399.8500061035156,399.8500061035156,400.3500061035156,399.5,400.3500061035156,17320
2026-04-24 04:26:00+00:00,399.70001220703125,399.70001220703125,399.95001220703125,399.70001220703125,399.8500061035156,5108
2026-04-24 04:27:00+00:00,399.75,399.75,399.8500061035156,399.75,399.8500061035156,5263
2026-04-24 04:28:00+00:00,399.5,399.5,399.8999938964844,399.5,399.8999938964844,9986
2026-04-24 04:29:00+00:00,399.45001220703125,399.45001220703125,399.6499938964844,399.3500061035156,399.6000061035156,12106
2026-04-24 04:30:00+00:00,400.0,400.0,400.0,399.6000061035156,399.6000061035156,11179
2026-04-24 04:31:00+00:00,400.20001220703125,400.20001220703125,400.20001220703125,399.95001220703125,399.95001220703125,9477
2026-04-24 04:32:00+00:00,400.20001220703125,400.20001220703125,400.25,400.0,400.20001220703125,7813
2026-04-24 04:33:00+00:00,400.6000061035156,400.6000061035156,400.70001220703125,400.1499938964844,400.1499938964844,20939
2026-04-24 04:34:00+00:00,399.8999938964844,399.8999938964844,400.70001220703125,399.8999938964844,400.70001220703125,32141
2026-04-24 04:35:00+00:00,400.04998779296875,400.04998779296875,400.25,399.95001220703125,399.95001220703125,8862
2026-04-24 04:36:00+00:00,400.25,400.25,400.25,400.1499938964844,400.20001220703125,4288
2026-04-24 04:37:00+00:00,400.3999938964844,400.3999938964844,400.45001220703125,400.25,400.25,3603
2026-04-24 04:38:00+00:00,400.8500061035156,400.8500061035156,400.8500061035156,400.3999938964844,400.3999938964844,10351
2026-04-24 04:39:00+00:00,400.54998779296875,400.54998779296875,400.8999938964844,400.54998779296875,400.75,10739
2026-04-24 04:40:00+00:00,400.6499938964844,400.6499938964844,400.70001220703125,400.45001220703125,400.70001220703125,4822
2026-04-24 04:41:00+00:00,400.8500061035156,400.8500061035156,400.8999938964844,400.3999938964844,400.3999938964844,6070
2026-04-24 04:42:00+00:00,400.8999938964844,400.8999938964844,400.95001220703125,400.79998779296875,400.8999938964844,2960
2026-04-24 04:43:00+00:00,400.54998779296875,400.54998779296875,400.8500061035156,400.54998779296875,400.79998779296875,6134
2026-04-24 04:44:00+00:00,400.75,400.75,400.79998779296875,400.3999938964844,400.75,41317
2026-04-24 04:45:00+00:00,400.79998779296875,400.79998779296875,400.8500061035156,400.6499938964844,400.70001220703125,6072
2026-04-24 04:46:00+00:00,400.6499938964844,400.6499938964844,400.8500061035156,400.6499938964844,400.79998779296875,2361
2026-04-24 04:47:00+00:00,400.70001220703125,400.70001220703125,400.75,400.6000061035156,400.75,3638
2026-04-24 04:48:00+00:00,400.6499938964844,400.6499938964844,400.75,400.54998779296875,400.70001220703125,3717
2026-04-24 04:49:00+00:00,400.45001220703125,400.45001220703125,400.6499938964844,400.45001220703125,400.6499938964844,4054
2026-04-24 04:50:00+00:00,400.29998779296875,400.29998779296875,400.3999938964844,400.25,400.3999938964844,1872
2026-04-24 04:51:00+00:00,400.5,400.5,400.6000061035156,400.25,400.45001220703125,2084
2026-04-24 04:52:00+00:00,400.5,400.5,400.54998779296875,400.45001220703125,400.45001220703125,2176
2026-04-24 04:53:00+00:00,400.6499938964844,400.6499938964844,400.6499938964844,400.45001220703125,400.45001220703125,2088
2026-04-24 04:54:00+00:00,400.70001220703125,400.70001220703125,400.75,400.5,400.6000061035156,4041
2026-04-24 04:55:00+00:00,401.1000061035156,401.1000061035156,401.1499938964844,400.5,400.70001220703125,71884
2026-04-24 04:56:00+00:00,401.20001220703125,401.20001220703125,401.25,401.1499938964844,401.1499938964844,30498
2026-04-24 04:57:00+00:00,401.0,401.0,401.20001220703125,401.0,401.20001220703125,4316
2026-04-24 04:58:00+00:00,401.0,401.0,401.04998779296875,400.8999938964844,400.95001220703125,5020
2026-04-24 04:59:00+00:00,401.0,401.0,401.1000061035156,400.8999938964844,401.0,3693
2026-04-24 05:00:00+00:00,401.04998779296875,401.04998779296875,401.1000061035156,400.8999938964844,400.95001220703125,5917
2026-04-24 05:01:00+00:00,401.04998779296875,401.04998779296875,401.1499938964844,400.95001220703125,401.0,6936
2026-04-24 05:02:00+00:00,401.04998779296875,401.04998779296875,401.04998779296875,400.95001220703125,401.0,3375
2026-04-24 05:03:00+00:00,401.0,401.0,401.0,400.95001220703125,401.0,8443
2026-04-24 05:04:00+00:00,401.0,401.0,401.0,400.79998779296875,400.8500061035156,54402
2026-04-24 05:05:00+00:00,401.0,401.0,401.04998779296875,401.0,401.0,4335
2026-04-24 05:06:00+00:00,400.8500061035156,400.8500061035156,401.0,400.75,401.0,6018
2026-04-24 05:07:00+00:00,401.0,401.0,401.1000061035156,400.79998779296875,400.8500061035156,7303
2026-04-24 05:08:00+00:00,400.95001220703125,400.95001220703125,401.1000061035156,400.79998779296875,401.1000061035156,3973
2026-04-24 05:09:00+00:00,400.79998779296875,400.79998779296875,401.0,400.79998779296875,400.95001220703125,10187
2026-04-24 05:10:00+00:00,400.8500061035156,400.8500061035156,400.8999938964844,400.79998779296875,400.79998779296875,6147
2026-04-24 05:11:00+00:00,400.6499938964844,400.6499938964844,400.8500061035156,400.54998779296875,400.8500061035156,5316
2026-04-24 05:12:00+00:00,400.29998779296875,400.29998779296875,400.70001220703125,400.29998779296875,400.6499938964844,21599
2026-04-24 05:13:00+00:00,400.29998779296875,400.29998779296875,400.54998779296875,400.20001220703125,400.54998779296875,11365
2026-04-24 05:14:00+00:00,400.1000061035156,400.1000061035156,400.3500061035156,400.1000061035156,400.25,49241
2026-04-24 05:15:00+00:00,400.3500061035156,400.3500061035156,400.3999938964844,400.1499938964844,400.25,19600
2026-04-24 05:16:00+00:00,400.3500061035156,400.3500061035156,400.3500061035156,400.25,400.3500061035156,7867
2026-04-24 05:17:00+00:00,400.3500061035156,400.3500061035156,400.3500061035156,400.29998779296875,400.3500061035156,7862
2026-04-24 05:18:00+00:00,400.20001220703125,400.20001220703125,400.3999938964844,399.79998779296875,400.3500061035156,18102
2026-04-24 05:19:00+00:00,399.79998779296875,399.79998779296875,400.1499938964844,399.70001220703125,400.1000061035156,49244
2026-04-24 05:20:00+00:00,399.8999938964844,399.8999938964844,399.8999938964844,399.6499938964844,399.79998779296875,30708
2026-04-24 05:21:00+00:00,400.20001220703125,400.20001220703125,400.20001220703125,399.75,399.8500061035156,12841
2026-04-24 05:22:00+00:00,400.3999938964844,400.3999938964844,400.3999938964844,400.1000061035156,400.1000061035156,15436
2026-04-24 05:23:00+00:00,400.25,400.25,400.3999938964844,400.20001220703125,400.20001220703125,5887
2026-04-24 05:24:00+00:00,400.45001220703125,400.45001220703125,400.45001220703125,400.29998779296875,400.3999938964844,9860
2026-04-24 05:25:00+00:00,400.45001220703125,400.45001220703125,400.5,400.3500061035156,400.45001220703125,4887
2026-04-24 05:26:00+00:00,400.5,400.5,400.5,400.45001220703125,400.5,2313
2026-04-24 05:27:00+00:00,400.3999938964844,400.3999938964844,400.5,400.3500061035156,400.45001220703125,4255
2026-04-24 05:28:00+00:00,400.3999938964844,400.3999938964844,400.3999938964844,400.3500061035156,400.3500061035156,3198
2026-04-24 05:29:00+00:00,400.29998779296875,400.29998779296875,400.3999938964844,400.1000061035156,400.3500061035156,46263
2026-04-24 05:30:00+00:00,400.3500061035156,400.3500061035156,400.3500061035156,400.04998779296875,400.29998779296875,22702
2026-04-24 05:31:00+00:00,400.3999938964844,400.3999938964844,400.3999938964844,400.29998779296875,400.3500061035156,4252
2026-04-24 05:32:00+00:00,400.70001220703125,400.70001220703125,400.70001220703125,400.3999938964844,400.3999938964844,22577
2026-04-24 05:33:00+00:00,400.54998779296875,400.54998779296875,400.6499938964844,400.45001220703125,400.6499938964844,17289
2026-04-24 05:34:00+00:00,400.54998779296875,400.54998779296875,400.54998779296875,400.3999938964844,400.3999938964844,3528
2026-04-24 05:35:00+00:00,400.8999938964844,400.8999938964844,400.8999938964844,400.3999938964844,400.54998779296875,13217
2026-04-24 05:36:00+00:00,400.8500061035156,400.8500061035156,400.95001220703125,400.8500061035156,400.8999938964844,4618
2026-04-24 05:37:00+00:00,400.3999938964844,400.3999938964844,400.8999938964844,400.25,400.8999938964844,17328
2026-04-24 05:38:00+00:00,400.1000061035156,400.1000061035156,400.3500061035156,400.1000061035156,400.20001220703125,6028
2026-04-24 05:39:00+00:00,399.75,399.75,400.1000061035156,399.75,400.1000061035156,7981
2026-04-24 05:40:00+00:00,400.0,400.0,400.0,399.75,399.75,3402
2026-04-24 05:41:00+00:00,399.8500061035156,399.8500061035156,400.0,399.79998779296875,399.95001220703125,11658
2026-04-24 05:42:00+00:00,399.3500061035156,399.3500061035156,399.8500061035156,399.3500061035156,399.8500061035156,13627
2026-04-24 05:43:00+00:00,399.5,399.5,399.54998779296875,399.3500061035156,399.54998779296875,10314
2026-04-24 05:44:00+00:00,399.8500061035156,399.8500061035156,399.8500061035156,399.45001220703125,399.54998779296875,94826
2026-04-24 05:45:00+00:00,399.8500061035156,399.8500061035156,399.8500061035156,399.6499938964844,399.79998779296875,8811
2026-04-24 05:46:00+00:00,399.95001220703125,399.95001220703125,400.20001220703125,399.8999938964844,399.8999938964844,18494
2026-04-24 05:47:00+00:00,400.1000061035156,400.1000061035156,400.1499938964844,399.8999938964844,399.8999938964844,8577
2026-04-24 05:48:00+00:00,400.04998779296875,400.04998779296875,400.20001220703125,400.0,400.1000061035156,16283
2026-04-24 05:49:00+00:00,399.8999938964844,399.8999938964844,400.04998779296875,399.79998779296875,400.04998779296875,4293
2026-04-24 05:50:00+00:00,400.1000061035156,400.1000061035156,400.1000061035156,399.79998779296875,399.8500061035156,6461
2026-04-24 05:51:00+00:00,399.95001220703125,399.95001220703125,400.1000061035156,399.95001220703125,400.1000061035156,9360
2026-04-24 05:52:00+00:00,400.1499938964844,400.1499938964844,400.1499938964844,399.95001220703125,399.95001220703125,7141
2026-04-24 05:53:00+00:00,400.1000061035156,400.1000061035156,400.1000061035156,399.95001220703125,399.95001220703125,2983
2026-04-24 05:54:00+00:00,400.25,400.25,400.25,400.1000061035156,400.1000061035156,10885
2026-04-24 05:55:00+00:00,400.3999938964844,400.3999938964844,400.3999938964844,400.25,400.25,6877
2026-04-24 05:56:00+00:00,400.29998779296875,400.29998779296875,400.45001220703125,400.25,400.3500061035156,8474
2026-04-24 05:57:00+00:00,400.25,400.25,400.45001220703125,400.25,400.3500061035156,4996
2026-04-24 05:58:00+00:00,399.95001220703125,399.95001220703125,400.29998779296875,399.95001220703125,400.20001220703125,12543
2026-04-24 05:59:00+00:00,399.8999938964844,399.8999938964844,400.1000061035156,399.79998779296875,400.0,8303
2026-04-24 06:00:00+00:00,400.04998779296875,400.04998779296875,400.1000061035156,399.8999938964844,399.95001220703125,14118
2026-04-24 06:01:00+00:00,400.1499938964844,400.1499938964844,400.20001220703125,400.04998779296875,400.1000061035156,6827
2026-04-24 06:02:00+00:00,400.29998779296875,400.29998779296875,400.29998779296875,400.1000061035156,400.25,5318
2026-04-24 06:03:00+00:00,400.75,400.75,400.75,400.29998779296875,400.29998779296875,7647
2026-04-24 06:04:00+00:00,400.6499938964844,400.6499938964844,400.70001220703125,400.45001220703125,400.6000061035156,6078
2026-04-24 06:05:00+00:00,400.70001220703125,400.70001220703125,400.79998779296875,400.6000061035156,400.6000061035156,14130
2026-04-24 06:06:00+00:00,400.5,400.5,400.79998779296875,400.5,400.79998779296875,9146
2026-04-24 06:07:00+00:00,400.5,400.5,400.6499938964844,400.5,400.6000061035156,4056
2026-04-24 06:08:00+00:00,400.6499938964844,400.6499938964844,400.6499938964844,400.3999938964844,400.45001220703125,11791
2026-04-24 06:09:00+00:00,400.8500061035156,400.8500061035156,400.8999938964844,400.6499938964844,400.6499938964844,10957
2026-04-24 06:10:00+00:00,400.6000061035156,400.6000061035156,400.8500061035156,400.3999938964844,400.79998779296875,7851
2026-04-24 06:11:00+00:00,400.54998779296875,400.54998779296875,400.6499938964844,400.45001220703125,400.45001220703125,4142
2026-04-24 06:12:00+00:00,400.6000061035156,400.6000061035156,400.6499938964844,400.5,400.54998779296875,7187
2026-04-24 06:13:00+00:00,400.6499938964844,400.6499938964844,400.79998779296875,400.54998779296875,400.75,4305
2026-04-24 06:14:00+00:00,400.75,400.75,400.8999938964844,400.6499938964844,400.79998779296875,6405
2026-04-24 06:15:00+00:00,400.6499938964844,400.6499938964844,400.95001220703125,400.6000061035156,400.79998779296875,7297
2026-04-24 06:16:00+00:00,400.75,400.75,400.75,400.6499938964844,400.6499938964844,4745
2026-04-24 06:17:00+00:00,400.6499938964844,400.6499938964844,400.79998779296875,400.54998779296875,400.6499938964844,4921
2026-04-24 06:18:00+00:00,400.45001220703125,400.45001220703125,400.70001220703125,400.3999938964844,400.70001220703125,7949
2026-04-24 06:19:00+00:00,400.54998779296875,400.54998779296875,400.6000061035156,400.45001220703125,400.5,7569
2026-04-24 06:20:00+00:00,400.3999938964844,400.3999938964844,400.54998779296875,400.3999938964844,400.45001220703125,4134
2026-04-24 06:21:00+00:00,400.75,400.75,400.79998779296875,400.3999938964844,400.3999938964844,5564
2026-04-24 06:22:00+00:00,400.75,400.75,400.75,400.54998779296875,400.70001220703125,10886
2026-04-24 06:23:00+00:00,401.0,401.0,401.0,400.79998779296875,400.79998779296875,12843
2026-04-24 06:24:00+00:00,401.04998779296875,401.04998779296875,401.04998779296875,400.95001220703125,401.0,15254
2026-04-24 06:25:00+00:00,400.95001220703125,400.95001220703125,401.0,400.95001220703125,401.0,11633
2026-04-24 06:26:00+00:00,401.0,401.0,401.1000061035156,400.95001220703125,400.95001220703125,6315
2026-04-24 06:27:00+00:00,400.95001220703125,400.95001220703125,401.04998779296875,400.95001220703125,401.0,21822
2026-04-24 06:28:00+00:00,401.0,401.0,401.04998779296875,400.79998779296875,401.0,16229
2026-04-24 06:29:00+00:00,400.8999938964844,400.8999938964844,401.04998779296875,400.8500061035156,401.0,10526
2026-04-24 06:30:00+00:00,400.70001220703125,400.70001220703125,401.0,400.70001220703125,400.95001220703125,10728
2026-04-24 06:31:00+00:00,400.79998779296875,400.79998779296875,400.8500061035156,400.6000061035156,400.8500061035156,16092
2026-04-24 06:32:00+00:00,400.54998779296875,400.54998779296875,400.8500061035156,400.25,400.79998779296875,21416
2026-04-24 06:33:00+00:00,400.54998779296875,400.54998779296875,400.6000061035156,400.5,400.5,5736
2026-04-24 06:34:00+00:00,400.6499938964844,400.6499938964844,400.6499938964844,400.3500061035156,400.3500061035156,17642
2026-04-24 06:35:00+00:00,401.0,401.0,401.0,400.6499938964844,400.6499938964844,6813
2026-04-24 06:36:00+00:00,401.25,401.25,401.25,400.95001220703125,400.95001220703125,13083
2026-04-24 06:37:00+00:00,401.29998779296875,401.29998779296875,401.3500061035156,401.29998779296875,401.29998779296875,18532
2026-04-24 06:38:00+00:00,401.29998779296875,401.29998779296875,401.29998779296875,401.1499938964844,401.25,8351
2026-04-24 06:39:00+00:00,401.3999938964844,401.3999938964844,401.3999938964844,401.25,401.29998779296875,10149
2026-04-24 06:40:00+00:00,401.3999938964844,401.3999938964844,401.45001220703125,401.20001220703125,401.3999938964844,15659
2026-04-24 06:41:00+00:00,401.25,401.25,401.3999938964844,401.04998779296875,401.3999938964844,13983
2026-04-24 06:42:00+00:00,401.29998779296875,401.29998779296875,401.3999938964844,401.04998779296875,401.20001220703125,8748
2026-04-24 06:43:00+00:00,401.20001220703125,401.20001220703125,401.3999938964844,401.20001220703125,401.25,9939
2026-04-24 06:44:00+00:00,401.20001220703125,401.20001220703125,401.29998779296875,401.20001220703125,401.20001220703125,10168
2026-04-24 06:45:00+00:00,401.1499938964844,401.1499938964844,401.29998779296875,401.1499938964844,401.25,8040
2026-04-24 06:46:00+00:00,401.1499938964844,401.1499938964844,401.1499938964844,401.04998779296875,401.04998779296875,32382
2026-04-24 06:47:00+00:00,401.1000061035156,401.1000061035156,401.1499938964844,400.95001220703125,401.04998779296875,8139
2026-04-24 06:48:00+00:00,401.0,401.0,401.04998779296875,400.79998779296875,401.0,14146
2026-04-24 06:49:00+00:00,401.1000061035156,401.1000061035156,401.20001220703125,400.95001220703125,401.0,12021
2026-04-24 06:50:00+00:00,400.95001220703125,400.95001220703125,401.1499938964844,400.70001220703125,401.1000061035156,13335
2026-04-24 06:51:00+00:00,400.75,400.75,400.95001220703125,400.5,400.95001220703125,18226
2026-04-24 06:52:00+00:00,400.79998779296875,400.79998779296875,400.79998779296875,400.6000061035156,400.75,14969
2026-04-24 06:53:00+00:00,400.5,400.5,400.6499938964844,400.3999938964844,400.3999938964844,33762
2026-04-24 06:54:00+00:00,400.3500061035156,400.3500061035156,400.5,400.1000061035156,400.5,15277
2026-04-24 06:55:00+00:00,399.8500061035156,399.8500061035156,400.45001220703125,399.8500061035156,400.3500061035156,34102
2026-04-24 06:56:00+00:00,400.1499938964844,400.1499938964844,400.1499938964844,400.0,400.0,12136
2026-04-24 06:57:00+00:00,400.1000061035156,400.1000061035156,400.1499938964844,399.95001220703125,400.04998779296875,11753
2026-04-24 06:58:00+00:00,400.45001220703125,400.45001220703125,400.45001220703125,399.95001220703125,400.0,16089
2026-04-24 06:59:00+00:00,400.3999938964844,400.3999938964844,400.45001220703125,400.29998779296875,400.45001220703125,8956
2026-04-24 07:00:00+00:00,400.6000061035156,400.6000061035156,400.6499938964844,400.3500061035156,400.3500061035156,7370
2026-04-24 07:01:00+00:00,400.75,400.75,400.75,400.6000061035156,400.6000061035156,10956
2026-04-24 07:02:00+00:00,400.79998779296875,400.79998779296875,400.79998779296875,400.70001220703125,400.70001220703125,8253
2026-04-24 07:03:00+00:00,400.8999938964844,400.8999938964844,400.8999938964844,400.75,400.79998779296875,7417
2026-04-24 07:04:00+00:00,400.8999938964844,400.8999938964844,400.95001220703125,400.79998779296875,400.8500061035156,10584
2026-04-24 07:05:00+00:00,401.0,401.0,401.0,400.8500061035156,400.8500061035156,6295
2026-04-24 07:06:00+00:00,401.04998779296875,401.04998779296875,401.04998779296875,400.8999938964844,400.8999938964844,12084
2026-04-24 07:07:00+00:00,401.1499938964844,401.1499938964844,401.1499938964844,401.0,401.04998779296875,17189
2026-04-24 07:08:00+00:00,401.3999938964844,401.3999938964844,401.3999938964844,401.1499938964844,401.1499938964844,7420
2026-04-24 07:09:00+00:00,401.3999938964844,401.3999938964844,401.45001220703125,401.25,401.45001220703125,6664
2026-04-24 07:10:00+00:00,401.3500061035156,401.3500061035156,401.3999938964844,401.25,401.3999938964844,10868
2026-04-24 07:11:00+00:00,401.20001220703125,401.20001220703125,401.3999938964844,401.20001220703125,401.29998779296875,9253
2026-04-24 07:12:00+00:00,401.25,401.25,401.3999938964844,401.04998779296875,401.3500061035156,8934
2026-04-24 07:13:00+00:00,401.04998779296875,401.04998779296875,401.20001220703125,401.04998779296875,401.20001220703125,7330
2026-04-24 07:14:00+00:00,401.04998779296875,401.04998779296875,401.1499938964844,400.8500061035156,401.1000061035156,20909
2026-04-24 07:15:00+00:00,400.79998779296875,400.79998779296875,401.04998779296875,400.75,401.04998779296875,16175
2026-04-24 07:16:00+00:00,400.70001220703125,400.70001220703125,400.95001220703125,400.70001220703125,400.8500061035156,14619
2026-04-24 07:17:00+00:00,400.79998779296875,400.79998779296875,400.79998779296875,400.70001220703125,400.75,14035
2026-04-24 07:18:00+00:00,400.95001220703125,400.95001220703125,400.95001220703125,400.75,400.79998779296875,7581
2026-04-24 07:19:00+00:00,401.0,401.0,401.0,400.79998779296875,400.95001220703125,8250
2026-04-24 07:20:00+00:00,400.95001220703125,400.95001220703125,401.1000061035156,400.8999938964844,400.95001220703125,9278
2026-04-24 07:21:00+00:00,400.54998779296875,400.54998779296875,401.0,400.54998779296875,401.0,15212
2026-04-24 07:22:00+00:00,400.79998779296875,400.79998779296875,400.79998779296875,400.5,400.54998779296875,10361
2026-04-24 07:23:00+00:00,400.95001220703125,400.95001220703125,400.95001220703125,400.79998779296875,400.8999938964844,9194
2026-04-24 07:24:00+00:00,401.1000061035156,401.1000061035156,401.1000061035156,400.8999938964844,400.95001220703125,8440
2026-04-24 07:25:00+00:00,401.20001220703125,401.20001220703125,401.20001220703125,401.0,401.1000061035156,10782
2026-04-24 07:26:00+00:00,401.45001220703125,401.45001220703125,401.45001220703125,401.1499938964844,401.1499938964844,11196
2026-04-24 07:27:00+00:00,401.29998779296875,401.29998779296875,401.3999938964844,401.20001220703125,401.3999938964844,9667
2026-04-24 07:28:00+00:00,401.1499938964844,401.1499938964844,401.25,401.0,401.25,12250
2026-04-24 07:29:00+00:00,401.20001220703125,401.20001220703125,401.29998779296875,401.0,401.1499938964844,9911
2026-04-24 07:30:00+00:00,401.20001220703125,401.20001220703125,401.20001220703125,401.04998779296875,401.20001220703125,8356
2026-04-24 07:31:00+00:00,401.1499938964844,401.1499938964844,401.1499938964844,401.04998779296875,401.1499938964844,7559
2026-04-24 07:32:00+00:00,401.1499938964844,401.1499938964844,401.20001220703125,401.1000061035156,401.1000061035156,8428
2026-04-24 07:33:00+00:00,401.04998779296875,401.04998779296875,401.1499938964844,401.0,401.1499938964844,11266
2026-04-24 07:34:00+00:00,401.04998779296875,401.04998779296875,401.04998779296875,401.0,401.0,10941
2026-04-24 07:35:00+00:00,401.04998779296875,401.04998779296875,401.04998779296875,401.0,401.04998779296875,8983
2026-04-24 07:36:00+00:00,401.04998779296875,401.04998779296875,401.04998779296875,401.0,401.0,10095
2026-04-24 07:37:00+00:00,400.79998779296875,400.79998779296875,401.04998779296875,400.45001220703125,401.04998779296875,68898
2026-04-24 07:38:00+00:00,400.8999938964844,400.8999938964844,401.0,400.6499938964844,400.8500061035156,31183
2026-04-24 07:39:00+00:00,400.75,400.75,400.95001220703125,400.6499938964844,400.8500061035156,9091
2026-04-24 07:40:00+00:00,400.70001220703125,400.70001220703125,400.79998779296875,400.5,400.6000061035156,9153
2026-04-24 07:41:00+00:00,400.8999938964844,400.8999938964844,400.8999938964844,400.6499938964844,400.70001220703125,8775
2026-04-24 07:42:00+00:00,400.79998779296875,400.79998779296875,400.8500061035156,400.70001220703125,400.8500061035156,8070
2026-04-24 07:43:00+00:00,400.75,400.75,400.8500061035156,400.70001220703125,400.8500061035156,8057
2026-04-24 07:44:00+00:00,400.75,400.75,400.75,400.45001220703125,400.6499938964844,13110
2026-04-24 07:45:00+00:00,400.3500061035156,400.3500061035156,400.6499938964844,400.25,400.6499938964844,41944
2026-04-24 07:46:00+00:00,400.45001220703125,400.45001220703125,400.45001220703125,400.25,400.3500061035156,8269
2026-04-24 07:47:00+00:00,400.20001220703125,400.20001220703125,400.25,400.20001220703125,400.20001220703125,10369
2026-04-24 07:48:00+00:00,400.45001220703125,400.45001220703125,400.45001220703125,400.1499938964844,400.25,8056
2026-04-24 07:49:00+00:00,400.45001220703125,400.45001220703125,400.45001220703125,400.3500061035156,400.3500061035156,8058
2026-04-24 07:50:00+00:00,400.6000061035156,400.6000061035156,400.70001220703125,400.45001220703125,400.45001220703125,14329
2026-04-24 07:51:00+00:00,400.3999938964844,400.3999938964844,400.6499938964844,400.3999938964844,400.6000061035156,12252
2026-04-24 07:52:00+00:00,400.3999938964844,400.3999938964844,400.6000061035156,400.3999938964844,400.3999938964844,9518
2026-04-24 07:53:00+00:00,400.70001220703125,400.70001220703125,400.70001220703125,400.3999938964844,400.54998779296875,10269
2026-04-24 07:54:00+00:00,400.75,400.75,400.75,400.6499938964844,400.6499938964844,8142
2026-04-24 07:55:00+00:00,400.6499938964844,400.6499938964844,400.70001220703125,400.5,400.70001220703125,13202
2026-04-24 07:56:00+00:00,400.70001220703125,400.70001220703125,400.70001220703125,400.5,400.6000061035156,6924
2026-04-24 07:57:00+00:00,400.3999938964844,400.3999938964844,400.70001220703125,400.3500061035156,400.6499938964844,11404
2026-04-24 07:58:00+00:00,400.3500061035156,400.3500061035156,400.5,400.3500061035156,400.3500061035156,10730
2026-04-24 07:59:00+00:00,400.45001220703125,400.45001220703125,400.54998779296875,400.29998779296875,400.3500061035156,8368
2026-04-24 08:00:00+00:00,400.45001220703125,400.45001220703125,400.5,400.3500061035156,400.3999938964844,8519
2026-04-24 08:01:00+00:00,400.3500061035156,400.3500061035156,400.5,400.25,400.45001220703125,10955
2026-04-24 08:02:00+00:00,400.3500061035156,400.3500061035156,400.5,400.3500061035156,400.3500061035156,9579
2026-04-24 08:03:00+00:00,400.29998779296875,400.29998779296875,400.3999938964844,400.1499938964844,400.3500061035156,9772
2026-04-24 08:04:00+00:00,400.04998779296875,400.04998779296875,400.20001220703125,400.0,400.20001220703125,30757
2026-04-24 08:05:00+00:00,400.20001220703125,400.20001220703125,400.29998779296875,400.0,400.0,9667
2026-04-24 08:06:00+00:00,400.29998779296875,400.29998779296875,400.3500061035156,400.25,400.25,9694
2026-04-24 08:07:00+00:00,400.20001220703125,400.20001220703125,400.29998779296875,400.1499938964844,400.20001220703125,6445
2026-04-24 08:08:00+00:00,400.20001220703125,400.20001220703125,400.29998779296875,400.04998779296875,400.20001220703125,11498
2026-04-24 08:09:00+00:00,400.1000061035156,400.1000061035156,400.29998779296875,400.1000061035156,400.1499938964844,12835
2026-04-24 08:10:00+00:00,400.1499938964844,400.1499938964844,400.25,400.1499938964844,400.20001220703125,7559
2026-04-24 08:11:00+00:00,400.29998779296875,400.29998779296875,400.29998779296875,400.20001220703125,400.20001220703125,10512
2026-04-24 08:12:00+00:00,400.29998779296875,400.29998779296875,400.29998779296875,400.25,400.25,15049
2026-04-24 08:13:00+00:00,400.1000061035156,400.1000061035156,400.29998779296875,400.1000061035156,400.29998779296875,23130
2026-04-24 08:14:00+00:00,400.1499938964844,400.1499938964844,400.29998779296875,400.1000061035156,400.1000061035156,7890
2026-04-24 08:15:00+00:00,400.29998779296875,400.29998779296875,400.3500061035156,400.1499938964844,400.20001220703125,8832
2026-04-24 08:16:00+00:00,400.29998779296875,400.29998779296875,400.3999938964844,400.20001220703125,400.3999938964844,12332
2026-04-24 08:17:00+00:00,400.25,400.25,400.3500061035156,400.25,400.29998779296875,9813
2026-04-24 08:18:00+00:00,400.20001220703125,400.20001220703125,400.29998779296875,400.1499938964844,400.25,7560
2026-04-24 08:19:00+00:00,400.29998779296875,400.29998779296875,400.3999938964844,400.20001220703125,400.3999938964844,7342
2026-04-24 08:20:00+00:00,400.29998779296875,400.29998779296875,400.29998779296875,400.20001220703125,400.29998779296875,11636
2026-04-24 08:21:00+00:00,400.6000061035156,400.6000061035156,400.6499938964844,400.25,400.29998779296875,8944
2026-04-24 08:22:00+00:00,400.5,400.5,400.6499938964844,400.45001220703125,400.6000061035156,7495
2026-04-24 08:23:00+00:00,400.3999938964844,400.3999938964844,400.6000061035156,400.3999938964844,400.5,9288
2026-04-24 08:24:00+00:00,400.5,400.5,400.5,400.3999938964844,400.45001220703125,6286
2026-04-24 08:25:00+00:00,400.20001220703125,400.20001220703125,400.5,400.20001220703125,400.45001220703125,10232
2026-04-24 08:26:00+00:00,400.25,400.25,400.25,400.1499938964844,400.25,13531
2026-04-24 08:27:00+00:00,400.25,400.25,400.25,400.1499938964844,400.25,9315
2026-04-24 08:28:00+00:00,400.25,400.25,400.29998779296875,400.1499938964844,400.20001220703125,9611
2026-04-24 08:29:00+00:00,400.25,400.25,400.25,400.04998779296875,400.25,8783
2026-04-24 08:30:00+00:00,400.3500061035156,400.3500061035156,400.3999938964844,400.20001220703125,400.29998779296875,10475
2026-04-24 08:31:00+00:00,400.20001220703125,400.20001220703125,400.5,400.20001220703125,400.3500061035156,17092
2026-04-24 08:32:00+00:00,400.25,400.25,400.25,400.20001220703125,400.25,8397
2026-04-24 08:33:00+00:00,400.25,400.25,400.25,400.20001220703125,400.20001220703125,21921
2026-04-24 08:34:00+00:00,400.25,400.25,400.3500061035156,400.25,400.29998779296875,19679
2026-04-24 08:35:00+00:00,400.25,400.25,400.3500061035156,400.1499938964844,400.3500061035156,11362
2026-04-24 08:36:00+00:00,399.5,399.5,400.25,399.5,400.25,19652
2026-04-24 08:37:00+00:00,399.8999938964844,399.8999938964844,399.95001220703125,399.6000061035156,399.75,12984
2026-04-24 08:38:00+00:00,400.20001220703125,400.20001220703125,400.20001220703125,399.8999938964844,399.8999938964844,9261
2026-04-24 08:39:00+00:00,400.45001220703125,400.45001220703125,400.54998779296875,400.1000061035156,400.1000061035156,59512
2026-04-24 08:40:00+00:00,400.45001220703125,400.45001220703125,400.5,400.25,400.45001220703125,14071
2026-04-24 08:41:00+00:00,400.5,400.5,400.6000061035156,400.3500061035156,400.3500061035156,8944
2026-04-24 08:42:00+00:00,400.6499938964844,400.6499938964844,400.6499938964844,400.45001220703125,400.54998779296875,14964
2026-04-24 08:43:00+00:00,400.79998779296875,400.79998779296875,400.79998779296875,400.54998779296875,400.54998779296875,19971
2026-04-24 08:44:00+00:00,400.6499938964844,400.6499938964844,400.79998779296875,400.6000061035156,400.75,13794
2026-04-24 08:45:00+00:00,400.70001220703125,400.70001220703125,400.79998779296875,400.6499938964844,400.79998779296875,10167
2026-04-24 08:46:00+00:00,400.6000061035156,400.6000061035156,400.70001220703125,400.54998779296875,400.6499938964844,13355
2026-04-24 08:47:00+00:00,400.6499938964844,400.6499938964844,400.79998779296875,400.5,400.70001220703125,16155
2026-04-24 08:48:00+00:00,400.45001220703125,400.45001220703125,400.6000061035156,400.29998779296875,400.5,17407
2026-04-24 08:49:00+00:00,400.29998779296875,400.29998779296875,400.45001220703125,400.25,400.45001220703125,10497
2026-04-24 08:50:00+00:00,400.25,400.25,400.29998779296875,400.1499938964844,400.29998779296875,10134
2026-04-24 08:51:00+00:00,400.45001220703125,400.45001220703125,400.45001220703125,400.25,400.25,11670
2026-04-24 08:52:00+00:00,400.6499938964844,400.6499938964844,400.70001220703125,400.5,400.6000061035156,12889
2026-04-24 08:53:00+00:00,400.75,400.75,400.79998779296875,400.6499938964844,400.6499938964844,15360
2026-04-24 08:54:00+00:00,400.75,400.75,400.75,400.5,400.6499938964844,18970
2026-04-24 08:55:00+00:00,400.6499938964844,400.6499938964844,400.8500061035156,400.6499938964844,400.6499938964844,14239
2026-04-24 08:56:00+00:00,401.0,401.0,401.0,400.6499938964844,400.70001220703125,14659
2026-04-24 08:57:00+00:00,400.8999938964844,400.8999938964844,400.95001220703125,400.8500061035156,400.8999938964844,10937
2026-04-24 08:58:00+00:00,400.8999938964844,400.8999938964844,400.8999938964844,400.79998779296875,400.8500061035156,12034
2026-04-24 08:59:00+00:00,401.1499938964844,401.1499938964844,401.25,400.8999938964844,400.95001220703125,15181
2026-04-24 09:00:00+00:00,401.3500061035156,401.3500061035156,401.3500061035156,400.8999938964844,401.20001220703125,19695
2026-04-24 09:01:00+00:00,401.3500061035156,401.3500061035156,401.3500061035156,401.1499938964844,401.25,17256
2026-04-24 09:02:00+00:00,401.04998779296875,401.04998779296875,401.3500061035156,401.04998779296875,401.3500061035156,16325
2026-04-24 09:03:00+00:00,401.20001220703125,401.20001220703125,401.20001220703125,401.04998779296875,401.04998779296875,21043
2026-04-24 09:04:00+00:00,401.0,401.0,401.20001220703125,401.0,401.1499938964844,11118
2026-04-24 09:05:00+00:00,401.20001220703125,401.20001220703125,401.20001220703125,400.95001220703125,401.0,23278
2026-04-24 09:06:00+00:00,401.04998779296875,401.04998779296875,401.20001220703125,401.04998779296875,401.1499938964844,11613
2026-04-24 09:07:00+00:00,400.70001220703125,400.70001220703125,401.04998779296875,400.6000061035156,401.04998779296875,20836
2026-04-24 09:08:00+00:00,401.0,401.0,401.0,400.70001220703125,400.75,11873
2026-04-24 09:09:00+00:00,400.95001220703125,400.95001220703125,401.04998779296875,400.95001220703125,400.95001220703125,9942
2026-04-24 09:10:00+00:00,400.95001220703125,400.95001220703125,401.1000061035156,400.8999938964844,400.8999938964844,13772
2026-04-24 09:11:00+00:00,401.1000061035156,401.1000061035156,401.1000061035156,401.0,401.0,14378
2026-04-24 09:12:00+00:00,401.25,401.25,401.3500061035156,401.04998779296875,401.04998779296875,20696
2026-04-24 09:13:00+00:00,401.45001220703125,401.45001220703125,401.5,401.3500061035156,401.3500061035156,14342
2026-04-24 09:14:00+00:00,401.6499938964844,401.6499938964844,401.6499938964844,401.3999938964844,401.45001220703125,16972
2026-04-24 09:15:00+00:00,401.8999938964844,401.8999938964844,401.95001220703125,401.6499938964844,401.70001220703125,51782
2026-04-24 09:16:00+00:00,401.8500061035156,401.8500061035156,401.95001220703125,401.79998779296875,401.8999938964844,30664
2026-04-24 09:17:00+00:00,401.95001220703125,401.95001220703125,401.95001220703125,401.79998779296875,401.8500061035156,12044
2026-04-24 09:18:00+00:00,401.79998779296875,401.79998779296875,401.79998779296875,401.75,401.75,10515
2026-04-24 09:19:00+00:00,402.0,402.0,402.0,401.75,401.75,13283
2026-04-24 09:20:00+00:00,401.8999938964844,401.8999938964844,402.0,401.8999938964844,402.0,17774
2026-04-24 09:21:00+00:00,401.5,401.5,401.8999938964844,401.5,401.70001220703125,25129
2026-04-24 09:22:00+00:00,401.5,401.5,401.6000061035156,401.29998779296875,401.6000061035156,17693
2026-04-24 09:23:00+00:00,401.70001220703125,401.70001220703125,401.8500061035156,401.45001220703125,401.45001220703125,32958
2026-04-24 09:24:00+00:00,401.3500061035156,401.3500061035156,401.6499938964844,401.3500061035156,401.5,25987
2026-04-24 09:25:00+00:00,401.54998779296875,401.54998779296875,401.6000061035156,401.3999938964844,401.3999938964844,20238
2026-04-24 09:26:00+00:00,401.5,401.5,401.6499938964844,401.45001220703125,401.45001220703125,21919
2026-04-24 09:27:00+00:00,401.70001220703125,401.70001220703125,401.70001220703125,401.45001220703125,401.45001220703125,13502
2026-04-24 09:28:00+00:00,401.8999938964844,401.8999938964844,401.8999938964844,401.75,401.75,21790
2026-04-24 09:29:00+00:00,401.8999938964844,401.8999938964844,401.95001220703125,401.79998779296875,401.95001220703125,56107
2026-04-24 09:30:00+00:00,401.8500061035156,401.8500061035156,401.8500061035156,401.54998779296875,401.54998779296875,30820
2026-04-24 09:31:00+00:00,401.79998779296875,401.79998779296875,401.8500061035156,401.79998779296875,401.79998779296875,31709
2026-04-24 09:32:00+00:00,401.8999938964844,401.8999938964844,401.8999938964844,401.6499938964844,401.6499938964844,31684
2026-04-24 09:33:00+00:00,401.6000061035156,401.6000061035156,401.8500061035156,401.6000061035156,401.8500061035156,42668
2026-04-24 09:34:00+00:00,401.6499938964844,401.6499938964844,401.75,401.6000061035156,401.6000061035156,23589
2026-04-24 09:35:00+00:00,401.6499938964844,401.6499938964844,401.70001220703125,401.54998779296875,401.6499938964844,20916
2026-04-24 09:36:00+00:00,401.6499938964844,401.6499938964844,401.70001220703125,401.54998779296875,401.6499938964844,25829
2026-04-24 09:37:00+00:00,401.75,401.75,401.8500061035156,401.6499938964844,401.75,30067
2026-04-24 09:38:00+00:00,401.8500061035156,401.8500061035156,401.8999938964844,401.79998779296875,401.8500061035156,31543
2026-04-24 09:39:00+00:00,401.75,401.75,401.8500061035156,401.75,401.8500061035156,26166
2026-04-24 09:40:00+00:00,401.75,401.75,402.0,401.75,401.79998779296875,44725
2026-04-24 09:41:00+00:00,401.79998779296875,401.79998779296875,401.95001220703125,401.75,401.8500061035156,46679
2026-04-24 09:42:00+00:00,402.1000061035156,402.1000061035156,402.1000061035156,401.75,401.79998779296875,51164
2026-04-24 09:43:00+00:00,401.70001220703125,401.70001220703125,402.1000061035156,401.70001220703125,402.1000061035156,56016
2026-04-24 09:44:00+00:00,402.3500061035156,402.3500061035156,402.3500061035156,401.75,401.75,133820
2026-04-24 09:45:00+00:00,402.20001220703125,402.20001220703125,402.3500061035156,402.0,402.3500061035156,103286
2026-04-24 09:46:00+00:00,402.25,402.25,402.29998779296875,402.25,402.25,72375
2026-04-24 09:47:00+00:00,402.20001220703125,402.20001220703125,402.29998779296875,402.20001220703125,402.29998779296875,58600
2026-04-24 09:48:00+00:00,402.3500061035156,402.3500061035156,402.45001220703125,402.29998779296875,402.45001220703125,36878
2026-04-24 09:49:00+00:00,402.20001220703125,402.20001220703125,402.3500061035156,402.1499938964844,402.3500061035156,125132
2026-04-24 09:50:00+00:00,402.04998779296875,402.04998779296875,402.3999938964844,402.04998779296875,402.1000061035156,83997
2026-04-24 09:51:00+00:00,401.54998779296875,401.54998779296875,402.0,401.5,402.0,55437
2026-04-24 09:52:00+00:00,401.79998779296875,401.79998779296875,401.79998779296875,401.5,401.70001220703125,78194
2026-04-24 09:53:00+00:00,401.5,401.5,401.6499938964844,401.45001220703125,401.6499938964844,64221
2026-04-24 09:54:00+00:00,401.6000061035156,401.6000061035156,401.6499938964844,401.45001220703125,401.5,47473
2026-04-24 09:55:00+00:00,401.1000061035156,401.1000061035156,401.20001220703125,400.8999938964844,401.20001220703125,90528
2026-04-24 09:56:00+00:00,401.1000061035156,401.1000061035156,401.29998779296875,401.1000061035156,401.1000061035156,17523
2026-04-24 09:57:00+00:00,401.29998779296875,401.29998779296875,401.3500061035156,401.1499938964844,401.1499938964844,31032
2026-04-24 09:58:00+00:00,401.29998779296875,401.29998779296875,401.3500061035156,401.1000061035156,401.3500061035156,38664
2026-04-24 09:59:00+00:00,400.54998779296875,400.54998779296875,401.95001220703125,400.5,401.3999938964844,34448
2026-04-27 03:45:00+00:00,404.0,404.0,405.3999938964844,403.54998779296875,403.75,0
2026-04-27 03:46:00+00:00,403.8500061035156,403.8500061035156,404.54998779296875,403.54998779296875,404.20001220703125,47265
2026-04-27 03:47:00+00:00,404.45001220703125,404.45001220703125,404.45001220703125,403.29998779296875,403.8999938964844,63718
2026-04-27 03:48:00+00:00,405.6499938964844,405.6499938964844,405.6499938964844,404.79998779296875,404.79998779296875,65007
2026-04-27 03:49:00+00:00,405.0,405.0,405.54998779296875,405.0,405.3500061035156,33190
2026-04-27 03:50:00+00:00,405.70001220703125,405.70001220703125,405.8500061035156,405.1000061035156,405.1000061035156,28068
2026-04-27 03:51:00+00:00,406.3999938964844,406.3999938964844,406.3999938964844,405.6499938964844,405.6499938964844,49502
2026-04-27 03:52:00+00:00,406.6499938964844,406.6499938964844,406.79998779296875,406.3500061035156,406.3999938964844,28095
2026-04-27 03:53:00+00:00,405.79998779296875,405.79998779296875,406.6000061035156,405.79998779296875,406.6000061035156,42099
2026-04-27 03:54:00+00:00,406.25,406.25,406.25,405.5,405.5,24852
2026-04-27 03:55:00+00:00,406.1499938964844,406.1499938964844,406.20001220703125,406.04998779296875,406.20001220703125,16249
2026-04-27 03:56:00+00:00,406.0,406.0,406.45001220703125,406.0,406.1499938964844,25207
2026-04-27 03:57:00+00:00,406.20001220703125,406.20001220703125,406.20001220703125,405.8999938964844,406.0,19863
2026-04-27 03:58:00+00:00,406.29998779296875,406.29998779296875,406.5,406.29998779296875,406.29998779296875,17950
2026-04-27 03:59:00+00:00,405.95001220703125,405.95001220703125,406.29998779296875,405.95001220703125,406.29998779296875,19273
2026-04-27 04:00:00+00:00,405.95001220703125,405.95001220703125,406.1000061035156,405.79998779296875,406.0,17861
2026-04-27 04:01:00+00:00,406.20001220703125,406.20001220703125,406.25,405.8500061035156,405.8500061035156,31663
2026-04-27 04:02:00+00:00,406.0,406.0,406.25,405.8999938964844,406.25,27865
2026-04-27 04:03:00+00:00,405.6499938964844,405.6499938964844,406.20001220703125,405.54998779296875,406.20001220703125,22946
2026-04-27 04:04:00+00:00,405.1499938964844,405.1499938964844,405.6000061035156,405.0,405.54998779296875,47324
2026-04-27 04:05:00+00:00,405.20001220703125,405.20001220703125,405.25,404.70001220703125,404.70001220703125,23693
2026-04-27 04:06:00+00:00,405.25,405.25,405.25,405.1499938964844,405.20001220703125,23749
2026-04-27 04:07:00+00:00,405.0,405.0,405.20001220703125,404.70001220703125,405.20001220703125,27602
2026-04-27 04:08:00+00:00,404.95001220703125,404.95001220703125,404.95001220703125,404.79998779296875,404.8999938964844,19176
2026-04-27 04:09:00+00:00,404.6000061035156,404.6000061035156,405.1000061035156,404.6000061035156,404.8500061035156,17943
2026-04-27 04:10:00+00:00,404.8500061035156,404.8500061035156,404.8999938964844,404.54998779296875,404.6499938964844,23131
2026-04-27 04:11:00+00:00,404.5,404.5,404.95001220703125,404.5,404.75,36182
2026-04-27 04:12:00+00:00,404.3999938964844,404.3999938964844,404.6000061035156,404.3999938964844,404.5,9295
2026-04-27 04:13:00+00:00,404.8999938964844,404.8999938964844,404.8999938964844,404.3999938964844,404.5,18244
2026-04-27 04:14:00+00:00,404.6499938964844,404.6499938964844,404.95001220703125,404.6499938964844,404.8999938964844,19695
2026-04-27 04:15:00+00:00,405.25,405.25,405.5,404.6499938964844,404.8500061035156,66164
2026-04-27 04:16:00+00:00,405.5,405.5,405.54998779296875,405.1499938964844,405.25,30679
2026-04-27 04:17:00+00:00,405.25,405.25,405.6499938964844,405.20001220703125,405.3999938964844,24027
2026-04-27 04:18:00+00:00,405.3500061035156,405.3500061035156,405.3500061035156,404.70001220703125,405.25,12949
2026-04-27 04:19:00+00:00,405.25,405.25,405.3500061035156,405.20001220703125,405.25,16404
2026-04-27 04:20:00+00:00,405.29998779296875,405.29998779296875,405.29998779296875,405.20001220703125,405.29998779296875,6144
2026-04-27 04:21:00+00:00,404.8500061035156,404.8500061035156,405.3500061035156,404.8500061035156,405.3500061035156,23085
2026-04-27 04:22:00+00:00,405.6000061035156,405.6000061035156,405.6499938964844,404.8500061035156,404.8500061035156,38555
2026-04-27 04:23:00+00:00,405.79998779296875,405.79998779296875,405.79998779296875,405.3999938964844,405.45001220703125,26803
2026-04-27 04:24:00+00:00,406.25,406.25,406.25,405.75,405.75,19381
2026-04-27 04:25:00+00:00,405.95001220703125,405.95001220703125,406.70001220703125,405.95001220703125,406.3999938964844,62373
2026-04-27 04:26:00+00:00,406.45001220703125,406.45001220703125,406.45001220703125,406.1000061035156,406.29998779296875,35247
2026-04-27 04:27:00+00:00,406.6499938964844,406.6499938964844,406.6499938964844,406.3999938964844,406.3999938964844,58905
2026-04-27 04:28:00+00:00,407.29998779296875,407.29998779296875,407.5,406.6499938964844,406.70001220703125,56972
2026-04-27 04:29:00+00:00,407.04998779296875,407.04998779296875,407.3500061035156,406.75,407.3500061035156,23068
2026-04-27 04:30:00+00:00,407.45001220703125,407.45001220703125,407.45001220703125,406.8500061035156,407.04998779296875,23846
2026-04-27 04:31:00+00:00,407.79998779296875,407.79998779296875,407.79998779296875,407.20001220703125,407.3500061035156,35143
2026-04-27 04:32:00+00:00,407.8500061035156,407.8500061035156,408.0,407.6499938964844,407.79998779296875,32397
2026-04-27 04:33:00+00:00,408.70001220703125,408.70001220703125,408.70001220703125,407.8999938964844,407.8999938964844,89319
2026-04-27 04:34:00+00:00,408.29998779296875,408.29998779296875,408.45001220703125,408.1000061035156,408.3500061035156,36074
2026-04-27 04:35:00+00:00,408.3999938964844,408.3999938964844,408.45001220703125,408.1000061035156,408.3500061035156,21276
2026-04-27 04:36:00+00:00,408.8999938964844,408.8999938964844,408.8999938964844,408.5,408.5,47827
2026-04-27 04:37:00+00:00,408.6499938964844,408.6499938964844,408.8999938964844,408.54998779296875,408.8999938964844,29390
2026-04-27 04:38:00+00:00,408.45001220703125,408.45001220703125,408.8999938964844,408.45001220703125,408.75,28450
2026-04-27 04:39:00+00:00,408.45001220703125,408.45001220703125,408.6000061035156,408.25,408.6000061035156,19529
2026-04-27 04:40:00+00:00,408.5,408.5,408.6000061035156,408.3999938964844,408.5,22622
2026-04-27 04:41:00+00:00,408.8500061035156,408.8500061035156,408.8500061035156,408.29998779296875,408.29998779296875,19605
2026-04-27 04:42:00+00:00,408.6000061035156,408.6000061035156,408.8500061035156,408.5,408.8500061035156,18792
2026-04-27 04:43:00+00:00,408.70001220703125,408.70001220703125,408.95001220703125,408.70001220703125,408.79998779296875,12655
2026-04-27 04:44:00+00:00,408.3999938964844,408.3999938964844,408.75,408.3500061035156,408.75,61912
2026-04-27 04:45:00+00:00,409.25,409.25,409.25,408.5,408.5,90892
2026-04-27 04:46:00+00:00,409.6499938964844,409.6499938964844,409.75,409.20001220703125,409.20001220703125,54291
2026-04-27 04:47:00+00:00,409.95001220703125,409.95001220703125,410.25,409.6000061035156,409.6499938964844,138262
2026-04-27 04:48:00+00:00,410.3999938964844,410.3999938964844,410.3999938964844,409.54998779296875,410.1000061035156,71175
2026-04-27 04:49:00+00:00,410.6000061035156,410.6000061035156,410.6000061035156,410.1499938964844,410.3999938964844,43488
2026-04-27 04:50:00+00:00,410.1499938964844,410.1499938964844,410.6000061035156,410.0,410.6000061035156,49414
2026-04-27 04:51:00+00:00,410.20001220703125,410.20001220703125,410.3500061035156,410.0,410.20001220703125,33028
2026-04-27 04:52:00+00:00,409.95001220703125,409.95001220703125,410.1000061035156,409.75,410.0,27499
2026-04-27 04:53:00+00:00,409.8999938964844,409.8999938964844,410.25,409.75,409.8500061035156,52945
2026-04-27 04:54:00+00:00,409.70001220703125,409.70001220703125,410.25,409.6499938964844,409.95001220703125,51651
2026-04-27 04:55:00+00:00,409.6000061035156,409.6000061035156,409.8999938964844,409.45001220703125,409.75,97294
2026-04-27 04:56:00+00:00,409.04998779296875,409.04998779296875,409.6000061035156,409.04998779296875,409.6000061035156,76336
2026-04-27 04:57:00+00:00,409.0,409.0,409.04998779296875,408.79998779296875,409.04998779296875,52603
2026-04-27 04:58:00+00:00,409.54998779296875,409.54998779296875,409.54998779296875,408.8999938964844,408.8999938964844,65739
2026-04-27 04:59:00+00:00,409.29998779296875,409.29998779296875,409.70001220703125,409.25,409.5,28202
2026-04-27 05:00:00+00:00,409.3500061035156,409.3500061035156,409.54998779296875,409.25,409.5,16117
2026-04-27 05:01:00+00:00,409.79998779296875,409.79998779296875,409.79998779296875,409.1000061035156,409.20001220703125,89684
2026-04-27 05:02:00+00:00,410.20001220703125,410.20001220703125,410.20001220703125,409.75,409.75,66068
2026-04-27 05:03:00+00:00,410.0,410.0,410.20001220703125,409.75,410.1499938964844,34189
2026-04-27 05:04:00+00:00,410.1000061035156,410.1000061035156,410.3999938964844,409.95001220703125,410.0,58438
2026-04-27 05:05:00+00:00,410.1000061035156,410.1000061035156,410.25,410.04998779296875,410.1499938964844,13385
2026-04-27 05:06:00+00:00,410.8500061035156,410.8500061035156,410.8999938964844,410.1000061035156,410.1000061035156,110562
2026-04-27 05:07:00+00:00,410.3999938964844,410.3999938964844,410.75,410.3500061035156,410.6499938964844,33697
2026-04-27 05:08:00+00:00,410.45001220703125,410.45001220703125,410.45001220703125,410.0,410.3999938964844,41426
2026-04-27 05:09:00+00:00,410.3500061035156,410.3500061035156,410.5,410.25,410.45001220703125,14446
2026-04-27 05:10:00+00:00,410.0,410.0,410.3500061035156,409.8999938964844,410.29998779296875,36951
2026-04-27 05:11:00+00:00,409.8500061035156,409.8500061035156,410.1499938964844,409.79998779296875,409.8999938964844,20928
2026-04-27 05:12:00+00:00,410.0,410.0,410.0,409.79998779296875,409.8500061035156,15886
2026-04-27 05:13:00+00:00,410.25,410.25,410.25,409.95001220703125,410.0,33086
2026-04-27 05:14:00+00:00,410.0,410.0,410.29998779296875,410.0,410.25,67367
2026-04-27 05:15:00+00:00,410.0,410.0,410.20001220703125,409.75,409.8999938964844,34714
2026-04-27 05:16:00+00:00,410.70001220703125,410.70001220703125,410.70001220703125,409.75,410.0,46843
2026-04-27 05:17:00+00:00,410.8500061035156,410.8500061035156,410.8500061035156,410.6000061035156,410.6499938964844,33840
2026-04-27 05:18:00+00:00,410.6499938964844,410.6499938964844,410.8500061035156,410.3500061035156,410.8500061035156,55314
2026-04-27 05:19:00+00:00,410.3999938964844,410.3999938964844,410.6000061035156,410.3500061035156,410.6000061035156,13923
2026-04-27 05:20:00+00:00,410.3999938964844,410.3999938964844,410.3999938964844,410.20001220703125,410.3500061035156,12718
2026-04-27 05:21:00+00:00,410.3500061035156,410.3500061035156,410.45001220703125,410.29998779296875,410.3500061035156,13201
2026-04-27 05:22:00+00:00,410.8999938964844,410.8999938964844,410.95001220703125,410.3500061035156,410.3500061035156,24425
2026-04-27 05:23:00+00:00,411.54998779296875,411.54998779296875,411.54998779296875,410.70001220703125,410.79998779296875,111037
2026-04-27 05:24:00+00:00,411.54998779296875,411.54998779296875,411.8999938964844,411.3999938964844,411.3999938964844,64475
2026-04-27 05:25:00+00:00,411.5,411.5,411.79998779296875,411.1000061035156,411.3500061035156,73206
2026-04-27 05:26:00+00:00,411.79998779296875,411.79998779296875,411.95001220703125,411.5,411.6000061035156,113021
2026-04-27 05:27:00+00:00,411.3999938964844,411.3999938964844,411.8500061035156,411.29998779296875,411.6499938964844,25100
2026-04-27 05:28:00+00:00,411.79998779296875,411.79998779296875,411.79998779296875,411.45001220703125,411.45001220703125,20706
2026-04-27 05:29:00+00:00,411.6499938964844,411.6499938964844,411.79998779296875,411.6000061035156,411.70001220703125,24713
2026-04-27 05:30:00+00:00,411.79998779296875,411.79998779296875,411.79998779296875,411.6000061035156,411.6499938964844,19669
2026-04-27 05:31:00+00:00,411.6000061035156,411.6000061035156,411.75,411.3999938964844,411.6000061035156,16273
2026-04-27 05:32:00+00:00,411.6499938964844,411.6499938964844,411.75,411.5,411.6000061035156,22957
2026-04-27 05:33:00+00:00,412.20001220703125,412.20001220703125,412.29998779296875,411.6499938964844,411.75,118128
2026-04-27 05:34:00+00:00,412.70001220703125,412.70001220703125,412.8500061035156,412.1000061035156,412.20001220703125,157045
2026-04-27 05:35:00+00:00,413.20001220703125,413.20001220703125,413.20001220703125,412.54998779296875,412.6000061035156,93444
2026-04-27 05:36:00+00:00,413.1499938964844,413.1499938964844,413.3500061035156,412.95001220703125,413.20001220703125,45112
2026-04-27 05:37:00+00:00,412.95001220703125,412.95001220703125,413.1000061035156,412.6499938964844,413.0,34121
2026-04-27 05:38:00+00:00,412.79998779296875,412.79998779296875,413.20001220703125,412.75,412.8999938964844,53092
2026-04-27 05:39:00+00:00,412.29998779296875,412.29998779296875,412.8999938964844,412.29998779296875,412.8500061035156,28259
2026-04-27 05:40:00+00:00,413.29998779296875,413.29998779296875,413.29998779296875,412.45001220703125,412.5,53479
2026-04-27 05:41:00+00:00,413.20001220703125,413.20001220703125,413.45001220703125,413.04998779296875,413.3999938964844,64458
2026-04-27 05:42:00+00:00,412.79998779296875,412.79998779296875,413.29998779296875,412.6000061035156,413.20001220703125,26382
2026-04-27 05:43:00+00:00,412.79998779296875,412.79998779296875,412.8500061035156,412.5,412.8500061035156,16771
2026-04-27 05:44:00+00:00,412.70001220703125,412.70001220703125,412.95001220703125,412.6000061035156,412.75,16576
2026-04-27 05:45:00+00:00,412.79998779296875,412.79998779296875,412.8500061035156,412.6000061035156,412.70001220703125,10003
2026-04-27 05:46:00+00:00,412.95001220703125,412.95001220703125,413.04998779296875,412.79998779296875,412.95001220703125,42099
2026-04-27 05:47:00+00:00,412.70001220703125,412.70001220703125,413.0,412.70001220703125,412.95001220703125,19522
2026-04-27 05:48:00+00:00,412.8500061035156,412.8500061035156,412.8500061035156,412.54998779296875,412.79998779296875,9820
2026-04-27 05:49:00+00:00,412.95001220703125,412.95001220703125,413.04998779296875,412.6499938964844,412.6499938964844,22186
2026-04-27 05:50:00+00:00,412.8500061035156,412.8500061035156,412.8500061035156,412.0,412.75,55220
2026-04-27 05:51:00+00:00,412.6499938964844,412.6499938964844,412.8500061035156,412.45001220703125,412.8500061035156,11892
2026-04-27 05:52:00+00:00,412.8500061035156,412.8500061035156,413.04998779296875,412.6499938964844,412.79998779296875,30029
2026-04-27 05:53:00+00:00,413.54998779296875,413.54998779296875,413.54998779296875,412.8999938964844,412.95001220703125,38683
2026-04-27 05:54:00+00:00,413.54998779296875,413.54998779296875,413.6499938964844,413.25,413.5,51045
2026-04-27 05:55:00+00:00,413.3500061035156,413.3500061035156,413.54998779296875,413.1499938964844,413.3500061035156,22576
2026-04-27 05:56:00+00:00,413.75,413.75,413.75,413.1499938964844,413.3500061035156,60126
2026-04-27 05:57:00+00:00,414.25,414.25,414.25,413.5,413.6000061035156,202429
2026-04-27 05:58:00+00:00,414.1499938964844,414.1499938964844,414.3999938964844,413.54998779296875,414.25,88956
2026-04-27 05:59:00+00:00,413.95001220703125,413.95001220703125,414.25,413.8500061035156,414.1000061035156,95125
2026-04-27 06:00:00+00:00,413.95001220703125,413.95001220703125,414.25,413.70001220703125,413.95001220703125,89626
2026-04-27 06:01:00+00:00,414.0,414.0,414.1499938964844,413.75,413.95001220703125,49665
2026-04-27 06:02:00+00:00,413.70001220703125,413.70001220703125,414.1000061035156,413.5,414.04998779296875,53051
2026-04-27 06:03:00+00:00,413.54998779296875,413.54998779296875,413.79998779296875,413.45001220703125,413.70001220703125,68132
2026-04-27 06:04:00+00:00,413.25,413.25,413.6000061035156,413.0,413.6000061035156,76243
2026-04-27 06:05:00+00:00,413.1000061035156,413.1000061035156,413.3500061035156,412.75,413.29998779296875,82052
2026-04-27 06:06:00+00:00,412.79998779296875,412.79998779296875,413.20001220703125,412.70001220703125,413.1499938964844,49209
2026-04-27 06:07:00+00:00,412.3500061035156,412.3500061035156,413.0,412.29998779296875,413.0,72355
2026-04-27 06:08:00+00:00,411.6000061035156,411.6000061035156,412.29998779296875,411.6000061035156,412.1000061035156,110598
2026-04-27 06:09:00+00:00,411.8500061035156,411.8500061035156,412.1000061035156,411.29998779296875,411.54998779296875,58211
2026-04-27 06:10:00+00:00,411.8999938964844,411.8999938964844,411.95001220703125,411.6499938964844,411.79998779296875,35364
2026-04-27 06:11:00+00:00,411.3500061035156,411.3500061035156,411.95001220703125,411.3500061035156,411.75,28853
2026-04-27 06:12:00+00:00,411.75,411.75,411.75,411.1000061035156,411.5,112306
2026-04-27 06:13:00+00:00,411.25,411.25,411.8500061035156,411.1000061035156,411.6000061035156,35121
2026-04-27 06:14:00+00:00,411.45001220703125,411.45001220703125,411.5,411.1000061035156,411.1499938964844,38134
2026-04-27 06:15:00+00:00,411.45001220703125,411.45001220703125,411.6499938964844,411.1000061035156,411.54998779296875,40441
2026-04-27 06:16:00+00:00,411.3999938964844,411.3999938964844,411.45001220703125,411.0,411.45001220703125,39671
2026-04-27 06:17:00+00:00,411.3500061035156,411.3500061035156,411.5,411.25,411.3500061035156,22172
2026-04-27 06:18:00+00:00,411.25,411.25,411.3999938964844,411.25,411.3500061035156,12061
2026-04-27 06:19:00+00:00,411.3999938964844,411.3999938964844,411.5,411.25,411.3500061035156,15931
2026-04-27 06:20:00+00:00,410.8999938964844,410.8999938964844,411.45001220703125,410.54998779296875,411.45001220703125,57251
2026-04-27 06:21:00+00:00,410.75,410.75,411.0,410.6499938964844,410.95001220703125,20909
2026-04-27 06:22:00+00:00,410.5,410.5,410.70001220703125,410.20001220703125,410.54998779296875,46821
2026-04-27 06:23:00+00:00,410.3999938964844,410.3999938964844,410.8999938964844,410.3500061035156,410.70001220703125,28238
2026-04-27 06:24:00+00:00,410.25,410.25,410.3999938964844,410.0,410.29998779296875,38989
2026-04-27 06:25:00+00:00,410.1000061035156,410.1000061035156,410.3999938964844,410.1000061035156,410.25,19686
2026-04-27 06:26:00+00:00,409.95001220703125,409.95001220703125,410.3500061035156,409.6499938964844,410.3500061035156,39470
2026-04-27 06:27:00+00:00,409.95001220703125,409.95001220703125,410.0,409.6499938964844,409.95001220703125,27943
2026-04-27 06:28:00+00:00,410.1000061035156,410.1000061035156,410.1000061035156,409.79998779296875,410.0,21435
2026-04-27 06:29:00+00:00,410.1499938964844,410.1499938964844,410.25,409.8999938964844,410.1000061035156,14531
2026-04-27 06:30:00+00:00,410.1000061035156,410.1000061035156,410.1499938964844,410.0,410.1000061035156,10934
2026-04-27 06:31:00+00:00,410.1499938964844,410.1499938964844,410.20001220703125,410.04998779296875,410.1499938964844,3258
2026-04-27 06:32:00+00:00,410.1000061035156,410.1000061035156,410.20001220703125,410.1000061035156,410.1499938964844,5069
2026-04-27 06:33:00+00:00,410.0,410.0,410.1000061035156,409.8999938964844,410.1000061035156,14296
2026-04-27 06:34:00+00:00,410.04998779296875,410.04998779296875,410.1499938964844,410.0,410.04998779296875,11033
2026-04-27 06:35:00+00:00,410.04998779296875,410.04998779296875,410.1499938964844,409.8999938964844,409.8999938964844,6172
2026-04-27 06:36:00+00:00,410.1000061035156,410.1000061035156,410.1499938964844,409.8999938964844,410.1000061035156,6888
2026-04-27 06:37:00+00:00,410.1499938964844,410.1499938964844,410.1499938964844,409.95001220703125,410.0,10185
2026-04-27 06:38:00+00:00,410.0,410.0,410.1499938964844,409.95001220703125,410.04998779296875,9074
2026-04-27 06:39:00+00:00,409.79998779296875,409.79998779296875,409.95001220703125,409.6499938964844,409.95001220703125,12274
2026-04-27 06:40:00+00:00,409.79998779296875,409.79998779296875,409.79998779296875,409.6499938964844,409.6499938964844,6572
2026-04-27 06:41:00+00:00,409.79998779296875,409.79998779296875,409.8500061035156,409.6499938964844,409.79998779296875,8308
2026-04-27 06:42:00+00:00,409.79998779296875,409.79998779296875,409.95001220703125,409.70001220703125,409.75,21108
2026-04-27 06:43:00+00:00,409.8999938964844,409.8999938964844,410.0,409.75,409.75,6910
2026-04-27 06:44:00+00:00,409.45001220703125,409.45001220703125,409.95001220703125,409.3999938964844,409.8999938964844,14950
2026-04-27 06:45:00+00:00,409.45001220703125,409.45001220703125,409.6000061035156,409.0,409.5,32706
2026-04-27 06:46:00+00:00,409.54998779296875,409.54998779296875,409.6000061035156,409.20001220703125,409.3500061035156,12133
2026-04-27 06:47:00+00:00,409.3500061035156,409.3500061035156,409.6000061035156,409.3500061035156,409.5,7836
2026-04-27 06:48:00+00:00,409.20001220703125,409.20001220703125,409.54998779296875,409.20001220703125,409.3500061035156,16028
2026-04-27 06:49:00+00:00,409.29998779296875,409.29998779296875,409.3999938964844,409.1000061035156,409.1000061035156,5260
2026-04-27 06:50:00+00:00,409.20001220703125,409.20001220703125,409.3999938964844,409.1000061035156,409.25,9370
2026-04-27 06:51:00+00:00,409.20001220703125,409.20001220703125,409.3500061035156,409.1499938964844,409.25,6483
2026-04-27 06:52:00+00:00,409.3500061035156,409.3500061035156,409.3500061035156,409.20001220703125,409.25,5674
2026-04-27 06:53:00+00:00,409.54998779296875,409.54998779296875,409.54998779296875,409.3500061035156,409.3500061035156,10877
2026-04-27 06:54:00+00:00,409.1499938964844,409.1499938964844,409.45001220703125,409.1000061035156,409.45001220703125,12938
2026-04-27 06:55:00+00:00,410.04998779296875,410.04998779296875,410.1000061035156,410.0,410.0,257997
2026-04-27 06:56:00+00:00,410.20001220703125,410.20001220703125,410.25,410.0,410.04998779296875,211900
2026-04-27 06:57:00+00:00,410.20001220703125,410.20001220703125,410.3500061035156,410.1000061035156,410.20001220703125,12831
2026-04-27 06:58:00+00:00,410.3999938964844,410.3999938964844,410.3999938964844,410.20001220703125,410.20001220703125,9026
2026-04-27 06:59:00+00:00,410.29998779296875,410.29998779296875,410.6000061035156,410.20001220703125,410.45001220703125,19048
2026-04-27 07:00:00+00:00,410.5,410.5,410.5,410.20001220703125,410.29998779296875,10610
2026-04-27 07:01:00+00:00,410.3999938964844,410.3999938964844,410.3999938964844,410.29998779296875,410.29998779296875,14362
2026-04-27 07:02:00+00:00,410.45001220703125,410.45001220703125,410.54998779296875,410.29998779296875,410.3500061035156,11112
2026-04-27 07:03:00+00:00,410.70001220703125,410.70001220703125,410.8500061035156,410.3999938964844,410.45001220703125,24043
2026-04-27 07:04:00+00:00,410.70001220703125,410.70001220703125,410.75,410.6000061035156,410.70001220703125,9485
2026-04-27 07:05:00+00:00,410.54998779296875,410.54998779296875,410.6499938964844,410.5,410.6000061035156,17731
2026-04-27 07:06:00+00:00,410.3500061035156,410.3500061035156,410.6499938964844,410.25,410.6499938964844,40560
2026-04-27 07:07:00+00:00,410.29998779296875,410.29998779296875,410.54998779296875,410.29998779296875,410.5,18918
2026-04-27 07:08:00+00:00,410.29998779296875,410.29998779296875,410.3999938964844,410.20001220703125,410.3500061035156,7051
2026-04-27 07:09:00+00:00,410.1499938964844,410.1499938964844,410.45001220703125,410.1000061035156,410.45001220703125,7092
2026-04-27 07:10:00+00:00,410.0,410.0,410.20001220703125,410.0,410.20001220703125,173569
2026-04-27 07:11:00+00:00,410.45001220703125,410.45001220703125,410.45001220703125,410.0,410.0,192619
2026-04-27 07:12:00+00:00,410.45001220703125,410.45001220703125,410.6000061035156,410.29998779296875,410.3999938964844,15079
2026-04-27 07:13:00+00:00,410.8999938964844,410.8999938964844,411.0,410.3500061035156,410.54998779296875,32072
2026-04-27 07:14:00+00:00,410.3999938964844,410.3999938964844,411.04998779296875,410.25,411.04998779296875,20909
2026-04-27 07:15:00+00:00,410.3500061035156,410.3500061035156,410.5,410.1499938964844,410.3500061035156,8067
2026-04-27 07:16:00+00:00,410.45001220703125,410.45001220703125,410.5,410.25,410.3500061035156,34844
2026-04-27 07:17:00+00:00,410.45001220703125,410.45001220703125,410.6000061035156,410.3500061035156,410.3999938964844,25806
2026-04-27 07:18:00+00:00,410.3999938964844,410.3999938964844,410.45001220703125,410.29998779296875,410.3999938964844,5702
2026-04-27 07:19:00+00:00,410.25,410.25,410.54998779296875,410.25,410.5,11186
2026-04-27 07:20:00+00:00,410.1000061035156,410.1000061035156,410.3500061035156,410.1000061035156,410.3500061035156,9750
2026-04-27 07:21:00+00:00,410.04998779296875,410.04998779296875,410.04998779296875,410.0,410.04998779296875,32007
2026-04-27 07:22:00+00:00,410.1499938964844,410.1499938964844,410.20001220703125,410.0,410.1000061035156,13929
2026-04-27 07:23:00+00:00,410.04998779296875,410.04998779296875,410.25,410.04998779296875,410.20001220703125,7731
2026-04-27 07:24:00+00:00,410.1000061035156,410.1000061035156,410.20001220703125,410.04998779296875,410.1000061035156,7644
2026-04-27 07:25:00+00:00,410.29998779296875,410.29998779296875,410.95001220703125,410.0,410.0,166383
2026-04-27 07:26:00+00:00,410.3500061035156,410.3500061035156,410.3999938964844,410.1499938964844,410.29998779296875,8125
2026-04-27 07:27:00+00:00,410.29998779296875,410.29998779296875,410.45001220703125,410.0,410.3500061035156,16621
2026-04-27 07:28:00+00:00,410.20001220703125,410.20001220703125,410.25,410.04998779296875,410.25,9338
2026-04-27 07:29:00+00:00,410.1499938964844,410.1499938964844,410.25,410.1000061035156,410.20001220703125,10686
2026-04-27 07:30:00+00:00,410.25,410.25,410.45001220703125,410.25,410.25,12231
2026-04-27 07:31:00+00:00,410.25,410.25,410.3500061035156,410.1000061035156,410.29998779296875,9082
2026-04-27 07:32:00+00:00,410.20001220703125,410.20001220703125,410.3999938964844,410.1499938964844,410.3500061035156,13502
2026-04-27 07:33:00+00:00,410.29998779296875,410.29998779296875,410.3500061035156,410.1000061035156,410.29998779296875,14254
2026-04-27 07:34:00+00:00,410.1000061035156,410.1000061035156,410.25,410.1000061035156,410.25,10612
2026-04-27 07:35:00+00:00,410.0,410.0,410.20001220703125,410.0,410.1499938964844,48416
2026-04-27 07:36:00+00:00,410.29998779296875,410.29998779296875,410.29998779296875,410.0,410.0,14375
2026-04-27 07:37:00+00:00,410.45001220703125,410.45001220703125,410.45001220703125,410.1499938964844,410.20001220703125,8569
2026-04-27 07:38:00+00:00,410.5,410.5,410.54998779296875,410.45001220703125,410.5,8621
2026-04-27 07:39:00+00:00,410.6499938964844,410.6499938964844,410.70001220703125,410.45001220703125,410.54998779296875,8644
2026-04-27 07:40:00+00:00,410.70001220703125,410.70001220703125,410.70001220703125,410.54998779296875,410.70001220703125,8873
2026-04-27 07:41:00+00:00,410.3999938964844,410.3999938964844,410.70001220703125,410.3999938964844,410.6499938964844,8254
2026-04-27 07:42:00+00:00,410.5,410.5,410.6000061035156,410.45001220703125,410.5,8899
2026-04-27 07:43:00+00:00,410.54998779296875,410.54998779296875,410.6000061035156,410.45001220703125,410.54998779296875,8239
2026-04-27 07:44:00+00:00,410.75,410.75,410.75,410.54998779296875,410.54998779296875,8910
2026-04-27 07:45:00+00:00,410.79998779296875,410.79998779296875,410.79998779296875,410.6000061035156,410.6000061035156,12297
2026-04-27 07:46:00+00:00,410.8500061035156,410.8500061035156,410.8500061035156,410.6499938964844,410.75,10430
2026-04-27 07:47:00+00:00,410.75,410.75,410.8500061035156,410.70001220703125,410.75,9745
2026-04-27 07:48:00+00:00,410.45001220703125,410.45001220703125,410.75,410.3999938964844,410.75,14541
2026-04-27 07:49:00+00:00,410.5,410.5,410.5,410.3999938964844,410.5,9117
2026-04-27 07:50:00+00:00,410.5,410.5,410.54998779296875,410.3500061035156,410.3500061035156,11316
2026-04-27 07:51:00+00:00,410.79998779296875,410.79998779296875,410.79998779296875,410.45001220703125,410.54998779296875,8704
2026-04-27 07:52:00+00:00,410.75,410.75,410.75,410.6000061035156,410.75,7590
2026-04-27 07:53:00+00:00,410.79998779296875,410.79998779296875,410.79998779296875,410.70001220703125,410.75,5537
2026-04-27 07:54:00+00:00,410.8500061035156,410.8500061035156,410.8999938964844,410.70001220703125,410.70001220703125,20455
2026-04-27 07:55:00+00:00,410.70001220703125,410.70001220703125,410.8500061035156,410.70001220703125,410.8500061035156,5572
2026-04-27 07:56:00+00:00,410.75,410.75,410.79998779296875,410.6000061035156,410.75,8011
2026-04-27 07:57:00+00:00,410.75,410.75,410.79998779296875,410.70001220703125,410.75,10337
2026-04-27 07:58:00+00:00,410.70001220703125,410.70001220703125,410.79998779296875,410.70001220703125,410.75,6735
2026-04-27 07:59:00+00:00,410.70001220703125,410.70001220703125,410.75,410.6499938964844,410.75,7390
2026-04-27 08:00:00+00:00,410.25,410.25,410.70001220703125,410.20001220703125,410.70001220703125,14278
2026-04-27 08:01:00+00:00,410.04998779296875,410.04998779296875,410.29998779296875,410.04998779296875,410.25,11696
2026-04-27 08:02:00+00:00,410.25,410.25,410.3500061035156,410.04998779296875,410.20001220703125,7232
2026-04-27 08:03:00+00:00,410.20001220703125,410.20001220703125,410.29998779296875,410.20001220703125,410.29998779296875,4311
2026-04-27 08:04:00+00:00,410.3500061035156,410.3500061035156,410.3999938964844,410.20001220703125,410.20001220703125,6780
2026-04-27 08:05:00+00:00,410.5,410.5,410.5,410.3999938964844,410.45001220703125,7609
2026-04-27 08:06:00+00:00,410.5,410.5,410.54998779296875,410.45001220703125,410.45001220703125,2962
2026-04-27 08:07:00+00:00,410.20001220703125,410.20001220703125,410.5,410.20001220703125,410.5,10925
2026-04-27 08:08:00+00:00,410.29998779296875,410.29998779296875,410.3500061035156,410.20001220703125,410.3500061035156,16527
2026-04-27 08:09:00+00:00,410.45001220703125,410.45001220703125,410.45001220703125,410.25,410.25,4103
2026-04-27 08:10:00+00:00,410.54998779296875,410.54998779296875,410.54998779296875,410.45001220703125,410.45001220703125,5635
2026-04-27 08:11:00+00:00,410.04998779296875,410.04998779296875,410.6000061035156,410.04998779296875,410.6000061035156,46577
2026-04-27 08:12:00+00:00,410.0,410.0,410.20001220703125,409.79998779296875,410.20001220703125,184135
2026-04-27 08:13:00+00:00,409.6000061035156,409.6000061035156,410.0,409.45001220703125,410.0,57436
2026-04-27 08:14:00+00:00,409.54998779296875,409.54998779296875,409.6499938964844,409.1499938964844,409.6499938964844,72629
2026-04-27 08:15:00+00:00,409.3500061035156,409.3500061035156,409.54998779296875,409.0,409.54998779296875,30447
2026-04-27 08:16:00+00:00,409.6499938964844,409.6499938964844,409.70001220703125,409.29998779296875,409.3500061035156,16399
2026-04-27 08:17:00+00:00,409.75,409.75,409.79998779296875,409.6000061035156,409.6499938964844,6396
2026-04-27 08:18:00+00:00,409.70001220703125,409.70001220703125,409.75,409.6499938964844,409.75,9047
2026-04-27 08:19:00+00:00,409.70001220703125,409.70001220703125,409.70001220703125,409.6499938964844,409.70001220703125,6792
2026-04-27 08:20:00+00:00,409.3999938964844,409.3999938964844,409.70001220703125,409.3500061035156,409.70001220703125,10781
2026-04-27 08:21:00+00:00,409.45001220703125,409.45001220703125,409.45001220703125,409.25,409.25,13630
2026-04-27 08:22:00+00:00,409.79998779296875,409.79998779296875,409.79998779296875,409.3999938964844,409.45001220703125,23848
2026-04-27 08:23:00+00:00,409.70001220703125,409.70001220703125,409.70001220703125,409.6499938964844,409.70001220703125,5034
2026-04-27 08:24:00+00:00,409.75,409.75,409.75,409.6499938964844,409.6499938964844,16432
2026-04-27 08:25:00+00:00,409.6499938964844,409.6499938964844,409.79998779296875,409.6499938964844,409.79998779296875,7446
2026-04-27 08:26:00+00:00,409.6000061035156,409.6000061035156,409.79998779296875,409.54998779296875,409.70001220703125,12472
2026-04-27 08:27:00+00:00,409.5,409.5,409.6000061035156,409.5,409.6000061035156,3464
2026-04-27 08:28:00+00:00,409.5,409.5,409.5,409.3999938964844,409.5,4293
2026-04-27 08:29:00+00:00,409.5,409.5,409.5,409.3999938964844,409.45001220703125,11965
2026-04-27 08:30:00+00:00,409.6000061035156,409.6000061035156,409.6000061035156,409.45001220703125,409.5,5093
2026-04-27 08:31:00+00:00,409.6499938964844,409.6499938964844,409.70001220703125,409.5,409.5,4583
2026-04-27 08:32:00+00:00,409.75,409.75,409.75,409.70001220703125,409.70001220703125,7767
2026-04-27 08:33:00+00:00,409.6000061035156,409.6000061035156,409.75,409.54998779296875,409.75,18872
2026-04-27 08:34:00+00:00,409.6499938964844,409.6499938964844,409.6499938964844,409.54998779296875,409.6000061035156,5801
2026-04-27 08:35:00+00:00,409.6000061035156,409.6000061035156,409.6499938964844,409.6000061035156,409.6499938964844,4750
2026-04-27 08:36:00+00:00,409.5,409.5,409.6000061035156,409.5,409.6000061035156,6634
2026-04-27 08:37:00+00:00,409.5,409.5,409.54998779296875,409.45001220703125,409.54998779296875,23493
2026-04-27 08:38:00+00:00,409.70001220703125,409.70001220703125,409.70001220703125,409.3999938964844,409.5,11279
2026-04-27 08:39:00+00:00,409.8500061035156,409.8500061035156,409.8500061035156,409.70001220703125,409.70001220703125,10505
2026-04-27 08:40:00+00:00,410.0,410.0,410.0,409.79998779296875,410.0,18418
2026-04-27 08:41:00+00:00,409.6499938964844,409.6499938964844,410.0,409.3500061035156,410.0,23608
2026-04-27 08:42:00+00:00,409.75,409.75,409.75,409.70001220703125,409.70001220703125,5915
2026-04-27 08:43:00+00:00,409.6000061035156,409.6000061035156,409.75,409.6000061035156,409.70001220703125,6432
2026-04-27 08:44:00+00:00,409.8999938964844,409.8999938964844,409.8999938964844,409.6499938964844,409.6499938964844,12109
2026-04-27 08:45:00+00:00,409.8999938964844,409.8999938964844,409.95001220703125,409.70001220703125,409.8999938964844,7965
2026-04-27 08:46:00+00:00,409.79998779296875,409.79998779296875,409.95001220703125,409.70001220703125,409.79998779296875,4581
2026-04-27 08:47:00+00:00,409.75,409.75,409.75,409.6000061035156,409.75,11658
2026-04-27 08:48:00+00:00,409.8999938964844,409.8999938964844,409.8999938964844,409.79998779296875,409.79998779296875,1991
2026-04-27 08:49:00+00:00,409.8999938964844,409.8999938964844,410.0,409.79998779296875,409.8999938964844,14125
2026-04-27 08:50:00+00:00,409.95001220703125,409.95001220703125,409.95001220703125,409.79998779296875,409.79998779296875,3210
2026-04-27 08:51:00+00:00,409.54998779296875,409.54998779296875,409.8999938964844,409.54998779296875,409.8500061035156,10118
2026-04-27 08:52:00+00:00,409.5,409.5,409.6000061035156,409.25,409.6000061035156,15220
2026-04-27 08:53:00+00:00,409.45001220703125,409.45001220703125,409.5,409.3500061035156,409.5,3852
2026-04-27 08:54:00+00:00,409.5,409.5,409.54998779296875,409.45001220703125,409.45001220703125,5925
2026-04-27 08:55:00+00:00,409.6000061035156,409.6000061035156,409.6000061035156,409.5,409.54998779296875,3708
2026-04-27 08:56:00+00:00,409.25,409.25,409.6499938964844,409.25,409.6499938964844,22627
2026-04-27 08:57:00+00:00,409.75,409.75,409.79998779296875,409.3999938964844,409.45001220703125,9001
2026-04-27 08:58:00+00:00,409.75,409.75,409.79998779296875,409.6499938964844,409.75,9243
2026-04-27 08:59:00+00:00,409.5,409.5,409.6499938964844,409.3500061035156,409.6000061035156,4564
2026-04-27 09:00:00+00:00,409.45001220703125,409.45001220703125,409.54998779296875,409.29998779296875,409.5,6804
2026-04-27 09:01:00+00:00,409.29998779296875,409.29998779296875,409.5,409.25,409.5,6688
2026-04-27 09:02:00+00:00,409.20001220703125,409.20001220703125,409.3999938964844,409.20001220703125,409.3500061035156,10029
2026-04-27 09:03:00+00:00,409.1499938964844,409.1499938964844,409.29998779296875,409.04998779296875,409.29998779296875,10718
2026-04-27 09:04:00+00:00,409.29998779296875,409.29998779296875,409.29998779296875,409.1000061035156,409.1499938964844,9674
2026-04-27 09:05:00+00:00,409.25,409.25,409.3500061035156,409.1000061035156,409.1000061035156,6572
2026-04-27 09:06:00+00:00,409.04998779296875,409.04998779296875,409.25,409.04998779296875,409.25,4339
2026-04-27 09:07:00+00:00,409.25,409.25,409.25,409.1000061035156,409.25,5478
2026-04-27 09:08:00+00:00,409.3500061035156,409.3500061035156,409.3999938964844,409.20001220703125,409.29998779296875,8040
2026-04-27 09:09:00+00:00,409.29998779296875,409.29998779296875,409.3500061035156,409.29998779296875,409.3500061035156,5003
2026-04-27 09:10:00+00:00,409.25,409.25,409.29998779296875,409.1499938964844,409.1499938964844,6957
2026-04-27 09:11:00+00:00,409.6000061035156,409.6000061035156,409.6499938964844,409.20001220703125,409.29998779296875,7477
2026-04-27 09:12:00+00:00,409.6000061035156,409.6000061035156,409.6499938964844,409.5,409.6000061035156,15842
2026-04-27 09:13:00+00:00,409.3500061035156,409.3500061035156,409.6000061035156,409.25,409.54998779296875,8567
2026-04-27 09:14:00+00:00,409.29998779296875,409.29998779296875,409.3500061035156,409.1000061035156,409.29998779296875,9818
2026-04-27 09:15:00+00:00,409.75,409.75,409.8500061035156,409.29998779296875,409.5,55809
2026-04-27 09:16:00+00:00,409.8500061035156,409.8500061035156,409.8500061035156,409.6000061035156,409.70001220703125,28029
2026-04-27 09:17:00+00:00,410.0,410.0,410.0,409.70001220703125,409.79998779296875,38123
2026-04-27 09:18:00+00:00,409.8999938964844,409.8999938964844,410.0,409.54998779296875,410.0,61960
2026-04-27 09:19:00+00:00,410.04998779296875,410.04998779296875,410.04998779296875,409.6499938964844,409.95001220703125,55622
2026-04-27 09:20:00+00:00,409.6499938964844,409.6499938964844,410.04998779296875,409.6000061035156,410.04998779296875,72416
2026-04-27 09:21:00+00:00,410.1499938964844,410.1499938964844,410.1499938964844,409.6499938964844,409.79998779296875,40277
2026-04-27 09:22:00+00:00,410.3500061035156,410.3500061035156,410.3999938964844,410.1499938964844,410.25,21282
2026-04-27 09:23:00+00:00,410.3500061035156,410.3500061035156,410.5,410.1499938964844,410.29998779296875,34010
2026-04-27 09:24:00+00:00,410.70001220703125,410.70001220703125,410.8500061035156,410.5,410.5,26168
2026-04-27 09:25:00+00:00,410.45001220703125,410.45001220703125,410.75,410.45001220703125,410.70001220703125,17530
2026-04-27 09:26:00+00:00,410.45001220703125,410.45001220703125,410.5,410.1499938964844,410.5,31761
2026-04-27 09:27:00+00:00,410.45001220703125,410.45001220703125,410.75,410.1000061035156,410.45001220703125,28849
2026-04-27 09:28:00+00:00,410.45001220703125,410.45001220703125,410.6499938964844,410.25,410.6000061035156,13611
2026-04-27 09:29:00+00:00,410.3500061035156,410.3500061035156,410.3500061035156,410.1499938964844,410.3500061035156,14802
2026-04-27 09:30:00+00:00,410.1000061035156,410.1000061035156,410.3500061035156,410.04998779296875,410.3500061035156,35477
2026-04-27 09:31:00+00:00,410.1000061035156,410.1000061035156,410.1499938964844,410.04998779296875,410.1499938964844,20091
2026-04-27 09:32:00+00:00,410.1499938964844,410.1499938964844,410.1499938964844,410.0,410.0,37254
2026-04-27 09:33:00+00:00,409.95001220703125,409.95001220703125,410.1499938964844,409.6499938964844,410.1499938964844,76495
2026-04-27 09:34:00+00:00,410.0,410.0,410.04998779296875,409.79998779296875,410.0,50152
2026-04-27 09:35:00+00:00,410.0,410.0,410.1000061035156,410.0,410.04998779296875,57208
2026-04-27 09:36:00+00:00,410.1499938964844,410.1499938964844,410.1499938964844,409.8500061035156,410.04998779296875,74494
2026-04-27 09:37:00+00:00,410.0,410.0,410.1499938964844,410.0,410.0,34253
2026-04-27 09:38:00+00:00,410.0,410.0,410.04998779296875,409.8999938964844,410.0,136711
2026-04-27 09:39:00+00:00,410.1000061035156,410.1000061035156,410.20001220703125,410.0,410.04998779296875,67526
2026-04-27 09:40:00+00:00,410.25,410.25,410.29998779296875,410.04998779296875,410.1000061035156,55384
2026-04-27 09:41:00+00:00,410.25,410.25,410.25,410.04998779296875,410.20001220703125,29771
2026-04-27 09:42:00+00:00,410.1499938964844,410.1499938964844,410.29998779296875,410.1499938964844,410.20001220703125,16225
2026-04-27 09:43:00+00:00,410.1000061035156,410.1000061035156,410.29998779296875,410.04998779296875,410.29998779296875,49531
2026-04-27 09:44:00+00:00,410.1000061035156,410.1000061035156,410.29998779296875,410.04998779296875,410.04998779296875,83231
2026-04-27 09:45:00+00:00,410.5,410.5,410.5,410.3500061035156,410.3999938964844,91258
2026-04-27 09:46:00+00:00,410.0,410.0,410.3999938964844,409.95001220703125,410.3999938964844,360959
2026-04-27 09:47:00+00:00,410.04998779296875,410.04998779296875,410.1499938964844,410.04998779296875,410.1000061035156,26104
2026-04-27 09:48:00+00:00,410.1000061035156,410.1000061035156,410.1000061035156,410.04998779296875,410.04998779296875,44186
2026-04-27 09:49:00+00:00,410.1499938964844,410.1499938964844,410.1499938964844,410.04998779296875,410.1000061035156,73270
2026-04-27 09:50:00+00:00,410.20001220703125,410.20001220703125,410.29998779296875,410.04998779296875,410.1000061035156,107128
2026-04-27 09:51:00+00:00,410.3500061035156,410.3500061035156,410.6000061035156,410.20001220703125,410.20001220703125,87311
2026-04-27 09:52:00+00:00,410.25,410.25,410.3999938964844,410.04998779296875,410.3999938964844,23717
2026-04-27 09:53:00+00:00,410.25,410.25,410.45001220703125,410.25,410.3999938964844,42569
2026-04-27 09:54:00+00:00,410.3500061035156,410.3500061035156,410.3999938964844,410.20001220703125,410.25,58894
2026-04-27 09:55:00+00:00,410.3500061035156,410.3500061035156,410.3500061035156,410.25,410.25,23471
2026-04-27 09:56:00+00:00,410.3500061035156,410.3500061035156,410.3999938964844,410.25,410.3500061035156,18391
2026-04-27 09:57:00+00:00,410.5,410.5,410.5,410.3500061035156,410.3500061035156,55272
2026-04-27 09:58:00+00:00,410.5,410.5,410.5,410.45001220703125,410.45001220703125,20200
2026-04-27 09:59:00+00:00,411.95001220703125,411.95001220703125,412.0,410.3999938964844,410.5,239596
2026-04-28 03:45:00+00:00,410.5,410.5,412.6000061035156,410.25,412.45001220703125,0
2026-04-28 03:46:00+00:00,411.0,411.0,412.1499938964844,410.3999938964844,410.8500061035156,183028
2026-04-28 03:47:00+00:00,411.0,411.0,411.3500061035156,410.6499938964844,411.1499938964844,50833
2026-04-28 03:48:00+00:00,412.3500061035156,412.3500061035156,412.3500061035156,411.0,411.04998779296875,70567
2026-04-28 03:49:00+00:00,412.25,412.25,412.79998779296875,412.20001220703125,412.6000061035156,58257
2026-04-28 03:50:00+00:00,412.1000061035156,412.1000061035156,412.6000061035156,412.1000061035156,412.45001220703125,29281
2026-04-28 03:51:00+00:00,411.8500061035156,411.8500061035156,412.3999938964844,411.8500061035156,412.29998779296875,36399
2026-04-28 03:52:00+00:00,411.5,411.5,411.6499938964844,411.04998779296875,411.04998779296875,50314
2026-04-28 03:53:00+00:00,410.54998779296875,410.54998779296875,411.70001220703125,410.54998779296875,411.5,91148
2026-04-28 03:54:00+00:00,410.54998779296875,410.54998779296875,410.70001220703125,410.25,410.6499938964844,46015
2026-04-28 03:55:00+00:00,410.75,410.75,410.8999938964844,410.25,410.25,85626
2026-04-28 03:56:00+00:00,411.04998779296875,411.04998779296875,411.04998779296875,410.3999938964844,410.70001220703125,36703
2026-04-28 03:57:00+00:00,410.79998779296875,410.79998779296875,410.95001220703125,410.6000061035156,410.95001220703125,34721
2026-04-28 03:58:00+00:00,411.29998779296875,411.29998779296875,411.29998779296875,411.1000061035156,411.1000061035156,42372
2026-04-28 03:59:00+00:00,410.70001220703125,410.70001220703125,411.29998779296875,410.6499938964844,411.25,40634
2026-04-28 04:00:00+00:00,411.20001220703125,411.20001220703125,411.25,410.8999938964844,410.8999938964844,17238
2026-04-28 04:01:00+00:00,410.95001220703125,410.95001220703125,411.20001220703125,410.95001220703125,411.0,32181
2026-04-28 04:02:00+00:00,412.20001220703125,412.20001220703125,412.25,411.0,411.0,77429
2026-04-28 04:03:00+00:00,412.79998779296875,412.79998779296875,412.79998779296875,412.0,412.1499938964844,32224
2026-04-28 04:04:00+00:00,412.75,412.75,413.0,412.75,412.8500061035156,20538
2026-04-28 04:05:00+00:00,412.54998779296875,412.54998779296875,412.95001220703125,412.3500061035156,412.95001220703125,13616
2026-04-28 04:06:00+00:00,412.6499938964844,412.6499938964844,412.75,412.54998779296875,412.6499938964844,9620
2026-04-28 04:07:00+00:00,413.54998779296875,413.54998779296875,413.70001220703125,412.79998779296875,412.79998779296875,61112
2026-04-28 04:08:00+00:00,413.5,413.5,414.0,413.45001220703125,414.0,34882
2026-04-28 04:09:00+00:00,413.0,413.0,413.6499938964844,413.0,413.6499938964844,13086
2026-04-28 04:10:00+00:00,412.6000061035156,412.6000061035156,413.3500061035156,412.54998779296875,413.20001220703125,30135
2026-04-28 04:11:00+00:00,412.5,412.5,412.79998779296875,412.5,412.79998779296875,32977
2026-04-28 04:12:00+00:00,412.95001220703125,412.95001220703125,412.95001220703125,412.25,412.29998779296875,13141
2026-04-28 04:13:00+00:00,412.6000061035156,412.6000061035156,413.1000061035156,412.6000061035156,412.8500061035156,7909
2026-04-28 04:14:00+00:00,412.8500061035156,412.8500061035156,412.8500061035156,412.3500061035156,412.70001220703125,26466
2026-04-28 04:15:00+00:00,412.95001220703125,412.95001220703125,412.95001220703125,412.6000061035156,412.8999938964844,14365
2026-04-28 04:16:00+00:00,413.54998779296875,413.54998779296875,413.54998779296875,412.95001220703125,412.95001220703125,16323
2026-04-28 04:17:00+00:00,413.70001220703125,413.70001220703125,413.70001220703125,413.3500061035156,413.6000061035156,17541
2026-04-28 04:18:00+00:00,413.70001220703125,413.70001220703125,413.79998779296875,413.5,413.6499938964844,7667
2026-04-28 04:19:00+00:00,413.20001220703125,413.20001220703125,413.6000061035156,413.1000061035156,413.6000061035156,16497
2026-04-28 04:20:00+00:00,413.1499938964844,413.1499938964844,413.3500061035156,413.1499938964844,413.20001220703125,7657
2026-04-28 04:21:00+00:00,412.8999938964844,412.8999938964844,413.25,412.8500061035156,413.25,13190
2026-04-28 04:22:00+00:00,413.0,413.0,413.1000061035156,412.8500061035156,412.95001220703125,4809
2026-04-28 04:23:00+00:00,412.95001220703125,412.95001220703125,413.0,412.79998779296875,413.0,9282
2026-04-28 04:24:00+00:00,413.0,413.0,413.1000061035156,412.79998779296875,412.8500061035156,55049
2026-04-28 04:25:00+00:00,413.0,413.0,413.20001220703125,412.75,412.79998779296875,7893
2026-04-28 04:26:00+00:00,412.79998779296875,412.79998779296875,413.1499938964844,412.79998779296875,413.04998779296875,16123
2026-04-28 04:27:00+00:00,412.79998779296875,412.79998779296875,413.04998779296875,412.6499938964844,412.8999938964844,18279
2026-04-28 04:28:00+00:00,412.8500061035156,412.8500061035156,413.1000061035156,412.70001220703125,412.70001220703125,22754
2026-04-28 04:29:00+00:00,412.5,412.5,412.75,412.3500061035156,412.75,8307
2026-04-28 04:30:00+00:00,412.6499938964844,412.6499938964844,412.79998779296875,412.45001220703125,412.45001220703125,25382
2026-04-28 04:31:00+00:00,412.6000061035156,412.6000061035156,412.8500061035156,412.54998779296875,412.75,14196
2026-04-28 04:32:00+00:00,412.20001220703125,412.20001220703125,412.6000061035156,412.0,412.5,11233
2026-04-28 04:33:00+00:00,411.79998779296875,411.79998779296875,412.04998779296875,411.6499938964844,412.04998779296875,16915
2026-04-28 04:34:00+00:00,411.95001220703125,411.95001220703125,411.95001220703125,411.70001220703125,411.79998779296875,6995
2026-04-28 04:35:00+00:00,411.45001220703125,411.45001220703125,411.79998779296875,411.45001220703125,411.79998779296875,15683
2026-04-28 04:36:00+00:00,410.8999938964844,410.8999938964844,411.29998779296875,410.6000061035156,411.25,29073
2026-04-28 04:37:00+00:00,411.0,411.0,411.29998779296875,410.6499938964844,410.70001220703125,51377
2026-04-28 04:38:00+00:00,411.0,411.0,411.25,410.8999938964844,411.20001220703125,24156
2026-04-28 04:39:00+00:00,411.1499938964844,411.1499938964844,411.25,411.1000061035156,411.1000061035156,14690
2026-04-28 04:40:00+00:00,411.3500061035156,411.3500061035156,411.6499938964844,411.20001220703125,411.25,22799
2026-04-28 04:41:00+00:00,411.70001220703125,411.70001220703125,411.70001220703125,411.3999938964844,411.54998779296875,17572
2026-04-28 04:42:00+00:00,412.0,412.0,412.20001220703125,411.5,411.54998779296875,37484
2026-04-28 04:43:00+00:00,412.0,412.0,412.20001220703125,412.0,412.1499938964844,10357
2026-04-28 04:44:00+00:00,411.6000061035156,411.6000061035156,412.25,411.3500061035156,412.1499938964844,109126
2026-04-28 04:45:00+00:00,411.8500061035156,411.8500061035156,411.8500061035156,411.3500061035156,411.5,18585
2026-04-28 04:46:00+00:00,411.8999938964844,411.8999938964844,412.1000061035156,411.79998779296875,411.79998779296875,9870
2026-04-28 04:47:00+00:00,411.79998779296875,411.79998779296875,412.1000061035156,411.6499938964844,412.1000061035156,6009
2026-04-28 04:48:00+00:00,411.6499938964844,411.6499938964844,412.0,411.5,412.0,10982
2026-04-28 04:49:00+00:00,411.79998779296875,411.79998779296875,411.79998779296875,411.70001220703125,411.79998779296875,4086
2026-04-28 04:50:00+00:00,411.3999938964844,411.3999938964844,411.6000061035156,411.3999938964844,411.3999938964844,19090
2026-04-28 04:51:00+00:00,411.54998779296875,411.54998779296875,411.6499938964844,411.5,411.6000061035156,10751
2026-04-28 04:52:00+00:00,411.45001220703125,411.45001220703125,411.6499938964844,411.29998779296875,411.6499938964844,17234
2026-04-28 04:53:00+00:00,411.54998779296875,411.54998779296875,411.6000061035156,411.25,411.45001220703125,14735
2026-04-28 04:54:00+00:00,411.70001220703125,411.70001220703125,411.8999938964844,411.70001220703125,411.70001220703125,9223
2026-04-28 04:55:00+00:00,411.54998779296875,411.54998779296875,411.79998779296875,411.45001220703125,411.79998779296875,8846
2026-04-28 04:56:00+00:00,411.25,411.25,411.54998779296875,411.25,411.3500061035156,21040
2026-04-28 04:57:00+00:00,411.1499938964844,411.1499938964844,411.1499938964844,411.0,411.1499938964844,13799
2026-04-28 04:58:00+00:00,411.1000061035156,411.1000061035156,411.20001220703125,411.1000061035156,411.1000061035156,4987
2026-04-28 04:59:00+00:00,411.04998779296875,411.04998779296875,411.25,411.0,411.25,7512
2026-04-28 05:00:00+00:00,411.29998779296875,411.29998779296875,411.3500061035156,411.1499938964844,411.1499938964844,5375
2026-04-28 05:01:00+00:00,411.3999938964844,411.3999938964844,411.3999938964844,411.1499938964844,411.29998779296875,12820
2026-04-28 05:02:00+00:00,411.3999938964844,411.3999938964844,411.6499938964844,411.3999938964844,411.3999938964844,7965
2026-04-28 05:03:00+00:00,411.6000061035156,411.6000061035156,411.6499938964844,411.3999938964844,411.3999938964844,5048
2026-04-28 05:04:00+00:00,411.70001220703125,411.70001220703125,411.70001220703125,411.5,411.5,4919
2026-04-28 05:05:00+00:00,411.3999938964844,411.3999938964844,411.70001220703125,411.3500061035156,411.54998779296875,4758
2026-04-28 05:06:00+00:00,411.54998779296875,411.54998779296875,411.54998779296875,411.3500061035156,411.54998779296875,7135
2026-04-28 05:07:00+00:00,411.20001220703125,411.20001220703125,411.6499938964844,411.20001220703125,411.54998779296875,9831
2026-04-28 05:08:00+00:00,411.3999938964844,411.3999938964844,411.3999938964844,411.20001220703125,411.20001220703125,5986
2026-04-28 05:09:00+00:00,411.20001220703125,411.20001220703125,411.3999938964844,411.0,411.3999938964844,9094
2026-04-28 05:10:00+00:00,410.6499938964844,410.6499938964844,411.20001220703125,410.5,411.0,169465
2026-04-28 05:11:00+00:00,410.75,410.75,410.75,410.45001220703125,410.5,10201
2026-04-28 05:12:00+00:00,410.70001220703125,410.70001220703125,410.75,410.5,410.54998779296875,12391
2026-04-28 05:13:00+00:00,410.6499938964844,410.6499938964844,410.8500061035156,410.6499938964844,410.8500061035156,10628
2026-04-28 05:14:00+00:00,410.70001220703125,410.70001220703125,410.79998779296875,410.54998779296875,410.6499938964844,10438
2026-04-28 05:15:00+00:00,411.6000061035156,411.6000061035156,411.6000061035156,410.70001220703125,410.79998779296875,15904
2026-04-28 05:16:00+00:00,411.5,411.5,411.70001220703125,411.5,411.70001220703125,8536
2026-04-28 05:17:00+00:00,411.3500061035156,411.3500061035156,411.70001220703125,411.3500061035156,411.70001220703125,9746
2026-04-28 05:18:00+00:00,411.45001220703125,411.45001220703125,411.6499938964844,411.3999938964844,411.54998779296875,7361
2026-04-28 05:19:00+00:00,411.6000061035156,411.6000061035156,411.6000061035156,411.3999938964844,411.45001220703125,8430
2026-04-28 05:20:00+00:00,411.5,411.5,411.6499938964844,411.45001220703125,411.6000061035156,6861
2026-04-28 05:21:00+00:00,411.6499938964844,411.6499938964844,411.6499938964844,411.5,411.6000061035156,6848
2026-04-28 05:22:00+00:00,411.5,411.5,411.6499938964844,411.5,411.6499938964844,7044
2026-04-28 05:23:00+00:00,411.6499938964844,411.6499938964844,411.70001220703125,411.54998779296875,411.54998779296875,3895
2026-04-28 05:24:00+00:00,411.8500061035156,411.8500061035156,411.8500061035156,411.5,411.70001220703125,12225
2026-04-28 05:25:00+00:00,411.6000061035156,411.6000061035156,411.8999938964844,411.6000061035156,411.75,14450
2026-04-28 05:26:00+00:00,411.75,411.75,411.8500061035156,411.5,411.8500061035156,13409
2026-04-28 05:27:00+00:00,411.45001220703125,411.45001220703125,411.75,411.3500061035156,411.75,11545
2026-04-28 05:28:00+00:00,411.5,411.5,411.6499938964844,411.3999938964844,411.45001220703125,16629
2026-04-28 05:29:00+00:00,411.45001220703125,411.45001220703125,411.54998779296875,411.45001220703125,411.5,6791
2026-04-28 05:30:00+00:00,411.79998779296875,411.79998779296875,411.79998779296875,411.45001220703125,411.6000061035156,4277
2026-04-28 05:31:00+00:00,411.6000061035156,411.6000061035156,411.75,411.45001220703125,411.75,10874
2026-04-28 05:32:00+00:00,410.8999938964844,410.8999938964844,411.54998779296875,410.79998779296875,411.45001220703125,23842
2026-04-28 05:33:00+00:00,411.0,411.0,411.1499938964844,410.79998779296875,410.79998779296875,9722
2026-04-28 05:34:00+00:00,410.6000061035156,410.6000061035156,411.1000061035156,410.6000061035156,411.1000061035156,16376
2026-04-28 05:35:00+00:00,410.3500061035156,410.3500061035156,410.6499938964844,410.29998779296875,410.6499938964844,15812
2026-04-28 05:36:00+00:00,410.1499938964844,410.1499938964844,410.5,410.1000061035156,410.3999938964844,19135
2026-04-28 05:37:00+00:00,409.54998779296875,409.54998779296875,410.1499938964844,409.54998779296875,410.1499938964844,18380
2026-04-28 05:38:00+00:00,409.54998779296875,409.54998779296875,409.6499938964844,409.3500061035156,409.54998779296875,15822
2026-04-28 05:39:00+00:00,409.45001220703125,409.45001220703125,409.70001220703125,409.3500061035156,409.54998779296875,22082
2026-04-28 05:40:00+00:00,409.54998779296875,409.54998779296875,409.6000061035156,409.3999938964844,409.3999938964844,7375
2026-04-28 05:41:00+00:00,409.3999938964844,409.3999938964844,409.6000061035156,409.3999938964844,409.5,10462
2026-04-28 05:42:00+00:00,410.04998779296875,410.04998779296875,410.20001220703125,409.29998779296875,409.3500061035156,10977
2026-04-28 05:43:00+00:00,410.5,410.5,410.5,410.1499938964844,410.20001220703125,7841
2026-04-28 05:44:00+00:00,410.29998779296875,410.29998779296875,410.5,410.1499938964844,410.45001220703125,18225
2026-04-28 05:45:00+00:00,410.20001220703125,410.20001220703125,410.3500061035156,410.1499938964844,410.3500061035156,8897
2026-04-28 05:46:00+00:00,410.25,410.25,410.3500061035156,410.1499938964844,410.20001220703125,5211
2026-04-28 05:47:00+00:00,410.29998779296875,410.29998779296875,410.3500061035156,410.1499938964844,410.29998779296875,5377
2026-04-28 05:48:00+00:00,410.20001220703125,410.20001220703125,410.3500061035156,410.1499938964844,410.29998779296875,6391
2026-04-28 05:49:00+00:00,410.29998779296875,410.29998779296875,410.3500061035156,410.20001220703125,410.20001220703125,7538
2026-04-28 05:50:00+00:00,410.25,410.25,410.29998779296875,410.1499938964844,410.29998779296875,15751
2026-04-28 05:51:00+00:00,410.45001220703125,410.45001220703125,410.45001220703125,410.20001220703125,410.20001220703125,10574
2026-04-28 05:52:00+00:00,410.3999938964844,410.3999938964844,410.45001220703125,410.25,410.45001220703125,10935
2026-04-28 05:53:00+00:00,410.25,410.25,410.3999938964844,410.25,410.3500061035156,7819
2026-04-28 05:54:00+00:00,409.75,409.75,410.29998779296875,409.75,410.29998779296875,53692
2026-04-28 05:55:00+00:00,409.3500061035156,409.3500061035156,409.8500061035156,409.29998779296875,409.8500061035156,9980
2026-04-28 05:56:00+00:00,409.04998779296875,409.04998779296875,409.3999938964844,409.04998779296875,409.3500061035156,25987
2026-04-28 05:57:00+00:00,408.54998779296875,408.54998779296875,409.04998779296875,408.29998779296875,409.04998779296875,53111
2026-04-28 05:58:00+00:00,408.3999938964844,408.3999938964844,408.6499938964844,408.25,408.5,33603
2026-04-28 05:59:00+00:00,408.6000061035156,408.6000061035156,408.8500061035156,408.25,408.5,19241
2026-04-28 06:00:00+00:00,408.5,408.5,408.75,408.3500061035156,408.6000061035156,15633
2026-04-28 06:01:00+00:00,408.8999938964844,408.8999938964844,409.0,408.54998779296875,408.6499938964844,8101
2026-04-28 06:02:00+00:00,409.0,409.0,409.04998779296875,408.8999938964844,409.0,11655
2026-04-28 06:03:00+00:00,409.0,409.0,409.0,408.79998779296875,409.0,7556
2026-04-28 06:04:00+00:00,409.1000061035156,409.1000061035156,409.29998779296875,408.95001220703125,408.95001220703125,14462
2026-04-28 06:05:00+00:00,409.1000061035156,409.1000061035156,409.3500061035156,409.1000061035156,409.20001220703125,7639
2026-04-28 06:06:00+00:00,409.29998779296875,409.29998779296875,409.29998779296875,409.1000061035156,409.1499938964844,8456
2026-04-28 06:07:00+00:00,408.8500061035156,408.8500061035156,409.29998779296875,408.6499938964844,409.29998779296875,60881
2026-04-28 06:08:00+00:00,408.95001220703125,408.95001220703125,409.0,408.6000061035156,408.8500061035156,76472
2026-04-28 06:09:00+00:00,409.20001220703125,409.20001220703125,409.29998779296875,408.79998779296875,408.8999938964844,10095
2026-04-28 06:10:00+00:00,409.45001220703125,409.45001220703125,409.6000061035156,409.25,409.25,8380
2026-04-28 06:11:00+00:00,409.25,409.25,409.45001220703125,409.25,409.3500061035156,14995
2026-04-28 06:12:00+00:00,409.3500061035156,409.3500061035156,409.45001220703125,409.29998779296875,409.3500061035156,5295
2026-04-28 06:13:00+00:00,409.6499938964844,409.6499938964844,409.6499938964844,409.3500061035156,409.3500061035156,4753
2026-04-28 06:14:00+00:00,409.75,409.75,409.79998779296875,409.6499938964844,409.6499938964844,6767
2026-04-28 06:15:00+00:00,409.8999938964844,409.8999938964844,410.0,409.75,409.75,12027
2026-04-28 06:16:00+00:00,409.8500061035156,409.8500061035156,410.0,409.79998779296875,409.79998779296875,9519
2026-04-28 06:17:00+00:00,410.20001220703125,410.20001220703125,410.20001220703125,409.79998779296875,409.95001220703125,22041
2026-04-28 06:18:00+00:00,409.8999938964844,409.8999938964844,410.25,409.8999938964844,410.25,12767
2026-04-28 06:19:00+00:00,410.0,410.0,410.04998779296875,409.8999938964844,409.8999938964844,7315
2026-04-28 06:20:00+00:00,410.1000061035156,410.1000061035156,410.1499938964844,409.8500061035156,409.95001220703125,7581
2026-04-28 06:21:00+00:00,410.20001220703125,410.20001220703125,410.20001220703125,410.1499938964844,410.20001220703125,4775
2026-04-28 06:22:00+00:00,410.25,410.25,410.25,410.04998779296875,410.1499938964844,6066
2026-04-28 06:23:00+00:00,410.29998779296875,410.29998779296875,410.3999938964844,410.20001220703125,410.20001220703125,6945
2026-04-28 06:24:00+00:00,410.3999938964844,410.3999938964844,410.45001220703125,410.29998779296875,410.45001220703125,6410
2026-04-28 06:25:00+00:00,409.8999938964844,409.8999938964844,410.45001220703125,409.8999938964844,410.3999938964844,24795
2026-04-28 06:26:00+00:00,410.3999938964844,410.3999938964844,410.3999938964844,409.8500061035156,410.0,13834
2026-04-28 06:27:00+00:00,410.70001220703125,410.70001220703125,410.75,410.3999938964844,410.3999938964844,27454
2026-04-28 06:28:00+00:00,410.54998779296875,410.54998779296875,410.8999938964844,410.3500061035156,410.79998779296875,14474
2026-04-28 06:29:00+00:00,410.1499938964844,410.1499938964844,410.6000061035156,410.0,410.54998779296875,33538
2026-04-28 06:30:00+00:00,409.8500061035156,409.8500061035156,410.1499938964844,409.8500061035156,410.1499938964844,6878
2026-04-28 06:31:00+00:00,410.1000061035156,410.1000061035156,410.20001220703125,409.8500061035156,409.95001220703125,7493
2026-04-28 06:32:00+00:00,409.8500061035156,409.8500061035156,410.1000061035156,409.75,410.1000061035156,7740
2026-04-28 06:33:00+00:00,409.95001220703125,409.95001220703125,410.0,409.79998779296875,409.8500061035156,4989
2026-04-28 06:34:00+00:00,409.8999938964844,409.8999938964844,410.1000061035156,409.8999938964844,410.04998779296875,8033
2026-04-28 06:35:00+00:00,409.8500061035156,409.8500061035156,409.95001220703125,409.6499938964844,409.95001220703125,6689
2026-04-28 06:36:00+00:00,410.25,410.25,410.25,409.8500061035156,409.8999938964844,15275
2026-04-28 06:37:00+00:00,410.29998779296875,410.29998779296875,410.3999938964844,410.20001220703125,410.29998779296875,7887
2026-04-28 06:38:00+00:00,410.04998779296875,410.04998779296875,410.3500061035156,410.0,410.25,7769
2026-04-28 06:39:00+00:00,410.04998779296875,410.04998779296875,410.20001220703125,410.04998779296875,410.1499938964844,5318
2026-04-28 06:40:00+00:00,410.29998779296875,410.29998779296875,410.29998779296875,410.1000061035156,410.1000061035156,4976
2026-04-28 06:41:00+00:00,409.79998779296875,409.79998779296875,410.25,409.70001220703125,410.25,23394
2026-04-28 06:42:00+00:00,409.95001220703125,409.95001220703125,409.95001220703125,409.70001220703125,409.70001220703125,13550
2026-04-28 06:43:00+00:00,410.0,410.0,410.0,409.79998779296875,409.8999938964844,6021
2026-04-28 06:44:00+00:00,410.0,410.0,410.04998779296875,409.8999938964844,410.0,6411
2026-04-28 06:45:00+00:00,409.95001220703125,409.95001220703125,410.04998779296875,409.70001220703125,410.0,10230
2026-04-28 06:46:00+00:00,409.8999938964844,409.8999938964844,410.0,409.8500061035156,409.95001220703125,6500
2026-04-28 06:47:00+00:00,409.95001220703125,409.95001220703125,410.0,409.75,410.0,6539
2026-04-28 06:48:00+00:00,409.95001220703125,409.95001220703125,410.0,409.8500061035156,409.95001220703125,4981
2026-04-28 06:49:00+00:00,410.1000061035156,410.1000061035156,410.20001220703125,409.6000061035156,409.95001220703125,80560
2026-04-28 06:50:00+00:00,409.3500061035156,409.3500061035156,410.20001220703125,409.25,410.20001220703125,46159
2026-04-28 06:51:00+00:00,409.54998779296875,409.54998779296875,409.6000061035156,409.25,409.3500061035156,28339
2026-04-28 06:52:00+00:00,409.45001220703125,409.45001220703125,409.6499938964844,409.0,409.54998779296875,22245
2026-04-28 06:53:00+00:00,409.29998779296875,409.29998779296875,409.5,409.04998779296875,409.3999938964844,18178
2026-04-28 06:54:00+00:00,409.8500061035156,409.8500061035156,409.8500061035156,409.3500061035156,409.45001220703125,12591
2026-04-28 06:55:00+00:00,409.6000061035156,409.6000061035156,409.8500061035156,409.5,409.8500061035156,7874
2026-04-28 06:56:00+00:00,409.95001220703125,409.95001220703125,410.0,409.54998779296875,409.54998779296875,9887
2026-04-28 06:57:00+00:00,409.95001220703125,409.95001220703125,410.0,409.8999938964844,410.0,5317
2026-04-28 06:58:00+00:00,409.8500061035156,409.8500061035156,410.0,409.6499938964844,409.95001220703125,24305
2026-04-28 06:59:00+00:00,409.70001220703125,409.70001220703125,409.8999938964844,409.3999938964844,409.75,9781
2026-04-28 07:00:00+00:00,409.6499938964844,409.6499938964844,409.8500061035156,409.5,409.79998779296875,7810
2026-04-28 07:01:00+00:00,408.20001220703125,408.20001220703125,409.70001220703125,408.04998779296875,409.6000061035156,108769
2026-04-28 07:02:00+00:00,408.1499938964844,408.1499938964844,408.45001220703125,407.6499938964844,408.20001220703125,39272
2026-04-28 07:03:00+00:00,408.29998779296875,408.29998779296875,408.3500061035156,408.04998779296875,408.1499938964844,7096
2026-04-28 07:04:00+00:00,408.25,408.25,408.5,408.1499938964844,408.29998779296875,10606
2026-04-28 07:05:00+00:00,408.79998779296875,408.79998779296875,408.79998779296875,408.45001220703125,408.5,5623
2026-04-28 07:06:00+00:00,408.8500061035156,408.8500061035156,408.8999938964844,408.70001220703125,408.8500061035156,6416
2026-04-28 07:07:00+00:00,408.6499938964844,408.6499938964844,408.8500061035156,408.6000061035156,408.75,5107
2026-04-28 07:08:00+00:00,408.6499938964844,408.6499938964844,408.6499938964844,408.3999938964844,408.6499938964844,7159
2026-04-28 07:09:00+00:00,408.3500061035156,408.3500061035156,408.6000061035156,408.29998779296875,408.6000061035156,4239
2026-04-28 07:10:00+00:00,408.25,408.25,408.54998779296875,408.25,408.3999938964844,8324
2026-04-28 07:11:00+00:00,408.25,408.25,408.54998779296875,408.25,408.3500061035156,7320
2026-04-28 07:12:00+00:00,408.3999938964844,408.3999938964844,408.3999938964844,408.25,408.3999938964844,9636
2026-04-28 07:13:00+00:00,408.5,408.5,408.6499938964844,408.20001220703125,408.3999938964844,11963
2026-04-28 07:14:00+00:00,408.3999938964844,408.3999938964844,408.6499938964844,408.3999938964844,408.6499938964844,25199
2026-04-28 07:15:00+00:00,408.6000061035156,408.6000061035156,408.79998779296875,408.6000061035156,408.79998779296875,18741
2026-04-28 07:16:00+00:00,408.3999938964844,408.3999938964844,408.6499938964844,408.3999938964844,408.6499938964844,7638
2026-04-28 07:17:00+00:00,408.20001220703125,408.20001220703125,408.3999938964844,408.04998779296875,408.3999938964844,20196
2026-04-28 07:18:00+00:00,407.8999938964844,407.8999938964844,408.3500061035156,407.70001220703125,408.20001220703125,131538
2026-04-28 07:19:00+00:00,407.8999938964844,407.8999938964844,408.04998779296875,407.54998779296875,407.8999938964844,43964
2026-04-28 07:20:00+00:00,407.8999938964844,407.8999938964844,408.04998779296875,407.79998779296875,407.79998779296875,14645
2026-04-28 07:21:00+00:00,408.1000061035156,408.1000061035156,408.25,407.8999938964844,407.8999938964844,12613
2026-04-28 07:22:00+00:00,408.1000061035156,408.1000061035156,408.1000061035156,408.0,408.1000061035156,8032
2026-04-28 07:23:00+00:00,408.1000061035156,408.1000061035156,408.1499938964844,408.0,408.0,6526
2026-04-28 07:24:00+00:00,408.04998779296875,408.04998779296875,408.1499938964844,407.79998779296875,408.1499938964844,5485
2026-04-28 07:25:00+00:00,407.8500061035156,407.8500061035156,408.04998779296875,407.70001220703125,408.0,9276
2026-04-28 07:26:00+00:00,407.79998779296875,407.79998779296875,408.04998779296875,407.5,407.8500061035156,36040
2026-04-28 07:27:00+00:00,407.6499938964844,407.6499938964844,407.8500061035156,407.6499938964844,407.79998779296875,3328
2026-04-28 07:28:00+00:00,407.8500061035156,407.8500061035156,407.8500061035156,407.6499938964844,407.6499938964844,10203
2026-04-28 07:29:00+00:00,407.3999938964844,407.3999938964844,407.8500061035156,407.3999938964844,407.8500061035156,11655
2026-04-28 07:30:00+00:00,407.20001220703125,407.20001220703125,407.3500061035156,407.1000061035156,407.3500061035156,34023
2026-04-28 07:31:00+00:00,407.54998779296875,407.54998779296875,407.54998779296875,407.20001220703125,407.3500061035156,11594
2026-04-28 07:32:00+00:00,407.5,407.5,407.54998779296875,407.29998779296875,407.54998779296875,8019
2026-04-28 07:33:00+00:00,407.75,407.75,407.75,407.54998779296875,407.54998779296875,7030
2026-04-28 07:34:00+00:00,407.6499938964844,407.6499938964844,407.8500061035156,407.6499938964844,407.79998779296875,8123
2026-04-28 07:35:00+00:00,407.6000061035156,407.6000061035156,407.6499938964844,407.54998779296875,407.6499938964844,5252
2026-04-28 07:36:00+00:00,407.54998779296875,407.54998779296875,407.75,407.5,407.6000061035156,21209
2026-04-28 07:37:00+00:00,407.79998779296875,407.79998779296875,407.8500061035156,407.75,407.75,3866
2026-04-28 07:38:00+00:00,407.8500061035156,407.8500061035156,408.0,407.79998779296875,407.79998779296875,10429
2026-04-28 07:39:00+00:00,407.8500061035156,407.8500061035156,407.95001220703125,407.75,407.8999938964844,8468
2026-04-28 07:40:00+00:00,407.8500061035156,407.8500061035156,407.8500061035156,407.70001220703125,407.8500061035156,6220
2026-04-28 07:41:00+00:00,407.70001220703125,407.70001220703125,407.8500061035156,407.70001220703125,407.8500061035156,5601
2026-04-28 07:42:00+00:00,407.8500061035156,407.8500061035156,407.8500061035156,407.70001220703125,407.75,5190
2026-04-28 07:43:00+00:00,407.70001220703125,407.70001220703125,407.8500061035156,407.6499938964844,407.8500061035156,8108
2026-04-28 07:44:00+00:00,408.0,408.0,408.20001220703125,407.70001220703125,407.75,8949
2026-04-28 07:45:00+00:00,407.8500061035156,407.8500061035156,408.0,407.79998779296875,407.8500061035156,13242
2026-04-28 07:46:00+00:00,407.79998779296875,407.79998779296875,408.0,407.70001220703125,407.95001220703125,8325
2026-04-28 07:47:00+00:00,407.6499938964844,407.6499938964844,407.95001220703125,407.54998779296875,407.95001220703125,9298
2026-04-28 07:48:00+00:00,408.0,408.0,408.0,407.75,407.75,7608
2026-04-28 07:49:00+00:00,407.6000061035156,407.6000061035156,408.0,407.45001220703125,408.0,18466
2026-04-28 07:50:00+00:00,407.3999938964844,407.3999938964844,407.6499938964844,407.3500061035156,407.6000061035156,7666
2026-04-28 07:51:00+00:00,407.79998779296875,407.79998779296875,407.79998779296875,407.54998779296875,407.54998779296875,8266
2026-04-28 07:52:00+00:00,407.79998779296875,407.79998779296875,407.8500061035156,407.5,407.79998779296875,9684
2026-04-28 07:53:00+00:00,407.75,407.75,407.8500061035156,407.6000061035156,407.79998779296875,10768
2026-04-28 07:54:00+00:00,407.70001220703125,407.70001220703125,407.75,407.6499938964844,407.75,12122
2026-04-28 07:55:00+00:00,407.70001220703125,407.70001220703125,407.70001220703125,407.54998779296875,407.70001220703125,5131
2026-04-28 07:56:00+00:00,407.5,407.5,407.6499938964844,407.5,407.6499938964844,6521
2026-04-28 07:57:00+00:00,407.6499938964844,407.6499938964844,407.70001220703125,407.45001220703125,407.54998779296875,14875
2026-04-28 07:58:00+00:00,407.3999938964844,407.3999938964844,407.54998779296875,407.3999938964844,407.5,5751
2026-04-28 07:59:00+00:00,407.54998779296875,407.54998779296875,407.6000061035156,407.3999938964844,407.5,2759
2026-04-28 08:00:00+00:00,407.3999938964844,407.3999938964844,407.54998779296875,407.3500061035156,407.54998779296875,10223
2026-04-28 08:01:00+00:00,407.25,407.25,407.45001220703125,407.20001220703125,407.3999938964844,7252
2026-04-28 08:02:00+00:00,407.20001220703125,407.20001220703125,407.45001220703125,407.20001220703125,407.20001220703125,3680
2026-04-28 08:03:00+00:00,407.20001220703125,407.20001220703125,407.3999938964844,407.1000061035156,407.3500061035156,9716
2026-04-28 08:04:00+00:00,407.29998779296875,407.29998779296875,407.3500061035156,407.20001220703125,407.25,3847
2026-04-28 08:05:00+00:00,406.45001220703125,406.45001220703125,407.3500061035156,406.45001220703125,407.3500061035156,45005
2026-04-28 08:06:00+00:00,406.3500061035156,406.3500061035156,406.54998779296875,406.1499938964844,406.54998779296875,52708
2026-04-28 08:07:00+00:00,406.45001220703125,406.45001220703125,406.54998779296875,406.3999938964844,406.5,6964
2026-04-28 08:08:00+00:00,406.3999938964844,406.3999938964844,406.6000061035156,406.20001220703125,406.3500061035156,10017
2026-04-28 08:09:00+00:00,406.45001220703125,406.45001220703125,406.5,406.29998779296875,406.5,11942
2026-04-28 08:10:00+00:00,406.3999938964844,406.3999938964844,406.5,406.20001220703125,406.45001220703125,21371
2026-04-28 08:11:00+00:00,406.1000061035156,406.1000061035156,406.6000061035156,406.1000061035156,406.5,8442
2026-04-28 08:12:00+00:00,406.3999938964844,406.3999938964844,406.3999938964844,406.1499938964844,406.29998779296875,7607
2026-04-28 08:13:00+00:00,406.3999938964844,406.3999938964844,406.3999938964844,406.20001220703125,406.3999938964844,3360
2026-04-28 08:14:00+00:00,406.25,406.25,406.3999938964844,406.1499938964844,406.3999938964844,9620
2026-04-28 08:15:00+00:00,406.29998779296875,406.29998779296875,406.3500061035156,406.25,406.29998779296875,7558
2026-04-28 08:16:00+00:00,406.3999938964844,406.3999938964844,406.3999938964844,406.29998779296875,406.3999938964844,3628
2026-04-28 08:17:00+00:00,406.54998779296875,406.54998779296875,406.54998779296875,406.29998779296875,406.5,3876
2026-04-28 08:18:00+00:00,406.70001220703125,406.70001220703125,406.75,406.45001220703125,406.45001220703125,10055
2026-04-28 08:19:00+00:00,406.70001220703125,406.70001220703125,406.79998779296875,406.70001220703125,406.70001220703125,4133
2026-04-28 08:20:00+00:00,406.6000061035156,406.6000061035156,406.79998779296875,406.54998779296875,406.6000061035156,3046
2026-04-28 08:21:00+00:00,406.8500061035156,406.8500061035156,406.8500061035156,406.70001220703125,406.79998779296875,7257
2026-04-28 08:22:00+00:00,406.79998779296875,406.79998779296875,406.79998779296875,406.70001220703125,406.79998779296875,3060
2026-04-28 08:23:00+00:00,406.79998779296875,406.79998779296875,407.1000061035156,406.70001220703125,406.79998779296875,12210
2026-04-28 08:24:00+00:00,406.8500061035156,406.8500061035156,406.8999938964844,406.70001220703125,406.79998779296875,5545
2026-04-28 08:25:00+00:00,407.20001220703125,407.20001220703125,407.20001220703125,406.8500061035156,406.8500061035156,4321
2026-04-28 08:26:00+00:00,407.5,407.5,407.54998779296875,407.25,407.3999938964844,14879
2026-04-28 08:27:00+00:00,406.8999938964844,406.8999938964844,407.5,406.70001220703125,407.5,43936
2026-04-28 08:28:00+00:00,407.29998779296875,407.29998779296875,407.5,406.8500061035156,406.8500061035156,25637
2026-04-28 08:29:00+00:00,407.0,407.0,407.29998779296875,407.0,407.29998779296875,4429
2026-04-28 08:30:00+00:00,407.0,407.0,407.1499938964844,406.95001220703125,407.04998779296875,3456
2026-04-28 08:31:00+00:00,407.3999938964844,407.3999938964844,407.3999938964844,407.0,407.0,2569
2026-04-28 08:32:00+00:00,407.3500061035156,407.3500061035156,407.3999938964844,407.1499938964844,407.3500061035156,6661
2026-04-28 08:33:00+00:00,407.1000061035156,407.1000061035156,407.3500061035156,407.1000061035156,407.3500061035156,3000
2026-04-28 08:34:00+00:00,407.1000061035156,407.1000061035156,407.20001220703125,406.95001220703125,407.20001220703125,8070
2026-04-28 08:35:00+00:00,406.8999938964844,406.8999938964844,407.1000061035156,406.8500061035156,407.1000061035156,4624
2026-04-28 08:36:00+00:00,407.0,407.0,407.1000061035156,406.8999938964844,407.0,2651
2026-04-28 08:37:00+00:00,407.04998779296875,407.04998779296875,407.1000061035156,406.8500061035156,407.1000061035156,3918
2026-04-28 08:38:00+00:00,407.0,407.0,407.1499938964844,407.0,407.04998779296875,3741
2026-04-28 08:39:00+00:00,407.3500061035156,407.3500061035156,407.3500061035156,407.1499938964844,407.20001220703125,6487
2026-04-28 08:40:00+00:00,407.0,407.0,407.3500061035156,407.0,407.3500061035156,7950
2026-04-28 08:41:00+00:00,407.1000061035156,407.1000061035156,407.1499938964844,407.0,407.1000061035156,8297
2026-04-28 08:42:00+00:00,406.79998779296875,406.79998779296875,407.1000061035156,406.79998779296875,407.1000061035156,9555
2026-04-28 08:43:00+00:00,406.95001220703125,406.95001220703125,407.04998779296875,406.79998779296875,406.8999938964844,30092
2026-04-28 08:44:00+00:00,406.79998779296875,406.79998779296875,406.95001220703125,406.6000061035156,406.95001220703125,12994
2026-04-28 08:45:00+00:00,406.6000061035156,406.6000061035156,406.79998779296875,406.6000061035156,406.79998779296875,4227
2026-04-28 08:46:00+00:00,406.45001220703125,406.45001220703125,406.75,406.3999938964844,406.75,10918
2026-04-28 08:47:00+00:00,406.3999938964844,406.3999938964844,406.6000061035156,406.25,406.45001220703125,7519
2026-04-28 08:48:00+00:00,406.6000061035156,406.6000061035156,406.70001220703125,406.45001220703125,406.45001220703125,3922
2026-04-28 08:49:00+00:00,406.6000061035156,406.6000061035156,406.8500061035156,406.6000061035156,406.8500061035156,4225
2026-04-28 08:50:00+00:00,407.0,407.0,407.1000061035156,406.6000061035156,406.79998779296875,9488
2026-04-28 08:51:00+00:00,407.0,407.0,407.20001220703125,407.0,407.1000061035156,4543
2026-04-28 08:52:00+00:00,407.0,407.0,407.1499938964844,406.95001220703125,407.1499938964844,4845
2026-04-28 08:53:00+00:00,407.1000061035156,407.1000061035156,407.1499938964844,407.0,407.0,2305
2026-04-28 08:54:00+00:00,407.1000061035156,407.1000061035156,407.1499938964844,407.0,407.1499938964844,3869
2026-04-28 08:55:00+00:00,407.1000061035156,407.1000061035156,407.1499938964844,407.0,407.1499938964844,3411
2026-04-28 08:56:00+00:00,407.04998779296875,407.04998779296875,407.1499938964844,407.0,407.1499938964844,4498
2026-04-28 08:57:00+00:00,407.0,407.0,407.1499938964844,406.8999938964844,407.1000061035156,4507
2026-04-28 08:58:00+00:00,407.0,407.0,407.04998779296875,406.79998779296875,406.79998779296875,4347
2026-04-28 08:59:00+00:00,407.20001220703125,407.20001220703125,407.25,406.8999938964844,407.0,2640
2026-04-28 09:00:00+00:00,407.45001220703125,407.45001220703125,407.45001220703125,407.1000061035156,407.25,7118
2026-04-28 09:01:00+00:00,407.5,407.5,407.5,407.29998779296875,407.45001220703125,28338
2026-04-28 09:02:00+00:00,407.20001220703125,407.20001220703125,407.5,407.1000061035156,407.45001220703125,43610
2026-04-28 09:03:00+00:00,407.1000061035156,407.1000061035156,407.25,407.0,407.20001220703125,7994
2026-04-28 09:04:00+00:00,406.75,406.75,407.1000061035156,406.6000061035156,407.1000061035156,13165
2026-04-28 09:05:00+00:00,406.6000061035156,406.6000061035156,406.75,406.6000061035156,406.70001220703125,7612
2026-04-28 09:06:00+00:00,406.54998779296875,406.54998779296875,406.75,406.5,406.6499938964844,15793
2026-04-28 09:07:00+00:00,407.0,407.0,407.0,406.6000061035156,406.6000061035156,7962
2026-04-28 09:08:00+00:00,407.0,407.0,407.04998779296875,406.8999938964844,407.0,7025
2026-04-28 09:09:00+00:00,407.0,407.0,407.1000061035156,406.8999938964844,406.95001220703125,8427
2026-04-28 09:10:00+00:00,407.04998779296875,407.04998779296875,407.1000061035156,407.0,407.1000061035156,8116
2026-04-28 09:11:00+00:00,407.1499938964844,407.1499938964844,407.20001220703125,407.0,407.04998779296875,10774
2026-04-28 09:12:00+00:00,407.20001220703125,407.20001220703125,407.29998779296875,407.04998779296875,407.1499938964844,9064
2026-04-28 09:13:00+00:00,407.25,407.25,407.25,407.1000061035156,407.1499938964844,8547
2026-04-28 09:14:00+00:00,407.3500061035156,407.3500061035156,407.3999938964844,407.25,407.25,8461
2026-04-28 09:15:00+00:00,407.5,407.5,407.5,407.25,407.29998779296875,18060
2026-04-28 09:16:00+00:00,407.54998779296875,407.54998779296875,407.6000061035156,407.3999938964844,407.45001220703125,13906
2026-04-28 09:17:00+00:00,407.6000061035156,407.6000061035156,407.6000061035156,407.3999938964844,407.54998779296875,12004
2026-04-28 09:18:00+00:00,407.79998779296875,407.79998779296875,408.0,407.79998779296875,407.8500061035156,35533
2026-04-28 09:19:00+00:00,407.79998779296875,407.79998779296875,407.8500061035156,407.70001220703125,407.8500061035156,6964
2026-04-28 09:20:00+00:00,407.75,407.75,407.8500061035156,407.70001220703125,407.79998779296875,7139
2026-04-28 09:21:00+00:00,407.3500061035156,407.3500061035156,407.8500061035156,407.3500061035156,407.75,13760
2026-04-28 09:22:00+00:00,407.75,407.75,407.75,407.29998779296875,407.5,19074
2026-04-28 09:23:00+00:00,407.79998779296875,407.79998779296875,407.79998779296875,407.5,407.54998779296875,57008
2026-04-28 09:24:00+00:00,407.79998779296875,407.79998779296875,407.95001220703125,407.54998779296875,407.79998779296875,10381
2026-04-28 09:25:00+00:00,407.79998779296875,407.79998779296875,407.8999938964844,407.54998779296875,407.75,12472
2026-04-28 09:26:00+00:00,407.8500061035156,407.8500061035156,407.8500061035156,407.54998779296875,407.79998779296875,11503
2026-04-28 09:27:00+00:00,407.5,407.5,407.8500061035156,407.3500061035156,407.8500061035156,29382
2026-04-28 09:28:00+00:00,408.45001220703125,408.45001220703125,408.45001220703125,407.6000061035156,407.6499938964844,23262
2026-04-28 09:29:00+00:00,408.29998779296875,408.29998779296875,408.5,408.20001220703125,408.3999938964844,15646
2026-04-28 09:30:00+00:00,407.95001220703125,407.95001220703125,408.45001220703125,407.79998779296875,408.45001220703125,34883
2026-04-28 09:31:00+00:00,407.8500061035156,407.8500061035156,408.04998779296875,407.70001220703125,408.04998779296875,43682
2026-04-28 09:32:00+00:00,407.6000061035156,407.6000061035156,407.8999938964844,407.54998779296875,407.8500061035156,26182
2026-04-28 09:33:00+00:00,407.70001220703125,407.70001220703125,407.75,407.54998779296875,407.6499938964844,23311
2026-04-28 09:34:00+00:00,407.25,407.25,407.75,407.25,407.70001220703125,31467
2026-04-28 09:35:00+00:00,407.29998779296875,407.29998779296875,407.5,407.1000061035156,407.25,44548
2026-04-28 09:36:00+00:00,407.3500061035156,407.3500061035156,407.3999938964844,407.1000061035156,407.29998779296875,43076
2026-04-28 09:37:00+00:00,407.25,407.25,407.3999938964844,407.1499938964844,407.3500061035156,24402
2026-04-28 09:38:00+00:00,407.5,407.5,407.5,407.20001220703125,407.20001220703125,51921
2026-04-28 09:39:00+00:00,406.8500061035156,406.8500061035156,407.5,406.70001220703125,407.5,153234
2026-04-28 09:40:00+00:00,406.3999938964844,406.3999938964844,406.8500061035156,406.3500061035156,406.79998779296875,63348
2026-04-28 09:41:00+00:00,406.3500061035156,406.3500061035156,406.6000061035156,406.20001220703125,406.3999938964844,54004
2026-04-28 09:42:00+00:00,406.3500061035156,406.3500061035156,406.3999938964844,406.1499938964844,406.29998779296875,47513
2026-04-28 09:43:00+00:00,406.3999938964844,406.3999938964844,406.5,406.20001220703125,406.25,40482
2026-04-28 09:44:00+00:00,406.75,406.75,406.75,406.3500061035156,406.3999938964844,82967
2026-04-28 09:45:00+00:00,406.6499938964844,406.6499938964844,406.8500061035156,406.6000061035156,406.75,62695
2026-04-28 09:46:00+00:00,406.5,406.5,406.70001220703125,406.5,406.6499938964844,37756
2026-04-28 09:47:00+00:00,406.70001220703125,406.70001220703125,406.70001220703125,406.3999938964844,406.54998779296875,42420
2026-04-28 09:48:00+00:00,406.6000061035156,406.6000061035156,406.70001220703125,406.3999938964844,406.6499938964844,46448
2026-04-28 09:49:00+00:00,406.6000061035156,406.6000061035156,406.70001220703125,406.54998779296875,406.6499938964844,23177
2026-04-28 09:50:00+00:00,406.29998779296875,406.29998779296875,406.5,406.1499938964844,406.5,58649
2026-04-28 09:51:00+00:00,406.1000061035156,406.1000061035156,406.25,406.04998779296875,406.25,45258
2026-04-28 09:52:00+00:00,406.1000061035156,406.1000061035156,406.20001220703125,406.1000061035156,406.1499938964844,38747
2026-04-28 09:53:00+00:00,406.1000061035156,406.1000061035156,406.1000061035156,405.95001220703125,405.95001220703125,27809
2026-04-28 09:54:00+00:00,406.3999938964844,406.3999938964844,406.45001220703125,406.1499938964844,406.20001220703125,31025
2026-04-28 09:55:00+00:00,406.79998779296875,406.79998779296875,406.8999938964844,406.6499938964844,406.6499938964844,72287
2026-04-28 09:56:00+00:00,406.8500061035156,406.8500061035156,407.0,406.8500061035156,406.8999938964844,23043
2026-04-28 09:57:00+00:00,407.0,407.0,407.0,406.79998779296875,406.8999938964844,59097
2026-04-28 09:58:00+00:00,407.0,407.0,407.0,406.95001220703125,407.0,202523
2026-04-28 09:59:00+00:00,407.0,407.0,407.0,406.6000061035156,407.0,30392
2026-04-29 03:45:00+00:00,406.70001220703125,406.70001220703125,408.8500061035156,405.95001220703125,408.8500061035156,0
2026-04-29 03:46:00+00:00,407.54998779296875,407.54998779296875,408.1499938964844,406.79998779296875,406.79998779296875,39658
2026-04-29 03:47:00+00:00,405.79998779296875,405.79998779296875,408.0,405.79998779296875,407.8500061035156,65826
2026-04-29 03:48:00+00:00,405.0,405.0,406.0,405.0,406.0,57584
2026-04-29 03:49:00+00:00,404.95001220703125,404.95001220703125,405.1499938964844,404.75,404.8500061035156,58555
2026-04-29 03:50:00+00:00,405.0,405.0,405.1499938964844,404.8500061035156,405.1499938964844,41514
2026-04-29 03:51:00+00:00,403.70001220703125,403.70001220703125,404.8500061035156,403.54998779296875,404.8500061035156,79008
2026-04-29 03:52:00+00:00,403.95001220703125,403.95001220703125,404.20001220703125,403.6499938964844,403.6499938964844,34514
2026-04-29 03:53:00+00:00,404.04998779296875,404.04998779296875,404.3999938964844,404.04998779296875,404.3500061035156,19386
2026-04-29 03:54:00+00:00,402.70001220703125,402.70001220703125,404.1000061035156,402.6499938964844,404.1000061035156,82116
2026-04-29 03:55:00+00:00,402.75,402.75,402.95001220703125,402.6000061035156,402.8500061035156,41346
2026-04-29 03:56:00+00:00,403.70001220703125,403.70001220703125,403.75,403.0,403.0,14708
2026-04-29 03:57:00+00:00,403.6499938964844,403.6499938964844,403.8999938964844,403.6499938964844,403.70001220703125,33549
2026-04-29 03:58:00+00:00,403.8500061035156,403.8500061035156,404.1000061035156,403.54998779296875,403.54998779296875,15383
2026-04-29 03:59:00+00:00,404.3999938964844,404.3999938964844,404.54998779296875,404.1499938964844,404.1499938964844,17398
2026-04-29 04:00:00+00:00,404.1000061035156,404.1000061035156,404.45001220703125,403.95001220703125,404.45001220703125,45032
2026-04-29 04:01:00+00:00,404.95001220703125,404.95001220703125,404.95001220703125,404.6000061035156,404.6000061035156,11197
2026-04-29 04:02:00+00:00,405.1499938964844,405.1499938964844,405.1499938964844,405.04998779296875,405.1499938964844,34900
2026-04-29 04:03:00+00:00,404.8999938964844,404.8999938964844,405.1499938964844,404.8999938964844,405.1499938964844,31763
2026-04-29 04:04:00+00:00,404.6000061035156,404.6000061035156,404.8999938964844,404.5,404.8999938964844,9067
2026-04-29 04:05:00+00:00,405.0,405.0,405.0,404.6000061035156,404.6000061035156,10097
2026-04-29 04:06:00+00:00,405.1499938964844,405.1499938964844,405.29998779296875,405.0,405.0,20389
2026-04-29 04:07:00+00:00,405.29998779296875,405.29998779296875,405.29998779296875,405.1000061035156,405.1000061035156,16546
2026-04-29 04:08:00+00:00,405.6000061035156,405.6000061035156,405.70001220703125,405.25,405.29998779296875,21051
2026-04-29 04:09:00+00:00,404.79998779296875,404.79998779296875,405.70001220703125,404.79998779296875,405.3999938964844,33711
2026-04-29 04:10:00+00:00,404.8500061035156,404.8500061035156,404.8500061035156,404.75,404.79998779296875,4526
2026-04-29 04:11:00+00:00,405.25,405.25,405.3500061035156,404.70001220703125,404.8500061035156,19821
2026-04-29 04:12:00+00:00,405.29998779296875,405.29998779296875,405.3500061035156,405.25,405.25,11962
2026-04-29 04:13:00+00:00,406.5,406.5,406.5,405.29998779296875,405.29998779296875,49668
2026-04-29 04:14:00+00:00,406.95001220703125,406.95001220703125,407.0,406.5,406.54998779296875,14050
2026-04-29 04:15:00+00:00,406.8999938964844,406.8999938964844,407.0,406.8500061035156,406.95001220703125,22922
2026-04-29 04:16:00+00:00,406.45001220703125,406.45001220703125,406.8999938964844,405.6000061035156,406.8999938964844,63641
2026-04-29 04:17:00+00:00,406.70001220703125,406.70001220703125,406.95001220703125,406.6000061035156,406.79998779296875,34590
2026-04-29 04:18:00+00:00,406.3999938964844,406.3999938964844,406.79998779296875,406.20001220703125,406.6000061035156,40945
2026-04-29 04:19:00+00:00,406.6000061035156,406.6000061035156,406.6000061035156,406.3999938964844,406.5,5771
2026-04-29 04:20:00+00:00,406.75,406.75,406.75,406.5,406.5,19183
2026-04-29 04:21:00+00:00,406.8500061035156,406.8500061035156,407.0,406.75,406.75,26535
2026-04-29 04:22:00+00:00,406.79998779296875,406.79998779296875,406.79998779296875,406.70001220703125,406.79998779296875,10400
2026-04-29 04:23:00+00:00,406.8500061035156,406.8500061035156,406.8500061035156,406.3999938964844,406.8500061035156,15595
2026-04-29 04:24:00+00:00,406.8999938964844,406.8999938964844,406.8999938964844,406.75,406.8999938964844,4497
2026-04-29 04:25:00+00:00,406.54998779296875,406.54998779296875,406.75,406.5,406.6000061035156,15272
2026-04-29 04:26:00+00:00,406.6499938964844,406.6499938964844,406.6499938964844,406.54998779296875,406.54998779296875,7550
2026-04-29 04:27:00+00:00,406.6000061035156,406.6000061035156,406.75,406.5,406.54998779296875,16728
2026-04-29 04:28:00+00:00,406.70001220703125,406.70001220703125,406.8500061035156,406.54998779296875,406.70001220703125,13792
2026-04-29 04:29:00+00:00,406.6000061035156,406.6000061035156,406.6499938964844,406.54998779296875,406.6499938964844,9740
2026-04-29 04:30:00+00:00,406.5,406.5,406.6499938964844,406.5,406.6499938964844,2468
2026-04-29 04:31:00+00:00,407.3500061035156,407.3500061035156,407.3500061035156,406.70001220703125,406.70001220703125,26304
2026-04-29 04:32:00+00:00,407.6000061035156,407.6000061035156,407.6000061035156,407.1499938964844,407.25,34718
2026-04-29 04:33:00+00:00,407.5,407.5,407.8500061035156,407.5,407.75,29003
2026-04-29 04:34:00+00:00,407.5,407.5,407.5,407.3999938964844,407.5,5824
2026-04-29 04:35:00+00:00,407.75,407.75,407.8500061035156,407.5,407.5,19191
2026-04-29 04:36:00+00:00,407.6499938964844,407.6499938964844,407.70001220703125,407.6000061035156,407.70001220703125,3484
2026-04-29 04:37:00+00:00,407.75,407.75,407.8999938964844,407.70001220703125,407.79998779296875,12113
2026-04-29 04:38:00+00:00,407.75,407.75,407.8999938964844,407.75,407.8500061035156,10330
2026-04-29 04:39:00+00:00,407.3999938964844,407.3999938964844,407.8999938964844,407.3999938964844,407.8999938964844,19066
2026-04-29 04:40:00+00:00,407.5,407.5,407.6000061035156,407.3999938964844,407.45001220703125,9875
2026-04-29 04:41:00+00:00,407.29998779296875,407.29998779296875,407.6499938964844,407.25,407.54998779296875,12220
2026-04-29 04:42:00+00:00,407.5,407.5,407.6000061035156,407.29998779296875,407.29998779296875,6102
2026-04-29 04:43:00+00:00,407.54998779296875,407.54998779296875,407.6000061035156,407.45001220703125,407.5,9179
2026-04-29 04:44:00+00:00,407.6499938964844,407.6499938964844,407.75,407.54998779296875,407.6000061035156,2264
2026-04-29 04:45:00+00:00,407.6499938964844,407.6499938964844,407.70001220703125,407.6499938964844,407.70001220703125,14315
2026-04-29 04:46:00+00:00,407.70001220703125,407.70001220703125,407.70001220703125,407.6499938964844,407.70001220703125,3810
2026-04-29 04:47:00+00:00,407.6499938964844,407.6499938964844,407.70001220703125,407.6499938964844,407.70001220703125,4412
2026-04-29 04:48:00+00:00,407.75,407.75,407.75,407.6499938964844,407.70001220703125,8527
2026-04-29 04:49:00+00:00,407.6000061035156,407.6000061035156,407.75,407.6000061035156,407.75,10481
2026-04-29 04:50:00+00:00,407.8999938964844,407.8999938964844,407.8999938964844,407.6000061035156,407.6000061035156,12760
2026-04-29 04:51:00+00:00,408.1000061035156,408.1000061035156,408.1000061035156,407.8999938964844,407.8999938964844,18918
2026-04-29 04:52:00+00:00,407.75,407.75,408.25,407.75,408.1499938964844,25914
2026-04-29 04:53:00+00:00,408.04998779296875,408.04998779296875,408.04998779296875,407.6000061035156,407.6499938964844,13574
2026-04-29 04:54:00+00:00,408.1499938964844,408.1499938964844,408.20001220703125,407.95001220703125,407.95001220703125,6354
2026-04-29 04:55:00+00:00,408.1499938964844,408.1499938964844,408.20001220703125,408.04998779296875,408.1000061035156,7607
2026-04-29 04:56:00+00:00,407.8500061035156,407.8500061035156,408.1499938964844,407.8500061035156,408.1499938964844,12518
2026-04-29 04:57:00+00:00,408.04998779296875,408.04998779296875,408.20001220703125,407.75,407.79998779296875,14420
2026-04-29 04:58:00+00:00,407.95001220703125,407.95001220703125,408.1499938964844,407.95001220703125,408.1499938964844,8358
2026-04-29 04:59:00+00:00,407.8999938964844,407.8999938964844,407.95001220703125,407.8999938964844,407.8999938964844,5141
2026-04-29 05:00:00+00:00,408.1000061035156,408.1000061035156,408.25,407.8999938964844,407.95001220703125,43985
2026-04-29 05:01:00+00:00,408.20001220703125,408.20001220703125,408.29998779296875,408.1000061035156,408.20001220703125,10923
2026-04-29 05:02:00+00:00,408.29998779296875,408.29998779296875,408.29998779296875,408.20001220703125,408.25,11336
2026-04-29 05:03:00+00:00,408.29998779296875,408.29998779296875,408.29998779296875,408.25,408.29998779296875,7637
2026-04-29 05:04:00+00:00,408.3500061035156,408.3500061035156,408.45001220703125,408.25,408.29998779296875,43210
2026-04-29 05:05:00+00:00,408.5,408.5,408.54998779296875,408.3999938964844,408.3999938964844,44272
2026-04-29 05:06:00+00:00,409.0,409.0,409.0,408.3500061035156,408.5,39568
2026-04-29 05:07:00+00:00,409.3500061035156,409.3500061035156,409.6000061035156,409.04998779296875,409.1499938964844,55208
2026-04-29 05:08:00+00:00,409.5,409.5,409.54998779296875,409.20001220703125,409.3500061035156,19194
2026-04-29 05:09:00+00:00,408.6499938964844,408.6499938964844,409.5,408.29998779296875,409.3999938964844,27443
2026-04-29 05:10:00+00:00,408.3500061035156,408.3500061035156,408.6499938964844,408.29998779296875,408.54998779296875,8703
2026-04-29 05:11:00+00:00,408.70001220703125,408.70001220703125,408.70001220703125,408.3500061035156,408.45001220703125,8226
2026-04-29 05:12:00+00:00,408.79998779296875,408.79998779296875,408.8999938964844,408.79998779296875,408.8999938964844,5096
2026-04-29 05:13:00+00:00,409.0,409.0,409.1000061035156,408.8999938964844,409.0,11117
2026-04-29 05:14:00+00:00,409.25,409.25,409.25,409.0,409.1000061035156,7905
2026-04-29 05:15:00+00:00,409.0,409.0,409.29998779296875,409.0,409.20001220703125,15438
2026-04-29 05:16:00+00:00,409.5,409.5,409.70001220703125,409.0,409.0,37039
2026-04-29 05:17:00+00:00,409.5,409.5,409.6499938964844,409.29998779296875,409.6499938964844,13076
2026-04-29 05:18:00+00:00,409.70001220703125,409.70001220703125,409.95001220703125,409.3500061035156,409.3999938964844,21059
2026-04-29 05:19:00+00:00,409.29998779296875,409.29998779296875,409.79998779296875,409.29998779296875,409.79998779296875,18017
2026-04-29 05:20:00+00:00,409.1499938964844,409.1499938964844,409.3500061035156,409.1499938964844,409.29998779296875,9045
2026-04-29 05:21:00+00:00,409.1499938964844,409.1499938964844,409.3500061035156,409.04998779296875,409.20001220703125,28992
2026-04-29 05:22:00+00:00,409.1499938964844,409.1499938964844,409.25,409.1499938964844,409.1499938964844,10551
2026-04-29 05:23:00+00:00,409.1499938964844,409.1499938964844,409.20001220703125,409.1499938964844,409.1499938964844,5857
2026-04-29 05:24:00+00:00,409.20001220703125,409.20001220703125,409.25,409.20001220703125,409.20001220703125,14139
2026-04-29 05:25:00+00:00,409.3500061035156,409.3500061035156,409.45001220703125,409.20001220703125,409.20001220703125,10449
2026-04-29 05:26:00+00:00,409.3500061035156,409.3500061035156,409.45001220703125,409.29998779296875,409.3500061035156,9852
2026-04-29 05:27:00+00:00,409.29998779296875,409.29998779296875,409.5,409.20001220703125,409.3500061035156,6268
2026-04-29 05:28:00+00:00,409.20001220703125,409.20001220703125,409.29998779296875,409.20001220703125,409.25,24066
2026-04-29 05:29:00+00:00,409.1499938964844,409.1499938964844,409.20001220703125,409.04998779296875,409.20001220703125,11505
2026-04-29 05:30:00+00:00,408.45001220703125,408.45001220703125,409.1499938964844,408.45001220703125,409.04998779296875,35464
2026-04-29 05:31:00+00:00,408.29998779296875,408.29998779296875,408.70001220703125,408.20001220703125,408.6499938964844,14585
2026-04-29 05:32:00+00:00,408.1000061035156,408.1000061035156,408.29998779296875,408.0,408.29998779296875,18058
2026-04-29 05:33:00+00:00,407.95001220703125,407.95001220703125,408.25,407.95001220703125,408.25,32294
2026-04-29 05:34:00+00:00,407.70001220703125,407.70001220703125,407.8999938964844,407.54998779296875,407.79998779296875,13327
2026-04-29 05:35:00+00:00,407.45001220703125,407.45001220703125,407.70001220703125,407.3999938964844,407.70001220703125,12565
2026-04-29 05:36:00+00:00,407.29998779296875,407.29998779296875,407.54998779296875,407.29998779296875,407.54998779296875,12289
2026-04-29 05:37:00+00:00,407.5,407.5,407.5,407.1499938964844,407.29998779296875,19480
2026-04-29 05:38:00+00:00,407.45001220703125,407.45001220703125,407.54998779296875,407.20001220703125,407.54998779296875,7977
2026-04-29 05:39:00+00:00,407.54998779296875,407.54998779296875,407.54998779296875,407.5,407.54998779296875,18774
2026-04-29 05:40:00+00:00,407.54998779296875,407.54998779296875,407.6000061035156,407.54998779296875,407.6000061035156,12651
2026-04-29 05:41:00+00:00,407.29998779296875,407.29998779296875,407.5,407.1000061035156,407.3500061035156,8635
2026-04-29 05:42:00+00:00,407.3500061035156,407.3500061035156,407.3500061035156,407.20001220703125,407.29998779296875,5459
2026-04-29 05:43:00+00:00,407.3999938964844,407.3999938964844,407.45001220703125,407.29998779296875,407.29998779296875,6174
2026-04-29 05:44:00+00:00,407.45001220703125,407.45001220703125,407.5,407.3999938964844,407.5,9317
2026-04-29 05:45:00+00:00,407.45001220703125,407.45001220703125,407.6000061035156,407.3999938964844,407.45001220703125,7875
2026-04-29 05:46:00+00:00,407.20001220703125,407.20001220703125,407.45001220703125,407.04998779296875,407.45001220703125,8920
2026-04-29 05:47:00+00:00,406.79998779296875,406.79998779296875,407.20001220703125,406.6499938964844,407.20001220703125,22994
2026-04-29 05:48:00+00:00,406.75,406.75,406.8999938964844,406.70001220703125,406.79998779296875,17765
2026-04-29 05:49:00+00:00,406.8500061035156,406.8500061035156,406.8500061035156,406.70001220703125,406.75,4238
2026-04-29 05:50:00+00:00,406.95001220703125,406.95001220703125,406.95001220703125,406.75,406.8999938964844,19102
2026-04-29 05:51:00+00:00,406.8500061035156,406.8500061035156,406.95001220703125,406.79998779296875,406.8999938964844,6462
2026-04-29 05:52:00+00:00,406.8500061035156,406.8500061035156,406.95001220703125,406.8500061035156,406.8999938964844,4354
2026-04-29 05:53:00+00:00,406.95001220703125,406.95001220703125,407.0,406.8500061035156,406.95001220703125,11141
2026-04-29 05:54:00+00:00,406.75,406.75,407.0,406.75,407.0,17716
2026-04-29 05:55:00+00:00,406.3999938964844,406.3999938964844,406.79998779296875,406.3999938964844,406.79998779296875,23586
2026-04-29 05:56:00+00:00,406.6000061035156,406.6000061035156,406.6000061035156,406.25,406.45001220703125,15684
2026-04-29 05:57:00+00:00,406.95001220703125,406.95001220703125,406.95001220703125,406.54998779296875,406.70001220703125,5924
2026-04-29 05:58:00+00:00,406.8999938964844,406.8999938964844,406.95001220703125,406.6499938964844,406.95001220703125,11327
2026-04-29 05:59:00+00:00,407.3999938964844,407.3999938964844,407.3999938964844,406.8999938964844,406.8999938964844,10607
2026-04-29 06:00:00+00:00,407.5,407.5,407.5,407.3999938964844,407.45001220703125,12711
2026-04-29 06:01:00+00:00,407.54998779296875,407.54998779296875,407.6499938964844,407.5,407.54998779296875,8941
2026-04-29 06:02:00+00:00,407.3500061035156,407.3500061035156,407.54998779296875,407.29998779296875,407.54998779296875,45555
2026-04-29 06:03:00+00:00,407.20001220703125,407.20001220703125,407.45001220703125,407.0,407.3500061035156,6945
2026-04-29 06:04:00+00:00,407.3500061035156,407.3500061035156,407.45001220703125,407.20001220703125,407.25,16574
2026-04-29 06:05:00+00:00,407.3500061035156,407.3500061035156,407.5,407.25,407.3500061035156,6790
2026-04-29 06:06:00+00:00,406.8999938964844,406.8999938964844,407.5,406.8999938964844,407.5,20496
2026-04-29 06:07:00+00:00,407.04998779296875,407.04998779296875,407.25,406.95001220703125,407.0,8794
2026-04-29 06:08:00+00:00,407.5,407.5,407.5,407.04998779296875,407.04998779296875,5075
2026-04-29 06:09:00+00:00,407.3999938964844,407.3999938964844,407.6000061035156,407.29998779296875,407.29998779296875,4384
2026-04-29 06:10:00+00:00,407.54998779296875,407.54998779296875,407.6000061035156,407.5,407.5,6313
2026-04-29 06:11:00+00:00,407.5,407.5,407.6499938964844,407.3500061035156,407.6000061035156,13626
2026-04-29 06:12:00+00:00,407.3999938964844,407.3999938964844,407.5,407.3500061035156,407.5,2929
2026-04-29 06:13:00+00:00,407.45001220703125,407.45001220703125,407.5,407.3999938964844,407.3999938964844,7860
2026-04-29 06:14:00+00:00,407.54998779296875,407.54998779296875,407.54998779296875,407.45001220703125,407.54998779296875,8891
2026-04-29 06:15:00+00:00,407.29998779296875,407.29998779296875,407.45001220703125,407.29998779296875,407.3999938964844,20489
2026-04-29 06:16:00+00:00,407.3999938964844,407.3999938964844,407.3999938964844,407.29998779296875,407.29998779296875,2075
2026-04-29 06:17:00+00:00,407.6499938964844,407.6499938964844,408.1000061035156,407.29998779296875,407.3999938964844,111085
2026-04-29 06:18:00+00:00,407.79998779296875,407.79998779296875,407.95001220703125,407.6000061035156,407.6000061035156,2993
2026-04-29 06:19:00+00:00,407.5,407.5,407.8999938964844,407.45001220703125,407.8999938964844,17138
2026-04-29 06:20:00+00:00,407.75,407.75,407.75,407.5,407.5,2916
2026-04-29 06:21:00+00:00,407.75,407.75,407.8500061035156,407.70001220703125,407.70001220703125,7244
2026-04-29 06:22:00+00:00,407.8999938964844,407.8999938964844,407.8999938964844,407.75,407.79998779296875,8422
2026-04-29 06:23:00+00:00,408.0,408.0,408.0,407.75,407.75,5401
2026-04-29 06:24:00+00:00,407.6000061035156,407.6000061035156,407.95001220703125,407.6000061035156,407.95001220703125,10448
2026-04-29 06:25:00+00:00,407.54998779296875,407.54998779296875,407.6000061035156,407.45001220703125,407.54998779296875,5068
2026-04-29 06:26:00+00:00,407.3999938964844,407.3999938964844,407.54998779296875,407.3999938964844,407.3999938964844,4090
2026-04-29 06:27:00+00:00,407.45001220703125,407.45001220703125,407.6499938964844,407.3999938964844,407.54998779296875,5624
2026-04-29 06:28:00+00:00,407.54998779296875,407.54998779296875,407.6000061035156,407.45001220703125,407.45001220703125,5044
2026-04-29 06:29:00+00:00,407.8500061035156,407.8500061035156,407.8500061035156,407.54998779296875,407.54998779296875,3036
2026-04-29 06:30:00+00:00,407.95001220703125,407.95001220703125,407.95001220703125,407.75,407.75,6147
2026-04-29 06:31:00+00:00,407.54998779296875,407.54998779296875,407.95001220703125,407.54998779296875,407.8500061035156,16323
2026-04-29 06:32:00+00:00,407.6000061035156,407.6000061035156,407.70001220703125,407.54998779296875,407.54998779296875,2644
2026-04-29 06:33:00+00:00,407.3500061035156,407.3500061035156,407.6499938964844,407.3500061035156,407.54998779296875,9699
2026-04-29 06:34:00+00:00,407.79998779296875,407.79998779296875,407.79998779296875,407.3500061035156,407.3500061035156,12325
2026-04-29 06:35:00+00:00,407.45001220703125,407.45001220703125,407.79998779296875,407.45001220703125,407.79998779296875,9888
2026-04-29 06:36:00+00:00,407.20001220703125,407.20001220703125,407.54998779296875,407.20001220703125,407.54998779296875,9602
2026-04-29 06:37:00+00:00,407.5,407.5,407.6000061035156,407.25,407.3500061035156,8348
2026-04-29 06:38:00+00:00,407.6000061035156,407.6000061035156,407.75,407.5,407.5,4545
2026-04-29 06:39:00+00:00,407.79998779296875,407.79998779296875,407.8500061035156,407.5,407.6499938964844,15851
2026-04-29 06:40:00+00:00,407.8999938964844,407.8999938964844,407.95001220703125,407.75,407.75,17577
2026-04-29 06:41:00+00:00,407.6000061035156,407.6000061035156,408.0,407.6000061035156,407.95001220703125,39480
2026-04-29 06:42:00+00:00,406.8999938964844,406.8999938964844,407.6499938964844,406.8999938964844,407.6000061035156,14457
2026-04-29 06:43:00+00:00,407.0,407.0,407.04998779296875,406.8999938964844,407.04998779296875,4688
2026-04-29 06:44:00+00:00,406.75,406.75,407.0,406.70001220703125,406.8999938964844,21392
2026-04-29 06:45:00+00:00,406.79998779296875,406.79998779296875,406.79998779296875,406.70001220703125,406.79998779296875,5250
2026-04-29 06:46:00+00:00,406.79998779296875,406.79998779296875,406.8999938964844,406.70001220703125,406.70001220703125,5888
2026-04-29 06:47:00+00:00,406.79998779296875,406.79998779296875,406.8500061035156,406.79998779296875,406.8500061035156,8293
2026-04-29 06:48:00+00:00,406.6499938964844,406.6499938964844,406.8500061035156,406.6000061035156,406.79998779296875,11741
2026-04-29 06:49:00+00:00,406.3500061035156,406.3500061035156,406.6000061035156,406.25,406.6000061035156,12382
2026-04-29 06:50:00+00:00,406.3999938964844,406.3999938964844,406.3999938964844,406.29998779296875,406.29998779296875,9193
2026-04-29 06:51:00+00:00,406.1000061035156,406.1000061035156,406.3999938964844,405.8500061035156,406.3999938964844,53865
2026-04-29 06:52:00+00:00,406.3500061035156,406.3500061035156,406.3500061035156,406.1000061035156,406.1000061035156,7161
2026-04-29 06:53:00+00:00,406.45001220703125,406.45001220703125,406.45001220703125,406.3500061035156,406.45001220703125,3700
2026-04-29 06:54:00+00:00,406.45001220703125,406.45001220703125,406.5,406.45001220703125,406.45001220703125,4621
2026-04-29 06:55:00+00:00,406.6000061035156,406.6000061035156,406.6000061035156,406.45001220703125,406.45001220703125,4745
2026-04-29 06:56:00+00:00,406.6499938964844,406.6499938964844,406.6499938964844,406.54998779296875,406.6499938964844,5673
2026-04-29 06:57:00+00:00,406.25,406.25,406.70001220703125,406.1499938964844,406.6499938964844,24024
2026-04-29 06:58:00+00:00,406.29998779296875,406.29998779296875,406.45001220703125,406.25,406.25,14233
2026-04-29 06:59:00+00:00,406.1499938964844,406.1499938964844,406.29998779296875,406.1000061035156,406.29998779296875,12295
2026-04-29 07:00:00+00:00,406.1000061035156,406.1000061035156,406.20001220703125,406.1000061035156,406.1499938964844,5328
2026-04-29 07:01:00+00:00,406.3999938964844,406.3999938964844,406.45001220703125,406.1000061035156,406.1000061035156,7167
2026-04-29 07:02:00+00:00,406.6000061035156,406.6000061035156,406.6000061035156,406.45001220703125,406.45001220703125,6759
2026-04-29 07:03:00+00:00,406.70001220703125,406.70001220703125,406.79998779296875,406.6000061035156,406.6499938964844,9871
2026-04-29 07:04:00+00:00,406.6499938964844,406.6499938964844,406.8500061035156,406.54998779296875,406.70001220703125,18770
2026-04-29 07:05:00+00:00,406.70001220703125,406.70001220703125,406.75,406.6499938964844,406.6499938964844,3717
2026-04-29 07:06:00+00:00,406.70001220703125,406.70001220703125,406.75,406.70001220703125,406.70001220703125,4097
2026-04-29 07:07:00+00:00,406.70001220703125,406.70001220703125,406.79998779296875,406.70001220703125,406.70001220703125,4199
2026-04-29 07:08:00+00:00,406.70001220703125,406.70001220703125,406.75,406.70001220703125,406.70001220703125,5156
2026-04-29 07:09:00+00:00,406.79998779296875,406.79998779296875,406.79998779296875,406.70001220703125,406.70001220703125,5200
2026-04-29 07:10:00+00:00,406.79998779296875,406.79998779296875,406.79998779296875,406.70001220703125,406.70001220703125,5329
2026-04-29 07:11:00+00:00,406.1000061035156,406.1000061035156,406.79998779296875,406.0,406.79998779296875,24358
2026-04-29 07:12:00+00:00,406.04998779296875,406.04998779296875,406.1000061035156,406.04998779296875,406.1000061035156,5291
2026-04-29 07:13:00+00:00,406.0,406.0,406.04998779296875,405.8999938964844,406.04998779296875,4898
2026-04-29 07:14:00+00:00,405.8999938964844,405.8999938964844,406.25,405.8999938964844,406.1499938964844,24194
2026-04-29 07:15:00+00:00,406.1000061035156,406.1000061035156,406.1499938964844,405.8999938964844,406.0,7197
2026-04-29 07:16:00+00:00,406.1000061035156,406.1000061035156,406.1499938964844,406.1000061035156,406.1499938964844,3376
2026-04-29 07:17:00+00:00,406.1499938964844,406.1499938964844,406.1499938964844,406.1000061035156,406.1000061035156,4010
2026-04-29 07:18:00+00:00,406.54998779296875,406.54998779296875,406.54998779296875,406.1499938964844,406.1499938964844,53079
2026-04-29 07:19:00+00:00,406.25,406.25,406.70001220703125,406.25,406.70001220703125,94297
2026-04-29 07:20:00+00:00,406.45001220703125,406.45001220703125,406.5,406.29998779296875,406.29998779296875,4529
2026-04-29 07:21:00+00:00,406.54998779296875,406.54998779296875,406.6499938964844,406.5,406.5,5535
2026-04-29 07:22:00+00:00,406.6499938964844,406.6499938964844,406.6499938964844,406.54998779296875,406.54998779296875,7003
2026-04-29 07:23:00+00:00,406.6000061035156,406.6000061035156,406.70001220703125,406.54998779296875,406.6499938964844,4522
2026-04-29 07:24:00+00:00,406.54998779296875,406.54998779296875,406.70001220703125,406.54998779296875,406.6000061035156,23065
2026-04-29 07:25:00+00:00,406.6000061035156,406.6000061035156,406.6000061035156,406.54998779296875,406.54998779296875,4511
2026-04-29 07:26:00+00:00,406.6000061035156,406.6000061035156,406.70001220703125,406.6000061035156,406.6000061035156,7188
2026-04-29 07:27:00+00:00,406.70001220703125,406.70001220703125,406.79998779296875,406.6499938964844,406.6499938964844,9177
2026-04-29 07:28:00+00:00,406.79998779296875,406.79998779296875,406.79998779296875,406.70001220703125,406.70001220703125,5038
2026-04-29 07:29:00+00:00,406.54998779296875,406.54998779296875,406.79998779296875,406.5,406.79998779296875,12540
2026-04-29 07:30:00+00:00,406.54998779296875,406.54998779296875,406.6000061035156,406.5,406.5,2974
2026-04-29 07:31:00+00:00,406.6499938964844,406.6499938964844,406.6499938964844,406.54998779296875,406.54998779296875,5776
2026-04-29 07:32:00+00:00,406.6499938964844,406.6499938964844,406.6499938964844,406.6000061035156,406.6499938964844,8205
2026-04-29 07:33:00+00:00,406.20001220703125,406.20001220703125,406.70001220703125,406.20001220703125,406.6499938964844,26277
2026-04-29 07:34:00+00:00,406.3999938964844,406.3999938964844,406.5,406.20001220703125,406.20001220703125,6760
2026-04-29 07:35:00+00:00,406.5,406.5,406.54998779296875,406.3999938964844,406.3999938964844,4290
2026-04-29 07:36:00+00:00,406.54998779296875,406.54998779296875,406.6000061035156,406.5,406.5,3677
2026-04-29 07:37:00+00:00,406.75,406.75,406.75,406.54998779296875,406.54998779296875,18962
2026-04-29 07:38:00+00:00,406.75,406.75,406.8500061035156,406.70001220703125,406.75,6467
2026-04-29 07:39:00+00:00,406.5,406.5,406.75,406.3999938964844,406.75,12655
2026-04-29 07:40:00+00:00,406.5,406.5,406.54998779296875,406.5,406.54998779296875,3086
2026-04-29 07:41:00+00:00,406.54998779296875,406.54998779296875,406.6000061035156,406.5,406.5,6396
2026-04-29 07:42:00+00:00,406.45001220703125,406.45001220703125,406.6000061035156,406.45001220703125,406.6000061035156,10082
2026-04-29 07:43:00+00:00,406.5,406.5,406.5,406.45001220703125,406.5,3982
2026-04-29 07:44:00+00:00,406.29998779296875,406.29998779296875,406.45001220703125,406.25,406.45001220703125,8650
2026-04-29 07:45:00+00:00,406.29998779296875,406.29998779296875,406.3999938964844,406.29998779296875,406.29998779296875,5516
2026-04-29 07:46:00+00:00,406.1499938964844,406.1499938964844,406.3999938964844,406.1000061035156,406.3500061035156,32398
2026-04-29 07:47:00+00:00,406.20001220703125,406.20001220703125,406.25,406.1499938964844,406.1499938964844,4158
2026-04-29 07:48:00+00:00,406.3500061035156,406.3500061035156,406.3500061035156,406.1499938964844,406.20001220703125,13000
2026-04-29 07:49:00+00:00,406.3999938964844,406.3999938964844,406.5,406.3500061035156,406.3999938964844,6963
2026-04-29 07:50:00+00:00,406.5,406.5,406.5,406.3999938964844,406.3999938964844,8999
2026-04-29 07:51:00+00:00,406.20001220703125,406.20001220703125,406.6000061035156,406.20001220703125,406.5,15034
2026-04-29 07:52:00+00:00,406.25,406.25,406.3999938964844,406.20001220703125,406.20001220703125,4784
2026-04-29 07:53:00+00:00,406.29998779296875,406.29998779296875,406.3500061035156,406.25,406.25,6704
2026-04-29 07:54:00+00:00,406.6499938964844,406.6499938964844,406.75,406.20001220703125,406.3500061035156,45250
2026-04-29 07:55:00+00:00,406.8500061035156,406.8500061035156,406.95001220703125,406.6499938964844,406.6499938964844,3425
2026-04-29 07:56:00+00:00,406.95001220703125,406.95001220703125,407.0,406.8500061035156,406.8500061035156,38485
2026-04-29 07:57:00+00:00,407.0,407.0,407.1499938964844,406.95001220703125,407.0,4607
2026-04-29 07:58:00+00:00,407.20001220703125,407.20001220703125,407.20001220703125,407.0,407.0,3545
2026-04-29 07:59:00+00:00,407.20001220703125,407.20001220703125,407.20001220703125,407.1499938964844,407.20001220703125,23545
2026-04-29 08:00:00+00:00,407.45001220703125,407.45001220703125,407.45001220703125,407.25,407.25,7400
2026-04-29 08:01:00+00:00,407.79998779296875,407.79998779296875,407.79998779296875,407.3999938964844,407.3999938964844,18714
2026-04-29 08:02:00+00:00,407.70001220703125,407.70001220703125,407.79998779296875,407.70001220703125,407.79998779296875,626281
2026-04-29 08:03:00+00:00,407.54998779296875,407.54998779296875,407.79998779296875,407.5,407.6000061035156,32570
2026-04-29 08:04:00+00:00,407.20001220703125,407.20001220703125,407.6499938964844,407.1000061035156,407.6499938964844,20767
2026-04-29 08:05:00+00:00,406.95001220703125,406.95001220703125,407.29998779296875,406.95001220703125,407.20001220703125,7532
2026-04-29 08:06:00+00:00,407.0,407.0,407.1499938964844,406.8500061035156,407.1499938964844,8617
2026-04-29 08:07:00+00:00,407.0,407.0,407.04998779296875,407.0,407.0,3573
2026-04-29 08:08:00+00:00,406.75,406.75,407.1499938964844,406.75,407.1000061035156,9544
2026-04-29 08:09:00+00:00,406.70001220703125,406.70001220703125,406.8999938964844,406.70001220703125,406.75,5884
2026-04-29 08:10:00+00:00,404.70001220703125,404.70001220703125,406.75,404.70001220703125,406.70001220703125,890863
2026-04-29 08:11:00+00:00,404.8500061035156,404.8500061035156,405.0,404.70001220703125,404.70001220703125,15550
2026-04-29 08:12:00+00:00,404.54998779296875,404.54998779296875,404.8999938964844,404.5,404.70001220703125,23543
2026-04-29 08:13:00+00:00,404.29998779296875,404.29998779296875,404.5,404.29998779296875,404.5,14113
2026-04-29 08:14:00+00:00,403.79998779296875,403.79998779296875,404.3500061035156,403.79998779296875,404.25,36885
2026-04-29 08:15:00+00:00,403.54998779296875,403.54998779296875,403.8999938964844,403.45001220703125,403.8500061035156,20668
2026-04-29 08:16:00+00:00,403.8500061035156,403.8500061035156,403.95001220703125,403.54998779296875,403.6000061035156,11759
2026-04-29 08:17:00+00:00,404.1499938964844,404.1499938964844,404.29998779296875,403.8500061035156,403.8999938964844,15465
2026-04-29 08:18:00+00:00,404.1000061035156,404.1000061035156,404.20001220703125,404.04998779296875,404.1000061035156,10925
2026-04-29 08:19:00+00:00,404.6499938964844,404.6499938964844,404.6499938964844,404.1000061035156,404.1000061035156,9965
2026-04-29 08:20:00+00:00,404.75,404.75,404.79998779296875,404.54998779296875,404.6499938964844,8224
2026-04-29 08:21:00+00:00,404.8500061035156,404.8500061035156,404.8500061035156,404.6499938964844,404.75,16952
2026-04-29 08:22:00+00:00,404.8999938964844,404.8999938964844,404.95001220703125,404.70001220703125,404.8500061035156,9179
2026-04-29 08:23:00+00:00,403.5,403.5,403.79998779296875,403.45001220703125,403.79998779296875,418002
2026-04-29 08:24:00+00:00,403.54998779296875,403.54998779296875,403.79998779296875,403.45001220703125,403.5,200674
2026-04-29 08:25:00+00:00,403.45001220703125,403.45001220703125,403.70001220703125,403.45001220703125,403.5,182950
2026-04-29 08:26:00+00:00,403.29998779296875,403.29998779296875,403.5,403.29998779296875,403.5,31097
2026-04-29 08:27:00+00:00,403.25,403.25,403.29998779296875,403.25,403.29998779296875,7512
2026-04-29 08:28:00+00:00,403.3999938964844,403.3999938964844,403.3999938964844,403.25,403.25,8305
2026-04-29 08:29:00+00:00,403.5,403.5,403.5,403.45001220703125,403.5,38320
2026-04-29 08:30:00+00:00,403.5,403.5,403.95001220703125,403.3999938964844,403.5,425496
2026-04-29 08:31:00+00:00,403.5,403.5,403.54998779296875,403.3999938964844,403.5,77361
2026-04-29 08:32:00+00:00,403.5,403.5,403.5,403.45001220703125,403.5,35881
2026-04-29 08:33:00+00:00,403.29998779296875,403.29998779296875,403.5,403.20001220703125,403.5,44657
2026-04-29 08:34:00+00:00,403.04998779296875,403.04998779296875,403.3999938964844,403.04998779296875,403.3999938964844,39023
2026-04-29 08:35:00+00:00,403.1499938964844,403.1499938964844,403.3999938964844,403.04998779296875,403.04998779296875,15270
2026-04-29 08:36:00+00:00,403.29998779296875,403.29998779296875,403.45001220703125,403.04998779296875,403.1499938964844,32595
2026-04-29 08:37:00+00:00,403.45001220703125,403.45001220703125,403.5,403.3500061035156,403.3500061035156,26898
2026-04-29 08:38:00+00:00,403.5,403.5,403.5,403.45001220703125,403.45001220703125,30119
2026-04-29 08:39:00+00:00,403.45001220703125,403.45001220703125,403.5,403.45001220703125,403.45001220703125,42413
2026-04-29 08:40:00+00:00,403.5,403.5,403.5,403.3999938964844,403.45001220703125,25135
2026-04-29 08:41:00+00:00,403.3999938964844,403.3999938964844,403.5,403.3999938964844,403.3999938964844,30584
2026-04-29 08:42:00+00:00,403.3999938964844,403.3999938964844,403.5,403.3999938964844,403.5,49652
2026-04-29 08:43:00+00:00,403.3500061035156,403.3500061035156,403.45001220703125,403.25,403.29998779296875,16595
2026-04-29 08:44:00+00:00,403.1499938964844,403.1499938964844,403.29998779296875,403.1000061035156,403.29998779296875,19414
2026-04-29 08:45:00+00:00,403.0,403.0,403.20001220703125,403.0,403.1499938964844,37539
2026-04-29 08:46:00+00:00,402.95001220703125,402.95001220703125,403.1499938964844,402.8999938964844,403.1000061035156,31108
2026-04-29 08:47:00+00:00,402.8999938964844,402.8999938964844,403.1000061035156,402.8500061035156,403.1000061035156,24731
2026-04-29 08:48:00+00:00,402.8999938964844,402.8999938964844,402.8999938964844,402.70001220703125,402.8500061035156,35101
2026-04-29 08:49:00+00:00,402.8999938964844,402.8999938964844,403.0,402.45001220703125,402.8999938964844,60089
2026-04-29 08:50:00+00:00,402.75,402.75,402.8999938964844,402.45001220703125,402.8999938964844,23987
2026-04-29 08:51:00+00:00,402.54998779296875,402.54998779296875,402.75,402.5,402.75,24079
2026-04-29 08:52:00+00:00,402.8500061035156,402.8500061035156,402.8999938964844,402.54998779296875,402.54998779296875,30707
2026-04-29 08:53:00+00:00,403.04998779296875,403.04998779296875,403.1499938964844,402.70001220703125,402.70001220703125,38113
2026-04-29 08:54:00+00:00,403.5,403.5,403.5,403.1000061035156,403.20001220703125,27296
2026-04-29 08:55:00+00:00,403.20001220703125,403.20001220703125,403.29998779296875,403.1000061035156,403.25,42590
2026-04-29 08:56:00+00:00,403.1499938964844,403.1499938964844,403.29998779296875,403.0,403.20001220703125,19000
2026-04-29 08:57:00+00:00,403.1499938964844,403.1499938964844,403.29998779296875,403.04998779296875,403.29998779296875,23911
2026-04-29 08:58:00+00:00,403.1000061035156,403.1000061035156,403.20001220703125,402.95001220703125,403.1499938964844,25560
2026-04-29 08:59:00+00:00,403.25,403.25,403.3999938964844,403.04998779296875,403.29998779296875,46103
2026-04-29 09:00:00+00:00,403.29998779296875,403.29998779296875,403.29998779296875,403.0,403.25,23324
2026-04-29 09:01:00+00:00,403.04998779296875,403.04998779296875,403.25,402.79998779296875,403.1499938964844,27535
2026-04-29 09:02:00+00:00,402.95001220703125,402.95001220703125,403.1000061035156,402.8999938964844,403.1000061035156,12855
2026-04-29 09:03:00+00:00,403.29998779296875,403.29998779296875,403.29998779296875,403.0,403.20001220703125,40621
2026-04-29 09:04:00+00:00,403.5,403.5,403.79998779296875,403.3500061035156,403.3999938964844,619550
2026-04-29 09:05:00+00:00,402.79998779296875,402.79998779296875,403.70001220703125,402.75,403.5,126533
2026-04-29 09:06:00+00:00,402.3500061035156,402.3500061035156,402.79998779296875,402.29998779296875,402.79998779296875,44796
2026-04-29 09:07:00+00:00,402.3500061035156,402.3500061035156,402.5,401.70001220703125,402.3500061035156,111369
2026-04-29 09:08:00+00:00,402.6499938964844,402.6499938964844,402.70001220703125,402.1499938964844,402.3500061035156,26811
2026-04-29 09:09:00+00:00,402.6000061035156,402.6000061035156,402.79998779296875,402.5,402.6000061035156,21930
2026-04-29 09:10:00+00:00,402.75,402.75,402.75,402.6000061035156,402.75,14165
2026-04-29 09:11:00+00:00,402.54998779296875,402.54998779296875,402.70001220703125,402.54998779296875,402.70001220703125,30147
2026-04-29 09:12:00+00:00,402.95001220703125,402.95001220703125,402.95001220703125,402.45001220703125,402.70001220703125,36765
2026-04-29 09:13:00+00:00,402.5,402.5,403.04998779296875,402.5,402.95001220703125,27527
2026-04-29 09:14:00+00:00,402.5,402.5,402.75,402.5,402.6499938964844,12252
2026-04-29 09:15:00+00:00,402.1000061035156,402.1000061035156,402.5,402.1000061035156,402.3999938964844,19008
2026-04-29 09:16:00+00:00,402.1499938964844,402.1499938964844,402.29998779296875,402.1000061035156,402.25,18267
2026-04-29 09:17:00+00:00,402.1499938964844,402.1499938964844,402.25,402.1499938964844,402.25,15362
2026-04-29 09:18:00+00:00,402.0,402.0,402.20001220703125,402.0,402.20001220703125,11266
2026-04-29 09:19:00+00:00,402.0,402.0,402.29998779296875,402.0,402.1499938964844,19442
2026-04-29 09:20:00+00:00,402.0,402.0,402.1000061035156,401.6499938964844,402.0,24704
2026-04-29 09:21:00+00:00,401.79998779296875,401.79998779296875,402.0,401.70001220703125,401.79998779296875,41119
2026-04-29 09:22:00+00:00,402.3999938964844,402.3999938964844,402.5,401.70001220703125,402.0,35968
2026-04-29 09:23:00+00:00,402.1499938964844,402.1499938964844,402.5,402.1499938964844,402.5,13482
2026-04-29 09:24:00+00:00,402.45001220703125,402.45001220703125,402.95001220703125,402.29998779296875,402.29998779296875,171111
2026-04-29 09:25:00+00:00,402.04998779296875,402.04998779296875,402.6499938964844,402.0,402.45001220703125,32346
2026-04-29 09:26:00+00:00,402.04998779296875,402.04998779296875,402.25,402.04998779296875,402.25,21873
2026-04-29 09:27:00+00:00,402.0,402.0,402.25,401.8500061035156,402.20001220703125,19269
2026-04-29 09:28:00+00:00,401.79998779296875,401.79998779296875,402.0,401.70001220703125,402.0,42941
2026-04-29 09:29:00+00:00,401.95001220703125,401.95001220703125,401.95001220703125,401.6000061035156,401.8999938964844,18748
2026-04-29 09:30:00+00:00,401.45001220703125,401.45001220703125,401.75,401.3999938964844,401.6000061035156,92560
2026-04-29 09:31:00+00:00,401.70001220703125,401.70001220703125,401.79998779296875,401.5,401.6000061035156,58673
2026-04-29 09:32:00+00:00,401.5,401.5,401.75,401.29998779296875,401.5,62991
2026-04-29 09:33:00+00:00,401.79998779296875,401.79998779296875,401.79998779296875,401.45001220703125,401.45001220703125,35615
2026-04-29 09:34:00+00:00,401.54998779296875,401.54998779296875,401.79998779296875,401.5,401.79998779296875,25634
2026-04-29 09:35:00+00:00,401.3999938964844,401.3999938964844,401.45001220703125,401.29998779296875,401.45001220703125,71901
2026-04-29 09:36:00+00:00,401.29998779296875,401.29998779296875,401.3999938964844,401.25,401.3999938964844,36460
2026-04-29 09:37:00+00:00,401.45001220703125,401.45001220703125,401.5,401.20001220703125,401.20001220703125,53443
2026-04-29 09:38:00+00:00,401.54998779296875,401.54998779296875,401.54998779296875,401.3999938964844,401.3999938964844,26892
2026-04-29 09:39:00+00:00,402.3500061035156,402.3500061035156,402.3999938964844,401.79998779296875,401.79998779296875,215972
2026-04-29 09:40:00+00:00,402.6499938964844,402.6499938964844,402.6499938964844,402.1499938964844,402.3500061035156,102043
2026-04-29 09:41:00+00:00,402.6000061035156,402.6000061035156,402.6499938964844,402.6000061035156,402.6499938964844,42118
2026-04-29 09:42:00+00:00,402.6499938964844,402.6499938964844,402.6499938964844,402.6000061035156,402.6499938964844,41582
2026-04-29 09:43:00+00:00,402.5,402.5,402.6499938964844,402.45001220703125,402.6499938964844,71058
2026-04-29 09:44:00+00:00,402.5,402.5,402.5,402.45001220703125,402.5,59885
2026-04-29 09:45:00+00:00,401.8999938964844,401.8999938964844,402.45001220703125,401.79998779296875,402.45001220703125,47199
2026-04-29 09:46:00+00:00,401.8999938964844,401.8999938964844,401.8999938964844,401.79998779296875,401.79998779296875,42840
2026-04-29 09:47:00+00:00,401.54998779296875,401.54998779296875,401.54998779296875,401.1499938964844,401.5,63916
2026-04-29 09:48:00+00:00,401.29998779296875,401.29998779296875,401.5,401.29998779296875,401.45001220703125,26966
2026-04-29 09:49:00+00:00,401.04998779296875,401.04998779296875,401.3500061035156,401.0,401.3500061035156,75184
2026-04-29 09:50:00+00:00,400.1499938964844,400.1499938964844,401.1000061035156,400.0,401.1000061035156,116263
2026-04-29 09:51:00+00:00,400.3999938964844,400.3999938964844,400.70001220703125,400.1499938964844,400.1499938964844,78889
2026-04-29 09:52:00+00:00,400.29998779296875,400.29998779296875,400.3999938964844,400.25,400.3999938964844,27242
2026-04-29 09:53:00+00:00,400.1000061035156,400.1000061035156,400.20001220703125,400.1000061035156,400.1000061035156,78719
2026-04-29 09:54:00+00:00,400.0,400.0,400.1000061035156,399.75,400.1000061035156,84803
2026-04-29 09:55:00+00:00,400.25,400.25,400.29998779296875,399.8999938964844,400.0,37058
2026-04-29 09:56:00+00:00,400.04998779296875,400.04998779296875,400.04998779296875,399.8500061035156,400.04998779296875,37536
2026-04-29 09:57:00+00:00,400.25,400.25,400.25,399.8999938964844,400.20001220703125,74758
2026-04-29 09:58:00+00:00,400.0,400.0,400.20001220703125,400.0,400.20001220703125,39933
2026-04-29 09:59:00+00:00,400.0,400.0,400.3500061035156,399.8999938964844,399.8999938964844,37447
2026-04-30 03:45:00+00:00,397.79998779296875,397.79998779296875,399.0,395.6000061035156,399.0,0
2026-04-30 03:46:00+00:00,396.29998779296875,396.29998779296875,397.54998779296875,396.25,397.54998779296875,53748
2026-04-30 03:47:00+00:00,397.54998779296875,397.54998779296875,397.6000061035156,396.3500061035156,396.3500061035156,74024
2026-04-30 03:48:00+00:00,398.6000061035156,398.6000061035156,398.6000061035156,397.6000061035156,397.6000061035156,50755
2026-04-30 03:49:00+00:00,397.29998779296875,397.29998779296875,398.3999938964844,397.29998779296875,398.3999938964844,29919
2026-04-30 03:50:00+00:00,397.1000061035156,397.1000061035156,397.3999938964844,396.6499938964844,397.3999938964844,17342
2026-04-30 03:51:00+00:00,397.75,397.75,398.0,397.45001220703125,397.45001220703125,20882
2026-04-30 03:52:00+00:00,397.1499938964844,397.1499938964844,397.3999938964844,397.1000061035156,397.3999938964844,14211
2026-04-30 03:53:00+00:00,397.54998779296875,397.54998779296875,397.54998779296875,397.25,397.25,14191
2026-04-30 03:54:00+00:00,397.75,397.75,397.95001220703125,397.45001220703125,397.45001220703125,18173
2026-04-30 03:55:00+00:00,398.1499938964844,398.1499938964844,398.25,397.5,397.5,13976
2026-04-30 03:56:00+00:00,398.1499938964844,398.1499938964844,398.20001220703125,397.75,397.95001220703125,15555
2026-04-30 03:57:00+00:00,398.3999938964844,398.3999938964844,398.3999938964844,398.04998779296875,398.20001220703125,18425
2026-04-30 03:58:00+00:00,399.25,399.25,399.29998779296875,398.25,398.3999938964844,38772
2026-04-30 03:59:00+00:00,399.29998779296875,399.29998779296875,399.3500061035156,398.79998779296875,399.1499938964844,19357
2026-04-30 04:00:00+00:00,398.8500061035156,398.8500061035156,399.29998779296875,398.54998779296875,399.29998779296875,22119
2026-04-30 04:01:00+00:00,398.6000061035156,398.6000061035156,398.8500061035156,398.5,398.70001220703125,20364
2026-04-30 04:02:00+00:00,398.29998779296875,398.29998779296875,398.95001220703125,398.29998779296875,398.95001220703125,26706
2026-04-30 04:03:00+00:00,397.6499938964844,397.6499938964844,398.1000061035156,397.1499938964844,398.1000061035156,25515
2026-04-30 04:04:00+00:00,397.75,397.75,397.75,397.5,397.70001220703125,16146
2026-04-30 04:05:00+00:00,398.0,398.0,398.0,397.5,397.95001220703125,31892
2026-04-30 04:06:00+00:00,397.54998779296875,397.54998779296875,397.8999938964844,397.3999938964844,397.8999938964844,18229
2026-04-30 04:07:00+00:00,397.6000061035156,397.6000061035156,397.79998779296875,397.3500061035156,397.6000061035156,22523
2026-04-30 04:08:00+00:00,398.0,398.0,398.0,397.6000061035156,397.75,18889
2026-04-30 04:09:00+00:00,397.70001220703125,397.70001220703125,398.0,397.3500061035156,398.0,16034
2026-04-30 04:10:00+00:00,397.6000061035156,397.6000061035156,397.70001220703125,397.5,397.70001220703125,9875
2026-04-30 04:11:00+00:00,398.1499938964844,398.1499938964844,398.1499938964844,397.54998779296875,397.6000061035156,8339
2026-04-30 04:12:00+00:00,398.04998779296875,398.04998779296875,398.20001220703125,397.6499938964844,398.1499938964844,35660
2026-04-30 04:13:00+00:00,397.95001220703125,397.95001220703125,398.25,397.75,397.75,11554
2026-04-30 04:14:00+00:00,397.95001220703125,397.95001220703125,398.1000061035156,397.79998779296875,398.0,14957
2026-04-30 04:15:00+00:00,398.04998779296875,398.04998779296875,398.1499938964844,398.0,398.04998779296875,15257
2026-04-30 04:16:00+00:00,398.1000061035156,398.1000061035156,398.1499938964844,397.8500061035156,397.8500061035156,10007
2026-04-30 04:17:00+00:00,397.6499938964844,397.6499938964844,398.1000061035156,397.5,398.04998779296875,7405
2026-04-30 04:18:00+00:00,396.95001220703125,396.95001220703125,397.6499938964844,396.8500061035156,397.6499938964844,22806
2026-04-30 04:19:00+00:00,396.8500061035156,396.8500061035156,396.8999938964844,396.79998779296875,396.8500061035156,5536
2026-04-30 04:20:00+00:00,397.1000061035156,397.1000061035156,397.1000061035156,396.8999938964844,396.8999938964844,10940
2026-04-30 04:21:00+00:00,396.95001220703125,396.95001220703125,397.3500061035156,396.95001220703125,397.1000061035156,31740
2026-04-30 04:22:00+00:00,397.6499938964844,397.6499938964844,397.6499938964844,397.0,397.29998779296875,16363
2026-04-30 04:23:00+00:00,397.54998779296875,397.54998779296875,397.75,397.5,397.6000061035156,9212
2026-04-30 04:24:00+00:00,397.04998779296875,397.04998779296875,397.3999938964844,397.04998779296875,397.3999938964844,13686
2026-04-30 04:25:00+00:00,397.25,397.25,397.29998779296875,397.04998779296875,397.04998779296875,6471
2026-04-30 04:26:00+00:00,397.20001220703125,397.20001220703125,397.3999938964844,397.1000061035156,397.20001220703125,8706
2026-04-30 04:27:00+00:00,397.1499938964844,397.1499938964844,397.20001220703125,397.1000061035156,397.20001220703125,2904
2026-04-30 04:28:00+00:00,397.25,397.25,397.25,397.1499938964844,397.1499938964844,6880
2026-04-30 04:29:00+00:00,397.04998779296875,397.04998779296875,397.29998779296875,397.04998779296875,397.29998779296875,9241
2026-04-30 04:30:00+00:00,396.8500061035156,396.8500061035156,397.25,396.54998779296875,397.04998779296875,15225
2026-04-30 04:31:00+00:00,396.3500061035156,396.3500061035156,396.6499938964844,396.3500061035156,396.6000061035156,31498
2026-04-30 04:32:00+00:00,396.3999938964844,396.3999938964844,396.8500061035156,396.3500061035156,396.5,8156
2026-04-30 04:33:00+00:00,396.6000061035156,396.6000061035156,396.70001220703125,396.25,396.45001220703125,9641
2026-04-30 04:34:00+00:00,396.5,396.5,396.54998779296875,396.25,396.54998779296875,16921
2026-04-30 04:35:00+00:00,396.8999938964844,396.8999938964844,396.95001220703125,396.54998779296875,396.54998779296875,16394
2026-04-30 04:36:00+00:00,396.20001220703125,396.20001220703125,396.95001220703125,396.04998779296875,396.79998779296875,18442
2026-04-30 04:37:00+00:00,395.70001220703125,395.70001220703125,396.45001220703125,395.70001220703125,396.45001220703125,27940
2026-04-30 04:38:00+00:00,395.6000061035156,395.6000061035156,395.70001220703125,395.5,395.70001220703125,13324
2026-04-30 04:39:00+00:00,395.3500061035156,395.3500061035156,395.6000061035156,395.29998779296875,395.5,12178
2026-04-30 04:40:00+00:00,394.79998779296875,394.79998779296875,395.3500061035156,394.79998779296875,395.3500061035156,36622
2026-04-30 04:41:00+00:00,395.0,395.0,395.0,394.70001220703125,394.95001220703125,17592
2026-04-30 04:42:00+00:00,394.75,394.75,395.1499938964844,394.70001220703125,395.0,56384
2026-04-30 04:43:00+00:00,394.75,394.75,395.0,394.75,395.0,24783
2026-04-30 04:44:00+00:00,394.8500061035156,394.8500061035156,394.8999938964844,394.75,394.8999938964844,17253
2026-04-30 04:45:00+00:00,394.75,394.75,394.79998779296875,394.6499938964844,394.79998779296875,14796
2026-04-30 04:46:00+00:00,394.20001220703125,394.20001220703125,394.75,394.20001220703125,394.75,17612
2026-04-30 04:47:00+00:00,393.8500061035156,393.8500061035156,394.0,393.75,394.0,18966
2026-04-30 04:48:00+00:00,393.75,393.75,394.0,393.75,393.8500061035156,6857
2026-04-30 04:49:00+00:00,394.75,394.75,394.75,393.8999938964844,393.8999938964844,45197
2026-04-30 04:50:00+00:00,395.1499938964844,395.1499938964844,395.1499938964844,394.75,394.75,11144
2026-04-30 04:51:00+00:00,395.20001220703125,395.20001220703125,395.29998779296875,394.95001220703125,395.29998779296875,18508
2026-04-30 04:52:00+00:00,394.54998779296875,394.54998779296875,394.8999938964844,394.45001220703125,394.8999938964844,11710
2026-04-30 04:53:00+00:00,394.54998779296875,394.54998779296875,394.54998779296875,394.3500061035156,394.54998779296875,14615
2026-04-30 04:54:00+00:00,394.79998779296875,394.79998779296875,394.79998779296875,394.54998779296875,394.54998779296875,4117
2026-04-30 04:55:00+00:00,394.75,394.75,394.75,394.54998779296875,394.6000061035156,12969
2026-04-30 04:56:00+00:00,394.70001220703125,394.70001220703125,394.8500061035156,394.6499938964844,394.6499938964844,7339
2026-04-30 04:57:00+00:00,394.75,394.75,394.75,394.6000061035156,394.70001220703125,7023
2026-04-30 04:58:00+00:00,394.6499938964844,394.6499938964844,394.79998779296875,394.54998779296875,394.79998779296875,4276
2026-04-30 04:59:00+00:00,394.6000061035156,394.6000061035156,394.8500061035156,394.6000061035156,394.70001220703125,22098
2026-04-30 05:00:00+00:00,394.6499938964844,394.6499938964844,394.75,394.6499938964844,394.70001220703125,1937
2026-04-30 05:01:00+00:00,394.54998779296875,394.54998779296875,394.6499938964844,394.3999938964844,394.6499938964844,21919
2026-04-30 05:02:00+00:00,394.54998779296875,394.54998779296875,394.70001220703125,394.54998779296875,394.6000061035156,39757
2026-04-30 05:03:00+00:00,394.3999938964844,394.3999938964844,394.5,394.29998779296875,394.5,13433
2026-04-30 05:04:00+00:00,394.1499938964844,394.1499938964844,394.3999938964844,394.1000061035156,394.3500061035156,5594
2026-04-30 05:05:00+00:00,394.6499938964844,394.6499938964844,394.6499938964844,394.20001220703125,394.20001220703125,7451
2026-04-30 05:06:00+00:00,394.6000061035156,394.6000061035156,394.6499938964844,394.45001220703125,394.6499938964844,6046
2026-04-30 05:07:00+00:00,394.3500061035156,394.3500061035156,394.6000061035156,394.25,394.6000061035156,9436
2026-04-30 05:08:00+00:00,393.70001220703125,393.70001220703125,394.3999938964844,393.29998779296875,394.3999938964844,46203
2026-04-30 05:09:00+00:00,393.8999938964844,393.8999938964844,393.95001220703125,393.6499938964844,393.6499938964844,14376
2026-04-30 05:10:00+00:00,394.1499938964844,394.1499938964844,394.1499938964844,393.8500061035156,394.0,15069
2026-04-30 05:11:00+00:00,394.1499938964844,394.1499938964844,394.25,394.04998779296875,394.04998779296875,9310
2026-04-30 05:12:00+00:00,394.0,394.0,394.1000061035156,394.0,394.1000061035156,10465
2026-04-30 05:13:00+00:00,393.79998779296875,393.79998779296875,394.0,393.79998779296875,394.0,14803
2026-04-30 05:14:00+00:00,394.5,394.5,394.5,393.8999938964844,393.8999938964844,35207
2026-04-30 05:15:00+00:00,394.0,394.0,394.54998779296875,394.0,394.3999938964844,29309
2026-04-30 05:16:00+00:00,394.20001220703125,394.20001220703125,394.20001220703125,394.0,394.1499938964844,11235
2026-04-30 05:17:00+00:00,394.04998779296875,394.04998779296875,394.1000061035156,394.0,394.04998779296875,12427
2026-04-30 05:18:00+00:00,394.1499938964844,394.1499938964844,394.20001220703125,394.04998779296875,394.04998779296875,6559
2026-04-30 05:19:00+00:00,394.1000061035156,394.1000061035156,394.3999938964844,394.0,394.20001220703125,12066
2026-04-30 05:20:00+00:00,394.20001220703125,394.20001220703125,394.25,394.0,394.1000061035156,9727
2026-04-30 05:21:00+00:00,394.6000061035156,394.6000061035156,394.6499938964844,394.25,394.25,11657
2026-04-30 05:22:00+00:00,394.6000061035156,394.6000061035156,394.6499938964844,394.6000061035156,394.6000061035156,12626
2026-04-30 05:23:00+00:00,394.6499938964844,394.6499938964844,394.70001220703125,394.6000061035156,394.6499938964844,7972
2026-04-30 05:24:00+00:00,394.6000061035156,394.6000061035156,394.70001220703125,394.5,394.70001220703125,14859
2026-04-30 05:25:00+00:00,394.6000061035156,394.6000061035156,394.6000061035156,394.45001220703125,394.6000061035156,9939
2026-04-30 05:26:00+00:00,394.25,394.25,394.8500061035156,394.25,394.6000061035156,48936
2026-04-30 05:27:00+00:00,394.1499938964844,394.1499938964844,394.54998779296875,394.1000061035156,394.3500061035156,19181
2026-04-30 05:28:00+00:00,394.5,394.5,394.70001220703125,394.1499938964844,394.1499938964844,35114
2026-04-30 05:29:00+00:00,394.3500061035156,394.3500061035156,394.6499938964844,394.3500061035156,394.5,10610
2026-04-30 05:30:00+00:00,394.6000061035156,394.6000061035156,394.6000061035156,394.20001220703125,394.3500061035156,45726
2026-04-30 05:31:00+00:00,394.8500061035156,394.8500061035156,394.8999938964844,394.6000061035156,394.6000061035156,6167
2026-04-30 05:32:00+00:00,394.95001220703125,394.95001220703125,394.95001220703125,394.8999938964844,394.8999938964844,4734
2026-04-30 05:33:00+00:00,395.04998779296875,395.04998779296875,395.20001220703125,394.95001220703125,394.95001220703125,4197
2026-04-30 05:34:00+00:00,394.8500061035156,394.8500061035156,395.29998779296875,394.79998779296875,395.1499938964844,15584
2026-04-30 05:35:00+00:00,395.1499938964844,395.1499938964844,395.1499938964844,395.0,395.1000061035156,5599
2026-04-30 05:36:00+00:00,395.0,395.0,395.1499938964844,394.8999938964844,395.1499938964844,8778
2026-04-30 05:37:00+00:00,395.6000061035156,395.6000061035156,395.6000061035156,395.1000061035156,395.1000061035156,20039
2026-04-30 05:38:00+00:00,395.54998779296875,395.54998779296875,395.6000061035156,395.3500061035156,395.3500061035156,16421
2026-04-30 05:39:00+00:00,395.6000061035156,395.6000061035156,395.6000061035156,395.3500061035156,395.54998779296875,9115
2026-04-30 05:40:00+00:00,395.29998779296875,395.29998779296875,395.75,395.29998779296875,395.75,14671
2026-04-30 05:41:00+00:00,395.5,395.5,395.54998779296875,395.29998779296875,395.29998779296875,8954
2026-04-30 05:42:00+00:00,395.5,395.5,395.5,395.3500061035156,395.3999938964844,9924
2026-04-30 05:43:00+00:00,395.5,395.5,395.5,395.20001220703125,395.3999938964844,20201
2026-04-30 05:44:00+00:00,395.54998779296875,395.54998779296875,395.6000061035156,395.20001220703125,395.5,28438
2026-04-30 05:45:00+00:00,395.75,395.75,395.8500061035156,395.29998779296875,395.54998779296875,27985
2026-04-30 05:46:00+00:00,395.8500061035156,395.8500061035156,395.8500061035156,395.6499938964844,395.79998779296875,12678
2026-04-30 05:47:00+00:00,395.54998779296875,395.54998779296875,395.8999938964844,395.1000061035156,395.8500061035156,23220
2026-04-30 05:48:00+00:00,395.25,395.25,395.75,395.25,395.54998779296875,17781
2026-04-30 05:49:00+00:00,396.1000061035156,396.1000061035156,396.20001220703125,395.54998779296875,395.6499938964844,47006
2026-04-30 05:50:00+00:00,395.20001220703125,395.20001220703125,395.8999938964844,395.20001220703125,395.8999938964844,146709
2026-04-30 05:51:00+00:00,395.3500061035156,395.3500061035156,395.45001220703125,395.1499938964844,395.29998779296875,175578
2026-04-30 05:52:00+00:00,395.5,395.5,395.5,395.20001220703125,395.3500061035156,27225
2026-04-30 05:53:00+00:00,395.79998779296875,395.79998779296875,395.79998779296875,395.3500061035156,395.45001220703125,15814
2026-04-30 05:54:00+00:00,395.79998779296875,395.79998779296875,396.0,395.6499938964844,395.8500061035156,17216
2026-04-30 05:55:00+00:00,396.20001220703125,396.20001220703125,396.20001220703125,395.79998779296875,395.8500061035156,17363
2026-04-30 05:56:00+00:00,396.25,396.25,396.29998779296875,396.1000061035156,396.1499938964844,15666
2026-04-30 05:57:00+00:00,396.6499938964844,396.6499938964844,396.6499938964844,396.29998779296875,396.29998779296875,13422
2026-04-30 05:58:00+00:00,396.3500061035156,396.3500061035156,396.45001220703125,396.20001220703125,396.25,36683
2026-04-30 05:59:00+00:00,396.6000061035156,396.6000061035156,396.6000061035156,396.1000061035156,396.3500061035156,17684
2026-04-30 06:00:00+00:00,396.54998779296875,396.54998779296875,396.6499938964844,396.45001220703125,396.6499938964844,12391
2026-04-30 06:01:00+00:00,396.6499938964844,396.6499938964844,396.6499938964844,396.3999938964844,396.45001220703125,15053
2026-04-30 06:02:00+00:00,396.3999938964844,396.3999938964844,396.70001220703125,396.25,396.6499938964844,24516
2026-04-30 06:03:00+00:00,396.54998779296875,396.54998779296875,396.70001220703125,396.0,396.3999938964844,14726
2026-04-30 06:04:00+00:00,396.54998779296875,396.54998779296875,396.6000061035156,396.3999938964844,396.5,8022
2026-04-30 06:05:00+00:00,397.0,397.0,397.0,396.54998779296875,396.54998779296875,15516
2026-04-30 06:06:00+00:00,397.1499938964844,397.1499938964844,397.20001220703125,396.95001220703125,396.95001220703125,12001
2026-04-30 06:07:00+00:00,397.25,397.25,397.29998779296875,397.0,397.04998779296875,22045
2026-04-30 06:08:00+00:00,397.0,397.0,397.3500061035156,396.95001220703125,396.95001220703125,59228
2026-04-30 06:09:00+00:00,397.20001220703125,397.20001220703125,397.3999938964844,396.95001220703125,396.95001220703125,19482
2026-04-30 06:10:00+00:00,397.04998779296875,397.04998779296875,397.20001220703125,396.8999938964844,397.20001220703125,15456
2026-04-30 06:11:00+00:00,396.95001220703125,396.95001220703125,397.1000061035156,396.79998779296875,396.95001220703125,15156
2026-04-30 06:12:00+00:00,397.04998779296875,397.04998779296875,397.1000061035156,396.95001220703125,396.95001220703125,11090
2026-04-30 06:13:00+00:00,397.3999938964844,397.3999938964844,397.3999938964844,397.1000061035156,397.1000061035156,10599
2026-04-30 06:14:00+00:00,397.04998779296875,397.04998779296875,397.3500061035156,396.95001220703125,397.3500061035156,16268
2026-04-30 06:15:00+00:00,396.79998779296875,396.79998779296875,396.79998779296875,396.79998779296875,396.79998779296875,17247
2026-04-30 06:16:00+00:00,396.8999938964844,396.8999938964844,396.8999938964844,396.70001220703125,396.79998779296875,5115
2026-04-30 06:17:00+00:00,397.1000061035156,397.1000061035156,397.1000061035156,396.8999938964844,396.8999938964844,6019
2026-04-30 06:18:00+00:00,396.95001220703125,396.95001220703125,397.20001220703125,396.79998779296875,397.1000061035156,16209
2026-04-30 06:19:00+00:00,397.1000061035156,397.1000061035156,397.1000061035156,397.0,397.0,9802
2026-04-30 06:20:00+00:00,397.04998779296875,397.04998779296875,397.1000061035156,397.0,397.1000061035156,6635
2026-04-30 06:21:00+00:00,397.1000061035156,397.1000061035156,397.20001220703125,397.0,397.04998779296875,16352
2026-04-30 06:22:00+00:00,396.79998779296875,396.79998779296875,397.1000061035156,396.79998779296875,397.04998779296875,16573
2026-04-30 06:23:00+00:00,396.6000061035156,396.6000061035156,396.79998779296875,396.54998779296875,396.79998779296875,10409
2026-04-30 06:24:00+00:00,396.70001220703125,396.70001220703125,396.75,396.6000061035156,396.6000061035156,3714
2026-04-30 06:25:00+00:00,396.70001220703125,396.70001220703125,396.79998779296875,396.70001220703125,396.70001220703125,5412
2026-04-30 06:26:00+00:00,396.8500061035156,396.8500061035156,397.0,396.70001220703125,396.70001220703125,20099
2026-04-30 06:27:00+00:00,397.54998779296875,397.54998779296875,397.70001220703125,397.0,397.0,40238
2026-04-30 06:28:00+00:00,397.45001220703125,397.45001220703125,397.75,397.3999938964844,397.54998779296875,15546
2026-04-30 06:29:00+00:00,397.29998779296875,397.29998779296875,397.6000061035156,397.1499938964844,397.5,19467
2026-04-30 06:30:00+00:00,397.25,397.25,397.29998779296875,397.1000061035156,397.29998779296875,12165
2026-04-30 06:31:00+00:00,397.1499938964844,397.1499938964844,397.25,397.04998779296875,397.04998779296875,8140
2026-04-30 06:32:00+00:00,397.3999938964844,397.3999938964844,397.3999938964844,397.1499938964844,397.1499938964844,6875
2026-04-30 06:33:00+00:00,397.6000061035156,397.6000061035156,397.6000061035156,397.3999938964844,397.3999938964844,4883
2026-04-30 06:34:00+00:00,397.70001220703125,397.70001220703125,397.75,397.6000061035156,397.6000061035156,16811
2026-04-30 06:35:00+00:00,397.75,397.75,397.75,397.70001220703125,397.70001220703125,7272
2026-04-30 06:36:00+00:00,397.79998779296875,397.79998779296875,397.79998779296875,397.3999938964844,397.3999938964844,25531
2026-04-30 06:37:00+00:00,397.8999938964844,397.8999938964844,397.8999938964844,397.75,397.79998779296875,4851
2026-04-30 06:38:00+00:00,397.75,397.75,398.0,397.54998779296875,398.0,22783
2026-04-30 06:39:00+00:00,397.8999938964844,397.8999938964844,397.95001220703125,397.75,397.79998779296875,9008
2026-04-30 06:40:00+00:00,397.8999938964844,397.8999938964844,398.0,397.8999938964844,397.8999938964844,5635
2026-04-30 06:41:00+00:00,398.0,398.0,398.0,397.8999938964844,397.8999938964844,3764
2026-04-30 06:42:00+00:00,397.8500061035156,397.8500061035156,398.0,397.8500061035156,397.95001220703125,18219
2026-04-30 06:43:00+00:00,397.95001220703125,397.95001220703125,397.95001220703125,397.79998779296875,397.8500061035156,16372
2026-04-30 06:44:00+00:00,398.6000061035156,398.6000061035156,398.6000061035156,397.79998779296875,397.79998779296875,27674
2026-04-30 06:45:00+00:00,398.6000061035156,398.6000061035156,398.70001220703125,398.3500061035156,398.6000061035156,32304
2026-04-30 06:46:00+00:00,398.45001220703125,398.45001220703125,398.6000061035156,398.3999938964844,398.6000061035156,14142
2026-04-30 06:47:00+00:00,398.45001220703125,398.45001220703125,398.5,398.45001220703125,398.45001220703125,8441
2026-04-30 06:48:00+00:00,398.70001220703125,398.70001220703125,398.70001220703125,398.45001220703125,398.45001220703125,5509
2026-04-30 06:49:00+00:00,398.75,398.75,398.79998779296875,398.54998779296875,398.70001220703125,29027
2026-04-30 06:50:00+00:00,398.25,398.25,398.75,398.20001220703125,398.70001220703125,26349
2026-04-30 06:51:00+00:00,398.20001220703125,398.20001220703125,398.25,398.04998779296875,398.25,9709
2026-04-30 06:52:00+00:00,398.3999938964844,398.3999938964844,398.3999938964844,398.1499938964844,398.1499938964844,10175
2026-04-30 06:53:00+00:00,398.25,398.25,398.54998779296875,398.25,398.3999938964844,24257
2026-04-30 06:54:00+00:00,398.3999938964844,398.3999938964844,398.3999938964844,398.1000061035156,398.1000061035156,5379
2026-04-30 06:55:00+00:00,397.95001220703125,397.95001220703125,398.3999938964844,397.95001220703125,398.25,15685
2026-04-30 06:56:00+00:00,397.6499938964844,397.6499938964844,398.1499938964844,397.6000061035156,398.1499938964844,18632
2026-04-30 06:57:00+00:00,397.75,397.75,397.75,397.54998779296875,397.54998779296875,7925
2026-04-30 06:58:00+00:00,397.79998779296875,397.79998779296875,397.79998779296875,397.75,397.75,5753
2026-04-30 06:59:00+00:00,398.54998779296875,398.54998779296875,398.70001220703125,397.6499938964844,397.6499938964844,34932
2026-04-30 07:00:00+00:00,398.45001220703125,398.45001220703125,398.54998779296875,398.3999938964844,398.54998779296875,9426
2026-04-30 07:01:00+00:00,398.1499938964844,398.1499938964844,398.5,398.1000061035156,398.5,18085
2026-04-30 07:02:00+00:00,398.1000061035156,398.1000061035156,398.29998779296875,397.8999938964844,398.25,12535
2026-04-30 07:03:00+00:00,398.5,398.5,398.5,398.1000061035156,398.1000061035156,13278
2026-04-30 07:04:00+00:00,398.3500061035156,398.3500061035156,398.6499938964844,398.20001220703125,398.6000061035156,17361
2026-04-30 07:05:00+00:00,398.0,398.0,398.5,397.8500061035156,398.29998779296875,11078
2026-04-30 07:06:00+00:00,397.79998779296875,397.79998779296875,398.0,397.79998779296875,398.0,9566
2026-04-30 07:07:00+00:00,397.79998779296875,397.79998779296875,397.79998779296875,397.6499938964844,397.79998779296875,7494
2026-04-30 07:08:00+00:00,398.3999938964844,398.3999938964844,398.3999938964844,397.79998779296875,397.79998779296875,12846
2026-04-30 07:09:00+00:00,398.29998779296875,398.29998779296875,398.3999938964844,398.1499938964844,398.3999938964844,17477
2026-04-30 07:10:00+00:00,398.3500061035156,398.3500061035156,398.3999938964844,397.8999938964844,398.29998779296875,19277
2026-04-30 07:11:00+00:00,397.8999938964844,397.8999938964844,398.29998779296875,397.8999938964844,398.25,8930
2026-04-30 07:12:00+00:00,398.1000061035156,398.1000061035156,398.1499938964844,397.8999938964844,398.0,4955
2026-04-30 07:13:00+00:00,398.04998779296875,398.04998779296875,398.1499938964844,397.8999938964844,398.1499938964844,13782
2026-04-30 07:14:00+00:00,398.1499938964844,398.1499938964844,398.1499938964844,398.1000061035156,398.1000061035156,10548
2026-04-30 07:15:00+00:00,398.3999938964844,398.3999938964844,398.45001220703125,398.1000061035156,398.1499938964844,17878
2026-04-30 07:16:00+00:00,398.3999938964844,398.3999938964844,398.5,398.29998779296875,398.3999938964844,14072
2026-04-30 07:17:00+00:00,398.6499938964844,398.6499938964844,398.70001220703125,398.45001220703125,398.70001220703125,16251
2026-04-30 07:18:00+00:00,398.6000061035156,398.6000061035156,398.6499938964844,398.5,398.54998779296875,10080
2026-04-30 07:19:00+00:00,398.6000061035156,398.6000061035156,398.6499938964844,398.45001220703125,398.6000061035156,10002
2026-04-30 07:20:00+00:00,398.25,398.25,398.6000061035156,398.20001220703125,398.6000061035156,15703
2026-04-30 07:21:00+00:00,398.29998779296875,398.29998779296875,398.29998779296875,398.20001220703125,398.29998779296875,27213
2026-04-30 07:22:00+00:00,398.1000061035156,398.1000061035156,398.29998779296875,398.04998779296875,398.29998779296875,18646
2026-04-30 07:23:00+00:00,398.1000061035156,398.1000061035156,398.1000061035156,398.0,398.1000061035156,8797
2026-04-30 07:24:00+00:00,398.04998779296875,398.04998779296875,398.20001220703125,398.04998779296875,398.1000061035156,14306
2026-04-30 07:25:00+00:00,398.1000061035156,398.1000061035156,398.1499938964844,398.04998779296875,398.04998779296875,4809
2026-04-30 07:26:00+00:00,398.20001220703125,398.20001220703125,398.20001220703125,398.04998779296875,398.04998779296875,4077
2026-04-30 07:27:00+00:00,398.0,398.0,398.29998779296875,398.0,398.20001220703125,18244
2026-04-30 07:28:00+00:00,397.95001220703125,397.95001220703125,398.1499938964844,397.95001220703125,398.0,15276
2026-04-30 07:29:00+00:00,398.1000061035156,398.1000061035156,398.1000061035156,398.0,398.04998779296875,6364
2026-04-30 07:30:00+00:00,398.20001220703125,398.20001220703125,398.25,398.04998779296875,398.04998779296875,5548
2026-04-30 07:31:00+00:00,398.3500061035156,398.3500061035156,398.3500061035156,398.25,398.3500061035156,5055
2026-04-30 07:32:00+00:00,398.5,398.5,398.6499938964844,398.20001220703125,398.3500061035156,31079
2026-04-30 07:33:00+00:00,398.25,398.25,398.3999938964844,397.95001220703125,398.3999938964844,17299
2026-04-30 07:34:00+00:00,398.1499938964844,398.1499938964844,398.25,398.1499938964844,398.25,8594
2026-04-30 07:35:00+00:00,398.0,398.0,398.04998779296875,397.6000061035156,397.6000061035156,10684
2026-04-30 07:36:00+00:00,398.04998779296875,398.04998779296875,398.20001220703125,397.95001220703125,398.0,8805
2026-04-30 07:37:00+00:00,398.29998779296875,398.29998779296875,398.29998779296875,398.04998779296875,398.1499938964844,9175
2026-04-30 07:38:00+00:00,398.45001220703125,398.45001220703125,398.45001220703125,398.20001220703125,398.29998779296875,8876
2026-04-30 07:39:00+00:00,398.45001220703125,398.45001220703125,398.5,398.29998779296875,398.29998779296875,3478
2026-04-30 07:40:00+00:00,398.45001220703125,398.45001220703125,398.54998779296875,398.45001220703125,398.5,18567
2026-04-30 07:41:00+00:00,398.45001220703125,398.45001220703125,398.70001220703125,398.45001220703125,398.54998779296875,16329
2026-04-30 07:42:00+00:00,398.6499938964844,398.6499938964844,398.6499938964844,398.3500061035156,398.5,8880
2026-04-30 07:43:00+00:00,398.70001220703125,398.70001220703125,398.70001220703125,398.54998779296875,398.54998779296875,5811
2026-04-30 07:44:00+00:00,398.95001220703125,398.95001220703125,399.20001220703125,398.70001220703125,398.70001220703125,31948
2026-04-30 07:45:00+00:00,399.25,399.25,399.29998779296875,398.95001220703125,398.95001220703125,27312
2026-04-30 07:46:00+00:00,399.1499938964844,399.1499938964844,399.3999938964844,399.1499938964844,399.29998779296875,27602
2026-04-30 07:47:00+00:00,399.20001220703125,399.20001220703125,399.29998779296875,399.04998779296875,399.04998779296875,6580
2026-04-30 07:48:00+00:00,399.3999938964844,399.3999938964844,399.5,399.20001220703125,399.20001220703125,12829
2026-04-30 07:49:00+00:00,399.25,399.25,399.25,399.20001220703125,399.20001220703125,21616
2026-04-30 07:50:00+00:00,399.29998779296875,399.29998779296875,399.29998779296875,399.20001220703125,399.25,6294
2026-04-30 07:51:00+00:00,399.29998779296875,399.29998779296875,399.29998779296875,399.25,399.29998779296875,10608
2026-04-30 07:52:00+00:00,398.95001220703125,398.95001220703125,399.29998779296875,398.95001220703125,399.29998779296875,18254
2026-04-30 07:53:00+00:00,399.25,399.25,399.25,398.95001220703125,398.95001220703125,11238
2026-04-30 07:54:00+00:00,399.54998779296875,399.54998779296875,399.70001220703125,399.25,399.29998779296875,20699
2026-04-30 07:55:00+00:00,399.25,399.25,399.3500061035156,399.0,399.04998779296875,25871
2026-04-30 07:56:00+00:00,399.3500061035156,399.3500061035156,399.3999938964844,399.1000061035156,399.25,19568
2026-04-30 07:57:00+00:00,399.1499938964844,399.1499938964844,399.3999938964844,399.0,399.3500061035156,19806
2026-04-30 07:58:00+00:00,399.20001220703125,399.20001220703125,399.20001220703125,399.04998779296875,399.20001220703125,11973
2026-04-30 07:59:00+00:00,399.3500061035156,399.3500061035156,399.3500061035156,399.0,399.25,14784
2026-04-30 08:00:00+00:00,399.29998779296875,399.29998779296875,399.5,399.29998779296875,399.3500061035156,19385
2026-04-30 08:01:00+00:00,399.20001220703125,399.20001220703125,399.5,399.20001220703125,399.3500061035156,12371
2026-04-30 08:02:00+00:00,399.1499938964844,399.1499938964844,399.25,399.0,399.20001220703125,6444
2026-04-30 08:03:00+00:00,399.3500061035156,399.3500061035156,399.5,399.1499938964844,399.20001220703125,20386
2026-04-30 08:04:00+00:00,399.04998779296875,399.04998779296875,399.45001220703125,399.04998779296875,399.45001220703125,12496
2026-04-30 08:05:00+00:00,398.95001220703125,398.95001220703125,399.20001220703125,398.95001220703125,398.95001220703125,20555
2026-04-30 08:06:00+00:00,399.20001220703125,399.20001220703125,399.25,398.79998779296875,399.1000061035156,37677
2026-04-30 08:07:00+00:00,399.1499938964844,399.1499938964844,399.25,398.95001220703125,399.20001220703125,14750
2026-04-30 08:08:00+00:00,399.1000061035156,399.1000061035156,399.20001220703125,398.95001220703125,399.20001220703125,8033
2026-04-30 08:09:00+00:00,398.70001220703125,398.70001220703125,399.1000061035156,398.70001220703125,399.1000061035156,13422
2026-04-30 08:10:00+00:00,398.8999938964844,398.8999938964844,398.95001220703125,398.5,398.6499938964844,16240
2026-04-30 08:11:00+00:00,398.8500061035156,398.8500061035156,399.0,398.8500061035156,398.8999938964844,9575
2026-04-30 08:12:00+00:00,399.04998779296875,399.04998779296875,399.04998779296875,398.8999938964844,399.0,4104
2026-04-30 08:13:00+00:00,399.0,399.0,399.1499938964844,398.79998779296875,399.04998779296875,29714
2026-04-30 08:14:00+00:00,399.1499938964844,399.1499938964844,399.20001220703125,398.95001220703125,398.95001220703125,7442
2026-04-30 08:15:00+00:00,399.3500061035156,399.3500061035156,399.5,399.20001220703125,399.20001220703125,24384
2026-04-30 08:16:00+00:00,399.1499938964844,399.1499938964844,399.3999938964844,399.0,399.29998779296875,11291
2026-04-30 08:17:00+00:00,399.20001220703125,399.20001220703125,399.3999938964844,399.04998779296875,399.04998779296875,9199
2026-04-30 08:18:00+00:00,399.29998779296875,399.29998779296875,399.45001220703125,399.25,399.3999938964844,12389
2026-04-30 08:19:00+00:00,399.45001220703125,399.45001220703125,399.45001220703125,399.1499938964844,399.3500061035156,6973
2026-04-30 08:20:00+00:00,398.95001220703125,398.95001220703125,399.45001220703125,398.95001220703125,399.45001220703125,7077
2026-04-30 08:21:00+00:00,398.5,398.5,398.8500061035156,398.5,398.70001220703125,13773
2026-04-30 08:22:00+00:00,398.6000061035156,398.6000061035156,398.6499938964844,398.3500061035156,398.3500061035156,112725
2026-04-30 08:23:00+00:00,398.04998779296875,398.04998779296875,398.6499938964844,398.04998779296875,398.6499938964844,7535
2026-04-30 08:24:00+00:00,398.04998779296875,398.04998779296875,398.1499938964844,398.04998779296875,398.04998779296875,6614
2026-04-30 08:25:00+00:00,398.0,398.0,398.1000061035156,397.8999938964844,398.0,20139
2026-04-30 08:26:00+00:00,397.5,397.5,398.0,397.5,397.8999938964844,9491
2026-04-30 08:27:00+00:00,397.8500061035156,397.8500061035156,398.0,397.5,397.5,7706
2026-04-30 08:28:00+00:00,398.6000061035156,398.6000061035156,398.6000061035156,397.79998779296875,397.79998779296875,78991
2026-04-30 08:29:00+00:00,398.5,398.5,398.6000061035156,398.45001220703125,398.6000061035156,4279
2026-04-30 08:30:00+00:00,398.6000061035156,398.6000061035156,398.75,398.5,398.6000061035156,6903
2026-04-30 08:31:00+00:00,398.54998779296875,398.54998779296875,398.75,398.5,398.6000061035156,7921
2026-04-30 08:32:00+00:00,398.45001220703125,398.45001220703125,398.54998779296875,398.45001220703125,398.45001220703125,27151
2026-04-30 08:33:00+00:00,398.54998779296875,398.54998779296875,398.54998779296875,398.45001220703125,398.45001220703125,10583
2026-04-30 08:34:00+00:00,398.1000061035156,398.1000061035156,398.54998779296875,397.95001220703125,398.54998779296875,26308
2026-04-30 08:35:00+00:00,398.25,398.25,398.45001220703125,398.04998779296875,398.45001220703125,11623
2026-04-30 08:36:00+00:00,398.0,398.0,398.25,397.95001220703125,398.25,8537
2026-04-30 08:37:00+00:00,398.1000061035156,398.1000061035156,398.1499938964844,398.0,398.1499938964844,5886
2026-04-30 08:38:00+00:00,397.79998779296875,397.79998779296875,398.0,397.79998779296875,398.0,13567
2026-04-30 08:39:00+00:00,398.3500061035156,398.3500061035156,398.3999938964844,397.79998779296875,397.79998779296875,27427
2026-04-30 08:40:00+00:00,398.20001220703125,398.20001220703125,398.3999938964844,398.20001220703125,398.3500061035156,40112
2026-04-30 08:41:00+00:00,398.25,398.25,398.3999938964844,397.8999938964844,398.3500061035156,16893
2026-04-30 08:42:00+00:00,398.25,398.25,398.5,398.0,398.3999938964844,73093
2026-04-30 08:43:00+00:00,398.29998779296875,398.29998779296875,398.54998779296875,398.1499938964844,398.1499938964844,31101
2026-04-30 08:44:00+00:00,398.1000061035156,398.1000061035156,398.20001220703125,398.1000061035156,398.1000061035156,7718
2026-04-30 08:45:00+00:00,398.3999938964844,398.3999938964844,398.45001220703125,398.1499938964844,398.1499938964844,9926
2026-04-30 08:46:00+00:00,399.3999938964844,399.3999938964844,399.5,398.3500061035156,398.3999938964844,51732
2026-04-30 08:47:00+00:00,399.1499938964844,399.1499938964844,399.5,399.04998779296875,399.3500061035156,9134
2026-04-30 08:48:00+00:00,398.79998779296875,398.79998779296875,398.8500061035156,398.5,398.75,30150
2026-04-30 08:49:00+00:00,398.6499938964844,398.6499938964844,398.8500061035156,398.5,398.75,5549
2026-04-30 08:50:00+00:00,398.5,398.5,398.70001220703125,398.5,398.6499938964844,8954
2026-04-30 08:51:00+00:00,398.29998779296875,398.29998779296875,398.5,398.20001220703125,398.5,21535
2026-04-30 08:52:00+00:00,398.6000061035156,398.6000061035156,398.6499938964844,398.1000061035156,398.29998779296875,21165
2026-04-30 08:53:00+00:00,398.8999938964844,398.8999938964844,398.8999938964844,398.70001220703125,398.70001220703125,4431
2026-04-30 08:54:00+00:00,399.1000061035156,399.1000061035156,399.25,398.8500061035156,398.8999938964844,10013
2026-04-30 08:55:00+00:00,398.95001220703125,398.95001220703125,399.25,398.95001220703125,399.25,8286
2026-04-30 08:56:00+00:00,398.79998779296875,398.79998779296875,398.95001220703125,398.70001220703125,398.95001220703125,4902
2026-04-30 08:57:00+00:00,398.70001220703125,398.70001220703125,398.95001220703125,398.54998779296875,398.8999938964844,18896
2026-04-30 08:58:00+00:00,398.8999938964844,398.8999938964844,399.0,398.6499938964844,398.8999938964844,50291
2026-04-30 08:59:00+00:00,399.29998779296875,399.29998779296875,399.29998779296875,398.79998779296875,399.04998779296875,11620
2026-04-30 09:00:00+00:00,399.29998779296875,399.29998779296875,399.3999938964844,399.20001220703125,399.20001220703125,4531
2026-04-30 09:01:00+00:00,399.6000061035156,399.6000061035156,399.6000061035156,399.3500061035156,399.3500061035156,14114
2026-04-30 09:02:00+00:00,399.75,399.75,399.95001220703125,399.6499938964844,399.79998779296875,32743
2026-04-30 09:03:00+00:00,399.95001220703125,399.95001220703125,400.0,399.6000061035156,399.6000061035156,50363
2026-04-30 09:04:00+00:00,399.95001220703125,399.95001220703125,400.0,399.95001220703125,400.0,50321
2026-04-30 09:05:00+00:00,399.8999938964844,399.8999938964844,400.0,399.8999938964844,399.95001220703125,131404
2026-04-30 09:06:00+00:00,399.95001220703125,399.95001220703125,400.0,399.8999938964844,399.8999938964844,97451
2026-04-30 09:07:00+00:00,399.6000061035156,399.6000061035156,400.0,399.5,399.95001220703125,10015
2026-04-30 09:08:00+00:00,399.5,399.5,399.70001220703125,399.45001220703125,399.5,9628
2026-04-30 09:09:00+00:00,399.6000061035156,399.6000061035156,399.6000061035156,399.45001220703125,399.54998779296875,13132
2026-04-30 09:10:00+00:00,399.70001220703125,399.70001220703125,399.75,399.54998779296875,399.6000061035156,22203
2026-04-30 09:11:00+00:00,399.45001220703125,399.45001220703125,399.79998779296875,399.3999938964844,399.79998779296875,13755
2026-04-30 09:12:00+00:00,399.95001220703125,399.95001220703125,399.95001220703125,399.54998779296875,399.54998779296875,18622
2026-04-30 09:13:00+00:00,399.95001220703125,399.95001220703125,400.0,399.95001220703125,399.95001220703125,41709
2026-04-30 09:14:00+00:00,399.6499938964844,399.6499938964844,400.0,399.54998779296875,399.95001220703125,8377
2026-04-30 09:15:00+00:00,399.5,399.5,399.8500061035156,399.5,399.70001220703125,14794
2026-04-30 09:16:00+00:00,399.5,399.5,399.6499938964844,399.45001220703125,399.5,9853
2026-04-30 09:17:00+00:00,399.3999938964844,399.3999938964844,399.6000061035156,399.3999938964844,399.6000061035156,6421
2026-04-30 09:18:00+00:00,399.45001220703125,399.45001220703125,399.45001220703125,399.25,399.3999938964844,12646
2026-04-30 09:19:00+00:00,399.45001220703125,399.45001220703125,399.5,399.29998779296875,399.5,11516
2026-04-30 09:20:00+00:00,398.79998779296875,398.79998779296875,399.45001220703125,398.6499938964844,399.3500061035156,56803
2026-04-30 09:21:00+00:00,398.8999938964844,398.8999938964844,399.0,398.6000061035156,398.79998779296875,33397
2026-04-30 09:22:00+00:00,398.70001220703125,398.70001220703125,399.0,398.6000061035156,398.95001220703125,7811
2026-04-30 09:23:00+00:00,398.8500061035156,398.8500061035156,398.8500061035156,398.54998779296875,398.70001220703125,14476
2026-04-30 09:24:00+00:00,398.75,398.75,398.95001220703125,398.70001220703125,398.8500061035156,7061
2026-04-30 09:25:00+00:00,399.0,399.0,399.0,398.75,398.75,6527
2026-04-30 09:26:00+00:00,399.0,399.0,399.1000061035156,398.79998779296875,399.04998779296875,5610
2026-04-30 09:27:00+00:00,399.04998779296875,399.04998779296875,399.1000061035156,398.8999938964844,399.0,4148
2026-04-30 09:28:00+00:00,399.1000061035156,399.1000061035156,399.1499938964844,398.8500061035156,399.1499938964844,9056
2026-04-30 09:29:00+00:00,399.3500061035156,399.3500061035156,399.3500061035156,399.04998779296875,399.04998779296875,7700
2026-04-30 09:30:00+00:00,399.6000061035156,399.6000061035156,399.6000061035156,399.3500061035156,399.3500061035156,27447
2026-04-30 09:31:00+00:00,399.1000061035156,399.1000061035156,399.6000061035156,398.8500061035156,399.6000061035156,42250
2026-04-30 09:32:00+00:00,399.04998779296875,399.04998779296875,399.1499938964844,398.8999938964844,399.0,29469
2026-04-30 09:33:00+00:00,399.0,399.0,399.1499938964844,398.8999938964844,399.1499938964844,30528
2026-04-30 09:34:00+00:00,399.0,399.0,399.29998779296875,398.8999938964844,399.1000061035156,72154
2026-04-30 09:35:00+00:00,398.75,398.75,398.8500061035156,398.6499938964844,398.70001220703125,30521
2026-04-30 09:36:00+00:00,398.8500061035156,398.8500061035156,398.8500061035156,398.54998779296875,398.70001220703125,28013
2026-04-30 09:37:00+00:00,398.70001220703125,398.70001220703125,398.8999938964844,398.6000061035156,398.8500061035156,28326
2026-04-30 09:38:00+00:00,398.6499938964844,398.6499938964844,398.75,398.6000061035156,398.6499938964844,21848
2026-04-30 09:39:00+00:00,398.6499938964844,398.6499938964844,398.75,398.6000061035156,398.70001220703125,22714
2026-04-30 09:40:00+00:00,398.70001220703125,398.70001220703125,398.70001220703125,398.5,398.70001220703125,45238
2026-04-30 09:41:00+00:00,399.0,399.0,399.0,398.79998779296875,398.79998779296875,24713
2026-04-30 09:42:00+00:00,399.0,399.0,399.0,398.8500061035156,398.8999938964844,30662
2026-04-30 09:43:00+00:00,399.25,399.25,399.25,399.0,399.0,28925
2026-04-30 09:44:00+00:00,399.45001220703125,399.45001220703125,399.45001220703125,399.1000061035156,399.1000061035156,34538
2026-04-30 09:45:00+00:00,399.45001220703125,399.45001220703125,399.6000061035156,399.25,399.45001220703125,24159
2026-04-30 09:46:00+00:00,399.6000061035156,399.6000061035156,399.6000061035156,399.45001220703125,399.45001220703125,38045
2026-04-30 09:47:00+00:00,399.70001220703125,399.70001220703125,399.70001220703125,399.3999938964844,399.45001220703125,29033
2026-04-30 09:48:00+00:00,399.25,399.25,399.54998779296875,399.0,399.3500061035156,64210
2026-04-30 09:49:00+00:00,399.20001220703125,399.20001220703125,399.54998779296875,399.20001220703125,399.20001220703125,46658
2026-04-30 09:50:00+00:00,399.3500061035156,399.3500061035156,399.3999938964844,399.1000061035156,399.1499938964844,53421
2026-04-30 09:51:00+00:00,399.3999938964844,399.3999938964844,399.5,399.0,399.5,49883
2026-04-30 09:52:00+00:00,399.0,399.0,399.45001220703125,399.0,399.45001220703125,63039
2026-04-30 09:53:00+00:00,399.04998779296875,399.04998779296875,399.1499938964844,398.8500061035156,398.95001220703125,43682
2026-04-30 09:54:00+00:00,399.5,399.5,399.54998779296875,399.04998779296875,399.1000061035156,42654
2026-04-30 09:55:00+00:00,399.1499938964844,399.1499938964844,399.3999938964844,399.1499938964844,399.3999938964844,42899
2026-04-30 09:56:00+00:00,399.8999938964844,399.8999938964844,399.8999938964844,399.1499938964844,399.25,31730
2026-04-30 09:57:00+00:00,399.95001220703125,399.95001220703125,400.0,399.75,399.8999938964844,49441
2026-04-30 09:58:00+00:00,400.0,400.0,400.0,399.75,400.0,22506
2026-04-30 09:59:00+00:00,400.0,400.0,400.0,399.6000061035156,399.8999938964844,16361
