Price,Adj Close,Close,High,Low,Open,Volume
Ticker,ONGC.NS,ONGC.NS,ONGC.NS,ONGC.NS,ONGC.NS,ONGC.NS
Datetime,,,,,,
2026-04-23 03:45:00+00:00,285.79998779296875,285.79998779296875,286.29998779296875,284.04998779296875,284.25,0
2026-04-23 03:46:00+00:00,286.8999938964844,286.8999938964844,286.8999938964844,286.20001220703125,286.20001220703125,277697
2026-04-23 03:47:00+00:00,288.04998779296875,288.04998779296875,288.1499938964844,287.25,287.25,322597
2026-04-23 03:48:00+00:00,288.29998779296875,288.29998779296875,288.70001220703125,288.0,288.0,224865
2026-04-23 03:49:00+00:00,289.45001220703125,289.45001220703125,289.45001220703125,288.1499938964844,288.29998779296875,305412
2026-04-23 03:50:00+00:00,288.8500061035156,288.8500061035156,289.70001220703125,288.5,289.3999938964844,286595
2026-04-23 03:51:00+00:00,288.0,288.0,288.79998779296875,287.8500061035156,288.79998779296875,108907
2026-04-23 03:52:00+00:00,287.75,287.75,288.0,287.6499938964844,288.0,68710
2026-04-23 03:53:00+00:00,288.3999938964844,288.3999938964844,288.45001220703125,288.1000061035156,288.1000061035156,104305
2026-04-23 03:54:00+00:00,288.3999938964844,288.3999938964844,288.3999938964844,288.25,288.29998779296875,41773
2026-04-23 03:55:00+00:00,287.75,287.75,288.29998779296875,287.75,288.29998779296875,62732
2026-04-23 03:56:00+00:00,287.95001220703125,287.95001220703125,288.0,287.79998779296875,288.0,61527
2026-04-23 03:57:00+00:00,287.79998779296875,287.79998779296875,287.95001220703125,287.79998779296875,287.95001220703125,27725
2026-04-23 03:58:00+00:00,287.5,287.5,288.0,287.5,288.0,46164
2026-04-23 03:59:00+00:00,287.6000061035156,287.6000061035156,287.79998779296875,287.5,287.6499938964844,32324
2026-04-23 04:00:00+00:00,287.5,287.5,287.54998779296875,287.20001220703125,287.54998779296875,75292
2026-04-23 04:01:00+00:00,288.1499938964844,288.1499938964844,288.1499938964844,287.54998779296875,287.54998779296875,38694
2026-04-23 04:02:00+00:00,288.1000061035156,288.1000061035156,288.29998779296875,288.1000061035156,288.25,69918
2026-04-23 04:03:00+00:00,288.20001220703125,288.20001220703125,288.45001220703125,288.20001220703125,288.20001220703125,93984
2026-04-23 04:04:00+00:00,288.54998779296875,288.54998779296875,288.6000061035156,288.1000061035156,288.1499938964844,50124
2026-04-23 04:05:00+00:00,288.0,288.0,288.29998779296875,288.0,288.29998779296875,52636
2026-04-23 04:06:00+00:00,288.20001220703125,288.20001220703125,288.20001220703125,287.79998779296875,288.0,38314
2026-04-23 04:07:00+00:00,288.3999938964844,288.3999938964844,288.5,288.25,288.25,31800
2026-04-23 04:08:00+00:00,288.45001220703125,288.45001220703125,288.45001220703125,288.3500061035156,288.45001220703125,23279
2026-04-23 04:09:00+00:00,288.79998779296875,288.79998779296875,288.8500061035156,288.6000061035156,288.6000061035156,115071
2026-04-23 04:10:00+00:00,288.54998779296875,288.54998779296875,288.79998779296875,288.54998779296875,288.6499938964844,21854
2026-04-23 04:11:00+00:00,288.5,288.5,288.70001220703125,288.3500061035156,288.6000061035156,43537
2026-04-23 04:12:00+00:00,288.3999938964844,288.3999938964844,288.5,288.3500061035156,288.3999938964844,20915
2026-04-23 04:13:00+00:00,288.3500061035156,288.3500061035156,288.3500061035156,288.25,288.25,24241
2026-04-23 04:14:00+00:00,288.0,288.0,288.29998779296875,288.0,288.29998779296875,39999
2026-04-23 04:15:00+00:00,287.8999938964844,287.8999938964844,288.1499938964844,287.8999938964844,288.1000061035156,51891
2026-04-23 04:16:00+00:00,288.0,288.0,288.04998779296875,287.8999938964844,287.8999938964844,53658
2026-04-23 04:17:00+00:00,287.6000061035156,287.6000061035156,288.0,287.6000061035156,288.0,55696
2026-04-23 04:18:00+00:00,287.70001220703125,287.70001220703125,287.8500061035156,287.54998779296875,287.6000061035156,41130
2026-04-23 04:19:00+00:00,287.54998779296875,287.54998779296875,287.75,287.54998779296875,287.6499938964844,53509
2026-04-23 04:20:00+00:00,287.70001220703125,287.70001220703125,287.70001220703125,287.5,287.5,34963
2026-04-23 04:21:00+00:00,286.5,286.5,287.75,286.5,287.75,240837
2026-04-23 04:22:00+00:00,286.79998779296875,286.79998779296875,286.79998779296875,286.3500061035156,286.45001220703125,39796
2026-04-23 04:23:00+00:00,286.79998779296875,286.79998779296875,286.95001220703125,286.54998779296875,286.79998779296875,96060
2026-04-23 04:24:00+00:00,286.79998779296875,286.79998779296875,286.79998779296875,286.6000061035156,286.75,126606
2026-04-23 04:25:00+00:00,286.8999938964844,286.8999938964844,286.8999938964844,286.79998779296875,286.79998779296875,15240
2026-04-23 04:26:00+00:00,286.3500061035156,286.3500061035156,286.8500061035156,286.25,286.8500061035156,76459
2026-04-23 04:27:00+00:00,286.45001220703125,286.45001220703125,286.54998779296875,286.25,286.3999938964844,139777
2026-04-23 04:28:00+00:00,286.20001220703125,286.20001220703125,286.45001220703125,286.1499938964844,286.45001220703125,25099
2026-04-23 04:29:00+00:00,286.1000061035156,286.1000061035156,286.25,286.1000061035156,286.25,26963
2026-04-23 04:30:00+00:00,286.25,286.25,286.3500061035156,286.1000061035156,286.1499938964844,16393
2026-04-23 04:31:00+00:00,286.20001220703125,286.20001220703125,286.3500061035156,286.20001220703125,286.29998779296875,20357
2026-04-23 04:32:00+00:00,286.1499938964844,286.1499938964844,286.3999938964844,286.1499938964844,286.3999938964844,21173
2026-04-23 04:33:00+00:00,286.29998779296875,286.29998779296875,286.29998779296875,286.1000061035156,286.20001220703125,18636
2026-04-23 04:34:00+00:00,286.1000061035156,286.1000061035156,286.3999938964844,286.04998779296875,286.3999938964844,38056
2026-04-23 04:35:00+00:00,286.1000061035156,286.1000061035156,286.25,286.04998779296875,286.04998779296875,24720
2026-04-23 04:36:00+00:00,286.1499938964844,286.1499938964844,286.29998779296875,285.8500061035156,286.20001220703125,78442
2026-04-23 04:37:00+00:00,285.8500061035156,285.8500061035156,286.1000061035156,285.8500061035156,285.95001220703125,34548
2026-04-23 04:38:00+00:00,285.79998779296875,285.79998779296875,285.95001220703125,285.75,285.8500061035156,57352
2026-04-23 04:39:00+00:00,285.8999938964844,285.8999938964844,285.95001220703125,285.79998779296875,285.79998779296875,11298
2026-04-23 04:40:00+00:00,285.8999938964844,285.8999938964844,285.95001220703125,285.79998779296875,285.8999938964844,63499
2026-04-23 04:41:00+00:00,285.45001220703125,285.45001220703125,286.04998779296875,285.45001220703125,285.8999938964844,97251
2026-04-23 04:42:00+00:00,285.45001220703125,285.45001220703125,285.6499938964844,285.25,285.5,77227
2026-04-23 04:43:00+00:00,285.3500061035156,285.3500061035156,285.70001220703125,285.3500061035156,285.3999938964844,77472
2026-04-23 04:44:00+00:00,285.5,285.5,285.54998779296875,285.45001220703125,285.45001220703125,17437
2026-04-23 04:45:00+00:00,285.3999938964844,285.3999938964844,285.6000061035156,285.3999938964844,285.5,15289
2026-04-23 04:46:00+00:00,285.70001220703125,285.70001220703125,285.70001220703125,285.3999938964844,285.3999938964844,12892
2026-04-23 04:47:00+00:00,285.8999938964844,285.8999938964844,285.95001220703125,285.70001220703125,285.79998779296875,27552
2026-04-23 04:48:00+00:00,285.8500061035156,285.8500061035156,285.8999938964844,285.79998779296875,285.8500061035156,15212
2026-04-23 04:49:00+00:00,285.8999938964844,285.8999938964844,286.1499938964844,285.8999938964844,285.95001220703125,23286
2026-04-23 04:50:00+00:00,285.6000061035156,285.6000061035156,285.95001220703125,285.6000061035156,285.95001220703125,23298
2026-04-23 04:51:00+00:00,285.70001220703125,285.70001220703125,285.75,285.70001220703125,285.75,9742
2026-04-23 04:52:00+00:00,285.75,285.75,285.75,285.6000061035156,285.75,22695
2026-04-23 04:53:00+00:00,285.6000061035156,285.6000061035156,285.8999938964844,285.6000061035156,285.8999938964844,9617
2026-04-23 04:54:00+00:00,285.6000061035156,285.6000061035156,285.75,285.6000061035156,285.75,14053
2026-04-23 04:55:00+00:00,285.6000061035156,285.6000061035156,285.70001220703125,285.5,285.54998779296875,22411
2026-04-23 04:56:00+00:00,285.75,285.75,285.79998779296875,285.70001220703125,285.70001220703125,4585
2026-04-23 04:57:00+00:00,286.3999938964844,286.3999938964844,286.3999938964844,285.79998779296875,285.79998779296875,34066
2026-04-23 04:58:00+00:00,286.3500061035156,286.3500061035156,286.3999938964844,286.20001220703125,286.3500061035156,45132
2026-04-23 04:59:00+00:00,286.5,286.5,286.5,286.3500061035156,286.3500061035156,34356
2026-04-23 05:00:00+00:00,286.45001220703125,286.45001220703125,286.45001220703125,286.3500061035156,286.45001220703125,25541
2026-04-23 05:01:00+00:00,286.25,286.25,286.45001220703125,286.25,286.45001220703125,16658
2026-04-23 05:02:00+00:00,286.29998779296875,286.29998779296875,286.3500061035156,286.20001220703125,286.3500061035156,11838
2026-04-23 05:03:00+00:00,286.29998779296875,286.29998779296875,286.29998779296875,286.25,286.29998779296875,24633
2026-04-23 05:04:00+00:00,286.5,286.5,286.5,286.29998779296875,286.3500061035156,18990
2026-04-23 05:05:00+00:00,286.54998779296875,286.54998779296875,286.54998779296875,286.3500061035156,286.3999938964844,22786
2026-04-23 05:06:00+00:00,286.5,286.5,286.5,286.3500061035156,286.45001220703125,19379
2026-04-23 05:07:00+00:00,286.54998779296875,286.54998779296875,286.6499938964844,286.45001220703125,286.5,17769
2026-04-23 05:08:00+00:00,286.3999938964844,286.3999938964844,286.3999938964844,286.25,286.3500061035156,16036
2026-04-23 05:09:00+00:00,286.3999938964844,286.3999938964844,286.3999938964844,286.29998779296875,286.29998779296875,7119
2026-04-23 05:10:00+00:00,286.25,286.25,286.3999938964844,286.25,286.3999938964844,13114
2026-04-23 05:11:00+00:00,286.5,286.5,286.5,286.3500061035156,286.3500061035156,7553
2026-04-23 05:12:00+00:00,286.6499938964844,286.6499938964844,286.6499938964844,286.3999938964844,286.5,16932
2026-04-23 05:13:00+00:00,286.75,286.75,286.75,286.6499938964844,286.6499938964844,16960
2026-04-23 05:14:00+00:00,287.0,287.0,287.1000061035156,286.79998779296875,286.79998779296875,62454
2026-04-23 05:15:00+00:00,287.1000061035156,287.1000061035156,287.1499938964844,287.0,287.1499938964844,35205
2026-04-23 05:16:00+00:00,286.6499938964844,286.6499938964844,287.1000061035156,286.6499938964844,287.1000061035156,21624
2026-04-23 05:17:00+00:00,286.95001220703125,286.95001220703125,286.95001220703125,286.5,286.54998779296875,39337
2026-04-23 05:18:00+00:00,286.8500061035156,286.8500061035156,286.95001220703125,286.79998779296875,286.8999938964844,8074
2026-04-23 05:19:00+00:00,286.70001220703125,286.70001220703125,286.8500061035156,286.70001220703125,286.79998779296875,20740
2026-04-23 05:20:00+00:00,286.54998779296875,286.54998779296875,286.6499938964844,286.54998779296875,286.6499938964844,14654
2026-04-23 05:21:00+00:00,286.79998779296875,286.79998779296875,286.8500061035156,286.3999938964844,286.5,40790
2026-04-23 05:22:00+00:00,287.1000061035156,287.1000061035156,287.20001220703125,286.8999938964844,286.95001220703125,14153
2026-04-23 05:23:00+00:00,286.8500061035156,286.8500061035156,286.95001220703125,286.79998779296875,286.95001220703125,17319
2026-04-23 05:24:00+00:00,286.8999938964844,286.8999938964844,286.8999938964844,286.79998779296875,286.8500061035156,6464
2026-04-23 05:25:00+00:00,286.8500061035156,286.8500061035156,286.8999938964844,286.8500061035156,286.8999938964844,17772
2026-04-23 05:26:00+00:00,286.75,286.75,286.8500061035156,286.70001220703125,286.8500061035156,12058
2026-04-23 05:27:00+00:00,286.5,286.5,286.75,286.5,286.75,9129
2026-04-23 05:28:00+00:00,286.70001220703125,286.70001220703125,286.70001220703125,286.5,286.5,10961
2026-04-23 05:29:00+00:00,286.6499938964844,286.6499938964844,286.70001220703125,286.6000061035156,286.6499938964844,8710
2026-04-23 05:30:00+00:00,286.70001220703125,286.70001220703125,286.75,286.6000061035156,286.75,16848
2026-04-23 05:31:00+00:00,286.70001220703125,286.70001220703125,286.75,286.70001220703125,286.70001220703125,2134
2026-04-23 05:32:00+00:00,286.70001220703125,286.70001220703125,286.75,286.6000061035156,286.75,11182
2026-04-23 05:33:00+00:00,286.6499938964844,286.6499938964844,286.75,286.6000061035156,286.6499938964844,11176
2026-04-23 05:34:00+00:00,286.79998779296875,286.79998779296875,286.79998779296875,286.75,286.79998779296875,9010
2026-04-23 05:35:00+00:00,286.70001220703125,286.70001220703125,286.79998779296875,286.6499938964844,286.79998779296875,8982
2026-04-23 05:36:00+00:00,286.79998779296875,286.79998779296875,286.79998779296875,286.54998779296875,286.70001220703125,10195
2026-04-23 05:37:00+00:00,287.1000061035156,287.1000061035156,287.1000061035156,286.75,286.8999938964844,20351
2026-04-23 05:38:00+00:00,287.0,287.0,287.20001220703125,287.0,287.1499938964844,24645
2026-04-23 05:39:00+00:00,286.95001220703125,286.95001220703125,287.04998779296875,286.8999938964844,287.0,3820
2026-04-23 05:40:00+00:00,287.1000061035156,287.1000061035156,287.1000061035156,286.95001220703125,286.95001220703125,14742
2026-04-23 05:41:00+00:00,287.04998779296875,287.04998779296875,287.20001220703125,287.0,287.20001220703125,14514
2026-04-23 05:42:00+00:00,287.04998779296875,287.04998779296875,287.20001220703125,287.04998779296875,287.20001220703125,4987
2026-04-23 05:43:00+00:00,286.95001220703125,286.95001220703125,287.04998779296875,286.95001220703125,287.04998779296875,10320
2026-04-23 05:44:00+00:00,286.54998779296875,286.54998779296875,287.0,286.3999938964844,287.0,79291
2026-04-23 05:45:00+00:00,286.45001220703125,286.45001220703125,286.6000061035156,286.45001220703125,286.6000061035156,24999
2026-04-23 05:46:00+00:00,286.5,286.5,286.5,286.3999938964844,286.45001220703125,103270
2026-04-23 05:47:00+00:00,286.54998779296875,286.54998779296875,286.6000061035156,286.45001220703125,286.5,78139
2026-04-23 05:48:00+00:00,286.54998779296875,286.54998779296875,286.6000061035156,286.54998779296875,286.6000061035156,5857
2026-04-23 05:49:00+00:00,286.5,286.5,286.6000061035156,286.25,286.54998779296875,63625
2026-04-23 05:50:00+00:00,286.6000061035156,286.6000061035156,286.6000061035156,286.5,286.5,8112
2026-04-23 05:51:00+00:00,286.6000061035156,286.6000061035156,286.6000061035156,286.5,286.6000061035156,6495
2026-04-23 05:52:00+00:00,286.45001220703125,286.45001220703125,286.6000061035156,286.45001220703125,286.6000061035156,13131
2026-04-23 05:53:00+00:00,286.3999938964844,286.3999938964844,286.45001220703125,286.3500061035156,286.45001220703125,9228
2026-04-23 05:54:00+00:00,286.45001220703125,286.45001220703125,286.5,286.3999938964844,286.3999938964844,5156
2026-04-23 05:55:00+00:00,286.45001220703125,286.45001220703125,286.5,286.45001220703125,286.5,2757
2026-04-23 05:56:00+00:00,286.5,286.5,286.5,286.45001220703125,286.45001220703125,8718
2026-04-23 05:57:00+00:00,286.29998779296875,286.29998779296875,286.5,286.29998779296875,286.5,21132
2026-04-23 05:58:00+00:00,286.29998779296875,286.29998779296875,286.3999938964844,286.29998779296875,286.3999938964844,4705
2026-04-23 05:59:00+00:00,286.0,286.0,286.3999938964844,286.0,286.3999938964844,134331
2026-04-23 06:00:00+00:00,286.20001220703125,286.20001220703125,286.3500061035156,285.95001220703125,285.95001220703125,14028
2026-04-23 06:01:00+00:00,286.3500061035156,286.3500061035156,286.3500061035156,286.1499938964844,286.1499938964844,6713
2026-04-23 06:02:00+00:00,286.3500061035156,286.3500061035156,286.3999938964844,286.3500061035156,286.3500061035156,2972
2026-04-23 06:03:00+00:00,286.25,286.25,286.3999938964844,286.25,286.3999938964844,15229
2026-04-23 06:04:00+00:00,286.3500061035156,286.3500061035156,286.3999938964844,286.25,286.25,3579
2026-04-23 06:05:00+00:00,286.3500061035156,286.3500061035156,286.3999938964844,286.29998779296875,286.3999938964844,11357
2026-04-23 06:06:00+00:00,286.3999938964844,286.3999938964844,286.3999938964844,286.25,286.29998779296875,5603
2026-04-23 06:07:00+00:00,286.3500061035156,286.3500061035156,286.3999938964844,286.29998779296875,286.3500061035156,8836
2026-04-23 06:08:00+00:00,286.3500061035156,286.3500061035156,286.3999938964844,286.3500061035156,286.3999938964844,107852
2026-04-23 06:09:00+00:00,286.29998779296875,286.29998779296875,286.3999938964844,286.29998779296875,286.3500061035156,15624
2026-04-23 06:10:00+00:00,286.3999938964844,286.3999938964844,286.3999938964844,286.25,286.29998779296875,79198
2026-04-23 06:11:00+00:00,286.3500061035156,286.3500061035156,286.3999938964844,286.3500061035156,286.3999938964844,3035
2026-04-23 06:12:00+00:00,286.3500061035156,286.3500061035156,286.3999938964844,286.29998779296875,286.3500061035156,6932
2026-04-23 06:13:00+00:00,286.3500061035156,286.3500061035156,286.3999938964844,286.3500061035156,286.3500061035156,25669
2026-04-23 06:14:00+00:00,286.3500061035156,286.3500061035156,286.3999938964844,286.3500061035156,286.3999938964844,3538
2026-04-23 06:15:00+00:00,287.1499938964844,287.1499938964844,287.1499938964844,286.3500061035156,286.3500061035156,103363
2026-04-23 06:16:00+00:00,286.75,286.75,287.1499938964844,286.75,287.1499938964844,24580
2026-04-23 06:17:00+00:00,286.8999938964844,286.8999938964844,286.8999938964844,286.70001220703125,286.75,13810
2026-04-23 06:18:00+00:00,286.75,286.75,286.8500061035156,286.70001220703125,286.8500061035156,3910
2026-04-23 06:19:00+00:00,286.6499938964844,286.6499938964844,286.79998779296875,286.6499938964844,286.75,11874
2026-04-23 06:20:00+00:00,286.70001220703125,286.70001220703125,286.79998779296875,286.45001220703125,286.6499938964844,22815
2026-04-23 06:21:00+00:00,286.8500061035156,286.8500061035156,286.8999938964844,286.70001220703125,286.70001220703125,5751
2026-04-23 06:22:00+00:00,287.1000061035156,287.1000061035156,287.1499938964844,286.8500061035156,286.8500061035156,27968
2026-04-23 06:23:00+00:00,287.20001220703125,287.20001220703125,287.3500061035156,287.1000061035156,287.1000061035156,30877
2026-04-23 06:24:00+00:00,287.3500061035156,287.3500061035156,287.3500061035156,287.1499938964844,287.1499938964844,10161
2026-04-23 06:25:00+00:00,287.29998779296875,287.29998779296875,287.3500061035156,287.20001220703125,287.29998779296875,17234
2026-04-23 06:26:00+00:00,287.20001220703125,287.20001220703125,287.29998779296875,287.1499938964844,287.29998779296875,17165
2026-04-23 06:27:00+00:00,287.3500061035156,287.3500061035156,287.3500061035156,287.20001220703125,287.20001220703125,41631
2026-04-23 06:28:00+00:00,287.3999938964844,287.3999938964844,287.3999938964844,287.29998779296875,287.29998779296875,10376
2026-04-23 06:29:00+00:00,287.5,287.5,287.5,287.3500061035156,287.3999938964844,36949
2026-04-23 06:30:00+00:00,287.45001220703125,287.45001220703125,287.5,287.3999938964844,287.5,18102
2026-04-23 06:31:00+00:00,287.45001220703125,287.45001220703125,287.54998779296875,287.45001220703125,287.45001220703125,17504
2026-04-23 06:32:00+00:00,287.70001220703125,287.70001220703125,287.70001220703125,287.5,287.6000061035156,19850
2026-04-23 06:33:00+00:00,287.70001220703125,287.70001220703125,287.79998779296875,287.6499938964844,287.70001220703125,33194
2026-04-23 06:34:00+00:00,287.70001220703125,287.70001220703125,287.79998779296875,287.6499938964844,287.70001220703125,20649
2026-04-23 06:35:00+00:00,287.6000061035156,287.6000061035156,287.75,287.6000061035156,287.75,15623
2026-04-23 06:36:00+00:00,287.70001220703125,287.70001220703125,287.70001220703125,287.54998779296875,287.70001220703125,27501
2026-04-23 06:37:00+00:00,287.54998779296875,287.54998779296875,287.6000061035156,287.5,287.6000061035156,8890
2026-04-23 06:38:00+00:00,287.6000061035156,287.6000061035156,287.6499938964844,287.54998779296875,287.54998779296875,10899
2026-04-23 06:39:00+00:00,287.54998779296875,287.54998779296875,287.70001220703125,287.54998779296875,287.6000061035156,9371
2026-04-23 06:40:00+00:00,287.3999938964844,287.3999938964844,287.54998779296875,287.3999938964844,287.45001220703125,24752
2026-04-23 06:41:00+00:00,287.5,287.5,287.5,287.3999938964844,287.3999938964844,11668
2026-04-23 06:42:00+00:00,287.5,287.5,287.5,287.45001220703125,287.5,6196
2026-04-23 06:43:00+00:00,287.6499938964844,287.6499938964844,287.6499938964844,287.5,287.5,8319
2026-04-23 06:44:00+00:00,287.5,287.5,287.6499938964844,287.5,287.6000061035156,21171
2026-04-23 06:45:00+00:00,287.45001220703125,287.45001220703125,287.5,287.29998779296875,287.3999938964844,15162
2026-04-23 06:46:00+00:00,287.3999938964844,287.3999938964844,287.5,287.29998779296875,287.45001220703125,14588
2026-04-23 06:47:00+00:00,287.25,287.25,287.45001220703125,287.25,287.45001220703125,10124
2026-04-23 06:48:00+00:00,287.29998779296875,287.29998779296875,287.3999938964844,287.25,287.3999938964844,15580
2026-04-23 06:49:00+00:00,287.20001220703125,287.20001220703125,287.29998779296875,287.1499938964844,287.1499938964844,7817
2026-04-23 06:50:00+00:00,287.04998779296875,287.04998779296875,287.29998779296875,287.04998779296875,287.29998779296875,10427
2026-04-23 06:51:00+00:00,286.95001220703125,286.95001220703125,287.1499938964844,286.8500061035156,287.1499938964844,25154
2026-04-23 06:52:00+00:00,287.25,287.25,287.25,286.8999938964844,286.95001220703125,27537
2026-04-23 06:53:00+00:00,287.0,287.0,287.29998779296875,287.0,287.29998779296875,12706
2026-04-23 06:54:00+00:00,287.04998779296875,287.04998779296875,287.1499938964844,287.0,287.0,7185
2026-04-23 06:55:00+00:00,287.04998779296875,287.04998779296875,287.1499938964844,287.0,287.1499938964844,10336
2026-04-23 06:56:00+00:00,286.8999938964844,286.8999938964844,287.0,286.8999938964844,287.0,13235
2026-04-23 06:57:00+00:00,286.8500061035156,286.8500061035156,286.95001220703125,286.79998779296875,286.95001220703125,9720
2026-04-23 06:58:00+00:00,286.6499938964844,286.6499938964844,286.8999938964844,286.6499938964844,286.79998779296875,19534
2026-04-23 06:59:00+00:00,286.70001220703125,286.70001220703125,286.79998779296875,286.6499938964844,286.6499938964844,32921
2026-04-23 07:00:00+00:00,286.75,286.75,286.8999938964844,286.70001220703125,286.70001220703125,5948
2026-04-23 07:01:00+00:00,286.8500061035156,286.8500061035156,286.8999938964844,286.75,286.8500061035156,9034
2026-04-23 07:02:00+00:00,286.79998779296875,286.79998779296875,286.8999938964844,286.70001220703125,286.8500061035156,14913
2026-04-23 07:03:00+00:00,287.20001220703125,287.20001220703125,287.20001220703125,286.70001220703125,286.70001220703125,17501
2026-04-23 07:04:00+00:00,287.04998779296875,287.04998779296875,287.1499938964844,287.0,287.1499938964844,12072
2026-04-23 07:05:00+00:00,287.04998779296875,287.04998779296875,287.1499938964844,287.04998779296875,287.1499938964844,8730
2026-04-23 07:06:00+00:00,286.8999938964844,286.8999938964844,287.1000061035156,286.79998779296875,287.1000061035156,17626
2026-04-23 07:07:00+00:00,287.0,287.0,287.0,286.8500061035156,287.0,17343
2026-04-23 07:08:00+00:00,287.0,287.0,287.1000061035156,286.8999938964844,286.8999938964844,8029
2026-04-23 07:09:00+00:00,287.1499938964844,287.1499938964844,287.1499938964844,287.0,287.1000061035156,6189
2026-04-23 07:10:00+00:00,286.8999938964844,286.8999938964844,287.20001220703125,286.8999938964844,287.04998779296875,17140
2026-04-23 07:11:00+00:00,286.8500061035156,286.8500061035156,287.0,286.8500061035156,287.0,10803
2026-04-23 07:12:00+00:00,286.8500061035156,286.8500061035156,287.0,286.8500061035156,286.95001220703125,6106
2026-04-23 07:13:00+00:00,286.8500061035156,286.8500061035156,287.0,286.8500061035156,286.8500061035156,5084
2026-04-23 07:14:00+00:00,287.0,287.0,287.0,286.95001220703125,287.0,15009
2026-04-23 07:15:00+00:00,286.8999938964844,286.8999938964844,287.04998779296875,286.8999938964844,287.0,12767
2026-04-23 07:16:00+00:00,286.95001220703125,286.95001220703125,287.04998779296875,286.8999938964844,287.0,4107
2026-04-23 07:17:00+00:00,286.95001220703125,286.95001220703125,287.0,286.95001220703125,286.95001220703125,4457
2026-04-23 07:18:00+00:00,286.6499938964844,286.6499938964844,286.95001220703125,286.6499938964844,286.95001220703125,43917
2026-04-23 07:19:00+00:00,286.54998779296875,286.54998779296875,286.75,286.5,286.75,29622
2026-04-23 07:20:00+00:00,286.6499938964844,286.6499938964844,286.70001220703125,286.54998779296875,286.54998779296875,13234
2026-04-23 07:21:00+00:00,286.6499938964844,286.6499938964844,286.75,286.6499938964844,286.75,9846
2026-04-23 07:22:00+00:00,286.70001220703125,286.70001220703125,286.79998779296875,286.6499938964844,286.75,4870
2026-04-23 07:23:00+00:00,286.8500061035156,286.8500061035156,286.8500061035156,286.70001220703125,286.8500061035156,8179
2026-04-23 07:24:00+00:00,286.95001220703125,286.95001220703125,286.95001220703125,286.75,286.75,7060
2026-04-23 07:25:00+00:00,286.8500061035156,286.8500061035156,286.95001220703125,286.8500061035156,286.8500061035156,7322
2026-04-23 07:26:00+00:00,286.5,286.5,286.8999938964844,286.5,286.8999938964844,50856
2026-04-23 07:27:00+00:00,286.54998779296875,286.54998779296875,286.70001220703125,286.54998779296875,286.70001220703125,11709
2026-04-23 07:28:00+00:00,286.6000061035156,286.6000061035156,286.6499938964844,286.5,286.6000061035156,9922
2026-04-23 07:29:00+00:00,286.54998779296875,286.54998779296875,286.6499938964844,286.54998779296875,286.6000061035156,6815
2026-04-23 07:30:00+00:00,286.5,286.5,286.70001220703125,286.5,286.6499938964844,14160
2026-04-23 07:31:00+00:00,286.70001220703125,286.70001220703125,286.79998779296875,286.5,286.54998779296875,8845
2026-04-23 07:32:00+00:00,286.70001220703125,286.70001220703125,286.8500061035156,286.70001220703125,286.70001220703125,13122
2026-04-23 07:33:00+00:00,286.70001220703125,286.70001220703125,286.70001220703125,286.6000061035156,286.70001220703125,16007
2026-04-23 07:34:00+00:00,286.70001220703125,286.70001220703125,286.70001220703125,286.6499938964844,286.70001220703125,5186
2026-04-23 07:35:00+00:00,286.8999938964844,286.8999938964844,286.8999938964844,286.70001220703125,286.75,13060
2026-04-23 07:36:00+00:00,286.79998779296875,286.79998779296875,286.8999938964844,286.79998779296875,286.79998779296875,5578
2026-04-23 07:37:00+00:00,286.79998779296875,286.79998779296875,286.8999938964844,286.79998779296875,286.8999938964844,5735
2026-04-23 07:38:00+00:00,286.70001220703125,286.70001220703125,286.8999938964844,286.70001220703125,286.79998779296875,18754
2026-04-23 07:39:00+00:00,286.75,286.75,286.8500061035156,286.70001220703125,286.70001220703125,5800
2026-04-23 07:40:00+00:00,286.8999938964844,286.8999938964844,286.8999938964844,286.75,286.8999938964844,7990
2026-04-23 07:41:00+00:00,286.79998779296875,286.79998779296875,286.8999938964844,286.79998779296875,286.79998779296875,5952
2026-04-23 07:42:00+00:00,286.8500061035156,286.8500061035156,286.8999938964844,286.79998779296875,286.8500061035156,16771
2026-04-23 07:43:00+00:00,286.75,286.75,286.8999938964844,286.75,286.8999938964844,21723
2026-04-23 07:44:00+00:00,286.6499938964844,286.6499938964844,286.79998779296875,286.6499938964844,286.6499938964844,10900
2026-04-23 07:45:00+00:00,286.6499938964844,286.6499938964844,286.79998779296875,286.6499938964844,286.75,10577
2026-04-23 07:46:00+00:00,286.54998779296875,286.54998779296875,286.75,286.54998779296875,286.75,9939
2026-04-23 07:47:00+00:00,286.70001220703125,286.70001220703125,286.70001220703125,286.54998779296875,286.6000061035156,6732
2026-04-23 07:48:00+00:00,286.79998779296875,286.79998779296875,286.79998779296875,286.6000061035156,286.6000061035156,12112
2026-04-23 07:49:00+00:00,286.8500061035156,286.8500061035156,286.8999938964844,286.6499938964844,286.79998779296875,31327
2026-04-23 07:50:00+00:00,286.6499938964844,286.6499938964844,286.79998779296875,286.6499938964844,286.70001220703125,55508
2026-04-23 07:51:00+00:00,286.70001220703125,286.70001220703125,286.8500061035156,286.70001220703125,286.75,22068
2026-04-23 07:52:00+00:00,286.8500061035156,286.8500061035156,286.8500061035156,286.70001220703125,286.70001220703125,12866
2026-04-23 07:53:00+00:00,286.8500061035156,286.8500061035156,286.8500061035156,286.79998779296875,286.8500061035156,22979
2026-04-23 07:54:00+00:00,286.79998779296875,286.79998779296875,286.8500061035156,286.79998779296875,286.8500061035156,18417
2026-04-23 07:55:00+00:00,286.79998779296875,286.79998779296875,286.8500061035156,286.79998779296875,286.8500061035156,12696
2026-04-23 07:56:00+00:00,286.79998779296875,286.79998779296875,286.8500061035156,286.70001220703125,286.8500061035156,22575
2026-04-23 07:57:00+00:00,286.54998779296875,286.54998779296875,286.79998779296875,286.54998779296875,286.79998779296875,23457
2026-04-23 07:58:00+00:00,286.5,286.5,286.6499938964844,286.5,286.54998779296875,10080
2026-04-23 07:59:00+00:00,286.6000061035156,286.6000061035156,286.70001220703125,286.6000061035156,286.6000061035156,8548
2026-04-23 08:00:00+00:00,286.5,286.5,286.6000061035156,286.3999938964844,286.6000061035156,16327
2026-04-23 08:01:00+00:00,286.5,286.5,286.5,286.3999938964844,286.3999938964844,11875
2026-04-23 08:02:00+00:00,286.6000061035156,286.6000061035156,286.6000061035156,286.3999938964844,286.5,15771
2026-04-23 08:03:00+00:00,286.45001220703125,286.45001220703125,286.54998779296875,286.45001220703125,286.45001220703125,13074
2026-04-23 08:04:00+00:00,286.54998779296875,286.54998779296875,286.70001220703125,286.45001220703125,286.45001220703125,27457
2026-04-23 08:05:00+00:00,286.3999938964844,286.3999938964844,286.6000061035156,286.3999938964844,286.45001220703125,18894
2026-04-23 08:06:00+00:00,286.5,286.5,286.6000061035156,286.45001220703125,286.45001220703125,13254
2026-04-23 08:07:00+00:00,286.70001220703125,286.70001220703125,286.70001220703125,286.5,286.54998779296875,9826
2026-04-23 08:08:00+00:00,286.25,286.25,286.70001220703125,286.25,286.70001220703125,40288
2026-04-23 08:09:00+00:00,286.3999938964844,286.3999938964844,286.3999938964844,286.20001220703125,286.20001220703125,15247
2026-04-23 08:10:00+00:00,286.5,286.5,286.54998779296875,286.29998779296875,286.45001220703125,12076
2026-04-23 08:11:00+00:00,286.5,286.5,286.54998779296875,286.29998779296875,286.3999938964844,14880
2026-04-23 08:12:00+00:00,286.45001220703125,286.45001220703125,286.5,286.3999938964844,286.3999938964844,10638
2026-04-23 08:13:00+00:00,286.45001220703125,286.45001220703125,286.54998779296875,286.3999938964844,286.45001220703125,7686
2026-04-23 08:14:00+00:00,286.3999938964844,286.3999938964844,286.54998779296875,286.3999938964844,286.45001220703125,18775
2026-04-23 08:15:00+00:00,286.3500061035156,286.3500061035156,286.3999938964844,286.3500061035156,286.3999938964844,8695
2026-04-23 08:16:00+00:00,286.29998779296875,286.29998779296875,286.3999938964844,286.25,286.3999938964844,25638
2026-04-23 08:17:00+00:00,286.25,286.25,286.29998779296875,286.25,286.29998779296875,15127
2026-04-23 08:18:00+00:00,286.29998779296875,286.29998779296875,286.29998779296875,286.1499938964844,286.25,14088
2026-04-23 08:19:00+00:00,286.25,286.25,286.29998779296875,286.1499938964844,286.29998779296875,4433
2026-04-23 08:20:00+00:00,286.25,286.25,286.29998779296875,286.1499938964844,286.25,9054
2026-04-23 08:21:00+00:00,285.8500061035156,285.8500061035156,286.29998779296875,285.79998779296875,286.1499938964844,92328
2026-04-23 08:22:00+00:00,285.8999938964844,285.8999938964844,286.0,285.8500061035156,285.8500061035156,12551
2026-04-23 08:23:00+00:00,285.6499938964844,285.6499938964844,286.0,285.6000061035156,286.0,37058
2026-04-23 08:24:00+00:00,285.6000061035156,285.6000061035156,285.70001220703125,285.6000061035156,285.70001220703125,12083
2026-04-23 08:25:00+00:00,285.70001220703125,285.70001220703125,285.70001220703125,285.5,285.6000061035156,42074
2026-04-23 08:26:00+00:00,285.75,285.75,285.8500061035156,285.6000061035156,285.70001220703125,26630
2026-04-23 08:27:00+00:00,285.79998779296875,285.79998779296875,285.8500061035156,285.75,285.75,17085
2026-04-23 08:28:00+00:00,285.54998779296875,285.54998779296875,285.8999938964844,285.54998779296875,285.79998779296875,33864
2026-04-23 08:29:00+00:00,285.45001220703125,285.45001220703125,285.70001220703125,285.45001220703125,285.6499938964844,32644
2026-04-23 08:30:00+00:00,285.20001220703125,285.20001220703125,285.54998779296875,285.20001220703125,285.54998779296875,37673
2026-04-23 08:31:00+00:00,285.29998779296875,285.29998779296875,285.29998779296875,285.1499938964844,285.20001220703125,29333
2026-04-23 08:32:00+00:00,285.20001220703125,285.20001220703125,285.3500061035156,285.20001220703125,285.29998779296875,31356
2026-04-23 08:33:00+00:00,285.25,285.25,285.29998779296875,285.20001220703125,285.25,8019
2026-04-23 08:34:00+00:00,285.29998779296875,285.29998779296875,285.3500061035156,285.25,285.25,18167
2026-04-23 08:35:00+00:00,285.45001220703125,285.45001220703125,285.45001220703125,285.29998779296875,285.29998779296875,13216
2026-04-23 08:36:00+00:00,285.3999938964844,285.3999938964844,285.5,285.3999938964844,285.3999938964844,6868
2026-04-23 08:37:00+00:00,285.29998779296875,285.29998779296875,285.5,285.29998779296875,285.3999938964844,43192
2026-04-23 08:38:00+00:00,285.25,285.25,285.45001220703125,285.25,285.29998779296875,22455
2026-04-23 08:39:00+00:00,285.25,285.25,285.29998779296875,285.25,285.25,4240
2026-04-23 08:40:00+00:00,285.1499938964844,285.1499938964844,285.25,285.1499938964844,285.25,13059
2026-04-23 08:41:00+00:00,285.20001220703125,285.20001220703125,285.20001220703125,285.1499938964844,285.20001220703125,7598
2026-04-23 08:42:00+00:00,285.29998779296875,285.29998779296875,285.29998779296875,285.1499938964844,285.1499938964844,14790
2026-04-23 08:43:00+00:00,285.25,285.25,285.29998779296875,285.20001220703125,285.20001220703125,2693
2026-04-23 08:44:00+00:00,285.3500061035156,285.3500061035156,285.3500061035156,285.29998779296875,285.3500061035156,4386
2026-04-23 08:45:00+00:00,285.45001220703125,285.45001220703125,285.5,285.29998779296875,285.29998779296875,14940
2026-04-23 08:46:00+00:00,285.45001220703125,285.45001220703125,285.5,285.3999938964844,285.3999938964844,4424
2026-04-23 08:47:00+00:00,285.5,285.5,285.54998779296875,285.5,285.5,9544
2026-04-23 08:48:00+00:00,285.3999938964844,285.3999938964844,285.45001220703125,285.3999938964844,285.3999938964844,36528
2026-04-23 08:49:00+00:00,285.20001220703125,285.20001220703125,285.45001220703125,285.20001220703125,285.3999938964844,21240
2026-04-23 08:50:00+00:00,285.20001220703125,285.20001220703125,285.25,285.1000061035156,285.1499938964844,31409
2026-04-23 08:51:00+00:00,285.1499938964844,285.1499938964844,285.29998779296875,285.1499938964844,285.20001220703125,9684
2026-04-23 08:52:00+00:00,285.20001220703125,285.20001220703125,285.20001220703125,285.1499938964844,285.1499938964844,17326
2026-04-23 08:53:00+00:00,285.29998779296875,285.29998779296875,285.29998779296875,285.25,285.25,9677
2026-04-23 08:54:00+00:00,285.25,285.25,285.29998779296875,285.25,285.25,4433
2026-04-23 08:55:00+00:00,285.25,285.25,285.29998779296875,285.25,285.29998779296875,6990
2026-04-23 08:56:00+00:00,285.3500061035156,285.3500061035156,285.3500061035156,285.25,285.25,5219
2026-04-23 08:57:00+00:00,285.29998779296875,285.29998779296875,285.3500061035156,285.29998779296875,285.29998779296875,4327
2026-04-23 08:58:00+00:00,285.3500061035156,285.3500061035156,285.3500061035156,285.29998779296875,285.29998779296875,5791
2026-04-23 08:59:00+00:00,285.3500061035156,285.3500061035156,285.5,285.3500061035156,285.3999938964844,48329
2026-04-23 09:00:00+00:00,285.3500061035156,285.3500061035156,285.3999938964844,285.3500061035156,285.3500061035156,1873
2026-04-23 09:01:00+00:00,285.3500061035156,285.3500061035156,285.3999938964844,285.3500061035156,285.3500061035156,7751
2026-04-23 09:02:00+00:00,285.3500061035156,285.3500061035156,285.3999938964844,285.3500061035156,285.3999938964844,6826
2026-04-23 09:03:00+00:00,285.3500061035156,285.3500061035156,285.3999938964844,285.3500061035156,285.3500061035156,7973
2026-04-23 09:04:00+00:00,285.45001220703125,285.45001220703125,285.5,285.3500061035156,285.3999938964844,18726
2026-04-23 09:05:00+00:00,285.29998779296875,285.29998779296875,285.3500061035156,285.29998779296875,285.3500061035156,29138
2026-04-23 09:06:00+00:00,285.8500061035156,285.8500061035156,285.8999938964844,285.75,285.79998779296875,129652
2026-04-23 09:07:00+00:00,285.29998779296875,285.29998779296875,285.8999938964844,285.29998779296875,285.8999938964844,145682
2026-04-23 09:08:00+00:00,285.75,285.75,285.75,285.5,285.5,15604
2026-04-23 09:09:00+00:00,285.95001220703125,285.95001220703125,286.0,285.75,285.79998779296875,23406
2026-04-23 09:10:00+00:00,285.3999938964844,285.3999938964844,286.0,285.3999938964844,286.0,145768
2026-04-23 09:11:00+00:00,285.54998779296875,285.54998779296875,285.54998779296875,285.3500061035156,285.45001220703125,34141
2026-04-23 09:12:00+00:00,285.54998779296875,285.54998779296875,285.6499938964844,285.45001220703125,285.5,45478
2026-04-23 09:13:00+00:00,285.54998779296875,285.54998779296875,285.6499938964844,285.45001220703125,285.6499938964844,66107
2026-04-23 09:14:00+00:00,285.45001220703125,285.45001220703125,285.54998779296875,285.45001220703125,285.54998779296875,20249
2026-04-23 09:15:00+00:00,285.6499938964844,285.6499938964844,285.6499938964844,285.45001220703125,285.45001220703125,228217
2026-04-23 09:16:00+00:00,285.6499938964844,285.6499938964844,285.75,285.6499938964844,285.75,21950
2026-04-23 09:17:00+00:00,286.1000061035156,286.1000061035156,286.1000061035156,285.70001220703125,285.70001220703125,61518
2026-04-23 09:18:00+00:00,286.04998779296875,286.04998779296875,286.29998779296875,286.04998779296875,286.1499938964844,63129
2026-04-23 09:19:00+00:00,286.04998779296875,286.04998779296875,286.1499938964844,286.0,286.1499938964844,13448
2026-04-23 09:20:00+00:00,286.1000061035156,286.1000061035156,286.20001220703125,286.1000061035156,286.1499938964844,17070
2026-04-23 09:21:00+00:00,286.25,286.25,286.25,286.1000061035156,286.1000061035156,23546
2026-04-23 09:22:00+00:00,286.20001220703125,286.20001220703125,286.29998779296875,286.20001220703125,286.20001220703125,18696
2026-04-23 09:23:00+00:00,286.20001220703125,286.20001220703125,286.25,286.20001220703125,286.25,17918
2026-04-23 09:24:00+00:00,285.95001220703125,285.95001220703125,286.20001220703125,285.95001220703125,286.20001220703125,39504
2026-04-23 09:25:00+00:00,285.95001220703125,285.95001220703125,286.0,285.8500061035156,285.8500061035156,40015
2026-04-23 09:26:00+00:00,285.95001220703125,285.95001220703125,286.0,285.95001220703125,286.0,15857
2026-04-23 09:27:00+00:00,285.95001220703125,285.95001220703125,286.0,285.95001220703125,286.0,16863
2026-04-23 09:28:00+00:00,285.79998779296875,285.79998779296875,286.0,285.79998779296875,286.0,19163
2026-04-23 09:29:00+00:00,285.75,285.75,286.04998779296875,285.75,286.04998779296875,69923
2026-04-23 09:30:00+00:00,285.8500061035156,285.8500061035156,285.8999938964844,285.8500061035156,285.8500061035156,56807
2026-04-23 09:31:00+00:00,286.29998779296875,286.29998779296875,286.29998779296875,285.8500061035156,285.8500061035156,82032
2026-04-23 09:32:00+00:00,286.1499938964844,286.1499938964844,286.45001220703125,286.1499938964844,286.29998779296875,145148
2026-04-23 09:33:00+00:00,286.25,286.25,286.5,286.1499938964844,286.20001220703125,143241
2026-04-23 09:34:00+00:00,286.29998779296875,286.29998779296875,286.45001220703125,286.25,286.25,147316
2026-04-23 09:35:00+00:00,286.75,286.75,286.79998779296875,286.29998779296875,286.3500061035156,114578
2026-04-23 09:36:00+00:00,286.45001220703125,286.45001220703125,286.75,286.45001220703125,286.75,74788
2026-04-23 09:37:00+00:00,286.1499938964844,286.1499938964844,286.3999938964844,285.95001220703125,286.3999938964844,60023
2026-04-23 09:38:00+00:00,286.20001220703125,286.20001220703125,286.20001220703125,286.1000061035156,286.20001220703125,15153
2026-04-23 09:39:00+00:00,286.29998779296875,286.29998779296875,286.3999938964844,286.25,286.3500061035156,59146
2026-04-23 09:40:00+00:00,286.25,286.25,286.29998779296875,286.25,286.29998779296875,28211
2026-04-23 09:41:00+00:00,286.3500061035156,286.3500061035156,286.3500061035156,286.29998779296875,286.29998779296875,41888
2026-04-23 09:42:00+00:00,286.0,286.0,286.3500061035156,286.0,286.3500061035156,110100
2026-04-23 09:43:00+00:00,286.04998779296875,286.04998779296875,286.04998779296875,286.0,286.0,37092
2026-04-23 09:44:00+00:00,286.29998779296875,286.29998779296875,286.29998779296875,286.25,286.25,69987
2026-04-23 09:45:00+00:00,286.25,286.25,286.29998779296875,286.25,286.25,54944
2026-04-23 09:46:00+00:00,286.1000061035156,286.1000061035156,286.29998779296875,286.1000061035156,286.29998779296875,79617
2026-04-23 09:47:00+00:00,286.3500061035156,286.3500061035156,286.3500061035156,286.1000061035156,286.1000061035156,62537
2026-04-23 09:48:00+00:00,286.25,286.25,286.3500061035156,286.25,286.3500061035156,72815
2026-04-23 09:49:00+00:00,286.25,286.25,286.3500061035156,286.25,286.29998779296875,68060
2026-04-23 09:50:00+00:00,286.1000061035156,286.1000061035156,286.25,286.1000061035156,286.25,104675
2026-04-23 09:51:00+00:00,286.0,286.0,286.1499938964844,286.0,286.1499938964844,78139
2026-04-23 09:52:00+00:00,286.1000061035156,286.1000061035156,286.1000061035156,286.04998779296875,286.1000061035156,40917
2026-04-23 09:53:00+00:00,286.1000061035156,286.1000061035156,286.1000061035156,286.04998779296875,286.1000061035156,54773
2026-04-23 09:54:00+00:00,286.25,286.25,286.25,286.04998779296875,286.04998779296875,144729
2026-04-23 09:55:00+00:00,286.3999938964844,286.3999938964844,286.45001220703125,286.25,286.25,114204
2026-04-23 09:56:00+00:00,286.3500061035156,286.3500061035156,286.3500061035156,286.25,286.3500061035156,117480
2026-04-23 09:57:00+00:00,286.3500061035156,286.3500061035156,286.3999938964844,286.29998779296875,286.29998779296875,132046
2026-04-23 09:58:00+00:00,286.3999938964844,286.3999938964844,286.3999938964844,286.25,286.3500061035156,124457
2026-04-23 09:59:00+00:00,286.20001220703125,286.20001220703125,286.3999938964844,286.20001220703125,286.25,173655
2026-04-24 03:45:00+00:00,288.1000061035156,288.1000061035156,288.29998779296875,287.25,288.25,0
2026-04-24 03:46:00+00:00,288.29998779296875,288.29998779296875,288.29998779296875,287.95001220703125,288.0,269089
2026-04-24 03:47:00+00:00,288.0,288.0,288.29998779296875,287.8500061035156,288.29998779296875,90895
2026-04-24 03:48:00+00:00,287.45001220703125,287.45001220703125,287.8500061035156,287.3999938964844,287.8500061035156,69322
2026-04-24 03:49:00+00:00,287.20001220703125,287.20001220703125,287.3999938964844,287.20001220703125,287.3999938964844,58302
2026-04-24 03:50:00+00:00,287.1499938964844,287.1499938964844,287.1499938964844,286.95001220703125,287.1000061035156,62698
2026-04-24 03:51:00+00:00,287.95001220703125,287.95001220703125,287.95001220703125,287.1499938964844,287.1499938964844,59155
2026-04-24 03:52:00+00:00,287.6499938964844,287.6499938964844,288.1000061035156,287.6499938964844,288.1000061035156,73704
2026-04-24 03:53:00+00:00,287.70001220703125,287.70001220703125,287.70001220703125,287.6499938964844,287.70001220703125,57059
2026-04-24 03:54:00+00:00,287.54998779296875,287.54998779296875,287.6499938964844,287.5,287.6499938964844,11191
2026-04-24 03:55:00+00:00,287.3999938964844,287.3999938964844,287.6499938964844,287.29998779296875,287.5,62850
2026-04-24 03:56:00+00:00,287.5,287.5,287.54998779296875,287.3999938964844,287.3999938964844,12893
2026-04-24 03:57:00+00:00,287.54998779296875,287.54998779296875,287.75,287.3999938964844,287.3999938964844,43425
2026-04-24 03:58:00+00:00,287.3999938964844,287.3999938964844,287.70001220703125,287.3999938964844,287.54998779296875,52183
2026-04-24 03:59:00+00:00,287.75,287.75,287.95001220703125,287.3999938964844,287.6499938964844,87482
2026-04-24 04:00:00+00:00,287.75,287.75,287.95001220703125,287.6499938964844,287.95001220703125,58401
2026-04-24 04:01:00+00:00,287.70001220703125,287.70001220703125,287.79998779296875,287.70001220703125,287.75,15649
2026-04-24 04:02:00+00:00,287.6000061035156,287.6000061035156,287.6499938964844,287.5,287.6499938964844,14273
2026-04-24 04:03:00+00:00,287.6000061035156,287.6000061035156,287.6000061035156,287.5,287.6000061035156,20125
2026-04-24 04:04:00+00:00,287.70001220703125,287.70001220703125,287.79998779296875,287.6000061035156,287.6000061035156,26971
2026-04-24 04:05:00+00:00,287.3500061035156,287.3500061035156,287.6000061035156,287.3500061035156,287.6000061035156,32272
2026-04-24 04:06:00+00:00,287.25,287.25,287.45001220703125,287.25,287.29998779296875,25671
2026-04-24 04:07:00+00:00,287.54998779296875,287.54998779296875,287.54998779296875,287.1499938964844,287.1499938964844,31373
2026-04-24 04:08:00+00:00,287.54998779296875,287.54998779296875,287.6000061035156,287.3999938964844,287.3999938964844,22601
2026-04-24 04:09:00+00:00,287.6000061035156,287.6000061035156,287.6000061035156,287.45001220703125,287.54998779296875,15932
2026-04-24 04:10:00+00:00,287.3999938964844,287.3999938964844,287.6000061035156,287.29998779296875,287.54998779296875,39790
2026-04-24 04:11:00+00:00,287.70001220703125,287.70001220703125,287.70001220703125,287.3500061035156,287.3999938964844,109192
2026-04-24 04:12:00+00:00,288.20001220703125,288.20001220703125,288.20001220703125,287.75,287.75,151963
2026-04-24 04:13:00+00:00,287.8999938964844,287.8999938964844,288.29998779296875,287.8999938964844,288.29998779296875,77932
2026-04-24 04:14:00+00:00,287.6000061035156,287.6000061035156,287.8999938964844,287.6000061035156,287.8999938964844,69422
2026-04-24 04:15:00+00:00,287.6499938964844,287.6499938964844,287.70001220703125,287.6000061035156,287.6000061035156,33357
2026-04-24 04:16:00+00:00,287.54998779296875,287.54998779296875,287.75,287.54998779296875,287.6499938964844,18664
2026-04-24 04:17:00+00:00,287.79998779296875,287.79998779296875,287.79998779296875,287.45001220703125,287.6000061035156,47761
2026-04-24 04:18:00+00:00,287.5,287.5,287.70001220703125,287.3999938964844,287.70001220703125,65579
2026-04-24 04:19:00+00:00,287.3999938964844,287.3999938964844,287.6000061035156,287.3999938964844,287.45001220703125,29986
2026-04-24 04:20:00+00:00,287.6000061035156,287.6000061035156,287.6499938964844,287.3999938964844,287.3999938964844,85895
2026-04-24 04:21:00+00:00,288.29998779296875,288.29998779296875,288.29998779296875,287.6000061035156,287.6499938964844,119975
2026-04-24 04:22:00+00:00,288.3999938964844,288.3999938964844,288.3999938964844,288.25,288.25,115903
2026-04-24 04:23:00+00:00,288.3999938964844,288.3999938964844,288.3999938964844,288.29998779296875,288.3500061035156,45264
2026-04-24 04:24:00+00:00,288.29998779296875,288.29998779296875,288.3999938964844,288.20001220703125,288.3999938964844,235727
2026-04-24 04:25:00+00:00,287.6499938964844,287.6499938964844,288.29998779296875,287.6499938964844,288.29998779296875,68921
2026-04-24 04:26:00+00:00,287.3999938964844,287.3999938964844,287.8999938964844,287.3999938964844,287.6499938964844,69083
2026-04-24 04:27:00+00:00,287.25,287.25,287.5,287.25,287.5,34088
2026-04-24 04:28:00+00:00,287.3500061035156,287.3500061035156,287.3500061035156,287.29998779296875,287.29998779296875,66591
2026-04-24 04:29:00+00:00,286.8500061035156,286.8500061035156,287.0,286.70001220703125,287.0,129352
2026-04-24 04:30:00+00:00,286.6499938964844,286.6499938964844,286.8999938964844,286.5,286.8999938964844,74495
2026-04-24 04:31:00+00:00,286.6499938964844,286.6499938964844,286.79998779296875,286.54998779296875,286.6499938964844,59230
2026-04-24 04:32:00+00:00,286.8500061035156,286.8500061035156,286.8999938964844,286.70001220703125,286.70001220703125,43100
2026-04-24 04:33:00+00:00,286.8500061035156,286.8500061035156,286.95001220703125,286.70001220703125,286.70001220703125,22489
2026-04-24 04:34:00+00:00,286.6499938964844,286.6499938964844,286.8999938964844,286.54998779296875,286.8999938964844,38788
2026-04-24 04:35:00+00:00,286.54998779296875,286.54998779296875,286.75,286.54998779296875,286.6499938964844,58215
2026-04-24 04:36:00+00:00,286.29998779296875,286.29998779296875,286.5,286.29998779296875,286.45001220703125,19267
2026-04-24 04:37:00+00:00,286.3500061035156,286.3500061035156,286.5,286.29998779296875,286.45001220703125,24027
2026-04-24 04:38:00+00:00,286.54998779296875,286.54998779296875,286.6000061035156,286.29998779296875,286.29998779296875,33095
2026-04-24 04:39:00+00:00,286.5,286.5,286.70001220703125,286.5,286.6000061035156,16206
2026-04-24 04:40:00+00:00,286.75,286.75,286.75,286.5,286.5,16288
2026-04-24 04:41:00+00:00,286.6499938964844,286.6499938964844,286.70001220703125,286.54998779296875,286.6000061035156,8662
2026-04-24 04:42:00+00:00,286.70001220703125,286.70001220703125,286.75,286.6499938964844,286.6499938964844,18368
2026-04-24 04:43:00+00:00,286.45001220703125,286.45001220703125,286.79998779296875,286.3999938964844,286.70001220703125,97977
2026-04-24 04:44:00+00:00,286.45001220703125,286.45001220703125,286.54998779296875,286.3500061035156,286.45001220703125,35848
2026-04-24 04:45:00+00:00,286.3500061035156,286.3500061035156,286.6000061035156,286.25,286.45001220703125,81955
2026-04-24 04:46:00+00:00,286.3999938964844,286.3999938964844,286.6000061035156,286.3500061035156,286.3500061035156,112238
2026-04-24 04:47:00+00:00,286.3999938964844,286.3999938964844,286.5,286.3999938964844,286.45001220703125,48187
2026-04-24 04:48:00+00:00,286.3500061035156,286.3500061035156,286.5,286.20001220703125,286.5,52298
2026-04-24 04:49:00+00:00,286.1000061035156,286.1000061035156,286.3999938964844,286.0,286.3500061035156,164363
2026-04-24 04:50:00+00:00,286.0,286.0,286.25,286.0,286.1000061035156,89845
2026-04-24 04:51:00+00:00,286.20001220703125,286.20001220703125,286.20001220703125,286.0,286.0,45277
2026-04-24 04:52:00+00:00,285.95001220703125,285.95001220703125,286.29998779296875,285.8500061035156,286.1499938964844,121542
2026-04-24 04:53:00+00:00,285.95001220703125,285.95001220703125,286.1499938964844,285.95001220703125,286.1000061035156,150883
2026-04-24 04:54:00+00:00,285.8999938964844,285.8999938964844,286.04998779296875,285.79998779296875,286.0,38865
2026-04-24 04:55:00+00:00,286.1000061035156,286.1000061035156,286.1000061035156,285.79998779296875,285.8999938964844,46213
2026-04-24 04:56:00+00:00,285.8999938964844,285.8999938964844,286.04998779296875,285.79998779296875,286.04998779296875,43506
2026-04-24 04:57:00+00:00,285.75,285.75,285.95001220703125,285.6499938964844,285.8999938964844,63912
2026-04-24 04:58:00+00:00,285.75,285.75,285.8500061035156,285.6000061035156,285.75,78739
2026-04-24 04:59:00+00:00,285.8999938964844,285.8999938964844,285.8999938964844,285.70001220703125,285.8500061035156,5938
2026-04-24 05:00:00+00:00,285.8999938964844,285.8999938964844,286.04998779296875,285.8999938964844,285.95001220703125,94162
2026-04-24 05:01:00+00:00,286.1000061035156,286.1000061035156,286.1499938964844,285.8999938964844,286.04998779296875,18344
2026-04-24 05:02:00+00:00,286.29998779296875,286.29998779296875,286.29998779296875,286.1499938964844,286.1499938964844,5631
2026-04-24 05:03:00+00:00,286.5,286.5,286.5,286.29998779296875,286.29998779296875,21353
2026-04-24 05:04:00+00:00,286.5,286.5,286.54998779296875,286.3999938964844,286.5,17002
2026-04-24 05:05:00+00:00,286.20001220703125,286.20001220703125,286.5,286.1499938964844,286.5,23543
2026-04-24 05:06:00+00:00,286.29998779296875,286.29998779296875,286.29998779296875,286.04998779296875,286.25,17859
2026-04-24 05:07:00+00:00,286.20001220703125,286.20001220703125,286.5,286.20001220703125,286.25,14594
2026-04-24 05:08:00+00:00,286.25,286.25,286.3999938964844,286.25,286.29998779296875,4516
2026-04-24 05:09:00+00:00,286.3500061035156,286.3500061035156,286.3500061035156,286.25,286.29998779296875,12872
2026-04-24 05:10:00+00:00,286.25,286.25,286.3999938964844,286.20001220703125,286.3999938964844,12216
2026-04-24 05:11:00+00:00,286.1499938964844,286.1499938964844,286.29998779296875,286.1499938964844,286.25,16635
2026-04-24 05:12:00+00:00,286.25,286.25,286.25,286.0,286.25,35774
2026-04-24 05:13:00+00:00,286.20001220703125,286.20001220703125,286.25,286.04998779296875,286.20001220703125,20702
2026-04-24 05:14:00+00:00,286.25,286.25,286.3500061035156,286.1499938964844,286.25,13803
2026-04-24 05:15:00+00:00,286.1499938964844,286.1499938964844,286.29998779296875,286.1499938964844,286.25,9044
2026-04-24 05:16:00+00:00,286.25,286.25,286.25,286.1499938964844,286.25,10091
2026-04-24 05:17:00+00:00,286.1000061035156,286.1000061035156,286.25,286.1000061035156,286.1499938964844,8983
2026-04-24 05:18:00+00:00,286.04998779296875,286.04998779296875,286.20001220703125,286.04998779296875,286.1000061035156,5290
2026-04-24 05:19:00+00:00,286.25,286.25,286.25,286.1000061035156,286.25,79050
2026-04-24 05:20:00+00:00,286.1000061035156,286.1000061035156,286.25,286.1000061035156,286.25,4008
2026-04-24 05:21:00+00:00,286.04998779296875,286.04998779296875,286.20001220703125,286.04998779296875,286.20001220703125,14246
2026-04-24 05:22:00+00:00,286.04998779296875,286.04998779296875,286.1499938964844,286.0,286.04998779296875,31082
2026-04-24 05:23:00+00:00,286.0,286.0,286.0,285.8999938964844,285.8999938964844,15192
2026-04-24 05:24:00+00:00,286.0,286.0,286.1499938964844,285.8999938964844,285.8999938964844,31971
2026-04-24 05:25:00+00:00,286.1000061035156,286.1000061035156,286.1499938964844,286.04998779296875,286.1000061035156,5679
2026-04-24 05:26:00+00:00,286.1499938964844,286.1499938964844,286.20001220703125,286.04998779296875,286.1000061035156,27759
2026-04-24 05:27:00+00:00,286.04998779296875,286.04998779296875,286.1499938964844,286.04998779296875,286.1499938964844,19542
2026-04-24 05:28:00+00:00,286.3500061035156,286.3500061035156,286.3500061035156,285.95001220703125,285.95001220703125,172773
2026-04-24 05:29:00+00:00,286.04998779296875,286.04998779296875,286.3500061035156,286.0,286.3500061035156,67252
2026-04-24 05:30:00+00:00,286.1499938964844,286.1499938964844,286.25,286.04998779296875,286.1000061035156,14928
2026-04-24 05:31:00+00:00,286.25,286.25,286.29998779296875,286.1499938964844,286.20001220703125,18267
2026-04-24 05:32:00+00:00,286.70001220703125,286.70001220703125,286.75,286.25,286.25,33467
2026-04-24 05:33:00+00:00,286.8999938964844,286.8999938964844,286.8999938964844,286.70001220703125,286.70001220703125,26199
2026-04-24 05:34:00+00:00,286.79998779296875,286.79998779296875,286.95001220703125,286.79998779296875,286.95001220703125,29290
2026-04-24 05:35:00+00:00,286.75,286.75,286.8500061035156,286.6499938964844,286.8500061035156,18605
2026-04-24 05:36:00+00:00,286.95001220703125,286.95001220703125,287.0,286.75,286.75,25491
2026-04-24 05:37:00+00:00,286.8500061035156,286.8500061035156,286.95001220703125,286.8500061035156,286.8500061035156,24568
2026-04-24 05:38:00+00:00,286.8999938964844,286.8999938964844,286.95001220703125,286.6499938964844,286.95001220703125,10390
2026-04-24 05:39:00+00:00,286.79998779296875,286.79998779296875,286.95001220703125,286.79998779296875,286.95001220703125,16585
2026-04-24 05:40:00+00:00,287.0,287.0,287.0,286.79998779296875,286.8500061035156,10285
2026-04-24 05:41:00+00:00,287.0,287.0,287.0,286.95001220703125,286.95001220703125,23013
2026-04-24 05:42:00+00:00,286.95001220703125,286.95001220703125,286.95001220703125,286.8500061035156,286.95001220703125,13985
2026-04-24 05:43:00+00:00,286.8500061035156,286.8500061035156,286.95001220703125,286.8500061035156,286.95001220703125,6957
2026-04-24 05:44:00+00:00,286.8500061035156,286.8500061035156,286.95001220703125,286.70001220703125,286.95001220703125,40725
2026-04-24 05:45:00+00:00,286.8999938964844,286.8999938964844,286.8999938964844,286.79998779296875,286.79998779296875,10890
2026-04-24 05:46:00+00:00,286.8999938964844,286.8999938964844,286.95001220703125,286.8500061035156,286.8999938964844,17962
2026-04-24 05:47:00+00:00,286.75,286.75,286.95001220703125,286.75,286.8500061035156,5222
2026-04-24 05:48:00+00:00,286.8999938964844,286.8999938964844,286.95001220703125,286.70001220703125,286.8500061035156,26124
2026-04-24 05:49:00+00:00,287.04998779296875,287.04998779296875,287.04998779296875,286.8500061035156,286.8500061035156,57705
2026-04-24 05:50:00+00:00,287.0,287.0,287.1499938964844,286.8999938964844,287.1000061035156,61252
2026-04-24 05:51:00+00:00,287.0,287.0,287.1000061035156,286.95001220703125,287.0,20565
2026-04-24 05:52:00+00:00,287.0,287.0,287.0,286.8999938964844,287.0,23608
2026-04-24 05:53:00+00:00,286.8999938964844,286.8999938964844,287.04998779296875,286.8999938964844,287.0,47041
2026-04-24 05:54:00+00:00,287.0,287.0,287.1000061035156,286.8999938964844,286.8999938964844,71855
2026-04-24 05:55:00+00:00,286.8999938964844,286.8999938964844,287.0,286.79998779296875,287.0,6096
2026-04-24 05:56:00+00:00,286.75,286.75,286.8500061035156,286.70001220703125,286.79998779296875,16371
2026-04-24 05:57:00+00:00,286.6499938964844,286.6499938964844,286.75,286.6000061035156,286.6000061035156,8877
2026-04-24 05:58:00+00:00,286.8500061035156,286.8500061035156,286.8999938964844,286.70001220703125,286.79998779296875,7723
2026-04-24 05:59:00+00:00,286.79998779296875,286.79998779296875,286.8500061035156,286.70001220703125,286.8500061035156,8763
2026-04-24 06:00:00+00:00,286.54998779296875,286.54998779296875,286.79998779296875,286.54998779296875,286.79998779296875,80962
2026-04-24 06:01:00+00:00,286.54998779296875,286.54998779296875,286.70001220703125,286.5,286.6000061035156,6603
2026-04-24 06:02:00+00:00,286.5,286.5,286.6000061035156,286.5,286.54998779296875,5728
2026-04-24 06:03:00+00:00,286.45001220703125,286.45001220703125,286.54998779296875,286.3999938964844,286.54998779296875,22949
2026-04-24 06:04:00+00:00,286.20001220703125,286.20001220703125,286.54998779296875,286.20001220703125,286.45001220703125,10350
2026-04-24 06:05:00+00:00,286.25,286.25,286.25,286.1499938964844,286.25,8720
2026-04-24 06:06:00+00:00,286.29998779296875,286.29998779296875,286.29998779296875,286.25,286.25,12365
2026-04-24 06:07:00+00:00,286.1000061035156,286.1000061035156,286.3500061035156,286.1000061035156,286.29998779296875,40703
2026-04-24 06:08:00+00:00,286.25,286.25,286.3999938964844,286.04998779296875,286.1000061035156,13752
2026-04-24 06:09:00+00:00,286.29998779296875,286.29998779296875,286.29998779296875,286.1000061035156,286.25,34124
2026-04-24 06:10:00+00:00,286.3500061035156,286.3500061035156,286.3500061035156,286.1499938964844,286.29998779296875,4672
2026-04-24 06:11:00+00:00,286.29998779296875,286.29998779296875,286.3500061035156,286.25,286.25,8218
2026-04-24 06:12:00+00:00,286.3500061035156,286.3500061035156,286.5,286.29998779296875,286.29998779296875,4437
2026-04-24 06:13:00+00:00,286.3500061035156,286.3500061035156,286.3999938964844,286.25,286.3999938964844,5441
2026-04-24 06:14:00+00:00,286.3999938964844,286.3999938964844,286.3999938964844,286.25,286.29998779296875,7465
2026-04-24 06:15:00+00:00,286.25,286.25,286.3999938964844,286.25,286.3500061035156,6980
2026-04-24 06:16:00+00:00,286.20001220703125,286.20001220703125,286.29998779296875,286.20001220703125,286.29998779296875,7174
2026-04-24 06:17:00+00:00,286.29998779296875,286.29998779296875,286.3999938964844,286.20001220703125,286.20001220703125,7263
2026-04-24 06:18:00+00:00,286.29998779296875,286.29998779296875,286.3500061035156,286.1499938964844,286.20001220703125,6584
2026-04-24 06:19:00+00:00,286.0,286.0,286.29998779296875,286.0,286.29998779296875,38711
2026-04-24 06:20:00+00:00,286.20001220703125,286.20001220703125,286.20001220703125,286.0,286.0,5566
2026-04-24 06:21:00+00:00,286.20001220703125,286.20001220703125,286.29998779296875,286.1000061035156,286.20001220703125,11239
2026-04-24 06:22:00+00:00,286.20001220703125,286.20001220703125,286.20001220703125,286.1000061035156,286.20001220703125,3933
2026-04-24 06:23:00+00:00,286.1499938964844,286.1499938964844,286.25,286.1000061035156,286.1499938964844,3968
2026-04-24 06:24:00+00:00,286.1499938964844,286.1499938964844,286.20001220703125,286.0,286.1000061035156,8431
2026-04-24 06:25:00+00:00,286.0,286.0,286.1499938964844,286.0,286.1499938964844,14229
2026-04-24 06:26:00+00:00,286.0,286.0,286.1000061035156,285.8999938964844,286.1000061035156,9719
2026-04-24 06:27:00+00:00,286.0,286.0,286.04998779296875,285.8999938964844,285.8999938964844,5621
2026-04-24 06:28:00+00:00,285.95001220703125,285.95001220703125,286.0,285.79998779296875,286.0,13247
2026-04-24 06:29:00+00:00,285.8999938964844,285.8999938964844,285.95001220703125,285.8500061035156,285.95001220703125,7513
2026-04-24 06:30:00+00:00,285.95001220703125,285.95001220703125,286.0,285.79998779296875,285.8999938964844,5541
2026-04-24 06:31:00+00:00,285.8500061035156,285.8500061035156,285.95001220703125,285.75,285.8500061035156,11222
2026-04-24 06:32:00+00:00,286.0,286.0,286.0,285.8500061035156,285.8500061035156,8276
2026-04-24 06:33:00+00:00,286.0,286.0,286.0,285.8999938964844,286.0,6893
2026-04-24 06:34:00+00:00,285.95001220703125,285.95001220703125,286.0,285.8999938964844,286.0,7485
2026-04-24 06:35:00+00:00,285.5,285.5,285.8999938964844,285.5,285.8999938964844,41046
2026-04-24 06:36:00+00:00,285.3999938964844,285.3999938964844,285.6499938964844,285.3999938964844,285.54998779296875,21972
2026-04-24 06:37:00+00:00,285.6000061035156,285.6000061035156,285.6000061035156,285.20001220703125,285.20001220703125,34148
2026-04-24 06:38:00+00:00,285.5,285.5,285.6000061035156,285.3999938964844,285.5,16129
2026-04-24 06:39:00+00:00,285.45001220703125,285.45001220703125,285.6000061035156,285.3999938964844,285.45001220703125,10520
2026-04-24 06:40:00+00:00,285.6499938964844,285.6499938964844,285.70001220703125,285.29998779296875,285.3999938964844,22664
2026-04-24 06:41:00+00:00,285.8500061035156,285.8500061035156,285.8500061035156,285.45001220703125,285.6499938964844,15713
2026-04-24 06:42:00+00:00,285.70001220703125,285.70001220703125,285.79998779296875,285.5,285.79998779296875,44412
2026-04-24 06:43:00+00:00,285.79998779296875,285.79998779296875,285.79998779296875,285.54998779296875,285.70001220703125,21639
2026-04-24 06:44:00+00:00,286.0,286.0,286.0,285.70001220703125,285.79998779296875,18704
2026-04-24 06:45:00+00:00,285.6499938964844,285.6499938964844,286.0,285.6499938964844,286.0,20108
2026-04-24 06:46:00+00:00,285.25,285.25,285.70001220703125,285.25,285.6000061035156,23515
2026-04-24 06:47:00+00:00,285.25,285.25,285.3500061035156,285.20001220703125,285.25,9671
2026-04-24 06:48:00+00:00,285.20001220703125,285.20001220703125,285.29998779296875,284.8500061035156,285.25,106569
2026-04-24 06:49:00+00:00,285.29998779296875,285.29998779296875,285.3500061035156,285.20001220703125,285.20001220703125,24238
2026-04-24 06:50:00+00:00,285.3500061035156,285.3500061035156,285.45001220703125,285.20001220703125,285.45001220703125,9462
2026-04-24 06:51:00+00:00,285.20001220703125,285.20001220703125,285.3500061035156,285.20001220703125,285.29998779296875,9259
2026-04-24 06:52:00+00:00,285.0,285.0,285.29998779296875,284.8999938964844,285.29998779296875,32663
2026-04-24 06:53:00+00:00,285.0,285.0,285.1000061035156,285.0,285.0,12553
2026-04-24 06:54:00+00:00,284.95001220703125,284.95001220703125,285.0,284.8999938964844,285.0,16525
2026-04-24 06:55:00+00:00,285.04998779296875,285.04998779296875,285.1499938964844,284.95001220703125,284.95001220703125,19050
2026-04-24 06:56:00+00:00,285.0,285.0,285.04998779296875,284.95001220703125,285.04998779296875,8394
2026-04-24 06:57:00+00:00,285.0,285.0,285.04998779296875,284.8999938964844,285.0,10464
2026-04-24 06:58:00+00:00,284.8500061035156,284.8500061035156,284.8999938964844,284.75,284.79998779296875,16890
2026-04-24 06:59:00+00:00,284.70001220703125,284.70001220703125,284.8999938964844,284.70001220703125,284.8500061035156,12413
2026-04-24 07:00:00+00:00,284.75,284.75,284.8999938964844,284.6499938964844,284.8999938964844,16533
2026-04-24 07:01:00+00:00,284.8500061035156,284.8500061035156,284.8500061035156,284.70001220703125,284.75,12112
2026-04-24 07:02:00+00:00,284.8500061035156,284.8500061035156,284.8500061035156,284.75,284.75,4857
2026-04-24 07:03:00+00:00,284.95001220703125,284.95001220703125,284.95001220703125,284.70001220703125,284.8999938964844,5619
2026-04-24 07:04:00+00:00,285.0,285.0,285.1499938964844,284.95001220703125,284.95001220703125,13635
2026-04-24 07:05:00+00:00,285.0,285.0,285.1499938964844,285.0,285.0,16827
2026-04-24 07:06:00+00:00,285.04998779296875,285.04998779296875,285.04998779296875,285.0,285.0,6081
2026-04-24 07:07:00+00:00,285.3500061035156,285.3500061035156,285.3999938964844,285.04998779296875,285.1499938964844,8602
2026-04-24 07:08:00+00:00,285.45001220703125,285.45001220703125,285.45001220703125,285.29998779296875,285.3500061035156,6226
2026-04-24 07:09:00+00:00,285.45001220703125,285.45001220703125,285.5,285.45001220703125,285.45001220703125,6186
2026-04-24 07:10:00+00:00,285.5,285.5,285.5,285.3500061035156,285.45001220703125,8028
2026-04-24 07:11:00+00:00,285.5,285.5,285.54998779296875,285.3999938964844,285.5,10780
2026-04-24 07:12:00+00:00,285.45001220703125,285.45001220703125,285.54998779296875,285.45001220703125,285.5,3581
2026-04-24 07:13:00+00:00,285.54998779296875,285.54998779296875,285.54998779296875,285.45001220703125,285.54998779296875,6315
2026-04-24 07:14:00+00:00,285.5,285.5,285.54998779296875,285.3999938964844,285.45001220703125,7897
2026-04-24 07:15:00+00:00,285.45001220703125,285.45001220703125,285.54998779296875,285.3999938964844,285.5,33246
2026-04-24 07:16:00+00:00,285.5,285.5,285.5,285.3999938964844,285.5,5526
2026-04-24 07:17:00+00:00,285.54998779296875,285.54998779296875,285.54998779296875,285.3999938964844,285.5,6374
2026-04-24 07:18:00+00:00,285.54998779296875,285.54998779296875,285.6000061035156,285.3999938964844,285.45001220703125,32613
2026-04-24 07:19:00+00:00,285.70001220703125,285.70001220703125,285.70001220703125,285.45001220703125,285.54998779296875,36793
2026-04-24 07:20:00+00:00,285.8500061035156,285.8500061035156,285.8500061035156,285.6000061035156,285.70001220703125,13063
2026-04-24 07:21:00+00:00,285.75,285.75,285.8500061035156,285.75,285.8500061035156,14967
2026-04-24 07:22:00+00:00,285.6499938964844,285.6499938964844,285.75,285.6000061035156,285.75,4908
2026-04-24 07:23:00+00:00,285.6000061035156,285.6000061035156,285.70001220703125,285.5,285.6499938964844,6308
2026-04-24 07:24:00+00:00,285.6000061035156,285.6000061035156,285.6499938964844,285.5,285.6000061035156,4584
2026-04-24 07:25:00+00:00,285.3999938964844,285.3999938964844,285.54998779296875,285.3999938964844,285.5,6825
2026-04-24 07:26:00+00:00,285.45001220703125,285.45001220703125,285.5,285.3999938964844,285.3999938964844,8612
2026-04-24 07:27:00+00:00,285.54998779296875,285.54998779296875,285.6000061035156,285.45001220703125,285.54998779296875,7874
2026-04-24 07:28:00+00:00,285.54998779296875,285.54998779296875,285.54998779296875,285.45001220703125,285.54998779296875,4823
2026-04-24 07:29:00+00:00,285.45001220703125,285.45001220703125,285.54998779296875,285.45001220703125,285.54998779296875,119388
2026-04-24 07:30:00+00:00,285.5,285.5,285.54998779296875,285.45001220703125,285.45001220703125,17003
2026-04-24 07:31:00+00:00,285.3500061035156,285.3500061035156,285.5,285.29998779296875,285.3999938964844,9363
2026-04-24 07:32:00+00:00,285.25,285.25,285.45001220703125,285.25,285.29998779296875,8360
2026-04-24 07:33:00+00:00,285.3999938964844,285.3999938964844,285.3999938964844,285.25,285.3500061035156,8674
2026-04-24 07:34:00+00:00,285.3999938964844,285.3999938964844,285.3999938964844,285.29998779296875,285.3999938964844,3001
2026-04-24 07:35:00+00:00,285.5,285.5,285.5,285.29998779296875,285.29998779296875,3360
2026-04-24 07:36:00+00:00,285.54998779296875,285.54998779296875,285.54998779296875,285.45001220703125,285.5,5520
2026-04-24 07:37:00+00:00,285.45001220703125,285.45001220703125,285.54998779296875,285.45001220703125,285.45001220703125,5976
2026-04-24 07:38:00+00:00,285.54998779296875,285.54998779296875,285.54998779296875,285.3999938964844,285.45001220703125,3335
2026-04-24 07:39:00+00:00,285.45001220703125,285.45001220703125,285.54998779296875,285.45001220703125,285.54998779296875,6740
2026-04-24 07:40:00+00:00,285.54998779296875,285.54998779296875,285.54998779296875,285.45001220703125,285.45001220703125,2685
2026-04-24 07:41:00+00:00,285.6499938964844,285.6499938964844,285.6499938964844,285.45001220703125,285.6000061035156,56770
2026-04-24 07:42:00+00:00,285.6000061035156,285.6000061035156,285.6499938964844,285.54998779296875,285.6499938964844,4186
2026-04-24 07:43:00+00:00,285.6000061035156,285.6000061035156,285.6000061035156,285.54998779296875,285.54998779296875,3478
2026-04-24 07:44:00+00:00,285.6499938964844,285.6499938964844,285.70001220703125,285.6000061035156,285.6000061035156,12505
2026-04-24 07:45:00+00:00,285.6499938964844,285.6499938964844,285.6499938964844,285.6000061035156,285.6000061035156,13092
2026-04-24 07:46:00+00:00,285.5,285.5,285.6000061035156,285.5,285.6000061035156,13986
2026-04-24 07:47:00+00:00,285.3999938964844,285.3999938964844,285.45001220703125,285.3500061035156,285.45001220703125,4139
2026-04-24 07:48:00+00:00,285.29998779296875,285.29998779296875,285.45001220703125,285.29998779296875,285.3500061035156,13107
2026-04-24 07:49:00+00:00,285.3500061035156,285.3500061035156,285.45001220703125,285.25,285.25,9347
2026-04-24 07:50:00+00:00,285.45001220703125,285.45001220703125,285.45001220703125,285.25,285.25,4808
2026-04-24 07:51:00+00:00,285.29998779296875,285.29998779296875,285.45001220703125,285.29998779296875,285.3999938964844,9629
2026-04-24 07:52:00+00:00,285.29998779296875,285.29998779296875,285.29998779296875,285.25,285.29998779296875,4641
2026-04-24 07:53:00+00:00,285.29998779296875,285.29998779296875,285.3999938964844,285.29998779296875,285.3500061035156,6151
2026-04-24 07:54:00+00:00,285.45001220703125,285.45001220703125,285.45001220703125,285.29998779296875,285.3999938964844,3301
2026-04-24 07:55:00+00:00,285.29998779296875,285.29998779296875,285.45001220703125,285.29998779296875,285.45001220703125,4158
2026-04-24 07:56:00+00:00,285.3500061035156,285.3500061035156,285.45001220703125,285.3500061035156,285.3500061035156,8734
2026-04-24 07:57:00+00:00,285.6499938964844,285.6499938964844,285.6499938964844,285.3999938964844,285.45001220703125,6664
2026-04-24 07:58:00+00:00,285.70001220703125,285.70001220703125,285.70001220703125,285.54998779296875,285.54998779296875,4980
2026-04-24 07:59:00+00:00,285.70001220703125,285.70001220703125,285.75,285.6000061035156,285.70001220703125,4508
2026-04-24 08:00:00+00:00,285.6499938964844,285.6499938964844,285.70001220703125,285.6000061035156,285.6000061035156,9589
2026-04-24 08:01:00+00:00,285.5,285.5,285.6000061035156,285.5,285.6000061035156,17157
2026-04-24 08:02:00+00:00,285.0,285.0,285.5,284.8999938964844,285.5,54540
2026-04-24 08:03:00+00:00,285.0,285.0,285.1000061035156,284.8999938964844,285.0,25089
2026-04-24 08:04:00+00:00,284.8999938964844,284.8999938964844,285.0,284.79998779296875,285.0,20460
2026-04-24 08:05:00+00:00,284.8500061035156,284.8500061035156,284.8999938964844,284.75,284.75,5580
2026-04-24 08:06:00+00:00,284.20001220703125,284.20001220703125,284.8500061035156,284.1000061035156,284.8500061035156,198467
2026-04-24 08:07:00+00:00,284.04998779296875,284.04998779296875,284.29998779296875,284.04998779296875,284.25,128714
2026-04-24 08:08:00+00:00,284.1000061035156,284.1000061035156,284.3500061035156,284.0,284.04998779296875,131415
2026-04-24 08:09:00+00:00,284.29998779296875,284.29998779296875,284.45001220703125,283.95001220703125,284.1000061035156,61133
2026-04-24 08:10:00+00:00,284.3500061035156,284.3500061035156,284.3999938964844,284.1499938964844,284.25,9014
2026-04-24 08:11:00+00:00,284.54998779296875,284.54998779296875,284.6499938964844,284.45001220703125,284.45001220703125,14355
2026-04-24 08:12:00+00:00,284.79998779296875,284.79998779296875,284.79998779296875,284.3999938964844,284.54998779296875,12504
2026-04-24 08:13:00+00:00,284.70001220703125,284.70001220703125,284.79998779296875,284.6499938964844,284.79998779296875,19303
2026-04-24 08:14:00+00:00,284.70001220703125,284.70001220703125,284.79998779296875,284.6499938964844,284.6499938964844,13476
2026-04-24 08:15:00+00:00,284.70001220703125,284.70001220703125,284.79998779296875,284.70001220703125,284.75,4204
2026-04-24 08:16:00+00:00,284.8500061035156,284.8500061035156,285.0,284.79998779296875,284.79998779296875,24287
2026-04-24 08:17:00+00:00,284.8500061035156,284.8500061035156,284.8999938964844,284.70001220703125,284.79998779296875,6762
2026-04-24 08:18:00+00:00,284.75,284.75,284.8500061035156,284.70001220703125,284.70001220703125,4934
2026-04-24 08:19:00+00:00,284.75,284.75,284.79998779296875,284.6499938964844,284.75,4517
2026-04-24 08:20:00+00:00,284.79998779296875,284.79998779296875,284.79998779296875,284.6499938964844,284.75,5799
2026-04-24 08:21:00+00:00,284.8500061035156,284.8500061035156,284.95001220703125,284.79998779296875,284.8500061035156,11578
2026-04-24 08:22:00+00:00,285.0,285.0,285.0,284.8999938964844,284.95001220703125,2904
2026-04-24 08:23:00+00:00,284.95001220703125,284.95001220703125,285.0,284.8999938964844,285.0,5363
2026-04-24 08:24:00+00:00,284.95001220703125,284.95001220703125,285.0,284.8500061035156,284.95001220703125,2529
2026-04-24 08:25:00+00:00,285.0,285.0,285.0,284.95001220703125,285.0,5373
2026-04-24 08:26:00+00:00,284.95001220703125,284.95001220703125,285.0,284.95001220703125,285.0,26058
2026-04-24 08:27:00+00:00,284.95001220703125,284.95001220703125,285.0,284.95001220703125,284.95001220703125,4541
2026-04-24 08:28:00+00:00,284.8500061035156,284.8500061035156,284.95001220703125,284.8500061035156,284.95001220703125,10683
2026-04-24 08:29:00+00:00,284.95001220703125,284.95001220703125,284.95001220703125,284.8500061035156,284.8500061035156,4838
2026-04-24 08:30:00+00:00,284.95001220703125,284.95001220703125,284.95001220703125,284.8500061035156,284.95001220703125,4087
2026-04-24 08:31:00+00:00,285.0,285.0,285.0,284.8999938964844,284.95001220703125,4811
2026-04-24 08:32:00+00:00,284.95001220703125,284.95001220703125,285.0,284.95001220703125,285.0,9134
2026-04-24 08:33:00+00:00,284.54998779296875,284.54998779296875,284.95001220703125,284.54998779296875,284.95001220703125,43861
2026-04-24 08:34:00+00:00,284.29998779296875,284.29998779296875,284.6000061035156,284.29998779296875,284.6000061035156,95648
2026-04-24 08:35:00+00:00,284.25,284.25,284.5,284.25,284.29998779296875,85364
2026-04-24 08:36:00+00:00,283.95001220703125,283.95001220703125,284.3500061035156,283.95001220703125,284.20001220703125,142452
2026-04-24 08:37:00+00:00,284.1499938964844,284.1499938964844,284.20001220703125,284.0,284.1000061035156,30996
2026-04-24 08:38:00+00:00,284.04998779296875,284.04998779296875,284.20001220703125,284.0,284.0,36777
2026-04-24 08:39:00+00:00,284.1000061035156,284.1000061035156,284.1000061035156,283.95001220703125,284.04998779296875,20268
2026-04-24 08:40:00+00:00,284.04998779296875,284.04998779296875,284.1000061035156,283.95001220703125,284.1000061035156,13585
2026-04-24 08:41:00+00:00,284.1000061035156,284.1000061035156,284.1000061035156,284.0,284.1000061035156,69114
2026-04-24 08:42:00+00:00,284.8500061035156,284.8500061035156,284.8500061035156,284.04998779296875,284.20001220703125,193162
2026-04-24 08:43:00+00:00,284.6499938964844,284.6499938964844,284.8500061035156,284.54998779296875,284.8500061035156,9859
2026-04-24 08:44:00+00:00,284.70001220703125,284.70001220703125,284.70001220703125,284.54998779296875,284.70001220703125,9076
2026-04-24 08:45:00+00:00,284.8500061035156,284.8500061035156,284.8500061035156,284.70001220703125,284.70001220703125,6601
2026-04-24 08:46:00+00:00,284.8999938964844,284.8999938964844,284.8999938964844,284.79998779296875,284.8500061035156,3488
2026-04-24 08:47:00+00:00,284.8500061035156,284.8500061035156,285.0,284.8500061035156,284.95001220703125,16173
2026-04-24 08:48:00+00:00,284.8999938964844,284.8999938964844,284.95001220703125,284.8999938964844,284.95001220703125,7514
2026-04-24 08:49:00+00:00,284.8500061035156,284.8500061035156,284.8999938964844,284.79998779296875,284.79998779296875,6958
2026-04-24 08:50:00+00:00,284.8999938964844,284.8999938964844,284.95001220703125,284.79998779296875,284.8999938964844,3390
2026-04-24 08:51:00+00:00,285.0,285.0,285.0,284.8999938964844,284.8999938964844,7816
2026-04-24 08:52:00+00:00,285.0,285.0,285.0,284.95001220703125,284.95001220703125,13476
2026-04-24 08:53:00+00:00,284.8999938964844,284.8999938964844,285.0,284.8999938964844,285.0,13079
2026-04-24 08:54:00+00:00,284.8999938964844,284.8999938964844,285.0,284.8500061035156,285.0,13187
2026-04-24 08:55:00+00:00,285.04998779296875,285.04998779296875,285.04998779296875,285.0,285.0,9440
2026-04-24 08:56:00+00:00,285.0,285.0,285.04998779296875,284.95001220703125,285.0,5637
2026-04-24 08:57:00+00:00,285.04998779296875,285.04998779296875,285.1000061035156,285.04998779296875,285.1000061035156,2720
2026-04-24 08:58:00+00:00,285.04998779296875,285.04998779296875,285.1499938964844,285.0,285.1000061035156,12936
2026-04-24 08:59:00+00:00,285.20001220703125,285.20001220703125,285.29998779296875,285.04998779296875,285.04998779296875,4847
2026-04-24 09:00:00+00:00,285.5,285.5,285.5,285.20001220703125,285.20001220703125,6671
2026-04-24 09:01:00+00:00,285.5,285.5,285.5,285.45001220703125,285.5,4499
2026-04-24 09:02:00+00:00,285.45001220703125,285.45001220703125,285.54998779296875,285.45001220703125,285.5,33108
2026-04-24 09:03:00+00:00,285.45001220703125,285.45001220703125,285.45001220703125,285.29998779296875,285.3500061035156,32992
2026-04-24 09:04:00+00:00,285.54998779296875,285.54998779296875,285.54998779296875,285.3999938964844,285.3999938964844,3626
2026-04-24 09:05:00+00:00,285.6499938964844,285.6499938964844,285.6499938964844,285.5,285.54998779296875,11996
2026-04-24 09:06:00+00:00,285.6499938964844,285.6499938964844,285.70001220703125,285.54998779296875,285.54998779296875,6779
2026-04-24 09:07:00+00:00,285.54998779296875,285.54998779296875,285.6499938964844,285.3999938964844,285.6499938964844,14197
2026-04-24 09:08:00+00:00,285.3500061035156,285.3500061035156,285.5,285.3500061035156,285.45001220703125,9953
2026-04-24 09:09:00+00:00,285.45001220703125,285.45001220703125,285.5,285.29998779296875,285.3500061035156,11638
2026-04-24 09:10:00+00:00,285.45001220703125,285.45001220703125,285.5,285.45001220703125,285.45001220703125,8793
2026-04-24 09:11:00+00:00,285.6000061035156,285.6000061035156,285.6000061035156,285.45001220703125,285.5,17697
2026-04-24 09:12:00+00:00,285.54998779296875,285.54998779296875,285.6000061035156,285.45001220703125,285.54998779296875,22080
2026-04-24 09:13:00+00:00,285.3999938964844,285.3999938964844,285.54998779296875,285.29998779296875,285.54998779296875,26750
2026-04-24 09:14:00+00:00,285.6000061035156,285.6000061035156,285.6000061035156,285.25,285.3999938964844,62039
2026-04-24 09:15:00+00:00,285.6000061035156,285.6000061035156,285.6000061035156,285.45001220703125,285.45001220703125,8166
2026-04-24 09:16:00+00:00,285.6499938964844,285.6499938964844,285.75,285.6499938964844,285.6499938964844,22682
2026-04-24 09:17:00+00:00,285.8500061035156,285.8500061035156,285.8500061035156,285.6499938964844,285.6499938964844,45484
2026-04-24 09:18:00+00:00,285.54998779296875,285.54998779296875,285.75,285.54998779296875,285.75,12903
2026-04-24 09:19:00+00:00,285.45001220703125,285.45001220703125,285.70001220703125,285.45001220703125,285.6000061035156,10763
2026-04-24 09:20:00+00:00,285.45001220703125,285.45001220703125,285.5,285.45001220703125,285.5,4713
2026-04-24 09:21:00+00:00,285.54998779296875,285.54998779296875,285.54998779296875,285.3500061035156,285.5,48728
2026-04-24 09:22:00+00:00,285.3999938964844,285.3999938964844,285.5,285.29998779296875,285.3999938964844,13648
2026-04-24 09:23:00+00:00,285.1499938964844,285.1499938964844,285.3999938964844,285.1499938964844,285.3999938964844,47579
2026-04-24 09:24:00+00:00,285.1499938964844,285.1499938964844,285.25,285.1499938964844,285.25,11512
2026-04-24 09:25:00+00:00,285.0,285.0,285.1499938964844,285.0,285.1499938964844,15083
2026-04-24 09:26:00+00:00,285.1499938964844,285.1499938964844,285.1499938964844,285.0,285.04998779296875,7190
2026-04-24 09:27:00+00:00,285.1000061035156,285.1000061035156,285.20001220703125,285.1000061035156,285.1499938964844,9192
2026-04-24 09:28:00+00:00,285.20001220703125,285.20001220703125,285.20001220703125,285.04998779296875,285.1499938964844,13148
2026-04-24 09:29:00+00:00,285.1499938964844,285.1499938964844,285.20001220703125,285.1000061035156,285.20001220703125,13070
2026-04-24 09:30:00+00:00,285.1499938964844,285.1499938964844,285.1499938964844,285.04998779296875,285.04998779296875,44864
2026-04-24 09:31:00+00:00,285.0,285.0,285.1499938964844,284.95001220703125,285.1499938964844,47436
2026-04-24 09:32:00+00:00,285.0,285.0,285.0,284.95001220703125,285.0,19272
2026-04-24 09:33:00+00:00,285.0,285.0,285.0,284.8999938964844,285.0,20299
2026-04-24 09:34:00+00:00,284.75,284.75,284.95001220703125,284.75,284.95001220703125,40869
2026-04-24 09:35:00+00:00,284.70001220703125,284.70001220703125,284.8500061035156,284.6499938964844,284.75,18865
2026-04-24 09:36:00+00:00,284.8500061035156,284.8500061035156,284.8999938964844,284.6499938964844,284.70001220703125,74833
2026-04-24 09:37:00+00:00,284.95001220703125,284.95001220703125,284.95001220703125,284.8999938964844,284.8999938964844,27454
2026-04-24 09:38:00+00:00,285.0,285.0,285.0,284.95001220703125,284.95001220703125,59512
2026-04-24 09:39:00+00:00,284.95001220703125,284.95001220703125,285.0,284.95001220703125,285.0,16784
2026-04-24 09:40:00+00:00,284.8500061035156,284.8500061035156,284.95001220703125,284.8500061035156,284.95001220703125,68785
2026-04-24 09:41:00+00:00,284.75,284.75,284.8500061035156,284.75,284.8500061035156,18312
2026-04-24 09:42:00+00:00,284.6000061035156,284.6000061035156,284.75,284.6000061035156,284.75,41043
2026-04-24 09:43:00+00:00,284.5,284.5,284.6000061035156,284.5,284.6000061035156,49022
2026-04-24 09:44:00+00:00,284.54998779296875,284.54998779296875,284.54998779296875,284.3999938964844,284.3999938964844,48011
2026-04-24 09:45:00+00:00,284.54998779296875,284.54998779296875,284.54998779296875,284.3500061035156,284.3500061035156,59090
2026-04-24 09:46:00+00:00,284.6499938964844,284.6499938964844,284.6499938964844,284.5,284.54998779296875,42916
2026-04-24 09:47:00+00:00,284.8999938964844,284.8999938964844,284.8999938964844,284.70001220703125,284.70001220703125,30547
2026-04-24 09:48:00+00:00,284.8999938964844,284.8999938964844,284.8999938964844,284.79998779296875,284.79998779296875,32313
2026-04-24 09:49:00+00:00,284.8999938964844,284.8999938964844,284.8999938964844,284.8500061035156,284.8500061035156,24554
2026-04-24 09:50:00+00:00,284.8500061035156,284.8500061035156,284.8999938964844,284.8500061035156,284.8999938964844,91898
2026-04-24 09:51:00+00:00,284.75,284.75,285.0,284.75,284.8500061035156,102033
2026-04-24 09:52:00+00:00,284.95001220703125,284.95001220703125,284.95001220703125,284.79998779296875,284.8500061035156,25639
2026-04-24 09:53:00+00:00,284.75,284.75,284.95001220703125,284.70001220703125,284.95001220703125,66144
2026-04-24 09:54:00+00:00,284.8500061035156,284.8500061035156,284.95001220703125,284.8500061035156,284.8500061035156,74161
2026-04-24 09:55:00+00:00,284.8500061035156,284.8500061035156,284.8999938964844,284.75,284.8500061035156,59677
2026-04-24 09:56:00+00:00,284.79998779296875,284.79998779296875,284.8999938964844,284.75,284.8500061035156,69587
2026-04-24 09:57:00+00:00,284.70001220703125,284.70001220703125,284.8500061035156,284.70001220703125,284.75,40585
2026-04-24 09:58:00+00:00,284.8999938964844,284.8999938964844,284.8999938964844,284.79998779296875,284.8999938964844,22485
2026-04-24 09:59:00+00:00,284.70001220703125,284.70001220703125,284.8999938964844,284.5,284.8999938964844,49586
2026-04-27 03:45:00+00:00,285.45001220703125,285.45001220703125,286.5,285.20001220703125,286.0,0
2026-04-27 03:46:00+00:00,285.25,285.25,285.75,285.0,285.75,66175
2026-04-27 03:47:00+00:00,285.8999938964844,285.8999938964844,285.8999938964844,284.95001220703125,285.3500061035156,32568
2026-04-27 03:48:00+00:00,286.20001220703125,286.20001220703125,286.20001220703125,285.95001220703125,285.95001220703125,37875
2026-04-27 03:49:00+00:00,285.75,285.75,286.25,285.6499938964844,286.25,37212
2026-04-27 03:50:00+00:00,286.3999938964844,286.3999938964844,286.3999938964844,286.0,286.0,19768
2026-04-27 03:51:00+00:00,286.5,286.5,286.54998779296875,286.25,286.3999938964844,57244
2026-04-27 03:52:00+00:00,286.5,286.5,286.70001220703125,286.3999938964844,286.3999938964844,9144
2026-04-27 03:53:00+00:00,286.45001220703125,286.45001220703125,286.5,286.0,286.5,19991
2026-04-27 03:54:00+00:00,286.1499938964844,286.1499938964844,286.45001220703125,286.1000061035156,286.45001220703125,16915
2026-04-27 03:55:00+00:00,286.29998779296875,286.29998779296875,286.45001220703125,286.20001220703125,286.29998779296875,4894
2026-04-27 03:56:00+00:00,285.8500061035156,285.8500061035156,286.29998779296875,285.8500061035156,286.29998779296875,21662
2026-04-27 03:57:00+00:00,286.25,286.25,286.25,286.0,286.0,9527
2026-04-27 03:58:00+00:00,286.29998779296875,286.29998779296875,286.45001220703125,286.25,286.29998779296875,19430
2026-04-27 03:59:00+00:00,285.8999938964844,285.8999938964844,286.1499938964844,285.8500061035156,286.1499938964844,10553
2026-04-27 04:00:00+00:00,285.6000061035156,285.6000061035156,286.1000061035156,285.45001220703125,286.0,30239
2026-04-27 04:01:00+00:00,285.79998779296875,285.79998779296875,285.79998779296875,285.6499938964844,285.79998779296875,14003
2026-04-27 04:02:00+00:00,285.45001220703125,285.45001220703125,285.75,285.3500061035156,285.75,34833
2026-04-27 04:03:00+00:00,285.6499938964844,285.6499938964844,285.75,285.3999938964844,285.3999938964844,15471
2026-04-27 04:04:00+00:00,285.54998779296875,285.54998779296875,285.75,285.5,285.6499938964844,34603
2026-04-27 04:05:00+00:00,285.5,285.5,285.6000061035156,285.45001220703125,285.54998779296875,4531
2026-04-27 04:06:00+00:00,285.70001220703125,285.70001220703125,285.75,285.6000061035156,285.6000061035156,6114
2026-04-27 04:07:00+00:00,285.3500061035156,285.3500061035156,285.70001220703125,285.3500061035156,285.70001220703125,19421
2026-04-27 04:08:00+00:00,285.3500061035156,285.3500061035156,285.6000061035156,285.25,285.6000061035156,16617
2026-04-27 04:09:00+00:00,285.3999938964844,285.3999938964844,285.45001220703125,285.29998779296875,285.3999938964844,6507
2026-04-27 04:10:00+00:00,285.45001220703125,285.45001220703125,285.5,285.25,285.3999938964844,26432
2026-04-27 04:11:00+00:00,285.20001220703125,285.20001220703125,285.5,285.20001220703125,285.3999938964844,10196
2026-04-27 04:12:00+00:00,285.25,285.25,285.25,285.1499938964844,285.1499938964844,17857
2026-04-27 04:13:00+00:00,285.3500061035156,285.3500061035156,285.5,285.29998779296875,285.29998779296875,6799
2026-04-27 04:14:00+00:00,285.20001220703125,285.20001220703125,285.5,285.20001220703125,285.3999938964844,11885
2026-04-27 04:15:00+00:00,285.54998779296875,285.54998779296875,285.6000061035156,285.3500061035156,285.3500061035156,12075
2026-04-27 04:16:00+00:00,285.79998779296875,285.79998779296875,285.79998779296875,285.5,285.5,5426
2026-04-27 04:17:00+00:00,285.79998779296875,285.79998779296875,285.79998779296875,285.54998779296875,285.79998779296875,7034
2026-04-27 04:18:00+00:00,285.79998779296875,285.79998779296875,285.79998779296875,285.6000061035156,285.79998779296875,5936
2026-04-27 04:19:00+00:00,285.8999938964844,285.8999938964844,286.04998779296875,285.79998779296875,285.79998779296875,51525
2026-04-27 04:20:00+00:00,285.95001220703125,285.95001220703125,285.95001220703125,285.8500061035156,285.95001220703125,46664
2026-04-27 04:21:00+00:00,285.25,285.25,286.0,285.25,285.8999938964844,84802
2026-04-27 04:22:00+00:00,285.29998779296875,285.29998779296875,285.3999938964844,285.20001220703125,285.25,34390
2026-04-27 04:23:00+00:00,285.25,285.25,285.3500061035156,285.25,285.29998779296875,7000
2026-04-27 04:24:00+00:00,285.25,285.25,285.3500061035156,285.1499938964844,285.3500061035156,45819
2026-04-27 04:25:00+00:00,285.25,285.25,285.25,285.04998779296875,285.1499938964844,15391
2026-04-27 04:26:00+00:00,285.25,285.25,285.29998779296875,285.1499938964844,285.20001220703125,11194
2026-04-27 04:27:00+00:00,285.04998779296875,285.04998779296875,285.25,284.8999938964844,285.25,56837
2026-04-27 04:28:00+00:00,285.3500061035156,285.3500061035156,285.3500061035156,285.1000061035156,285.20001220703125,6074
2026-04-27 04:29:00+00:00,285.04998779296875,285.04998779296875,285.3500061035156,285.0,285.20001220703125,13765
2026-04-27 04:30:00+00:00,285.20001220703125,285.20001220703125,285.20001220703125,285.0,285.1000061035156,12969
2026-04-27 04:31:00+00:00,285.04998779296875,285.04998779296875,285.20001220703125,285.0,285.20001220703125,10191
2026-04-27 04:32:00+00:00,285.1000061035156,285.1000061035156,285.1000061035156,285.0,285.04998779296875,14125
2026-04-27 04:33:00+00:00,285.0,285.0,285.1000061035156,285.0,285.1000061035156,5845
2026-04-27 04:34:00+00:00,284.79998779296875,284.79998779296875,285.1000061035156,284.54998779296875,285.1000061035156,82944
2026-04-27 04:35:00+00:00,284.79998779296875,284.79998779296875,284.8500061035156,284.6499938964844,284.6499938964844,6722
2026-04-27 04:36:00+00:00,284.6000061035156,284.6000061035156,284.79998779296875,284.6000061035156,284.79998779296875,5373
2026-04-27 04:37:00+00:00,284.6000061035156,284.6000061035156,284.75,284.6000061035156,284.6499938964844,3388
2026-04-27 04:38:00+00:00,284.25,284.25,284.79998779296875,284.25,284.6000061035156,120200
2026-04-27 04:39:00+00:00,284.3500061035156,284.3500061035156,284.5,284.29998779296875,284.29998779296875,29237
2026-04-27 04:40:00+00:00,284.5,284.5,284.5,284.29998779296875,284.45001220703125,8399
2026-04-27 04:41:00+00:00,285.0,285.0,285.0,284.3999938964844,284.3999938964844,12891
2026-04-27 04:42:00+00:00,285.0,285.0,285.04998779296875,284.8500061035156,284.8999938964844,20258
2026-04-27 04:43:00+00:00,285.0,285.0,285.0,284.8500061035156,284.8999938964844,25538
2026-04-27 04:44:00+00:00,285.20001220703125,285.20001220703125,285.20001220703125,284.8500061035156,284.8999938964844,21032
2026-04-27 04:45:00+00:00,285.1000061035156,285.1000061035156,285.29998779296875,285.0,285.20001220703125,32125
2026-04-27 04:46:00+00:00,285.20001220703125,285.20001220703125,285.29998779296875,285.1499938964844,285.25,6514
2026-04-27 04:47:00+00:00,285.0,285.0,285.20001220703125,284.95001220703125,285.20001220703125,56445
2026-04-27 04:48:00+00:00,285.0,285.0,285.0,284.8500061035156,285.0,37651
2026-04-27 04:49:00+00:00,284.8500061035156,284.8500061035156,285.0,284.70001220703125,285.0,10775
2026-04-27 04:50:00+00:00,284.70001220703125,284.70001220703125,284.8500061035156,284.6499938964844,284.8500061035156,11360
2026-04-27 04:51:00+00:00,284.70001220703125,284.70001220703125,284.79998779296875,284.6499938964844,284.70001220703125,32189
2026-04-27 04:52:00+00:00,284.8500061035156,284.8500061035156,284.8500061035156,284.6000061035156,284.75,12454
2026-04-27 04:53:00+00:00,284.79998779296875,284.79998779296875,285.0,284.79998779296875,284.79998779296875,25820
2026-04-27 04:54:00+00:00,285.0,285.0,285.04998779296875,284.79998779296875,284.79998779296875,6078
2026-04-27 04:55:00+00:00,284.95001220703125,284.95001220703125,285.20001220703125,284.8500061035156,285.1499938964844,33194
2026-04-27 04:56:00+00:00,285.1000061035156,285.1000061035156,285.1000061035156,284.79998779296875,284.95001220703125,16280
2026-04-27 04:57:00+00:00,285.20001220703125,285.20001220703125,285.29998779296875,285.1000061035156,285.1000061035156,54201
2026-04-27 04:58:00+00:00,285.20001220703125,285.20001220703125,285.3500061035156,285.20001220703125,285.3500061035156,4683
2026-04-27 04:59:00+00:00,285.3999938964844,285.3999938964844,285.3999938964844,285.20001220703125,285.29998779296875,34507
2026-04-27 05:00:00+00:00,285.04998779296875,285.04998779296875,285.3500061035156,285.04998779296875,285.3500061035156,10701
2026-04-27 05:01:00+00:00,285.04998779296875,285.04998779296875,285.1499938964844,284.95001220703125,285.04998779296875,14350
2026-04-27 05:02:00+00:00,285.1000061035156,285.1000061035156,285.1000061035156,284.95001220703125,285.04998779296875,14157
2026-04-27 05:03:00+00:00,284.95001220703125,284.95001220703125,285.1499938964844,284.95001220703125,285.1000061035156,4851
2026-04-27 05:04:00+00:00,285.1000061035156,285.1000061035156,285.1000061035156,284.95001220703125,285.0,7032
2026-04-27 05:05:00+00:00,285.0,285.0,285.04998779296875,284.95001220703125,284.95001220703125,11726
2026-04-27 05:06:00+00:00,285.0,285.0,285.1000061035156,284.95001220703125,285.04998779296875,6251
2026-04-27 05:07:00+00:00,284.95001220703125,284.95001220703125,285.0,284.95001220703125,285.0,8722
2026-04-27 05:08:00+00:00,284.8999938964844,284.8999938964844,285.0,284.8999938964844,284.8999938964844,3772
2026-04-27 05:09:00+00:00,285.0,285.0,285.0,284.8999938964844,284.8999938964844,5546
2026-04-27 05:10:00+00:00,285.0,285.0,285.0,284.8999938964844,284.8999938964844,4593
2026-04-27 05:11:00+00:00,285.0,285.0,285.1499938964844,284.8999938964844,285.0,11565
2026-04-27 05:12:00+00:00,285.1499938964844,285.1499938964844,285.1499938964844,284.95001220703125,285.0,12853
2026-04-27 05:13:00+00:00,285.0,285.0,285.20001220703125,285.0,285.1499938964844,16956
2026-04-27 05:14:00+00:00,285.04998779296875,285.04998779296875,285.1499938964844,285.0,285.0,4254
2026-04-27 05:15:00+00:00,285.1499938964844,285.1499938964844,285.1499938964844,285.0,285.04998779296875,6849
2026-04-27 05:16:00+00:00,285.25,285.25,285.25,285.0,285.04998779296875,6287
2026-04-27 05:17:00+00:00,285.1499938964844,285.1499938964844,285.25,285.1499938964844,285.25,2845
2026-04-27 05:18:00+00:00,285.25,285.25,285.25,285.1499938964844,285.1499938964844,8009
2026-04-27 05:19:00+00:00,285.20001220703125,285.20001220703125,285.20001220703125,285.04998779296875,285.1499938964844,14398
2026-04-27 05:20:00+00:00,285.25,285.25,285.25,285.04998779296875,285.25,3771
2026-04-27 05:21:00+00:00,285.25,285.25,285.25,285.1000061035156,285.1000061035156,2214
2026-04-27 05:22:00+00:00,285.25,285.25,285.25,285.1000061035156,285.1000061035156,9079
2026-04-27 05:23:00+00:00,285.20001220703125,285.20001220703125,285.25,285.1499938964844,285.25,18911
2026-04-27 05:24:00+00:00,285.20001220703125,285.20001220703125,285.25,285.20001220703125,285.20001220703125,9729
2026-04-27 05:25:00+00:00,285.1000061035156,285.1000061035156,285.25,285.04998779296875,285.25,6979
2026-04-27 05:26:00+00:00,285.20001220703125,285.20001220703125,285.25,285.04998779296875,285.04998779296875,3729
2026-04-27 05:27:00+00:00,285.25,285.25,285.25,285.04998779296875,285.20001220703125,3761
2026-04-27 05:28:00+00:00,285.25,285.25,285.25,285.04998779296875,285.25,7146
2026-04-27 05:29:00+00:00,285.20001220703125,285.20001220703125,285.25,285.1000061035156,285.1000061035156,4902
2026-04-27 05:30:00+00:00,285.20001220703125,285.20001220703125,285.20001220703125,285.1000061035156,285.20001220703125,5960
2026-04-27 05:31:00+00:00,285.04998779296875,285.04998779296875,285.20001220703125,285.0,285.20001220703125,40031
2026-04-27 05:32:00+00:00,285.1000061035156,285.1000061035156,285.1000061035156,285.0,285.1000061035156,934
2026-04-27 05:33:00+00:00,285.1000061035156,285.1000061035156,285.1499938964844,285.0,285.1499938964844,1869
2026-04-27 05:34:00+00:00,285.29998779296875,285.29998779296875,285.3500061035156,285.04998779296875,285.04998779296875,91429
2026-04-27 05:35:00+00:00,285.1499938964844,285.1499938964844,285.29998779296875,285.1499938964844,285.29998779296875,6792
2026-04-27 05:36:00+00:00,285.29998779296875,285.29998779296875,285.29998779296875,285.1499938964844,285.25,9686
2026-04-27 05:37:00+00:00,285.29998779296875,285.29998779296875,285.3500061035156,285.20001220703125,285.29998779296875,1494
2026-04-27 05:38:00+00:00,285.25,285.25,285.3500061035156,285.25,285.29998779296875,14182
2026-04-27 05:39:00+00:00,285.25,285.25,285.29998779296875,285.25,285.25,6801
2026-04-27 05:40:00+00:00,285.25,285.25,285.25,285.1499938964844,285.20001220703125,6745
2026-04-27 05:41:00+00:00,285.25,285.25,285.29998779296875,285.1499938964844,285.25,2532
2026-04-27 05:42:00+00:00,285.45001220703125,285.45001220703125,285.45001220703125,285.29998779296875,285.29998779296875,11611
2026-04-27 05:43:00+00:00,285.45001220703125,285.45001220703125,285.45001220703125,285.3999938964844,285.3999938964844,2148
2026-04-27 05:44:00+00:00,285.45001220703125,285.45001220703125,285.45001220703125,285.3999938964844,285.3999938964844,3296
2026-04-27 05:45:00+00:00,285.5,285.5,285.54998779296875,285.3999938964844,285.3999938964844,16545
2026-04-27 05:46:00+00:00,285.45001220703125,285.45001220703125,285.5,285.45001220703125,285.45001220703125,8817
2026-04-27 05:47:00+00:00,285.5,285.5,285.54998779296875,285.3500061035156,285.5,12406
2026-04-27 05:48:00+00:00,285.5,285.5,285.5,285.3500061035156,285.3500061035156,2993
2026-04-27 05:49:00+00:00,285.3500061035156,285.3500061035156,285.5,285.3500061035156,285.3500061035156,3893
2026-04-27 05:50:00+00:00,285.3999938964844,285.3999938964844,285.5,285.3500061035156,285.5,4893
2026-04-27 05:51:00+00:00,285.54998779296875,285.54998779296875,285.54998779296875,285.3999938964844,285.3999938964844,2899
2026-04-27 05:52:00+00:00,285.6000061035156,285.6000061035156,285.6000061035156,285.45001220703125,285.54998779296875,57494
2026-04-27 05:53:00+00:00,285.5,285.5,285.6499938964844,285.45001220703125,285.45001220703125,68909
2026-04-27 05:54:00+00:00,285.54998779296875,285.54998779296875,285.6499938964844,285.45001220703125,285.5,44942
2026-04-27 05:55:00+00:00,285.5,285.5,285.54998779296875,285.45001220703125,285.45001220703125,3023
2026-04-27 05:56:00+00:00,285.5,285.5,285.5,285.45001220703125,285.5,1679
2026-04-27 05:57:00+00:00,285.45001220703125,285.45001220703125,285.54998779296875,285.45001220703125,285.5,8096
2026-04-27 05:58:00+00:00,285.3999938964844,285.3999938964844,285.5,285.29998779296875,285.5,15464
2026-04-27 05:59:00+00:00,285.25,285.25,285.3999938964844,285.1499938964844,285.3999938964844,6639
2026-04-27 06:00:00+00:00,285.25,285.25,285.25,285.1499938964844,285.1499938964844,2164
2026-04-27 06:01:00+00:00,285.1499938964844,285.1499938964844,285.29998779296875,285.1499938964844,285.25,3953
2026-04-27 06:02:00+00:00,285.1499938964844,285.1499938964844,285.29998779296875,285.1499938964844,285.29998779296875,4584
2026-04-27 06:03:00+00:00,285.1499938964844,285.1499938964844,285.20001220703125,285.1000061035156,285.1499938964844,4534
2026-04-27 06:04:00+00:00,285.0,285.0,285.20001220703125,285.0,285.1499938964844,25232
2026-04-27 06:05:00+00:00,284.95001220703125,284.95001220703125,285.0,284.8999938964844,284.95001220703125,10219
2026-04-27 06:06:00+00:00,284.8999938964844,284.8999938964844,284.95001220703125,284.8999938964844,284.95001220703125,23430
2026-04-27 06:07:00+00:00,284.79998779296875,284.79998779296875,285.0,284.79998779296875,284.8999938964844,9840
2026-04-27 06:08:00+00:00,284.75,284.75,284.8500061035156,284.70001220703125,284.8500061035156,12100
2026-04-27 06:09:00+00:00,284.79998779296875,284.79998779296875,284.8500061035156,284.6499938964844,284.70001220703125,24887
2026-04-27 06:10:00+00:00,284.95001220703125,284.95001220703125,284.95001220703125,284.79998779296875,284.8999938964844,3113
2026-04-27 06:11:00+00:00,285.0,285.0,285.0,284.95001220703125,284.95001220703125,5103
2026-04-27 06:12:00+00:00,285.04998779296875,285.04998779296875,285.1000061035156,285.0,285.0,5113
2026-04-27 06:13:00+00:00,285.0,285.0,285.1000061035156,285.0,285.04998779296875,9500
2026-04-27 06:14:00+00:00,285.0,285.0,285.1000061035156,285.0,285.04998779296875,14999
2026-04-27 06:15:00+00:00,285.04998779296875,285.04998779296875,285.1499938964844,285.0,285.0,20405
2026-04-27 06:16:00+00:00,285.20001220703125,285.20001220703125,285.20001220703125,285.04998779296875,285.1000061035156,33220
2026-04-27 06:17:00+00:00,285.1000061035156,285.1000061035156,285.20001220703125,285.0,285.0,27270
2026-04-27 06:18:00+00:00,285.1499938964844,285.1499938964844,285.1499938964844,285.0,285.1000061035156,7682
2026-04-27 06:19:00+00:00,285.1499938964844,285.1499938964844,285.1499938964844,285.0,285.04998779296875,7794
2026-04-27 06:20:00+00:00,285.1000061035156,285.1000061035156,285.1499938964844,285.0,285.04998779296875,5366
2026-04-27 06:21:00+00:00,285.04998779296875,285.04998779296875,285.1000061035156,285.0,285.0,7592
2026-04-27 06:22:00+00:00,285.0,285.0,285.04998779296875,284.95001220703125,285.04998779296875,6869
2026-04-27 06:23:00+00:00,285.0,285.0,285.04998779296875,284.8999938964844,284.95001220703125,4619
2026-04-27 06:24:00+00:00,284.8999938964844,284.8999938964844,285.0,284.79998779296875,285.0,12459
2026-04-27 06:25:00+00:00,284.79998779296875,284.79998779296875,284.95001220703125,284.75,284.8500061035156,2955
2026-04-27 06:26:00+00:00,284.8500061035156,284.8500061035156,284.95001220703125,284.8500061035156,284.95001220703125,5748
2026-04-27 06:27:00+00:00,285.0,285.0,285.0,284.8500061035156,284.8999938964844,2425
2026-04-27 06:28:00+00:00,284.8999938964844,284.8999938964844,285.04998779296875,284.8500061035156,285.0,8413
2026-04-27 06:29:00+00:00,284.8999938964844,284.8999938964844,285.0,284.79998779296875,284.79998779296875,2710
2026-04-27 06:30:00+00:00,285.0,285.0,285.0,284.8999938964844,284.95001220703125,7066
2026-04-27 06:31:00+00:00,285.0,285.0,285.04998779296875,284.8999938964844,284.95001220703125,6255
2026-04-27 06:32:00+00:00,284.8500061035156,284.8500061035156,285.04998779296875,284.8500061035156,285.04998779296875,8626
2026-04-27 06:33:00+00:00,284.8999938964844,284.8999938964844,284.95001220703125,284.8500061035156,284.8999938964844,14029
2026-04-27 06:34:00+00:00,285.04998779296875,285.04998779296875,285.04998779296875,284.8999938964844,285.0,11883
2026-04-27 06:35:00+00:00,285.1000061035156,285.1000061035156,285.1000061035156,285.0,285.0,2404
2026-04-27 06:36:00+00:00,285.1000061035156,285.1000061035156,285.1499938964844,285.0,285.04998779296875,3364
2026-04-27 06:37:00+00:00,285.1499938964844,285.1499938964844,285.1499938964844,285.0,285.0,6528
2026-04-27 06:38:00+00:00,285.1499938964844,285.1499938964844,285.1499938964844,285.04998779296875,285.1000061035156,3153
2026-04-27 06:39:00+00:00,285.04998779296875,285.04998779296875,285.1499938964844,284.95001220703125,285.1000061035156,17581
2026-04-27 06:40:00+00:00,285.1499938964844,285.1499938964844,285.1499938964844,285.04998779296875,285.04998779296875,6880
2026-04-27 06:41:00+00:00,285.0,285.0,285.1499938964844,285.0,285.0,3659
2026-04-27 06:42:00+00:00,285.0,285.0,285.04998779296875,285.0,285.04998779296875,3558
2026-04-27 06:43:00+00:00,285.1499938964844,285.1499938964844,285.1499938964844,285.0,285.04998779296875,14219
2026-04-27 06:44:00+00:00,285.1000061035156,285.1000061035156,285.1499938964844,285.1000061035156,285.1499938964844,2808
2026-04-27 06:45:00+00:00,285.20001220703125,285.20001220703125,285.20001220703125,285.04998779296875,285.1000061035156,14884
2026-04-27 06:46:00+00:00,285.04998779296875,285.04998779296875,285.20001220703125,285.04998779296875,285.1499938964844,14494
2026-04-27 06:47:00+00:00,285.20001220703125,285.20001220703125,285.20001220703125,285.04998779296875,285.1499938964844,30366
2026-04-27 06:48:00+00:00,285.20001220703125,285.20001220703125,285.20001220703125,285.04998779296875,285.1000061035156,23724
2026-04-27 06:49:00+00:00,285.20001220703125,285.20001220703125,285.20001220703125,285.0,285.0,43654
2026-04-27 06:50:00+00:00,285.1000061035156,285.1000061035156,285.1499938964844,285.0,285.04998779296875,10160
2026-04-27 06:51:00+00:00,285.1499938964844,285.1499938964844,285.20001220703125,285.0,285.1000061035156,5070
2026-04-27 06:52:00+00:00,285.1000061035156,285.1000061035156,285.20001220703125,285.04998779296875,285.04998779296875,2716
2026-04-27 06:53:00+00:00,285.1499938964844,285.1499938964844,285.20001220703125,285.04998779296875,285.1000061035156,7493
2026-04-27 06:54:00+00:00,285.1499938964844,285.1499938964844,285.20001220703125,285.0,285.0,15632
2026-04-27 06:55:00+00:00,285.04998779296875,285.04998779296875,285.20001220703125,285.04998779296875,285.1000061035156,4975
2026-04-27 06:56:00+00:00,285.1499938964844,285.1499938964844,285.20001220703125,285.04998779296875,285.04998779296875,12302
2026-04-27 06:57:00+00:00,285.20001220703125,285.20001220703125,285.20001220703125,285.0,285.20001220703125,8570
2026-04-27 06:58:00+00:00,285.20001220703125,285.20001220703125,285.20001220703125,285.04998779296875,285.04998779296875,3983
2026-04-27 06:59:00+00:00,285.20001220703125,285.20001220703125,285.20001220703125,285.1499938964844,285.20001220703125,5794
2026-04-27 07:00:00+00:00,285.20001220703125,285.20001220703125,285.20001220703125,285.1499938964844,285.1499938964844,5671
2026-04-27 07:01:00+00:00,285.25,285.25,285.25,285.1000061035156,285.20001220703125,3922
2026-04-27 07:02:00+00:00,285.25,285.25,285.25,285.1499938964844,285.25,4416
2026-04-27 07:03:00+00:00,285.20001220703125,285.20001220703125,285.29998779296875,285.1000061035156,285.25,13004
2026-04-27 07:04:00+00:00,285.5,285.5,285.5,285.20001220703125,285.20001220703125,7007
2026-04-27 07:05:00+00:00,285.45001220703125,285.45001220703125,285.5,285.3500061035156,285.5,9730
2026-04-27 07:06:00+00:00,285.3999938964844,285.3999938964844,285.5,285.3500061035156,285.45001220703125,6593
2026-04-27 07:07:00+00:00,285.5,285.5,285.5,285.3999938964844,285.5,7914
2026-04-27 07:08:00+00:00,285.5,285.5,285.5,285.3999938964844,285.3999938964844,3031
2026-04-27 07:09:00+00:00,285.5,285.5,285.5,285.3999938964844,285.5,4340
2026-04-27 07:10:00+00:00,285.5,285.5,285.5,285.3999938964844,285.45001220703125,9353
2026-04-27 07:11:00+00:00,285.45001220703125,285.45001220703125,285.5,285.29998779296875,285.5,15380
2026-04-27 07:12:00+00:00,285.29998779296875,285.29998779296875,285.45001220703125,285.29998779296875,285.29998779296875,5736
2026-04-27 07:13:00+00:00,285.45001220703125,285.45001220703125,285.45001220703125,285.29998779296875,285.29998779296875,4525
2026-04-27 07:14:00+00:00,285.29998779296875,285.29998779296875,285.3999938964844,285.29998779296875,285.3999938964844,4897
2026-04-27 07:15:00+00:00,285.3999938964844,285.3999938964844,285.45001220703125,285.29998779296875,285.3999938964844,6082
2026-04-27 07:16:00+00:00,285.3500061035156,285.3500061035156,285.45001220703125,285.29998779296875,285.29998779296875,3267
2026-04-27 07:17:00+00:00,285.45001220703125,285.45001220703125,285.45001220703125,285.3500061035156,285.45001220703125,6480
2026-04-27 07:18:00+00:00,285.29998779296875,285.29998779296875,285.3999938964844,285.29998779296875,285.3500061035156,10513
2026-04-27 07:19:00+00:00,285.3500061035156,285.3500061035156,285.3500061035156,285.25,285.25,7122
2026-04-27 07:20:00+00:00,285.3999938964844,285.3999938964844,285.3999938964844,285.3500061035156,285.3999938964844,3486
2026-04-27 07:21:00+00:00,285.29998779296875,285.29998779296875,285.3500061035156,285.29998779296875,285.29998779296875,10800
2026-04-27 07:22:00+00:00,285.20001220703125,285.20001220703125,285.3500061035156,285.20001220703125,285.25,17600
2026-04-27 07:23:00+00:00,285.3999938964844,285.3999938964844,285.3999938964844,285.25,285.3500061035156,5561
2026-04-27 07:24:00+00:00,285.20001220703125,285.20001220703125,285.25,285.0,285.0,23118
2026-04-27 07:25:00+00:00,285.20001220703125,285.20001220703125,285.20001220703125,285.04998779296875,285.20001220703125,5652
2026-04-27 07:26:00+00:00,285.25,285.25,285.29998779296875,285.04998779296875,285.1499938964844,7468
2026-04-27 07:27:00+00:00,285.20001220703125,285.20001220703125,285.25,285.0,285.1499938964844,6992
2026-04-27 07:28:00+00:00,285.20001220703125,285.20001220703125,285.25,285.1000061035156,285.25,3351
2026-04-27 07:29:00+00:00,285.1000061035156,285.1000061035156,285.20001220703125,285.0,285.20001220703125,38319
2026-04-27 07:30:00+00:00,285.04998779296875,285.04998779296875,285.1000061035156,284.8999938964844,285.1000061035156,28718
2026-04-27 07:31:00+00:00,285.04998779296875,285.04998779296875,285.04998779296875,284.8999938964844,285.04998779296875,5096
2026-04-27 07:32:00+00:00,285.1000061035156,285.1000061035156,285.1000061035156,284.8999938964844,284.95001220703125,9163
2026-04-27 07:33:00+00:00,285.1000061035156,285.1000061035156,285.1000061035156,284.95001220703125,285.1000061035156,4037
2026-04-27 07:34:00+00:00,285.1499938964844,285.1499938964844,285.1499938964844,285.0,285.1000061035156,254063
2026-04-27 07:35:00+00:00,285.1499938964844,285.1499938964844,285.20001220703125,285.04998779296875,285.1499938964844,6594
2026-04-27 07:36:00+00:00,285.1000061035156,285.1000061035156,285.20001220703125,285.1000061035156,285.1000061035156,3647
2026-04-27 07:37:00+00:00,285.1000061035156,285.1000061035156,285.20001220703125,285.1000061035156,285.20001220703125,5166
2026-04-27 07:38:00+00:00,285.25,285.25,285.25,285.1499938964844,285.1499938964844,6170
2026-04-27 07:39:00+00:00,285.25,285.25,285.29998779296875,285.1499938964844,285.20001220703125,9770
2026-04-27 07:40:00+00:00,285.29998779296875,285.29998779296875,285.3999938964844,285.20001220703125,285.25,8816
2026-04-27 07:41:00+00:00,285.3500061035156,285.3500061035156,285.3999938964844,285.29998779296875,285.3999938964844,8020
2026-04-27 07:42:00+00:00,285.25,285.25,285.3500061035156,285.20001220703125,285.3500061035156,12380
2026-04-27 07:43:00+00:00,285.45001220703125,285.45001220703125,285.45001220703125,285.25,285.29998779296875,15324
2026-04-27 07:44:00+00:00,285.6000061035156,285.6000061035156,285.6000061035156,285.3999938964844,285.3999938964844,5730
2026-04-27 07:45:00+00:00,285.6000061035156,285.6000061035156,285.6499938964844,285.54998779296875,285.6000061035156,6694
2026-04-27 07:46:00+00:00,285.70001220703125,285.70001220703125,285.70001220703125,285.54998779296875,285.6000061035156,27021
2026-04-27 07:47:00+00:00,285.6000061035156,285.6000061035156,285.70001220703125,285.54998779296875,285.70001220703125,13417
2026-04-27 07:48:00+00:00,285.54998779296875,285.54998779296875,285.70001220703125,285.54998779296875,285.70001220703125,11426
2026-04-27 07:49:00+00:00,285.54998779296875,285.54998779296875,285.70001220703125,285.54998779296875,285.6499938964844,14665
2026-04-27 07:50:00+00:00,285.6000061035156,285.6000061035156,285.70001220703125,285.54998779296875,285.70001220703125,8287
2026-04-27 07:51:00+00:00,285.6000061035156,285.6000061035156,285.6499938964844,285.54998779296875,285.6000061035156,6791
2026-04-27 07:52:00+00:00,285.6000061035156,285.6000061035156,285.6499938964844,285.54998779296875,285.6000061035156,9104
2026-04-27 07:53:00+00:00,285.6000061035156,285.6000061035156,285.6499938964844,285.54998779296875,285.54998779296875,11486
2026-04-27 07:54:00+00:00,285.54998779296875,285.54998779296875,285.6499938964844,285.54998779296875,285.6499938964844,17294
2026-04-27 07:55:00+00:00,285.6000061035156,285.6000061035156,285.70001220703125,285.54998779296875,285.6499938964844,18039
2026-04-27 07:56:00+00:00,285.6499938964844,285.6499938964844,285.70001220703125,285.54998779296875,285.54998779296875,9370
2026-04-27 07:57:00+00:00,285.70001220703125,285.70001220703125,285.75,285.5,285.75,27222
2026-04-27 07:58:00+00:00,285.6499938964844,285.6499938964844,285.70001220703125,285.5,285.70001220703125,30734
2026-04-27 07:59:00+00:00,285.70001220703125,285.70001220703125,285.75,285.54998779296875,285.70001220703125,10946
2026-04-27 08:00:00+00:00,285.6000061035156,285.6000061035156,285.75,285.54998779296875,285.6000061035156,22284
2026-04-27 08:01:00+00:00,285.6000061035156,285.6000061035156,285.70001220703125,285.5,285.6499938964844,13948
2026-04-27 08:02:00+00:00,285.5,285.5,285.6499938964844,285.45001220703125,285.6000061035156,15912
2026-04-27 08:03:00+00:00,285.6000061035156,285.6000061035156,285.6499938964844,285.5,285.6499938964844,40012
2026-04-27 08:04:00+00:00,285.54998779296875,285.54998779296875,285.75,285.54998779296875,285.75,26685
2026-04-27 08:05:00+00:00,285.6499938964844,285.6499938964844,285.75,285.5,285.75,22084
2026-04-27 08:06:00+00:00,285.6499938964844,285.6499938964844,285.75,285.5,285.70001220703125,21286
2026-04-27 08:07:00+00:00,285.8999938964844,285.8999938964844,285.8999938964844,285.6499938964844,285.6499938964844,16138
2026-04-27 08:08:00+00:00,285.95001220703125,285.95001220703125,285.95001220703125,285.79998779296875,285.8999938964844,22776
2026-04-27 08:09:00+00:00,285.79998779296875,285.79998779296875,285.95001220703125,285.79998779296875,285.8500061035156,10690
2026-04-27 08:10:00+00:00,286.0,286.0,286.1000061035156,285.79998779296875,285.79998779296875,71050
2026-04-27 08:11:00+00:00,285.95001220703125,285.95001220703125,286.1000061035156,285.8500061035156,285.95001220703125,12903
2026-04-27 08:12:00+00:00,286.0,286.0,286.1000061035156,286.0,286.1000061035156,14779
2026-04-27 08:13:00+00:00,285.8999938964844,285.8999938964844,286.0,285.79998779296875,286.0,32721
2026-04-27 08:14:00+00:00,285.8500061035156,285.8500061035156,285.8500061035156,285.6499938964844,285.75,13468
2026-04-27 08:15:00+00:00,285.8500061035156,285.8500061035156,285.8999938964844,285.75,285.79998779296875,7022
2026-04-27 08:16:00+00:00,285.79998779296875,285.79998779296875,285.8999938964844,285.79998779296875,285.8500061035156,4411
2026-04-27 08:17:00+00:00,285.8999938964844,285.8999938964844,285.8999938964844,285.79998779296875,285.8999938964844,8496
2026-04-27 08:18:00+00:00,285.8999938964844,285.8999938964844,285.8999938964844,285.70001220703125,285.70001220703125,9047
2026-04-27 08:19:00+00:00,285.8500061035156,285.8500061035156,285.8999938964844,285.75,285.79998779296875,6809
2026-04-27 08:20:00+00:00,285.6499938964844,285.6499938964844,285.8500061035156,285.6499938964844,285.8500061035156,15569
2026-04-27 08:21:00+00:00,285.6000061035156,285.6000061035156,285.6000061035156,285.5,285.6000061035156,21178
2026-04-27 08:22:00+00:00,285.45001220703125,285.45001220703125,285.6000061035156,285.3500061035156,285.5,27161
2026-04-27 08:23:00+00:00,285.6000061035156,285.6000061035156,285.6000061035156,285.5,285.5,6547
2026-04-27 08:24:00+00:00,285.70001220703125,285.70001220703125,285.70001220703125,285.45001220703125,285.5,9276
2026-04-27 08:25:00+00:00,285.6499938964844,285.6499938964844,285.75,285.6000061035156,285.75,9779
2026-04-27 08:26:00+00:00,285.6000061035156,285.6000061035156,285.6499938964844,285.6000061035156,285.6499938964844,6636
2026-04-27 08:27:00+00:00,285.6499938964844,285.6499938964844,285.70001220703125,285.6000061035156,285.6499938964844,4121
2026-04-27 08:28:00+00:00,285.6000061035156,285.6000061035156,285.6000061035156,285.45001220703125,285.6000061035156,24420
2026-04-27 08:29:00+00:00,285.6499938964844,285.6499938964844,285.6499938964844,285.5,285.5,5241
2026-04-27 08:30:00+00:00,285.54998779296875,285.54998779296875,285.6499938964844,285.54998779296875,285.6499938964844,6301
2026-04-27 08:31:00+00:00,285.6499938964844,285.6499938964844,285.6499938964844,285.54998779296875,285.6499938964844,11738
2026-04-27 08:32:00+00:00,285.6000061035156,285.6000061035156,285.6499938964844,285.54998779296875,285.54998779296875,15300
2026-04-27 08:33:00+00:00,285.6000061035156,285.6000061035156,285.6000061035156,285.54998779296875,285.54998779296875,15517
2026-04-27 08:34:00+00:00,285.6000061035156,285.6000061035156,285.70001220703125,285.5,285.6499938964844,9108
2026-04-27 08:35:00+00:00,285.54998779296875,285.54998779296875,285.6499938964844,285.5,285.6000061035156,11969
2026-04-27 08:36:00+00:00,285.70001220703125,285.70001220703125,285.70001220703125,285.5,285.70001220703125,7851
2026-04-27 08:37:00+00:00,285.70001220703125,285.70001220703125,285.70001220703125,285.54998779296875,285.70001220703125,17293
2026-04-27 08:38:00+00:00,285.70001220703125,285.70001220703125,285.70001220703125,285.5,285.54998779296875,17753
2026-04-27 08:39:00+00:00,285.54998779296875,285.54998779296875,285.6499938964844,285.54998779296875,285.54998779296875,13579
2026-04-27 08:40:00+00:00,285.70001220703125,285.70001220703125,285.70001220703125,285.54998779296875,285.6000061035156,45726
2026-04-27 08:41:00+00:00,285.5,285.5,285.6499938964844,285.5,285.6000061035156,44804
2026-04-27 08:42:00+00:00,285.6499938964844,285.6499938964844,285.70001220703125,285.54998779296875,285.54998779296875,19628
2026-04-27 08:43:00+00:00,285.70001220703125,285.70001220703125,285.70001220703125,285.5,285.6499938964844,15449
2026-04-27 08:44:00+00:00,285.6499938964844,285.6499938964844,285.8500061035156,285.5,285.8500061035156,71209
2026-04-27 08:45:00+00:00,285.54998779296875,285.54998779296875,285.6499938964844,285.5,285.54998779296875,8100
2026-04-27 08:46:00+00:00,285.45001220703125,285.45001220703125,285.54998779296875,285.3999938964844,285.5,6827
2026-04-27 08:47:00+00:00,285.54998779296875,285.54998779296875,285.6000061035156,285.45001220703125,285.54998779296875,5732
2026-04-27 08:48:00+00:00,285.3999938964844,285.3999938964844,285.54998779296875,285.3999938964844,285.54998779296875,10275
2026-04-27 08:49:00+00:00,285.5,285.5,285.5,285.3999938964844,285.3999938964844,3932
2026-04-27 08:50:00+00:00,285.54998779296875,285.54998779296875,285.6000061035156,285.3999938964844,285.3999938964844,4771
2026-04-27 08:51:00+00:00,285.54998779296875,285.54998779296875,285.6000061035156,285.5,285.54998779296875,6385
2026-04-27 08:52:00+00:00,285.6000061035156,285.6000061035156,285.6499938964844,285.5,285.54998779296875,6072
2026-04-27 08:53:00+00:00,285.6499938964844,285.6499938964844,285.6499938964844,285.54998779296875,285.6000061035156,6836
2026-04-27 08:54:00+00:00,285.6499938964844,285.6499938964844,285.6499938964844,285.54998779296875,285.54998779296875,7115
2026-04-27 08:55:00+00:00,285.70001220703125,285.70001220703125,285.70001220703125,285.54998779296875,285.54998779296875,9303
2026-04-27 08:56:00+00:00,285.6499938964844,285.6499938964844,285.70001220703125,285.6000061035156,285.70001220703125,4901
2026-04-27 08:57:00+00:00,285.6499938964844,285.6499938964844,285.6499938964844,285.54998779296875,285.6000061035156,11311
2026-04-27 08:58:00+00:00,285.6000061035156,285.6000061035156,285.6499938964844,285.54998779296875,285.6499938964844,5796
2026-04-27 08:59:00+00:00,285.6499938964844,285.6499938964844,285.6499938964844,285.54998779296875,285.54998779296875,8904
2026-04-27 09:00:00+00:00,285.54998779296875,285.54998779296875,285.6499938964844,285.54998779296875,285.6499938964844,9684
2026-04-27 09:01:00+00:00,285.6499938964844,285.6499938964844,285.70001220703125,285.54998779296875,285.54998779296875,10116
2026-04-27 09:02:00+00:00,285.70001220703125,285.70001220703125,285.70001220703125,285.54998779296875,285.6499938964844,10438
2026-04-27 09:03:00+00:00,285.25,285.25,285.6499938964844,285.20001220703125,285.6499938964844,67450
2026-04-27 09:04:00+00:00,285.75,285.75,285.8500061035156,285.29998779296875,285.29998779296875,25653
2026-04-27 09:05:00+00:00,285.6499938964844,285.6499938964844,285.75,285.54998779296875,285.75,12453
2026-04-27 09:06:00+00:00,285.6000061035156,285.6000061035156,285.70001220703125,285.45001220703125,285.54998779296875,10581
2026-04-27 09:07:00+00:00,285.54998779296875,285.54998779296875,285.6499938964844,285.5,285.5,6200
2026-04-27 09:08:00+00:00,285.6000061035156,285.6000061035156,285.70001220703125,285.54998779296875,285.54998779296875,5251
2026-04-27 09:09:00+00:00,285.6000061035156,285.6000061035156,285.70001220703125,285.54998779296875,285.6000061035156,9325
2026-04-27 09:10:00+00:00,285.70001220703125,285.70001220703125,285.70001220703125,285.6000061035156,285.6000061035156,12471
2026-04-27 09:11:00+00:00,285.6499938964844,285.6499938964844,285.75,285.6499938964844,285.70001220703125,6310
2026-04-27 09:12:00+00:00,285.6499938964844,285.6499938964844,285.75,285.6499938964844,285.6499938964844,11594
2026-04-27 09:13:00+00:00,285.6499938964844,285.6499938964844,285.8500061035156,285.6499938964844,285.6499938964844,34319
2026-04-27 09:14:00+00:00,285.8500061035156,285.8500061035156,285.8999938964844,285.6499938964844,285.6499938964844,8743
2026-04-27 09:15:00+00:00,285.70001220703125,285.70001220703125,285.8999938964844,285.70001220703125,285.79998779296875,11134
2026-04-27 09:16:00+00:00,285.79998779296875,285.79998779296875,285.79998779296875,285.6499938964844,285.79998779296875,10619
2026-04-27 09:17:00+00:00,285.79998779296875,285.79998779296875,285.79998779296875,285.70001220703125,285.79998779296875,7709
2026-04-27 09:18:00+00:00,285.70001220703125,285.70001220703125,285.8500061035156,285.70001220703125,285.70001220703125,14913
2026-04-27 09:19:00+00:00,285.8500061035156,285.8500061035156,285.8500061035156,285.70001220703125,285.79998779296875,13486
2026-04-27 09:20:00+00:00,285.70001220703125,285.70001220703125,285.79998779296875,285.6000061035156,285.70001220703125,12931
2026-04-27 09:21:00+00:00,285.79998779296875,285.79998779296875,285.79998779296875,285.6000061035156,285.75,13831
2026-04-27 09:22:00+00:00,285.8500061035156,285.8500061035156,285.8500061035156,285.5,285.70001220703125,11319
2026-04-27 09:23:00+00:00,285.8999938964844,285.8999938964844,285.8999938964844,285.79998779296875,285.8500061035156,8635
2026-04-27 09:24:00+00:00,286.0,286.0,286.0,285.75,285.79998779296875,20962
2026-04-27 09:25:00+00:00,286.1000061035156,286.1000061035156,286.1499938964844,285.8999938964844,285.8999938964844,39147
2026-04-27 09:26:00+00:00,286.1000061035156,286.1000061035156,286.1499938964844,286.04998779296875,286.04998779296875,14203
2026-04-27 09:27:00+00:00,286.20001220703125,286.20001220703125,286.20001220703125,286.04998779296875,286.1499938964844,14498
2026-04-27 09:28:00+00:00,286.1499938964844,286.1499938964844,286.20001220703125,286.1000061035156,286.1000061035156,13275
2026-04-27 09:29:00+00:00,286.1499938964844,286.1499938964844,286.20001220703125,286.04998779296875,286.1499938964844,8981
2026-04-27 09:30:00+00:00,286.04998779296875,286.04998779296875,286.1000061035156,286.0,286.04998779296875,21712
2026-04-27 09:31:00+00:00,286.1000061035156,286.1000061035156,286.1000061035156,286.0,286.1000061035156,19699
2026-04-27 09:32:00+00:00,286.1000061035156,286.1000061035156,286.1000061035156,286.04998779296875,286.1000061035156,41082
2026-04-27 09:33:00+00:00,286.1000061035156,286.1000061035156,286.1000061035156,286.0,286.1000061035156,15031
2026-04-27 09:34:00+00:00,286.0,286.0,286.1499938964844,286.0,286.1000061035156,22012
2026-04-27 09:35:00+00:00,286.0,286.0,286.04998779296875,286.0,286.04998779296875,20567
2026-04-27 09:36:00+00:00,286.04998779296875,286.04998779296875,286.1000061035156,286.0,286.0,20496
2026-04-27 09:37:00+00:00,286.1000061035156,286.1000061035156,286.1000061035156,286.0,286.1000061035156,12967
2026-04-27 09:38:00+00:00,286.0,286.0,286.04998779296875,285.95001220703125,286.0,26477
2026-04-27 09:39:00+00:00,285.95001220703125,285.95001220703125,285.95001220703125,285.75,285.95001220703125,44317
2026-04-27 09:40:00+00:00,285.79998779296875,285.79998779296875,285.95001220703125,285.79998779296875,285.8999938964844,53468
2026-04-27 09:41:00+00:00,285.8500061035156,285.8500061035156,285.8999938964844,285.79998779296875,285.8999938964844,13311
2026-04-27 09:42:00+00:00,285.95001220703125,285.95001220703125,285.95001220703125,285.8500061035156,285.8999938964844,14678
2026-04-27 09:43:00+00:00,285.95001220703125,285.95001220703125,285.95001220703125,285.79998779296875,285.8500061035156,43551
2026-04-27 09:44:00+00:00,285.95001220703125,285.95001220703125,285.95001220703125,285.79998779296875,285.79998779296875,14181
2026-04-27 09:45:00+00:00,286.0,286.0,286.0,285.8500061035156,285.8500061035156,34810
2026-04-27 09:46:00+00:00,286.0,286.0,286.0,285.8500061035156,286.0,35083
2026-04-27 09:47:00+00:00,285.8500061035156,285.8500061035156,285.95001220703125,285.75,285.8999938964844,26379
2026-04-27 09:48:00+00:00,286.0,286.0,286.0,285.8500061035156,285.95001220703125,25118
2026-04-27 09:49:00+00:00,285.95001220703125,285.95001220703125,286.0,285.8999938964844,285.8999938964844,30354
2026-04-27 09:50:00+00:00,285.95001220703125,285.95001220703125,285.95001220703125,285.70001220703125,285.70001220703125,46634
2026-04-27 09:51:00+00:00,285.8500061035156,285.8500061035156,285.95001220703125,285.8500061035156,285.95001220703125,29542
2026-04-27 09:52:00+00:00,285.75,285.75,285.8500061035156,285.70001220703125,285.8500061035156,33702
2026-04-27 09:53:00+00:00,285.8999938964844,285.8999938964844,285.95001220703125,285.75,285.75,37137
2026-04-27 09:54:00+00:00,285.95001220703125,285.95001220703125,285.95001220703125,285.79998779296875,285.79998779296875,43736
2026-04-27 09:55:00+00:00,285.8500061035156,285.8500061035156,285.95001220703125,285.75,285.95001220703125,50876
2026-04-27 09:56:00+00:00,285.8999938964844,285.8999938964844,285.95001220703125,285.75,285.8999938964844,51965
2026-04-27 09:57:00+00:00,285.79998779296875,285.79998779296875,285.8500061035156,285.79998779296875,285.79998779296875,34052
2026-04-27 09:58:00+00:00,285.79998779296875,285.79998779296875,285.79998779296875,285.75,285.75,14542
2026-04-27 09:59:00+00:00,285.1000061035156,285.1000061035156,285.8500061035156,285.1000061035156,285.8500061035156,52787
2026-04-28 03:45:00+00:00,286.8500061035156,286.8500061035156,286.8999938964844,286.20001220703125,286.5,0
2026-04-28 03:46:00+00:00,288.0,288.0,288.20001220703125,286.75,286.75,271854
2026-04-28 03:47:00+00:00,287.54998779296875,287.54998779296875,287.75,287.5,287.75,92860
2026-04-28 03:48:00+00:00,287.79998779296875,287.79998779296875,288.0,287.54998779296875,287.54998779296875,192269
2026-04-28 03:49:00+00:00,288.79998779296875,288.79998779296875,288.79998779296875,288.04998779296875,288.1000061035156,247309
2026-04-28 03:50:00+00:00,289.0,289.0,289.6499938964844,288.75,288.8500061035156,265345
2026-04-28 03:51:00+00:00,289.29998779296875,289.29998779296875,289.3999938964844,289.1499938964844,289.3999938964844,154164
2026-04-28 03:52:00+00:00,289.04998779296875,289.04998779296875,289.29998779296875,288.79998779296875,289.20001220703125,61965
2026-04-28 03:53:00+00:00,289.0,289.0,289.04998779296875,288.6499938964844,289.0,103708
2026-04-28 03:54:00+00:00,289.95001220703125,289.95001220703125,289.95001220703125,288.95001220703125,289.1499938964844,282445
2026-04-28 03:55:00+00:00,291.20001220703125,291.20001220703125,291.5,290.20001220703125,290.5,510178
2026-04-28 03:56:00+00:00,291.1000061035156,291.1000061035156,291.54998779296875,291.0,291.5,187128
2026-04-28 03:57:00+00:00,290.75,290.75,291.20001220703125,290.70001220703125,291.0,113013
2026-04-28 03:58:00+00:00,290.6000061035156,290.6000061035156,290.75,290.6000061035156,290.6499938964844,92758
2026-04-28 03:59:00+00:00,289.79998779296875,289.79998779296875,290.54998779296875,289.79998779296875,290.54998779296875,73748
2026-04-28 04:00:00+00:00,289.79998779296875,289.79998779296875,289.8999938964844,289.79998779296875,289.79998779296875,54010
2026-04-28 04:01:00+00:00,289.8500061035156,289.8500061035156,290.0,289.70001220703125,289.70001220703125,51299
2026-04-28 04:02:00+00:00,290.6000061035156,290.6000061035156,290.6000061035156,290.0,290.0,144752
2026-04-28 04:03:00+00:00,290.75,290.75,290.75,290.5,290.5,109379
2026-04-28 04:04:00+00:00,290.1000061035156,290.1000061035156,290.6000061035156,290.1000061035156,290.6000061035156,91183
2026-04-28 04:05:00+00:00,290.1000061035156,290.1000061035156,290.25,289.8999938964844,290.25,87617
2026-04-28 04:06:00+00:00,290.3999938964844,290.3999938964844,290.3999938964844,290.1000061035156,290.1499938964844,82135
2026-04-28 04:07:00+00:00,291.04998779296875,291.04998779296875,291.04998779296875,290.3999938964844,290.3999938964844,181972
2026-04-28 04:08:00+00:00,291.1499938964844,291.1499938964844,291.25,291.04998779296875,291.04998779296875,119997
2026-04-28 04:09:00+00:00,290.1499938964844,290.1499938964844,291.1499938964844,290.1000061035156,291.1000061035156,129460
2026-04-28 04:10:00+00:00,290.75,290.75,290.8500061035156,290.1000061035156,290.1000061035156,49082
2026-04-28 04:11:00+00:00,290.95001220703125,290.95001220703125,291.0,290.79998779296875,290.8500061035156,70962
2026-04-28 04:12:00+00:00,290.8500061035156,290.8500061035156,291.25,290.54998779296875,291.04998779296875,137791
2026-04-28 04:13:00+00:00,291.70001220703125,291.70001220703125,291.79998779296875,290.70001220703125,290.70001220703125,196549
2026-04-28 04:14:00+00:00,291.45001220703125,291.45001220703125,291.8500061035156,291.3500061035156,291.6000061035156,103612
2026-04-28 04:15:00+00:00,291.79998779296875,291.79998779296875,291.95001220703125,291.5,291.6000061035156,252246
2026-04-28 04:16:00+00:00,291.8999938964844,291.8999938964844,292.0,291.79998779296875,291.95001220703125,242923
2026-04-28 04:17:00+00:00,292.04998779296875,292.04998779296875,292.04998779296875,291.8500061035156,291.95001220703125,199419
2026-04-28 04:18:00+00:00,291.95001220703125,291.95001220703125,292.1000061035156,291.8999938964844,292.0,97500
2026-04-28 04:19:00+00:00,292.1000061035156,292.1000061035156,292.1000061035156,291.95001220703125,292.0,70905
2026-04-28 04:20:00+00:00,292.1000061035156,292.1000061035156,292.1000061035156,291.95001220703125,292.0,113048
2026-04-28 04:21:00+00:00,292.45001220703125,292.45001220703125,293.20001220703125,292.25,292.25,695258
2026-04-28 04:22:00+00:00,293.0,293.0,293.04998779296875,292.5,292.6000061035156,136742
2026-04-28 04:23:00+00:00,292.8500061035156,292.8500061035156,293.1000061035156,292.79998779296875,292.95001220703125,135979
2026-04-28 04:24:00+00:00,293.04998779296875,293.04998779296875,293.20001220703125,292.79998779296875,292.8500061035156,156200
2026-04-28 04:25:00+00:00,293.0,293.0,293.6000061035156,293.0,293.04998779296875,456693
2026-04-28 04:26:00+00:00,293.3999938964844,293.3999938964844,293.6000061035156,293.0,293.1000061035156,161235
2026-04-28 04:27:00+00:00,293.3999938964844,293.3999938964844,293.6000061035156,293.1499938964844,293.3999938964844,225758
2026-04-28 04:28:00+00:00,293.20001220703125,293.20001220703125,293.54998779296875,293.1499938964844,293.3999938964844,163671
2026-04-28 04:29:00+00:00,292.8500061035156,292.8500061035156,293.3500061035156,292.8500061035156,293.29998779296875,216789
2026-04-28 04:30:00+00:00,293.1000061035156,293.1000061035156,293.29998779296875,293.0,293.0,78157
2026-04-28 04:31:00+00:00,293.25,293.25,293.29998779296875,293.04998779296875,293.1000061035156,140303
2026-04-28 04:32:00+00:00,291.70001220703125,291.70001220703125,293.04998779296875,291.70001220703125,293.04998779296875,312104
2026-04-28 04:33:00+00:00,292.20001220703125,292.20001220703125,292.3500061035156,291.5,291.6499938964844,285247
2026-04-28 04:34:00+00:00,292.54998779296875,292.54998779296875,292.75,291.95001220703125,292.20001220703125,135469
2026-04-28 04:35:00+00:00,292.3500061035156,292.3500061035156,292.6499938964844,292.3500061035156,292.54998779296875,54544
2026-04-28 04:36:00+00:00,292.54998779296875,292.54998779296875,292.54998779296875,292.1499938964844,292.3999938964844,172926
2026-04-28 04:37:00+00:00,293.0,293.0,293.04998779296875,292.3999938964844,292.5,146273
2026-04-28 04:38:00+00:00,293.3999938964844,293.3999938964844,293.5,293.04998779296875,293.04998779296875,192573
2026-04-28 04:39:00+00:00,293.3999938964844,293.3999938964844,293.6499938964844,293.3500061035156,293.3500061035156,151800
2026-04-28 04:40:00+00:00,293.5,293.5,293.5,293.1000061035156,293.45001220703125,122469
2026-04-28 04:41:00+00:00,293.45001220703125,293.45001220703125,293.54998779296875,293.25,293.3500061035156,91694
2026-04-28 04:42:00+00:00,293.3500061035156,293.3500061035156,293.5,293.3500061035156,293.3500061035156,47455
2026-04-28 04:43:00+00:00,293.6499938964844,293.6499938964844,293.79998779296875,293.29998779296875,293.45001220703125,227811
2026-04-28 04:44:00+00:00,293.95001220703125,293.95001220703125,294.25,293.6000061035156,293.75,356563
2026-04-28 04:45:00+00:00,293.5,293.5,294.1499938964844,293.3500061035156,293.95001220703125,241938
2026-04-28 04:46:00+00:00,294.20001220703125,294.20001220703125,294.20001220703125,293.3500061035156,293.54998779296875,90404
2026-04-28 04:47:00+00:00,294.45001220703125,294.45001220703125,294.5,294.1000061035156,294.1000061035156,195429
2026-04-28 04:48:00+00:00,294.1499938964844,294.1499938964844,294.5,293.8999938964844,294.3999938964844,216936
2026-04-28 04:49:00+00:00,294.0,294.0,294.29998779296875,293.6000061035156,294.29998779296875,86507
2026-04-28 04:50:00+00:00,294.0,294.0,294.20001220703125,293.79998779296875,293.79998779296875,75563
2026-04-28 04:51:00+00:00,294.0,294.0,294.1000061035156,293.8999938964844,294.0,53125
2026-04-28 04:52:00+00:00,294.5,294.5,294.5,294.04998779296875,294.1000061035156,55368
2026-04-28 04:53:00+00:00,294.1000061035156,294.1000061035156,294.5,294.04998779296875,294.45001220703125,84354
2026-04-28 04:54:00+00:00,294.5,294.5,294.5,294.1000061035156,294.29998779296875,95987
2026-04-28 04:55:00+00:00,294.70001220703125,294.70001220703125,294.70001220703125,294.25,294.54998779296875,138579
2026-04-28 04:56:00+00:00,294.70001220703125,294.70001220703125,294.79998779296875,294.6499938964844,294.75,91820
2026-04-28 04:57:00+00:00,294.29998779296875,294.29998779296875,294.70001220703125,294.29998779296875,294.70001220703125,68466
2026-04-28 04:58:00+00:00,294.20001220703125,294.20001220703125,294.3999938964844,294.1000061035156,294.3999938964844,56037
2026-04-28 04:59:00+00:00,293.20001220703125,293.20001220703125,294.20001220703125,293.1499938964844,294.20001220703125,262989
2026-04-28 05:00:00+00:00,293.5,293.5,293.5,293.3500061035156,293.3500061035156,76188
2026-04-28 05:01:00+00:00,293.6000061035156,293.6000061035156,293.6000061035156,293.45001220703125,293.45001220703125,30967
2026-04-28 05:02:00+00:00,294.0,294.0,294.0,293.54998779296875,293.6499938964844,75539
2026-04-28 05:03:00+00:00,294.25,294.25,294.3500061035156,293.95001220703125,294.0,87171
2026-04-28 05:04:00+00:00,293.75,293.75,294.25,293.6499938964844,294.25,71233
2026-04-28 05:05:00+00:00,293.5,293.5,293.79998779296875,293.3999938964844,293.79998779296875,63757
2026-04-28 05:06:00+00:00,293.75,293.75,293.75,293.5,293.6000061035156,36192
2026-04-28 05:07:00+00:00,293.45001220703125,293.45001220703125,293.75,293.45001220703125,293.75,68162
2026-04-28 05:08:00+00:00,293.54998779296875,293.54998779296875,293.54998779296875,293.3999938964844,293.5,33837
2026-04-28 05:09:00+00:00,293.5,293.5,293.6000061035156,293.45001220703125,293.5,65746
2026-04-28 05:10:00+00:00,293.20001220703125,293.20001220703125,293.5,293.1499938964844,293.5,53160
2026-04-28 05:11:00+00:00,292.8999938964844,292.8999938964844,293.25,292.8999938964844,293.20001220703125,162538
2026-04-28 05:12:00+00:00,293.1499938964844,293.1499938964844,293.20001220703125,292.8999938964844,292.8999938964844,43976
2026-04-28 05:13:00+00:00,293.3999938964844,293.3999938964844,293.3999938964844,293.1499938964844,293.1499938964844,38753
2026-04-28 05:14:00+00:00,293.5,293.5,293.5,293.20001220703125,293.5,49465
2026-04-28 05:15:00+00:00,293.54998779296875,293.54998779296875,293.54998779296875,293.3999938964844,293.45001220703125,39636
2026-04-28 05:16:00+00:00,293.79998779296875,293.79998779296875,293.79998779296875,293.6000061035156,293.6000061035156,30618
2026-04-28 05:17:00+00:00,293.79998779296875,293.79998779296875,293.79998779296875,293.70001220703125,293.79998779296875,53563
2026-04-28 05:18:00+00:00,293.54998779296875,293.54998779296875,293.8500061035156,293.54998779296875,293.70001220703125,39962
2026-04-28 05:19:00+00:00,293.5,293.5,293.6000061035156,293.29998779296875,293.54998779296875,48847
2026-04-28 05:20:00+00:00,293.45001220703125,293.45001220703125,293.5,293.3999938964844,293.45001220703125,21843
2026-04-28 05:21:00+00:00,293.5,293.5,293.54998779296875,293.45001220703125,293.5,46989
2026-04-28 05:22:00+00:00,293.6000061035156,293.6000061035156,293.70001220703125,293.54998779296875,293.54998779296875,38271
2026-04-28 05:23:00+00:00,293.6499938964844,293.6499938964844,293.79998779296875,293.6000061035156,293.6499938964844,47938
2026-04-28 05:24:00+00:00,293.70001220703125,293.70001220703125,293.79998779296875,293.6499938964844,293.6499938964844,60145
2026-04-28 05:25:00+00:00,293.75,293.75,293.75,293.54998779296875,293.6499938964844,19120
2026-04-28 05:26:00+00:00,293.70001220703125,293.70001220703125,293.75,293.45001220703125,293.75,90613
2026-04-28 05:27:00+00:00,293.6000061035156,293.6000061035156,293.75,293.5,293.6499938964844,32836
2026-04-28 05:28:00+00:00,293.54998779296875,293.54998779296875,293.70001220703125,293.54998779296875,293.6000061035156,26043
2026-04-28 05:29:00+00:00,293.54998779296875,293.54998779296875,293.6499938964844,293.5,293.5,44486
2026-04-28 05:30:00+00:00,293.5,293.5,293.6000061035156,293.3500061035156,293.45001220703125,27510
2026-04-28 05:31:00+00:00,293.5,293.5,293.54998779296875,293.3999938964844,293.54998779296875,27348
2026-04-28 05:32:00+00:00,293.3999938964844,293.3999938964844,293.6000061035156,293.3999938964844,293.5,52174
2026-04-28 05:33:00+00:00,293.8500061035156,293.8500061035156,293.8999938964844,293.3500061035156,293.3500061035156,198911
2026-04-28 05:34:00+00:00,294.3500061035156,294.3500061035156,294.3500061035156,293.8500061035156,293.8999938964844,160508
2026-04-28 05:35:00+00:00,294.3999938964844,294.3999938964844,294.5,294.29998779296875,294.3999938964844,90159
2026-04-28 05:36:00+00:00,294.54998779296875,294.54998779296875,294.6499938964844,294.3999938964844,294.5,175395
2026-04-28 05:37:00+00:00,294.6499938964844,294.6499938964844,294.75,294.5,294.6499938964844,67496
2026-04-28 05:38:00+00:00,294.70001220703125,294.70001220703125,294.79998779296875,294.45001220703125,294.6499938964844,54308
2026-04-28 05:39:00+00:00,294.79998779296875,294.79998779296875,294.79998779296875,294.75,294.75,56309
2026-04-28 05:40:00+00:00,294.79998779296875,294.79998779296875,294.95001220703125,294.75,294.75,138291
2026-04-28 05:41:00+00:00,295.1000061035156,295.1000061035156,295.25,294.79998779296875,294.8500061035156,374278
2026-04-28 05:42:00+00:00,295.29998779296875,295.29998779296875,295.3999938964844,295.1000061035156,295.1000061035156,84002
2026-04-28 05:43:00+00:00,295.75,295.75,295.8500061035156,295.29998779296875,295.3500061035156,167800
2026-04-28 05:44:00+00:00,295.70001220703125,295.70001220703125,295.79998779296875,295.6000061035156,295.75,136738
2026-04-28 05:45:00+00:00,295.70001220703125,295.70001220703125,295.79998779296875,295.54998779296875,295.75,100353
2026-04-28 05:46:00+00:00,295.75,295.75,295.79998779296875,295.6499938964844,295.6499938964844,38492
2026-04-28 05:47:00+00:00,295.25,295.25,295.70001220703125,295.25,295.70001220703125,116055
2026-04-28 05:48:00+00:00,295.3500061035156,295.3500061035156,295.5,295.20001220703125,295.29998779296875,54608
2026-04-28 05:49:00+00:00,295.04998779296875,295.04998779296875,295.54998779296875,294.95001220703125,295.3999938964844,147428
2026-04-28 05:50:00+00:00,295.0,295.0,295.1000061035156,294.79998779296875,295.0,153790
2026-04-28 05:51:00+00:00,295.1000061035156,295.1000061035156,295.25,295.0,295.0,92992
2026-04-28 05:52:00+00:00,295.20001220703125,295.20001220703125,295.3500061035156,295.1499938964844,295.25,50373
2026-04-28 05:53:00+00:00,295.1499938964844,295.1499938964844,295.25,295.1499938964844,295.25,30663
2026-04-28 05:54:00+00:00,295.0,295.0,295.1499938964844,295.0,295.1499938964844,102271
2026-04-28 05:55:00+00:00,295.29998779296875,295.29998779296875,295.3999938964844,295.0,295.0,52662
2026-04-28 05:56:00+00:00,295.25,295.25,295.45001220703125,295.25,295.45001220703125,48449
2026-04-28 05:57:00+00:00,295.1000061035156,295.1000061035156,295.29998779296875,295.0,295.25,41877
2026-04-28 05:58:00+00:00,295.25,295.25,295.25,295.04998779296875,295.04998779296875,47715
2026-04-28 05:59:00+00:00,295.54998779296875,295.54998779296875,295.75,295.20001220703125,295.20001220703125,211083
2026-04-28 06:00:00+00:00,295.29998779296875,295.29998779296875,295.6499938964844,295.20001220703125,295.54998779296875,49809
2026-04-28 06:01:00+00:00,295.29998779296875,295.29998779296875,295.45001220703125,295.25,295.29998779296875,37009
2026-04-28 06:02:00+00:00,295.3999938964844,295.3999938964844,295.5,295.29998779296875,295.29998779296875,54544
2026-04-28 06:03:00+00:00,295.25,295.25,295.5,295.25,295.3999938964844,37817
2026-04-28 06:04:00+00:00,295.5,295.5,295.5,295.29998779296875,295.29998779296875,65271
2026-04-28 06:05:00+00:00,295.54998779296875,295.54998779296875,295.75,295.5,295.6000061035156,55302
2026-04-28 06:06:00+00:00,295.54998779296875,295.54998779296875,295.70001220703125,295.5,295.6000061035156,59518
2026-04-28 06:07:00+00:00,295.70001220703125,295.70001220703125,295.79998779296875,295.6000061035156,295.70001220703125,38320
2026-04-28 06:08:00+00:00,295.6499938964844,295.6499938964844,295.79998779296875,295.5,295.79998779296875,81288
2026-04-28 06:09:00+00:00,295.79998779296875,295.79998779296875,295.79998779296875,295.6000061035156,295.6499938964844,63021
2026-04-28 06:10:00+00:00,296.1000061035156,296.1000061035156,296.20001220703125,295.70001220703125,295.75,268448
2026-04-28 06:11:00+00:00,295.6000061035156,295.6000061035156,296.20001220703125,295.54998779296875,296.1000061035156,206431
2026-04-28 06:12:00+00:00,295.70001220703125,295.70001220703125,295.8500061035156,295.54998779296875,295.6000061035156,150921
2026-04-28 06:13:00+00:00,295.79998779296875,295.79998779296875,295.79998779296875,295.6000061035156,295.79998779296875,143385
2026-04-28 06:14:00+00:00,295.6000061035156,295.6000061035156,295.79998779296875,295.6000061035156,295.75,113140
2026-04-28 06:15:00+00:00,295.70001220703125,295.70001220703125,295.79998779296875,295.6000061035156,295.6499938964844,24915
2026-04-28 06:16:00+00:00,295.8500061035156,295.8500061035156,295.8999938964844,295.70001220703125,295.79998779296875,41488
2026-04-28 06:17:00+00:00,295.8500061035156,295.8500061035156,295.8999938964844,295.8500061035156,295.8999938964844,34227
2026-04-28 06:18:00+00:00,295.75,295.75,295.8999938964844,295.70001220703125,295.8999938964844,88220
2026-04-28 06:19:00+00:00,295.70001220703125,295.70001220703125,295.8500061035156,295.70001220703125,295.70001220703125,27603
2026-04-28 06:20:00+00:00,295.70001220703125,295.70001220703125,295.79998779296875,295.70001220703125,295.70001220703125,39227
2026-04-28 06:21:00+00:00,295.6000061035156,295.6000061035156,295.75,295.6000061035156,295.70001220703125,61223
2026-04-28 06:22:00+00:00,295.5,295.5,295.6000061035156,295.5,295.6000061035156,28517
2026-04-28 06:23:00+00:00,295.5,295.5,295.6499938964844,295.45001220703125,295.45001220703125,56836
2026-04-28 06:24:00+00:00,295.3999938964844,295.3999938964844,295.54998779296875,295.3999938964844,295.45001220703125,16565
2026-04-28 06:25:00+00:00,295.5,295.5,295.6000061035156,295.3999938964844,295.3999938964844,24095
2026-04-28 06:26:00+00:00,295.70001220703125,295.70001220703125,295.70001220703125,295.45001220703125,295.45001220703125,32194
2026-04-28 06:27:00+00:00,295.6000061035156,295.6000061035156,295.79998779296875,295.54998779296875,295.79998779296875,50992
2026-04-28 06:28:00+00:00,295.6000061035156,295.6000061035156,295.70001220703125,295.54998779296875,295.70001220703125,40012
2026-04-28 06:29:00+00:00,295.6000061035156,295.6000061035156,295.70001220703125,295.6000061035156,295.6000061035156,32803
2026-04-28 06:30:00+00:00,295.45001220703125,295.45001220703125,295.70001220703125,295.45001220703125,295.6000061035156,107938
2026-04-28 06:31:00+00:00,295.29998779296875,295.29998779296875,295.45001220703125,295.25,295.45001220703125,40152
2026-04-28 06:32:00+00:00,295.20001220703125,295.20001220703125,295.45001220703125,295.20001220703125,295.3500061035156,167117
2026-04-28 06:33:00+00:00,296.0,296.0,296.0,295.1000061035156,295.1000061035156,353909
2026-04-28 06:34:00+00:00,295.75,295.75,296.3500061035156,295.70001220703125,296.0,249065
2026-04-28 06:35:00+00:00,295.8999938964844,295.8999938964844,296.0,295.70001220703125,295.79998779296875,66633
2026-04-28 06:36:00+00:00,296.0,296.0,296.1499938964844,295.79998779296875,295.95001220703125,235165
2026-04-28 06:37:00+00:00,296.1000061035156,296.1000061035156,296.29998779296875,295.95001220703125,296.0,133407
2026-04-28 06:38:00+00:00,296.20001220703125,296.20001220703125,296.29998779296875,296.1000061035156,296.1499938964844,62146
2026-04-28 06:39:00+00:00,296.04998779296875,296.04998779296875,296.29998779296875,295.8999938964844,296.25,230068
2026-04-28 06:40:00+00:00,296.0,296.0,296.25,295.95001220703125,296.1499938964844,124800
2026-04-28 06:41:00+00:00,296.1000061035156,296.1000061035156,296.20001220703125,295.70001220703125,296.0,110271
2026-04-28 06:42:00+00:00,296.20001220703125,296.20001220703125,296.20001220703125,296.04998779296875,296.20001220703125,36282
2026-04-28 06:43:00+00:00,296.3999938964844,296.3999938964844,296.45001220703125,296.1499938964844,296.25,99724
2026-04-28 06:44:00+00:00,296.5,296.5,296.54998779296875,296.3999938964844,296.45001220703125,106811
2026-04-28 06:45:00+00:00,297.54998779296875,297.54998779296875,297.54998779296875,296.3999938964844,296.5,565657
2026-04-28 06:46:00+00:00,297.04998779296875,297.04998779296875,297.5,297.0,297.5,143422
2026-04-28 06:47:00+00:00,297.1000061035156,297.1000061035156,297.20001220703125,297.0,297.20001220703125,80527
2026-04-28 06:48:00+00:00,297.0,297.0,297.1000061035156,297.0,297.04998779296875,83271
2026-04-28 06:49:00+00:00,297.04998779296875,297.04998779296875,297.1499938964844,297.0,297.04998779296875,115327
2026-04-28 06:50:00+00:00,297.1000061035156,297.1000061035156,297.20001220703125,297.0,297.04998779296875,253416
2026-04-28 06:51:00+00:00,297.1499938964844,297.1499938964844,297.29998779296875,297.1000061035156,297.20001220703125,136654
2026-04-28 06:52:00+00:00,296.79998779296875,296.79998779296875,297.20001220703125,296.79998779296875,297.1499938964844,353258
2026-04-28 06:53:00+00:00,296.8999938964844,296.8999938964844,296.95001220703125,296.70001220703125,296.8500061035156,237241
2026-04-28 06:54:00+00:00,296.8500061035156,296.8500061035156,297.0,296.75,296.8999938964844,220495
2026-04-28 06:55:00+00:00,296.8500061035156,296.8500061035156,297.0,296.79998779296875,296.8999938964844,58333
2026-04-28 06:56:00+00:00,297.25,297.25,297.29998779296875,296.79998779296875,296.8500061035156,118801
2026-04-28 06:57:00+00:00,297.5,297.5,297.5,297.29998779296875,297.3500061035156,80446
2026-04-28 06:58:00+00:00,297.5,297.5,297.5,297.3999938964844,297.5,110735
2026-04-28 06:59:00+00:00,297.70001220703125,297.70001220703125,297.75,297.45001220703125,297.5,68530
2026-04-28 07:00:00+00:00,297.54998779296875,297.54998779296875,297.8500061035156,297.54998779296875,297.70001220703125,116893
2026-04-28 07:01:00+00:00,297.6000061035156,297.6000061035156,297.70001220703125,297.5,297.54998779296875,76236
2026-04-28 07:02:00+00:00,297.20001220703125,297.20001220703125,297.6499938964844,297.0,297.6499938964844,162084
2026-04-28 07:03:00+00:00,297.04998779296875,297.04998779296875,297.29998779296875,297.0,297.29998779296875,80743
2026-04-28 07:04:00+00:00,297.04998779296875,297.04998779296875,297.1499938964844,297.0,297.04998779296875,46466
2026-04-28 07:05:00+00:00,297.04998779296875,297.04998779296875,297.20001220703125,297.04998779296875,297.1000061035156,37890
2026-04-28 07:06:00+00:00,297.1000061035156,297.1000061035156,297.1499938964844,297.0,297.1000061035156,43401
2026-04-28 07:07:00+00:00,297.1000061035156,297.1000061035156,297.20001220703125,297.04998779296875,297.1000061035156,25068
2026-04-28 07:08:00+00:00,297.04998779296875,297.04998779296875,297.20001220703125,297.0,297.20001220703125,68933
2026-04-28 07:09:00+00:00,296.75,296.75,297.04998779296875,296.54998779296875,297.0,270066
2026-04-28 07:10:00+00:00,296.8500061035156,296.8500061035156,296.95001220703125,296.70001220703125,296.8500061035156,40304
2026-04-28 07:11:00+00:00,297.1000061035156,297.1000061035156,297.1000061035156,296.8500061035156,296.95001220703125,51192
2026-04-28 07:12:00+00:00,297.1000061035156,297.1000061035156,297.1000061035156,297.0,297.0,35943
2026-04-28 07:13:00+00:00,297.3999938964844,297.3999938964844,297.5,296.95001220703125,297.1000061035156,162250
2026-04-28 07:14:00+00:00,297.45001220703125,297.45001220703125,297.5,297.3999938964844,297.45001220703125,29185
2026-04-28 07:15:00+00:00,297.3500061035156,297.3500061035156,297.5,297.29998779296875,297.45001220703125,60945
2026-04-28 07:16:00+00:00,297.04998779296875,297.04998779296875,297.3500061035156,297.04998779296875,297.3500061035156,43902
2026-04-28 07:17:00+00:00,297.1000061035156,297.1000061035156,297.25,296.79998779296875,297.04998779296875,101761
2026-04-28 07:18:00+00:00,297.1499938964844,297.1499938964844,297.20001220703125,297.1000061035156,297.20001220703125,22211
2026-04-28 07:19:00+00:00,297.3999938964844,297.3999938964844,297.5,297.1499938964844,297.1499938964844,43303
2026-04-28 07:20:00+00:00,297.45001220703125,297.45001220703125,297.6000061035156,297.3999938964844,297.45001220703125,57745
2026-04-28 07:21:00+00:00,297.54998779296875,297.54998779296875,297.6000061035156,297.45001220703125,297.54998779296875,46429
2026-04-28 07:22:00+00:00,297.6000061035156,297.6000061035156,297.6000061035156,297.5,297.54998779296875,29791
2026-04-28 07:23:00+00:00,297.25,297.25,297.70001220703125,297.1499938964844,297.6000061035156,97368
2026-04-28 07:24:00+00:00,297.3500061035156,297.3500061035156,297.5,297.25,297.29998779296875,29444
2026-04-28 07:25:00+00:00,297.3999938964844,297.3999938964844,297.45001220703125,297.3500061035156,297.45001220703125,16727
2026-04-28 07:26:00+00:00,297.5,297.5,297.5,297.3999938964844,297.3999938964844,63636
2026-04-28 07:27:00+00:00,297.20001220703125,297.20001220703125,297.45001220703125,297.20001220703125,297.3999938964844,72153
2026-04-28 07:28:00+00:00,297.29998779296875,297.29998779296875,297.3500061035156,297.20001220703125,297.29998779296875,22232
2026-04-28 07:29:00+00:00,297.29998779296875,297.29998779296875,297.29998779296875,297.25,297.29998779296875,20725
2026-04-28 07:30:00+00:00,297.1499938964844,297.1499938964844,297.29998779296875,297.04998779296875,297.29998779296875,63600
2026-04-28 07:31:00+00:00,297.25,297.25,297.70001220703125,297.0,297.20001220703125,166485
2026-04-28 07:32:00+00:00,297.1499938964844,297.1499938964844,297.3500061035156,297.0,297.1499938964844,122660
2026-04-28 07:33:00+00:00,297.1000061035156,297.1000061035156,297.20001220703125,297.0,297.1000061035156,43704
2026-04-28 07:34:00+00:00,297.1000061035156,297.1000061035156,297.20001220703125,297.0,297.1000061035156,66053
2026-04-28 07:35:00+00:00,297.29998779296875,297.29998779296875,297.3999938964844,297.1000061035156,297.1499938964844,69403
2026-04-28 07:36:00+00:00,297.1499938964844,297.1499938964844,297.29998779296875,297.1499938964844,297.29998779296875,40494
2026-04-28 07:37:00+00:00,297.25,297.25,297.29998779296875,297.1499938964844,297.25,25980
2026-04-28 07:38:00+00:00,297.25,297.25,297.3500061035156,297.20001220703125,297.20001220703125,31792
2026-04-28 07:39:00+00:00,297.04998779296875,297.04998779296875,297.25,297.0,297.25,83185
2026-04-28 07:40:00+00:00,297.04998779296875,297.04998779296875,297.1499938964844,297.0,297.0,42973
2026-04-28 07:41:00+00:00,297.04998779296875,297.04998779296875,297.1000061035156,297.04998779296875,297.04998779296875,33955
2026-04-28 07:42:00+00:00,297.1000061035156,297.1000061035156,297.1499938964844,297.04998779296875,297.1000061035156,23043
2026-04-28 07:43:00+00:00,297.1499938964844,297.1499938964844,297.20001220703125,297.1000061035156,297.1499938964844,37187
2026-04-28 07:44:00+00:00,297.20001220703125,297.20001220703125,297.25,297.1499938964844,297.20001220703125,52224
2026-04-28 07:45:00+00:00,297.20001220703125,297.20001220703125,297.29998779296875,297.1499938964844,297.20001220703125,65809
2026-04-28 07:46:00+00:00,297.20001220703125,297.20001220703125,297.29998779296875,297.1000061035156,297.1000061035156,30765
2026-04-28 07:47:00+00:00,297.0,297.0,297.25,297.0,297.25,57958
2026-04-28 07:48:00+00:00,297.1000061035156,297.1000061035156,297.1499938964844,297.0,297.04998779296875,17477
2026-04-28 07:49:00+00:00,297.1000061035156,297.1000061035156,297.1000061035156,297.04998779296875,297.1000061035156,43000
2026-04-28 07:50:00+00:00,297.25,297.25,297.25,297.0,297.1000061035156,502063
2026-04-28 07:51:00+00:00,297.75,297.75,297.8999938964844,297.25,297.3500061035156,387596
2026-04-28 07:52:00+00:00,298.1000061035156,298.1000061035156,298.20001220703125,297.70001220703125,297.75,297351
2026-04-28 07:53:00+00:00,298.25,298.25,298.3500061035156,298.1000061035156,298.20001220703125,112564
2026-04-28 07:54:00+00:00,298.3500061035156,298.3500061035156,298.45001220703125,298.20001220703125,298.29998779296875,73366
2026-04-28 07:55:00+00:00,298.1499938964844,298.1499938964844,298.45001220703125,298.04998779296875,298.3500061035156,126784
2026-04-28 07:56:00+00:00,298.1499938964844,298.1499938964844,298.25,298.04998779296875,298.1499938964844,51859
2026-04-28 07:57:00+00:00,298.20001220703125,298.20001220703125,298.25,298.0,298.1499938964844,129205
2026-04-28 07:58:00+00:00,298.20001220703125,298.20001220703125,298.25,298.1499938964844,298.1499938964844,63636
2026-04-28 07:59:00+00:00,298.3999938964844,298.3999938964844,298.45001220703125,298.20001220703125,298.20001220703125,112830
2026-04-28 08:00:00+00:00,298.5,298.5,298.5,298.3999938964844,298.45001220703125,75866
2026-04-28 08:01:00+00:00,298.3999938964844,298.3999938964844,298.5,298.3500061035156,298.5,97529
2026-04-28 08:02:00+00:00,298.29998779296875,298.29998779296875,298.45001220703125,298.29998779296875,298.3999938964844,47662
2026-04-28 08:03:00+00:00,298.29998779296875,298.29998779296875,298.3500061035156,298.29998779296875,298.3500061035156,26637
2026-04-28 08:04:00+00:00,298.25,298.25,298.3999938964844,298.25,298.3500061035156,111437
2026-04-28 08:05:00+00:00,298.1000061035156,298.1000061035156,298.3500061035156,298.0,298.3500061035156,108037
2026-04-28 08:06:00+00:00,298.0,298.0,298.20001220703125,298.0,298.1000061035156,237662
2026-04-28 08:07:00+00:00,298.29998779296875,298.29998779296875,298.3999938964844,298.1000061035156,298.1499938964844,70762
2026-04-28 08:08:00+00:00,298.3500061035156,298.3500061035156,298.5,298.29998779296875,298.3500061035156,233141
2026-04-28 08:09:00+00:00,298.29998779296875,298.29998779296875,298.3999938964844,298.20001220703125,298.29998779296875,65602
2026-04-28 08:10:00+00:00,298.29998779296875,298.29998779296875,298.3999938964844,298.1499938964844,298.3999938964844,73917
2026-04-28 08:11:00+00:00,298.29998779296875,298.29998779296875,298.29998779296875,298.1499938964844,298.25,41798
2026-04-28 08:12:00+00:00,298.45001220703125,298.45001220703125,298.5,298.25,298.25,70092
2026-04-28 08:13:00+00:00,298.3999938964844,298.3999938964844,298.5,298.29998779296875,298.45001220703125,94119
2026-04-28 08:14:00+00:00,298.29998779296875,298.29998779296875,298.3999938964844,298.29998779296875,298.29998779296875,37790
2026-04-28 08:15:00+00:00,298.29998779296875,298.29998779296875,298.3999938964844,298.25,298.3500061035156,54457
2026-04-28 08:16:00+00:00,298.29998779296875,298.29998779296875,298.29998779296875,298.25,298.29998779296875,30177
2026-04-28 08:17:00+00:00,298.5,298.5,298.5,298.25,298.25,55893
2026-04-28 08:18:00+00:00,298.29998779296875,298.29998779296875,298.5,298.25,298.5,129963
2026-04-28 08:19:00+00:00,298.20001220703125,298.20001220703125,298.29998779296875,298.1499938964844,298.20001220703125,45897
2026-04-28 08:20:00+00:00,298.1499938964844,298.1499938964844,298.20001220703125,298.1000061035156,298.20001220703125,31245
2026-04-28 08:21:00+00:00,298.25,298.25,298.25,298.1499938964844,298.20001220703125,57206
2026-04-28 08:22:00+00:00,298.25,298.25,298.25,298.20001220703125,298.25,17644
2026-04-28 08:23:00+00:00,298.3500061035156,298.3500061035156,298.3500061035156,298.20001220703125,298.25,48689
2026-04-28 08:24:00+00:00,298.3500061035156,298.3500061035156,298.45001220703125,298.25,298.3500061035156,88738
2026-04-28 08:25:00+00:00,298.45001220703125,298.45001220703125,298.45001220703125,298.1499938964844,298.3500061035156,34959
2026-04-28 08:26:00+00:00,298.3999938964844,298.3999938964844,298.5,298.3500061035156,298.45001220703125,54684
2026-04-28 08:27:00+00:00,298.3999938964844,298.3999938964844,298.3999938964844,298.3500061035156,298.3999938964844,50491
2026-04-28 08:28:00+00:00,298.45001220703125,298.45001220703125,298.45001220703125,298.3500061035156,298.3999938964844,48496
2026-04-28 08:29:00+00:00,298.45001220703125,298.45001220703125,298.5,298.45001220703125,298.45001220703125,60893
2026-04-28 08:30:00+00:00,298.5,298.5,298.5,298.5,298.5,50384
2026-04-28 08:31:00+00:00,298.5,298.5,298.54998779296875,298.45001220703125,298.5,51474
2026-04-28 08:32:00+00:00,298.3999938964844,298.3999938964844,298.6000061035156,298.3999938964844,298.5,197141
2026-04-28 08:33:00+00:00,298.3500061035156,298.3500061035156,298.3999938964844,298.29998779296875,298.3999938964844,43476
2026-04-28 08:34:00+00:00,298.3999938964844,298.3999938964844,298.3999938964844,298.3500061035156,298.3500061035156,25615
2026-04-28 08:35:00+00:00,298.45001220703125,298.45001220703125,298.5,298.3999938964844,298.3999938964844,65431
2026-04-28 08:36:00+00:00,298.3999938964844,298.3999938964844,298.45001220703125,298.3999938964844,298.45001220703125,33455
2026-04-28 08:37:00+00:00,298.3500061035156,298.3500061035156,298.5,298.20001220703125,298.3999938964844,205538
2026-04-28 08:38:00+00:00,298.5,298.5,298.6000061035156,298.3999938964844,298.45001220703125,102475
2026-04-28 08:39:00+00:00,297.79998779296875,297.79998779296875,298.6000061035156,297.75,298.5,377847
2026-04-28 08:40:00+00:00,298.0,298.0,298.20001220703125,297.54998779296875,297.8500061035156,251982
2026-04-28 08:41:00+00:00,298.0,298.0,298.1000061035156,298.0,298.04998779296875,39965
2026-04-28 08:42:00+00:00,298.1499938964844,298.1499938964844,298.29998779296875,298.0,298.04998779296875,47040
2026-04-28 08:43:00+00:00,298.29998779296875,298.29998779296875,298.3500061035156,298.1499938964844,298.20001220703125,67220
2026-04-28 08:44:00+00:00,297.95001220703125,297.95001220703125,298.3500061035156,297.95001220703125,298.3500061035156,124980
2026-04-28 08:45:00+00:00,298.0,298.0,298.04998779296875,297.95001220703125,298.0,303043
2026-04-28 08:46:00+00:00,298.1000061035156,298.1000061035156,298.20001220703125,297.95001220703125,298.04998779296875,119359
2026-04-28 08:47:00+00:00,298.3999938964844,298.3999938964844,298.45001220703125,298.1000061035156,298.20001220703125,164825
2026-04-28 08:48:00+00:00,298.3999938964844,298.3999938964844,298.5,298.29998779296875,298.3999938964844,211367
2026-04-28 08:49:00+00:00,298.6000061035156,298.6000061035156,298.6000061035156,298.3500061035156,298.45001220703125,133660
2026-04-28 08:50:00+00:00,298.5,298.5,298.6000061035156,298.29998779296875,298.6000061035156,138679
2026-04-28 08:51:00+00:00,298.29998779296875,298.29998779296875,298.6000061035156,298.29998779296875,298.54998779296875,116341
2026-04-28 08:52:00+00:00,298.75,298.75,298.75,298.29998779296875,298.3500061035156,253920
2026-04-28 08:53:00+00:00,298.8999938964844,298.8999938964844,298.8999938964844,298.6499938964844,298.75,99876
2026-04-28 08:54:00+00:00,299.1000061035156,299.1000061035156,299.20001220703125,298.8999938964844,298.8999938964844,423104
2026-04-28 08:55:00+00:00,298.75,298.75,299.1000061035156,298.75,299.1000061035156,226043
2026-04-28 08:56:00+00:00,298.8999938964844,298.8999938964844,299.0,298.6000061035156,298.79998779296875,104562
2026-04-28 08:57:00+00:00,298.95001220703125,298.95001220703125,299.0,298.8999938964844,298.95001220703125,86185
2026-04-28 08:58:00+00:00,299.0,299.0,299.0,298.8999938964844,298.95001220703125,51749
2026-04-28 08:59:00+00:00,299.0,299.0,299.29998779296875,299.0,299.0,169072
2026-04-28 09:00:00+00:00,298.8500061035156,298.8500061035156,299.1000061035156,298.79998779296875,298.95001220703125,66339
2026-04-28 09:01:00+00:00,299.1499938964844,299.1499938964844,299.20001220703125,298.79998779296875,298.8500061035156,107016
2026-04-28 09:02:00+00:00,299.04998779296875,299.04998779296875,299.20001220703125,299.04998779296875,299.20001220703125,128679
2026-04-28 09:03:00+00:00,299.1000061035156,299.1000061035156,299.1499938964844,299.0,299.1499938964844,44667
2026-04-28 09:04:00+00:00,299.25,299.25,299.25,299.1000061035156,299.1499938964844,122411
2026-04-28 09:05:00+00:00,299.20001220703125,299.20001220703125,299.25,299.04998779296875,299.25,100544
2026-04-28 09:06:00+00:00,299.0,299.0,299.25,298.79998779296875,299.1000061035156,158698
2026-04-28 09:07:00+00:00,299.3999938964844,299.3999938964844,299.3999938964844,298.95001220703125,299.0,196565
2026-04-28 09:08:00+00:00,299.3999938964844,299.3999938964844,299.45001220703125,299.25,299.3500061035156,115127
2026-04-28 09:09:00+00:00,299.29998779296875,299.29998779296875,299.45001220703125,299.29998779296875,299.45001220703125,129431
2026-04-28 09:10:00+00:00,299.29998779296875,299.29998779296875,299.3999938964844,299.29998779296875,299.3500061035156,75696
2026-04-28 09:11:00+00:00,299.45001220703125,299.45001220703125,299.5,299.25,299.3999938964844,184288
2026-04-28 09:12:00+00:00,299.3500061035156,299.3500061035156,299.45001220703125,299.3500061035156,299.45001220703125,101135
2026-04-28 09:13:00+00:00,299.29998779296875,299.29998779296875,299.3999938964844,299.25,299.3999938964844,88572
2026-04-28 09:14:00+00:00,299.1499938964844,299.1499938964844,299.29998779296875,299.1499938964844,299.29998779296875,107435
2026-04-28 09:15:00+00:00,299.3999938964844,299.3999938964844,299.5,299.1499938964844,299.25,130633
2026-04-28 09:16:00+00:00,299.54998779296875,299.54998779296875,299.6499938964844,299.3999938964844,299.3999938964844,218522
2026-04-28 09:17:00+00:00,299.75,299.75,299.79998779296875,299.6000061035156,299.6000061035156,103244
2026-04-28 09:18:00+00:00,299.75,299.75,299.8500061035156,299.6499938964844,299.8500061035156,125898
2026-04-28 09:19:00+00:00,299.70001220703125,299.70001220703125,300.0,299.70001220703125,299.75,531639
2026-04-28 09:20:00+00:00,299.8500061035156,299.8500061035156,299.95001220703125,299.70001220703125,299.75,232306
2026-04-28 09:21:00+00:00,299.8500061035156,299.8500061035156,299.95001220703125,299.8500061035156,299.8500061035156,89897
2026-04-28 09:22:00+00:00,300.25,300.25,300.25,299.75,299.79998779296875,776322
2026-04-28 09:23:00+00:00,300.70001220703125,300.70001220703125,300.75,300.25,300.25,473572
2026-04-28 09:24:00+00:00,300.54998779296875,300.54998779296875,300.70001220703125,300.5,300.6499938964844,276105
2026-04-28 09:25:00+00:00,300.6000061035156,300.6000061035156,300.6499938964844,300.3999938964844,300.6000061035156,170269
2026-04-28 09:26:00+00:00,300.75,300.75,300.8999938964844,300.6000061035156,300.6000061035156,270200
2026-04-28 09:27:00+00:00,300.8500061035156,300.8500061035156,300.95001220703125,300.70001220703125,300.79998779296875,138618
2026-04-28 09:28:00+00:00,301.1000061035156,301.1000061035156,301.1000061035156,300.70001220703125,300.8500061035156,236198
2026-04-28 09:29:00+00:00,301.1000061035156,301.1000061035156,301.3500061035156,301.0,301.20001220703125,171048
2026-04-28 09:30:00+00:00,301.04998779296875,301.04998779296875,301.20001220703125,300.8999938964844,301.0,234225
2026-04-28 09:31:00+00:00,300.79998779296875,300.79998779296875,301.1000061035156,300.75,301.04998779296875,177928
2026-04-28 09:32:00+00:00,300.45001220703125,300.45001220703125,300.8999938964844,300.20001220703125,300.8999938964844,295292
2026-04-28 09:33:00+00:00,300.6499938964844,300.6499938964844,300.6499938964844,300.3500061035156,300.3500061035156,153464
2026-04-28 09:34:00+00:00,300.79998779296875,300.79998779296875,300.79998779296875,300.54998779296875,300.6499938964844,292418
2026-04-28 09:35:00+00:00,300.75,300.75,300.8999938964844,300.54998779296875,300.79998779296875,190770
2026-04-28 09:36:00+00:00,300.3999938964844,300.3999938964844,300.8500061035156,300.29998779296875,300.79998779296875,299293
2026-04-28 09:37:00+00:00,300.1000061035156,300.1000061035156,300.5,300.0,300.5,632290
2026-04-28 09:38:00+00:00,300.79998779296875,300.79998779296875,300.79998779296875,300.04998779296875,300.04998779296875,303110
2026-04-28 09:39:00+00:00,301.1000061035156,301.1000061035156,301.25,300.75,300.8999938964844,283635
2026-04-28 09:40:00+00:00,301.3999938964844,301.3999938964844,301.45001220703125,301.1499938964844,301.1499938964844,331650
2026-04-28 09:41:00+00:00,301.29998779296875,301.29998779296875,301.45001220703125,301.20001220703125,301.3500061035156,238310
2026-04-28 09:42:00+00:00,301.1000061035156,301.1000061035156,301.25,301.0,301.25,206017
2026-04-28 09:43:00+00:00,301.1499938964844,301.1499938964844,301.3999938964844,301.04998779296875,301.1000061035156,187243
2026-04-28 09:44:00+00:00,301.3500061035156,301.3500061035156,301.3500061035156,301.1499938964844,301.1499938964844,176087
2026-04-28 09:45:00+00:00,301.25,301.25,301.5,301.25,301.3999938964844,245257
2026-04-28 09:46:00+00:00,301.45001220703125,301.45001220703125,301.6499938964844,301.29998779296875,301.29998779296875,368976
2026-04-28 09:47:00+00:00,301.6000061035156,301.6000061035156,301.6000061035156,301.45001220703125,301.5,258112
2026-04-28 09:48:00+00:00,301.8500061035156,301.8500061035156,302.0,301.5,301.6000061035156,929062
2026-04-28 09:49:00+00:00,301.75,301.75,301.8500061035156,301.5,301.70001220703125,283089
2026-04-28 09:50:00+00:00,301.29998779296875,301.29998779296875,301.79998779296875,301.29998779296875,301.79998779296875,325420
2026-04-28 09:51:00+00:00,301.25,301.25,301.3999938964844,301.1499938964844,301.29998779296875,613575
2026-04-28 09:52:00+00:00,301.75,301.75,301.8500061035156,301.3500061035156,301.3500061035156,313295
2026-04-28 09:53:00+00:00,301.79998779296875,301.79998779296875,301.95001220703125,301.45001220703125,301.75,957586
2026-04-28 09:54:00+00:00,301.6000061035156,301.6000061035156,302.04998779296875,301.54998779296875,301.75,505951
2026-04-28 09:55:00+00:00,301.3999938964844,301.3999938964844,301.8999938964844,301.3999938964844,301.70001220703125,561361
2026-04-28 09:56:00+00:00,301.3500061035156,301.3500061035156,301.5,301.25,301.45001220703125,300803
2026-04-28 09:57:00+00:00,301.29998779296875,301.29998779296875,301.6499938964844,301.25,301.3500061035156,414452
2026-04-28 09:58:00+00:00,302.0,302.0,302.0,301.29998779296875,301.3500061035156,578293
2026-04-28 09:59:00+00:00,302.04998779296875,302.04998779296875,302.29998779296875,301.6499938964844,301.79998779296875,244838
2026-04-29 03:45:00+00:00,305.3500061035156,305.3500061035156,305.54998779296875,302.79998779296875,303.79998779296875,0
2026-04-29 03:46:00+00:00,305.8500061035156,305.8500061035156,306.29998779296875,305.20001220703125,305.3500061035156,1377806
2026-04-29 03:47:00+00:00,303.20001220703125,303.20001220703125,305.95001220703125,303.20001220703125,305.8999938964844,763367
2026-04-29 03:48:00+00:00,303.5,303.5,303.70001220703125,303.1499938964844,303.29998779296875,418698
2026-04-29 03:49:00+00:00,303.1499938964844,303.1499938964844,303.6000061035156,303.1000061035156,303.54998779296875,351860
2026-04-29 03:50:00+00:00,302.8999938964844,302.8999938964844,303.3999938964844,302.8999938964844,303.29998779296875,527904
2026-04-29 03:51:00+00:00,301.95001220703125,301.95001220703125,302.25,301.54998779296875,302.25,515951
2026-04-29 03:52:00+00:00,301.70001220703125,301.70001220703125,302.0,301.29998779296875,301.95001220703125,257780
2026-04-29 03:53:00+00:00,301.6499938964844,301.6499938964844,301.8500061035156,301.54998779296875,301.75,96061
2026-04-29 03:54:00+00:00,301.8500061035156,301.8500061035156,302.1000061035156,301.6499938964844,301.70001220703125,113859
2026-04-29 03:55:00+00:00,301.1000061035156,301.1000061035156,301.6000061035156,300.75,301.6000061035156,497949
2026-04-29 03:56:00+00:00,301.75,301.75,301.95001220703125,301.20001220703125,301.25,118053
2026-04-29 03:57:00+00:00,301.29998779296875,301.29998779296875,301.75,301.29998779296875,301.70001220703125,106746
2026-04-29 03:58:00+00:00,301.1499938964844,301.1499938964844,301.45001220703125,301.1499938964844,301.45001220703125,99641
2026-04-29 03:59:00+00:00,302.0,302.0,302.0,301.5,301.5,100475
2026-04-29 04:00:00+00:00,299.8500061035156,299.8500061035156,301.5,299.75,301.5,197573
2026-04-29 04:01:00+00:00,300.8999938964844,300.8999938964844,300.8999938964844,299.79998779296875,299.79998779296875,170142
2026-04-29 04:02:00+00:00,301.3999938964844,301.3999938964844,301.3999938964844,300.8999938964844,301.0,149187
2026-04-29 04:03:00+00:00,301.54998779296875,301.54998779296875,302.3999938964844,301.5,301.75,120533
2026-04-29 04:04:00+00:00,301.6000061035156,301.6000061035156,301.70001220703125,301.3500061035156,301.70001220703125,49033
2026-04-29 04:05:00+00:00,301.6000061035156,301.6000061035156,301.70001220703125,301.5,301.6499938964844,23529
2026-04-29 04:06:00+00:00,302.0,302.0,302.20001220703125,301.6000061035156,301.70001220703125,62374
2026-04-29 04:07:00+00:00,301.79998779296875,301.79998779296875,302.0,301.79998779296875,302.0,53134
2026-04-29 04:08:00+00:00,301.8999938964844,301.8999938964844,301.8999938964844,301.6499938964844,301.79998779296875,24642
2026-04-29 04:09:00+00:00,301.6499938964844,301.6499938964844,301.95001220703125,301.6499938964844,301.75,25251
2026-04-29 04:10:00+00:00,301.3999938964844,301.3999938964844,301.6499938964844,301.3999938964844,301.6499938964844,43523
2026-04-29 04:11:00+00:00,301.1499938964844,301.1499938964844,301.6000061035156,301.1499938964844,301.54998779296875,68814
2026-04-29 04:12:00+00:00,301.1499938964844,301.1499938964844,301.45001220703125,301.1499938964844,301.20001220703125,43139
2026-04-29 04:13:00+00:00,301.6499938964844,301.6499938964844,301.6499938964844,301.20001220703125,301.20001220703125,36120
2026-04-29 04:14:00+00:00,301.79998779296875,301.79998779296875,301.8999938964844,301.6499938964844,301.6499938964844,30016
2026-04-29 04:15:00+00:00,301.75,301.75,301.8500061035156,301.70001220703125,301.75,14930
2026-04-29 04:16:00+00:00,301.6000061035156,301.6000061035156,301.79998779296875,301.6000061035156,301.75,26709
2026-04-29 04:17:00+00:00,301.8999938964844,301.8999938964844,302.0,301.79998779296875,302.0,45226
2026-04-29 04:18:00+00:00,302.6499938964844,302.6499938964844,302.8500061035156,301.70001220703125,301.75,95107
2026-04-29 04:19:00+00:00,302.45001220703125,302.45001220703125,302.70001220703125,302.29998779296875,302.54998779296875,42158
2026-04-29 04:20:00+00:00,302.20001220703125,302.20001220703125,302.5,302.1000061035156,302.5,37440
2026-04-29 04:21:00+00:00,302.25,302.25,302.5,302.1499938964844,302.20001220703125,76300
2026-04-29 04:22:00+00:00,302.20001220703125,302.20001220703125,302.3999938964844,302.20001220703125,302.3500061035156,20430
2026-04-29 04:23:00+00:00,302.25,302.25,302.25,302.1499938964844,302.20001220703125,25350
2026-04-29 04:24:00+00:00,302.3500061035156,302.3500061035156,302.45001220703125,302.25,302.25,43898
2026-04-29 04:25:00+00:00,302.3999938964844,302.3999938964844,302.45001220703125,302.29998779296875,302.29998779296875,18170
2026-04-29 04:26:00+00:00,302.70001220703125,302.70001220703125,302.70001220703125,302.3500061035156,302.3500061035156,68368
2026-04-29 04:27:00+00:00,302.75,302.75,302.95001220703125,302.6000061035156,302.6000061035156,66879
2026-04-29 04:28:00+00:00,302.1499938964844,302.1499938964844,302.79998779296875,302.0,302.6499938964844,87489
2026-04-29 04:29:00+00:00,302.20001220703125,302.20001220703125,302.3500061035156,302.0,302.0,22489
2026-04-29 04:30:00+00:00,302.5,302.5,302.6000061035156,302.45001220703125,302.5,28421
2026-04-29 04:31:00+00:00,302.75,302.75,302.75,302.45001220703125,302.6000061035156,41194
2026-04-29 04:32:00+00:00,302.95001220703125,302.95001220703125,303.0,302.75,302.75,71637
2026-04-29 04:33:00+00:00,302.8500061035156,302.8500061035156,302.95001220703125,302.79998779296875,302.95001220703125,19320
2026-04-29 04:34:00+00:00,302.79998779296875,302.79998779296875,302.8999938964844,302.6499938964844,302.8999938964844,31737
2026-04-29 04:35:00+00:00,303.1000061035156,303.1000061035156,303.20001220703125,302.79998779296875,302.79998779296875,99534
2026-04-29 04:36:00+00:00,303.04998779296875,303.04998779296875,303.1000061035156,302.8500061035156,302.8500061035156,28582
2026-04-29 04:37:00+00:00,303.1000061035156,303.1000061035156,303.3500061035156,303.04998779296875,303.1000061035156,92076
2026-04-29 04:38:00+00:00,303.3500061035156,303.3500061035156,303.3999938964844,302.8500061035156,302.8500061035156,155634
2026-04-29 04:39:00+00:00,303.1000061035156,303.1000061035156,303.3999938964844,303.1000061035156,303.3999938964844,63451
2026-04-29 04:40:00+00:00,303.20001220703125,303.20001220703125,303.29998779296875,303.0,303.1499938964844,75950
2026-04-29 04:41:00+00:00,302.8999938964844,302.8999938964844,303.20001220703125,302.8999938964844,303.20001220703125,50144
2026-04-29 04:42:00+00:00,303.1000061035156,303.1000061035156,303.1000061035156,302.8500061035156,303.0,21006
2026-04-29 04:43:00+00:00,303.20001220703125,303.20001220703125,303.20001220703125,303.0,303.20001220703125,30184
2026-04-29 04:44:00+00:00,303.1499938964844,303.1499938964844,303.1499938964844,303.04998779296875,303.1499938964844,24191
2026-04-29 04:45:00+00:00,303.1000061035156,303.1000061035156,303.20001220703125,303.0,303.1499938964844,28733
2026-04-29 04:46:00+00:00,302.8500061035156,302.8500061035156,303.1000061035156,302.79998779296875,303.1000061035156,53548
2026-04-29 04:47:00+00:00,302.79998779296875,302.79998779296875,303.0,302.79998779296875,302.8999938964844,18351
2026-04-29 04:48:00+00:00,302.8500061035156,302.8500061035156,302.8500061035156,302.70001220703125,302.8500061035156,26289
2026-04-29 04:49:00+00:00,303.29998779296875,303.29998779296875,303.29998779296875,302.8500061035156,302.8500061035156,90544
2026-04-29 04:50:00+00:00,303.79998779296875,303.79998779296875,303.8500061035156,303.45001220703125,303.5,163738
2026-04-29 04:51:00+00:00,303.5,303.5,303.79998779296875,303.5,303.70001220703125,42452
2026-04-29 04:52:00+00:00,303.29998779296875,303.29998779296875,303.5,303.25,303.5,29632
2026-04-29 04:53:00+00:00,303.3500061035156,303.3500061035156,303.3500061035156,303.1000061035156,303.29998779296875,25801
2026-04-29 04:54:00+00:00,303.5,303.5,303.5,303.25,303.25,20781
2026-04-29 04:55:00+00:00,303.6000061035156,303.6000061035156,303.6000061035156,303.1000061035156,303.5,76038
2026-04-29 04:56:00+00:00,303.6499938964844,303.6499938964844,303.6499938964844,303.5,303.6000061035156,53560
2026-04-29 04:57:00+00:00,303.79998779296875,303.79998779296875,303.79998779296875,303.5,303.70001220703125,49247
2026-04-29 04:58:00+00:00,303.5,303.5,303.8500061035156,303.5,303.79998779296875,68520
2026-04-29 04:59:00+00:00,303.29998779296875,303.29998779296875,303.75,303.1000061035156,303.54998779296875,372858
2026-04-29 05:00:00+00:00,303.20001220703125,303.20001220703125,303.3999938964844,303.1499938964844,303.29998779296875,45699
2026-04-29 05:01:00+00:00,303.5,303.5,303.75,303.29998779296875,303.29998779296875,43664
2026-04-29 05:02:00+00:00,303.45001220703125,303.45001220703125,303.6000061035156,303.3500061035156,303.45001220703125,31911
2026-04-29 05:03:00+00:00,303.70001220703125,303.70001220703125,303.75,303.5,303.5,19245
2026-04-29 05:04:00+00:00,303.75,303.75,303.75,303.6499938964844,303.75,18090
2026-04-29 05:05:00+00:00,303.70001220703125,303.70001220703125,303.75,303.6000061035156,303.75,36182
2026-04-29 05:06:00+00:00,303.8500061035156,303.8500061035156,304.0,303.6499938964844,303.6499938964844,138773
2026-04-29 05:07:00+00:00,304.0,304.0,304.04998779296875,303.8500061035156,304.04998779296875,32310
2026-04-29 05:08:00+00:00,303.79998779296875,303.79998779296875,303.95001220703125,303.79998779296875,303.95001220703125,49422
2026-04-29 05:09:00+00:00,303.79998779296875,303.79998779296875,304.0,303.75,303.95001220703125,57706
2026-04-29 05:10:00+00:00,304.0,304.0,304.0,303.75,303.75,60640
2026-04-29 05:11:00+00:00,304.54998779296875,304.54998779296875,304.54998779296875,304.0,304.0,94238
2026-04-29 05:12:00+00:00,304.79998779296875,304.79998779296875,304.8500061035156,304.3500061035156,304.5,112431
2026-04-29 05:13:00+00:00,305.45001220703125,305.45001220703125,305.6499938964844,304.6499938964844,304.79998779296875,494220
2026-04-29 05:14:00+00:00,305.6499938964844,305.6499938964844,305.8999938964844,305.3999938964844,305.3999938964844,148532
2026-04-29 05:15:00+00:00,306.04998779296875,306.04998779296875,306.29998779296875,305.75,305.75,178885
2026-04-29 05:16:00+00:00,306.6000061035156,306.6000061035156,306.79998779296875,306.04998779296875,306.04998779296875,442544
2026-04-29 05:17:00+00:00,306.8999938964844,306.8999938964844,306.95001220703125,306.25,306.3500061035156,209331
2026-04-29 05:18:00+00:00,307.1499938964844,307.1499938964844,307.45001220703125,306.75,306.79998779296875,427228
2026-04-29 05:19:00+00:00,306.75,306.75,307.1499938964844,306.5,307.04998779296875,165282
2026-04-29 05:20:00+00:00,306.8999938964844,306.8999938964844,306.8999938964844,306.6000061035156,306.75,95346
2026-04-29 05:21:00+00:00,306.79998779296875,306.79998779296875,306.95001220703125,306.6000061035156,306.70001220703125,57324
2026-04-29 05:22:00+00:00,306.54998779296875,306.54998779296875,306.75,306.3999938964844,306.75,92404
2026-04-29 05:23:00+00:00,306.95001220703125,306.95001220703125,307.04998779296875,306.20001220703125,306.6499938964844,184606
2026-04-29 05:24:00+00:00,306.04998779296875,306.04998779296875,306.95001220703125,305.79998779296875,306.95001220703125,106374
2026-04-29 05:25:00+00:00,305.70001220703125,305.70001220703125,306.3999938964844,305.70001220703125,305.95001220703125,120504
2026-04-29 05:26:00+00:00,305.95001220703125,305.95001220703125,306.0,305.70001220703125,305.8500061035156,58909
2026-04-29 05:27:00+00:00,305.54998779296875,305.54998779296875,305.95001220703125,305.54998779296875,305.95001220703125,101105
2026-04-29 05:28:00+00:00,305.29998779296875,305.29998779296875,305.70001220703125,305.20001220703125,305.54998779296875,140373
2026-04-29 05:29:00+00:00,305.3500061035156,305.3500061035156,305.6000061035156,305.1499938964844,305.29998779296875,270515
2026-04-29 05:30:00+00:00,305.1000061035156,305.1000061035156,305.3500061035156,305.1000061035156,305.3500061035156,87889
2026-04-29 05:31:00+00:00,305.45001220703125,305.45001220703125,305.6499938964844,305.29998779296875,305.54998779296875,75143
2026-04-29 05:32:00+00:00,305.6000061035156,305.6000061035156,305.6499938964844,305.20001220703125,305.6000061035156,272023
2026-04-29 05:33:00+00:00,305.5,305.5,305.8999938964844,305.45001220703125,305.5,75729
2026-04-29 05:34:00+00:00,305.20001220703125,305.20001220703125,305.5,305.04998779296875,305.5,230739
2026-04-29 05:35:00+00:00,305.25,305.25,305.3500061035156,305.1000061035156,305.20001220703125,26565
2026-04-29 05:36:00+00:00,305.29998779296875,305.29998779296875,305.3500061035156,305.1000061035156,305.20001220703125,34968
2026-04-29 05:37:00+00:00,304.95001220703125,304.95001220703125,305.20001220703125,304.95001220703125,305.04998779296875,210871
2026-04-29 05:38:00+00:00,305.04998779296875,305.04998779296875,305.04998779296875,304.8999938964844,305.0,63678
2026-04-29 05:39:00+00:00,305.45001220703125,305.45001220703125,305.45001220703125,305.0,305.20001220703125,60314
2026-04-29 05:40:00+00:00,305.1499938964844,305.1499938964844,305.45001220703125,305.04998779296875,305.3500061035156,48703
2026-04-29 05:41:00+00:00,304.79998779296875,304.79998779296875,305.20001220703125,304.75,305.1499938964844,91934
2026-04-29 05:42:00+00:00,304.8500061035156,304.8500061035156,305.0,304.79998779296875,304.95001220703125,27069
2026-04-29 05:43:00+00:00,304.79998779296875,304.79998779296875,305.1000061035156,304.79998779296875,304.8500061035156,99467
2026-04-29 05:44:00+00:00,304.79998779296875,304.79998779296875,305.04998779296875,304.79998779296875,304.8999938964844,36002
2026-04-29 05:45:00+00:00,304.8999938964844,304.8999938964844,305.0,304.75,305.0,28376
2026-04-29 05:46:00+00:00,304.8500061035156,304.8500061035156,304.95001220703125,304.75,304.79998779296875,37753
2026-04-29 05:47:00+00:00,304.79998779296875,304.79998779296875,304.8500061035156,304.6000061035156,304.8500061035156,48617
2026-04-29 05:48:00+00:00,304.6000061035156,304.6000061035156,304.75,304.54998779296875,304.6499938964844,36493
2026-04-29 05:49:00+00:00,304.6000061035156,304.6000061035156,304.6499938964844,304.45001220703125,304.6499938964844,32233
2026-04-29 05:50:00+00:00,304.70001220703125,304.70001220703125,304.79998779296875,304.6499938964844,304.75,30392
2026-04-29 05:51:00+00:00,305.0,305.0,305.0,304.70001220703125,304.75,33562
2026-04-29 05:52:00+00:00,304.8999938964844,304.8999938964844,305.0,304.8500061035156,305.0,31117
2026-04-29 05:53:00+00:00,304.8500061035156,304.8500061035156,304.95001220703125,304.8500061035156,304.95001220703125,31095
2026-04-29 05:54:00+00:00,304.29998779296875,304.29998779296875,304.8999938964844,304.29998779296875,304.8999938964844,61619
2026-04-29 05:55:00+00:00,304.5,304.5,304.5,304.25,304.29998779296875,41639
2026-04-29 05:56:00+00:00,304.6499938964844,304.6499938964844,304.75,304.5,304.54998779296875,41559
2026-04-29 05:57:00+00:00,304.25,304.25,304.75,304.25,304.6499938964844,135320
2026-04-29 05:58:00+00:00,304.3999938964844,304.3999938964844,304.45001220703125,304.1000061035156,304.29998779296875,33550
2026-04-29 05:59:00+00:00,304.25,304.25,304.3999938964844,304.1499938964844,304.3999938964844,48010
2026-04-29 06:00:00+00:00,304.45001220703125,304.45001220703125,304.6000061035156,304.29998779296875,304.3500061035156,50262
2026-04-29 06:01:00+00:00,304.3500061035156,304.3500061035156,304.75,304.25,304.6499938964844,56247
2026-04-29 06:02:00+00:00,304.29998779296875,304.29998779296875,304.45001220703125,304.04998779296875,304.3999938964844,259649
2026-04-29 06:03:00+00:00,304.54998779296875,304.54998779296875,304.6499938964844,304.25,304.3999938964844,27090
2026-04-29 06:04:00+00:00,304.3500061035156,304.3500061035156,304.6000061035156,304.0,304.6000061035156,313773
2026-04-29 06:05:00+00:00,304.3999938964844,304.3999938964844,304.3999938964844,304.20001220703125,304.20001220703125,18060
2026-04-29 06:06:00+00:00,304.3999938964844,304.3999938964844,304.5,304.3999938964844,304.45001220703125,34373
2026-04-29 06:07:00+00:00,304.3999938964844,304.3999938964844,304.3999938964844,304.25,304.25,24603
2026-04-29 06:08:00+00:00,304.45001220703125,304.45001220703125,304.5,304.3500061035156,304.3999938964844,23213
2026-04-29 06:09:00+00:00,304.6499938964844,304.6499938964844,304.6499938964844,304.3500061035156,304.5,23824
2026-04-29 06:10:00+00:00,304.75,304.75,304.8500061035156,304.6000061035156,304.6499938964844,62084
2026-04-29 06:11:00+00:00,304.79998779296875,304.79998779296875,304.95001220703125,304.75,304.79998779296875,33030
2026-04-29 06:12:00+00:00,304.5,304.5,304.79998779296875,304.3999938964844,304.79998779296875,48385
2026-04-29 06:13:00+00:00,304.5,304.5,304.70001220703125,304.3999938964844,304.5,46839
2026-04-29 06:14:00+00:00,304.45001220703125,304.45001220703125,304.6499938964844,304.45001220703125,304.5,55815
2026-04-29 06:15:00+00:00,304.5,304.5,304.5,304.45001220703125,304.45001220703125,23800
2026-04-29 06:16:00+00:00,304.45001220703125,304.45001220703125,304.5,304.45001220703125,304.45001220703125,21691
2026-04-29 06:17:00+00:00,304.5,304.5,304.5,304.45001220703125,304.5,16342
2026-04-29 06:18:00+00:00,304.20001220703125,304.20001220703125,304.5,304.20001220703125,304.5,100621
2026-04-29 06:19:00+00:00,304.20001220703125,304.20001220703125,304.25,304.1499938964844,304.25,238945
2026-04-29 06:20:00+00:00,304.3999938964844,304.3999938964844,304.45001220703125,304.25,304.25,22871
2026-04-29 06:21:00+00:00,304.25,304.25,304.3999938964844,304.1499938964844,304.25,31988
2026-04-29 06:22:00+00:00,304.3500061035156,304.3500061035156,304.3999938964844,304.20001220703125,304.3500061035156,23418
2026-04-29 06:23:00+00:00,304.3999938964844,304.3999938964844,304.45001220703125,304.29998779296875,304.3500061035156,27786
2026-04-29 06:24:00+00:00,304.3500061035156,304.3500061035156,304.45001220703125,304.25,304.3999938964844,20140
2026-04-29 06:25:00+00:00,304.5,304.5,304.54998779296875,304.3500061035156,304.3999938964844,24259
2026-04-29 06:26:00+00:00,304.6000061035156,304.6000061035156,304.6499938964844,304.29998779296875,304.6000061035156,41233
2026-04-29 06:27:00+00:00,304.54998779296875,304.54998779296875,304.6000061035156,304.54998779296875,304.6000061035156,20201
2026-04-29 06:28:00+00:00,304.6499938964844,304.6499938964844,304.70001220703125,304.5,304.6000061035156,45293
2026-04-29 06:29:00+00:00,304.45001220703125,304.45001220703125,304.6499938964844,304.45001220703125,304.6499938964844,23707
2026-04-29 06:30:00+00:00,304.6499938964844,304.6499938964844,304.6499938964844,304.45001220703125,304.5,17783
2026-04-29 06:31:00+00:00,304.6499938964844,304.6499938964844,304.70001220703125,304.54998779296875,304.6499938964844,24492
2026-04-29 06:32:00+00:00,304.79998779296875,304.79998779296875,304.79998779296875,304.70001220703125,304.75,26631
2026-04-29 06:33:00+00:00,304.79998779296875,304.79998779296875,304.8500061035156,304.70001220703125,304.79998779296875,32223
2026-04-29 06:34:00+00:00,304.75,304.75,304.75,304.6000061035156,304.6499938964844,17675
2026-04-29 06:35:00+00:00,304.6000061035156,304.6000061035156,304.75,304.6000061035156,304.70001220703125,38202
2026-04-29 06:36:00+00:00,304.54998779296875,304.54998779296875,304.70001220703125,304.5,304.6000061035156,20323
2026-04-29 06:37:00+00:00,304.6000061035156,304.6000061035156,304.6499938964844,304.45001220703125,304.5,30690
2026-04-29 06:38:00+00:00,304.70001220703125,304.70001220703125,304.70001220703125,304.5,304.6499938964844,24033
2026-04-29 06:39:00+00:00,304.79998779296875,304.79998779296875,304.8500061035156,304.70001220703125,304.70001220703125,22921
2026-04-29 06:40:00+00:00,304.70001220703125,304.70001220703125,304.8500061035156,304.5,304.70001220703125,29581
2026-04-29 06:41:00+00:00,304.8500061035156,304.8500061035156,304.8999938964844,304.70001220703125,304.70001220703125,28840
2026-04-29 06:42:00+00:00,304.79998779296875,304.79998779296875,304.8999938964844,304.6000061035156,304.8999938964844,32252
2026-04-29 06:43:00+00:00,304.5,304.5,304.6000061035156,304.3999938964844,304.3999938964844,48142
2026-04-29 06:44:00+00:00,304.45001220703125,304.45001220703125,304.5,304.3999938964844,304.45001220703125,26223
2026-04-29 06:45:00+00:00,304.54998779296875,304.54998779296875,304.6000061035156,304.45001220703125,304.5,22438
2026-04-29 06:46:00+00:00,304.6000061035156,304.6000061035156,304.6499938964844,304.45001220703125,304.6000061035156,22587
2026-04-29 06:47:00+00:00,304.6499938964844,304.6499938964844,304.70001220703125,304.54998779296875,304.70001220703125,23791
2026-04-29 06:48:00+00:00,304.3999938964844,304.3999938964844,304.6499938964844,304.1000061035156,304.6499938964844,148537
2026-04-29 06:49:00+00:00,304.3999938964844,304.3999938964844,304.45001220703125,304.1499938964844,304.25,22357
2026-04-29 06:50:00+00:00,304.54998779296875,304.54998779296875,304.54998779296875,304.3999938964844,304.45001220703125,21293
2026-04-29 06:51:00+00:00,304.6000061035156,304.6000061035156,304.6000061035156,304.5,304.5,22368
2026-04-29 06:52:00+00:00,304.6499938964844,304.6499938964844,304.70001220703125,304.5,304.54998779296875,21410
2026-04-29 06:53:00+00:00,304.70001220703125,304.70001220703125,304.75,304.54998779296875,304.6499938964844,26314
2026-04-29 06:54:00+00:00,304.3999938964844,304.3999938964844,304.70001220703125,304.3999938964844,304.54998779296875,47346
2026-04-29 06:55:00+00:00,304.45001220703125,304.45001220703125,304.54998779296875,304.25,304.3999938964844,20256
2026-04-29 06:56:00+00:00,304.45001220703125,304.45001220703125,304.54998779296875,304.3999938964844,304.45001220703125,23151
2026-04-29 06:57:00+00:00,304.54998779296875,304.54998779296875,304.54998779296875,304.3999938964844,304.5,18892
2026-04-29 06:58:00+00:00,304.54998779296875,304.54998779296875,304.54998779296875,304.45001220703125,304.54998779296875,25103
2026-04-29 06:59:00+00:00,304.79998779296875,304.79998779296875,304.8500061035156,304.54998779296875,304.6000061035156,85685
2026-04-29 07:00:00+00:00,305.04998779296875,305.04998779296875,305.20001220703125,304.79998779296875,304.79998779296875,101239
2026-04-29 07:01:00+00:00,305.3999938964844,305.3999938964844,305.45001220703125,305.04998779296875,305.04998779296875,33444
2026-04-29 07:02:00+00:00,304.95001220703125,304.95001220703125,305.45001220703125,304.79998779296875,305.45001220703125,81425
2026-04-29 07:03:00+00:00,305.04998779296875,305.04998779296875,305.20001220703125,304.70001220703125,304.95001220703125,48391
2026-04-29 07:04:00+00:00,305.3500061035156,305.3500061035156,305.3500061035156,305.04998779296875,305.1000061035156,23578
2026-04-29 07:05:00+00:00,305.3500061035156,305.3500061035156,305.3999938964844,305.1499938964844,305.3500061035156,182643
2026-04-29 07:06:00+00:00,305.3999938964844,305.3999938964844,305.6000061035156,305.25,305.3999938964844,42340
2026-04-29 07:07:00+00:00,305.1499938964844,305.1499938964844,305.6000061035156,305.1499938964844,305.45001220703125,46160
2026-04-29 07:08:00+00:00,305.25,305.25,305.29998779296875,305.1499938964844,305.25,24693
2026-04-29 07:09:00+00:00,305.25,305.25,305.25,305.20001220703125,305.20001220703125,17156
2026-04-29 07:10:00+00:00,305.25,305.25,305.25,305.20001220703125,305.25,20217
2026-04-29 07:11:00+00:00,305.29998779296875,305.29998779296875,305.3500061035156,305.20001220703125,305.25,10840
2026-04-29 07:12:00+00:00,305.04998779296875,305.04998779296875,305.3999938964844,305.04998779296875,305.3500061035156,26980
2026-04-29 07:13:00+00:00,305.29998779296875,305.29998779296875,305.3500061035156,305.04998779296875,305.20001220703125,29214
2026-04-29 07:14:00+00:00,305.29998779296875,305.29998779296875,305.29998779296875,305.1000061035156,305.29998779296875,18141
2026-04-29 07:15:00+00:00,305.25,305.25,305.29998779296875,305.04998779296875,305.25,59740
2026-04-29 07:16:00+00:00,305.25,305.25,305.25,305.04998779296875,305.1499938964844,20739
2026-04-29 07:17:00+00:00,305.1499938964844,305.1499938964844,305.25,305.04998779296875,305.1499938964844,18978
2026-04-29 07:18:00+00:00,305.25,305.25,305.25,305.1499938964844,305.1499938964844,14051
2026-04-29 07:19:00+00:00,305.25,305.25,305.29998779296875,305.20001220703125,305.25,12975
2026-04-29 07:20:00+00:00,305.1000061035156,305.1000061035156,305.29998779296875,305.04998779296875,305.25,19327
2026-04-29 07:21:00+00:00,305.25,305.25,305.25,305.1499938964844,305.20001220703125,12150
2026-04-29 07:22:00+00:00,305.3500061035156,305.3500061035156,305.3500061035156,305.1499938964844,305.20001220703125,13031
2026-04-29 07:23:00+00:00,305.20001220703125,305.20001220703125,305.3500061035156,305.20001220703125,305.3500061035156,21863
2026-04-29 07:24:00+00:00,305.1499938964844,305.1499938964844,305.25,305.1000061035156,305.25,20141
2026-04-29 07:25:00+00:00,305.29998779296875,305.29998779296875,305.29998779296875,305.1499938964844,305.1499938964844,17500
2026-04-29 07:26:00+00:00,305.1000061035156,305.1000061035156,305.29998779296875,305.1000061035156,305.29998779296875,21939
2026-04-29 07:27:00+00:00,305.3500061035156,305.3500061035156,305.3500061035156,305.20001220703125,305.25,10129
2026-04-29 07:28:00+00:00,305.45001220703125,305.45001220703125,305.45001220703125,305.25,305.25,17457
2026-04-29 07:29:00+00:00,305.45001220703125,305.45001220703125,305.45001220703125,305.3999938964844,305.45001220703125,34642
2026-04-29 07:30:00+00:00,305.20001220703125,305.20001220703125,305.3999938964844,305.20001220703125,305.29998779296875,20818
2026-04-29 07:31:00+00:00,305.20001220703125,305.20001220703125,305.20001220703125,305.1000061035156,305.1000061035156,13502
2026-04-29 07:32:00+00:00,305.20001220703125,305.20001220703125,305.20001220703125,305.04998779296875,305.20001220703125,19760
2026-04-29 07:33:00+00:00,305.29998779296875,305.29998779296875,305.29998779296875,305.25,305.25,17289
2026-04-29 07:34:00+00:00,305.1000061035156,305.1000061035156,305.29998779296875,305.1000061035156,305.29998779296875,16796
2026-04-29 07:35:00+00:00,305.25,305.25,305.29998779296875,305.1000061035156,305.20001220703125,5258
2026-04-29 07:36:00+00:00,305.1499938964844,305.1499938964844,305.25,305.1499938964844,305.25,9894
2026-04-29 07:37:00+00:00,305.1000061035156,305.1000061035156,305.20001220703125,305.04998779296875,305.1000061035156,12838
2026-04-29 07:38:00+00:00,305.1499938964844,305.1499938964844,305.20001220703125,305.04998779296875,305.1000061035156,16166
2026-04-29 07:39:00+00:00,305.1000061035156,305.1000061035156,305.20001220703125,305.04998779296875,305.20001220703125,14226
2026-04-29 07:40:00+00:00,305.1499938964844,305.1499938964844,305.25,305.1000061035156,305.1000061035156,13983
2026-04-29 07:41:00+00:00,305.20001220703125,305.20001220703125,305.25,305.1499938964844,305.1499938964844,9286
2026-04-29 07:42:00+00:00,305.25,305.25,305.29998779296875,305.1499938964844,305.29998779296875,15236
2026-04-29 07:43:00+00:00,305.45001220703125,305.45001220703125,305.45001220703125,305.20001220703125,305.20001220703125,14071
2026-04-29 07:44:00+00:00,305.04998779296875,305.04998779296875,305.45001220703125,305.0,305.45001220703125,509442
2026-04-29 07:45:00+00:00,305.0,305.0,305.04998779296875,305.0,305.04998779296875,18570
2026-04-29 07:46:00+00:00,305.04998779296875,305.04998779296875,305.1000061035156,305.0,305.0,9850
2026-04-29 07:47:00+00:00,305.1499938964844,305.1499938964844,305.20001220703125,305.04998779296875,305.04998779296875,108713
2026-04-29 07:48:00+00:00,305.20001220703125,305.20001220703125,305.20001220703125,305.1499938964844,305.1499938964844,5813
2026-04-29 07:49:00+00:00,305.29998779296875,305.29998779296875,305.29998779296875,305.20001220703125,305.20001220703125,9241
2026-04-29 07:50:00+00:00,305.29998779296875,305.29998779296875,305.29998779296875,305.25,305.29998779296875,7922
2026-04-29 07:51:00+00:00,305.29998779296875,305.29998779296875,305.29998779296875,305.25,305.29998779296875,9072
2026-04-29 07:52:00+00:00,305.3500061035156,305.3500061035156,305.3500061035156,305.25,305.25,7231
2026-04-29 07:53:00+00:00,305.29998779296875,305.29998779296875,305.3500061035156,305.25,305.3500061035156,12350
2026-04-29 07:54:00+00:00,305.3500061035156,305.3500061035156,305.3500061035156,305.29998779296875,305.3500061035156,8567
2026-04-29 07:55:00+00:00,305.1000061035156,305.1000061035156,305.3500061035156,305.0,305.29998779296875,39115
2026-04-29 07:56:00+00:00,305.1000061035156,305.1000061035156,305.25,305.04998779296875,305.1000061035156,28682
2026-04-29 07:57:00+00:00,305.1000061035156,305.1000061035156,305.1499938964844,305.0,305.1499938964844,15753
2026-04-29 07:58:00+00:00,305.1000061035156,305.1000061035156,305.1000061035156,305.04998779296875,305.04998779296875,7829
2026-04-29 07:59:00+00:00,304.8500061035156,304.8500061035156,305.20001220703125,304.8500061035156,305.04998779296875,609051
2026-04-29 08:00:00+00:00,304.3999938964844,304.3999938964844,304.79998779296875,304.3999938964844,304.79998779296875,29957
2026-04-29 08:01:00+00:00,304.6000061035156,304.6000061035156,304.70001220703125,304.5,304.6000061035156,20350
2026-04-29 08:02:00+00:00,304.45001220703125,304.45001220703125,304.79998779296875,304.3999938964844,304.70001220703125,24636
2026-04-29 08:03:00+00:00,304.3999938964844,304.3999938964844,304.5,304.25,304.45001220703125,23392
2026-04-29 08:04:00+00:00,304.20001220703125,304.20001220703125,304.3500061035156,304.1499938964844,304.3500061035156,19912
2026-04-29 08:05:00+00:00,304.29998779296875,304.29998779296875,304.3500061035156,304.1499938964844,304.25,20630
2026-04-29 08:06:00+00:00,304.29998779296875,304.29998779296875,304.29998779296875,304.25,304.29998779296875,16123
2026-04-29 08:07:00+00:00,304.29998779296875,304.29998779296875,304.3999938964844,304.25,304.29998779296875,16384
2026-04-29 08:08:00+00:00,304.04998779296875,304.04998779296875,304.3500061035156,304.04998779296875,304.3500061035156,32981
2026-04-29 08:09:00+00:00,304.1499938964844,304.1499938964844,304.20001220703125,304.0,304.1499938964844,19705
2026-04-29 08:10:00+00:00,304.0,304.0,304.1499938964844,303.8999938964844,303.95001220703125,289815
2026-04-29 08:11:00+00:00,304.25,304.25,304.3500061035156,304.0,304.1499938964844,17151
2026-04-29 08:12:00+00:00,304.1499938964844,304.1499938964844,304.25,304.1499938964844,304.20001220703125,30038
2026-04-29 08:13:00+00:00,304.0,304.0,304.1499938964844,303.70001220703125,303.75,329718
2026-04-29 08:14:00+00:00,304.1000061035156,304.1000061035156,304.1000061035156,303.8999938964844,304.04998779296875,19367
2026-04-29 08:15:00+00:00,304.04998779296875,304.04998779296875,304.1000061035156,304.0,304.1000061035156,13264
2026-04-29 08:16:00+00:00,304.04998779296875,304.04998779296875,304.1000061035156,303.8999938964844,303.95001220703125,22277
2026-04-29 08:17:00+00:00,304.20001220703125,304.20001220703125,304.20001220703125,303.95001220703125,304.04998779296875,35141
2026-04-29 08:18:00+00:00,304.29998779296875,304.29998779296875,304.29998779296875,304.1499938964844,304.20001220703125,14017
2026-04-29 08:19:00+00:00,304.3500061035156,304.3500061035156,304.6499938964844,304.29998779296875,304.29998779296875,89658
2026-04-29 08:20:00+00:00,304.75,304.75,304.75,304.3500061035156,304.6000061035156,38313
2026-04-29 08:21:00+00:00,304.79998779296875,304.79998779296875,304.8999938964844,304.5,304.54998779296875,29841
2026-04-29 08:22:00+00:00,304.6000061035156,304.6000061035156,304.8999938964844,304.6000061035156,304.79998779296875,29661
2026-04-29 08:23:00+00:00,304.75,304.75,304.75,304.54998779296875,304.6499938964844,13181
2026-04-29 08:24:00+00:00,304.6000061035156,304.6000061035156,304.6499938964844,304.45001220703125,304.6499938964844,24698
2026-04-29 08:25:00+00:00,304.6499938964844,304.6499938964844,304.6499938964844,303.95001220703125,304.5,451066
2026-04-29 08:26:00+00:00,304.6000061035156,304.6000061035156,304.70001220703125,304.5,304.6499938964844,9410
2026-04-29 08:27:00+00:00,304.54998779296875,304.54998779296875,304.70001220703125,304.5,304.6000061035156,13644
2026-04-29 08:28:00+00:00,304.6000061035156,304.6000061035156,304.6499938964844,304.5,304.6499938964844,8188
2026-04-29 08:29:00+00:00,304.70001220703125,304.70001220703125,304.70001220703125,304.3999938964844,304.6499938964844,46352
2026-04-29 08:30:00+00:00,304.70001220703125,304.70001220703125,304.79998779296875,304.6499938964844,304.70001220703125,15582
2026-04-29 08:31:00+00:00,305.1499938964844,305.1499938964844,305.20001220703125,304.79998779296875,304.79998779296875,50045
2026-04-29 08:32:00+00:00,305.1000061035156,305.1000061035156,305.20001220703125,305.04998779296875,305.1499938964844,14941
2026-04-29 08:33:00+00:00,304.70001220703125,304.70001220703125,305.1499938964844,304.70001220703125,305.1000061035156,16425
2026-04-29 08:34:00+00:00,304.6499938964844,304.6499938964844,304.8500061035156,304.6000061035156,304.70001220703125,47145
2026-04-29 08:35:00+00:00,304.70001220703125,304.70001220703125,304.79998779296875,304.6000061035156,304.79998779296875,20976
2026-04-29 08:36:00+00:00,304.70001220703125,304.70001220703125,304.75,304.45001220703125,304.6000061035156,39345
2026-04-29 08:37:00+00:00,304.79998779296875,304.79998779296875,304.8500061035156,304.70001220703125,304.79998779296875,18725
2026-04-29 08:38:00+00:00,304.3999938964844,304.3999938964844,305.0,304.3999938964844,304.8500061035156,161373
2026-04-29 08:39:00+00:00,304.5,304.5,304.6499938964844,304.3999938964844,304.6000061035156,46384
2026-04-29 08:40:00+00:00,304.54998779296875,304.54998779296875,304.6000061035156,304.3999938964844,304.54998779296875,86841
2026-04-29 08:41:00+00:00,304.5,304.5,304.54998779296875,304.3999938964844,304.54998779296875,107045
2026-04-29 08:42:00+00:00,304.6000061035156,304.6000061035156,304.6000061035156,304.5,304.54998779296875,75245
2026-04-29 08:43:00+00:00,304.6000061035156,304.6000061035156,304.6000061035156,304.5,304.6000061035156,19521
2026-04-29 08:44:00+00:00,303.45001220703125,303.45001220703125,304.3500061035156,303.3999938964844,304.3500061035156,152896
2026-04-29 08:45:00+00:00,303.6000061035156,303.6000061035156,303.6000061035156,303.29998779296875,303.45001220703125,22190
2026-04-29 08:46:00+00:00,303.54998779296875,303.54998779296875,303.6000061035156,303.45001220703125,303.6000061035156,11380
2026-04-29 08:47:00+00:00,303.20001220703125,303.20001220703125,303.54998779296875,303.1000061035156,303.3999938964844,46192
2026-04-29 08:48:00+00:00,302.95001220703125,302.95001220703125,303.3500061035156,302.95001220703125,303.3500061035156,49432
2026-04-29 08:49:00+00:00,303.04998779296875,303.04998779296875,303.20001220703125,303.04998779296875,303.04998779296875,19874
2026-04-29 08:50:00+00:00,302.54998779296875,302.54998779296875,303.0,302.54998779296875,303.0,68142
2026-04-29 08:51:00+00:00,302.45001220703125,302.45001220703125,302.70001220703125,302.45001220703125,302.6499938964844,31229
2026-04-29 08:52:00+00:00,302.6000061035156,302.6000061035156,302.6000061035156,302.45001220703125,302.6000061035156,17169
2026-04-29 08:53:00+00:00,302.8500061035156,302.8500061035156,302.8500061035156,302.45001220703125,302.45001220703125,44180
2026-04-29 08:54:00+00:00,302.75,302.75,302.8999938964844,302.70001220703125,302.70001220703125,9795
2026-04-29 08:55:00+00:00,302.79998779296875,302.79998779296875,302.8500061035156,302.75,302.8500061035156,15050
2026-04-29 08:56:00+00:00,302.8500061035156,302.8500061035156,302.8999938964844,302.75,302.8999938964844,12734
2026-04-29 08:57:00+00:00,302.95001220703125,302.95001220703125,302.95001220703125,302.79998779296875,302.8500061035156,15262
2026-04-29 08:58:00+00:00,303.1000061035156,303.1000061035156,303.1499938964844,302.8500061035156,302.8500061035156,18818
2026-04-29 08:59:00+00:00,303.1000061035156,303.1000061035156,303.1499938964844,303.0,303.1499938964844,10296
2026-04-29 09:00:00+00:00,303.0,303.0,303.1000061035156,303.0,303.0,13345
2026-04-29 09:01:00+00:00,303.04998779296875,303.04998779296875,303.1499938964844,303.04998779296875,303.1000061035156,22626
2026-04-29 09:02:00+00:00,303.20001220703125,303.20001220703125,303.25,303.04998779296875,303.04998779296875,7925
2026-04-29 09:03:00+00:00,303.0,303.0,303.25,303.0,303.1499938964844,23331
2026-04-29 09:04:00+00:00,303.1499938964844,303.1499938964844,303.1499938964844,303.0,303.1499938964844,7444
2026-04-29 09:05:00+00:00,303.1000061035156,303.1000061035156,303.20001220703125,303.0,303.1499938964844,15872
2026-04-29 09:06:00+00:00,303.1000061035156,303.1000061035156,303.1000061035156,303.0,303.0,7653
2026-04-29 09:07:00+00:00,302.8999938964844,302.8999938964844,303.1000061035156,302.8999938964844,303.0,15578
2026-04-29 09:08:00+00:00,302.95001220703125,302.95001220703125,303.1000061035156,302.8999938964844,303.1000061035156,7963
2026-04-29 09:09:00+00:00,302.8999938964844,302.8999938964844,302.95001220703125,302.8999938964844,302.8999938964844,15354
2026-04-29 09:10:00+00:00,302.75,302.75,303.0,302.75,303.0,23324
2026-04-29 09:11:00+00:00,302.8999938964844,302.8999938964844,302.8999938964844,302.70001220703125,302.75,24691
2026-04-29 09:12:00+00:00,302.8999938964844,302.8999938964844,303.0,302.79998779296875,302.8999938964844,8802
2026-04-29 09:13:00+00:00,303.0,303.0,303.1000061035156,302.8999938964844,303.0,20055
2026-04-29 09:14:00+00:00,303.04998779296875,303.04998779296875,303.1000061035156,303.0,303.0,9083
2026-04-29 09:15:00+00:00,303.04998779296875,303.04998779296875,303.1499938964844,303.04998779296875,303.04998779296875,12920
2026-04-29 09:16:00+00:00,303.04998779296875,303.04998779296875,303.1499938964844,303.04998779296875,303.04998779296875,6467
2026-04-29 09:17:00+00:00,303.04998779296875,303.04998779296875,303.1499938964844,303.04998779296875,303.04998779296875,8323
2026-04-29 09:18:00+00:00,302.8999938964844,302.8999938964844,303.04998779296875,302.8500061035156,303.04998779296875,11893
2026-04-29 09:19:00+00:00,302.79998779296875,302.79998779296875,302.8999938964844,302.79998779296875,302.8999938964844,32780
2026-04-29 09:20:00+00:00,302.8500061035156,302.8500061035156,302.95001220703125,302.8500061035156,302.95001220703125,7879
2026-04-29 09:21:00+00:00,302.8999938964844,302.8999938964844,303.0,302.8500061035156,302.8500061035156,9736
2026-04-29 09:22:00+00:00,302.95001220703125,302.95001220703125,303.0,302.8500061035156,302.8500061035156,12020
2026-04-29 09:23:00+00:00,302.8500061035156,302.8500061035156,302.95001220703125,302.79998779296875,302.8999938964844,13635
2026-04-29 09:24:00+00:00,302.8500061035156,302.8500061035156,302.8999938964844,302.75,302.79998779296875,6362
2026-04-29 09:25:00+00:00,302.8999938964844,302.8999938964844,302.8999938964844,302.75,302.8999938964844,11875
2026-04-29 09:26:00+00:00,302.75,302.75,302.8999938964844,302.75,302.8500061035156,20819
2026-04-29 09:27:00+00:00,302.8999938964844,302.8999938964844,302.8999938964844,302.70001220703125,302.8500061035156,31483
2026-04-29 09:28:00+00:00,302.75,302.75,302.8500061035156,302.70001220703125,302.79998779296875,7934
2026-04-29 09:29:00+00:00,302.70001220703125,302.70001220703125,302.75,302.6000061035156,302.70001220703125,10560
2026-04-29 09:30:00+00:00,302.3500061035156,302.3500061035156,302.79998779296875,302.3500061035156,302.6499938964844,83006
2026-04-29 09:31:00+00:00,301.95001220703125,301.95001220703125,302.3500061035156,301.8999938964844,302.20001220703125,100085
2026-04-29 09:32:00+00:00,301.79998779296875,301.79998779296875,302.04998779296875,301.70001220703125,302.04998779296875,57426
2026-04-29 09:33:00+00:00,301.6499938964844,301.6499938964844,301.8500061035156,301.6499938964844,301.8500061035156,45329
2026-04-29 09:34:00+00:00,301.5,301.5,301.6499938964844,301.5,301.6499938964844,36769
2026-04-29 09:35:00+00:00,301.5,301.5,301.54998779296875,301.3999938964844,301.45001220703125,56879
2026-04-29 09:36:00+00:00,301.3999938964844,301.3999938964844,301.6000061035156,301.3500061035156,301.54998779296875,62712
2026-04-29 09:37:00+00:00,301.3500061035156,301.3500061035156,301.54998779296875,301.3500061035156,301.54998779296875,46552
2026-04-29 09:38:00+00:00,301.45001220703125,301.45001220703125,301.45001220703125,301.3500061035156,301.3500061035156,34676
2026-04-29 09:39:00+00:00,301.45001220703125,301.45001220703125,301.5,301.3999938964844,301.45001220703125,63160
2026-04-29 09:40:00+00:00,301.29998779296875,301.29998779296875,301.45001220703125,301.29998779296875,301.3999938964844,45933
2026-04-29 09:41:00+00:00,301.04998779296875,301.04998779296875,301.25,301.0,301.25,77233
2026-04-29 09:42:00+00:00,300.8999938964844,300.8999938964844,301.1499938964844,300.8999938964844,301.1000061035156,55689
2026-04-29 09:43:00+00:00,300.6499938964844,300.6499938964844,301.0,300.6499938964844,300.95001220703125,61793
2026-04-29 09:44:00+00:00,300.6499938964844,300.6499938964844,300.8500061035156,300.6000061035156,300.79998779296875,68836
2026-04-29 09:45:00+00:00,300.8999938964844,300.8999938964844,300.95001220703125,300.6000061035156,300.6499938964844,74955
2026-04-29 09:46:00+00:00,301.04998779296875,301.04998779296875,301.1000061035156,300.79998779296875,300.79998779296875,80696
2026-04-29 09:47:00+00:00,300.8500061035156,300.8500061035156,301.04998779296875,300.8500061035156,301.0,47677
2026-04-29 09:48:00+00:00,300.95001220703125,300.95001220703125,301.04998779296875,300.8999938964844,300.95001220703125,80600
2026-04-29 09:49:00+00:00,300.8999938964844,300.8999938964844,301.04998779296875,300.8500061035156,300.95001220703125,69557
2026-04-29 09:50:00+00:00,301.04998779296875,301.04998779296875,301.1499938964844,300.8999938964844,300.8999938964844,68034
2026-04-29 09:51:00+00:00,301.45001220703125,301.45001220703125,301.45001220703125,301.1499938964844,301.1499938964844,56659
2026-04-29 09:52:00+00:00,301.5,301.5,301.54998779296875,301.45001220703125,301.5,96943
2026-04-29 09:53:00+00:00,301.5,301.5,301.54998779296875,301.3500061035156,301.5,89577
2026-04-29 09:54:00+00:00,301.6499938964844,301.6499938964844,301.75,301.45001220703125,301.6000061035156,93134
2026-04-29 09:55:00+00:00,301.54998779296875,301.54998779296875,301.8999938964844,301.54998779296875,301.75,137031
2026-04-29 09:56:00+00:00,301.1499938964844,301.1499938964844,301.5,301.1000061035156,301.5,77976
2026-04-29 09:57:00+00:00,300.79998779296875,300.79998779296875,301.25,300.79998779296875,301.1499938964844,89124
2026-04-29 09:58:00+00:00,301.3500061035156,301.3500061035156,301.45001220703125,300.95001220703125,300.95001220703125,43876
2026-04-29 09:59:00+00:00,301.3999938964844,301.3999938964844,302.0,301.29998779296875,301.3999938964844,54233
2026-04-30 03:45:00+00:00,307.29998779296875,307.29998779296875,307.29998779296875,304.70001220703125,304.70001220703125,0
2026-04-30 03:46:00+00:00,304.75,304.75,307.45001220703125,304.25,307.45001220703125,664732
2026-04-30 03:47:00+00:00,304.3500061035156,304.3500061035156,304.6499938964844,303.8999938964844,304.6499938964844,348303
2026-04-30 03:48:00+00:00,303.79998779296875,303.79998779296875,304.6000061035156,303.45001220703125,304.1499938964844,232080
2026-04-30 03:49:00+00:00,303.79998779296875,303.79998779296875,304.3500061035156,303.54998779296875,303.8500061035156,138883
2026-04-30 03:50:00+00:00,303.95001220703125,303.95001220703125,304.45001220703125,303.75,303.75,170530
2026-04-30 03:51:00+00:00,303.95001220703125,303.95001220703125,304.1499938964844,303.75,303.95001220703125,66506
2026-04-30 03:52:00+00:00,302.8500061035156,302.8500061035156,303.95001220703125,302.8500061035156,303.8500061035156,140090
2026-04-30 03:53:00+00:00,303.0,303.0,303.0,302.6499938964844,302.70001220703125,88617
2026-04-30 03:54:00+00:00,303.29998779296875,303.29998779296875,303.3500061035156,303.0,303.0,55724
2026-04-30 03:55:00+00:00,302.45001220703125,302.45001220703125,303.29998779296875,302.45001220703125,303.29998779296875,77494
2026-04-30 03:56:00+00:00,302.1000061035156,302.1000061035156,302.3500061035156,302.04998779296875,302.3500061035156,105924
2026-04-30 03:57:00+00:00,302.3500061035156,302.3500061035156,302.3500061035156,302.20001220703125,302.20001220703125,53514
2026-04-30 03:58:00+00:00,302.6000061035156,302.6000061035156,302.6000061035156,302.20001220703125,302.3500061035156,52741
2026-04-30 03:59:00+00:00,302.3500061035156,302.3500061035156,302.5,302.3500061035156,302.3999938964844,24353
2026-04-30 04:00:00+00:00,302.6000061035156,302.6000061035156,302.75,302.29998779296875,302.29998779296875,94616
2026-04-30 04:01:00+00:00,302.29998779296875,302.29998779296875,302.6000061035156,302.29998779296875,302.6000061035156,29205
2026-04-30 04:02:00+00:00,302.3500061035156,302.3500061035156,302.6499938964844,302.29998779296875,302.45001220703125,46241
2026-04-30 04:03:00+00:00,302.45001220703125,302.45001220703125,302.45001220703125,302.1499938964844,302.20001220703125,30531
2026-04-30 04:04:00+00:00,302.04998779296875,302.04998779296875,302.29998779296875,302.04998779296875,302.29998779296875,48249
2026-04-30 04:05:00+00:00,301.95001220703125,301.95001220703125,302.04998779296875,301.8500061035156,302.04998779296875,73195
2026-04-30 04:06:00+00:00,301.8999938964844,301.8999938964844,302.0,301.8500061035156,302.0,46184
2026-04-30 04:07:00+00:00,301.3999938964844,301.3999938964844,302.0,301.1000061035156,302.0,97541
2026-04-30 04:08:00+00:00,301.5,301.5,301.6499938964844,301.3500061035156,301.5,41680
2026-04-30 04:09:00+00:00,301.6499938964844,301.6499938964844,301.6499938964844,301.3500061035156,301.45001220703125,13686
2026-04-30 04:10:00+00:00,301.70001220703125,301.70001220703125,301.79998779296875,301.5,301.79998779296875,34000
2026-04-30 04:11:00+00:00,301.70001220703125,301.70001220703125,301.70001220703125,301.5,301.70001220703125,17974
2026-04-30 04:12:00+00:00,301.79998779296875,301.79998779296875,301.79998779296875,301.5,301.54998779296875,17879
2026-04-30 04:13:00+00:00,302.45001220703125,302.45001220703125,302.45001220703125,301.75,301.75,46814
2026-04-30 04:14:00+00:00,302.3500061035156,302.3500061035156,302.5,302.1000061035156,302.5,63100
2026-04-30 04:15:00+00:00,302.1499938964844,302.1499938964844,302.3999938964844,302.1000061035156,302.3999938964844,32585
2026-04-30 04:16:00+00:00,302.45001220703125,302.45001220703125,303.0,302.1499938964844,302.1499938964844,101023
2026-04-30 04:17:00+00:00,302.29998779296875,302.29998779296875,302.54998779296875,302.1499938964844,302.45001220703125,55544
2026-04-30 04:18:00+00:00,301.8999938964844,301.8999938964844,302.3500061035156,301.8999938964844,302.1499938964844,42009
2026-04-30 04:19:00+00:00,301.54998779296875,301.54998779296875,301.8999938964844,301.54998779296875,301.8999938964844,15236
2026-04-30 04:20:00+00:00,301.75,301.75,301.8500061035156,301.5,301.5,19027
2026-04-30 04:21:00+00:00,301.6499938964844,301.6499938964844,301.8999938964844,301.6499938964844,301.79998779296875,44989
2026-04-30 04:22:00+00:00,301.6499938964844,301.6499938964844,301.79998779296875,301.6499938964844,301.79998779296875,12537
2026-04-30 04:23:00+00:00,301.6499938964844,301.6499938964844,301.8999938964844,301.6000061035156,301.70001220703125,20027
2026-04-30 04:24:00+00:00,301.79998779296875,301.79998779296875,301.8500061035156,301.6499938964844,301.75,23844
2026-04-30 04:25:00+00:00,301.70001220703125,301.70001220703125,301.70001220703125,301.54998779296875,301.54998779296875,12186
2026-04-30 04:26:00+00:00,301.79998779296875,301.79998779296875,302.25,301.75,301.75,46033
2026-04-30 04:27:00+00:00,301.8500061035156,301.8500061035156,302.1000061035156,301.79998779296875,301.79998779296875,13758
2026-04-30 04:28:00+00:00,301.79998779296875,301.79998779296875,301.95001220703125,301.75,301.8999938964844,26365
2026-04-30 04:29:00+00:00,301.95001220703125,301.95001220703125,302.0,301.75,302.0,25837
2026-04-30 04:30:00+00:00,301.95001220703125,301.95001220703125,302.3999938964844,301.79998779296875,301.95001220703125,42882
2026-04-30 04:31:00+00:00,301.70001220703125,301.70001220703125,301.8500061035156,301.54998779296875,301.8500061035156,36441
2026-04-30 04:32:00+00:00,301.70001220703125,301.70001220703125,301.8500061035156,301.6000061035156,301.8500061035156,13386
2026-04-30 04:33:00+00:00,301.70001220703125,301.70001220703125,301.8999938964844,301.6499938964844,301.6499938964844,54280
2026-04-30 04:34:00+00:00,301.6499938964844,301.6499938964844,301.75,301.6000061035156,301.75,31663
2026-04-30 04:35:00+00:00,301.8999938964844,301.8999938964844,301.95001220703125,301.6000061035156,301.6000061035156,91025
2026-04-30 04:36:00+00:00,301.70001220703125,301.70001220703125,302.04998779296875,301.70001220703125,301.95001220703125,30197
2026-04-30 04:37:00+00:00,301.6000061035156,301.6000061035156,301.95001220703125,301.6000061035156,301.95001220703125,31962
2026-04-30 04:38:00+00:00,301.6499938964844,301.6499938964844,301.75,301.6000061035156,301.70001220703125,42327
2026-04-30 04:39:00+00:00,301.75,301.75,301.95001220703125,301.6000061035156,301.6000061035156,29118
2026-04-30 04:40:00+00:00,301.3500061035156,301.3500061035156,301.70001220703125,301.3500061035156,301.6000061035156,40038
2026-04-30 04:41:00+00:00,301.29998779296875,301.29998779296875,301.3999938964844,301.20001220703125,301.3500061035156,51094
2026-04-30 04:42:00+00:00,301.0,301.0,301.25,301.0,301.25,41317
2026-04-30 04:43:00+00:00,300.8999938964844,300.8999938964844,301.04998779296875,300.79998779296875,300.95001220703125,94706
2026-04-30 04:44:00+00:00,301.0,301.0,301.20001220703125,300.8999938964844,300.8999938964844,26277
2026-04-30 04:45:00+00:00,301.20001220703125,301.20001220703125,301.20001220703125,301.0,301.1000061035156,17375
2026-04-30 04:46:00+00:00,300.95001220703125,300.95001220703125,301.20001220703125,300.95001220703125,301.04998779296875,25384
2026-04-30 04:47:00+00:00,300.70001220703125,300.70001220703125,300.8999938964844,300.6000061035156,300.79998779296875,64130
2026-04-30 04:48:00+00:00,300.70001220703125,300.70001220703125,300.70001220703125,300.54998779296875,300.70001220703125,20403
2026-04-30 04:49:00+00:00,300.79998779296875,300.79998779296875,300.95001220703125,300.6000061035156,300.6000061035156,28526
2026-04-30 04:50:00+00:00,300.8999938964844,300.8999938964844,300.8999938964844,300.75,300.75,6270
2026-04-30 04:51:00+00:00,301.45001220703125,301.45001220703125,301.5,300.95001220703125,300.95001220703125,119474
2026-04-30 04:52:00+00:00,301.29998779296875,301.29998779296875,301.3500061035156,301.04998779296875,301.3500061035156,12900
2026-04-30 04:53:00+00:00,301.04998779296875,301.04998779296875,301.3500061035156,301.04998779296875,301.3500061035156,10589
2026-04-30 04:54:00+00:00,301.25,301.25,301.25,301.1000061035156,301.20001220703125,9302
2026-04-30 04:55:00+00:00,301.3500061035156,301.3500061035156,301.45001220703125,301.25,301.25,20562
2026-04-30 04:56:00+00:00,301.04998779296875,301.04998779296875,301.45001220703125,301.04998779296875,301.3999938964844,28495
2026-04-30 04:57:00+00:00,301.1499938964844,301.1499938964844,301.20001220703125,301.0,301.1000061035156,5798
2026-04-30 04:58:00+00:00,301.0,301.0,301.1499938964844,301.0,301.1000061035156,7165
2026-04-30 04:59:00+00:00,301.1000061035156,301.1000061035156,301.1499938964844,301.0,301.0,16638
2026-04-30 05:00:00+00:00,301.20001220703125,301.20001220703125,301.3500061035156,301.0,301.20001220703125,17342
2026-04-30 05:01:00+00:00,301.3500061035156,301.3500061035156,301.3999938964844,301.29998779296875,301.3999938964844,5456
2026-04-30 05:02:00+00:00,301.45001220703125,301.45001220703125,301.54998779296875,301.3500061035156,301.3500061035156,26112
2026-04-30 05:03:00+00:00,301.3500061035156,301.3500061035156,301.45001220703125,301.25,301.45001220703125,10855
2026-04-30 05:04:00+00:00,301.1499938964844,301.1499938964844,301.3999938964844,301.1000061035156,301.3999938964844,11836
2026-04-30 05:05:00+00:00,301.0,301.0,301.25,301.0,301.20001220703125,12101
2026-04-30 05:06:00+00:00,301.1499938964844,301.1499938964844,301.1499938964844,301.04998779296875,301.1499938964844,4355
2026-04-30 05:07:00+00:00,301.1000061035156,301.1000061035156,301.20001220703125,300.54998779296875,301.04998779296875,134116
2026-04-30 05:08:00+00:00,301.1000061035156,301.1000061035156,301.20001220703125,300.95001220703125,301.20001220703125,6693
2026-04-30 05:09:00+00:00,301.04998779296875,301.04998779296875,301.1499938964844,301.0,301.1000061035156,1909
2026-04-30 05:10:00+00:00,301.20001220703125,301.20001220703125,301.3500061035156,301.04998779296875,301.1499938964844,21803
2026-04-30 05:11:00+00:00,301.1499938964844,301.1499938964844,301.3500061035156,301.04998779296875,301.20001220703125,33034
2026-04-30 05:12:00+00:00,301.1499938964844,301.1499938964844,301.1499938964844,300.8999938964844,301.04998779296875,11713
2026-04-30 05:13:00+00:00,301.3999938964844,301.3999938964844,301.3999938964844,301.0,301.0,26500
2026-04-30 05:14:00+00:00,301.3999938964844,301.3999938964844,301.45001220703125,301.25,301.3999938964844,9471
2026-04-30 05:15:00+00:00,301.29998779296875,301.29998779296875,301.45001220703125,301.20001220703125,301.25,14890
2026-04-30 05:16:00+00:00,301.3500061035156,301.3500061035156,301.3500061035156,301.20001220703125,301.29998779296875,2908
2026-04-30 05:17:00+00:00,301.29998779296875,301.29998779296875,301.3500061035156,301.20001220703125,301.25,7403
2026-04-30 05:18:00+00:00,301.25,301.25,301.29998779296875,301.1499938964844,301.29998779296875,5446
2026-04-30 05:19:00+00:00,301.3500061035156,301.3500061035156,301.3500061035156,301.1499938964844,301.20001220703125,12334
2026-04-30 05:20:00+00:00,301.3500061035156,301.3500061035156,301.3500061035156,301.25,301.25,6872
2026-04-30 05:21:00+00:00,301.70001220703125,301.70001220703125,301.8500061035156,301.3999938964844,301.3999938964844,26701
2026-04-30 05:22:00+00:00,301.8999938964844,301.8999938964844,301.8999938964844,301.70001220703125,301.79998779296875,13397
2026-04-30 05:23:00+00:00,301.8500061035156,301.8500061035156,301.95001220703125,301.8500061035156,301.8999938964844,11341
2026-04-30 05:24:00+00:00,301.70001220703125,301.70001220703125,301.8999938964844,301.6000061035156,301.8999938964844,22084
2026-04-30 05:25:00+00:00,301.8500061035156,301.8500061035156,301.8999938964844,301.70001220703125,301.70001220703125,109982
2026-04-30 05:26:00+00:00,301.75,301.75,302.0,301.70001220703125,301.8999938964844,18914
2026-04-30 05:27:00+00:00,302.1499938964844,302.1499938964844,302.20001220703125,301.70001220703125,301.70001220703125,55319
2026-04-30 05:28:00+00:00,302.20001220703125,302.20001220703125,302.3500061035156,302.1499938964844,302.20001220703125,25589
2026-04-30 05:29:00+00:00,302.3500061035156,302.3500061035156,302.3999938964844,302.20001220703125,302.3500061035156,16675
2026-04-30 05:30:00+00:00,302.3999938964844,302.3999938964844,302.5,302.29998779296875,302.3500061035156,51625
2026-04-30 05:31:00+00:00,302.8500061035156,302.8500061035156,302.8500061035156,302.29998779296875,302.3500061035156,58231
2026-04-30 05:32:00+00:00,302.6499938964844,302.6499938964844,302.8500061035156,302.6000061035156,302.8500061035156,25177
2026-04-30 05:33:00+00:00,302.3500061035156,302.3500061035156,302.54998779296875,302.3500061035156,302.5,31248
2026-04-30 05:34:00+00:00,302.3999938964844,302.3999938964844,302.45001220703125,302.29998779296875,302.45001220703125,12558
2026-04-30 05:35:00+00:00,302.1000061035156,302.1000061035156,302.3500061035156,302.1000061035156,302.29998779296875,14071
2026-04-30 05:36:00+00:00,301.95001220703125,301.95001220703125,302.04998779296875,301.95001220703125,302.04998779296875,16896
2026-04-30 05:37:00+00:00,302.0,302.0,302.0,301.8500061035156,301.95001220703125,15774
2026-04-30 05:38:00+00:00,301.95001220703125,301.95001220703125,301.95001220703125,301.8500061035156,301.8999938964844,3881
2026-04-30 05:39:00+00:00,302.04998779296875,302.04998779296875,302.04998779296875,301.75,301.95001220703125,24192
2026-04-30 05:40:00+00:00,302.1499938964844,302.1499938964844,302.25,302.04998779296875,302.04998779296875,10201
2026-04-30 05:41:00+00:00,301.8999938964844,301.8999938964844,302.20001220703125,301.8999938964844,302.20001220703125,23359
2026-04-30 05:42:00+00:00,301.79998779296875,301.79998779296875,301.95001220703125,301.6000061035156,301.95001220703125,33220
2026-04-30 05:43:00+00:00,301.6000061035156,301.6000061035156,301.79998779296875,301.6000061035156,301.79998779296875,11764
2026-04-30 05:44:00+00:00,301.6000061035156,301.6000061035156,301.6499938964844,301.5,301.5,14536
2026-04-30 05:45:00+00:00,301.5,301.5,301.6000061035156,301.3999938964844,301.6000061035156,6185
2026-04-30 05:46:00+00:00,301.6000061035156,301.6000061035156,301.6000061035156,301.45001220703125,301.5,9362
2026-04-30 05:47:00+00:00,301.8999938964844,301.8999938964844,301.8999938964844,301.70001220703125,301.70001220703125,12914
2026-04-30 05:48:00+00:00,301.79998779296875,301.79998779296875,301.95001220703125,301.75,301.75,10740
2026-04-30 05:49:00+00:00,301.6499938964844,301.6499938964844,301.79998779296875,301.5,301.6499938964844,8620
2026-04-30 05:50:00+00:00,301.70001220703125,301.70001220703125,301.95001220703125,301.70001220703125,301.70001220703125,7236
2026-04-30 05:51:00+00:00,301.8999938964844,301.8999938964844,301.8999938964844,301.75,301.79998779296875,5915
2026-04-30 05:52:00+00:00,301.79998779296875,301.79998779296875,301.8500061035156,301.75,301.79998779296875,9429
2026-04-30 05:53:00+00:00,301.70001220703125,301.70001220703125,301.8500061035156,301.70001220703125,301.79998779296875,2096
2026-04-30 05:54:00+00:00,301.04998779296875,301.04998779296875,301.20001220703125,300.8999938964844,301.04998779296875,150828
2026-04-30 05:55:00+00:00,300.95001220703125,300.95001220703125,301.04998779296875,300.79998779296875,300.95001220703125,39805
2026-04-30 05:56:00+00:00,300.8999938964844,300.8999938964844,301.04998779296875,300.8500061035156,300.8999938964844,27571
2026-04-30 05:57:00+00:00,301.0,301.0,301.0,300.8500061035156,300.8999938964844,52290
2026-04-30 05:58:00+00:00,301.04998779296875,301.04998779296875,301.04998779296875,300.8999938964844,300.95001220703125,8900
2026-04-30 05:59:00+00:00,301.29998779296875,301.29998779296875,301.29998779296875,301.0,301.0,8364
2026-04-30 06:00:00+00:00,301.0,301.0,301.25,301.0,301.20001220703125,22339
2026-04-30 06:01:00+00:00,301.1499938964844,301.1499938964844,301.1499938964844,301.0,301.0,6226
2026-04-30 06:02:00+00:00,301.0,301.0,301.20001220703125,301.0,301.20001220703125,11075
2026-04-30 06:03:00+00:00,301.04998779296875,301.04998779296875,301.04998779296875,300.95001220703125,301.0,21165
2026-04-30 06:04:00+00:00,301.0,301.0,301.1000061035156,300.95001220703125,300.95001220703125,12474
2026-04-30 06:05:00+00:00,301.0,301.0,301.20001220703125,301.0,301.1000061035156,20649
2026-04-30 06:06:00+00:00,300.95001220703125,300.95001220703125,301.04998779296875,300.8999938964844,300.8999938964844,12362
2026-04-30 06:07:00+00:00,301.04998779296875,301.04998779296875,301.04998779296875,300.8999938964844,300.8999938964844,9548
2026-04-30 06:08:00+00:00,300.25,300.25,301.04998779296875,300.25,301.0,314421
2026-04-30 06:09:00+00:00,300.25,300.25,300.3999938964844,300.25,300.25,33034
2026-04-30 06:10:00+00:00,300.20001220703125,300.20001220703125,300.25,300.1499938964844,300.25,54781
2026-04-30 06:11:00+00:00,300.1499938964844,300.1499938964844,300.25,300.1499938964844,300.25,26223
2026-04-30 06:12:00+00:00,299.8999938964844,299.8999938964844,300.1000061035156,299.8999938964844,300.1000061035156,114575
2026-04-30 06:13:00+00:00,299.95001220703125,299.95001220703125,300.04998779296875,299.8999938964844,299.95001220703125,44467
2026-04-30 06:14:00+00:00,299.95001220703125,299.95001220703125,299.95001220703125,299.8999938964844,299.8999938964844,11111
2026-04-30 06:15:00+00:00,299.75,299.75,299.8999938964844,299.6000061035156,299.8999938964844,38866
2026-04-30 06:16:00+00:00,299.8500061035156,299.8500061035156,300.0,299.8500061035156,300.0,23316
2026-04-30 06:17:00+00:00,299.8999938964844,299.8999938964844,299.95001220703125,299.75,299.95001220703125,6670
2026-04-30 06:18:00+00:00,299.8999938964844,299.8999938964844,299.8999938964844,299.75,299.8500061035156,14536
2026-04-30 06:19:00+00:00,299.8999938964844,299.8999938964844,299.8999938964844,299.75,299.79998779296875,7504
2026-04-30 06:20:00+00:00,299.79998779296875,299.79998779296875,299.8999938964844,299.75,299.75,2698
2026-04-30 06:21:00+00:00,299.8999938964844,299.8999938964844,299.8999938964844,299.79998779296875,299.8999938964844,9129
2026-04-30 06:22:00+00:00,299.79998779296875,299.79998779296875,299.8999938964844,299.75,299.8999938964844,8049
2026-04-30 06:23:00+00:00,299.6000061035156,299.6000061035156,299.79998779296875,299.54998779296875,299.79998779296875,136253
2026-04-30 06:24:00+00:00,299.3999938964844,299.3999938964844,299.54998779296875,299.3500061035156,299.5,10219
2026-04-30 06:25:00+00:00,299.45001220703125,299.45001220703125,299.6000061035156,299.29998779296875,299.3500061035156,22744
2026-04-30 06:26:00+00:00,299.3999938964844,299.3999938964844,299.5,299.29998779296875,299.5,25967
2026-04-30 06:27:00+00:00,299.45001220703125,299.45001220703125,299.45001220703125,299.1499938964844,299.25,161104
2026-04-30 06:28:00+00:00,299.6000061035156,299.6000061035156,299.6000061035156,299.29998779296875,299.3999938964844,65884
2026-04-30 06:29:00+00:00,299.79998779296875,299.79998779296875,299.8999938964844,299.5,299.6000061035156,57442
2026-04-30 06:30:00+00:00,299.70001220703125,299.70001220703125,299.75,299.70001220703125,299.75,4363
2026-04-30 06:31:00+00:00,299.6499938964844,299.6499938964844,299.75,299.6499938964844,299.70001220703125,4170
2026-04-30 06:32:00+00:00,299.75,299.75,299.75,299.6499938964844,299.75,6124
2026-04-30 06:33:00+00:00,299.8500061035156,299.8500061035156,299.8999938964844,299.6499938964844,299.75,27197
2026-04-30 06:34:00+00:00,299.8999938964844,299.8999938964844,299.8999938964844,299.75,299.79998779296875,17614
2026-04-30 06:35:00+00:00,299.8999938964844,299.8999938964844,299.8999938964844,299.8500061035156,299.8500061035156,9741
2026-04-30 06:36:00+00:00,299.8999938964844,299.8999938964844,299.8999938964844,299.8500061035156,299.8500061035156,7786
2026-04-30 06:37:00+00:00,299.8500061035156,299.8500061035156,299.95001220703125,299.8500061035156,299.8999938964844,10796
2026-04-30 06:38:00+00:00,299.95001220703125,299.95001220703125,299.95001220703125,299.8500061035156,299.8500061035156,9439
2026-04-30 06:39:00+00:00,300.0,300.0,300.0,299.95001220703125,299.95001220703125,6306
2026-04-30 06:40:00+00:00,299.95001220703125,299.95001220703125,300.0,299.95001220703125,299.95001220703125,6254
2026-04-30 06:41:00+00:00,299.8999938964844,299.8999938964844,300.0,299.8999938964844,299.95001220703125,23837
2026-04-30 06:42:00+00:00,299.95001220703125,299.95001220703125,300.0,299.8999938964844,299.8999938964844,13873
2026-04-30 06:43:00+00:00,300.0,300.0,300.0,299.95001220703125,300.0,9075
2026-04-30 06:44:00+00:00,300.0,300.0,300.0,299.8999938964844,299.95001220703125,34988
2026-04-30 06:45:00+00:00,299.95001220703125,299.95001220703125,300.0,299.8999938964844,300.0,26061
2026-04-30 06:46:00+00:00,299.3999938964844,299.3999938964844,299.95001220703125,299.29998779296875,299.95001220703125,51005
2026-04-30 06:47:00+00:00,299.29998779296875,299.29998779296875,299.5,299.29998779296875,299.5,9934
2026-04-30 06:48:00+00:00,299.3500061035156,299.3500061035156,299.45001220703125,299.3500061035156,299.3999938964844,8899
2026-04-30 06:49:00+00:00,299.29998779296875,299.29998779296875,299.45001220703125,299.29998779296875,299.45001220703125,11269
2026-04-30 06:50:00+00:00,299.25,299.25,299.29998779296875,299.20001220703125,299.20001220703125,10572
2026-04-30 06:51:00+00:00,299.1499938964844,299.1499938964844,299.25,299.0,299.1000061035156,48156
2026-04-30 06:52:00+00:00,299.1000061035156,299.1000061035156,299.25,299.1000061035156,299.1499938964844,19890
2026-04-30 06:53:00+00:00,299.25,299.25,299.5,299.1499938964844,299.1499938964844,20740
2026-04-30 06:54:00+00:00,299.45001220703125,299.45001220703125,299.45001220703125,299.20001220703125,299.25,3536
2026-04-30 06:55:00+00:00,299.3999938964844,299.3999938964844,299.3999938964844,299.29998779296875,299.29998779296875,6802
2026-04-30 06:56:00+00:00,299.3500061035156,299.3500061035156,299.45001220703125,299.3500061035156,299.3999938964844,24294
2026-04-30 06:57:00+00:00,299.29998779296875,299.29998779296875,299.45001220703125,299.29998779296875,299.3500061035156,9806
2026-04-30 06:58:00+00:00,299.20001220703125,299.20001220703125,299.3999938964844,299.20001220703125,299.29998779296875,11037
2026-04-30 06:59:00+00:00,299.29998779296875,299.29998779296875,299.3500061035156,299.20001220703125,299.20001220703125,3345
2026-04-30 07:00:00+00:00,299.5,299.5,299.70001220703125,299.29998779296875,299.29998779296875,66783
2026-04-30 07:01:00+00:00,299.20001220703125,299.20001220703125,299.45001220703125,299.20001220703125,299.45001220703125,17820
2026-04-30 07:02:00+00:00,299.3500061035156,299.3500061035156,299.3500061035156,299.20001220703125,299.20001220703125,4646
2026-04-30 07:03:00+00:00,299.25,299.25,299.45001220703125,299.20001220703125,299.3500061035156,6596
2026-04-30 07:04:00+00:00,299.29998779296875,299.29998779296875,299.3500061035156,299.29998779296875,299.3500061035156,3830
2026-04-30 07:05:00+00:00,299.20001220703125,299.20001220703125,299.3500061035156,299.20001220703125,299.3500061035156,6891
2026-04-30 07:06:00+00:00,299.25,299.25,299.29998779296875,299.20001220703125,299.20001220703125,9070
2026-04-30 07:07:00+00:00,299.29998779296875,299.29998779296875,299.3500061035156,299.25,299.25,6509
2026-04-30 07:08:00+00:00,299.3500061035156,299.3500061035156,299.5,299.29998779296875,299.3500061035156,26430
2026-04-30 07:09:00+00:00,299.3999938964844,299.3999938964844,299.3999938964844,299.3500061035156,299.3500061035156,8634
2026-04-30 07:10:00+00:00,299.6499938964844,299.6499938964844,299.8500061035156,299.3999938964844,299.3999938964844,130083
2026-04-30 07:11:00+00:00,299.75,299.75,299.79998779296875,299.5,299.6499938964844,57393
2026-04-30 07:12:00+00:00,299.95001220703125,299.95001220703125,300.0,299.6499938964844,299.6499938964844,43425
2026-04-30 07:13:00+00:00,300.1499938964844,300.1499938964844,300.1499938964844,299.8999938964844,299.95001220703125,47857
2026-04-30 07:14:00+00:00,300.04998779296875,300.04998779296875,300.20001220703125,300.04998779296875,300.1499938964844,18716
2026-04-30 07:15:00+00:00,300.1000061035156,300.1000061035156,300.20001220703125,299.8500061035156,300.1499938964844,458532
2026-04-30 07:16:00+00:00,300.25,300.25,300.29998779296875,300.1000061035156,300.1000061035156,36746
2026-04-30 07:17:00+00:00,300.5,300.5,300.5,300.1499938964844,300.45001220703125,63180
2026-04-30 07:18:00+00:00,300.3999938964844,300.3999938964844,300.3999938964844,300.3500061035156,300.3999938964844,7199
2026-04-30 07:19:00+00:00,300.3999938964844,300.3999938964844,300.5,300.29998779296875,300.3999938964844,33967
2026-04-30 07:20:00+00:00,300.45001220703125,300.45001220703125,300.5,300.3500061035156,300.3500061035156,9661
2026-04-30 07:21:00+00:00,300.3500061035156,300.3500061035156,300.3999938964844,300.29998779296875,300.3500061035156,4477
2026-04-30 07:22:00+00:00,300.6499938964844,300.6499938964844,300.6499938964844,300.3500061035156,300.3999938964844,20394
2026-04-30 07:23:00+00:00,300.25,300.25,300.6499938964844,300.25,300.6499938964844,57583
2026-04-30 07:24:00+00:00,299.95001220703125,299.95001220703125,300.45001220703125,299.95001220703125,300.45001220703125,230556
2026-04-30 07:25:00+00:00,300.04998779296875,300.04998779296875,300.04998779296875,299.8500061035156,300.0,65069
2026-04-30 07:26:00+00:00,300.04998779296875,300.04998779296875,300.1499938964844,300.0,300.04998779296875,6944
2026-04-30 07:27:00+00:00,300.1499938964844,300.1499938964844,300.1499938964844,300.04998779296875,300.1000061035156,3583
2026-04-30 07:28:00+00:00,300.04998779296875,300.04998779296875,300.1000061035156,300.04998779296875,300.1000061035156,1361
2026-04-30 07:29:00+00:00,300.04998779296875,300.04998779296875,300.1000061035156,300.0,300.04998779296875,3668
2026-04-30 07:30:00+00:00,300.04998779296875,300.04998779296875,300.1000061035156,300.04998779296875,300.1000061035156,6593
2026-04-30 07:31:00+00:00,300.1000061035156,300.1000061035156,300.1000061035156,300.0,300.0,8679
2026-04-30 07:32:00+00:00,300.29998779296875,300.29998779296875,300.3500061035156,300.1499938964844,300.1499938964844,6594
2026-04-30 07:33:00+00:00,299.8500061035156,299.8500061035156,300.25,299.79998779296875,300.25,314114
2026-04-30 07:34:00+00:00,299.8999938964844,299.8999938964844,300.0,299.75,299.8500061035156,53535
2026-04-30 07:35:00+00:00,299.3999938964844,299.3999938964844,299.6499938964844,299.1499938964844,299.6499938964844,132299
2026-04-30 07:36:00+00:00,299.25,299.25,299.45001220703125,299.20001220703125,299.25,34020
2026-04-30 07:37:00+00:00,299.20001220703125,299.20001220703125,299.29998779296875,299.1499938964844,299.29998779296875,89830
2026-04-30 07:38:00+00:00,299.20001220703125,299.20001220703125,299.29998779296875,299.1000061035156,299.20001220703125,13252
2026-04-30 07:39:00+00:00,299.20001220703125,299.20001220703125,299.54998779296875,299.1000061035156,299.20001220703125,313742
2026-04-30 07:40:00+00:00,299.1499938964844,299.1499938964844,299.5,299.04998779296875,299.25,264627
2026-04-30 07:41:00+00:00,299.20001220703125,299.20001220703125,299.3500061035156,299.0,299.0,249410
2026-04-30 07:42:00+00:00,299.1499938964844,299.1499938964844,299.25,299.04998779296875,299.25,10519
2026-04-30 07:43:00+00:00,299.20001220703125,299.20001220703125,299.3999938964844,299.1499938964844,299.20001220703125,13201
2026-04-30 07:44:00+00:00,299.25,299.25,299.29998779296875,299.25,299.29998779296875,9376
2026-04-30 07:45:00+00:00,299.1499938964844,299.1499938964844,299.25,299.1000061035156,299.25,16777
2026-04-30 07:46:00+00:00,299.1000061035156,299.1000061035156,299.1499938964844,299.1000061035156,299.1000061035156,17603
2026-04-30 07:47:00+00:00,299.1000061035156,299.1000061035156,299.1000061035156,299.0,299.04998779296875,11541
2026-04-30 07:48:00+00:00,299.1000061035156,299.1000061035156,299.1000061035156,299.04998779296875,299.04998779296875,5458
2026-04-30 07:49:00+00:00,299.04998779296875,299.04998779296875,299.1000061035156,299.0,299.0,6094
2026-04-30 07:50:00+00:00,298.95001220703125,298.95001220703125,299.04998779296875,298.8999938964844,299.04998779296875,2986
2026-04-30 07:51:00+00:00,299.0,299.0,299.1000061035156,298.8999938964844,298.95001220703125,21974
2026-04-30 07:52:00+00:00,299.0,299.0,299.0,298.8999938964844,299.0,12161
2026-04-30 07:53:00+00:00,299.0,299.0,299.0,298.8500061035156,298.8500061035156,18269
2026-04-30 07:54:00+00:00,299.1000061035156,299.1000061035156,299.3999938964844,299.0,299.04998779296875,19617
2026-04-30 07:55:00+00:00,299.1000061035156,299.1000061035156,299.20001220703125,299.1000061035156,299.1499938964844,11549
2026-04-30 07:56:00+00:00,298.8999938964844,298.8999938964844,299.1499938964844,298.8999938964844,299.04998779296875,28417
2026-04-30 07:57:00+00:00,298.95001220703125,298.95001220703125,298.95001220703125,298.8500061035156,298.8999938964844,9117
2026-04-30 07:58:00+00:00,298.8999938964844,298.8999938964844,298.95001220703125,298.8500061035156,298.8500061035156,2309
2026-04-30 07:59:00+00:00,298.6000061035156,298.6000061035156,298.8500061035156,298.45001220703125,298.8500061035156,56591
2026-04-30 08:00:00+00:00,298.45001220703125,298.45001220703125,298.6000061035156,298.3500061035156,298.6000061035156,11256
2026-04-30 08:01:00+00:00,298.3500061035156,298.3500061035156,298.45001220703125,298.1000061035156,298.45001220703125,24254
2026-04-30 08:02:00+00:00,298.54998779296875,298.54998779296875,298.6000061035156,298.29998779296875,298.29998779296875,20256
2026-04-30 08:03:00+00:00,298.29998779296875,298.29998779296875,298.5,298.29998779296875,298.5,15299
2026-04-30 08:04:00+00:00,298.5,298.5,298.54998779296875,298.3999938964844,298.3999938964844,19390
2026-04-30 08:05:00+00:00,298.6499938964844,298.6499938964844,298.6499938964844,298.3999938964844,298.5,27354
2026-04-30 08:06:00+00:00,298.6499938964844,298.6499938964844,298.6499938964844,298.6000061035156,298.6499938964844,31781
2026-04-30 08:07:00+00:00,298.5,298.5,298.70001220703125,298.45001220703125,298.6499938964844,14564
2026-04-30 08:08:00+00:00,298.1499938964844,298.1499938964844,298.5,298.1499938964844,298.5,16633
2026-04-30 08:09:00+00:00,298.1000061035156,298.1000061035156,298.25,298.1000061035156,298.1499938964844,16957
2026-04-30 08:10:00+00:00,298.20001220703125,298.20001220703125,298.29998779296875,298.04998779296875,298.1000061035156,16607
2026-04-30 08:11:00+00:00,298.3999938964844,298.3999938964844,298.3999938964844,298.1000061035156,298.3500061035156,42914
2026-04-30 08:12:00+00:00,298.1000061035156,298.1000061035156,298.3999938964844,298.1000061035156,298.3999938964844,14550
2026-04-30 08:13:00+00:00,298.04998779296875,298.04998779296875,298.20001220703125,297.95001220703125,298.1000061035156,58572
2026-04-30 08:14:00+00:00,297.8500061035156,297.8500061035156,298.0,297.79998779296875,297.8999938964844,49084
2026-04-30 08:15:00+00:00,297.8500061035156,297.8500061035156,297.95001220703125,297.79998779296875,297.95001220703125,35087
2026-04-30 08:16:00+00:00,298.04998779296875,298.04998779296875,298.04998779296875,297.8999938964844,297.95001220703125,25500
2026-04-30 08:17:00+00:00,298.1000061035156,298.1000061035156,298.25,298.04998779296875,298.04998779296875,18414
2026-04-30 08:18:00+00:00,298.25,298.25,298.25,298.1000061035156,298.1000061035156,8275
2026-04-30 08:19:00+00:00,298.20001220703125,298.20001220703125,298.29998779296875,298.1000061035156,298.29998779296875,16865
2026-04-30 08:20:00+00:00,298.20001220703125,298.20001220703125,298.25,298.04998779296875,298.25,19416
2026-04-30 08:21:00+00:00,298.0,298.0,298.1499938964844,298.0,298.1000061035156,9735
2026-04-30 08:22:00+00:00,297.70001220703125,297.70001220703125,297.8500061035156,297.70001220703125,297.79998779296875,8185
2026-04-30 08:23:00+00:00,297.75,297.75,297.95001220703125,297.70001220703125,297.70001220703125,19409
2026-04-30 08:24:00+00:00,297.75,297.75,297.8500061035156,297.70001220703125,297.70001220703125,5515
2026-04-30 08:25:00+00:00,297.95001220703125,297.95001220703125,297.95001220703125,297.8999938964844,297.8999938964844,5161
2026-04-30 08:26:00+00:00,297.95001220703125,297.95001220703125,297.95001220703125,297.70001220703125,297.95001220703125,10280
2026-04-30 08:27:00+00:00,297.8500061035156,297.8500061035156,297.95001220703125,297.75,297.95001220703125,6168
2026-04-30 08:28:00+00:00,297.8500061035156,297.8500061035156,297.8500061035156,297.75,297.8500061035156,8833
2026-04-30 08:29:00+00:00,297.8500061035156,297.8500061035156,297.8500061035156,297.75,297.8500061035156,6006
2026-04-30 08:30:00+00:00,297.8500061035156,297.8500061035156,297.8999938964844,297.75,297.75,40132
2026-04-30 08:31:00+00:00,297.6499938964844,297.6499938964844,297.8999938964844,297.6000061035156,297.8999938964844,31369
2026-04-30 08:32:00+00:00,297.6499938964844,297.6499938964844,297.6499938964844,297.5,297.6499938964844,23790
2026-04-30 08:33:00+00:00,297.75,297.75,297.79998779296875,297.6499938964844,297.75,13367
2026-04-30 08:34:00+00:00,297.29998779296875,297.29998779296875,297.75,297.25,297.75,24922
2026-04-30 08:35:00+00:00,297.3999938964844,297.3999938964844,297.54998779296875,297.25,297.25,11339
2026-04-30 08:36:00+00:00,297.45001220703125,297.45001220703125,297.5,297.3500061035156,297.5,8302
2026-04-30 08:37:00+00:00,297.79998779296875,297.79998779296875,297.8999938964844,297.3999938964844,297.45001220703125,19513
2026-04-30 08:38:00+00:00,297.54998779296875,297.54998779296875,297.8999938964844,297.54998779296875,297.8999938964844,11335
2026-04-30 08:39:00+00:00,297.8999938964844,297.8999938964844,297.8999938964844,297.5,297.5,28383
2026-04-30 08:40:00+00:00,297.95001220703125,297.95001220703125,298.0,297.79998779296875,297.95001220703125,46806
2026-04-30 08:41:00+00:00,297.5,297.5,297.8999938964844,297.5,297.8999938964844,29397
2026-04-30 08:42:00+00:00,297.3999938964844,297.3999938964844,297.5,297.3999938964844,297.5,13603
2026-04-30 08:43:00+00:00,297.3999938964844,297.3999938964844,297.5,297.29998779296875,297.3500061035156,15860
2026-04-30 08:44:00+00:00,297.45001220703125,297.45001220703125,297.5,297.3999938964844,297.3999938964844,7492
2026-04-30 08:45:00+00:00,297.5,297.5,297.5,297.3500061035156,297.5,7943
2026-04-30 08:46:00+00:00,297.5,297.5,297.5,297.3999938964844,297.3999938964844,2100
2026-04-30 08:47:00+00:00,297.0,297.0,297.6000061035156,296.8999938964844,297.6000061035156,147966
2026-04-30 08:48:00+00:00,298.1000061035156,298.1000061035156,298.1499938964844,297.0,297.0,221350
2026-04-30 08:49:00+00:00,298.45001220703125,298.45001220703125,298.45001220703125,297.95001220703125,297.95001220703125,41651
2026-04-30 08:50:00+00:00,298.75,298.75,298.8500061035156,298.45001220703125,298.45001220703125,45494
2026-04-30 08:51:00+00:00,298.6000061035156,298.6000061035156,298.75,298.5,298.75,3307
2026-04-30 08:52:00+00:00,298.75,298.75,298.79998779296875,298.5,298.6000061035156,29930
2026-04-30 08:53:00+00:00,298.8500061035156,298.8500061035156,299.0,298.6499938964844,298.6499938964844,133583
2026-04-30 08:54:00+00:00,298.8999938964844,298.8999938964844,299.0,298.8500061035156,298.8500061035156,20831
2026-04-30 08:55:00+00:00,298.70001220703125,298.70001220703125,298.8999938964844,298.70001220703125,298.8999938964844,15618
2026-04-30 08:56:00+00:00,298.8999938964844,298.8999938964844,298.95001220703125,298.8500061035156,298.8500061035156,33185
2026-04-30 08:57:00+00:00,298.79998779296875,298.79998779296875,298.95001220703125,298.70001220703125,298.8999938964844,31987
2026-04-30 08:58:00+00:00,298.8999938964844,298.8999938964844,298.8999938964844,298.54998779296875,298.75,54812
2026-04-30 08:59:00+00:00,298.95001220703125,298.95001220703125,299.0,298.70001220703125,298.8999938964844,24991
2026-04-30 09:00:00+00:00,298.8500061035156,298.8500061035156,299.0,298.8500061035156,298.8999938964844,21655
2026-04-30 09:01:00+00:00,299.1499938964844,299.1499938964844,299.29998779296875,298.8500061035156,298.8500061035156,87453
2026-04-30 09:02:00+00:00,299.3999938964844,299.3999938964844,299.45001220703125,299.29998779296875,299.29998779296875,30435
2026-04-30 09:03:00+00:00,299.45001220703125,299.45001220703125,299.45001220703125,299.1499938964844,299.3999938964844,25597
2026-04-30 09:04:00+00:00,299.6000061035156,299.6000061035156,299.6499938964844,299.45001220703125,299.45001220703125,15286
2026-04-30 09:05:00+00:00,299.54998779296875,299.54998779296875,299.8500061035156,299.54998779296875,299.70001220703125,23731
2026-04-30 09:06:00+00:00,299.3999938964844,299.3999938964844,299.70001220703125,299.3999938964844,299.70001220703125,17437
2026-04-30 09:07:00+00:00,299.3500061035156,299.3500061035156,299.6000061035156,299.3500061035156,299.45001220703125,11187
2026-04-30 09:08:00+00:00,298.8500061035156,298.8500061035156,299.3999938964844,298.75,299.3999938964844,213970
2026-04-30 09:09:00+00:00,299.1000061035156,299.1000061035156,299.1499938964844,298.8500061035156,299.1499938964844,45131
2026-04-30 09:10:00+00:00,299.29998779296875,299.29998779296875,299.3999938964844,299.04998779296875,299.1000061035156,21656
2026-04-30 09:11:00+00:00,299.3999938964844,299.3999938964844,299.3999938964844,299.29998779296875,299.29998779296875,9683
2026-04-30 09:12:00+00:00,299.5,299.5,299.5,299.29998779296875,299.3999938964844,7030
2026-04-30 09:13:00+00:00,299.25,299.25,299.5,299.20001220703125,299.5,19893
2026-04-30 09:14:00+00:00,299.20001220703125,299.20001220703125,299.3999938964844,299.20001220703125,299.29998779296875,9206
2026-04-30 09:15:00+00:00,299.1499938964844,299.1499938964844,299.3999938964844,299.1499938964844,299.20001220703125,17779
2026-04-30 09:16:00+00:00,299.1499938964844,299.1499938964844,299.29998779296875,299.1499938964844,299.29998779296875,16260
2026-04-30 09:17:00+00:00,299.29998779296875,299.29998779296875,299.29998779296875,299.1499938964844,299.1499938964844,10465
2026-04-30 09:18:00+00:00,299.04998779296875,299.04998779296875,299.29998779296875,299.0,299.29998779296875,16170
2026-04-30 09:19:00+00:00,299.29998779296875,299.29998779296875,299.29998779296875,299.04998779296875,299.04998779296875,14459
2026-04-30 09:20:00+00:00,298.8500061035156,298.8500061035156,299.25,298.75,299.1000061035156,33106
2026-04-30 09:21:00+00:00,299.0,299.0,299.0,298.79998779296875,298.8500061035156,42700
2026-04-30 09:22:00+00:00,299.0,299.0,299.20001220703125,298.95001220703125,299.20001220703125,6859
2026-04-30 09:23:00+00:00,299.0,299.0,299.1000061035156,298.8500061035156,299.04998779296875,10634
2026-04-30 09:24:00+00:00,298.8999938964844,298.8999938964844,299.1000061035156,298.8500061035156,299.0,13853
2026-04-30 09:25:00+00:00,298.8999938964844,298.8999938964844,299.20001220703125,298.8999938964844,299.0,20508
2026-04-30 09:26:00+00:00,299.29998779296875,299.29998779296875,299.29998779296875,299.04998779296875,299.04998779296875,19077
2026-04-30 09:27:00+00:00,299.3500061035156,299.3500061035156,299.3999938964844,299.1499938964844,299.25,20355
2026-04-30 09:28:00+00:00,299.25,299.25,299.3999938964844,299.1000061035156,299.25,20908
2026-04-30 09:29:00+00:00,299.5,299.5,299.6000061035156,299.25,299.25,31849
2026-04-30 09:30:00+00:00,299.54998779296875,299.54998779296875,299.75,299.45001220703125,299.5,142068
2026-04-30 09:31:00+00:00,299.3500061035156,299.3500061035156,299.70001220703125,299.25,299.6499938964844,59497
2026-04-30 09:32:00+00:00,299.04998779296875,299.04998779296875,299.45001220703125,299.04998779296875,299.3999938964844,115702
2026-04-30 09:33:00+00:00,299.8500061035156,299.8500061035156,299.8500061035156,299.1000061035156,299.1499938964844,217394
2026-04-30 09:34:00+00:00,299.54998779296875,299.54998779296875,299.75,299.5,299.75,56557
2026-04-30 09:35:00+00:00,299.70001220703125,299.70001220703125,299.75,299.6000061035156,299.6499938964844,59745
2026-04-30 09:36:00+00:00,300.20001220703125,300.20001220703125,300.25,299.70001220703125,299.70001220703125,182273
2026-04-30 09:37:00+00:00,300.1000061035156,300.1000061035156,300.29998779296875,300.1000061035156,300.20001220703125,74305
2026-04-30 09:38:00+00:00,300.20001220703125,300.20001220703125,300.20001220703125,300.1000061035156,300.1000061035156,74239
2026-04-30 09:39:00+00:00,300.04998779296875,300.04998779296875,300.1499938964844,300.04998779296875,300.1000061035156,46432
2026-04-30 09:40:00+00:00,300.04998779296875,300.04998779296875,300.1000061035156,300.0,300.04998779296875,119904
2026-04-30 09:41:00+00:00,300.0,300.0,300.04998779296875,300.0,300.04998779296875,121143
2026-04-30 09:42:00+00:00,300.1000061035156,300.1000061035156,300.1000061035156,300.0,300.0,74066
2026-04-30 09:43:00+00:00,300.1000061035156,300.1000061035156,300.1000061035156,300.04998779296875,300.04998779296875,49514
2026-04-30 09:44:00+00:00,300.1000061035156,300.1000061035156,300.1000061035156,300.04998779296875,300.1000061035156,57847
2026-04-30 09:45:00+00:00,300.0,300.0,300.1000061035156,300.0,300.0,96913
2026-04-30 09:46:00+00:00,300.0,300.0,300.04998779296875,300.0,300.0,114433
2026-04-30 09:47:00+00:00,300.04998779296875,300.04998779296875,300.1000061035156,300.0,300.0,60999
2026-04-30 09:48:00+00:00,299.54998779296875,299.54998779296875,300.0,299.5,300.0,239642
2026-04-30 09:49:00+00:00,299.3500061035156,299.3500061035156,299.6000061035156,299.3500061035156,299.54998779296875,129259
2026-04-30 09:50:00+00:00,299.25,299.25,299.29998779296875,299.1499938964844,299.29998779296875,92329
2026-04-30 09:51:00+00:00,299.1499938964844,299.1499938964844,299.29998779296875,299.1499938964844,299.25,63152
2026-04-30 09:52:00+00:00,298.95001220703125,298.95001220703125,299.20001220703125,298.8999938964844,299.20001220703125,60621
2026-04-30 09:53:00+00:00,298.79998779296875,298.79998779296875,298.95001220703125,298.6000061035156,298.8999938964844,176987
2026-04-30 09:54:00+00:00,299.1000061035156,299.1000061035156,299.1000061035156,298.6499938964844,298.79998779296875,152240
2026-04-30 09:55:00+00:00,298.79998779296875,298.79998779296875,299.20001220703125,298.75,299.1000061035156,125668
2026-04-30 09:56:00+00:00,299.1000061035156,299.1000061035156,299.1000061035156,298.6499938964844,298.6499938964844,60118
2026-04-30 09:57:00+00:00,299.04998779296875,299.04998779296875,299.1499938964844,298.95001220703125,299.0,101552
2026-04-30 09:58:00+00:00,299.45001220703125,299.45001220703125,299.54998779296875,299.04998779296875,299.04998779296875,67922
2026-04-30 09:59:00+00:00,299.0,299.0,299.95001220703125,298.75,299.6000061035156,87008
