Price,Adj Close,Close,High,Low,Open,Volume
Ticker,POWERGRID.NS,POWERGRID.NS,POWERGRID.NS,POWERGRID.NS,POWERGRID.NS,POWERGRID.NS
Datetime,,,,,,
2026-04-23 03:45:00+00:00,319.79998779296875,319.79998779296875,320.25,318.5,319.75,0
2026-04-23 03:46:00+00:00,320.1499938964844,320.1499938964844,320.1499938964844,319.45001220703125,319.45001220703125,63843
2026-04-23 03:47:00+00:00,320.5,320.5,320.5,319.6499938964844,320.29998779296875,70374
2026-04-23 03:48:00+00:00,320.95001220703125,320.95001220703125,320.95001220703125,320.3500061035156,320.3500061035156,65381
2026-04-23 03:49:00+00:00,321.0,321.0,321.25,321.0,321.1499938964844,72546
2026-04-23 03:50:00+00:00,321.6000061035156,321.6000061035156,321.70001220703125,320.8999938964844,320.8999938964844,54895
2026-04-23 03:51:00+00:00,321.1000061035156,321.1000061035156,321.20001220703125,321.0,321.20001220703125,35719
2026-04-23 03:52:00+00:00,320.75,320.75,321.0,320.29998779296875,321.0,42037
2026-04-23 03:53:00+00:00,320.6000061035156,320.6000061035156,320.8500061035156,320.6000061035156,320.75,27285
2026-04-23 03:54:00+00:00,320.6000061035156,320.6000061035156,320.75,320.54998779296875,320.54998779296875,13697
2026-04-23 03:55:00+00:00,320.5,320.5,320.8500061035156,320.3500061035156,320.5,28882
2026-04-23 03:56:00+00:00,320.3500061035156,320.3500061035156,320.6499938964844,320.3500061035156,320.54998779296875,51666
2026-04-23 03:57:00+00:00,320.54998779296875,320.54998779296875,320.6000061035156,320.5,320.6000061035156,10063
2026-04-23 03:58:00+00:00,320.20001220703125,320.20001220703125,320.70001220703125,320.20001220703125,320.6499938964844,28870
2026-04-23 03:59:00+00:00,320.70001220703125,320.70001220703125,320.75,320.04998779296875,320.04998779296875,22040
2026-04-23 04:00:00+00:00,320.5,320.5,320.6499938964844,320.25,320.6499938964844,57142
2026-04-23 04:01:00+00:00,320.20001220703125,320.20001220703125,320.79998779296875,320.20001220703125,320.5,33377
2026-04-23 04:02:00+00:00,320.5,320.5,320.5,320.0,320.20001220703125,18206
2026-04-23 04:03:00+00:00,319.6499938964844,319.6499938964844,320.5,319.6499938964844,320.5,52611
2026-04-23 04:04:00+00:00,320.29998779296875,320.29998779296875,320.29998779296875,319.6000061035156,319.6000061035156,30227
2026-04-23 04:05:00+00:00,320.20001220703125,320.20001220703125,320.6000061035156,320.0,320.29998779296875,27838
2026-04-23 04:06:00+00:00,320.04998779296875,320.04998779296875,320.04998779296875,319.79998779296875,320.0,13827
2026-04-23 04:07:00+00:00,320.45001220703125,320.45001220703125,320.45001220703125,320.1499938964844,320.1499938964844,13328
2026-04-23 04:08:00+00:00,320.1499938964844,320.1499938964844,320.25,320.1000061035156,320.25,22328
2026-04-23 04:09:00+00:00,320.1000061035156,320.1000061035156,320.29998779296875,320.1000061035156,320.29998779296875,10225
2026-04-23 04:10:00+00:00,319.8999938964844,319.8999938964844,320.04998779296875,319.75,320.0,8428
2026-04-23 04:11:00+00:00,320.0,320.0,320.1499938964844,319.75,319.8999938964844,11119
2026-04-23 04:12:00+00:00,320.25,320.25,320.25,320.0,320.1499938964844,18720
2026-04-23 04:13:00+00:00,320.5,320.5,320.54998779296875,320.29998779296875,320.29998779296875,9889
2026-04-23 04:14:00+00:00,320.20001220703125,320.20001220703125,320.20001220703125,320.1000061035156,320.20001220703125,18823
2026-04-23 04:15:00+00:00,320.29998779296875,320.29998779296875,320.3999938964844,320.1499938964844,320.20001220703125,13329
2026-04-23 04:16:00+00:00,320.3500061035156,320.3500061035156,320.3999938964844,320.25,320.3999938964844,9061
2026-04-23 04:17:00+00:00,320.3500061035156,320.3500061035156,320.6000061035156,320.3500061035156,320.3999938964844,12970
2026-04-23 04:18:00+00:00,320.54998779296875,320.54998779296875,320.54998779296875,320.3500061035156,320.45001220703125,4802
2026-04-23 04:19:00+00:00,320.5,320.5,320.70001220703125,320.5,320.5,18801
2026-04-23 04:20:00+00:00,320.70001220703125,320.70001220703125,320.70001220703125,320.70001220703125,320.70001220703125,9819
2026-04-23 04:21:00+00:00,320.3999938964844,320.3999938964844,320.79998779296875,320.3999938964844,320.75,54738
2026-04-23 04:22:00+00:00,320.45001220703125,320.45001220703125,320.54998779296875,320.3999938964844,320.54998779296875,6176
2026-04-23 04:23:00+00:00,320.75,320.75,320.75,320.3999938964844,320.3999938964844,19626
2026-04-23 04:24:00+00:00,320.6000061035156,320.6000061035156,320.75,320.5,320.75,7280
2026-04-23 04:25:00+00:00,320.6000061035156,320.6000061035156,320.70001220703125,320.6000061035156,320.6000061035156,13362
2026-04-23 04:26:00+00:00,320.29998779296875,320.29998779296875,320.54998779296875,320.29998779296875,320.54998779296875,15536
2026-04-23 04:27:00+00:00,320.29998779296875,320.29998779296875,320.3999938964844,320.29998779296875,320.3999938964844,9029
2026-04-23 04:28:00+00:00,320.1000061035156,320.1000061035156,320.25,320.1000061035156,320.20001220703125,13344
2026-04-23 04:29:00+00:00,320.1499938964844,320.1499938964844,320.1499938964844,319.8999938964844,319.8999938964844,10638
2026-04-23 04:30:00+00:00,320.1000061035156,320.1000061035156,320.29998779296875,320.04998779296875,320.04998779296875,7264
2026-04-23 04:31:00+00:00,320.29998779296875,320.29998779296875,320.29998779296875,320.0,320.0,18256
2026-04-23 04:32:00+00:00,320.3500061035156,320.3500061035156,320.45001220703125,320.25,320.3500061035156,16379
2026-04-23 04:33:00+00:00,320.6499938964844,320.6499938964844,320.70001220703125,320.3999938964844,320.3999938964844,15399
2026-04-23 04:34:00+00:00,320.8500061035156,320.8500061035156,320.8999938964844,320.70001220703125,320.70001220703125,21919
2026-04-23 04:35:00+00:00,321.25,321.25,321.25,320.95001220703125,320.95001220703125,38268
2026-04-23 04:36:00+00:00,321.25,321.25,321.3500061035156,321.20001220703125,321.20001220703125,43699
2026-04-23 04:37:00+00:00,320.54998779296875,320.54998779296875,321.1000061035156,320.54998779296875,320.8999938964844,47020
2026-04-23 04:38:00+00:00,320.5,320.5,320.79998779296875,320.3999938964844,320.3999938964844,20530
2026-04-23 04:39:00+00:00,320.5,320.5,320.6000061035156,320.45001220703125,320.5,6665
2026-04-23 04:40:00+00:00,320.3999938964844,320.3999938964844,320.5,320.3999938964844,320.5,10872
2026-04-23 04:41:00+00:00,320.3999938964844,320.3999938964844,320.3999938964844,320.20001220703125,320.3500061035156,48943
2026-04-23 04:42:00+00:00,320.8999938964844,320.8999938964844,321.0,320.3999938964844,320.54998779296875,24608
2026-04-23 04:43:00+00:00,321.0,321.0,321.1000061035156,320.8500061035156,320.8999938964844,6738
2026-04-23 04:44:00+00:00,321.20001220703125,321.20001220703125,321.20001220703125,321.0,321.0,11934
2026-04-23 04:45:00+00:00,321.29998779296875,321.29998779296875,321.45001220703125,321.20001220703125,321.20001220703125,25354
2026-04-23 04:46:00+00:00,321.45001220703125,321.45001220703125,321.45001220703125,321.20001220703125,321.25,25639
2026-04-23 04:47:00+00:00,321.3999938964844,321.3999938964844,321.45001220703125,321.3999938964844,321.3999938964844,8646
2026-04-23 04:48:00+00:00,321.45001220703125,321.45001220703125,321.45001220703125,321.3999938964844,321.3999938964844,17018
2026-04-23 04:49:00+00:00,321.70001220703125,321.70001220703125,321.70001220703125,321.6000061035156,321.6000061035156,18159
2026-04-23 04:50:00+00:00,321.6499938964844,321.6499938964844,321.70001220703125,321.6499938964844,321.70001220703125,27255
2026-04-23 04:51:00+00:00,321.5,321.5,321.6499938964844,321.5,321.6499938964844,11028
2026-04-23 04:52:00+00:00,321.0,321.0,321.54998779296875,321.0,321.5,37186
2026-04-23 04:53:00+00:00,320.8999938964844,320.8999938964844,321.04998779296875,320.8999938964844,321.04998779296875,43919
2026-04-23 04:54:00+00:00,320.79998779296875,320.79998779296875,321.1000061035156,320.79998779296875,321.0,21142
2026-04-23 04:55:00+00:00,321.0,321.0,321.0,320.8500061035156,320.95001220703125,5841
2026-04-23 04:56:00+00:00,321.20001220703125,321.20001220703125,321.29998779296875,321.20001220703125,321.25,11940
2026-04-23 04:57:00+00:00,321.20001220703125,321.20001220703125,321.29998779296875,321.20001220703125,321.29998779296875,1655
2026-04-23 04:58:00+00:00,321.1499938964844,321.1499938964844,321.29998779296875,321.1000061035156,321.20001220703125,8642
2026-04-23 04:59:00+00:00,321.54998779296875,321.54998779296875,321.54998779296875,321.25,321.25,21079
2026-04-23 05:00:00+00:00,321.3500061035156,321.3500061035156,321.5,321.3500061035156,321.5,15357
2026-04-23 05:01:00+00:00,321.25,321.25,321.45001220703125,321.20001220703125,321.45001220703125,12202
2026-04-23 05:02:00+00:00,321.04998779296875,321.04998779296875,321.20001220703125,321.04998779296875,321.20001220703125,14595
2026-04-23 05:03:00+00:00,321.04998779296875,321.04998779296875,321.1000061035156,321.04998779296875,321.1000061035156,7830
2026-04-23 05:04:00+00:00,320.95001220703125,320.95001220703125,321.1000061035156,320.95001220703125,321.1000061035156,7391
2026-04-23 05:05:00+00:00,320.95001220703125,320.95001220703125,321.04998779296875,320.95001220703125,321.0,4298
2026-04-23 05:06:00+00:00,320.95001220703125,320.95001220703125,321.04998779296875,320.8500061035156,321.04998779296875,20482
2026-04-23 05:07:00+00:00,320.8500061035156,320.8500061035156,320.95001220703125,320.75,320.95001220703125,6688
2026-04-23 05:08:00+00:00,320.8500061035156,320.8500061035156,321.1000061035156,320.79998779296875,320.8500061035156,11394
2026-04-23 05:09:00+00:00,320.95001220703125,320.95001220703125,321.0,320.8500061035156,320.8999938964844,2390
2026-04-23 05:10:00+00:00,320.8999938964844,320.8999938964844,320.8999938964844,320.8500061035156,320.8500061035156,7697
2026-04-23 05:11:00+00:00,320.8999938964844,320.8999938964844,320.8999938964844,320.79998779296875,320.8999938964844,4930
2026-04-23 05:12:00+00:00,321.0,321.0,321.0,320.79998779296875,320.8999938964844,13354
2026-04-23 05:13:00+00:00,320.79998779296875,320.79998779296875,320.95001220703125,320.75,320.95001220703125,9908
2026-04-23 05:14:00+00:00,320.79998779296875,320.79998779296875,320.95001220703125,320.79998779296875,320.95001220703125,6909
2026-04-23 05:15:00+00:00,320.79998779296875,320.79998779296875,320.8500061035156,320.79998779296875,320.8500061035156,6058
2026-04-23 05:16:00+00:00,320.6499938964844,320.6499938964844,320.75,320.5,320.70001220703125,31324
2026-04-23 05:17:00+00:00,320.79998779296875,320.79998779296875,320.79998779296875,320.5,320.6499938964844,38976
2026-04-23 05:18:00+00:00,320.79998779296875,320.79998779296875,320.79998779296875,320.6499938964844,320.75,16977
2026-04-23 05:19:00+00:00,320.70001220703125,320.70001220703125,320.79998779296875,320.70001220703125,320.79998779296875,2736
2026-04-23 05:20:00+00:00,320.6499938964844,320.6499938964844,320.75,320.6000061035156,320.75,14406
2026-04-23 05:21:00+00:00,320.79998779296875,320.79998779296875,320.79998779296875,320.54998779296875,320.6499938964844,15758
2026-04-23 05:22:00+00:00,320.79998779296875,320.79998779296875,320.79998779296875,320.75,320.75,28353
2026-04-23 05:23:00+00:00,320.75,320.75,320.79998779296875,320.70001220703125,320.79998779296875,8857
2026-04-23 05:24:00+00:00,320.79998779296875,320.79998779296875,320.79998779296875,320.75,320.79998779296875,10000
2026-04-23 05:25:00+00:00,320.79998779296875,320.79998779296875,320.79998779296875,320.75,320.79998779296875,8362
2026-04-23 05:26:00+00:00,320.79998779296875,320.79998779296875,320.79998779296875,320.75,320.79998779296875,26283
2026-04-23 05:27:00+00:00,320.6000061035156,320.6000061035156,320.79998779296875,320.54998779296875,320.79998779296875,22108
2026-04-23 05:28:00+00:00,320.75,320.75,320.79998779296875,320.54998779296875,320.6000061035156,5066
2026-04-23 05:29:00+00:00,320.75,320.75,320.79998779296875,320.75,320.75,4880
2026-04-23 05:30:00+00:00,320.75,320.75,320.79998779296875,320.75,320.79998779296875,8183
2026-04-23 05:31:00+00:00,320.79998779296875,320.79998779296875,320.79998779296875,320.75,320.79998779296875,34361
2026-04-23 05:32:00+00:00,320.95001220703125,320.95001220703125,321.1000061035156,320.75,320.79998779296875,32733
2026-04-23 05:33:00+00:00,320.8500061035156,320.8500061035156,320.95001220703125,320.79998779296875,320.95001220703125,20308
2026-04-23 05:34:00+00:00,320.79998779296875,320.79998779296875,320.8500061035156,320.75,320.8500061035156,4415
2026-04-23 05:35:00+00:00,320.79998779296875,320.79998779296875,320.79998779296875,320.75,320.79998779296875,1855
2026-04-23 05:36:00+00:00,320.45001220703125,320.45001220703125,320.79998779296875,320.3999938964844,320.79998779296875,22827
2026-04-23 05:37:00+00:00,320.75,320.75,320.75,320.54998779296875,320.54998779296875,3357
2026-04-23 05:38:00+00:00,320.5,320.5,320.75,320.5,320.70001220703125,9439
2026-04-23 05:39:00+00:00,320.6000061035156,320.6000061035156,320.70001220703125,320.5,320.6499938964844,9609
2026-04-23 05:40:00+00:00,320.5,320.5,320.6000061035156,320.5,320.6000061035156,9310
2026-04-23 05:41:00+00:00,320.20001220703125,320.20001220703125,320.5,320.20001220703125,320.5,13521
2026-04-23 05:42:00+00:00,320.1000061035156,320.1000061035156,320.25,320.1000061035156,320.25,13009
2026-04-23 05:43:00+00:00,320.04998779296875,320.04998779296875,320.1499938964844,319.8999938964844,320.1499938964844,32741
2026-04-23 05:44:00+00:00,319.8999938964844,319.8999938964844,320.1000061035156,319.8999938964844,320.1000061035156,7653
2026-04-23 05:45:00+00:00,319.6000061035156,319.6000061035156,320.1000061035156,319.54998779296875,319.8500061035156,19601
2026-04-23 05:46:00+00:00,319.8999938964844,319.8999938964844,319.8999938964844,319.70001220703125,319.79998779296875,6650
2026-04-23 05:47:00+00:00,319.6499938964844,319.6499938964844,319.8999938964844,319.5,319.8500061035156,13837
2026-04-23 05:48:00+00:00,319.6000061035156,319.6000061035156,319.70001220703125,319.6000061035156,319.6499938964844,7369
2026-04-23 05:49:00+00:00,319.6000061035156,319.6000061035156,319.70001220703125,319.6000061035156,319.70001220703125,5979
2026-04-23 05:50:00+00:00,319.6000061035156,319.6000061035156,319.6000061035156,319.45001220703125,319.5,4863
2026-04-23 05:51:00+00:00,319.75,319.75,319.8999938964844,319.6000061035156,319.6000061035156,9687
2026-04-23 05:52:00+00:00,319.8500061035156,319.8500061035156,319.95001220703125,319.75,319.8999938964844,11803
2026-04-23 05:53:00+00:00,319.70001220703125,319.70001220703125,319.8500061035156,319.6499938964844,319.8500061035156,12168
2026-04-23 05:54:00+00:00,319.6499938964844,319.6499938964844,319.70001220703125,319.6000061035156,319.70001220703125,5534
2026-04-23 05:55:00+00:00,319.79998779296875,319.79998779296875,319.79998779296875,319.6000061035156,319.6000061035156,1894
2026-04-23 05:56:00+00:00,319.8500061035156,319.8500061035156,319.8500061035156,319.70001220703125,319.79998779296875,5290
2026-04-23 05:57:00+00:00,319.75,319.75,319.8999938964844,319.75,319.79998779296875,5180
2026-04-23 05:58:00+00:00,320.0,320.0,320.0,319.75,319.75,6844
2026-04-23 05:59:00+00:00,320.04998779296875,320.04998779296875,320.20001220703125,320.04998779296875,320.1000061035156,6881
2026-04-23 06:00:00+00:00,319.8999938964844,319.8999938964844,320.04998779296875,319.8999938964844,320.04998779296875,14243
2026-04-23 06:01:00+00:00,319.8999938964844,319.8999938964844,320.0,319.8500061035156,320.0,5178
2026-04-23 06:02:00+00:00,319.79998779296875,319.79998779296875,319.8999938964844,319.79998779296875,319.8999938964844,5839
2026-04-23 06:03:00+00:00,319.8500061035156,319.8500061035156,319.8999938964844,319.79998779296875,319.8999938964844,1012
2026-04-23 06:04:00+00:00,319.8999938964844,319.8999938964844,319.8999938964844,319.79998779296875,319.8500061035156,3728
2026-04-23 06:05:00+00:00,319.75,319.75,319.8999938964844,319.75,319.8999938964844,16149
2026-04-23 06:06:00+00:00,319.8999938964844,319.8999938964844,319.8999938964844,319.75,319.79998779296875,4997
2026-04-23 06:07:00+00:00,319.8999938964844,319.8999938964844,319.8999938964844,319.79998779296875,319.79998779296875,1475
2026-04-23 06:08:00+00:00,320.0,320.0,320.0,319.79998779296875,319.79998779296875,11110
2026-04-23 06:09:00+00:00,319.79998779296875,319.79998779296875,320.1000061035156,319.79998779296875,319.95001220703125,17754
2026-04-23 06:10:00+00:00,319.79998779296875,319.79998779296875,319.95001220703125,319.79998779296875,319.8999938964844,3695
2026-04-23 06:11:00+00:00,319.75,319.75,319.95001220703125,319.75,319.95001220703125,2813
2026-04-23 06:12:00+00:00,319.8999938964844,319.8999938964844,319.8999938964844,319.75,319.8999938964844,629
2026-04-23 06:13:00+00:00,320.1499938964844,320.1499938964844,320.1499938964844,319.8999938964844,319.8999938964844,2245
2026-04-23 06:14:00+00:00,320.1499938964844,320.1499938964844,320.25,320.1000061035156,320.1499938964844,11611
2026-04-23 06:15:00+00:00,320.25,320.25,320.5,320.1499938964844,320.1499938964844,18685
2026-04-23 06:16:00+00:00,320.20001220703125,320.20001220703125,320.29998779296875,320.0,320.20001220703125,17083
2026-04-23 06:17:00+00:00,320.29998779296875,320.29998779296875,320.29998779296875,320.04998779296875,320.20001220703125,5986
2026-04-23 06:18:00+00:00,320.45001220703125,320.45001220703125,320.45001220703125,320.29998779296875,320.29998779296875,6110
2026-04-23 06:19:00+00:00,320.20001220703125,320.20001220703125,320.5,320.20001220703125,320.45001220703125,16262
2026-04-23 06:20:00+00:00,320.3500061035156,320.3500061035156,320.3500061035156,320.1499938964844,320.25,6913
2026-04-23 06:21:00+00:00,320.54998779296875,320.54998779296875,320.6000061035156,320.3500061035156,320.3500061035156,8281
2026-04-23 06:22:00+00:00,320.29998779296875,320.29998779296875,320.29998779296875,320.04998779296875,320.20001220703125,27150
2026-04-23 06:23:00+00:00,320.25,320.25,320.5,320.04998779296875,320.25,22157
2026-04-23 06:24:00+00:00,320.45001220703125,320.45001220703125,320.70001220703125,320.20001220703125,320.25,40177
2026-04-23 06:25:00+00:00,320.54998779296875,320.54998779296875,320.8500061035156,320.25,320.25,39289
2026-04-23 06:26:00+00:00,320.6499938964844,320.6499938964844,320.95001220703125,320.6499938964844,320.6499938964844,12631
2026-04-23 06:27:00+00:00,320.8500061035156,320.8500061035156,320.8999938964844,320.6499938964844,320.79998779296875,23051
2026-04-23 06:28:00+00:00,320.8500061035156,320.8500061035156,320.8999938964844,320.79998779296875,320.79998779296875,6545
2026-04-23 06:29:00+00:00,320.8999938964844,320.8999938964844,320.8999938964844,320.75,320.8999938964844,11552
2026-04-23 06:30:00+00:00,320.70001220703125,320.70001220703125,320.8999938964844,320.6499938964844,320.8999938964844,12818
2026-04-23 06:31:00+00:00,320.70001220703125,320.70001220703125,320.70001220703125,320.5,320.54998779296875,10622
2026-04-23 06:32:00+00:00,320.75,320.75,320.8999938964844,320.6000061035156,320.79998779296875,16073
2026-04-23 06:33:00+00:00,320.8500061035156,320.8500061035156,320.8999938964844,320.75,320.75,9881
2026-04-23 06:34:00+00:00,320.70001220703125,320.70001220703125,320.8500061035156,320.6499938964844,320.8500061035156,12038
2026-04-23 06:35:00+00:00,320.70001220703125,320.70001220703125,320.70001220703125,320.6499938964844,320.70001220703125,4845
2026-04-23 06:36:00+00:00,320.70001220703125,320.70001220703125,320.79998779296875,320.70001220703125,320.70001220703125,6409
2026-04-23 06:37:00+00:00,320.6000061035156,320.6000061035156,320.70001220703125,320.5,320.70001220703125,12090
2026-04-23 06:38:00+00:00,320.6499938964844,320.6499938964844,320.6499938964844,320.3999938964844,320.54998779296875,11273
2026-04-23 06:39:00+00:00,320.5,320.5,320.6499938964844,320.5,320.6499938964844,7792
2026-04-23 06:40:00+00:00,320.70001220703125,320.70001220703125,320.75,320.6000061035156,320.6000061035156,16341
2026-04-23 06:41:00+00:00,320.8500061035156,320.8500061035156,320.8500061035156,320.54998779296875,320.6499938964844,13847
2026-04-23 06:42:00+00:00,320.8999938964844,320.8999938964844,320.8999938964844,320.8500061035156,320.8500061035156,10947
2026-04-23 06:43:00+00:00,320.8500061035156,320.8500061035156,320.8999938964844,320.8500061035156,320.8999938964844,28649
2026-04-23 06:44:00+00:00,320.8999938964844,320.8999938964844,320.8999938964844,320.79998779296875,320.8999938964844,19232
2026-04-23 06:45:00+00:00,320.8999938964844,320.8999938964844,320.8999938964844,320.75,320.79998779296875,17152
2026-04-23 06:46:00+00:00,320.8999938964844,320.8999938964844,320.8999938964844,320.75,320.75,16787
2026-04-23 06:47:00+00:00,320.8999938964844,320.8999938964844,320.8999938964844,320.8500061035156,320.8999938964844,12791
2026-04-23 06:48:00+00:00,320.8999938964844,320.8999938964844,320.8999938964844,320.79998779296875,320.8999938964844,16572
2026-04-23 06:49:00+00:00,320.75,320.75,320.8999938964844,320.70001220703125,320.8999938964844,16421
2026-04-23 06:50:00+00:00,320.70001220703125,320.70001220703125,320.79998779296875,320.54998779296875,320.75,15903
2026-04-23 06:51:00+00:00,320.75,320.75,320.75,320.6000061035156,320.70001220703125,8472
2026-04-23 06:52:00+00:00,320.8999938964844,320.8999938964844,320.8999938964844,320.70001220703125,320.70001220703125,19517
2026-04-23 06:53:00+00:00,320.70001220703125,320.70001220703125,320.8999938964844,320.70001220703125,320.8999938964844,19425
2026-04-23 06:54:00+00:00,320.70001220703125,320.70001220703125,320.79998779296875,320.70001220703125,320.75,8775
2026-04-23 06:55:00+00:00,320.79998779296875,320.79998779296875,320.8999938964844,320.70001220703125,320.75,13745
2026-04-23 06:56:00+00:00,320.54998779296875,320.54998779296875,320.79998779296875,320.54998779296875,320.79998779296875,11929
2026-04-23 06:57:00+00:00,320.29998779296875,320.29998779296875,320.5,320.20001220703125,320.5,46442
2026-04-23 06:58:00+00:00,320.3500061035156,320.3500061035156,320.3500061035156,320.25,320.25,9163
2026-04-23 06:59:00+00:00,320.20001220703125,320.20001220703125,320.3500061035156,320.20001220703125,320.25,12150
2026-04-23 07:00:00+00:00,320.25,320.25,320.29998779296875,320.20001220703125,320.29998779296875,8639
2026-04-23 07:01:00+00:00,320.25,320.25,320.25,320.20001220703125,320.20001220703125,21092
2026-04-23 07:02:00+00:00,320.25,320.25,320.54998779296875,320.1499938964844,320.1499938964844,13103
2026-04-23 07:03:00+00:00,320.70001220703125,320.70001220703125,320.70001220703125,320.25,320.25,11902
2026-04-23 07:04:00+00:00,320.6000061035156,320.6000061035156,320.6000061035156,320.5,320.54998779296875,18455
2026-04-23 07:05:00+00:00,320.45001220703125,320.45001220703125,320.54998779296875,320.45001220703125,320.54998779296875,12244
2026-04-23 07:06:00+00:00,320.45001220703125,320.45001220703125,320.54998779296875,320.45001220703125,320.54998779296875,10012
2026-04-23 07:07:00+00:00,320.45001220703125,320.45001220703125,320.70001220703125,320.45001220703125,320.45001220703125,13667
2026-04-23 07:08:00+00:00,320.54998779296875,320.54998779296875,320.54998779296875,320.3999938964844,320.45001220703125,10872
2026-04-23 07:09:00+00:00,320.45001220703125,320.45001220703125,320.54998779296875,320.45001220703125,320.45001220703125,9920
2026-04-23 07:10:00+00:00,320.3500061035156,320.3500061035156,320.54998779296875,320.3500061035156,320.54998779296875,18391
2026-04-23 07:11:00+00:00,320.25,320.25,320.3999938964844,320.1000061035156,320.3999938964844,13524
2026-04-23 07:12:00+00:00,320.25,320.25,320.25,320.1000061035156,320.25,4890
2026-04-23 07:13:00+00:00,320.29998779296875,320.29998779296875,320.29998779296875,320.1000061035156,320.25,5832
2026-04-23 07:14:00+00:00,320.20001220703125,320.20001220703125,320.3500061035156,320.20001220703125,320.25,19579
2026-04-23 07:15:00+00:00,320.29998779296875,320.29998779296875,320.3500061035156,320.20001220703125,320.3500061035156,13917
2026-04-23 07:16:00+00:00,320.25,320.25,320.3500061035156,320.20001220703125,320.29998779296875,13016
2026-04-23 07:17:00+00:00,320.45001220703125,320.45001220703125,320.45001220703125,320.20001220703125,320.3500061035156,18879
2026-04-23 07:18:00+00:00,320.3500061035156,320.3500061035156,320.45001220703125,320.3500061035156,320.45001220703125,8607
2026-04-23 07:19:00+00:00,320.3999938964844,320.3999938964844,320.3999938964844,320.29998779296875,320.3500061035156,15949
2026-04-23 07:20:00+00:00,320.29998779296875,320.29998779296875,320.3999938964844,320.29998779296875,320.3999938964844,12874
2026-04-23 07:21:00+00:00,320.20001220703125,320.20001220703125,320.29998779296875,320.1499938964844,320.29998779296875,13064
2026-04-23 07:22:00+00:00,320.25,320.25,320.3999938964844,320.20001220703125,320.20001220703125,7810
2026-04-23 07:23:00+00:00,320.5,320.5,320.5,320.3500061035156,320.3999938964844,9021
2026-04-23 07:24:00+00:00,320.29998779296875,320.29998779296875,320.5,320.29998779296875,320.5,23731
2026-04-23 07:25:00+00:00,320.45001220703125,320.45001220703125,320.45001220703125,320.29998779296875,320.3999938964844,8541
2026-04-23 07:26:00+00:00,320.54998779296875,320.54998779296875,320.54998779296875,320.29998779296875,320.45001220703125,9817
2026-04-23 07:27:00+00:00,320.45001220703125,320.45001220703125,320.5,320.3500061035156,320.5,7511
2026-04-23 07:28:00+00:00,320.3999938964844,320.3999938964844,320.54998779296875,320.3500061035156,320.45001220703125,9296
2026-04-23 07:29:00+00:00,320.3500061035156,320.3500061035156,320.5,320.3500061035156,320.5,20956
2026-04-23 07:30:00+00:00,320.3999938964844,320.3999938964844,320.45001220703125,320.29998779296875,320.3999938964844,9160
2026-04-23 07:31:00+00:00,319.8999938964844,319.8999938964844,320.3999938964844,319.8500061035156,320.3999938964844,37569
2026-04-23 07:32:00+00:00,320.1000061035156,320.1000061035156,320.25,319.95001220703125,319.95001220703125,16075
2026-04-23 07:33:00+00:00,320.0,320.0,320.1000061035156,320.0,320.04998779296875,7656
2026-04-23 07:34:00+00:00,320.1499938964844,320.1499938964844,320.1499938964844,320.04998779296875,320.1000061035156,5512
2026-04-23 07:35:00+00:00,320.1000061035156,320.1000061035156,320.1499938964844,319.95001220703125,320.0,37836
2026-04-23 07:36:00+00:00,320.1000061035156,320.1000061035156,320.1499938964844,320.04998779296875,320.04998779296875,7958
2026-04-23 07:37:00+00:00,319.95001220703125,319.95001220703125,320.04998779296875,319.8500061035156,320.04998779296875,20846
2026-04-23 07:38:00+00:00,320.0,320.0,320.0,319.8999938964844,319.95001220703125,19976
2026-04-23 07:39:00+00:00,320.04998779296875,320.04998779296875,320.1000061035156,319.95001220703125,320.0,8167
2026-04-23 07:40:00+00:00,320.20001220703125,320.20001220703125,320.25,320.04998779296875,320.04998779296875,12324
2026-04-23 07:41:00+00:00,320.25,320.25,320.25,320.1000061035156,320.1499938964844,12480
2026-04-23 07:42:00+00:00,320.20001220703125,320.20001220703125,320.29998779296875,320.1499938964844,320.25,12427
2026-04-23 07:43:00+00:00,320.29998779296875,320.29998779296875,320.3999938964844,320.20001220703125,320.3500061035156,9409
2026-04-23 07:44:00+00:00,320.3999938964844,320.3999938964844,320.3999938964844,320.25,320.29998779296875,10561
2026-04-23 07:45:00+00:00,320.29998779296875,320.29998779296875,320.3999938964844,320.29998779296875,320.3999938964844,13710
2026-04-23 07:46:00+00:00,320.29998779296875,320.29998779296875,320.3999938964844,320.20001220703125,320.3999938964844,18180
2026-04-23 07:47:00+00:00,320.3500061035156,320.3500061035156,320.3500061035156,320.20001220703125,320.25,12130
2026-04-23 07:48:00+00:00,320.5,320.5,320.5,320.20001220703125,320.3500061035156,21935
2026-04-23 07:49:00+00:00,320.6000061035156,320.6000061035156,320.6000061035156,320.45001220703125,320.5,46548
2026-04-23 07:50:00+00:00,320.75,320.75,320.75,320.54998779296875,320.54998779296875,35772
2026-04-23 07:51:00+00:00,320.6499938964844,320.6499938964844,320.79998779296875,320.6499938964844,320.79998779296875,36166
2026-04-23 07:52:00+00:00,320.6499938964844,320.6499938964844,320.6499938964844,320.45001220703125,320.6000061035156,33071
2026-04-23 07:53:00+00:00,320.79998779296875,320.79998779296875,320.8500061035156,320.6000061035156,320.79998779296875,49998
2026-04-23 07:54:00+00:00,320.6000061035156,320.6000061035156,320.8999938964844,320.6000061035156,320.79998779296875,32757
2026-04-23 07:55:00+00:00,320.54998779296875,320.54998779296875,320.6499938964844,320.5,320.6000061035156,16701
2026-04-23 07:56:00+00:00,320.5,320.5,320.6000061035156,320.45001220703125,320.54998779296875,12178
2026-04-23 07:57:00+00:00,320.54998779296875,320.54998779296875,320.6499938964844,320.5,320.54998779296875,7805
2026-04-23 07:58:00+00:00,320.70001220703125,320.70001220703125,320.70001220703125,320.5,320.6499938964844,36744
2026-04-23 07:59:00+00:00,320.54998779296875,320.54998779296875,320.70001220703125,320.54998779296875,320.70001220703125,17626
2026-04-23 08:00:00+00:00,320.54998779296875,320.54998779296875,320.70001220703125,320.3500061035156,320.6000061035156,14528
2026-04-23 08:01:00+00:00,320.3999938964844,320.3999938964844,320.6000061035156,320.3999938964844,320.5,11284
2026-04-23 08:02:00+00:00,320.5,320.5,320.5,320.25,320.5,20106
2026-04-23 08:03:00+00:00,320.45001220703125,320.45001220703125,320.54998779296875,320.45001220703125,320.54998779296875,8872
2026-04-23 08:04:00+00:00,320.54998779296875,320.54998779296875,320.6499938964844,320.5,320.54998779296875,9990
2026-04-23 08:05:00+00:00,320.5,320.5,320.54998779296875,320.29998779296875,320.54998779296875,21200
2026-04-23 08:06:00+00:00,320.20001220703125,320.20001220703125,320.29998779296875,320.04998779296875,320.29998779296875,32931
2026-04-23 08:07:00+00:00,320.25,320.25,320.25,320.1000061035156,320.20001220703125,10711
2026-04-23 08:08:00+00:00,320.0,320.0,320.25,320.0,320.25,16611
2026-04-23 08:09:00+00:00,320.1499938964844,320.1499938964844,320.1499938964844,320.0,320.04998779296875,22059
2026-04-23 08:10:00+00:00,320.1000061035156,320.1000061035156,320.25,320.1000061035156,320.20001220703125,19833
2026-04-23 08:11:00+00:00,320.04998779296875,320.04998779296875,320.1499938964844,320.04998779296875,320.1499938964844,16055
2026-04-23 08:12:00+00:00,320.04998779296875,320.04998779296875,320.20001220703125,320.04998779296875,320.1499938964844,7110
2026-04-23 08:13:00+00:00,320.1000061035156,320.1000061035156,320.25,320.1000061035156,320.1499938964844,11701
2026-04-23 08:14:00+00:00,320.1499938964844,320.1499938964844,320.1499938964844,320.04998779296875,320.1000061035156,15177
2026-04-23 08:15:00+00:00,320.1000061035156,320.1000061035156,320.1499938964844,320.04998779296875,320.1499938964844,15112
2026-04-23 08:16:00+00:00,320.1000061035156,320.1000061035156,320.1499938964844,320.1000061035156,320.1000061035156,7030
2026-04-23 08:17:00+00:00,320.1499938964844,320.1499938964844,320.1499938964844,320.1499938964844,320.1499938964844,12338
2026-04-23 08:18:00+00:00,320.1499938964844,320.1499938964844,320.1499938964844,320.04998779296875,320.1499938964844,10809
2026-04-23 08:19:00+00:00,320.1000061035156,320.1000061035156,320.1499938964844,320.0,320.1499938964844,25688
2026-04-23 08:20:00+00:00,320.1499938964844,320.1499938964844,320.20001220703125,320.04998779296875,320.04998779296875,14954
2026-04-23 08:21:00+00:00,320.1000061035156,320.1000061035156,320.20001220703125,320.04998779296875,320.1499938964844,7754
2026-04-23 08:22:00+00:00,320.29998779296875,320.29998779296875,320.29998779296875,320.1499938964844,320.20001220703125,12792
2026-04-23 08:23:00+00:00,320.20001220703125,320.20001220703125,320.29998779296875,320.1499938964844,320.29998779296875,28097
2026-04-23 08:24:00+00:00,320.20001220703125,320.20001220703125,320.29998779296875,320.1000061035156,320.29998779296875,12757
2026-04-23 08:25:00+00:00,320.29998779296875,320.29998779296875,320.29998779296875,320.1000061035156,320.25,8077
2026-04-23 08:26:00+00:00,320.1000061035156,320.1000061035156,320.29998779296875,320.1000061035156,320.29998779296875,24637
2026-04-23 08:27:00+00:00,320.1499938964844,320.1499938964844,320.20001220703125,320.0,320.0,11924
2026-04-23 08:28:00+00:00,320.04998779296875,320.04998779296875,320.20001220703125,320.04998779296875,320.1499938964844,8646
2026-04-23 08:29:00+00:00,320.04998779296875,320.04998779296875,320.20001220703125,320.04998779296875,320.04998779296875,10685
2026-04-23 08:30:00+00:00,319.8999938964844,319.8999938964844,320.1000061035156,319.70001220703125,320.04998779296875,31134
2026-04-23 08:31:00+00:00,319.95001220703125,319.95001220703125,319.95001220703125,319.70001220703125,319.79998779296875,10140
2026-04-23 08:32:00+00:00,319.79998779296875,319.79998779296875,320.0,319.75,319.95001220703125,24481
2026-04-23 08:33:00+00:00,319.6499938964844,319.6499938964844,319.8999938964844,319.6499938964844,319.8999938964844,21040
2026-04-23 08:34:00+00:00,319.8500061035156,319.8500061035156,319.8500061035156,319.70001220703125,319.70001220703125,6930
2026-04-23 08:35:00+00:00,319.70001220703125,319.70001220703125,319.79998779296875,319.6499938964844,319.70001220703125,5831
2026-04-23 08:36:00+00:00,319.6499938964844,319.6499938964844,319.75,319.6000061035156,319.6499938964844,9174
2026-04-23 08:37:00+00:00,319.54998779296875,319.54998779296875,319.6499938964844,319.54998779296875,319.6499938964844,8612
2026-04-23 08:38:00+00:00,319.29998779296875,319.29998779296875,319.6000061035156,319.29998779296875,319.6000061035156,26537
2026-04-23 08:39:00+00:00,319.3500061035156,319.3500061035156,319.45001220703125,319.25,319.3500061035156,26146
2026-04-23 08:40:00+00:00,319.20001220703125,319.20001220703125,319.25,319.20001220703125,319.25,30730
2026-04-23 08:41:00+00:00,319.20001220703125,319.20001220703125,319.20001220703125,319.1000061035156,319.20001220703125,18331
2026-04-23 08:42:00+00:00,319.1000061035156,319.1000061035156,319.20001220703125,319.1000061035156,319.20001220703125,9231
2026-04-23 08:43:00+00:00,319.1499938964844,319.1499938964844,319.25,319.1000061035156,319.1000061035156,11301
2026-04-23 08:44:00+00:00,318.6499938964844,318.6499938964844,319.1499938964844,318.5,319.1499938964844,68640
2026-04-23 08:45:00+00:00,318.75,318.75,318.75,318.5,318.6499938964844,41176
2026-04-23 08:46:00+00:00,319.20001220703125,319.20001220703125,319.20001220703125,318.6000061035156,318.8500061035156,10371
2026-04-23 08:47:00+00:00,319.45001220703125,319.45001220703125,319.54998779296875,319.29998779296875,319.45001220703125,9547
2026-04-23 08:48:00+00:00,319.3500061035156,319.3500061035156,319.54998779296875,319.3500061035156,319.45001220703125,21100
2026-04-23 08:49:00+00:00,318.79998779296875,318.79998779296875,319.29998779296875,318.79998779296875,319.29998779296875,38052
2026-04-23 08:50:00+00:00,318.8999938964844,318.8999938964844,318.8999938964844,318.6000061035156,318.79998779296875,47006
2026-04-23 08:51:00+00:00,318.75,318.75,318.95001220703125,318.75,318.95001220703125,13453
2026-04-23 08:52:00+00:00,318.8999938964844,318.8999938964844,319.0,318.6499938964844,318.6499938964844,27363
2026-04-23 08:53:00+00:00,318.95001220703125,318.95001220703125,319.04998779296875,318.8999938964844,319.0,11573
2026-04-23 08:54:00+00:00,319.0,319.0,319.1000061035156,318.95001220703125,318.95001220703125,9077
2026-04-23 08:55:00+00:00,319.1000061035156,319.1000061035156,319.1000061035156,318.95001220703125,319.04998779296875,14201
2026-04-23 08:56:00+00:00,319.1499938964844,319.1499938964844,319.1499938964844,318.8999938964844,318.8999938964844,30583
2026-04-23 08:57:00+00:00,319.04998779296875,319.04998779296875,319.25,319.04998779296875,319.25,18798
2026-04-23 08:58:00+00:00,319.0,319.0,319.1499938964844,318.95001220703125,319.0,16980
2026-04-23 08:59:00+00:00,318.6000061035156,318.6000061035156,319.1000061035156,318.6000061035156,319.1000061035156,42204
2026-04-23 09:00:00+00:00,318.95001220703125,318.95001220703125,319.0,318.5,318.6000061035156,7734
2026-04-23 09:01:00+00:00,318.79998779296875,318.79998779296875,319.0,318.6000061035156,318.95001220703125,10229
2026-04-23 09:02:00+00:00,318.79998779296875,318.79998779296875,318.79998779296875,318.75,318.79998779296875,7308
2026-04-23 09:03:00+00:00,318.75,318.75,318.8500061035156,318.75,318.79998779296875,11377
2026-04-23 09:04:00+00:00,318.75,318.75,318.79998779296875,318.70001220703125,318.79998779296875,15473
2026-04-23 09:05:00+00:00,318.6499938964844,318.6499938964844,318.75,318.5,318.75,13622
2026-04-23 09:06:00+00:00,318.70001220703125,318.70001220703125,318.79998779296875,318.6000061035156,318.6000061035156,21146
2026-04-23 09:07:00+00:00,318.1499938964844,318.1499938964844,318.70001220703125,318.1499938964844,318.70001220703125,31018
2026-04-23 09:08:00+00:00,318.3999938964844,318.3999938964844,318.3999938964844,318.04998779296875,318.3500061035156,21850
2026-04-23 09:09:00+00:00,318.3999938964844,318.3999938964844,318.54998779296875,318.3500061035156,318.3999938964844,7937
2026-04-23 09:10:00+00:00,318.3999938964844,318.3999938964844,318.45001220703125,318.29998779296875,318.3500061035156,7227
2026-04-23 09:11:00+00:00,318.6000061035156,318.6000061035156,318.6000061035156,318.25,318.3500061035156,10490
2026-04-23 09:12:00+00:00,318.6499938964844,318.6499938964844,318.79998779296875,318.3999938964844,318.45001220703125,8321
2026-04-23 09:13:00+00:00,318.70001220703125,318.70001220703125,318.8500061035156,318.6499938964844,318.75,7560
2026-04-23 09:14:00+00:00,318.6499938964844,318.6499938964844,318.75,318.6499938964844,318.70001220703125,4027
2026-04-23 09:15:00+00:00,318.79998779296875,318.79998779296875,318.79998779296875,318.6499938964844,318.70001220703125,5564
2026-04-23 09:16:00+00:00,318.70001220703125,318.70001220703125,318.8500061035156,318.70001220703125,318.8500061035156,25779
2026-04-23 09:17:00+00:00,318.8999938964844,318.8999938964844,318.95001220703125,318.6000061035156,318.95001220703125,20764
2026-04-23 09:18:00+00:00,318.79998779296875,318.79998779296875,318.95001220703125,318.79998779296875,318.8999938964844,33944
2026-04-23 09:19:00+00:00,318.8500061035156,318.8500061035156,318.8500061035156,318.6000061035156,318.79998779296875,20485
2026-04-23 09:20:00+00:00,318.6499938964844,318.6499938964844,318.79998779296875,318.6499938964844,318.75,17419
2026-04-23 09:21:00+00:00,318.6000061035156,318.6000061035156,318.8999938964844,318.6000061035156,318.70001220703125,16515
2026-04-23 09:22:00+00:00,318.8999938964844,318.8999938964844,318.8999938964844,318.6000061035156,318.70001220703125,22238
2026-04-23 09:23:00+00:00,318.75,318.75,318.8999938964844,318.75,318.8999938964844,18391
2026-04-23 09:24:00+00:00,318.6499938964844,318.6499938964844,318.8999938964844,318.6499938964844,318.79998779296875,15591
2026-04-23 09:25:00+00:00,318.6000061035156,318.6000061035156,318.79998779296875,318.54998779296875,318.79998779296875,17912
2026-04-23 09:26:00+00:00,318.6499938964844,318.6499938964844,318.70001220703125,318.45001220703125,318.70001220703125,20206
2026-04-23 09:27:00+00:00,318.5,318.5,318.6499938964844,318.45001220703125,318.5,18204
2026-04-23 09:28:00+00:00,318.54998779296875,318.54998779296875,318.6000061035156,318.45001220703125,318.6000061035156,15017
2026-04-23 09:29:00+00:00,318.45001220703125,318.45001220703125,318.54998779296875,318.29998779296875,318.54998779296875,19441
2026-04-23 09:30:00+00:00,318.95001220703125,318.95001220703125,318.95001220703125,318.45001220703125,318.45001220703125,39816
2026-04-23 09:31:00+00:00,319.3500061035156,319.3500061035156,319.3500061035156,318.95001220703125,318.95001220703125,25227
2026-04-23 09:32:00+00:00,319.29998779296875,319.29998779296875,319.5,319.29998779296875,319.3500061035156,53759
2026-04-23 09:33:00+00:00,319.29998779296875,319.29998779296875,319.29998779296875,319.20001220703125,319.29998779296875,37980
2026-04-23 09:34:00+00:00,319.20001220703125,319.20001220703125,319.29998779296875,319.20001220703125,319.29998779296875,25475
2026-04-23 09:35:00+00:00,319.20001220703125,319.20001220703125,319.20001220703125,319.1499938964844,319.20001220703125,15849
2026-04-23 09:36:00+00:00,319.3500061035156,319.3500061035156,319.3999938964844,319.29998779296875,319.3999938964844,73345
2026-04-23 09:37:00+00:00,319.3999938964844,319.3999938964844,319.3999938964844,319.29998779296875,319.3500061035156,22320
2026-04-23 09:38:00+00:00,319.3999938964844,319.3999938964844,319.3999938964844,319.3999938964844,319.3999938964844,17409
2026-04-23 09:39:00+00:00,319.3999938964844,319.3999938964844,319.3999938964844,319.3500061035156,319.3999938964844,32147
2026-04-23 09:40:00+00:00,319.29998779296875,319.29998779296875,319.3999938964844,319.29998779296875,319.3999938964844,67749
2026-04-23 09:41:00+00:00,319.25,319.25,319.3500061035156,319.25,319.3500061035156,32935
2026-04-23 09:42:00+00:00,319.29998779296875,319.29998779296875,319.29998779296875,319.25,319.25,23459
2026-04-23 09:43:00+00:00,319.3500061035156,319.3500061035156,319.3999938964844,319.20001220703125,319.20001220703125,53480
2026-04-23 09:44:00+00:00,319.3500061035156,319.3500061035156,319.3500061035156,319.29998779296875,319.3500061035156,51423
2026-04-23 09:45:00+00:00,319.3999938964844,319.3999938964844,319.3999938964844,319.3500061035156,319.3999938964844,25108
2026-04-23 09:46:00+00:00,319.29998779296875,319.29998779296875,319.3999938964844,319.29998779296875,319.3999938964844,43124
2026-04-23 09:47:00+00:00,319.29998779296875,319.29998779296875,319.3999938964844,319.29998779296875,319.3999938964844,43352
2026-04-23 09:48:00+00:00,318.95001220703125,318.95001220703125,319.29998779296875,318.95001220703125,319.29998779296875,133063
2026-04-23 09:49:00+00:00,318.95001220703125,318.95001220703125,319.0,318.8999938964844,318.8999938964844,13443
2026-04-23 09:50:00+00:00,319.0,319.0,319.0,318.8999938964844,318.95001220703125,30162
2026-04-23 09:51:00+00:00,319.0,319.0,319.04998779296875,318.95001220703125,319.0,37035
2026-04-23 09:52:00+00:00,319.0,319.0,319.0,318.95001220703125,318.95001220703125,19920
2026-04-23 09:53:00+00:00,319.0,319.0,319.0,318.95001220703125,318.95001220703125,82989
2026-04-23 09:54:00+00:00,319.04998779296875,319.04998779296875,319.04998779296875,318.8999938964844,318.8999938964844,32856
2026-04-23 09:55:00+00:00,319.25,319.25,319.25,319.04998779296875,319.04998779296875,54581
2026-04-23 09:56:00+00:00,318.70001220703125,318.70001220703125,319.1499938964844,318.3500061035156,319.1499938964844,72139
2026-04-23 09:57:00+00:00,319.0,319.0,319.0,318.75,318.75,33272
2026-04-23 09:58:00+00:00,319.0,319.0,319.0,318.8999938964844,318.95001220703125,17896
2026-04-23 09:59:00+00:00,318.8999938964844,318.8999938964844,319.0,318.54998779296875,318.95001220703125,18051
2026-04-24 03:45:00+00:00,317.1499938964844,317.1499938964844,317.8999938964844,316.25,316.8500061035156,0
2026-04-24 03:46:00+00:00,317.1000061035156,317.1000061035156,317.5,316.8999938964844,317.1499938964844,104031
2026-04-24 03:47:00+00:00,316.79998779296875,316.79998779296875,317.1499938964844,316.6499938964844,317.1499938964844,63811
2026-04-24 03:48:00+00:00,316.6000061035156,316.6000061035156,316.8999938964844,316.54998779296875,316.54998779296875,125606
2026-04-24 03:49:00+00:00,316.3999938964844,316.3999938964844,316.8999938964844,316.3999938964844,316.8999938964844,83302
2026-04-24 03:50:00+00:00,316.5,316.5,316.6499938964844,316.3999938964844,316.3999938964844,51060
2026-04-24 03:51:00+00:00,316.6499938964844,316.6499938964844,316.79998779296875,316.5,316.79998779296875,67010
2026-04-24 03:52:00+00:00,316.8500061035156,316.8500061035156,316.8500061035156,316.70001220703125,316.75,51449
2026-04-24 03:53:00+00:00,316.8999938964844,316.8999938964844,316.95001220703125,316.8500061035156,316.8500061035156,58191
2026-04-24 03:54:00+00:00,316.54998779296875,316.54998779296875,316.8999938964844,316.54998779296875,316.8999938964844,21046
2026-04-24 03:55:00+00:00,316.54998779296875,316.54998779296875,316.95001220703125,316.45001220703125,316.54998779296875,40629
2026-04-24 03:56:00+00:00,316.3500061035156,316.3500061035156,316.6000061035156,316.3500061035156,316.54998779296875,24404
2026-04-24 03:57:00+00:00,316.5,316.5,316.54998779296875,316.3999938964844,316.54998779296875,26401
2026-04-24 03:58:00+00:00,316.54998779296875,316.54998779296875,316.54998779296875,316.29998779296875,316.45001220703125,46037
2026-04-24 03:59:00+00:00,316.5,316.5,316.70001220703125,316.3500061035156,316.70001220703125,35300
2026-04-24 04:00:00+00:00,316.5,316.5,316.5,316.29998779296875,316.3999938964844,59128
2026-04-24 04:01:00+00:00,316.3500061035156,316.3500061035156,316.75,316.29998779296875,316.45001220703125,72777
2026-04-24 04:02:00+00:00,316.1499938964844,316.1499938964844,316.5,316.1000061035156,316.5,7623
2026-04-24 04:03:00+00:00,316.0,316.0,316.1499938964844,315.95001220703125,316.1000061035156,33455
2026-04-24 04:04:00+00:00,316.0,316.0,316.0,315.95001220703125,315.95001220703125,29478
2026-04-24 04:05:00+00:00,315.95001220703125,315.95001220703125,316.0,315.8999938964844,316.0,36732
2026-04-24 04:06:00+00:00,315.6499938964844,315.6499938964844,315.95001220703125,315.6499938964844,315.95001220703125,20523
2026-04-24 04:07:00+00:00,315.54998779296875,315.54998779296875,315.70001220703125,315.29998779296875,315.45001220703125,41090
2026-04-24 04:08:00+00:00,315.5,315.5,315.54998779296875,315.45001220703125,315.54998779296875,16277
2026-04-24 04:09:00+00:00,315.29998779296875,315.29998779296875,315.5,315.25,315.5,22611
2026-04-24 04:10:00+00:00,315.5,315.5,315.5,315.0,315.25,84468
2026-04-24 04:11:00+00:00,315.6499938964844,315.6499938964844,315.70001220703125,315.3999938964844,315.3999938964844,50670
2026-04-24 04:12:00+00:00,315.75,315.75,315.8500061035156,315.75,315.8500061035156,12901
2026-04-24 04:13:00+00:00,315.75,315.75,315.79998779296875,315.75,315.75,5710
2026-04-24 04:14:00+00:00,315.8500061035156,315.8500061035156,315.8500061035156,315.79998779296875,315.79998779296875,13916
2026-04-24 04:15:00+00:00,315.79998779296875,315.79998779296875,315.8500061035156,315.6499938964844,315.8500061035156,15616
2026-04-24 04:16:00+00:00,315.6499938964844,315.6499938964844,315.79998779296875,315.6499938964844,315.79998779296875,12689
2026-04-24 04:17:00+00:00,315.6499938964844,315.6499938964844,315.70001220703125,315.6000061035156,315.70001220703125,13699
2026-04-24 04:18:00+00:00,315.6499938964844,315.6499938964844,315.75,315.5,315.54998779296875,31995
2026-04-24 04:19:00+00:00,315.6000061035156,315.6000061035156,315.6499938964844,315.5,315.6000061035156,12335
2026-04-24 04:20:00+00:00,315.1499938964844,315.1499938964844,315.6000061035156,315.1499938964844,315.6000061035156,15908
2026-04-24 04:21:00+00:00,315.54998779296875,315.54998779296875,315.54998779296875,315.29998779296875,315.5,18199
2026-04-24 04:22:00+00:00,315.6499938964844,315.6499938964844,315.79998779296875,315.6000061035156,315.79998779296875,15561
2026-04-24 04:23:00+00:00,315.6000061035156,315.6000061035156,315.6499938964844,315.5,315.6499938964844,12370
2026-04-24 04:24:00+00:00,315.3999938964844,315.3999938964844,315.54998779296875,315.3999938964844,315.54998779296875,1999
2026-04-24 04:25:00+00:00,315.3999938964844,315.3999938964844,315.45001220703125,315.04998779296875,315.45001220703125,22881
2026-04-24 04:26:00+00:00,315.3999938964844,315.3999938964844,315.3999938964844,315.29998779296875,315.3500061035156,26771
2026-04-24 04:27:00+00:00,315.3500061035156,315.3500061035156,315.3999938964844,315.3500061035156,315.3999938964844,17735
2026-04-24 04:28:00+00:00,315.3500061035156,315.3500061035156,315.3500061035156,315.29998779296875,315.3500061035156,4902
2026-04-24 04:29:00+00:00,315.75,315.75,315.79998779296875,315.3500061035156,315.3500061035156,46922
2026-04-24 04:30:00+00:00,316.0,316.0,316.1000061035156,315.75,315.75,46960
2026-04-24 04:31:00+00:00,316.25,316.25,316.25,316.1000061035156,316.1000061035156,33912
2026-04-24 04:32:00+00:00,316.3999938964844,316.3999938964844,316.5,316.25,316.5,68855
2026-04-24 04:33:00+00:00,316.45001220703125,316.45001220703125,316.75,316.3999938964844,316.3999938964844,79392
2026-04-24 04:34:00+00:00,316.45001220703125,316.45001220703125,316.5,316.3999938964844,316.45001220703125,6012
2026-04-24 04:35:00+00:00,316.5,316.5,316.5,316.3999938964844,316.45001220703125,19889
2026-04-24 04:36:00+00:00,316.29998779296875,316.29998779296875,316.3999938964844,316.25,316.3999938964844,22893
2026-04-24 04:37:00+00:00,316.3500061035156,316.3500061035156,316.5,316.25,316.29998779296875,14061
2026-04-24 04:38:00+00:00,316.5,316.5,316.5,316.3999938964844,316.45001220703125,15505
2026-04-24 04:39:00+00:00,316.70001220703125,316.70001220703125,316.75,316.5,316.5,58191
2026-04-24 04:40:00+00:00,316.6499938964844,316.6499938964844,316.70001220703125,316.6000061035156,316.70001220703125,5495
2026-04-24 04:41:00+00:00,317.25,317.25,317.25,316.6000061035156,316.6000061035156,131870
2026-04-24 04:42:00+00:00,316.75,316.75,317.3500061035156,316.75,317.3500061035156,138977
2026-04-24 04:43:00+00:00,316.29998779296875,316.29998779296875,316.75,316.20001220703125,316.75,49116
2026-04-24 04:44:00+00:00,316.5,316.5,316.6499938964844,316.3500061035156,316.3500061035156,16972
2026-04-24 04:45:00+00:00,316.25,316.25,316.5,316.25,316.5,8972
2026-04-24 04:46:00+00:00,316.25,316.25,316.3500061035156,316.25,316.3500061035156,6659
2026-04-24 04:47:00+00:00,316.25,316.25,316.3500061035156,316.20001220703125,316.20001220703125,7718
2026-04-24 04:48:00+00:00,316.20001220703125,316.20001220703125,316.3500061035156,316.20001220703125,316.3500061035156,7261
2026-04-24 04:49:00+00:00,315.75,315.75,316.20001220703125,315.75,316.20001220703125,11754
2026-04-24 04:50:00+00:00,315.75,315.75,315.8500061035156,315.70001220703125,315.8500061035156,2333
2026-04-24 04:51:00+00:00,315.8999938964844,315.8999938964844,315.95001220703125,315.75,315.75,7088
2026-04-24 04:52:00+00:00,315.75,315.75,315.8999938964844,315.75,315.8500061035156,5772
2026-04-24 04:53:00+00:00,315.79998779296875,315.79998779296875,315.79998779296875,315.6499938964844,315.6499938964844,3823
2026-04-24 04:54:00+00:00,315.70001220703125,315.70001220703125,315.79998779296875,315.70001220703125,315.70001220703125,6046
2026-04-24 04:55:00+00:00,316.0,316.0,316.0,315.70001220703125,315.75,13182
2026-04-24 04:56:00+00:00,316.0,316.0,316.0,316.0,316.0,5211
2026-04-24 04:57:00+00:00,315.8999938964844,315.8999938964844,316.0,315.8500061035156,315.95001220703125,7974
2026-04-24 04:58:00+00:00,315.8999938964844,315.8999938964844,315.8999938964844,315.75,315.8999938964844,7295
2026-04-24 04:59:00+00:00,315.95001220703125,315.95001220703125,316.0,315.8500061035156,315.95001220703125,15818
2026-04-24 05:00:00+00:00,315.8500061035156,315.8500061035156,315.8999938964844,315.70001220703125,315.8999938964844,11205
2026-04-24 05:01:00+00:00,315.8500061035156,315.8500061035156,315.95001220703125,315.75,315.8500061035156,12891
2026-04-24 05:02:00+00:00,315.75,315.75,315.8500061035156,315.6000061035156,315.8500061035156,11274
2026-04-24 05:03:00+00:00,315.54998779296875,315.54998779296875,315.79998779296875,315.54998779296875,315.79998779296875,11135
2026-04-24 05:04:00+00:00,315.75,315.75,315.75,315.5,315.54998779296875,25443
2026-04-24 05:05:00+00:00,315.5,315.5,315.75,315.5,315.75,17275
2026-04-24 05:06:00+00:00,315.5,315.5,315.5,315.45001220703125,315.45001220703125,5832
2026-04-24 05:07:00+00:00,315.3999938964844,315.3999938964844,315.54998779296875,315.3999938964844,315.54998779296875,52138
2026-04-24 05:08:00+00:00,315.3999938964844,315.3999938964844,315.3999938964844,315.29998779296875,315.3999938964844,15295
2026-04-24 05:09:00+00:00,315.6499938964844,315.6499938964844,315.70001220703125,315.3999938964844,315.3999938964844,19204
2026-04-24 05:10:00+00:00,315.6499938964844,315.6499938964844,315.70001220703125,315.6000061035156,315.70001220703125,7359
2026-04-24 05:11:00+00:00,315.5,315.5,315.6499938964844,315.5,315.6499938964844,12990
2026-04-24 05:12:00+00:00,315.45001220703125,315.45001220703125,315.5,315.3999938964844,315.5,5399
2026-04-24 05:13:00+00:00,315.45001220703125,315.45001220703125,315.45001220703125,315.3999938964844,315.45001220703125,1859
2026-04-24 05:14:00+00:00,315.45001220703125,315.45001220703125,315.45001220703125,315.3999938964844,315.45001220703125,7149
2026-04-24 05:15:00+00:00,315.1499938964844,315.1499938964844,315.3999938964844,315.1000061035156,315.3999938964844,57011
2026-04-24 05:16:00+00:00,315.29998779296875,315.29998779296875,315.3500061035156,315.1000061035156,315.1000061035156,16926
2026-04-24 05:17:00+00:00,315.3500061035156,315.3500061035156,315.3500061035156,315.29998779296875,315.3500061035156,12100
2026-04-24 05:18:00+00:00,315.04998779296875,315.04998779296875,315.3500061035156,315.0,315.3500061035156,33908
2026-04-24 05:19:00+00:00,315.1499938964844,315.1499938964844,315.1499938964844,315.0,315.04998779296875,4401
2026-04-24 05:20:00+00:00,315.1000061035156,315.1000061035156,315.1499938964844,315.04998779296875,315.1499938964844,8174
2026-04-24 05:21:00+00:00,315.0,315.0,315.1499938964844,315.0,315.04998779296875,37665
2026-04-24 05:22:00+00:00,315.20001220703125,315.20001220703125,315.20001220703125,315.04998779296875,315.04998779296875,5549
2026-04-24 05:23:00+00:00,315.20001220703125,315.20001220703125,315.25,315.1499938964844,315.1499938964844,9063
2026-04-24 05:24:00+00:00,315.25,315.25,315.3500061035156,315.25,315.29998779296875,17530
2026-04-24 05:25:00+00:00,315.3500061035156,315.3500061035156,315.3500061035156,315.25,315.29998779296875,25285
2026-04-24 05:26:00+00:00,315.54998779296875,315.54998779296875,315.54998779296875,315.3500061035156,315.3500061035156,22311
2026-04-24 05:27:00+00:00,315.3999938964844,315.3999938964844,315.54998779296875,315.3500061035156,315.45001220703125,11295
2026-04-24 05:28:00+00:00,315.45001220703125,315.45001220703125,315.45001220703125,315.3999938964844,315.3999938964844,4884
2026-04-24 05:29:00+00:00,315.3999938964844,315.3999938964844,315.45001220703125,315.3500061035156,315.45001220703125,10798
2026-04-24 05:30:00+00:00,315.1000061035156,315.1000061035156,315.25,314.95001220703125,315.25,72482
2026-04-24 05:31:00+00:00,314.75,314.75,315.0,314.6000061035156,315.0,22980
2026-04-24 05:32:00+00:00,314.8999938964844,314.8999938964844,314.95001220703125,314.70001220703125,314.75,5687
2026-04-24 05:33:00+00:00,314.95001220703125,314.95001220703125,314.95001220703125,314.8999938964844,314.8999938964844,6735
2026-04-24 05:34:00+00:00,314.8500061035156,314.8500061035156,314.95001220703125,314.8500061035156,314.95001220703125,9213
2026-04-24 05:35:00+00:00,315.04998779296875,315.04998779296875,315.04998779296875,314.79998779296875,314.8999938964844,24271
2026-04-24 05:36:00+00:00,315.20001220703125,315.20001220703125,315.25,315.0,315.1000061035156,13702
2026-04-24 05:37:00+00:00,315.1000061035156,315.1000061035156,315.25,315.0,315.25,10494
2026-04-24 05:38:00+00:00,315.0,315.0,315.1499938964844,315.0,315.1499938964844,6909
2026-04-24 05:39:00+00:00,315.0,315.0,315.1000061035156,315.0,315.1000061035156,29366
2026-04-24 05:40:00+00:00,315.0,315.0,315.1000061035156,315.0,315.1000061035156,8726
2026-04-24 05:41:00+00:00,315.04998779296875,315.04998779296875,315.04998779296875,315.0,315.04998779296875,4769
2026-04-24 05:42:00+00:00,314.79998779296875,314.79998779296875,315.04998779296875,314.79998779296875,315.04998779296875,12250
2026-04-24 05:43:00+00:00,314.54998779296875,314.54998779296875,314.8500061035156,314.5,314.79998779296875,13016
2026-04-24 05:44:00+00:00,314.8999938964844,314.8999938964844,315.0,314.6499938964844,314.6499938964844,19190
2026-04-24 05:45:00+00:00,314.95001220703125,314.95001220703125,314.95001220703125,314.79998779296875,314.95001220703125,12812
2026-04-24 05:46:00+00:00,314.8500061035156,314.8500061035156,314.95001220703125,314.8500061035156,314.8500061035156,2228
2026-04-24 05:47:00+00:00,314.95001220703125,314.95001220703125,314.95001220703125,314.8500061035156,314.8999938964844,8044
2026-04-24 05:48:00+00:00,314.79998779296875,314.79998779296875,315.04998779296875,314.79998779296875,314.8999938964844,63821
2026-04-24 05:49:00+00:00,314.95001220703125,314.95001220703125,314.95001220703125,314.79998779296875,314.8500061035156,3595
2026-04-24 05:50:00+00:00,315.1000061035156,315.1000061035156,315.1000061035156,314.8999938964844,315.0,132253
2026-04-24 05:51:00+00:00,315.29998779296875,315.29998779296875,315.45001220703125,315.1499938964844,315.1499938964844,52477
2026-04-24 05:52:00+00:00,315.6499938964844,315.6499938964844,315.75,315.3500061035156,315.3999938964844,63093
2026-04-24 05:53:00+00:00,315.6000061035156,315.6000061035156,315.6499938964844,315.5,315.54998779296875,7022
2026-04-24 05:54:00+00:00,315.6000061035156,315.6000061035156,315.6000061035156,315.54998779296875,315.6000061035156,5117
2026-04-24 05:55:00+00:00,315.6499938964844,315.6499938964844,315.70001220703125,315.5,315.54998779296875,24246
2026-04-24 05:56:00+00:00,315.6499938964844,315.6499938964844,315.70001220703125,315.5,315.70001220703125,62316
2026-04-24 05:57:00+00:00,315.6000061035156,315.6000061035156,315.70001220703125,315.5,315.6499938964844,8741
2026-04-24 05:58:00+00:00,315.3999938964844,315.3999938964844,315.6499938964844,315.20001220703125,315.6499938964844,19063
2026-04-24 05:59:00+00:00,315.3500061035156,315.3500061035156,315.45001220703125,315.25,315.3999938964844,5778
2026-04-24 06:00:00+00:00,315.54998779296875,315.54998779296875,315.54998779296875,315.3999938964844,315.45001220703125,3493
2026-04-24 06:01:00+00:00,315.54998779296875,315.54998779296875,315.79998779296875,315.5,315.54998779296875,20128
2026-04-24 06:02:00+00:00,315.79998779296875,315.79998779296875,315.79998779296875,315.54998779296875,315.54998779296875,78550
2026-04-24 06:03:00+00:00,315.8999938964844,315.8999938964844,315.8999938964844,315.79998779296875,315.8500061035156,7891
2026-04-24 06:04:00+00:00,315.75,315.75,315.8999938964844,315.70001220703125,315.8500061035156,12437
2026-04-24 06:05:00+00:00,315.75,315.75,315.79998779296875,315.70001220703125,315.75,5521
2026-04-24 06:06:00+00:00,315.70001220703125,315.70001220703125,315.79998779296875,315.70001220703125,315.79998779296875,6260
2026-04-24 06:07:00+00:00,315.75,315.75,315.79998779296875,315.6499938964844,315.79998779296875,13209
2026-04-24 06:08:00+00:00,315.75,315.75,315.79998779296875,315.70001220703125,315.70001220703125,13839
2026-04-24 06:09:00+00:00,316.29998779296875,316.29998779296875,316.3500061035156,315.75,315.79998779296875,103103
2026-04-24 06:10:00+00:00,316.3500061035156,316.3500061035156,316.5,316.25,316.3500061035156,75318
2026-04-24 06:11:00+00:00,316.3500061035156,316.3500061035156,316.45001220703125,316.29998779296875,316.45001220703125,4283
2026-04-24 06:12:00+00:00,316.25,316.25,316.3999938964844,316.20001220703125,316.3500061035156,20981
2026-04-24 06:13:00+00:00,316.45001220703125,316.45001220703125,316.45001220703125,316.20001220703125,316.3500061035156,34701
2026-04-24 06:14:00+00:00,316.3999938964844,316.3999938964844,316.45001220703125,316.3500061035156,316.45001220703125,8427
2026-04-24 06:15:00+00:00,316.3999938964844,316.3999938964844,316.45001220703125,316.3500061035156,316.3999938964844,13452
2026-04-24 06:16:00+00:00,316.3999938964844,316.3999938964844,316.5,316.3999938964844,316.3999938964844,10383
2026-04-24 06:17:00+00:00,316.25,316.25,316.45001220703125,316.25,316.3999938964844,9317
2026-04-24 06:18:00+00:00,316.29998779296875,316.29998779296875,316.29998779296875,316.20001220703125,316.29998779296875,6465
2026-04-24 06:19:00+00:00,316.25,316.25,316.29998779296875,316.25,316.29998779296875,3711
2026-04-24 06:20:00+00:00,316.25,316.25,316.29998779296875,316.25,316.29998779296875,15299
2026-04-24 06:21:00+00:00,316.25,316.25,316.29998779296875,316.25,316.29998779296875,8649
2026-04-24 06:22:00+00:00,316.29998779296875,316.29998779296875,316.29998779296875,316.20001220703125,316.25,5333
2026-04-24 06:23:00+00:00,316.25,316.25,316.29998779296875,316.20001220703125,316.29998779296875,7195
2026-04-24 06:24:00+00:00,316.45001220703125,316.45001220703125,316.45001220703125,316.3999938964844,316.3999938964844,18997
2026-04-24 06:25:00+00:00,316.3500061035156,316.3500061035156,316.5,316.20001220703125,316.45001220703125,12990
2026-04-24 06:26:00+00:00,316.3500061035156,316.3500061035156,316.5,316.3500061035156,316.45001220703125,12486
2026-04-24 06:27:00+00:00,316.3500061035156,316.3500061035156,316.5,316.3500061035156,316.3999938964844,41169
2026-04-24 06:28:00+00:00,316.5,316.5,316.5,316.3500061035156,316.3999938964844,2344
2026-04-24 06:29:00+00:00,316.45001220703125,316.45001220703125,316.5,316.3500061035156,316.5,13343
2026-04-24 06:30:00+00:00,316.45001220703125,316.45001220703125,316.45001220703125,316.3999938964844,316.45001220703125,5532
2026-04-24 06:31:00+00:00,316.54998779296875,316.54998779296875,316.54998779296875,316.45001220703125,316.5,21604
2026-04-24 06:32:00+00:00,316.6000061035156,316.6000061035156,316.6000061035156,316.5,316.6000061035156,14386
2026-04-24 06:33:00+00:00,316.5,316.5,316.6000061035156,316.5,316.5,5711
2026-04-24 06:34:00+00:00,316.45001220703125,316.45001220703125,316.54998779296875,316.45001220703125,316.54998779296875,10630
2026-04-24 06:35:00+00:00,316.70001220703125,316.70001220703125,316.75,316.45001220703125,316.5,31848
2026-04-24 06:36:00+00:00,316.75,316.75,316.75,316.6000061035156,316.75,12485
2026-04-24 06:37:00+00:00,316.70001220703125,316.70001220703125,316.75,316.70001220703125,316.75,6498
2026-04-24 06:38:00+00:00,316.6499938964844,316.6499938964844,316.75,316.5,316.75,4846
2026-04-24 06:39:00+00:00,316.70001220703125,316.70001220703125,316.70001220703125,316.6000061035156,316.6000061035156,7239
2026-04-24 06:40:00+00:00,316.70001220703125,316.70001220703125,316.70001220703125,316.6000061035156,316.70001220703125,6039
2026-04-24 06:41:00+00:00,316.6000061035156,316.6000061035156,316.70001220703125,316.5,316.70001220703125,11166
2026-04-24 06:42:00+00:00,316.70001220703125,316.70001220703125,316.70001220703125,316.5,316.6000061035156,2865
2026-04-24 06:43:00+00:00,316.6000061035156,316.6000061035156,316.70001220703125,316.5,316.70001220703125,5840
2026-04-24 06:44:00+00:00,316.54998779296875,316.54998779296875,316.6499938964844,316.54998779296875,316.6000061035156,3945
2026-04-24 06:45:00+00:00,316.54998779296875,316.54998779296875,316.6499938964844,316.54998779296875,316.6499938964844,10078
2026-04-24 06:46:00+00:00,316.6000061035156,316.6000061035156,316.6499938964844,316.3999938964844,316.45001220703125,6268
2026-04-24 06:47:00+00:00,316.6499938964844,316.6499938964844,316.6499938964844,316.6000061035156,316.6499938964844,3394
2026-04-24 06:48:00+00:00,316.54998779296875,316.54998779296875,316.6499938964844,316.5,316.6000061035156,8104
2026-04-24 06:49:00+00:00,316.6499938964844,316.6499938964844,316.6499938964844,316.5,316.5,5112
2026-04-24 06:50:00+00:00,316.6000061035156,316.6000061035156,316.70001220703125,316.3999938964844,316.70001220703125,14193
2026-04-24 06:51:00+00:00,316.5,316.5,316.6000061035156,316.3999938964844,316.6000061035156,11215
2026-04-24 06:52:00+00:00,316.54998779296875,316.54998779296875,316.54998779296875,316.45001220703125,316.54998779296875,8304
2026-04-24 06:53:00+00:00,316.3999938964844,316.3999938964844,316.5,316.3999938964844,316.3999938964844,8014
2026-04-24 06:54:00+00:00,316.3999938964844,316.3999938964844,316.45001220703125,316.29998779296875,316.45001220703125,4933
2026-04-24 06:55:00+00:00,316.29998779296875,316.29998779296875,316.3500061035156,316.20001220703125,316.29998779296875,14694
2026-04-24 06:56:00+00:00,316.3999938964844,316.3999938964844,316.3999938964844,316.25,316.25,6671
2026-04-24 06:57:00+00:00,316.3500061035156,316.3500061035156,316.45001220703125,316.25,316.3500061035156,8377
2026-04-24 06:58:00+00:00,316.3500061035156,316.3500061035156,316.3999938964844,316.29998779296875,316.3999938964844,8541
2026-04-24 06:59:00+00:00,316.6000061035156,316.6000061035156,316.6000061035156,316.3999938964844,316.3999938964844,22852
2026-04-24 07:00:00+00:00,316.6499938964844,316.6499938964844,316.70001220703125,316.54998779296875,316.54998779296875,11060
2026-04-24 07:01:00+00:00,316.70001220703125,316.70001220703125,316.70001220703125,316.6000061035156,316.6499938964844,8991
2026-04-24 07:02:00+00:00,316.70001220703125,316.70001220703125,316.75,316.6499938964844,316.70001220703125,8589
2026-04-24 07:03:00+00:00,316.70001220703125,316.70001220703125,316.70001220703125,316.6499938964844,316.70001220703125,5625
2026-04-24 07:04:00+00:00,316.8500061035156,316.8500061035156,316.8500061035156,316.75,316.79998779296875,46318
2026-04-24 07:05:00+00:00,316.70001220703125,316.70001220703125,316.79998779296875,316.70001220703125,316.79998779296875,6496
2026-04-24 07:06:00+00:00,316.70001220703125,316.70001220703125,316.79998779296875,316.6499938964844,316.6499938964844,4564
2026-04-24 07:07:00+00:00,316.70001220703125,316.70001220703125,316.79998779296875,316.70001220703125,316.79998779296875,7099
2026-04-24 07:08:00+00:00,316.8500061035156,316.8500061035156,316.8500061035156,316.75,316.75,9743
2026-04-24 07:09:00+00:00,316.95001220703125,316.95001220703125,316.95001220703125,316.8500061035156,316.8500061035156,21438
2026-04-24 07:10:00+00:00,316.8999938964844,316.8999938964844,316.95001220703125,316.75,316.75,9200
2026-04-24 07:11:00+00:00,316.95001220703125,316.95001220703125,316.95001220703125,316.79998779296875,316.8999938964844,8793
2026-04-24 07:12:00+00:00,316.8500061035156,316.8500061035156,316.95001220703125,316.79998779296875,316.95001220703125,11126
2026-04-24 07:13:00+00:00,316.6499938964844,316.6499938964844,316.8500061035156,316.6499938964844,316.79998779296875,6867
2026-04-24 07:14:00+00:00,316.70001220703125,316.70001220703125,316.75,316.6499938964844,316.70001220703125,9347
2026-04-24 07:15:00+00:00,316.70001220703125,316.70001220703125,316.79998779296875,316.6000061035156,316.6000061035156,6427
2026-04-24 07:16:00+00:00,315.70001220703125,315.70001220703125,316.75,315.6000061035156,316.75,123138
2026-04-24 07:17:00+00:00,316.0,316.0,316.0,315.6000061035156,315.70001220703125,9654
2026-04-24 07:18:00+00:00,316.0,316.0,316.0,315.95001220703125,316.0,9722
2026-04-24 07:19:00+00:00,316.0,316.0,316.04998779296875,315.8500061035156,316.0,10607
2026-04-24 07:20:00+00:00,315.95001220703125,315.95001220703125,316.0,315.95001220703125,316.0,8585
2026-04-24 07:21:00+00:00,315.8999938964844,315.8999938964844,316.0,315.6499938964844,315.95001220703125,7628
2026-04-24 07:22:00+00:00,315.95001220703125,315.95001220703125,315.95001220703125,315.3999938964844,315.8999938964844,86463
2026-04-24 07:23:00+00:00,316.25,316.25,316.3500061035156,316.04998779296875,316.04998779296875,30065
2026-04-24 07:24:00+00:00,316.29998779296875,316.29998779296875,316.29998779296875,316.25,316.29998779296875,5379
2026-04-24 07:25:00+00:00,316.3999938964844,316.3999938964844,316.3999938964844,316.25,316.29998779296875,10713
2026-04-24 07:26:00+00:00,316.45001220703125,316.45001220703125,316.5,316.29998779296875,316.3999938964844,13048
2026-04-24 07:27:00+00:00,316.0,316.0,316.54998779296875,315.8999938964844,316.5,14790
2026-04-24 07:28:00+00:00,315.95001220703125,315.95001220703125,316.0,315.75,316.0,8287
2026-04-24 07:29:00+00:00,316.20001220703125,316.20001220703125,316.20001220703125,316.0,316.0,8617
2026-04-24 07:30:00+00:00,316.0,316.0,316.1000061035156,315.8500061035156,316.1000061035156,10027
2026-04-24 07:31:00+00:00,316.0,316.0,316.0,315.8999938964844,315.95001220703125,11722
2026-04-24 07:32:00+00:00,315.95001220703125,315.95001220703125,316.0,315.95001220703125,316.0,5496
2026-04-24 07:33:00+00:00,316.0,316.0,316.0,315.95001220703125,316.0,4997
2026-04-24 07:34:00+00:00,315.95001220703125,315.95001220703125,316.04998779296875,315.95001220703125,316.0,11801
2026-04-24 07:35:00+00:00,316.0,316.0,316.0,315.95001220703125,316.0,38856
2026-04-24 07:36:00+00:00,316.0,316.0,316.0,315.8999938964844,316.0,11208
2026-04-24 07:37:00+00:00,315.95001220703125,315.95001220703125,316.04998779296875,315.95001220703125,316.0,15947
2026-04-24 07:38:00+00:00,316.0,316.0,316.04998779296875,315.95001220703125,316.0,7298
2026-04-24 07:39:00+00:00,315.95001220703125,315.95001220703125,316.1000061035156,315.95001220703125,316.0,15958
2026-04-24 07:40:00+00:00,315.95001220703125,315.95001220703125,316.0,315.8500061035156,315.8500061035156,6832
2026-04-24 07:41:00+00:00,316.0,316.0,316.0,315.95001220703125,316.0,12296
2026-04-24 07:42:00+00:00,315.95001220703125,315.95001220703125,316.04998779296875,315.95001220703125,316.04998779296875,12442
2026-04-24 07:43:00+00:00,315.95001220703125,315.95001220703125,316.0,315.8500061035156,316.0,10448
2026-04-24 07:44:00+00:00,315.95001220703125,315.95001220703125,315.95001220703125,315.79998779296875,315.95001220703125,8096
2026-04-24 07:45:00+00:00,315.8999938964844,315.8999938964844,315.95001220703125,315.8500061035156,315.95001220703125,8749
2026-04-24 07:46:00+00:00,315.8999938964844,315.8999938964844,315.8999938964844,315.79998779296875,315.8999938964844,7427
2026-04-24 07:47:00+00:00,315.79998779296875,315.79998779296875,315.8999938964844,315.6499938964844,315.8999938964844,11821
2026-04-24 07:48:00+00:00,315.79998779296875,315.79998779296875,315.79998779296875,315.75,315.79998779296875,6763
2026-04-24 07:49:00+00:00,315.75,315.75,315.79998779296875,315.75,315.79998779296875,7970
2026-04-24 07:50:00+00:00,315.79998779296875,315.79998779296875,316.0,315.75,315.79998779296875,35682
2026-04-24 07:51:00+00:00,315.75,315.75,315.79998779296875,315.6499938964844,315.79998779296875,5781
2026-04-24 07:52:00+00:00,315.70001220703125,315.70001220703125,315.75,315.6499938964844,315.75,7818
2026-04-24 07:53:00+00:00,315.70001220703125,315.70001220703125,315.70001220703125,315.6499938964844,315.70001220703125,9544
2026-04-24 07:54:00+00:00,315.6000061035156,315.6000061035156,315.70001220703125,315.5,315.70001220703125,12788
2026-04-24 07:55:00+00:00,315.6499938964844,315.6499938964844,315.6499938964844,315.6000061035156,315.6499938964844,13701
2026-04-24 07:56:00+00:00,315.54998779296875,315.54998779296875,315.6499938964844,315.45001220703125,315.6499938964844,12442
2026-04-24 07:57:00+00:00,315.0,315.0,315.45001220703125,314.8999938964844,315.45001220703125,64482
2026-04-24 07:58:00+00:00,315.0,315.0,315.1000061035156,314.95001220703125,315.0,19678
2026-04-24 07:59:00+00:00,314.95001220703125,314.95001220703125,315.0,314.8999938964844,315.0,94990
2026-04-24 08:00:00+00:00,314.8999938964844,314.8999938964844,314.95001220703125,314.8999938964844,314.95001220703125,4814
2026-04-24 08:01:00+00:00,314.95001220703125,314.95001220703125,314.95001220703125,314.8500061035156,314.8999938964844,18336
2026-04-24 08:02:00+00:00,314.8500061035156,314.8500061035156,314.95001220703125,314.79998779296875,314.95001220703125,23732
2026-04-24 08:03:00+00:00,314.8999938964844,314.8999938964844,314.8999938964844,314.70001220703125,314.79998779296875,14488
2026-04-24 08:04:00+00:00,315.0,315.0,315.0,314.79998779296875,314.8999938964844,30401
2026-04-24 08:05:00+00:00,315.0,315.0,315.0,314.79998779296875,315.0,24982
2026-04-24 08:06:00+00:00,315.0,315.0,315.0,314.95001220703125,315.0,13410
2026-04-24 08:07:00+00:00,314.95001220703125,314.95001220703125,315.0,314.95001220703125,315.0,12718
2026-04-24 08:08:00+00:00,314.8999938964844,314.8999938964844,315.0,314.8999938964844,315.0,12533
2026-04-24 08:09:00+00:00,314.95001220703125,314.95001220703125,314.95001220703125,314.79998779296875,314.8999938964844,10631
2026-04-24 08:10:00+00:00,314.95001220703125,314.95001220703125,314.95001220703125,314.79998779296875,314.79998779296875,12652
2026-04-24 08:11:00+00:00,314.95001220703125,314.95001220703125,314.95001220703125,314.8999938964844,314.95001220703125,7119
2026-04-24 08:12:00+00:00,314.8999938964844,314.8999938964844,314.95001220703125,314.75,314.95001220703125,19538
2026-04-24 08:13:00+00:00,314.79998779296875,314.79998779296875,314.8999938964844,314.6499938964844,314.8999938964844,26130
2026-04-24 08:14:00+00:00,314.75,314.75,314.79998779296875,314.6499938964844,314.75,17416
2026-04-24 08:15:00+00:00,314.79998779296875,314.79998779296875,314.79998779296875,314.70001220703125,314.70001220703125,18533
2026-04-24 08:16:00+00:00,314.6000061035156,314.6000061035156,314.8999938964844,314.6000061035156,314.75,29770
2026-04-24 08:17:00+00:00,314.75,314.75,314.79998779296875,314.6499938964844,314.6499938964844,11693
2026-04-24 08:18:00+00:00,314.79998779296875,314.79998779296875,314.79998779296875,314.75,314.79998779296875,10123
2026-04-24 08:19:00+00:00,314.70001220703125,314.70001220703125,314.79998779296875,314.70001220703125,314.79998779296875,12161
2026-04-24 08:20:00+00:00,314.75,314.75,314.79998779296875,314.70001220703125,314.79998779296875,10289
2026-04-24 08:21:00+00:00,315.0,315.0,315.0,314.75,314.79998779296875,39456
2026-04-24 08:22:00+00:00,314.79998779296875,314.79998779296875,315.0,314.75,315.0,15488
2026-04-24 08:23:00+00:00,314.75,314.75,314.79998779296875,314.75,314.79998779296875,16786
2026-04-24 08:24:00+00:00,315.0,315.0,315.04998779296875,314.8999938964844,315.04998779296875,39972
2026-04-24 08:25:00+00:00,315.04998779296875,315.04998779296875,315.1000061035156,314.95001220703125,315.04998779296875,11055
2026-04-24 08:26:00+00:00,314.95001220703125,314.95001220703125,315.04998779296875,314.95001220703125,315.0,7367
2026-04-24 08:27:00+00:00,315.0,315.0,315.04998779296875,315.0,315.04998779296875,13565
2026-04-24 08:28:00+00:00,315.0,315.0,315.04998779296875,314.95001220703125,315.04998779296875,6572
2026-04-24 08:29:00+00:00,315.0,315.0,315.0,314.95001220703125,315.0,7118
2026-04-24 08:30:00+00:00,315.0,315.0,315.0,314.8999938964844,315.0,12397
2026-04-24 08:31:00+00:00,314.8500061035156,314.8500061035156,314.95001220703125,314.8500061035156,314.95001220703125,16409
2026-04-24 08:32:00+00:00,315.1499938964844,315.1499938964844,315.29998779296875,314.8999938964844,314.8999938964844,87643
2026-04-24 08:33:00+00:00,315.1499938964844,315.1499938964844,315.20001220703125,315.1499938964844,315.1499938964844,8768
2026-04-24 08:34:00+00:00,315.0,315.0,315.1499938964844,314.8500061035156,315.1499938964844,51713
2026-04-24 08:35:00+00:00,315.0,315.0,315.0,314.95001220703125,315.0,3939
2026-04-24 08:36:00+00:00,314.8500061035156,314.8500061035156,315.0,314.8500061035156,314.95001220703125,10062
2026-04-24 08:37:00+00:00,314.8999938964844,314.8999938964844,315.0,314.79998779296875,314.8500061035156,8359
2026-04-24 08:38:00+00:00,314.95001220703125,314.95001220703125,314.95001220703125,314.8999938964844,314.95001220703125,8762
2026-04-24 08:39:00+00:00,315.0,315.0,315.0,314.95001220703125,314.95001220703125,36231
2026-04-24 08:40:00+00:00,314.8500061035156,314.8500061035156,315.04998779296875,314.8500061035156,314.95001220703125,21673
2026-04-24 08:41:00+00:00,315.0,315.0,315.0,314.95001220703125,314.95001220703125,32205
2026-04-24 08:42:00+00:00,315.5,315.5,315.5,315.0,315.0,175646
2026-04-24 08:43:00+00:00,315.45001220703125,315.45001220703125,315.5,315.45001220703125,315.45001220703125,9752
2026-04-24 08:44:00+00:00,315.45001220703125,315.45001220703125,315.45001220703125,315.20001220703125,315.45001220703125,7028
2026-04-24 08:45:00+00:00,315.45001220703125,315.45001220703125,315.45001220703125,315.3999938964844,315.45001220703125,7202
2026-04-24 08:46:00+00:00,315.45001220703125,315.45001220703125,315.45001220703125,315.3999938964844,315.45001220703125,10274
2026-04-24 08:47:00+00:00,315.70001220703125,315.70001220703125,315.70001220703125,315.45001220703125,315.45001220703125,37214
2026-04-24 08:48:00+00:00,315.6499938964844,315.6499938964844,315.70001220703125,315.5,315.70001220703125,10718
2026-04-24 08:49:00+00:00,315.6499938964844,315.6499938964844,315.6499938964844,315.6499938964844,315.6499938964844,11424
2026-04-24 08:50:00+00:00,315.6000061035156,315.6000061035156,315.6499938964844,315.3999938964844,315.6499938964844,6807
2026-04-24 08:51:00+00:00,315.70001220703125,315.70001220703125,315.70001220703125,315.54998779296875,315.54998779296875,18248
2026-04-24 08:52:00+00:00,316.0,316.0,316.0,315.6499938964844,315.6499938964844,58337
2026-04-24 08:53:00+00:00,315.95001220703125,315.95001220703125,316.0,315.8500061035156,316.0,7167
2026-04-24 08:54:00+00:00,315.75,315.75,315.8500061035156,315.70001220703125,315.8500061035156,9127
2026-04-24 08:55:00+00:00,315.8999938964844,315.8999938964844,315.8999938964844,315.6000061035156,315.75,17960
2026-04-24 08:56:00+00:00,315.8500061035156,315.8500061035156,315.8999938964844,315.70001220703125,315.8999938964844,13390
2026-04-24 08:57:00+00:00,315.8500061035156,315.8500061035156,315.8999938964844,315.79998779296875,315.79998779296875,9316
2026-04-24 08:58:00+00:00,315.8500061035156,315.8500061035156,315.8500061035156,315.79998779296875,315.79998779296875,7794
2026-04-24 08:59:00+00:00,316.25,316.25,316.25,315.79998779296875,315.79998779296875,78644
2026-04-24 09:00:00+00:00,316.5,316.5,316.5,316.20001220703125,316.20001220703125,32478
2026-04-24 09:01:00+00:00,316.29998779296875,316.29998779296875,316.45001220703125,316.29998779296875,316.45001220703125,5049
2026-04-24 09:02:00+00:00,316.1499938964844,316.1499938964844,316.3500061035156,316.1000061035156,316.3500061035156,8203
2026-04-24 09:03:00+00:00,316.20001220703125,316.20001220703125,316.20001220703125,316.1499938964844,316.1499938964844,7814
2026-04-24 09:04:00+00:00,316.04998779296875,316.04998779296875,316.20001220703125,316.04998779296875,316.20001220703125,8201
2026-04-24 09:05:00+00:00,316.45001220703125,316.45001220703125,316.5,316.1000061035156,316.1000061035156,39873
2026-04-24 09:06:00+00:00,316.45001220703125,316.45001220703125,316.45001220703125,316.3500061035156,316.45001220703125,14638
2026-04-24 09:07:00+00:00,316.20001220703125,316.20001220703125,316.45001220703125,316.1000061035156,316.45001220703125,17981
2026-04-24 09:08:00+00:00,316.29998779296875,316.29998779296875,316.3500061035156,316.1000061035156,316.1000061035156,16144
2026-04-24 09:09:00+00:00,316.3500061035156,316.3500061035156,316.3999938964844,316.29998779296875,316.3500061035156,22116
2026-04-24 09:10:00+00:00,316.5,316.5,316.5,316.04998779296875,316.3500061035156,87830
2026-04-24 09:11:00+00:00,316.3999938964844,316.3999938964844,316.54998779296875,316.29998779296875,316.5,13499
2026-04-24 09:12:00+00:00,316.6000061035156,316.6000061035156,316.6000061035156,316.29998779296875,316.29998779296875,32095
2026-04-24 09:13:00+00:00,316.75,316.75,316.8999938964844,316.75,316.8999938964844,38652
2026-04-24 09:14:00+00:00,316.79998779296875,316.79998779296875,316.79998779296875,316.6000061035156,316.75,18626
2026-04-24 09:15:00+00:00,317.0,317.0,317.04998779296875,316.8500061035156,316.8500061035156,47300
2026-04-24 09:16:00+00:00,316.8999938964844,316.8999938964844,316.95001220703125,316.8500061035156,316.95001220703125,21499
2026-04-24 09:17:00+00:00,317.0,317.0,317.1000061035156,316.8500061035156,316.8999938964844,23867
2026-04-24 09:18:00+00:00,317.0,317.0,317.0,316.8500061035156,316.95001220703125,19680
2026-04-24 09:19:00+00:00,316.8999938964844,316.8999938964844,317.0,316.8999938964844,316.95001220703125,21991
2026-04-24 09:20:00+00:00,316.75,316.75,317.0,316.75,317.0,29136
2026-04-24 09:21:00+00:00,316.8500061035156,316.8500061035156,317.0,316.70001220703125,316.95001220703125,35197
2026-04-24 09:22:00+00:00,316.5,316.5,316.8500061035156,316.5,316.8500061035156,18742
2026-04-24 09:23:00+00:00,316.54998779296875,316.54998779296875,316.75,316.5,316.5,16072
2026-04-24 09:24:00+00:00,316.5,316.5,316.6499938964844,316.5,316.6499938964844,7320
2026-04-24 09:25:00+00:00,316.3999938964844,316.3999938964844,316.54998779296875,316.3999938964844,316.54998779296875,9599
2026-04-24 09:26:00+00:00,316.3999938964844,316.3999938964844,316.45001220703125,316.3999938964844,316.3999938964844,21743
2026-04-24 09:27:00+00:00,316.6000061035156,316.6000061035156,316.6000061035156,316.25,316.25,42170
2026-04-24 09:28:00+00:00,316.70001220703125,316.70001220703125,316.75,316.6499938964844,316.70001220703125,19086
2026-04-24 09:29:00+00:00,316.6499938964844,316.6499938964844,316.95001220703125,316.6499938964844,316.95001220703125,34312
2026-04-24 09:30:00+00:00,316.25,316.25,316.6000061035156,316.25,316.6000061035156,34338
2026-04-24 09:31:00+00:00,316.25,316.25,316.25,316.1000061035156,316.1000061035156,76689
2026-04-24 09:32:00+00:00,316.29998779296875,316.29998779296875,316.5,316.29998779296875,316.3999938964844,45904
2026-04-24 09:33:00+00:00,316.3500061035156,316.3500061035156,316.3999938964844,316.29998779296875,316.3500061035156,46751
2026-04-24 09:34:00+00:00,316.45001220703125,316.45001220703125,316.5,316.20001220703125,316.29998779296875,102452
2026-04-24 09:35:00+00:00,316.3500061035156,316.3500061035156,316.45001220703125,316.29998779296875,316.45001220703125,34732
2026-04-24 09:36:00+00:00,316.25,316.25,316.3999938964844,316.20001220703125,316.29998779296875,82666
2026-04-24 09:37:00+00:00,316.3999938964844,316.3999938964844,316.45001220703125,316.3500061035156,316.3500061035156,55534
2026-04-24 09:38:00+00:00,316.45001220703125,316.45001220703125,316.45001220703125,316.29998779296875,316.3500061035156,60516
2026-04-24 09:39:00+00:00,316.5,316.5,316.5,316.3999938964844,316.3999938964844,48803
2026-04-24 09:40:00+00:00,316.45001220703125,316.45001220703125,316.54998779296875,316.45001220703125,316.5,86003
2026-04-24 09:41:00+00:00,316.29998779296875,316.29998779296875,316.45001220703125,316.20001220703125,316.45001220703125,42810
2026-04-24 09:42:00+00:00,316.3999938964844,316.3999938964844,316.3999938964844,316.20001220703125,316.25,78508
2026-04-24 09:43:00+00:00,316.5,316.5,316.6000061035156,316.29998779296875,316.3999938964844,55165
2026-04-24 09:44:00+00:00,316.45001220703125,316.45001220703125,316.5,316.3999938964844,316.5,40188
2026-04-24 09:45:00+00:00,316.6499938964844,316.6499938964844,316.75,316.5,316.5,100525
2026-04-24 09:46:00+00:00,316.3999938964844,316.3999938964844,316.70001220703125,316.3999938964844,316.70001220703125,101041
2026-04-24 09:47:00+00:00,316.79998779296875,316.79998779296875,316.79998779296875,316.6000061035156,316.6000061035156,115515
2026-04-24 09:48:00+00:00,316.6000061035156,316.6000061035156,316.79998779296875,316.6000061035156,316.79998779296875,42559
2026-04-24 09:49:00+00:00,316.6000061035156,316.6000061035156,316.6499938964844,316.5,316.6000061035156,49714
2026-04-24 09:50:00+00:00,316.5,316.5,316.6000061035156,316.5,316.54998779296875,43833
2026-04-24 09:51:00+00:00,316.3500061035156,316.3500061035156,316.5,316.29998779296875,316.5,46138
2026-04-24 09:52:00+00:00,316.29998779296875,316.29998779296875,316.3500061035156,316.29998779296875,316.3500061035156,34143
2026-04-24 09:53:00+00:00,316.20001220703125,316.20001220703125,316.29998779296875,316.1000061035156,316.29998779296875,110440
2026-04-24 09:54:00+00:00,316.54998779296875,316.54998779296875,316.70001220703125,316.25,316.25,150265
2026-04-24 09:55:00+00:00,316.45001220703125,316.45001220703125,316.6000061035156,316.3999938964844,316.54998779296875,69528
2026-04-24 09:56:00+00:00,316.5,316.5,316.54998779296875,316.45001220703125,316.5,53232
2026-04-24 09:57:00+00:00,316.3999938964844,316.3999938964844,316.5,316.3500061035156,316.5,30772
2026-04-24 09:58:00+00:00,316.45001220703125,316.45001220703125,316.54998779296875,316.3500061035156,316.45001220703125,51037
2026-04-24 09:59:00+00:00,316.45001220703125,316.45001220703125,316.5,316.1000061035156,316.5,74505
2026-04-27 03:45:00+00:00,319.95001220703125,319.95001220703125,320.1499938964844,317.8999938964844,317.8999938964844,0
2026-04-27 03:46:00+00:00,318.3999938964844,318.3999938964844,319.8999938964844,318.29998779296875,319.8500061035156,100101
2026-04-27 03:47:00+00:00,318.04998779296875,318.04998779296875,318.5,317.75,318.3999938964844,40056
2026-04-27 03:48:00+00:00,319.1000061035156,319.1000061035156,319.25,318.3999938964844,318.54998779296875,57200
2026-04-27 03:49:00+00:00,318.5,318.5,319.1000061035156,318.5,319.1000061035156,37091
2026-04-27 03:50:00+00:00,318.75,318.75,318.95001220703125,318.45001220703125,318.45001220703125,42684
2026-04-27 03:51:00+00:00,318.29998779296875,318.29998779296875,318.75,318.1499938964844,318.6499938964844,23306
2026-04-27 03:52:00+00:00,318.6000061035156,318.6000061035156,318.95001220703125,318.3500061035156,318.3500061035156,24827
2026-04-27 03:53:00+00:00,318.6000061035156,318.6000061035156,318.75,318.45001220703125,318.70001220703125,21471
2026-04-27 03:54:00+00:00,318.6499938964844,318.6499938964844,318.6499938964844,318.54998779296875,318.54998779296875,12640
2026-04-27 03:55:00+00:00,318.70001220703125,318.70001220703125,318.70001220703125,318.6000061035156,318.6000061035156,11791
2026-04-27 03:56:00+00:00,318.1499938964844,318.1499938964844,318.70001220703125,318.1499938964844,318.70001220703125,37602
2026-04-27 03:57:00+00:00,318.75,318.75,318.75,318.45001220703125,318.45001220703125,36630
2026-04-27 03:58:00+00:00,318.8500061035156,318.8500061035156,318.8500061035156,318.70001220703125,318.70001220703125,17811
2026-04-27 03:59:00+00:00,318.3999938964844,318.3999938964844,318.79998779296875,318.3999938964844,318.79998779296875,15573
2026-04-27 04:00:00+00:00,318.70001220703125,318.70001220703125,318.79998779296875,318.3999938964844,318.54998779296875,11185
2026-04-27 04:01:00+00:00,318.6000061035156,318.6000061035156,318.75,318.5,318.75,22904
2026-04-27 04:02:00+00:00,318.5,318.5,318.70001220703125,318.3999938964844,318.54998779296875,20308
2026-04-27 04:03:00+00:00,318.20001220703125,318.20001220703125,318.5,318.20001220703125,318.5,20360
2026-04-27 04:04:00+00:00,317.70001220703125,317.70001220703125,318.29998779296875,317.70001220703125,318.29998779296875,57335
2026-04-27 04:05:00+00:00,317.5,317.5,317.79998779296875,317.45001220703125,317.6000061035156,16673
2026-04-27 04:06:00+00:00,317.6000061035156,317.6000061035156,317.75,317.5,317.5,21013
2026-04-27 04:07:00+00:00,317.25,317.25,317.54998779296875,317.25,317.54998779296875,30173
2026-04-27 04:08:00+00:00,317.3500061035156,317.3500061035156,317.3500061035156,317.20001220703125,317.20001220703125,17591
2026-04-27 04:09:00+00:00,317.3999938964844,317.3999938964844,317.45001220703125,317.29998779296875,317.3500061035156,12093
2026-04-27 04:10:00+00:00,317.5,317.5,317.5,317.3999938964844,317.3999938964844,12675
2026-04-27 04:11:00+00:00,317.1000061035156,317.1000061035156,317.54998779296875,317.1000061035156,317.45001220703125,67413
2026-04-27 04:12:00+00:00,317.1000061035156,317.1000061035156,317.25,317.1000061035156,317.25,12929
2026-04-27 04:13:00+00:00,317.3500061035156,317.3500061035156,317.3999938964844,317.0,317.25,78389
2026-04-27 04:14:00+00:00,317.5,317.5,317.54998779296875,317.3500061035156,317.5,7429
2026-04-27 04:15:00+00:00,317.54998779296875,317.54998779296875,317.6000061035156,317.3999938964844,317.6000061035156,26224
2026-04-27 04:16:00+00:00,318.1000061035156,318.1000061035156,318.1000061035156,317.45001220703125,317.45001220703125,23824
2026-04-27 04:17:00+00:00,317.79998779296875,317.79998779296875,318.1000061035156,317.70001220703125,318.0,24170
2026-04-27 04:18:00+00:00,317.8500061035156,317.8500061035156,317.8500061035156,317.54998779296875,317.75,12890
2026-04-27 04:19:00+00:00,317.95001220703125,317.95001220703125,317.95001220703125,317.79998779296875,317.8500061035156,13158
2026-04-27 04:20:00+00:00,318.29998779296875,318.29998779296875,318.3999938964844,318.0,318.0,23662
2026-04-27 04:21:00+00:00,318.25,318.25,318.5,318.25,318.3999938964844,20365
2026-04-27 04:22:00+00:00,318.5,318.5,318.5,318.1499938964844,318.20001220703125,13282
2026-04-27 04:23:00+00:00,318.25,318.25,318.45001220703125,318.25,318.45001220703125,17639
2026-04-27 04:24:00+00:00,318.3500061035156,318.3500061035156,318.5,318.25,318.29998779296875,11690
2026-04-27 04:25:00+00:00,318.3500061035156,318.3500061035156,318.70001220703125,318.29998779296875,318.5,13805
2026-04-27 04:26:00+00:00,318.3500061035156,318.3500061035156,318.45001220703125,318.1499938964844,318.45001220703125,12825
2026-04-27 04:27:00+00:00,318.29998779296875,318.29998779296875,318.3999938964844,318.1000061035156,318.1000061035156,8581
2026-04-27 04:28:00+00:00,318.54998779296875,318.54998779296875,318.6499938964844,318.29998779296875,318.45001220703125,7429
2026-04-27 04:29:00+00:00,318.6000061035156,318.6000061035156,318.79998779296875,318.6000061035156,318.6000061035156,14860
2026-04-27 04:30:00+00:00,319.29998779296875,319.29998779296875,319.29998779296875,318.6000061035156,318.79998779296875,41983
2026-04-27 04:31:00+00:00,319.45001220703125,319.45001220703125,319.5,319.29998779296875,319.5,85865
2026-04-27 04:32:00+00:00,318.95001220703125,318.95001220703125,319.3999938964844,318.6499938964844,319.3999938964844,48545
2026-04-27 04:33:00+00:00,318.95001220703125,318.95001220703125,319.04998779296875,318.8500061035156,318.95001220703125,17257
2026-04-27 04:34:00+00:00,318.70001220703125,318.70001220703125,319.1000061035156,318.6000061035156,319.0,19914
2026-04-27 04:35:00+00:00,318.75,318.75,318.75,318.6000061035156,318.6000061035156,8373
2026-04-27 04:36:00+00:00,318.8999938964844,318.8999938964844,318.8999938964844,318.75,318.79998779296875,8923
2026-04-27 04:37:00+00:00,318.95001220703125,318.95001220703125,319.0,318.79998779296875,318.8999938964844,10426
2026-04-27 04:38:00+00:00,319.1000061035156,319.1000061035156,319.1000061035156,318.8500061035156,318.8500061035156,5934
2026-04-27 04:39:00+00:00,318.70001220703125,318.70001220703125,319.1000061035156,318.6000061035156,319.0,15639
2026-04-27 04:40:00+00:00,318.6000061035156,318.6000061035156,318.79998779296875,318.54998779296875,318.75,8734
2026-04-27 04:41:00+00:00,318.5,318.5,318.70001220703125,318.5,318.5,10007
2026-04-27 04:42:00+00:00,318.45001220703125,318.45001220703125,318.6499938964844,318.25,318.6000061035156,14369
2026-04-27 04:43:00+00:00,318.5,318.5,318.54998779296875,318.29998779296875,318.45001220703125,7451
2026-04-27 04:44:00+00:00,318.6499938964844,318.6499938964844,318.70001220703125,318.3999938964844,318.45001220703125,8895
2026-04-27 04:45:00+00:00,319.29998779296875,319.29998779296875,319.29998779296875,318.70001220703125,318.70001220703125,9389
2026-04-27 04:46:00+00:00,319.5,319.5,319.5,319.20001220703125,319.3999938964844,10176
2026-04-27 04:47:00+00:00,319.45001220703125,319.45001220703125,319.6000061035156,319.3500061035156,319.3500061035156,25712
2026-04-27 04:48:00+00:00,319.70001220703125,319.70001220703125,319.70001220703125,319.45001220703125,319.5,21277
2026-04-27 04:49:00+00:00,319.79998779296875,319.79998779296875,319.79998779296875,319.54998779296875,319.70001220703125,13132
2026-04-27 04:50:00+00:00,319.70001220703125,319.70001220703125,319.8500061035156,319.54998779296875,319.8500061035156,12842
2026-04-27 04:51:00+00:00,319.5,319.5,319.70001220703125,319.5,319.6499938964844,11000
2026-04-27 04:52:00+00:00,319.70001220703125,319.70001220703125,319.70001220703125,319.29998779296875,319.5,11556
2026-04-27 04:53:00+00:00,319.3999938964844,319.3999938964844,319.75,319.3999938964844,319.70001220703125,36346
2026-04-27 04:54:00+00:00,319.6000061035156,319.6000061035156,319.70001220703125,319.3999938964844,319.3999938964844,10603
2026-04-27 04:55:00+00:00,319.54998779296875,319.54998779296875,319.75,319.5,319.6000061035156,20957
2026-04-27 04:56:00+00:00,319.5,319.5,319.54998779296875,319.3999938964844,319.54998779296875,8127
2026-04-27 04:57:00+00:00,319.3500061035156,319.3500061035156,319.45001220703125,319.3500061035156,319.45001220703125,10204
2026-04-27 04:58:00+00:00,319.3999938964844,319.3999938964844,319.3999938964844,319.1499938964844,319.25,11059
2026-04-27 04:59:00+00:00,319.3999938964844,319.3999938964844,319.45001220703125,319.20001220703125,319.29998779296875,30624
2026-04-27 05:00:00+00:00,319.54998779296875,319.54998779296875,319.54998779296875,319.3999938964844,319.45001220703125,15276
2026-04-27 05:01:00+00:00,319.3500061035156,319.3500061035156,319.54998779296875,319.29998779296875,319.54998779296875,31814
2026-04-27 05:02:00+00:00,319.3999938964844,319.3999938964844,319.45001220703125,319.29998779296875,319.29998779296875,14864
2026-04-27 05:03:00+00:00,319.1499938964844,319.1499938964844,319.3500061035156,319.04998779296875,319.3500061035156,8882
2026-04-27 05:04:00+00:00,319.29998779296875,319.29998779296875,319.29998779296875,319.1000061035156,319.1499938964844,11930
2026-04-27 05:05:00+00:00,319.70001220703125,319.70001220703125,319.75,319.3500061035156,319.3500061035156,27353
2026-04-27 05:06:00+00:00,320.20001220703125,320.20001220703125,320.20001220703125,319.79998779296875,319.79998779296875,59070
2026-04-27 05:07:00+00:00,319.95001220703125,319.95001220703125,320.1499938964844,319.95001220703125,320.1499938964844,16999
2026-04-27 05:08:00+00:00,319.70001220703125,319.70001220703125,320.0,319.6000061035156,320.0,12301
2026-04-27 05:09:00+00:00,319.79998779296875,319.79998779296875,319.79998779296875,319.6499938964844,319.70001220703125,3004
2026-04-27 05:10:00+00:00,319.79998779296875,319.79998779296875,319.8999938964844,319.79998779296875,319.79998779296875,9131
2026-04-27 05:11:00+00:00,319.79998779296875,319.79998779296875,319.8500061035156,319.70001220703125,319.79998779296875,1303
2026-04-27 05:12:00+00:00,319.6499938964844,319.6499938964844,319.8500061035156,319.6499938964844,319.8500061035156,19022
2026-04-27 05:13:00+00:00,319.6000061035156,319.6000061035156,319.6499938964844,319.3500061035156,319.6499938964844,13048
2026-04-27 05:14:00+00:00,319.29998779296875,319.29998779296875,319.54998779296875,319.29998779296875,319.54998779296875,4577
2026-04-27 05:15:00+00:00,319.45001220703125,319.45001220703125,319.45001220703125,319.25,319.3500061035156,13885
2026-04-27 05:16:00+00:00,319.6499938964844,319.6499938964844,319.6499938964844,319.25,319.3500061035156,11649
2026-04-27 05:17:00+00:00,319.95001220703125,319.95001220703125,319.95001220703125,319.6499938964844,319.6499938964844,5303
2026-04-27 05:18:00+00:00,320.1000061035156,320.1000061035156,320.1000061035156,319.95001220703125,319.95001220703125,6068
2026-04-27 05:19:00+00:00,320.0,320.0,320.20001220703125,320.0,320.1000061035156,29009
2026-04-27 05:20:00+00:00,319.75,319.75,320.04998779296875,319.70001220703125,320.0,6524
2026-04-27 05:21:00+00:00,319.79998779296875,319.79998779296875,319.8500061035156,319.70001220703125,319.70001220703125,6218
2026-04-27 05:22:00+00:00,319.8999938964844,319.8999938964844,320.04998779296875,319.6499938964844,319.75,19492
2026-04-27 05:23:00+00:00,320.04998779296875,320.04998779296875,320.04998779296875,319.95001220703125,319.95001220703125,6824
2026-04-27 05:24:00+00:00,320.25,320.25,320.25,320.1000061035156,320.20001220703125,7400
2026-04-27 05:25:00+00:00,320.6499938964844,320.6499938964844,320.6499938964844,320.25,320.25,41259
2026-04-27 05:26:00+00:00,320.75,320.75,320.79998779296875,320.6000061035156,320.70001220703125,14679
2026-04-27 05:27:00+00:00,320.8500061035156,320.8500061035156,320.8999938964844,320.75,320.79998779296875,19878
2026-04-27 05:28:00+00:00,321.70001220703125,321.70001220703125,321.70001220703125,320.8999938964844,320.8999938964844,162296
2026-04-27 05:29:00+00:00,322.1000061035156,322.1000061035156,322.1000061035156,321.79998779296875,321.79998779296875,121038
2026-04-27 05:30:00+00:00,322.29998779296875,322.29998779296875,323.0,322.0,322.1499938964844,217667
2026-04-27 05:31:00+00:00,322.0,322.0,322.3999938964844,321.79998779296875,322.3500061035156,35919
2026-04-27 05:32:00+00:00,321.6000061035156,321.6000061035156,322.45001220703125,321.3500061035156,322.0,81699
2026-04-27 05:33:00+00:00,321.6000061035156,321.6000061035156,321.70001220703125,321.3999938964844,321.6000061035156,15411
2026-04-27 05:34:00+00:00,322.0,322.0,322.0,321.6000061035156,321.8999938964844,35984
2026-04-27 05:35:00+00:00,322.54998779296875,322.54998779296875,322.6499938964844,321.8500061035156,322.0,195196
2026-04-27 05:36:00+00:00,321.95001220703125,321.95001220703125,322.45001220703125,321.75,322.45001220703125,125015
2026-04-27 05:37:00+00:00,321.79998779296875,321.79998779296875,322.0,321.75,321.95001220703125,11704
2026-04-27 05:38:00+00:00,321.54998779296875,321.54998779296875,321.79998779296875,321.54998779296875,321.75,12986
2026-04-27 05:39:00+00:00,321.25,321.25,321.6000061035156,321.25,321.6000061035156,49724
2026-04-27 05:40:00+00:00,322.1499938964844,322.1499938964844,322.20001220703125,321.75,321.95001220703125,282178
2026-04-27 05:41:00+00:00,321.8999938964844,321.8999938964844,322.20001220703125,321.8999938964844,321.95001220703125,53784
2026-04-27 05:42:00+00:00,321.95001220703125,321.95001220703125,322.0,321.8500061035156,322.0,19425
2026-04-27 05:43:00+00:00,322.3500061035156,322.3500061035156,322.3500061035156,321.95001220703125,322.0,27959
2026-04-27 05:44:00+00:00,323.1000061035156,323.1000061035156,323.20001220703125,322.25,322.3500061035156,290739
2026-04-27 05:45:00+00:00,323.6499938964844,323.6499938964844,323.70001220703125,322.95001220703125,323.1000061035156,63222
2026-04-27 05:46:00+00:00,323.70001220703125,323.70001220703125,323.70001220703125,323.3999938964844,323.70001220703125,49901
2026-04-27 05:47:00+00:00,323.75,323.75,323.75,323.29998779296875,323.70001220703125,120020
2026-04-27 05:48:00+00:00,324.25,324.25,324.25,323.75,323.75,136918
2026-04-27 05:49:00+00:00,324.3999938964844,324.3999938964844,324.75,324.20001220703125,324.20001220703125,81485
2026-04-27 05:50:00+00:00,324.70001220703125,324.70001220703125,324.70001220703125,324.29998779296875,324.3999938964844,201056
2026-04-27 05:51:00+00:00,324.6000061035156,324.6000061035156,324.70001220703125,324.45001220703125,324.70001220703125,67561
2026-04-27 05:52:00+00:00,323.6499938964844,323.6499938964844,324.6000061035156,323.6499938964844,324.6000061035156,91490
2026-04-27 05:53:00+00:00,323.79998779296875,323.79998779296875,323.8500061035156,323.45001220703125,323.6499938964844,74412
2026-04-27 05:54:00+00:00,323.8999938964844,323.8999938964844,323.8999938964844,323.70001220703125,323.79998779296875,17554
2026-04-27 05:55:00+00:00,323.3500061035156,323.3500061035156,323.79998779296875,323.3500061035156,323.79998779296875,31243
2026-04-27 05:56:00+00:00,323.5,323.5,323.6000061035156,323.29998779296875,323.6000061035156,66226
2026-04-27 05:57:00+00:00,323.45001220703125,323.45001220703125,323.6000061035156,323.45001220703125,323.6000061035156,16794
2026-04-27 05:58:00+00:00,322.95001220703125,322.95001220703125,323.45001220703125,322.79998779296875,323.45001220703125,42414
2026-04-27 05:59:00+00:00,323.04998779296875,323.04998779296875,323.1499938964844,322.95001220703125,322.95001220703125,21480
2026-04-27 06:00:00+00:00,323.04998779296875,323.04998779296875,323.1000061035156,322.95001220703125,322.95001220703125,8848
2026-04-27 06:01:00+00:00,323.1000061035156,323.1000061035156,323.1000061035156,323.0,323.0,14979
2026-04-27 06:02:00+00:00,323.1499938964844,323.1499938964844,323.3500061035156,323.1499938964844,323.20001220703125,19651
2026-04-27 06:03:00+00:00,323.04998779296875,323.04998779296875,323.20001220703125,322.70001220703125,323.20001220703125,37483
2026-04-27 06:04:00+00:00,322.79998779296875,322.79998779296875,323.1000061035156,322.70001220703125,323.04998779296875,24148
2026-04-27 06:05:00+00:00,322.5,322.5,322.8500061035156,322.29998779296875,322.8500061035156,33656
2026-04-27 06:06:00+00:00,322.6000061035156,322.6000061035156,322.75,322.5,322.70001220703125,31823
2026-04-27 06:07:00+00:00,322.20001220703125,322.20001220703125,322.70001220703125,322.20001220703125,322.6000061035156,75243
2026-04-27 06:08:00+00:00,322.0,322.0,322.29998779296875,321.79998779296875,322.25,35876
2026-04-27 06:09:00+00:00,322.0,322.0,322.04998779296875,321.6499938964844,321.8500061035156,47118
2026-04-27 06:10:00+00:00,321.8999938964844,321.8999938964844,322.0,321.79998779296875,322.0,15604
2026-04-27 06:11:00+00:00,321.95001220703125,321.95001220703125,322.1499938964844,321.79998779296875,322.1499938964844,30644
2026-04-27 06:12:00+00:00,322.0,322.0,322.1000061035156,321.75,322.1000061035156,10425
2026-04-27 06:13:00+00:00,321.70001220703125,321.70001220703125,322.04998779296875,321.70001220703125,321.8999938964844,15081
2026-04-27 06:14:00+00:00,322.1499938964844,322.1499938964844,322.20001220703125,321.70001220703125,321.75,12517
2026-04-27 06:15:00+00:00,321.8500061035156,321.8500061035156,322.1000061035156,321.79998779296875,322.1000061035156,11684
2026-04-27 06:16:00+00:00,321.8500061035156,321.8500061035156,321.95001220703125,321.75,321.8500061035156,13161
2026-04-27 06:17:00+00:00,322.04998779296875,322.04998779296875,322.1000061035156,321.75,321.8999938964844,17171
2026-04-27 06:18:00+00:00,322.3500061035156,322.3500061035156,322.54998779296875,322.0,322.04998779296875,16134
2026-04-27 06:19:00+00:00,322.54998779296875,322.54998779296875,322.54998779296875,322.3500061035156,322.3500061035156,6456
2026-04-27 06:20:00+00:00,322.3999938964844,322.3999938964844,322.3999938964844,322.1000061035156,322.3999938964844,18924
2026-04-27 06:21:00+00:00,321.95001220703125,321.95001220703125,322.5,321.95001220703125,322.5,18835
2026-04-27 06:22:00+00:00,321.75,321.75,322.0,321.75,322.0,38452
2026-04-27 06:23:00+00:00,321.5,321.5,321.8500061035156,321.45001220703125,321.79998779296875,19005
2026-04-27 06:24:00+00:00,321.8500061035156,321.8500061035156,321.8500061035156,321.6000061035156,321.6499938964844,8412
2026-04-27 06:25:00+00:00,321.8999938964844,321.8999938964844,321.8999938964844,321.70001220703125,321.70001220703125,11786
2026-04-27 06:26:00+00:00,321.45001220703125,321.45001220703125,321.8500061035156,321.3500061035156,321.8500061035156,18509
2026-04-27 06:27:00+00:00,321.5,321.5,321.5,321.29998779296875,321.5,12824
2026-04-27 06:28:00+00:00,321.3999938964844,321.3999938964844,321.5,321.29998779296875,321.3500061035156,11783
2026-04-27 06:29:00+00:00,321.54998779296875,321.54998779296875,321.54998779296875,321.3500061035156,321.3999938964844,12171
2026-04-27 06:30:00+00:00,321.3500061035156,321.3500061035156,321.6000061035156,321.25,321.54998779296875,13352
2026-04-27 06:31:00+00:00,321.3999938964844,321.3999938964844,321.3999938964844,321.25,321.3999938964844,3442
2026-04-27 06:32:00+00:00,321.6000061035156,321.6000061035156,321.6000061035156,321.29998779296875,321.29998779296875,3372
2026-04-27 06:33:00+00:00,321.5,321.5,321.54998779296875,321.3500061035156,321.54998779296875,51528
2026-04-27 06:34:00+00:00,321.54998779296875,321.54998779296875,321.54998779296875,321.25,321.25,84398
2026-04-27 06:35:00+00:00,321.54998779296875,321.54998779296875,321.6000061035156,321.3999938964844,321.5,5611
2026-04-27 06:36:00+00:00,321.6499938964844,321.6499938964844,321.6499938964844,321.5,321.5,7867
2026-04-27 06:37:00+00:00,321.8999938964844,321.8999938964844,321.8999938964844,321.6499938964844,321.6499938964844,8057
2026-04-27 06:38:00+00:00,320.95001220703125,320.95001220703125,321.79998779296875,320.95001220703125,321.75,61648
2026-04-27 06:39:00+00:00,321.0,321.0,321.0,320.79998779296875,321.0,8105
2026-04-27 06:40:00+00:00,320.8999938964844,320.8999938964844,321.0,320.8999938964844,320.95001220703125,10359
2026-04-27 06:41:00+00:00,320.75,320.75,320.95001220703125,320.75,320.95001220703125,9089
2026-04-27 06:42:00+00:00,320.8500061035156,320.8500061035156,320.95001220703125,320.70001220703125,320.8999938964844,9177
2026-04-27 06:43:00+00:00,321.0,321.0,321.0,320.8500061035156,320.8999938964844,10542
2026-04-27 06:44:00+00:00,320.5,320.5,320.95001220703125,320.3999938964844,320.95001220703125,27634
2026-04-27 06:45:00+00:00,320.54998779296875,320.54998779296875,320.54998779296875,320.3500061035156,320.5,8683
2026-04-27 06:46:00+00:00,320.75,320.75,320.75,320.45001220703125,320.45001220703125,8657
2026-04-27 06:47:00+00:00,320.70001220703125,320.70001220703125,320.75,320.6000061035156,320.6499938964844,8947
2026-04-27 06:48:00+00:00,320.8500061035156,320.8500061035156,320.8500061035156,320.70001220703125,320.70001220703125,6079
2026-04-27 06:49:00+00:00,320.75,320.75,320.8500061035156,320.70001220703125,320.8500061035156,20108
2026-04-27 06:50:00+00:00,320.79998779296875,320.79998779296875,320.79998779296875,320.54998779296875,320.70001220703125,8587
2026-04-27 06:51:00+00:00,321.1499938964844,321.1499938964844,321.3500061035156,320.79998779296875,320.79998779296875,24625
2026-04-27 06:52:00+00:00,321.29998779296875,321.29998779296875,321.29998779296875,321.1000061035156,321.1000061035156,7713
2026-04-27 06:53:00+00:00,321.25,321.25,321.3500061035156,321.1499938964844,321.25,13241
2026-04-27 06:54:00+00:00,321.04998779296875,321.04998779296875,321.25,321.04998779296875,321.25,15646
2026-04-27 06:55:00+00:00,321.25,321.25,321.29998779296875,321.25,321.25,8560
2026-04-27 06:56:00+00:00,321.29998779296875,321.29998779296875,321.3500061035156,321.04998779296875,321.3500061035156,10705
2026-04-27 06:57:00+00:00,321.29998779296875,321.29998779296875,321.3999938964844,321.20001220703125,321.25,14185
2026-04-27 06:58:00+00:00,321.25,321.25,321.29998779296875,321.0,321.29998779296875,20153
2026-04-27 06:59:00+00:00,321.25,321.25,321.25,321.04998779296875,321.1000061035156,18029
2026-04-27 07:00:00+00:00,321.25,321.25,321.29998779296875,321.25,321.25,4393
2026-04-27 07:01:00+00:00,321.3999938964844,321.3999938964844,321.45001220703125,321.25,321.25,3698
2026-04-27 07:02:00+00:00,321.5,321.5,321.6000061035156,321.3999938964844,321.3999938964844,12398
2026-04-27 07:03:00+00:00,321.6000061035156,321.6000061035156,321.6000061035156,321.45001220703125,321.5,26114
2026-04-27 07:04:00+00:00,321.5,321.5,321.6499938964844,321.45001220703125,321.6000061035156,5324
2026-04-27 07:05:00+00:00,321.3999938964844,321.3999938964844,321.6000061035156,321.29998779296875,321.5,10215
2026-04-27 07:06:00+00:00,321.3500061035156,321.3500061035156,321.3500061035156,321.25,321.29998779296875,9299
2026-04-27 07:07:00+00:00,321.45001220703125,321.45001220703125,321.45001220703125,321.29998779296875,321.29998779296875,6117
2026-04-27 07:08:00+00:00,321.29998779296875,321.29998779296875,321.45001220703125,321.29998779296875,321.45001220703125,7085
2026-04-27 07:09:00+00:00,321.29998779296875,321.29998779296875,321.3999938964844,321.1499938964844,321.29998779296875,6027
2026-04-27 07:10:00+00:00,321.1000061035156,321.1000061035156,321.3500061035156,321.0,321.29998779296875,22649
2026-04-27 07:11:00+00:00,320.8999938964844,320.8999938964844,321.20001220703125,320.79998779296875,321.20001220703125,20986
2026-04-27 07:12:00+00:00,320.8999938964844,320.8999938964844,321.04998779296875,320.8999938964844,320.8999938964844,14839
2026-04-27 07:13:00+00:00,321.1499938964844,321.1499938964844,321.25,321.0,321.04998779296875,2727
2026-04-27 07:14:00+00:00,321.1000061035156,321.1000061035156,321.25,321.04998779296875,321.1499938964844,8592
2026-04-27 07:15:00+00:00,321.0,321.0,321.20001220703125,320.8500061035156,321.1000061035156,12338
2026-04-27 07:16:00+00:00,321.0,321.0,321.1000061035156,320.95001220703125,320.95001220703125,5612
2026-04-27 07:17:00+00:00,321.20001220703125,321.20001220703125,321.20001220703125,321.0,321.0,2820
2026-04-27 07:18:00+00:00,321.1000061035156,321.1000061035156,321.25,321.1000061035156,321.1499938964844,9875
2026-04-27 07:19:00+00:00,321.1499938964844,321.1499938964844,321.25,321.1000061035156,321.20001220703125,4569
2026-04-27 07:20:00+00:00,320.8999938964844,320.8999938964844,321.25,320.8999938964844,321.25,13663
2026-04-27 07:21:00+00:00,320.95001220703125,320.95001220703125,320.95001220703125,320.79998779296875,320.8999938964844,3565
2026-04-27 07:22:00+00:00,321.20001220703125,321.20001220703125,321.25,320.8500061035156,320.8500061035156,7577
2026-04-27 07:23:00+00:00,321.1499938964844,321.1499938964844,321.25,321.04998779296875,321.04998779296875,14793
2026-04-27 07:24:00+00:00,321.20001220703125,321.20001220703125,321.20001220703125,321.04998779296875,321.1000061035156,3609
2026-04-27 07:25:00+00:00,321.25,321.25,321.29998779296875,321.1499938964844,321.1499938964844,3196
2026-04-27 07:26:00+00:00,321.29998779296875,321.29998779296875,321.29998779296875,321.20001220703125,321.29998779296875,5989
2026-04-27 07:27:00+00:00,321.1499938964844,321.1499938964844,321.29998779296875,321.1499938964844,321.25,12964
2026-04-27 07:28:00+00:00,321.1499938964844,321.1499938964844,321.25,321.1499938964844,321.20001220703125,3265
2026-04-27 07:29:00+00:00,321.25,321.25,321.25,321.04998779296875,321.25,19198
2026-04-27 07:30:00+00:00,321.1499938964844,321.1499938964844,321.20001220703125,321.04998779296875,321.04998779296875,7307
2026-04-27 07:31:00+00:00,321.25,321.25,321.25,321.04998779296875,321.1499938964844,23471
2026-04-27 07:32:00+00:00,321.1000061035156,321.1000061035156,321.25,321.1000061035156,321.25,6323
2026-04-27 07:33:00+00:00,321.04998779296875,321.04998779296875,321.20001220703125,321.04998779296875,321.20001220703125,2971
2026-04-27 07:34:00+00:00,320.75,320.75,320.8500061035156,320.70001220703125,320.79998779296875,15838
2026-04-27 07:35:00+00:00,320.54998779296875,320.54998779296875,320.8500061035156,320.54998779296875,320.75,15564
2026-04-27 07:36:00+00:00,320.75,320.75,320.8500061035156,320.54998779296875,320.54998779296875,14974
2026-04-27 07:37:00+00:00,320.79998779296875,320.79998779296875,320.8500061035156,320.70001220703125,320.70001220703125,5574
2026-04-27 07:38:00+00:00,320.79998779296875,320.79998779296875,320.8500061035156,320.79998779296875,320.8500061035156,2726
2026-04-27 07:39:00+00:00,320.6000061035156,320.6000061035156,320.79998779296875,320.5,320.79998779296875,21630
2026-04-27 07:40:00+00:00,320.6000061035156,320.6000061035156,320.75,320.5,320.54998779296875,3901
2026-04-27 07:41:00+00:00,320.6000061035156,320.6000061035156,320.70001220703125,320.3500061035156,320.6000061035156,36083
2026-04-27 07:42:00+00:00,320.6000061035156,320.6000061035156,320.70001220703125,320.45001220703125,320.45001220703125,3102
2026-04-27 07:43:00+00:00,320.95001220703125,320.95001220703125,320.95001220703125,320.6499938964844,320.6499938964844,11961
2026-04-27 07:44:00+00:00,320.95001220703125,320.95001220703125,321.0,320.8500061035156,320.95001220703125,17303
2026-04-27 07:45:00+00:00,321.04998779296875,321.04998779296875,321.1499938964844,320.95001220703125,320.95001220703125,9992
2026-04-27 07:46:00+00:00,321.1499938964844,321.1499938964844,321.1499938964844,321.0,321.04998779296875,16463
2026-04-27 07:47:00+00:00,321.29998779296875,321.29998779296875,321.29998779296875,321.1499938964844,321.29998779296875,13872
2026-04-27 07:48:00+00:00,321.29998779296875,321.29998779296875,321.29998779296875,321.1499938964844,321.29998779296875,4960
2026-04-27 07:49:00+00:00,321.1499938964844,321.1499938964844,321.29998779296875,321.1499938964844,321.29998779296875,10551
2026-04-27 07:50:00+00:00,321.25,321.25,321.29998779296875,321.1000061035156,321.25,6931
2026-04-27 07:51:00+00:00,321.29998779296875,321.29998779296875,321.29998779296875,321.04998779296875,321.1000061035156,9025
2026-04-27 07:52:00+00:00,321.20001220703125,321.20001220703125,321.29998779296875,321.20001220703125,321.20001220703125,9161
2026-04-27 07:53:00+00:00,321.3999938964844,321.3999938964844,321.3999938964844,321.20001220703125,321.3500061035156,11066
2026-04-27 07:54:00+00:00,321.45001220703125,321.45001220703125,321.45001220703125,321.25,321.29998779296875,11731
2026-04-27 07:55:00+00:00,321.29998779296875,321.29998779296875,321.45001220703125,321.29998779296875,321.45001220703125,9610
2026-04-27 07:56:00+00:00,321.20001220703125,321.20001220703125,321.3999938964844,321.20001220703125,321.29998779296875,11670
2026-04-27 07:57:00+00:00,321.29998779296875,321.29998779296875,321.45001220703125,321.25,321.29998779296875,5398
2026-04-27 07:58:00+00:00,321.3999938964844,321.3999938964844,321.5,321.29998779296875,321.3999938964844,5011
2026-04-27 07:59:00+00:00,321.29998779296875,321.29998779296875,321.5,321.29998779296875,321.5,11655
2026-04-27 08:00:00+00:00,321.25,321.25,321.3500061035156,321.20001220703125,321.29998779296875,6809
2026-04-27 08:01:00+00:00,321.1499938964844,321.1499938964844,321.3500061035156,321.1499938964844,321.3500061035156,5577
2026-04-27 08:02:00+00:00,321.1499938964844,321.1499938964844,321.25,321.1499938964844,321.25,12346
2026-04-27 08:03:00+00:00,321.3999938964844,321.3999938964844,321.3999938964844,321.25,321.25,4686
2026-04-27 08:04:00+00:00,321.29998779296875,321.29998779296875,321.3999938964844,321.25,321.3500061035156,4992
2026-04-27 08:05:00+00:00,321.3999938964844,321.3999938964844,321.45001220703125,321.29998779296875,321.29998779296875,13667
2026-04-27 08:06:00+00:00,321.29998779296875,321.29998779296875,321.5,321.29998779296875,321.3999938964844,6823
2026-04-27 08:07:00+00:00,321.25,321.25,321.3999938964844,321.20001220703125,321.25,8800
2026-04-27 08:08:00+00:00,321.45001220703125,321.45001220703125,321.5,321.25,321.45001220703125,9010
2026-04-27 08:09:00+00:00,321.29998779296875,321.29998779296875,321.5,321.29998779296875,321.29998779296875,7145
2026-04-27 08:10:00+00:00,321.3999938964844,321.3999938964844,321.54998779296875,321.29998779296875,321.29998779296875,8761
2026-04-27 08:11:00+00:00,321.3999938964844,321.3999938964844,321.6000061035156,321.25,321.3999938964844,12846
2026-04-27 08:12:00+00:00,321.25,321.25,321.3999938964844,321.25,321.3999938964844,12114
2026-04-27 08:13:00+00:00,320.95001220703125,320.95001220703125,321.29998779296875,320.95001220703125,321.25,10807
2026-04-27 08:14:00+00:00,321.0,321.0,321.1499938964844,321.0,321.1499938964844,6435
2026-04-27 08:15:00+00:00,321.0,321.0,321.0,320.79998779296875,321.0,14495
2026-04-27 08:16:00+00:00,321.1499938964844,321.1499938964844,321.1499938964844,321.0,321.04998779296875,12652
2026-04-27 08:17:00+00:00,321.25,321.25,321.25,321.1000061035156,321.1000061035156,6743
2026-04-27 08:18:00+00:00,320.8999938964844,320.8999938964844,321.29998779296875,320.8999938964844,321.20001220703125,14705
2026-04-27 08:19:00+00:00,320.8999938964844,320.8999938964844,321.04998779296875,320.79998779296875,320.8999938964844,11139
2026-04-27 08:20:00+00:00,320.70001220703125,320.70001220703125,320.95001220703125,320.6000061035156,320.95001220703125,8988
2026-04-27 08:21:00+00:00,320.75,320.75,320.79998779296875,320.6499938964844,320.6499938964844,4522
2026-04-27 08:22:00+00:00,320.75,320.75,320.79998779296875,320.6499938964844,320.75,8353
2026-04-27 08:23:00+00:00,320.70001220703125,320.70001220703125,320.79998779296875,320.6499938964844,320.6499938964844,13564
2026-04-27 08:24:00+00:00,320.79998779296875,320.79998779296875,320.95001220703125,320.75,320.8500061035156,9304
2026-04-27 08:25:00+00:00,320.95001220703125,320.95001220703125,321.0,320.8500061035156,320.95001220703125,4323
2026-04-27 08:26:00+00:00,320.8999938964844,320.8999938964844,321.0,320.8500061035156,321.0,8177
2026-04-27 08:27:00+00:00,321.04998779296875,321.04998779296875,321.04998779296875,320.8999938964844,321.0,4400
2026-04-27 08:28:00+00:00,321.04998779296875,321.04998779296875,321.04998779296875,320.95001220703125,321.0,36959
2026-04-27 08:29:00+00:00,321.20001220703125,321.20001220703125,321.25,321.04998779296875,321.1000061035156,20400
2026-04-27 08:30:00+00:00,321.45001220703125,321.45001220703125,321.45001220703125,321.25,321.29998779296875,8566
2026-04-27 08:31:00+00:00,321.5,321.5,321.5,321.29998779296875,321.3999938964844,7912
2026-04-27 08:32:00+00:00,321.25,321.25,321.5,321.25,321.5,11027
2026-04-27 08:33:00+00:00,321.29998779296875,321.29998779296875,321.3500061035156,321.1499938964844,321.3500061035156,10346
2026-04-27 08:34:00+00:00,321.25,321.25,321.29998779296875,321.1499938964844,321.29998779296875,3652
2026-04-27 08:35:00+00:00,321.1499938964844,321.1499938964844,321.29998779296875,321.1499938964844,321.29998779296875,10701
2026-04-27 08:36:00+00:00,321.1000061035156,321.1000061035156,321.25,321.0,321.1499938964844,20527
2026-04-27 08:37:00+00:00,321.0,321.0,321.1000061035156,321.0,321.1000061035156,16691
2026-04-27 08:38:00+00:00,321.04998779296875,321.04998779296875,321.1499938964844,321.0,321.0,10075
2026-04-27 08:39:00+00:00,321.29998779296875,321.29998779296875,321.3500061035156,321.04998779296875,321.04998779296875,41567
2026-04-27 08:40:00+00:00,321.45001220703125,321.45001220703125,321.45001220703125,321.25,321.25,7712
2026-04-27 08:41:00+00:00,321.1000061035156,321.1000061035156,321.45001220703125,321.04998779296875,321.3999938964844,30372
2026-04-27 08:42:00+00:00,321.25,321.25,321.25,321.1000061035156,321.1499938964844,13167
2026-04-27 08:43:00+00:00,321.20001220703125,321.20001220703125,321.29998779296875,321.1000061035156,321.25,10524
2026-04-27 08:44:00+00:00,321.25,321.25,321.3500061035156,321.25,321.25,7097
2026-04-27 08:45:00+00:00,321.29998779296875,321.29998779296875,321.45001220703125,321.25,321.3500061035156,9292
2026-04-27 08:46:00+00:00,321.45001220703125,321.45001220703125,321.5,321.3500061035156,321.45001220703125,6597
2026-04-27 08:47:00+00:00,321.45001220703125,321.45001220703125,321.5,321.29998779296875,321.3500061035156,6609
2026-04-27 08:48:00+00:00,321.5,321.5,321.5,321.45001220703125,321.5,4617
2026-04-27 08:49:00+00:00,321.5,321.5,321.5,321.45001220703125,321.45001220703125,10819
2026-04-27 08:50:00+00:00,321.45001220703125,321.45001220703125,321.5,321.45001220703125,321.5,9707
2026-04-27 08:51:00+00:00,321.3999938964844,321.3999938964844,321.5,321.3999938964844,321.5,10579
2026-04-27 08:52:00+00:00,321.25,321.25,321.5,321.20001220703125,321.3999938964844,51116
2026-04-27 08:53:00+00:00,321.45001220703125,321.45001220703125,321.45001220703125,321.25,321.29998779296875,8536
2026-04-27 08:54:00+00:00,321.45001220703125,321.45001220703125,321.45001220703125,321.29998779296875,321.3999938964844,11890
2026-04-27 08:55:00+00:00,321.3999938964844,321.3999938964844,321.5,321.3500061035156,321.3999938964844,16828
2026-04-27 08:56:00+00:00,321.1499938964844,321.1499938964844,321.3500061035156,321.04998779296875,321.3500061035156,14954
2026-04-27 08:57:00+00:00,321.20001220703125,321.20001220703125,321.20001220703125,321.04998779296875,321.04998779296875,21110
2026-04-27 08:58:00+00:00,321.1000061035156,321.1000061035156,321.25,321.04998779296875,321.20001220703125,13972
2026-04-27 08:59:00+00:00,321.1000061035156,321.1000061035156,321.1499938964844,321.0,321.1000061035156,10323
2026-04-27 09:00:00+00:00,321.1000061035156,321.1000061035156,321.20001220703125,321.0,321.1499938964844,13620
2026-04-27 09:01:00+00:00,321.1499938964844,321.1499938964844,321.20001220703125,321.04998779296875,321.1499938964844,7531
2026-04-27 09:02:00+00:00,320.8999938964844,320.8999938964844,321.1499938964844,320.8999938964844,321.1499938964844,96219
2026-04-27 09:03:00+00:00,320.54998779296875,320.54998779296875,320.95001220703125,320.54998779296875,320.8500061035156,57811
2026-04-27 09:04:00+00:00,320.3500061035156,320.3500061035156,320.6000061035156,320.04998779296875,320.5,75622
2026-04-27 09:05:00+00:00,320.1499938964844,320.1499938964844,320.3500061035156,320.0,320.3500061035156,40259
2026-04-27 09:06:00+00:00,319.8500061035156,319.8500061035156,320.20001220703125,319.8500061035156,320.20001220703125,34142
2026-04-27 09:07:00+00:00,319.95001220703125,319.95001220703125,319.95001220703125,319.54998779296875,319.70001220703125,30566
2026-04-27 09:08:00+00:00,320.3999938964844,320.3999938964844,320.3999938964844,320.0,320.0,12635
2026-04-27 09:09:00+00:00,320.20001220703125,320.20001220703125,320.3999938964844,320.20001220703125,320.25,22166
2026-04-27 09:10:00+00:00,320.3999938964844,320.3999938964844,320.45001220703125,320.1499938964844,320.1499938964844,11159
2026-04-27 09:11:00+00:00,320.45001220703125,320.45001220703125,320.5,320.3500061035156,320.3999938964844,8834
2026-04-27 09:12:00+00:00,320.54998779296875,320.54998779296875,320.54998779296875,320.3999938964844,320.45001220703125,11408
2026-04-27 09:13:00+00:00,320.20001220703125,320.20001220703125,320.54998779296875,320.20001220703125,320.54998779296875,27385
2026-04-27 09:14:00+00:00,320.45001220703125,320.45001220703125,320.6000061035156,320.20001220703125,320.20001220703125,11970
2026-04-27 09:15:00+00:00,320.45001220703125,320.45001220703125,320.54998779296875,320.45001220703125,320.45001220703125,14761
2026-04-27 09:16:00+00:00,320.3500061035156,320.3500061035156,320.6000061035156,320.3500061035156,320.54998779296875,29157
2026-04-27 09:17:00+00:00,320.6000061035156,320.6000061035156,320.6000061035156,320.3500061035156,320.5,13701
2026-04-27 09:18:00+00:00,320.6499938964844,320.6499938964844,320.70001220703125,320.5,320.5,12530
2026-04-27 09:19:00+00:00,320.54998779296875,320.54998779296875,320.70001220703125,320.54998779296875,320.6499938964844,20073
2026-04-27 09:20:00+00:00,320.45001220703125,320.45001220703125,320.70001220703125,320.45001220703125,320.54998779296875,10244
2026-04-27 09:21:00+00:00,320.6000061035156,320.6000061035156,320.6499938964844,320.45001220703125,320.6499938964844,11190
2026-04-27 09:22:00+00:00,320.70001220703125,320.70001220703125,320.70001220703125,320.6000061035156,320.6499938964844,12087
2026-04-27 09:23:00+00:00,320.6000061035156,320.6000061035156,320.75,320.6000061035156,320.70001220703125,11934
2026-04-27 09:24:00+00:00,320.8500061035156,320.8500061035156,320.8500061035156,320.6000061035156,320.6000061035156,7794
2026-04-27 09:25:00+00:00,320.6499938964844,320.6499938964844,320.8500061035156,320.6499938964844,320.79998779296875,23243
2026-04-27 09:26:00+00:00,320.79998779296875,320.79998779296875,320.79998779296875,320.45001220703125,320.6499938964844,11577
2026-04-27 09:27:00+00:00,320.79998779296875,320.79998779296875,320.8500061035156,320.70001220703125,320.79998779296875,6467
2026-04-27 09:28:00+00:00,320.8500061035156,320.8500061035156,320.8999938964844,320.75,320.79998779296875,5139
2026-04-27 09:29:00+00:00,320.79998779296875,320.79998779296875,320.8999938964844,320.6499938964844,320.8999938964844,35565
2026-04-27 09:30:00+00:00,320.5,320.5,320.5,320.3999938964844,320.45001220703125,21973
2026-04-27 09:31:00+00:00,320.54998779296875,320.54998779296875,320.6499938964844,320.5,320.54998779296875,15850
2026-04-27 09:32:00+00:00,320.6000061035156,320.6000061035156,320.6499938964844,320.5,320.6000061035156,44167
2026-04-27 09:33:00+00:00,320.45001220703125,320.45001220703125,320.6000061035156,320.45001220703125,320.6000061035156,18972
2026-04-27 09:34:00+00:00,320.75,320.75,320.79998779296875,320.45001220703125,320.54998779296875,48159
2026-04-27 09:35:00+00:00,320.75,320.75,320.75,320.6000061035156,320.75,9021
2026-04-27 09:36:00+00:00,320.79998779296875,320.79998779296875,320.79998779296875,320.70001220703125,320.75,19146
2026-04-27 09:37:00+00:00,320.75,320.75,320.79998779296875,320.75,320.79998779296875,18854
2026-04-27 09:38:00+00:00,320.75,320.75,320.75,320.6499938964844,320.75,31338
2026-04-27 09:39:00+00:00,321.0,321.0,321.0,320.6000061035156,320.75,41759
2026-04-27 09:40:00+00:00,321.1000061035156,321.1000061035156,321.20001220703125,321.0,321.0,51274
2026-04-27 09:41:00+00:00,321.1000061035156,321.1000061035156,321.1499938964844,320.95001220703125,321.1000061035156,11898
2026-04-27 09:42:00+00:00,321.1000061035156,321.1000061035156,321.1000061035156,321.0,321.1000061035156,18068
2026-04-27 09:43:00+00:00,321.1000061035156,321.1000061035156,321.1499938964844,321.04998779296875,321.04998779296875,31594
2026-04-27 09:44:00+00:00,321.1499938964844,321.1499938964844,321.20001220703125,321.1000061035156,321.1499938964844,27633
2026-04-27 09:45:00+00:00,321.20001220703125,321.20001220703125,321.20001220703125,320.8999938964844,321.20001220703125,34880
2026-04-27 09:46:00+00:00,321.04998779296875,321.04998779296875,321.1499938964844,321.0,321.1499938964844,66087
2026-04-27 09:47:00+00:00,321.0,321.0,321.04998779296875,321.0,321.04998779296875,42389
2026-04-27 09:48:00+00:00,320.95001220703125,320.95001220703125,321.04998779296875,320.8500061035156,321.0,37941
2026-04-27 09:49:00+00:00,321.0,321.0,321.0,320.95001220703125,320.95001220703125,25627
2026-04-27 09:50:00+00:00,321.29998779296875,321.29998779296875,321.29998779296875,321.20001220703125,321.20001220703125,24041
2026-04-27 09:51:00+00:00,321.3500061035156,321.3500061035156,321.3999938964844,321.1499938964844,321.3500061035156,51878
2026-04-27 09:52:00+00:00,321.1499938964844,321.1499938964844,321.3500061035156,321.04998779296875,321.3500061035156,29907
2026-04-27 09:53:00+00:00,321.1499938964844,321.1499938964844,321.29998779296875,321.04998779296875,321.1000061035156,64599
2026-04-27 09:54:00+00:00,320.79998779296875,320.79998779296875,321.1499938964844,320.79998779296875,321.1499938964844,49136
2026-04-27 09:55:00+00:00,320.8500061035156,320.8500061035156,320.8999938964844,320.75,320.79998779296875,24375
2026-04-27 09:56:00+00:00,320.79998779296875,320.79998779296875,321.0,320.75,320.75,36588
2026-04-27 09:57:00+00:00,320.79998779296875,320.79998779296875,320.8500061035156,320.6499938964844,320.75,41394
2026-04-27 09:58:00+00:00,320.5,320.5,320.70001220703125,320.3999938964844,320.6000061035156,27705
2026-04-27 09:59:00+00:00,320.8500061035156,320.8500061035156,320.8500061035156,320.5,320.5,17672
2026-04-28 03:45:00+00:00,320.29998779296875,320.29998779296875,322.0,319.04998779296875,322.0,0
2026-04-28 03:46:00+00:00,321.04998779296875,321.04998779296875,321.79998779296875,319.8500061035156,320.3999938964844,152063
2026-04-28 03:47:00+00:00,320.75,320.75,321.3500061035156,320.6499938964844,321.1000061035156,81552
2026-04-28 03:48:00+00:00,321.1499938964844,321.1499938964844,321.1499938964844,320.70001220703125,320.79998779296875,128307
2026-04-28 03:49:00+00:00,320.95001220703125,320.95001220703125,321.3500061035156,320.95001220703125,321.29998779296875,44606
2026-04-28 03:50:00+00:00,320.3500061035156,320.3500061035156,320.6000061035156,320.29998779296875,320.6000061035156,23524
2026-04-28 03:51:00+00:00,320.5,320.5,320.5,320.29998779296875,320.3999938964844,19497
2026-04-28 03:52:00+00:00,320.6499938964844,320.6499938964844,320.6499938964844,320.25,320.3999938964844,42846
2026-04-28 03:53:00+00:00,320.54998779296875,320.54998779296875,320.70001220703125,320.3999938964844,320.70001220703125,23648
2026-04-28 03:54:00+00:00,320.3999938964844,320.3999938964844,320.54998779296875,320.3500061035156,320.54998779296875,22648
2026-04-28 03:55:00+00:00,321.1000061035156,321.1000061035156,321.1499938964844,320.6000061035156,320.6000061035156,45077
2026-04-28 03:56:00+00:00,320.70001220703125,320.70001220703125,321.25,320.6000061035156,321.25,37107
2026-04-28 03:57:00+00:00,320.6499938964844,320.6499938964844,320.75,320.6000061035156,320.6000061035156,11070
2026-04-28 03:58:00+00:00,320.1499938964844,320.1499938964844,320.70001220703125,320.1499938964844,320.70001220703125,59362
2026-04-28 03:59:00+00:00,320.1000061035156,320.1000061035156,320.3500061035156,320.1000061035156,320.25,14691
2026-04-28 04:00:00+00:00,320.45001220703125,320.45001220703125,320.45001220703125,320.25,320.25,11049
2026-04-28 04:01:00+00:00,320.45001220703125,320.45001220703125,320.5,320.3999938964844,320.5,29856
2026-04-28 04:02:00+00:00,320.95001220703125,320.95001220703125,320.95001220703125,320.45001220703125,320.45001220703125,44114
2026-04-28 04:03:00+00:00,321.1499938964844,321.1499938964844,321.29998779296875,320.8500061035156,321.04998779296875,42515
2026-04-28 04:04:00+00:00,321.1000061035156,321.1000061035156,321.3500061035156,321.0,321.1000061035156,49232
2026-04-28 04:05:00+00:00,320.79998779296875,320.79998779296875,321.1000061035156,320.79998779296875,321.1000061035156,29344
2026-04-28 04:06:00+00:00,320.8999938964844,320.8999938964844,321.0,320.79998779296875,320.79998779296875,17424
2026-04-28 04:07:00+00:00,321.20001220703125,321.20001220703125,321.20001220703125,320.95001220703125,320.95001220703125,27355
2026-04-28 04:08:00+00:00,321.1000061035156,321.1000061035156,321.25,321.1000061035156,321.1499938964844,19318
2026-04-28 04:09:00+00:00,320.70001220703125,320.70001220703125,321.1499938964844,320.70001220703125,321.1499938964844,16202
2026-04-28 04:10:00+00:00,320.54998779296875,320.54998779296875,320.79998779296875,320.54998779296875,320.6000061035156,14980
2026-04-28 04:11:00+00:00,320.54998779296875,320.54998779296875,320.6499938964844,320.3999938964844,320.6499938964844,26081
2026-04-28 04:12:00+00:00,320.6000061035156,320.6000061035156,320.6499938964844,320.5,320.54998779296875,9375
2026-04-28 04:13:00+00:00,320.25,320.25,320.6499938964844,320.25,320.6499938964844,18574
2026-04-28 04:14:00+00:00,320.29998779296875,320.29998779296875,320.45001220703125,320.29998779296875,320.3500061035156,10220
2026-04-28 04:15:00+00:00,320.6000061035156,320.6000061035156,320.70001220703125,320.54998779296875,320.54998779296875,24553
2026-04-28 04:16:00+00:00,320.70001220703125,320.70001220703125,320.75,320.70001220703125,320.70001220703125,21385
2026-04-28 04:17:00+00:00,320.6499938964844,320.6499938964844,320.70001220703125,320.6000061035156,320.6499938964844,19326
2026-04-28 04:18:00+00:00,320.75,320.75,320.75,320.6499938964844,320.6499938964844,6595
2026-04-28 04:19:00+00:00,320.3500061035156,320.3500061035156,320.79998779296875,320.3500061035156,320.79998779296875,22356
2026-04-28 04:20:00+00:00,320.45001220703125,320.45001220703125,320.45001220703125,320.3500061035156,320.3999938964844,14850
2026-04-28 04:21:00+00:00,320.1000061035156,320.1000061035156,320.3500061035156,320.1000061035156,320.25,38409
2026-04-28 04:22:00+00:00,319.8999938964844,319.8999938964844,320.04998779296875,319.75,319.95001220703125,69538
2026-04-28 04:23:00+00:00,319.6499938964844,319.6499938964844,319.75,319.3999938964844,319.75,43395
2026-04-28 04:24:00+00:00,319.79998779296875,319.79998779296875,319.79998779296875,319.6000061035156,319.75,15717
2026-04-28 04:25:00+00:00,319.8999938964844,319.8999938964844,319.8999938964844,319.70001220703125,319.79998779296875,10975
2026-04-28 04:26:00+00:00,319.8999938964844,319.8999938964844,319.8999938964844,319.75,319.79998779296875,9222
2026-04-28 04:27:00+00:00,319.8500061035156,319.8500061035156,319.95001220703125,319.70001220703125,319.8999938964844,19002
2026-04-28 04:28:00+00:00,320.1499938964844,320.1499938964844,320.20001220703125,319.95001220703125,319.95001220703125,19016
2026-04-28 04:29:00+00:00,320.29998779296875,320.29998779296875,320.3500061035156,320.20001220703125,320.25,10857
2026-04-28 04:30:00+00:00,320.20001220703125,320.20001220703125,320.3999938964844,320.20001220703125,320.29998779296875,15042
2026-04-28 04:31:00+00:00,320.20001220703125,320.20001220703125,320.3500061035156,320.20001220703125,320.29998779296875,15300
2026-04-28 04:32:00+00:00,320.1000061035156,320.1000061035156,320.1499938964844,320.04998779296875,320.1499938964844,5483
2026-04-28 04:33:00+00:00,319.8500061035156,319.8500061035156,320.1000061035156,319.79998779296875,320.1000061035156,14178
2026-04-28 04:34:00+00:00,319.95001220703125,319.95001220703125,320.04998779296875,319.95001220703125,320.0,6927
2026-04-28 04:35:00+00:00,319.45001220703125,319.45001220703125,320.0,319.45001220703125,320.0,44610
2026-04-28 04:36:00+00:00,319.29998779296875,319.29998779296875,319.45001220703125,319.1000061035156,319.45001220703125,17187
2026-04-28 04:37:00+00:00,319.3999938964844,319.3999938964844,319.54998779296875,319.25,319.25,22417
2026-04-28 04:38:00+00:00,319.3999938964844,319.3999938964844,319.5,319.3999938964844,319.45001220703125,3954
2026-04-28 04:39:00+00:00,319.3999938964844,319.3999938964844,319.6000061035156,319.3999938964844,319.45001220703125,8916
2026-04-28 04:40:00+00:00,319.6000061035156,319.6000061035156,319.6000061035156,319.3999938964844,319.3999938964844,4226
2026-04-28 04:41:00+00:00,319.54998779296875,319.54998779296875,319.6000061035156,319.54998779296875,319.6000061035156,8375
2026-04-28 04:42:00+00:00,319.54998779296875,319.54998779296875,319.6499938964844,319.54998779296875,319.6000061035156,10618
2026-04-28 04:43:00+00:00,319.70001220703125,319.70001220703125,319.79998779296875,319.5,319.6499938964844,7544
2026-04-28 04:44:00+00:00,319.79998779296875,319.79998779296875,319.79998779296875,319.54998779296875,319.79998779296875,9582
2026-04-28 04:45:00+00:00,319.6499938964844,319.6499938964844,319.79998779296875,319.54998779296875,319.79998779296875,38259
2026-04-28 04:46:00+00:00,320.29998779296875,320.29998779296875,320.29998779296875,319.6000061035156,319.6000061035156,26828
2026-04-28 04:47:00+00:00,320.04998779296875,320.04998779296875,320.3500061035156,319.79998779296875,320.29998779296875,46507
2026-04-28 04:48:00+00:00,319.8500061035156,319.8500061035156,320.1499938964844,319.8500061035156,320.0,11548
2026-04-28 04:49:00+00:00,319.79998779296875,319.79998779296875,320.0,319.75,320.0,10075
2026-04-28 04:50:00+00:00,319.79998779296875,319.79998779296875,319.95001220703125,319.79998779296875,319.95001220703125,5550
2026-04-28 04:51:00+00:00,320.0,320.0,320.0,319.8500061035156,319.8999938964844,13585
2026-04-28 04:52:00+00:00,320.0,320.0,320.04998779296875,319.8500061035156,320.0,8487
2026-04-28 04:53:00+00:00,320.20001220703125,320.20001220703125,320.20001220703125,320.04998779296875,320.1499938964844,11750
2026-04-28 04:54:00+00:00,320.3500061035156,320.3500061035156,320.3999938964844,320.20001220703125,320.20001220703125,10293
2026-04-28 04:55:00+00:00,320.29998779296875,320.29998779296875,320.29998779296875,320.20001220703125,320.25,6187
2026-04-28 04:56:00+00:00,320.1000061035156,320.1000061035156,320.3500061035156,320.1000061035156,320.25,16039
2026-04-28 04:57:00+00:00,319.79998779296875,319.79998779296875,320.0,319.75,320.0,16839
2026-04-28 04:58:00+00:00,319.8999938964844,319.8999938964844,319.8999938964844,319.79998779296875,319.79998779296875,2335
2026-04-28 04:59:00+00:00,319.95001220703125,319.95001220703125,319.95001220703125,319.8500061035156,319.8999938964844,3682
2026-04-28 05:00:00+00:00,319.8500061035156,319.8500061035156,319.95001220703125,319.8500061035156,319.8500061035156,10607
2026-04-28 05:01:00+00:00,319.75,319.75,319.95001220703125,319.6499938964844,319.95001220703125,23124
2026-04-28 05:02:00+00:00,319.6499938964844,319.6499938964844,319.8500061035156,319.54998779296875,319.75,14011
2026-04-28 05:03:00+00:00,319.54998779296875,319.54998779296875,319.75,319.54998779296875,319.6499938964844,23568
2026-04-28 05:04:00+00:00,319.6499938964844,319.6499938964844,319.6499938964844,319.6000061035156,319.6499938964844,3898
2026-04-28 05:05:00+00:00,319.5,319.5,319.6499938964844,319.3999938964844,319.6000061035156,31642
2026-04-28 05:06:00+00:00,319.45001220703125,319.45001220703125,319.5,319.29998779296875,319.5,17308
2026-04-28 05:07:00+00:00,319.5,319.5,319.6000061035156,319.3999938964844,319.45001220703125,11092
2026-04-28 05:08:00+00:00,319.29998779296875,319.29998779296875,319.5,319.25,319.5,28188
2026-04-28 05:09:00+00:00,318.8999938964844,318.8999938964844,319.25,318.79998779296875,319.25,77249
2026-04-28 05:10:00+00:00,318.75,318.75,318.79998779296875,318.6000061035156,318.75,30570
2026-04-28 05:11:00+00:00,318.70001220703125,318.70001220703125,318.75,318.54998779296875,318.75,27961
2026-04-28 05:12:00+00:00,318.79998779296875,318.79998779296875,318.79998779296875,318.6000061035156,318.70001220703125,9801
2026-04-28 05:13:00+00:00,318.79998779296875,318.79998779296875,318.8999938964844,318.70001220703125,318.70001220703125,11532
2026-04-28 05:14:00+00:00,318.79998779296875,318.79998779296875,318.8999938964844,318.6000061035156,318.79998779296875,13098
2026-04-28 05:15:00+00:00,318.70001220703125,318.70001220703125,318.8500061035156,318.70001220703125,318.70001220703125,20933
2026-04-28 05:16:00+00:00,318.75,318.75,318.79998779296875,318.6499938964844,318.79998779296875,4707
2026-04-28 05:17:00+00:00,318.6000061035156,318.6000061035156,318.75,318.6000061035156,318.75,7627
2026-04-28 05:18:00+00:00,318.70001220703125,318.70001220703125,318.70001220703125,318.6000061035156,318.6499938964844,5328
2026-04-28 05:19:00+00:00,318.70001220703125,318.70001220703125,318.75,318.6499938964844,318.70001220703125,5002
2026-04-28 05:20:00+00:00,318.70001220703125,318.70001220703125,318.75,318.70001220703125,318.70001220703125,7392
2026-04-28 05:21:00+00:00,318.8500061035156,318.8500061035156,318.8500061035156,318.75,318.75,6193
2026-04-28 05:22:00+00:00,318.79998779296875,318.79998779296875,318.8999938964844,318.79998779296875,318.8500061035156,11054
2026-04-28 05:23:00+00:00,318.8500061035156,318.8500061035156,318.8999938964844,318.79998779296875,318.8999938964844,3847
2026-04-28 05:24:00+00:00,319.0,319.0,319.1000061035156,318.8500061035156,318.8500061035156,25698
2026-04-28 05:25:00+00:00,319.20001220703125,319.20001220703125,319.25,318.8999938964844,318.8999938964844,17381
2026-04-28 05:26:00+00:00,319.45001220703125,319.45001220703125,319.45001220703125,319.20001220703125,319.20001220703125,16914
2026-04-28 05:27:00+00:00,319.20001220703125,319.20001220703125,319.45001220703125,319.1499938964844,319.45001220703125,27524
2026-04-28 05:28:00+00:00,319.5,319.5,319.5,319.1499938964844,319.25,16608
2026-04-28 05:29:00+00:00,319.3999938964844,319.3999938964844,319.5,319.25,319.5,18838
2026-04-28 05:30:00+00:00,319.25,319.25,319.3999938964844,319.20001220703125,319.29998779296875,4755
2026-04-28 05:31:00+00:00,319.20001220703125,319.20001220703125,319.25,319.20001220703125,319.25,8309
2026-04-28 05:32:00+00:00,319.0,319.0,319.25,318.8500061035156,319.25,11209
2026-04-28 05:33:00+00:00,319.1000061035156,319.1000061035156,319.1499938964844,319.0,319.0,6129
2026-04-28 05:34:00+00:00,318.70001220703125,318.70001220703125,319.1499938964844,318.70001220703125,319.1499938964844,14135
2026-04-28 05:35:00+00:00,318.95001220703125,318.95001220703125,319.0,318.75,318.8500061035156,7971
2026-04-28 05:36:00+00:00,318.8500061035156,318.8500061035156,319.1499938964844,318.75,319.0,20203
2026-04-28 05:37:00+00:00,318.79998779296875,318.79998779296875,318.79998779296875,318.75,318.79998779296875,5643
2026-04-28 05:38:00+00:00,318.5,318.5,318.6000061035156,318.45001220703125,318.6000061035156,20798
2026-04-28 05:39:00+00:00,318.6000061035156,318.6000061035156,318.6499938964844,318.45001220703125,318.5,9502
2026-04-28 05:40:00+00:00,318.54998779296875,318.54998779296875,318.6499938964844,318.54998779296875,318.6499938964844,6386
2026-04-28 05:41:00+00:00,318.45001220703125,318.45001220703125,318.54998779296875,318.45001220703125,318.54998779296875,21226
2026-04-28 05:42:00+00:00,318.54998779296875,318.54998779296875,318.6000061035156,318.3999938964844,318.45001220703125,13716
2026-04-28 05:43:00+00:00,318.45001220703125,318.45001220703125,318.6499938964844,318.45001220703125,318.6000061035156,18335
2026-04-28 05:44:00+00:00,318.3999938964844,318.3999938964844,318.3999938964844,318.20001220703125,318.3500061035156,26363
2026-04-28 05:45:00+00:00,318.25,318.25,318.3500061035156,318.20001220703125,318.25,6137
2026-04-28 05:46:00+00:00,317.8500061035156,317.8500061035156,318.20001220703125,317.8500061035156,318.20001220703125,84452
2026-04-28 05:47:00+00:00,317.8999938964844,317.8999938964844,317.8999938964844,317.75,317.79998779296875,17480
2026-04-28 05:48:00+00:00,318.25,318.25,318.25,317.8999938964844,317.8999938964844,32987
2026-04-28 05:49:00+00:00,318.20001220703125,318.20001220703125,318.29998779296875,318.20001220703125,318.29998779296875,7345
2026-04-28 05:50:00+00:00,318.20001220703125,318.20001220703125,318.29998779296875,318.20001220703125,318.29998779296875,4475
2026-04-28 05:51:00+00:00,318.3999938964844,318.3999938964844,318.54998779296875,318.20001220703125,318.20001220703125,33603
2026-04-28 05:52:00+00:00,318.5,318.5,318.6000061035156,318.3999938964844,318.3999938964844,10753
2026-04-28 05:53:00+00:00,318.5,318.5,318.5,318.3999938964844,318.45001220703125,9550
2026-04-28 05:54:00+00:00,319.1499938964844,319.1499938964844,319.1499938964844,318.5,318.5,32578
2026-04-28 05:55:00+00:00,319.0,319.0,319.1499938964844,319.0,319.1499938964844,68345
2026-04-28 05:56:00+00:00,319.0,319.0,319.04998779296875,318.79998779296875,319.04998779296875,107206
2026-04-28 05:57:00+00:00,318.20001220703125,318.20001220703125,319.04998779296875,318.20001220703125,319.0,70898
2026-04-28 05:58:00+00:00,318.25,318.25,318.3500061035156,318.20001220703125,318.25,8030
2026-04-28 05:59:00+00:00,318.45001220703125,318.45001220703125,318.6000061035156,318.29998779296875,318.29998779296875,31572
2026-04-28 06:00:00+00:00,318.3500061035156,318.3500061035156,318.3999938964844,318.29998779296875,318.29998779296875,12572
2026-04-28 06:01:00+00:00,318.45001220703125,318.45001220703125,318.54998779296875,318.3500061035156,318.3500061035156,6866
2026-04-28 06:02:00+00:00,318.6000061035156,318.6000061035156,318.6000061035156,318.45001220703125,318.54998779296875,10046
2026-04-28 06:03:00+00:00,318.95001220703125,318.95001220703125,319.0,318.6000061035156,318.6499938964844,23235
2026-04-28 06:04:00+00:00,319.0,319.0,319.1000061035156,319.0,319.0,9338
2026-04-28 06:05:00+00:00,319.0,319.0,319.1000061035156,319.0,319.0,18203
2026-04-28 06:06:00+00:00,319.20001220703125,319.20001220703125,319.20001220703125,319.0,319.0,14391
2026-04-28 06:07:00+00:00,319.1000061035156,319.1000061035156,319.20001220703125,319.04998779296875,319.1000061035156,7328
2026-04-28 06:08:00+00:00,319.1000061035156,319.1000061035156,319.1000061035156,319.1000061035156,319.1000061035156,5484
2026-04-28 06:09:00+00:00,319.5,319.5,319.5,319.04998779296875,319.1000061035156,41701
2026-04-28 06:10:00+00:00,319.6000061035156,319.6000061035156,319.6499938964844,319.5,319.5,93254
2026-04-28 06:11:00+00:00,319.70001220703125,319.70001220703125,319.75,319.29998779296875,319.29998779296875,93008
2026-04-28 06:12:00+00:00,319.5,319.5,319.70001220703125,319.5,319.70001220703125,11999
2026-04-28 06:13:00+00:00,319.6499938964844,319.6499938964844,319.6499938964844,319.5,319.6499938964844,13700
2026-04-28 06:14:00+00:00,319.8999938964844,319.8999938964844,319.8999938964844,319.6000061035156,319.6499938964844,107756
2026-04-28 06:15:00+00:00,320.04998779296875,320.04998779296875,320.1499938964844,319.95001220703125,320.0,22578
2026-04-28 06:16:00+00:00,319.8500061035156,319.8500061035156,320.20001220703125,319.70001220703125,320.1000061035156,93800
2026-04-28 06:17:00+00:00,319.25,319.25,320.04998779296875,319.25,319.8500061035156,34890
2026-04-28 06:18:00+00:00,318.95001220703125,318.95001220703125,319.5,318.75,319.5,46497
2026-04-28 06:19:00+00:00,318.8999938964844,318.8999938964844,319.1499938964844,318.79998779296875,319.04998779296875,20772
2026-04-28 06:20:00+00:00,319.04998779296875,319.04998779296875,319.1499938964844,318.8500061035156,319.04998779296875,8459
2026-04-28 06:21:00+00:00,319.29998779296875,319.29998779296875,319.3500061035156,319.1000061035156,319.25,15003
2026-04-28 06:22:00+00:00,319.8500061035156,319.8500061035156,319.8500061035156,319.1499938964844,319.29998779296875,219921
2026-04-28 06:23:00+00:00,319.8999938964844,319.8999938964844,320.04998779296875,319.79998779296875,319.8500061035156,8721
2026-04-28 06:24:00+00:00,319.75,319.75,319.8500061035156,319.6499938964844,319.8500061035156,11961
2026-04-28 06:25:00+00:00,319.3500061035156,319.3500061035156,319.75,319.29998779296875,319.75,32171
2026-04-28 06:26:00+00:00,319.70001220703125,319.70001220703125,319.70001220703125,319.25,319.3999938964844,32368
2026-04-28 06:27:00+00:00,319.8500061035156,319.8500061035156,319.8500061035156,319.70001220703125,319.70001220703125,13602
2026-04-28 06:28:00+00:00,319.79998779296875,319.79998779296875,319.8999938964844,319.70001220703125,319.8999938964844,5068
2026-04-28 06:29:00+00:00,319.5,319.5,319.75,319.3999938964844,319.75,12686
2026-04-28 06:30:00+00:00,319.29998779296875,319.29998779296875,319.54998779296875,319.29998779296875,319.54998779296875,6975
2026-04-28 06:31:00+00:00,319.3999938964844,319.3999938964844,319.45001220703125,319.3500061035156,319.3999938964844,3874
2026-04-28 06:32:00+00:00,319.6499938964844,319.6499938964844,319.6499938964844,319.45001220703125,319.45001220703125,44249
2026-04-28 06:33:00+00:00,319.95001220703125,319.95001220703125,320.0,319.75,319.75,151102
2026-04-28 06:34:00+00:00,319.95001220703125,319.95001220703125,320.04998779296875,319.79998779296875,319.95001220703125,8042
2026-04-28 06:35:00+00:00,319.8500061035156,319.8500061035156,319.95001220703125,319.6000061035156,319.95001220703125,11532
2026-04-28 06:36:00+00:00,319.8999938964844,319.8999938964844,319.8999938964844,319.75,319.75,5281
2026-04-28 06:37:00+00:00,319.95001220703125,319.95001220703125,319.95001220703125,319.79998779296875,319.79998779296875,9238
2026-04-28 06:38:00+00:00,319.8999938964844,319.8999938964844,319.8999938964844,319.75,319.8999938964844,5379
2026-04-28 06:39:00+00:00,320.1000061035156,320.1000061035156,320.25,319.8500061035156,319.8999938964844,65779
2026-04-28 06:40:00+00:00,320.6000061035156,320.6000061035156,320.6000061035156,320.1000061035156,320.25,75373
2026-04-28 06:41:00+00:00,320.5,320.5,320.6000061035156,320.3500061035156,320.6000061035156,13718
2026-04-28 06:42:00+00:00,320.29998779296875,320.29998779296875,320.5,320.25,320.5,11918
2026-04-28 06:43:00+00:00,320.20001220703125,320.20001220703125,320.29998779296875,320.20001220703125,320.29998779296875,3529
2026-04-28 06:44:00+00:00,320.25,320.25,320.29998779296875,320.1000061035156,320.29998779296875,9845
2026-04-28 06:45:00+00:00,320.3500061035156,320.3500061035156,320.3500061035156,320.04998779296875,320.29998779296875,13342
2026-04-28 06:46:00+00:00,320.3500061035156,320.3500061035156,320.3500061035156,320.20001220703125,320.3500061035156,12084
2026-04-28 06:47:00+00:00,320.0,320.0,320.29998779296875,320.0,320.29998779296875,11411
2026-04-28 06:48:00+00:00,320.0,320.0,320.1499938964844,319.8999938964844,320.0,14065
2026-04-28 06:49:00+00:00,319.79998779296875,319.79998779296875,320.0,319.79998779296875,320.0,21929
2026-04-28 06:50:00+00:00,319.8999938964844,319.8999938964844,320.04998779296875,319.8500061035156,319.95001220703125,64985
2026-04-28 06:51:00+00:00,319.75,319.75,319.95001220703125,319.6499938964844,319.8500061035156,64182
2026-04-28 06:52:00+00:00,319.29998779296875,319.29998779296875,319.70001220703125,319.04998779296875,319.70001220703125,23853
2026-04-28 06:53:00+00:00,319.29998779296875,319.29998779296875,319.3999938964844,319.20001220703125,319.29998779296875,7004
2026-04-28 06:54:00+00:00,319.5,319.5,319.5,319.29998779296875,319.3999938964844,6959
2026-04-28 06:55:00+00:00,319.6000061035156,319.6000061035156,319.70001220703125,319.3999938964844,319.5,9730
2026-04-28 06:56:00+00:00,319.79998779296875,319.79998779296875,319.79998779296875,319.6000061035156,319.6000061035156,15239
2026-04-28 06:57:00+00:00,319.79998779296875,319.79998779296875,319.8500061035156,319.75,319.8500061035156,11195
2026-04-28 06:58:00+00:00,319.75,319.75,319.8500061035156,319.75,319.79998779296875,4383
2026-04-28 06:59:00+00:00,319.70001220703125,319.70001220703125,319.79998779296875,319.6499938964844,319.79998779296875,8422
2026-04-28 07:00:00+00:00,319.6499938964844,319.6499938964844,319.70001220703125,319.6000061035156,319.70001220703125,3223
2026-04-28 07:01:00+00:00,319.20001220703125,319.20001220703125,319.6499938964844,319.20001220703125,319.6499938964844,12625
2026-04-28 07:02:00+00:00,319.1499938964844,319.1499938964844,319.29998779296875,319.1499938964844,319.29998779296875,5500
2026-04-28 07:03:00+00:00,319.1000061035156,319.1000061035156,319.1499938964844,318.8999938964844,319.1499938964844,20506
2026-04-28 07:04:00+00:00,319.1499938964844,319.1499938964844,319.1499938964844,318.95001220703125,319.1000061035156,9067
2026-04-28 07:05:00+00:00,319.20001220703125,319.20001220703125,319.25,319.1000061035156,319.20001220703125,11483
2026-04-28 07:06:00+00:00,319.45001220703125,319.45001220703125,319.45001220703125,319.25,319.29998779296875,9184
2026-04-28 07:07:00+00:00,319.45001220703125,319.45001220703125,319.45001220703125,319.3500061035156,319.3500061035156,4976
2026-04-28 07:08:00+00:00,319.45001220703125,319.45001220703125,319.45001220703125,319.3999938964844,319.45001220703125,5083
2026-04-28 07:09:00+00:00,319.3999938964844,319.3999938964844,319.45001220703125,319.29998779296875,319.45001220703125,9788
2026-04-28 07:10:00+00:00,319.45001220703125,319.45001220703125,319.45001220703125,319.29998779296875,319.3999938964844,8404
2026-04-28 07:11:00+00:00,319.1499938964844,319.1499938964844,319.45001220703125,319.1499938964844,319.3500061035156,9137
2026-04-28 07:12:00+00:00,319.04998779296875,319.04998779296875,319.20001220703125,319.04998779296875,319.20001220703125,5212
2026-04-28 07:13:00+00:00,319.25,319.25,319.25,319.1499938964844,319.1499938964844,7976
2026-04-28 07:14:00+00:00,319.45001220703125,319.45001220703125,319.5,319.25,319.25,18093
2026-04-28 07:15:00+00:00,319.5,319.5,319.5,319.3999938964844,319.45001220703125,3541
2026-04-28 07:16:00+00:00,319.3999938964844,319.3999938964844,319.5,319.3999938964844,319.5,16611
2026-04-28 07:17:00+00:00,319.29998779296875,319.29998779296875,319.45001220703125,319.29998779296875,319.45001220703125,25438
2026-04-28 07:18:00+00:00,319.3500061035156,319.3500061035156,319.3999938964844,319.3500061035156,319.3500061035156,5713
2026-04-28 07:19:00+00:00,319.6499938964844,319.6499938964844,319.6499938964844,319.25,319.3999938964844,22682
2026-04-28 07:20:00+00:00,319.45001220703125,319.45001220703125,319.6499938964844,319.45001220703125,319.6499938964844,11545
2026-04-28 07:21:00+00:00,319.6000061035156,319.6000061035156,319.6000061035156,319.45001220703125,319.6000061035156,11398
2026-04-28 07:22:00+00:00,319.70001220703125,319.70001220703125,319.70001220703125,319.54998779296875,319.6000061035156,4641
2026-04-28 07:23:00+00:00,319.6499938964844,319.6499938964844,319.70001220703125,319.5,319.70001220703125,15878
2026-04-28 07:24:00+00:00,319.6000061035156,319.6000061035156,319.6499938964844,319.3999938964844,319.6499938964844,7335
2026-04-28 07:25:00+00:00,319.54998779296875,319.54998779296875,319.54998779296875,319.3999938964844,319.5,3055
2026-04-28 07:26:00+00:00,319.70001220703125,319.70001220703125,319.70001220703125,319.5,319.54998779296875,14199
2026-04-28 07:27:00+00:00,319.70001220703125,319.70001220703125,319.70001220703125,319.54998779296875,319.70001220703125,6073
2026-04-28 07:28:00+00:00,319.6000061035156,319.6000061035156,319.70001220703125,319.54998779296875,319.70001220703125,12573
2026-04-28 07:29:00+00:00,319.75,319.75,319.75,319.6000061035156,319.70001220703125,7679
2026-04-28 07:30:00+00:00,319.70001220703125,319.70001220703125,319.75,319.6499938964844,319.75,15167
2026-04-28 07:31:00+00:00,319.70001220703125,319.70001220703125,319.79998779296875,319.6499938964844,319.70001220703125,15635
2026-04-28 07:32:00+00:00,319.79998779296875,319.79998779296875,319.79998779296875,319.54998779296875,319.6499938964844,22140
2026-04-28 07:33:00+00:00,319.79998779296875,319.79998779296875,319.79998779296875,319.75,319.79998779296875,23337
2026-04-28 07:34:00+00:00,319.70001220703125,319.70001220703125,319.79998779296875,319.70001220703125,319.79998779296875,10564
2026-04-28 07:35:00+00:00,319.6499938964844,319.6499938964844,319.75,319.6000061035156,319.70001220703125,13394
2026-04-28 07:36:00+00:00,319.6499938964844,319.6499938964844,319.75,319.6000061035156,319.6499938964844,4055
2026-04-28 07:37:00+00:00,319.6499938964844,319.6499938964844,319.6499938964844,319.54998779296875,319.6499938964844,6452
2026-04-28 07:38:00+00:00,319.70001220703125,319.70001220703125,319.70001220703125,319.6000061035156,319.70001220703125,4695
2026-04-28 07:39:00+00:00,319.6499938964844,319.6499938964844,319.70001220703125,319.6000061035156,319.70001220703125,8956
2026-04-28 07:40:00+00:00,319.6000061035156,319.6000061035156,319.6499938964844,319.54998779296875,319.6499938964844,11878
2026-04-28 07:41:00+00:00,319.54998779296875,319.54998779296875,319.6000061035156,319.54998779296875,319.6000061035156,3812
2026-04-28 07:42:00+00:00,319.54998779296875,319.54998779296875,319.6000061035156,319.5,319.54998779296875,5486
2026-04-28 07:43:00+00:00,319.6000061035156,319.6000061035156,319.6000061035156,319.5,319.54998779296875,4787
2026-04-28 07:44:00+00:00,319.6000061035156,319.6000061035156,319.6000061035156,319.5,319.6000061035156,7045
2026-04-28 07:45:00+00:00,319.6000061035156,319.6000061035156,319.6000061035156,319.54998779296875,319.6000061035156,5377
2026-04-28 07:46:00+00:00,319.6000061035156,319.6000061035156,319.6000061035156,319.54998779296875,319.6000061035156,5592
2026-04-28 07:47:00+00:00,319.3999938964844,319.3999938964844,319.6000061035156,319.3500061035156,319.54998779296875,26505
2026-04-28 07:48:00+00:00,319.54998779296875,319.54998779296875,319.6000061035156,319.45001220703125,319.45001220703125,8423
2026-04-28 07:49:00+00:00,319.54998779296875,319.54998779296875,319.54998779296875,319.45001220703125,319.54998779296875,3025
2026-04-28 07:50:00+00:00,319.45001220703125,319.45001220703125,319.54998779296875,319.3500061035156,319.54998779296875,8319
2026-04-28 07:51:00+00:00,319.5,319.5,319.5,319.3999938964844,319.45001220703125,4218
2026-04-28 07:52:00+00:00,319.6499938964844,319.6499938964844,319.70001220703125,319.5,319.5,28417
2026-04-28 07:53:00+00:00,319.70001220703125,319.70001220703125,319.70001220703125,319.54998779296875,319.6000061035156,6703
2026-04-28 07:54:00+00:00,319.79998779296875,319.79998779296875,319.79998779296875,319.6000061035156,319.70001220703125,9943
2026-04-28 07:55:00+00:00,319.54998779296875,319.54998779296875,319.79998779296875,319.5,319.79998779296875,31404
2026-04-28 07:56:00+00:00,319.5,319.5,319.54998779296875,319.45001220703125,319.5,9478
2026-04-28 07:57:00+00:00,319.70001220703125,319.70001220703125,319.70001220703125,319.3999938964844,319.54998779296875,17234
2026-04-28 07:58:00+00:00,319.70001220703125,319.70001220703125,319.75,319.54998779296875,319.6499938964844,15338
2026-04-28 07:59:00+00:00,319.6000061035156,319.6000061035156,319.70001220703125,319.54998779296875,319.70001220703125,12857
2026-04-28 08:00:00+00:00,319.20001220703125,319.20001220703125,319.6499938964844,319.20001220703125,319.6000061035156,22519
2026-04-28 08:01:00+00:00,319.3500061035156,319.3500061035156,319.3999938964844,319.1000061035156,319.1000061035156,9616
2026-04-28 08:02:00+00:00,319.45001220703125,319.45001220703125,319.45001220703125,319.29998779296875,319.3500061035156,7877
2026-04-28 08:03:00+00:00,319.45001220703125,319.45001220703125,319.5,319.3500061035156,319.45001220703125,11698
2026-04-28 08:04:00+00:00,319.5,319.5,319.5,319.3999938964844,319.45001220703125,6211
2026-04-28 08:05:00+00:00,319.0,319.0,319.5,319.0,319.5,27305
2026-04-28 08:06:00+00:00,319.04998779296875,319.04998779296875,319.1499938964844,318.8500061035156,318.8999938964844,44539
2026-04-28 08:07:00+00:00,319.04998779296875,319.04998779296875,319.25,319.0,319.1499938964844,14290
2026-04-28 08:08:00+00:00,319.20001220703125,319.20001220703125,319.20001220703125,319.04998779296875,319.04998779296875,6553
2026-04-28 08:09:00+00:00,319.1499938964844,319.1499938964844,319.1499938964844,318.95001220703125,319.1499938964844,15569
2026-04-28 08:10:00+00:00,319.20001220703125,319.20001220703125,319.20001220703125,318.8999938964844,319.1499938964844,28084
2026-04-28 08:11:00+00:00,319.1499938964844,319.1499938964844,319.20001220703125,319.04998779296875,319.04998779296875,11782
2026-04-28 08:12:00+00:00,319.1499938964844,319.1499938964844,319.20001220703125,319.04998779296875,319.1000061035156,7247
2026-04-28 08:13:00+00:00,319.1000061035156,319.1000061035156,319.20001220703125,319.04998779296875,319.1499938964844,11204
2026-04-28 08:14:00+00:00,318.8500061035156,318.8500061035156,319.1499938964844,318.8500061035156,319.04998779296875,15462
2026-04-28 08:15:00+00:00,319.0,319.0,319.0,318.8999938964844,318.8999938964844,7703
2026-04-28 08:16:00+00:00,319.1000061035156,319.1000061035156,319.1000061035156,318.8999938964844,319.0,28807
2026-04-28 08:17:00+00:00,319.0,319.0,319.20001220703125,319.0,319.0,26002
2026-04-28 08:18:00+00:00,318.75,318.75,319.1000061035156,318.70001220703125,319.1000061035156,39102
2026-04-28 08:19:00+00:00,318.95001220703125,318.95001220703125,319.0,318.75,318.75,9394
2026-04-28 08:20:00+00:00,318.8500061035156,318.8500061035156,318.95001220703125,318.75,318.75,16293
2026-04-28 08:21:00+00:00,318.75,318.75,318.75,318.70001220703125,318.70001220703125,12166
2026-04-28 08:22:00+00:00,318.95001220703125,318.95001220703125,318.95001220703125,318.75,318.75,10265
2026-04-28 08:23:00+00:00,319.04998779296875,319.04998779296875,319.1499938964844,318.95001220703125,318.95001220703125,24757
2026-04-28 08:24:00+00:00,319.1499938964844,319.1499938964844,319.20001220703125,319.1000061035156,319.1000061035156,13443
2026-04-28 08:25:00+00:00,319.3500061035156,319.3500061035156,319.3500061035156,319.1000061035156,319.1499938964844,12302
2026-04-28 08:26:00+00:00,319.45001220703125,319.45001220703125,319.6000061035156,319.3500061035156,319.3500061035156,23954
2026-04-28 08:27:00+00:00,319.1000061035156,319.1000061035156,319.45001220703125,318.95001220703125,319.45001220703125,39922
2026-04-28 08:28:00+00:00,319.54998779296875,319.54998779296875,319.70001220703125,319.1499938964844,319.1499938964844,26427
2026-04-28 08:29:00+00:00,319.70001220703125,319.70001220703125,319.70001220703125,319.5,319.5,10141
2026-04-28 08:30:00+00:00,319.6000061035156,319.6000061035156,319.6499938964844,319.54998779296875,319.6499938964844,8542
2026-04-28 08:31:00+00:00,319.6499938964844,319.6499938964844,319.6499938964844,319.6000061035156,319.6499938964844,9752
2026-04-28 08:32:00+00:00,319.75,319.75,319.75,319.6499938964844,319.6499938964844,17000
2026-04-28 08:33:00+00:00,319.6000061035156,319.6000061035156,319.70001220703125,319.5,319.70001220703125,15836
2026-04-28 08:34:00+00:00,319.5,319.5,319.54998779296875,319.3500061035156,319.54998779296875,13892
2026-04-28 08:35:00+00:00,319.5,319.5,319.5,319.3999938964844,319.45001220703125,8548
2026-04-28 08:36:00+00:00,319.45001220703125,319.45001220703125,319.54998779296875,319.3999938964844,319.5,9693
2026-04-28 08:37:00+00:00,319.54998779296875,319.54998779296875,319.6000061035156,319.5,319.5,11769
2026-04-28 08:38:00+00:00,319.54998779296875,319.54998779296875,319.6000061035156,319.5,319.6000061035156,12720
2026-04-28 08:39:00+00:00,319.6000061035156,319.6000061035156,319.6000061035156,319.5,319.6000061035156,9222
2026-04-28 08:40:00+00:00,319.3500061035156,319.3500061035156,319.6000061035156,319.3500061035156,319.6000061035156,21216
2026-04-28 08:41:00+00:00,319.25,319.25,319.3500061035156,319.1499938964844,319.3500061035156,6046
2026-04-28 08:42:00+00:00,319.3500061035156,319.3500061035156,319.3500061035156,319.1499938964844,319.20001220703125,9406
2026-04-28 08:43:00+00:00,319.45001220703125,319.45001220703125,319.45001220703125,319.29998779296875,319.3500061035156,40308
2026-04-28 08:44:00+00:00,319.20001220703125,319.20001220703125,319.45001220703125,319.1499938964844,319.45001220703125,19731
2026-04-28 08:45:00+00:00,319.20001220703125,319.20001220703125,319.29998779296875,319.20001220703125,319.29998779296875,11606
2026-04-28 08:46:00+00:00,319.1499938964844,319.1499938964844,319.29998779296875,319.1499938964844,319.20001220703125,8400
2026-04-28 08:47:00+00:00,319.1499938964844,319.1499938964844,319.1499938964844,319.0,319.04998779296875,19437
2026-04-28 08:48:00+00:00,319.3500061035156,319.3500061035156,319.3500061035156,319.1000061035156,319.1499938964844,15787
2026-04-28 08:49:00+00:00,319.45001220703125,319.45001220703125,319.45001220703125,319.3500061035156,319.3500061035156,11847
2026-04-28 08:50:00+00:00,319.54998779296875,319.54998779296875,319.54998779296875,319.3999938964844,319.45001220703125,12710
2026-04-28 08:51:00+00:00,319.6000061035156,319.6000061035156,319.6499938964844,319.45001220703125,319.5,18678
2026-04-28 08:52:00+00:00,319.6000061035156,319.6000061035156,319.6000061035156,319.5,319.6000061035156,16519
2026-04-28 08:53:00+00:00,319.6000061035156,319.6000061035156,319.6499938964844,319.54998779296875,319.6000061035156,13042
2026-04-28 08:54:00+00:00,319.6000061035156,319.6000061035156,319.70001220703125,319.54998779296875,319.70001220703125,19828
2026-04-28 08:55:00+00:00,319.6000061035156,319.6000061035156,319.6000061035156,319.5,319.54998779296875,10090
2026-04-28 08:56:00+00:00,319.6000061035156,319.6000061035156,319.6000061035156,319.54998779296875,319.6000061035156,12945
2026-04-28 08:57:00+00:00,319.54998779296875,319.54998779296875,319.6499938964844,319.54998779296875,319.6000061035156,25633
2026-04-28 08:58:00+00:00,319.54998779296875,319.54998779296875,319.54998779296875,319.3999938964844,319.5,13732
2026-04-28 08:59:00+00:00,319.54998779296875,319.54998779296875,319.6499938964844,319.5,319.54998779296875,24110
2026-04-28 09:00:00+00:00,319.8999938964844,319.8999938964844,319.8999938964844,319.54998779296875,319.6499938964844,36019
2026-04-28 09:01:00+00:00,319.95001220703125,319.95001220703125,319.95001220703125,319.79998779296875,319.8999938964844,35713
2026-04-28 09:02:00+00:00,319.8500061035156,319.8500061035156,319.95001220703125,319.79998779296875,319.79998779296875,34801
2026-04-28 09:03:00+00:00,319.8999938964844,319.8999938964844,319.95001220703125,319.8500061035156,319.8500061035156,16143
2026-04-28 09:04:00+00:00,319.29998779296875,319.29998779296875,319.8999938964844,319.25,319.8999938964844,49189
2026-04-28 09:05:00+00:00,319.3999938964844,319.3999938964844,319.3999938964844,319.1499938964844,319.3999938964844,17564
2026-04-28 09:06:00+00:00,319.29998779296875,319.29998779296875,319.3999938964844,319.1499938964844,319.3999938964844,7654
2026-04-28 09:07:00+00:00,319.1499938964844,319.1499938964844,319.29998779296875,319.1499938964844,319.20001220703125,4091
2026-04-28 09:08:00+00:00,319.1499938964844,319.1499938964844,319.25,319.1000061035156,319.1499938964844,11500
2026-04-28 09:09:00+00:00,319.1000061035156,319.1000061035156,319.1000061035156,319.0,319.1000061035156,10911
2026-04-28 09:10:00+00:00,319.0,319.0,319.1000061035156,319.0,319.0,5805
2026-04-28 09:11:00+00:00,319.0,319.0,319.1000061035156,318.95001220703125,319.04998779296875,26882
2026-04-28 09:12:00+00:00,318.8500061035156,318.8500061035156,319.0,318.79998779296875,319.0,14583
2026-04-28 09:13:00+00:00,318.75,318.75,318.79998779296875,318.70001220703125,318.79998779296875,8026
2026-04-28 09:14:00+00:00,319.1000061035156,319.1000061035156,319.1000061035156,318.79998779296875,318.79998779296875,66613
2026-04-28 09:15:00+00:00,319.20001220703125,319.20001220703125,319.20001220703125,319.0,319.04998779296875,27979
2026-04-28 09:16:00+00:00,319.25,319.25,319.25,319.1000061035156,319.20001220703125,20302
2026-04-28 09:17:00+00:00,319.20001220703125,319.20001220703125,319.3500061035156,319.1499938964844,319.3500061035156,6978
2026-04-28 09:18:00+00:00,319.3500061035156,319.3500061035156,319.3500061035156,319.20001220703125,319.20001220703125,13864
2026-04-28 09:19:00+00:00,319.3999938964844,319.3999938964844,319.5,319.3500061035156,319.3500061035156,15909
2026-04-28 09:20:00+00:00,319.54998779296875,319.54998779296875,319.54998779296875,319.3500061035156,319.45001220703125,8666
2026-04-28 09:21:00+00:00,319.3999938964844,319.3999938964844,319.5,319.3999938964844,319.5,17489
2026-04-28 09:22:00+00:00,319.3999938964844,319.3999938964844,319.3999938964844,319.3500061035156,319.3500061035156,27854
2026-04-28 09:23:00+00:00,319.6000061035156,319.6000061035156,319.70001220703125,319.3999938964844,319.3999938964844,27161
2026-04-28 09:24:00+00:00,319.6000061035156,319.6000061035156,319.70001220703125,319.5,319.5,10435
2026-04-28 09:25:00+00:00,319.6000061035156,319.6000061035156,319.6499938964844,319.54998779296875,319.6000061035156,11723
2026-04-28 09:26:00+00:00,319.6499938964844,319.6499938964844,319.70001220703125,319.5,319.54998779296875,8127
2026-04-28 09:27:00+00:00,319.75,319.75,319.75,319.6000061035156,319.6499938964844,58513
2026-04-28 09:28:00+00:00,319.8500061035156,319.8500061035156,319.8999938964844,319.6499938964844,319.6499938964844,34434
2026-04-28 09:29:00+00:00,320.0,320.0,320.0,319.79998779296875,319.8500061035156,92217
2026-04-28 09:30:00+00:00,319.95001220703125,319.95001220703125,320.20001220703125,319.95001220703125,320.1000061035156,109876
2026-04-28 09:31:00+00:00,319.5,319.5,319.75,319.29998779296875,319.75,90087
2026-04-28 09:32:00+00:00,319.45001220703125,319.45001220703125,319.6499938964844,319.45001220703125,319.54998779296875,30434
2026-04-28 09:33:00+00:00,319.3500061035156,319.3500061035156,319.5,319.29998779296875,319.45001220703125,32643
2026-04-28 09:34:00+00:00,319.1000061035156,319.1000061035156,319.3999938964844,319.1000061035156,319.3500061035156,48374
2026-04-28 09:35:00+00:00,319.25,319.25,319.25,318.95001220703125,319.04998779296875,72928
2026-04-28 09:36:00+00:00,319.20001220703125,319.20001220703125,319.25,319.20001220703125,319.25,23371
2026-04-28 09:37:00+00:00,319.1000061035156,319.1000061035156,319.25,319.0,319.20001220703125,56058
2026-04-28 09:38:00+00:00,319.1000061035156,319.1000061035156,319.1499938964844,319.04998779296875,319.1499938964844,30459
2026-04-28 09:39:00+00:00,319.0,319.0,319.1000061035156,319.0,319.1000061035156,32945
2026-04-28 09:40:00+00:00,318.79998779296875,318.79998779296875,318.95001220703125,318.70001220703125,318.95001220703125,69854
2026-04-28 09:41:00+00:00,318.6499938964844,318.6499938964844,318.8500061035156,318.6000061035156,318.8500061035156,43032
2026-04-28 09:42:00+00:00,318.6000061035156,318.6000061035156,318.6499938964844,318.54998779296875,318.6000061035156,43129
2026-04-28 09:43:00+00:00,318.8999938964844,318.8999938964844,318.8999938964844,318.3999938964844,318.5,51129
2026-04-28 09:44:00+00:00,318.95001220703125,318.95001220703125,319.0,318.75,318.75,36078
2026-04-28 09:45:00+00:00,318.95001220703125,318.95001220703125,319.0,318.8500061035156,319.0,61551
2026-04-28 09:46:00+00:00,318.8999938964844,318.8999938964844,318.95001220703125,318.79998779296875,318.8999938964844,37896
2026-04-28 09:47:00+00:00,319.04998779296875,319.04998779296875,319.04998779296875,318.8500061035156,318.8500061035156,40424
2026-04-28 09:48:00+00:00,319.04998779296875,319.04998779296875,319.04998779296875,319.0,319.0,46060
2026-04-28 09:49:00+00:00,318.95001220703125,318.95001220703125,319.0,318.95001220703125,319.0,42196
2026-04-28 09:50:00+00:00,318.8999938964844,318.8999938964844,318.95001220703125,318.8999938964844,318.95001220703125,52991
2026-04-28 09:51:00+00:00,318.6499938964844,318.6499938964844,318.8999938964844,318.6000061035156,318.8999938964844,47155
2026-04-28 09:52:00+00:00,318.75,318.75,318.79998779296875,318.54998779296875,318.54998779296875,63048
2026-04-28 09:53:00+00:00,318.6499938964844,318.6499938964844,318.6499938964844,318.5,318.5,39937
2026-04-28 09:54:00+00:00,318.70001220703125,318.70001220703125,318.70001220703125,318.3999938964844,318.6499938964844,34329
2026-04-28 09:55:00+00:00,318.6499938964844,318.6499938964844,318.8999938964844,318.45001220703125,318.75,118728
2026-04-28 09:56:00+00:00,319.1499938964844,319.1499938964844,319.1499938964844,318.6499938964844,318.6499938964844,50156
2026-04-28 09:57:00+00:00,319.0,319.0,319.0,318.6499938964844,318.8500061035156,59515
2026-04-28 09:58:00+00:00,318.79998779296875,318.79998779296875,319.0,318.79998779296875,319.0,33455
2026-04-28 09:59:00+00:00,319.3999938964844,319.3999938964844,319.3999938964844,318.70001220703125,318.79998779296875,27206
2026-04-29 03:45:00+00:00,320.1000061035156,320.1000061035156,320.54998779296875,319.3999938964844,320.20001220703125,0
2026-04-29 03:46:00+00:00,320.20001220703125,320.20001220703125,320.29998779296875,320.04998779296875,320.29998779296875,30879
2026-04-29 03:47:00+00:00,319.5,319.5,320.25,319.5,320.25,34942
2026-04-29 03:48:00+00:00,319.1499938964844,319.1499938964844,319.54998779296875,319.1499938964844,319.54998779296875,31258
2026-04-29 03:49:00+00:00,319.04998779296875,319.04998779296875,319.3999938964844,319.04998779296875,319.25,103770
2026-04-29 03:50:00+00:00,319.79998779296875,319.79998779296875,319.79998779296875,319.45001220703125,319.54998779296875,73895
2026-04-29 03:51:00+00:00,319.1000061035156,319.1000061035156,319.6000061035156,319.1000061035156,319.6000061035156,39951
2026-04-29 03:52:00+00:00,319.04998779296875,319.04998779296875,319.1499938964844,319.0,319.1499938964844,36715
2026-04-29 03:53:00+00:00,319.20001220703125,319.20001220703125,319.79998779296875,319.04998779296875,319.54998779296875,253405
2026-04-29 03:54:00+00:00,319.04998779296875,319.04998779296875,319.3500061035156,318.25,319.3500061035156,102616
2026-04-29 03:55:00+00:00,319.25,319.25,319.25,318.95001220703125,319.04998779296875,26879
2026-04-29 03:56:00+00:00,319.6499938964844,319.6499938964844,319.70001220703125,319.25,319.25,44372
2026-04-29 03:57:00+00:00,319.6499938964844,319.6499938964844,319.6499938964844,319.54998779296875,319.6499938964844,19461
2026-04-29 03:58:00+00:00,319.45001220703125,319.45001220703125,319.6499938964844,319.3999938964844,319.6499938964844,14457
2026-04-29 03:59:00+00:00,319.79998779296875,319.79998779296875,319.79998779296875,319.6000061035156,319.6499938964844,20967
2026-04-29 04:00:00+00:00,319.70001220703125,319.70001220703125,319.75,319.6000061035156,319.75,20853
2026-04-29 04:01:00+00:00,320.04998779296875,320.04998779296875,320.04998779296875,319.8500061035156,319.8500061035156,12915
2026-04-29 04:02:00+00:00,320.3500061035156,320.3500061035156,320.3999938964844,320.1499938964844,320.1499938964844,18336
2026-04-29 04:03:00+00:00,319.95001220703125,319.95001220703125,320.20001220703125,319.95001220703125,320.1499938964844,29951
2026-04-29 04:04:00+00:00,319.75,319.75,319.8500061035156,319.6499938964844,319.75,17433
2026-04-29 04:05:00+00:00,320.0,320.0,320.0,319.75,319.75,32240
2026-04-29 04:06:00+00:00,320.25,320.25,320.29998779296875,320.0,320.0,17198
2026-04-29 04:07:00+00:00,320.1499938964844,320.1499938964844,320.25,320.1499938964844,320.25,12055
2026-04-29 04:08:00+00:00,320.54998779296875,320.54998779296875,320.54998779296875,320.20001220703125,320.20001220703125,20006
2026-04-29 04:09:00+00:00,320.3500061035156,320.3500061035156,320.6000061035156,320.3500061035156,320.54998779296875,19609
2026-04-29 04:10:00+00:00,320.54998779296875,320.54998779296875,320.54998779296875,320.3500061035156,320.3500061035156,18609
2026-04-29 04:11:00+00:00,320.0,320.0,320.54998779296875,320.0,320.54998779296875,41323
2026-04-29 04:12:00+00:00,319.8999938964844,319.8999938964844,320.0,319.8999938964844,319.95001220703125,25284
2026-04-29 04:13:00+00:00,320.1000061035156,320.1000061035156,320.1000061035156,319.8999938964844,319.8999938964844,23143
2026-04-29 04:14:00+00:00,320.3999938964844,320.3999938964844,320.3999938964844,320.04998779296875,320.04998779296875,12709
2026-04-29 04:15:00+00:00,320.54998779296875,320.54998779296875,320.54998779296875,320.3500061035156,320.3999938964844,15747
2026-04-29 04:16:00+00:00,320.3999938964844,320.3999938964844,320.6499938964844,320.3999938964844,320.54998779296875,55943
2026-04-29 04:17:00+00:00,320.79998779296875,320.79998779296875,320.79998779296875,320.6000061035156,320.6000061035156,35392
2026-04-29 04:18:00+00:00,320.5,320.5,320.79998779296875,320.5,320.79998779296875,35091
2026-04-29 04:19:00+00:00,320.45001220703125,320.45001220703125,320.54998779296875,320.3999938964844,320.54998779296875,12875
2026-04-29 04:20:00+00:00,320.6000061035156,320.6000061035156,320.6000061035156,320.45001220703125,320.45001220703125,7806
2026-04-29 04:21:00+00:00,320.6000061035156,320.6000061035156,320.6000061035156,320.54998779296875,320.6000061035156,8125
2026-04-29 04:22:00+00:00,320.70001220703125,320.70001220703125,320.75,320.54998779296875,320.6000061035156,16727
2026-04-29 04:23:00+00:00,320.6000061035156,320.6000061035156,320.70001220703125,320.3999938964844,320.70001220703125,30836
2026-04-29 04:24:00+00:00,320.70001220703125,320.70001220703125,320.75,320.6000061035156,320.6000061035156,14520
2026-04-29 04:25:00+00:00,320.5,320.5,320.54998779296875,320.3999938964844,320.54998779296875,15342
2026-04-29 04:26:00+00:00,320.54998779296875,320.54998779296875,320.6000061035156,320.5,320.5,10145
2026-04-29 04:27:00+00:00,320.8999938964844,320.8999938964844,320.8999938964844,320.54998779296875,320.54998779296875,26957
2026-04-29 04:28:00+00:00,320.79998779296875,320.79998779296875,320.8999938964844,320.70001220703125,320.8999938964844,33264
2026-04-29 04:29:00+00:00,320.79998779296875,320.79998779296875,320.8999938964844,320.75,320.79998779296875,27446
2026-04-29 04:30:00+00:00,320.8500061035156,320.8500061035156,321.1000061035156,320.8500061035156,320.95001220703125,45802
2026-04-29 04:31:00+00:00,321.20001220703125,321.20001220703125,321.25,321.04998779296875,321.1000061035156,27376
2026-04-29 04:32:00+00:00,321.45001220703125,321.45001220703125,321.45001220703125,321.1499938964844,321.20001220703125,18521
2026-04-29 04:33:00+00:00,321.54998779296875,321.54998779296875,321.70001220703125,321.45001220703125,321.45001220703125,12697
2026-04-29 04:34:00+00:00,321.20001220703125,321.20001220703125,321.5,321.20001220703125,321.5,13400
2026-04-29 04:35:00+00:00,321.25,321.25,321.3500061035156,321.20001220703125,321.3500061035156,4559
2026-04-29 04:36:00+00:00,321.3999938964844,321.3999938964844,321.3999938964844,321.20001220703125,321.25,11541
2026-04-29 04:37:00+00:00,321.29998779296875,321.29998779296875,321.3999938964844,321.29998779296875,321.3999938964844,15297
2026-04-29 04:38:00+00:00,321.20001220703125,321.20001220703125,321.29998779296875,321.20001220703125,321.29998779296875,10233
2026-04-29 04:39:00+00:00,321.1000061035156,321.1000061035156,321.20001220703125,321.1000061035156,321.20001220703125,5381
2026-04-29 04:40:00+00:00,321.20001220703125,321.20001220703125,321.20001220703125,321.0,321.1000061035156,5666
2026-04-29 04:41:00+00:00,321.1499938964844,321.1499938964844,321.25,321.1499938964844,321.20001220703125,16730
2026-04-29 04:42:00+00:00,321.3500061035156,321.3500061035156,321.3999938964844,321.1499938964844,321.1499938964844,13957
2026-04-29 04:43:00+00:00,321.3999938964844,321.3999938964844,321.3999938964844,321.3500061035156,321.3500061035156,4735
2026-04-29 04:44:00+00:00,321.3999938964844,321.3999938964844,321.3999938964844,321.3500061035156,321.3999938964844,6899
2026-04-29 04:45:00+00:00,321.3500061035156,321.3500061035156,321.3999938964844,321.29998779296875,321.3999938964844,7452
2026-04-29 04:46:00+00:00,321.3999938964844,321.3999938964844,321.3999938964844,321.29998779296875,321.3500061035156,6384
2026-04-29 04:47:00+00:00,321.3500061035156,321.3500061035156,321.45001220703125,321.3500061035156,321.3500061035156,11221
2026-04-29 04:48:00+00:00,321.3500061035156,321.3500061035156,321.3999938964844,321.3500061035156,321.3999938964844,5593
2026-04-29 04:49:00+00:00,321.25,321.25,321.3500061035156,321.25,321.3500061035156,4363
2026-04-29 04:50:00+00:00,321.20001220703125,321.20001220703125,321.29998779296875,321.20001220703125,321.25,7602
2026-04-29 04:51:00+00:00,321.25,321.25,321.29998779296875,321.25,321.29998779296875,3377
2026-04-29 04:52:00+00:00,321.20001220703125,321.20001220703125,321.29998779296875,321.1499938964844,321.25,9589
2026-04-29 04:53:00+00:00,321.5,321.5,321.5,321.20001220703125,321.20001220703125,40212
2026-04-29 04:54:00+00:00,321.6000061035156,321.6000061035156,321.6000061035156,321.5,321.5,9219
2026-04-29 04:55:00+00:00,321.6499938964844,321.6499938964844,321.6499938964844,321.54998779296875,321.6000061035156,58447
2026-04-29 04:56:00+00:00,321.8999938964844,321.8999938964844,321.8999938964844,321.6000061035156,321.6499938964844,49235
2026-04-29 04:57:00+00:00,321.79998779296875,321.79998779296875,322.0,321.79998779296875,322.0,29304
2026-04-29 04:58:00+00:00,321.5,321.5,321.8999938964844,321.5,321.8500061035156,9354
2026-04-29 04:59:00+00:00,321.45001220703125,321.45001220703125,321.5,321.3500061035156,321.45001220703125,5875
2026-04-29 05:00:00+00:00,321.3500061035156,321.3500061035156,321.45001220703125,321.29998779296875,321.3999938964844,7624
2026-04-29 05:01:00+00:00,321.45001220703125,321.45001220703125,321.6000061035156,321.3999938964844,321.54998779296875,14971
2026-04-29 05:02:00+00:00,321.5,321.5,321.54998779296875,321.45001220703125,321.45001220703125,4022
2026-04-29 05:03:00+00:00,321.6000061035156,321.6000061035156,321.70001220703125,321.54998779296875,321.6000061035156,5761
2026-04-29 05:04:00+00:00,321.70001220703125,321.70001220703125,321.79998779296875,321.6499938964844,321.70001220703125,9460
2026-04-29 05:05:00+00:00,321.6000061035156,321.6000061035156,321.6000061035156,321.5,321.6000061035156,11847
2026-04-29 05:06:00+00:00,321.70001220703125,321.70001220703125,321.70001220703125,321.6000061035156,321.6499938964844,1552
2026-04-29 05:07:00+00:00,321.75,321.75,321.79998779296875,321.6499938964844,321.70001220703125,7750
2026-04-29 05:08:00+00:00,321.79998779296875,321.79998779296875,321.8999938964844,321.79998779296875,321.79998779296875,9279
2026-04-29 05:09:00+00:00,321.70001220703125,321.70001220703125,321.8500061035156,321.70001220703125,321.79998779296875,19901
2026-04-29 05:10:00+00:00,321.75,321.75,321.8500061035156,321.75,321.75,4483
2026-04-29 05:11:00+00:00,322.0,322.0,322.0,321.75,321.8500061035156,18638
2026-04-29 05:12:00+00:00,322.0,322.0,322.0,321.75,321.79998779296875,48457
2026-04-29 05:13:00+00:00,322.0,322.0,322.1499938964844,322.0,322.0,98758
2026-04-29 05:14:00+00:00,321.8999938964844,321.8999938964844,322.04998779296875,321.75,322.0,12352
2026-04-29 05:15:00+00:00,321.5,321.5,321.95001220703125,321.5,321.95001220703125,32445
2026-04-29 05:16:00+00:00,321.70001220703125,321.70001220703125,321.95001220703125,321.54998779296875,321.54998779296875,26552
2026-04-29 05:17:00+00:00,321.6499938964844,321.6499938964844,321.75,321.54998779296875,321.6499938964844,5041
2026-04-29 05:18:00+00:00,321.79998779296875,321.79998779296875,321.95001220703125,321.6000061035156,321.75,39615
2026-04-29 05:19:00+00:00,321.75,321.75,321.8999938964844,321.75,321.8999938964844,6182
2026-04-29 05:20:00+00:00,321.8500061035156,321.8500061035156,321.8500061035156,321.75,321.79998779296875,4897
2026-04-29 05:21:00+00:00,322.0,322.0,322.0,321.8500061035156,321.8500061035156,164518
2026-04-29 05:22:00+00:00,321.95001220703125,321.95001220703125,322.04998779296875,321.6000061035156,321.8500061035156,97716
2026-04-29 05:23:00+00:00,321.95001220703125,321.95001220703125,322.0,321.95001220703125,322.0,4112
2026-04-29 05:24:00+00:00,321.75,321.75,322.0,321.75,322.0,13570
2026-04-29 05:25:00+00:00,321.6499938964844,321.6499938964844,321.75,321.6499938964844,321.75,10215
2026-04-29 05:26:00+00:00,321.75,321.75,321.75,321.6499938964844,321.75,8364
2026-04-29 05:27:00+00:00,321.54998779296875,321.54998779296875,321.70001220703125,321.54998779296875,321.70001220703125,14483
2026-04-29 05:28:00+00:00,322.1000061035156,322.1000061035156,322.1000061035156,321.75,321.79998779296875,35846
2026-04-29 05:29:00+00:00,322.0,322.0,322.1499938964844,321.95001220703125,322.1499938964844,26104
2026-04-29 05:30:00+00:00,321.8999938964844,321.8999938964844,322.0,321.8999938964844,321.95001220703125,27448
2026-04-29 05:31:00+00:00,321.54998779296875,321.54998779296875,321.95001220703125,321.54998779296875,321.95001220703125,20732
2026-04-29 05:32:00+00:00,321.79998779296875,321.79998779296875,321.79998779296875,321.5,321.6000061035156,8224
2026-04-29 05:33:00+00:00,321.75,321.75,321.8500061035156,321.75,321.79998779296875,7041
2026-04-29 05:34:00+00:00,321.45001220703125,321.45001220703125,321.79998779296875,321.45001220703125,321.75,7752
2026-04-29 05:35:00+00:00,321.3999938964844,321.3999938964844,321.5,321.3999938964844,321.5,14736
2026-04-29 05:36:00+00:00,321.29998779296875,321.29998779296875,321.45001220703125,321.29998779296875,321.45001220703125,6861
2026-04-29 05:37:00+00:00,321.29998779296875,321.29998779296875,321.3999938964844,321.25,321.3500061035156,5138
2026-04-29 05:38:00+00:00,321.3500061035156,321.3500061035156,321.3999938964844,321.25,321.29998779296875,3465
2026-04-29 05:39:00+00:00,321.3500061035156,321.3500061035156,321.3999938964844,321.3500061035156,321.3500061035156,4917
2026-04-29 05:40:00+00:00,321.1499938964844,321.1499938964844,321.3999938964844,321.1499938964844,321.3999938964844,14483
2026-04-29 05:41:00+00:00,321.20001220703125,321.20001220703125,321.25,321.1000061035156,321.25,8419
2026-04-29 05:42:00+00:00,321.20001220703125,321.20001220703125,321.25,321.20001220703125,321.25,2435
2026-04-29 05:43:00+00:00,321.1000061035156,321.1000061035156,321.25,321.1000061035156,321.20001220703125,8787
2026-04-29 05:44:00+00:00,321.1000061035156,321.1000061035156,321.20001220703125,321.1000061035156,321.20001220703125,3958
2026-04-29 05:45:00+00:00,321.20001220703125,321.20001220703125,321.25,321.1000061035156,321.1499938964844,3666
2026-04-29 05:46:00+00:00,321.3500061035156,321.3500061035156,321.3500061035156,321.1499938964844,321.25,5965
2026-04-29 05:47:00+00:00,321.1499938964844,321.1499938964844,321.3500061035156,321.1499938964844,321.3500061035156,15907
2026-04-29 05:48:00+00:00,321.1499938964844,321.1499938964844,321.20001220703125,321.1499938964844,321.20001220703125,2196
2026-04-29 05:49:00+00:00,321.25,321.25,321.25,321.1499938964844,321.1499938964844,1996
2026-04-29 05:50:00+00:00,321.25,321.25,321.25,321.20001220703125,321.25,4092
2026-04-29 05:51:00+00:00,321.1000061035156,321.1000061035156,321.20001220703125,321.04998779296875,321.20001220703125,14365
2026-04-29 05:52:00+00:00,320.8999938964844,320.8999938964844,321.1000061035156,320.8999938964844,321.1000061035156,53861
2026-04-29 05:53:00+00:00,320.8999938964844,320.8999938964844,320.95001220703125,320.8999938964844,320.8999938964844,14707
2026-04-29 05:54:00+00:00,320.79998779296875,320.79998779296875,320.95001220703125,320.79998779296875,320.79998779296875,11941
2026-04-29 05:55:00+00:00,320.75,320.75,320.8500061035156,320.54998779296875,320.8500061035156,37084
2026-04-29 05:56:00+00:00,321.3999938964844,321.3999938964844,321.3999938964844,320.70001220703125,320.75,64983
2026-04-29 05:57:00+00:00,321.3999938964844,321.3999938964844,321.45001220703125,321.3500061035156,321.3999938964844,34276
2026-04-29 05:58:00+00:00,321.45001220703125,321.45001220703125,321.45001220703125,321.3999938964844,321.45001220703125,1693
2026-04-29 05:59:00+00:00,321.3999938964844,321.3999938964844,321.5,321.3999938964844,321.45001220703125,7966
2026-04-29 06:00:00+00:00,321.45001220703125,321.45001220703125,321.45001220703125,321.3500061035156,321.45001220703125,8528
2026-04-29 06:01:00+00:00,321.5,321.5,321.6000061035156,321.3999938964844,321.3999938964844,9207
2026-04-29 06:02:00+00:00,321.1000061035156,321.1000061035156,321.54998779296875,321.04998779296875,321.54998779296875,30758
2026-04-29 06:03:00+00:00,321.29998779296875,321.29998779296875,321.29998779296875,321.1499938964844,321.1499938964844,3622
2026-04-29 06:04:00+00:00,321.45001220703125,321.45001220703125,321.45001220703125,321.25,321.29998779296875,4453
2026-04-29 06:05:00+00:00,321.45001220703125,321.45001220703125,321.6000061035156,321.3999938964844,321.45001220703125,28632
2026-04-29 06:06:00+00:00,321.3500061035156,321.3500061035156,321.54998779296875,321.29998779296875,321.5,13093
2026-04-29 06:07:00+00:00,321.3500061035156,321.3500061035156,321.45001220703125,321.29998779296875,321.3500061035156,1309
2026-04-29 06:08:00+00:00,321.5,321.5,321.5,321.3500061035156,321.3999938964844,15120
2026-04-29 06:09:00+00:00,321.5,321.5,321.54998779296875,321.5,321.5,16689
2026-04-29 06:10:00+00:00,321.5,321.5,321.54998779296875,321.5,321.54998779296875,6507
2026-04-29 06:11:00+00:00,321.5,321.5,321.54998779296875,321.5,321.5,1461
2026-04-29 06:12:00+00:00,321.6499938964844,321.6499938964844,321.6499938964844,321.5,321.5,35376
2026-04-29 06:13:00+00:00,321.54998779296875,321.54998779296875,321.70001220703125,321.54998779296875,321.6499938964844,2245
2026-04-29 06:14:00+00:00,321.29998779296875,321.29998779296875,321.70001220703125,321.29998779296875,321.54998779296875,16293
2026-04-29 06:15:00+00:00,321.25,321.25,321.3500061035156,321.25,321.3500061035156,6871
2026-04-29 06:16:00+00:00,321.29998779296875,321.29998779296875,321.3500061035156,321.20001220703125,321.25,7398
2026-04-29 06:17:00+00:00,321.25,321.25,321.29998779296875,321.04998779296875,321.29998779296875,88394
2026-04-29 06:18:00+00:00,321.5,321.5,321.5,321.29998779296875,321.29998779296875,15380
2026-04-29 06:19:00+00:00,321.54998779296875,321.54998779296875,321.70001220703125,321.45001220703125,321.5,15214
2026-04-29 06:20:00+00:00,321.6000061035156,321.6000061035156,321.70001220703125,321.54998779296875,321.6000061035156,19761
2026-04-29 06:21:00+00:00,321.6499938964844,321.6499938964844,321.70001220703125,321.6000061035156,321.6499938964844,6972
2026-04-29 06:22:00+00:00,321.6499938964844,321.6499938964844,321.70001220703125,321.6499938964844,321.6499938964844,4342
2026-04-29 06:23:00+00:00,321.6499938964844,321.6499938964844,321.70001220703125,321.6499938964844,321.70001220703125,7965
2026-04-29 06:24:00+00:00,321.75,321.75,321.79998779296875,321.6499938964844,321.70001220703125,23467
2026-04-29 06:25:00+00:00,321.79998779296875,321.79998779296875,321.79998779296875,321.75,321.79998779296875,5252
2026-04-29 06:26:00+00:00,321.75,321.75,321.79998779296875,321.70001220703125,321.79998779296875,20472
2026-04-29 06:27:00+00:00,321.70001220703125,321.70001220703125,321.79998779296875,321.70001220703125,321.75,3713
2026-04-29 06:28:00+00:00,321.79998779296875,321.79998779296875,321.8500061035156,321.70001220703125,321.70001220703125,8530
2026-04-29 06:29:00+00:00,321.95001220703125,321.95001220703125,321.95001220703125,321.79998779296875,321.79998779296875,14673
2026-04-29 06:30:00+00:00,322.0,322.0,322.0,321.95001220703125,322.0,28532
2026-04-29 06:31:00+00:00,321.95001220703125,321.95001220703125,322.0,321.95001220703125,322.0,15463
2026-04-29 06:32:00+00:00,321.95001220703125,321.95001220703125,322.0,321.8999938964844,322.0,22914
2026-04-29 06:33:00+00:00,322.0,322.0,322.0,321.8999938964844,321.95001220703125,3021
2026-04-29 06:34:00+00:00,321.8999938964844,321.8999938964844,321.95001220703125,321.8999938964844,321.8999938964844,6182
2026-04-29 06:35:00+00:00,321.8999938964844,321.8999938964844,321.95001220703125,321.8999938964844,321.95001220703125,4300
2026-04-29 06:36:00+00:00,321.95001220703125,321.95001220703125,321.95001220703125,321.8999938964844,321.95001220703125,3030
2026-04-29 06:37:00+00:00,321.8500061035156,321.8500061035156,321.95001220703125,321.8500061035156,321.95001220703125,9785
2026-04-29 06:38:00+00:00,321.8999938964844,321.8999938964844,321.95001220703125,321.8500061035156,321.8500061035156,5528
2026-04-29 06:39:00+00:00,321.95001220703125,321.95001220703125,322.0,321.8999938964844,321.8999938964844,9797
2026-04-29 06:40:00+00:00,322.0,322.0,322.0,322.0,322.0,63949
2026-04-29 06:41:00+00:00,322.1499938964844,322.1499938964844,322.20001220703125,322.0,322.0,232160
2026-04-29 06:42:00+00:00,322.0,322.0,322.20001220703125,322.0,322.1499938964844,28513
2026-04-29 06:43:00+00:00,322.0,322.0,322.04998779296875,322.0,322.04998779296875,17683
2026-04-29 06:44:00+00:00,322.1000061035156,322.1000061035156,322.1499938964844,322.0,322.0,6799
2026-04-29 06:45:00+00:00,322.1000061035156,322.1000061035156,322.20001220703125,322.1000061035156,322.20001220703125,17329
2026-04-29 06:46:00+00:00,321.79998779296875,321.79998779296875,322.1000061035156,321.79998779296875,322.1000061035156,48369
2026-04-29 06:47:00+00:00,321.8500061035156,321.8500061035156,321.8500061035156,321.75,321.75,6143
2026-04-29 06:48:00+00:00,321.70001220703125,321.70001220703125,321.8999938964844,321.6000061035156,321.8500061035156,72915
2026-04-29 06:49:00+00:00,321.6000061035156,321.6000061035156,321.70001220703125,321.5,321.70001220703125,21621
2026-04-29 06:50:00+00:00,321.5,321.5,321.6000061035156,321.45001220703125,321.6000061035156,26346
2026-04-29 06:51:00+00:00,321.1499938964844,321.1499938964844,321.5,321.1499938964844,321.5,102851
2026-04-29 06:52:00+00:00,321.25,321.25,321.29998779296875,321.04998779296875,321.1000061035156,62217
2026-04-29 06:53:00+00:00,321.20001220703125,321.20001220703125,321.25,321.1000061035156,321.25,23320
2026-04-29 06:54:00+00:00,321.20001220703125,321.20001220703125,321.25,321.20001220703125,321.25,10831
2026-04-29 06:55:00+00:00,321.29998779296875,321.29998779296875,321.29998779296875,321.20001220703125,321.25,850
2026-04-29 06:56:00+00:00,321.25,321.25,321.29998779296875,321.25,321.29998779296875,3440
2026-04-29 06:57:00+00:00,321.25,321.25,321.3500061035156,321.25,321.29998779296875,10127
2026-04-29 06:58:00+00:00,321.0,321.0,321.20001220703125,321.0,321.20001220703125,19743
2026-04-29 06:59:00+00:00,321.04998779296875,321.04998779296875,321.04998779296875,321.0,321.04998779296875,2147
2026-04-29 07:00:00+00:00,321.04998779296875,321.04998779296875,321.1000061035156,321.0,321.04998779296875,3763
2026-04-29 07:01:00+00:00,322.1000061035156,322.1000061035156,322.1499938964844,321.1499938964844,321.1499938964844,157582
2026-04-29 07:02:00+00:00,322.0,322.0,322.1000061035156,322.0,322.1000061035156,63795
2026-04-29 07:03:00+00:00,322.0,322.0,322.04998779296875,322.0,322.04998779296875,6944
2026-04-29 07:04:00+00:00,322.04998779296875,322.04998779296875,322.04998779296875,322.0,322.04998779296875,9129
2026-04-29 07:05:00+00:00,322.0,322.0,322.04998779296875,322.0,322.04998779296875,14760
2026-04-29 07:06:00+00:00,322.0,322.0,322.04998779296875,322.0,322.04998779296875,10204
2026-04-29 07:07:00+00:00,322.0,322.0,322.04998779296875,322.0,322.04998779296875,6452
2026-04-29 07:08:00+00:00,322.0,322.0,322.04998779296875,322.0,322.0,7869
2026-04-29 07:09:00+00:00,322.04998779296875,322.04998779296875,322.04998779296875,322.0,322.04998779296875,12980
2026-04-29 07:10:00+00:00,322.04998779296875,322.04998779296875,322.1000061035156,322.0,322.04998779296875,22122
2026-04-29 07:11:00+00:00,322.0,322.0,322.1000061035156,322.0,322.1000061035156,71821
2026-04-29 07:12:00+00:00,322.04998779296875,322.04998779296875,322.04998779296875,322.0,322.04998779296875,5743
2026-04-29 07:13:00+00:00,322.04998779296875,322.04998779296875,322.04998779296875,322.0,322.04998779296875,40479
2026-04-29 07:14:00+00:00,322.04998779296875,322.04998779296875,322.04998779296875,322.0,322.04998779296875,16083
2026-04-29 07:15:00+00:00,322.0,322.0,322.04998779296875,322.0,322.04998779296875,6286
2026-04-29 07:16:00+00:00,322.0,322.0,322.04998779296875,322.0,322.04998779296875,6205
2026-04-29 07:17:00+00:00,322.0,322.0,322.04998779296875,322.0,322.04998779296875,6128
2026-04-29 07:18:00+00:00,322.04998779296875,322.04998779296875,322.1499938964844,322.0,322.04998779296875,24807
2026-04-29 07:19:00+00:00,322.0,322.0,322.1000061035156,322.0,322.1000061035156,7169
2026-04-29 07:20:00+00:00,322.0,322.0,322.04998779296875,322.0,322.04998779296875,9690
2026-04-29 07:21:00+00:00,322.0,322.0,322.04998779296875,322.0,322.0,18464
2026-04-29 07:22:00+00:00,322.04998779296875,322.04998779296875,322.04998779296875,322.0,322.04998779296875,14151
2026-04-29 07:23:00+00:00,322.0,322.0,322.04998779296875,322.0,322.04998779296875,28125
2026-04-29 07:24:00+00:00,321.75,321.75,322.04998779296875,321.70001220703125,322.04998779296875,124407
2026-04-29 07:25:00+00:00,321.75,321.75,321.79998779296875,321.70001220703125,321.75,4760
2026-04-29 07:26:00+00:00,321.8999938964844,321.8999938964844,321.8999938964844,321.75,321.75,15183
2026-04-29 07:27:00+00:00,321.79998779296875,321.79998779296875,321.8999938964844,321.79998779296875,321.8500061035156,6800
2026-04-29 07:28:00+00:00,321.8999938964844,321.8999938964844,321.95001220703125,321.79998779296875,321.79998779296875,8957
2026-04-29 07:29:00+00:00,321.8999938964844,321.8999938964844,322.0,321.8999938964844,321.8999938964844,4265
2026-04-29 07:30:00+00:00,321.8500061035156,321.8500061035156,322.0,321.8500061035156,322.0,5761
2026-04-29 07:31:00+00:00,321.95001220703125,321.95001220703125,321.95001220703125,321.8500061035156,321.8999938964844,2616
2026-04-29 07:32:00+00:00,321.8999938964844,321.8999938964844,321.95001220703125,321.8500061035156,321.95001220703125,4131
2026-04-29 07:33:00+00:00,321.70001220703125,321.70001220703125,321.8999938964844,321.70001220703125,321.8500061035156,35816
2026-04-29 07:34:00+00:00,322.04998779296875,322.04998779296875,322.1000061035156,321.70001220703125,321.75,176256
2026-04-29 07:35:00+00:00,322.0,322.0,322.04998779296875,322.0,322.04998779296875,20373
2026-04-29 07:36:00+00:00,322.04998779296875,322.04998779296875,322.1499938964844,322.0,322.04998779296875,16941
2026-04-29 07:37:00+00:00,322.1000061035156,322.1000061035156,322.1000061035156,322.04998779296875,322.1000061035156,9517
2026-04-29 07:38:00+00:00,322.1000061035156,322.1000061035156,322.20001220703125,322.04998779296875,322.20001220703125,6918
2026-04-29 07:39:00+00:00,322.04998779296875,322.04998779296875,322.1000061035156,322.0,322.04998779296875,31625
2026-04-29 07:40:00+00:00,322.0,322.0,322.04998779296875,322.0,322.04998779296875,13177
2026-04-29 07:41:00+00:00,322.0,322.0,322.04998779296875,322.0,322.04998779296875,5549
2026-04-29 07:42:00+00:00,322.04998779296875,322.04998779296875,322.04998779296875,322.0,322.0,182908
2026-04-29 07:43:00+00:00,322.04998779296875,322.04998779296875,322.04998779296875,322.0,322.04998779296875,62044
2026-04-29 07:44:00+00:00,322.0,322.0,322.04998779296875,322.0,322.04998779296875,11038
2026-04-29 07:45:00+00:00,321.79998779296875,321.79998779296875,322.04998779296875,321.79998779296875,322.0,83190
2026-04-29 07:46:00+00:00,321.79998779296875,321.79998779296875,321.8500061035156,321.79998779296875,321.8500061035156,5022
2026-04-29 07:47:00+00:00,321.8500061035156,321.8500061035156,321.8500061035156,321.79998779296875,321.8500061035156,23957
2026-04-29 07:48:00+00:00,322.0,322.0,322.0,321.79998779296875,321.8500061035156,27117
2026-04-29 07:49:00+00:00,322.0,322.0,322.0,321.95001220703125,321.95001220703125,2422
2026-04-29 07:50:00+00:00,322.1499938964844,322.1499938964844,322.1499938964844,322.0,322.1000061035156,28847
2026-04-29 07:51:00+00:00,322.25,322.25,322.29998779296875,322.1000061035156,322.25,62294
2026-04-29 07:52:00+00:00,322.29998779296875,322.29998779296875,322.29998779296875,322.1000061035156,322.25,30008
2026-04-29 07:53:00+00:00,322.29998779296875,322.29998779296875,322.29998779296875,322.25,322.29998779296875,11536
2026-04-29 07:54:00+00:00,322.75,322.75,322.79998779296875,322.20001220703125,322.29998779296875,64996
2026-04-29 07:55:00+00:00,322.70001220703125,322.70001220703125,322.79998779296875,322.70001220703125,322.75,32313
2026-04-29 07:56:00+00:00,322.75,322.75,322.8999938964844,322.70001220703125,322.70001220703125,18304
2026-04-29 07:57:00+00:00,322.6499938964844,322.6499938964844,322.8500061035156,322.6499938964844,322.75,38346
2026-04-29 07:58:00+00:00,322.5,322.5,322.70001220703125,322.3999938964844,322.70001220703125,43791
2026-04-29 07:59:00+00:00,322.54998779296875,322.54998779296875,322.54998779296875,322.5,322.54998779296875,15427
2026-04-29 08:00:00+00:00,322.54998779296875,322.54998779296875,322.54998779296875,322.5,322.54998779296875,4900
2026-04-29 08:01:00+00:00,322.6000061035156,322.6000061035156,322.6000061035156,322.5,322.54998779296875,33297
2026-04-29 08:02:00+00:00,322.79998779296875,322.79998779296875,322.79998779296875,322.6000061035156,322.6499938964844,29096
2026-04-29 08:03:00+00:00,322.70001220703125,322.70001220703125,322.8500061035156,322.70001220703125,322.79998779296875,14235
2026-04-29 08:04:00+00:00,322.54998779296875,322.54998779296875,322.70001220703125,322.54998779296875,322.6499938964844,17129
2026-04-29 08:05:00+00:00,322.5,322.5,322.6499938964844,322.5,322.54998779296875,34517
2026-04-29 08:06:00+00:00,322.3500061035156,322.3500061035156,322.5,322.29998779296875,322.5,27246
2026-04-29 08:07:00+00:00,322.20001220703125,322.20001220703125,322.29998779296875,322.1499938964844,322.29998779296875,13180
2026-04-29 08:08:00+00:00,322.6499938964844,322.6499938964844,322.79998779296875,322.25,322.25,69917
2026-04-29 08:09:00+00:00,322.5,322.5,322.6499938964844,322.5,322.6000061035156,13994
2026-04-29 08:10:00+00:00,322.5,322.5,322.6499938964844,322.5,322.6499938964844,28411
2026-04-29 08:11:00+00:00,322.3999938964844,322.3999938964844,322.54998779296875,322.3999938964844,322.54998779296875,22832
2026-04-29 08:12:00+00:00,322.3500061035156,322.3500061035156,322.45001220703125,322.29998779296875,322.45001220703125,27039
2026-04-29 08:13:00+00:00,322.3500061035156,322.3500061035156,322.45001220703125,321.8500061035156,322.3500061035156,144307
2026-04-29 08:14:00+00:00,322.3500061035156,322.3500061035156,322.3999938964844,322.20001220703125,322.3500061035156,8251
2026-04-29 08:15:00+00:00,322.3500061035156,322.3500061035156,322.3999938964844,322.25,322.3500061035156,27905
2026-04-29 08:16:00+00:00,322.45001220703125,322.45001220703125,322.54998779296875,322.29998779296875,322.3500061035156,30874
2026-04-29 08:17:00+00:00,322.8500061035156,322.8500061035156,322.8999938964844,322.5,322.5,30386
2026-04-29 08:18:00+00:00,322.95001220703125,322.95001220703125,323.0,322.79998779296875,322.79998779296875,25582
2026-04-29 08:19:00+00:00,323.45001220703125,323.45001220703125,323.54998779296875,323.0,323.0,100947
2026-04-29 08:20:00+00:00,323.54998779296875,323.54998779296875,323.54998779296875,323.3999938964844,323.54998779296875,26424
2026-04-29 08:21:00+00:00,323.5,323.5,323.6000061035156,323.5,323.54998779296875,10806
2026-04-29 08:22:00+00:00,323.79998779296875,323.79998779296875,323.79998779296875,323.54998779296875,323.6000061035156,37391
2026-04-29 08:23:00+00:00,323.5,323.5,323.6499938964844,323.5,323.6499938964844,34056
2026-04-29 08:24:00+00:00,323.29998779296875,323.29998779296875,323.54998779296875,323.29998779296875,323.54998779296875,59429
2026-04-29 08:25:00+00:00,323.25,323.25,323.45001220703125,323.25,323.45001220703125,36495
2026-04-29 08:26:00+00:00,322.95001220703125,322.95001220703125,323.25,322.95001220703125,323.25,28942
2026-04-29 08:27:00+00:00,322.70001220703125,322.70001220703125,322.8999938964844,322.70001220703125,322.8999938964844,24436
2026-04-29 08:28:00+00:00,322.3999938964844,322.3999938964844,322.5,322.25,322.3500061035156,103957
2026-04-29 08:29:00+00:00,322.25,322.25,322.3999938964844,322.1499938964844,322.3999938964844,20923
2026-04-29 08:30:00+00:00,322.1499938964844,322.1499938964844,322.25,322.1000061035156,322.20001220703125,17914
2026-04-29 08:31:00+00:00,322.1000061035156,322.1000061035156,322.25,322.1000061035156,322.1000061035156,8851
2026-04-29 08:32:00+00:00,322.0,322.0,322.1000061035156,322.0,322.1000061035156,6330
2026-04-29 08:33:00+00:00,321.8999938964844,321.8999938964844,322.04998779296875,321.8999938964844,322.04998779296875,48331
2026-04-29 08:34:00+00:00,321.8999938964844,321.8999938964844,322.0,321.79998779296875,321.95001220703125,61527
2026-04-29 08:35:00+00:00,321.95001220703125,321.95001220703125,322.04998779296875,321.8500061035156,321.95001220703125,12782
2026-04-29 08:36:00+00:00,322.1499938964844,322.1499938964844,322.1499938964844,321.95001220703125,322.0,11113
2026-04-29 08:37:00+00:00,322.04998779296875,322.04998779296875,322.1499938964844,322.04998779296875,322.1000061035156,4820
2026-04-29 08:38:00+00:00,322.1499938964844,322.1499938964844,322.1499938964844,322.04998779296875,322.04998779296875,3733
2026-04-29 08:39:00+00:00,322.04998779296875,322.04998779296875,322.1000061035156,322.04998779296875,322.1000061035156,3510
2026-04-29 08:40:00+00:00,322.0,322.0,322.1000061035156,322.0,322.1000061035156,20082
2026-04-29 08:41:00+00:00,322.1499938964844,322.1499938964844,322.1499938964844,322.0,322.1000061035156,3537
2026-04-29 08:42:00+00:00,322.04998779296875,322.04998779296875,322.1499938964844,322.04998779296875,322.04998779296875,1387
2026-04-29 08:43:00+00:00,321.95001220703125,321.95001220703125,322.1000061035156,321.95001220703125,322.1000061035156,19696
2026-04-29 08:44:00+00:00,321.95001220703125,321.95001220703125,322.04998779296875,321.8999938964844,322.0,51217
2026-04-29 08:45:00+00:00,321.8999938964844,321.8999938964844,321.95001220703125,321.8999938964844,321.95001220703125,2364
2026-04-29 08:46:00+00:00,321.95001220703125,321.95001220703125,321.95001220703125,321.8999938964844,321.95001220703125,7518
2026-04-29 08:47:00+00:00,321.8500061035156,321.8500061035156,321.95001220703125,321.8500061035156,321.95001220703125,39982
2026-04-29 08:48:00+00:00,321.8999938964844,321.8999938964844,321.8999938964844,321.8500061035156,321.8500061035156,5085
2026-04-29 08:49:00+00:00,321.79998779296875,321.79998779296875,321.8999938964844,321.75,321.8999938964844,58236
2026-04-29 08:50:00+00:00,321.75,321.75,321.8500061035156,321.75,321.79998779296875,16289
2026-04-29 08:51:00+00:00,321.6000061035156,321.6000061035156,321.79998779296875,321.6000061035156,321.79998779296875,63717
2026-04-29 08:52:00+00:00,321.5,321.5,321.6499938964844,321.5,321.6499938964844,39781
2026-04-29 08:53:00+00:00,321.75,321.75,321.75,321.54998779296875,321.6000061035156,24416
2026-04-29 08:54:00+00:00,321.8500061035156,321.8500061035156,321.8999938964844,321.75,321.75,14620
2026-04-29 08:55:00+00:00,321.79998779296875,321.79998779296875,321.8999938964844,321.79998779296875,321.8999938964844,13699
2026-04-29 08:56:00+00:00,321.8500061035156,321.8500061035156,321.8500061035156,321.79998779296875,321.8500061035156,1652
2026-04-29 08:57:00+00:00,321.8500061035156,321.8500061035156,321.8999938964844,321.79998779296875,321.8500061035156,8277
2026-04-29 08:58:00+00:00,321.8999938964844,321.8999938964844,321.8999938964844,321.8500061035156,321.8999938964844,9839
2026-04-29 08:59:00+00:00,321.8999938964844,321.8999938964844,321.95001220703125,321.8999938964844,321.8999938964844,6723
2026-04-29 09:00:00+00:00,322.04998779296875,322.04998779296875,322.04998779296875,321.8500061035156,321.8999938964844,45646
2026-04-29 09:01:00+00:00,322.04998779296875,322.04998779296875,322.1000061035156,322.0,322.04998779296875,8541
2026-04-29 09:02:00+00:00,322.04998779296875,322.04998779296875,322.1000061035156,322.04998779296875,322.04998779296875,9857
2026-04-29 09:03:00+00:00,322.04998779296875,322.04998779296875,322.1000061035156,322.04998779296875,322.1000061035156,3350
2026-04-29 09:04:00+00:00,322.25,322.25,322.25,322.04998779296875,322.1000061035156,36486
2026-04-29 09:05:00+00:00,322.04998779296875,322.04998779296875,322.25,322.04998779296875,322.25,27171
2026-04-29 09:06:00+00:00,322.04998779296875,322.04998779296875,322.1000061035156,322.0,322.04998779296875,45592
2026-04-29 09:07:00+00:00,321.8500061035156,321.8500061035156,322.04998779296875,321.8500061035156,322.04998779296875,12879
2026-04-29 09:08:00+00:00,321.8500061035156,321.8500061035156,321.8999938964844,321.8500061035156,321.8999938964844,1675
2026-04-29 09:09:00+00:00,321.95001220703125,321.95001220703125,321.95001220703125,321.8999938964844,321.8999938964844,6676
2026-04-29 09:10:00+00:00,321.95001220703125,321.95001220703125,322.0,321.95001220703125,322.0,4314
2026-04-29 09:11:00+00:00,321.95001220703125,321.95001220703125,322.0,321.95001220703125,321.95001220703125,6179
2026-04-29 09:12:00+00:00,322.0,322.0,322.0,321.8999938964844,321.95001220703125,8907
2026-04-29 09:13:00+00:00,321.8999938964844,321.8999938964844,322.0,321.8999938964844,322.0,10287
2026-04-29 09:14:00+00:00,322.0,322.0,322.0,321.8999938964844,322.0,10812
2026-04-29 09:15:00+00:00,321.8999938964844,321.8999938964844,322.0,321.8999938964844,322.0,7684
2026-04-29 09:16:00+00:00,321.95001220703125,321.95001220703125,322.1000061035156,321.95001220703125,322.0,31379
2026-04-29 09:17:00+00:00,321.8999938964844,321.8999938964844,322.0,321.8500061035156,321.95001220703125,31451
2026-04-29 09:18:00+00:00,321.8500061035156,321.8500061035156,321.8999938964844,321.8500061035156,321.8500061035156,3753
2026-04-29 09:19:00+00:00,321.8500061035156,321.8500061035156,321.8999938964844,321.8500061035156,321.8999938964844,5987
2026-04-29 09:20:00+00:00,321.8500061035156,321.8500061035156,321.8999938964844,321.79998779296875,321.8500061035156,22209
2026-04-29 09:21:00+00:00,321.75,321.75,321.8500061035156,321.75,321.79998779296875,23008
2026-04-29 09:22:00+00:00,322.0,322.0,322.04998779296875,321.75,321.75,63441
2026-04-29 09:23:00+00:00,322.0,322.0,322.04998779296875,322.0,322.0,20017
2026-04-29 09:24:00+00:00,321.8999938964844,321.8999938964844,322.0,321.8500061035156,322.0,24536
2026-04-29 09:25:00+00:00,321.79998779296875,321.79998779296875,321.8999938964844,321.79998779296875,321.8999938964844,29934
2026-04-29 09:26:00+00:00,321.79998779296875,321.79998779296875,321.79998779296875,321.75,321.79998779296875,13890
2026-04-29 09:27:00+00:00,321.8500061035156,321.8500061035156,321.8500061035156,321.75,321.75,6628
2026-04-29 09:28:00+00:00,321.75,321.75,321.8999938964844,321.75,321.8500061035156,44586
2026-04-29 09:29:00+00:00,321.6000061035156,321.6000061035156,321.70001220703125,321.5,321.70001220703125,83190
2026-04-29 09:30:00+00:00,321.3500061035156,321.3500061035156,321.79998779296875,321.29998779296875,321.6000061035156,179961
2026-04-29 09:31:00+00:00,320.79998779296875,320.79998779296875,321.3999938964844,320.75,321.3999938964844,79246
2026-04-29 09:32:00+00:00,320.79998779296875,320.79998779296875,320.8999938964844,320.79998779296875,320.8500061035156,28751
2026-04-29 09:33:00+00:00,320.6499938964844,320.6499938964844,320.8999938964844,320.6499938964844,320.8500061035156,60125
2026-04-29 09:34:00+00:00,320.3500061035156,320.3500061035156,320.6499938964844,320.29998779296875,320.6000061035156,53158
2026-04-29 09:35:00+00:00,320.3500061035156,320.3500061035156,320.45001220703125,320.29998779296875,320.3500061035156,54585
2026-04-29 09:36:00+00:00,320.29998779296875,320.29998779296875,320.45001220703125,320.29998779296875,320.3500061035156,45048
2026-04-29 09:37:00+00:00,320.25,320.25,320.3500061035156,320.25,320.3500061035156,31150
2026-04-29 09:38:00+00:00,320.3999938964844,320.3999938964844,320.3999938964844,320.25,320.25,34413
2026-04-29 09:39:00+00:00,320.54998779296875,320.54998779296875,320.70001220703125,320.3500061035156,320.3999938964844,48911
2026-04-29 09:40:00+00:00,320.6499938964844,320.6499938964844,320.70001220703125,320.54998779296875,320.54998779296875,52837
2026-04-29 09:41:00+00:00,320.45001220703125,320.45001220703125,320.6499938964844,320.45001220703125,320.6000061035156,53093
2026-04-29 09:42:00+00:00,320.45001220703125,320.45001220703125,320.45001220703125,320.3999938964844,320.45001220703125,31938
2026-04-29 09:43:00+00:00,320.45001220703125,320.45001220703125,320.45001220703125,320.45001220703125,320.45001220703125,26731
2026-04-29 09:44:00+00:00,320.3500061035156,320.3500061035156,320.45001220703125,320.3500061035156,320.3999938964844,49632
2026-04-29 09:45:00+00:00,320.25,320.25,320.3500061035156,320.25,320.29998779296875,46687
2026-04-29 09:46:00+00:00,320.25,320.25,320.29998779296875,320.20001220703125,320.29998779296875,36297
2026-04-29 09:47:00+00:00,320.1000061035156,320.1000061035156,320.20001220703125,320.1000061035156,320.1499938964844,42729
2026-04-29 09:48:00+00:00,320.1499938964844,320.1499938964844,320.1499938964844,320.04998779296875,320.1499938964844,57331
2026-04-29 09:49:00+00:00,319.95001220703125,319.95001220703125,320.1499938964844,319.95001220703125,320.1499938964844,62880
2026-04-29 09:50:00+00:00,319.8999938964844,319.8999938964844,319.95001220703125,319.8999938964844,319.8999938964844,31775
2026-04-29 09:51:00+00:00,319.8999938964844,319.8999938964844,319.95001220703125,319.8999938964844,319.8999938964844,46047
2026-04-29 09:52:00+00:00,319.95001220703125,319.95001220703125,319.95001220703125,319.8999938964844,319.8999938964844,27131
2026-04-29 09:53:00+00:00,319.75,319.75,319.95001220703125,319.70001220703125,319.95001220703125,99037
2026-04-29 09:54:00+00:00,319.6000061035156,319.6000061035156,319.75,319.54998779296875,319.75,48558
2026-04-29 09:55:00+00:00,319.6499938964844,319.6499938964844,319.6499938964844,319.54998779296875,319.54998779296875,34593
2026-04-29 09:56:00+00:00,319.8999938964844,319.8999938964844,319.8999938964844,319.6499938964844,319.6499938964844,54842
2026-04-29 09:57:00+00:00,319.70001220703125,319.70001220703125,319.8500061035156,319.6499938964844,319.8500061035156,76153
2026-04-29 09:58:00+00:00,319.6499938964844,319.6499938964844,319.75,319.6499938964844,319.75,50933
2026-04-29 09:59:00+00:00,319.8500061035156,319.8500061035156,320.0,319.70001220703125,319.70001220703125,48302
2026-04-30 03:45:00+00:00,319.25,319.25,319.95001220703125,318.25,319.5,0
2026-04-30 03:46:00+00:00,317.70001220703125,317.70001220703125,319.25,317.70001220703125,319.25,125474
2026-04-30 03:47:00+00:00,318.0,318.0,318.1000061035156,317.75,317.79998779296875,102541
2026-04-30 03:48:00+00:00,318.1499938964844,318.1499938964844,318.3999938964844,318.04998779296875,318.1499938964844,74596
2026-04-30 03:49:00+00:00,317.1499938964844,317.1499938964844,318.3999938964844,317.1499938964844,318.3999938964844,95989
2026-04-30 03:50:00+00:00,316.8999938964844,316.8999938964844,317.1499938964844,316.6000061035156,317.1499938964844,59825
2026-04-30 03:51:00+00:00,317.75,317.75,317.8500061035156,317.25,317.25,77942
2026-04-30 03:52:00+00:00,317.3500061035156,317.3500061035156,317.8500061035156,317.29998779296875,317.79998779296875,47605
2026-04-30 03:53:00+00:00,317.6000061035156,317.6000061035156,317.6499938964844,317.25,317.3500061035156,50057
2026-04-30 03:54:00+00:00,318.3999938964844,318.3999938964844,318.3999938964844,317.6000061035156,317.6000061035156,62679
2026-04-30 03:55:00+00:00,319.3999938964844,319.3999938964844,319.45001220703125,318.5,318.5,91199
2026-04-30 03:56:00+00:00,318.8999938964844,318.8999938964844,319.45001220703125,318.8999938964844,319.45001220703125,80674
2026-04-30 03:57:00+00:00,319.8999938964844,319.8999938964844,319.8999938964844,318.8999938964844,318.8999938964844,33518
2026-04-30 03:58:00+00:00,320.0,320.0,320.25,319.6499938964844,319.8999938964844,38509
2026-04-30 03:59:00+00:00,320.20001220703125,320.20001220703125,320.20001220703125,319.70001220703125,319.8500061035156,36674
2026-04-30 04:00:00+00:00,319.54998779296875,319.54998779296875,320.1499938964844,319.45001220703125,320.04998779296875,46261
2026-04-30 04:01:00+00:00,320.20001220703125,320.20001220703125,320.20001220703125,319.45001220703125,319.5,45271
2026-04-30 04:02:00+00:00,320.20001220703125,320.20001220703125,320.70001220703125,320.1000061035156,320.20001220703125,60172
2026-04-30 04:03:00+00:00,320.5,320.5,320.5,319.8500061035156,319.8999938964844,47564
2026-04-30 04:04:00+00:00,320.5,320.5,320.5,320.3500061035156,320.5,19639
2026-04-30 04:05:00+00:00,320.45001220703125,320.45001220703125,320.70001220703125,320.45001220703125,320.6000061035156,29509
2026-04-30 04:06:00+00:00,320.5,320.5,320.6000061035156,320.1499938964844,320.6000061035156,29589
2026-04-30 04:07:00+00:00,320.6000061035156,320.6000061035156,320.6000061035156,320.45001220703125,320.54998779296875,15847
2026-04-30 04:08:00+00:00,321.0,321.0,321.0,320.6000061035156,320.6000061035156,34975
2026-04-30 04:09:00+00:00,320.8999938964844,320.8999938964844,321.0,320.79998779296875,320.8999938964844,19071
2026-04-30 04:10:00+00:00,320.8500061035156,320.8500061035156,320.8999938964844,320.70001220703125,320.79998779296875,23102
2026-04-30 04:11:00+00:00,320.75,320.75,320.8500061035156,320.75,320.75,13314
2026-04-30 04:12:00+00:00,320.8500061035156,320.8500061035156,320.8500061035156,320.75,320.75,23424
2026-04-30 04:13:00+00:00,320.45001220703125,320.45001220703125,320.8500061035156,320.45001220703125,320.8500061035156,26649
2026-04-30 04:14:00+00:00,320.3500061035156,320.3500061035156,320.5,320.29998779296875,320.5,20086
2026-04-30 04:15:00+00:00,320.3500061035156,320.3500061035156,320.6499938964844,320.29998779296875,320.6499938964844,20711
2026-04-30 04:16:00+00:00,320.6000061035156,320.6000061035156,320.75,320.29998779296875,320.3500061035156,16708
2026-04-30 04:17:00+00:00,320.25,320.25,320.54998779296875,320.25,320.54998779296875,25168
2026-04-30 04:18:00+00:00,320.0,320.0,320.1499938964844,319.95001220703125,320.1499938964844,17409
2026-04-30 04:19:00+00:00,320.5,320.5,320.5,319.8500061035156,319.8500061035156,31619
2026-04-30 04:20:00+00:00,320.8999938964844,320.8999938964844,320.95001220703125,320.54998779296875,320.70001220703125,14106
2026-04-30 04:21:00+00:00,320.5,320.5,320.8999938964844,320.5,320.8999938964844,32899
2026-04-30 04:22:00+00:00,320.75,320.75,320.8500061035156,320.3500061035156,320.79998779296875,29367
2026-04-30 04:23:00+00:00,320.3500061035156,320.3500061035156,320.54998779296875,320.3500061035156,320.5,12166
2026-04-30 04:24:00+00:00,320.25,320.25,320.3500061035156,320.1000061035156,320.3500061035156,19435
2026-04-30 04:25:00+00:00,320.3999938964844,320.3999938964844,320.3999938964844,320.1000061035156,320.25,6755
2026-04-30 04:26:00+00:00,320.54998779296875,320.54998779296875,320.6000061035156,320.29998779296875,320.29998779296875,9700
2026-04-30 04:27:00+00:00,320.25,320.25,320.54998779296875,320.20001220703125,320.54998779296875,24717
2026-04-30 04:28:00+00:00,320.25,320.25,320.29998779296875,320.1499938964844,320.25,10165
2026-04-30 04:29:00+00:00,320.3999938964844,320.3999938964844,320.3999938964844,320.20001220703125,320.20001220703125,8404
2026-04-30 04:30:00+00:00,319.75,319.75,320.3500061035156,319.75,320.3500061035156,21955
2026-04-30 04:31:00+00:00,319.6499938964844,319.6499938964844,319.6499938964844,319.54998779296875,319.6499938964844,12048
2026-04-30 04:32:00+00:00,319.6000061035156,319.6000061035156,319.75,319.54998779296875,319.6499938964844,14845
2026-04-30 04:33:00+00:00,319.6000061035156,319.6000061035156,319.6499938964844,319.54998779296875,319.6000061035156,8042
2026-04-30 04:34:00+00:00,319.25,319.25,319.6000061035156,319.20001220703125,319.6000061035156,23045
2026-04-30 04:35:00+00:00,319.54998779296875,319.54998779296875,319.54998779296875,319.25,319.25,18748
2026-04-30 04:36:00+00:00,319.04998779296875,319.04998779296875,319.6000061035156,319.04998779296875,319.6000061035156,63499
2026-04-30 04:37:00+00:00,317.75,317.75,319.1499938964844,317.6499938964844,319.1499938964844,347887
2026-04-30 04:38:00+00:00,318.0,318.0,318.0,317.79998779296875,317.8500061035156,11579
2026-04-30 04:39:00+00:00,317.20001220703125,317.20001220703125,318.0,317.20001220703125,318.0,37054
2026-04-30 04:40:00+00:00,316.8999938964844,316.8999938964844,317.3500061035156,316.8999938964844,317.20001220703125,49546
2026-04-30 04:41:00+00:00,316.79998779296875,316.79998779296875,317.04998779296875,316.79998779296875,316.8999938964844,21122
2026-04-30 04:42:00+00:00,317.0,317.0,317.04998779296875,316.8500061035156,316.8500061035156,28162
2026-04-30 04:43:00+00:00,316.95001220703125,316.95001220703125,317.25,316.95001220703125,317.1499938964844,19615
2026-04-30 04:44:00+00:00,317.1499938964844,317.1499938964844,317.1499938964844,316.8999938964844,316.8999938964844,25217
2026-04-30 04:45:00+00:00,317.20001220703125,317.20001220703125,317.20001220703125,317.04998779296875,317.04998779296875,19533
2026-04-30 04:46:00+00:00,317.0,317.0,317.20001220703125,317.0,317.1499938964844,41280
2026-04-30 04:47:00+00:00,316.6000061035156,316.6000061035156,316.75,316.45001220703125,316.75,30795
2026-04-30 04:48:00+00:00,316.6000061035156,316.6000061035156,316.6000061035156,316.25,316.45001220703125,17296
2026-04-30 04:49:00+00:00,317.1000061035156,317.1000061035156,317.1000061035156,316.54998779296875,316.54998779296875,15932
2026-04-30 04:50:00+00:00,317.3999938964844,317.3999938964844,317.3999938964844,316.95001220703125,317.1499938964844,20747
2026-04-30 04:51:00+00:00,317.3999938964844,317.3999938964844,317.6499938964844,317.29998779296875,317.3999938964844,10855
2026-04-30 04:52:00+00:00,317.20001220703125,317.20001220703125,317.3999938964844,317.1000061035156,317.3999938964844,23972
2026-04-30 04:53:00+00:00,317.25,317.25,317.29998779296875,317.1499938964844,317.29998779296875,6408
2026-04-30 04:54:00+00:00,317.25,317.25,317.29998779296875,317.1499938964844,317.20001220703125,13093
2026-04-30 04:55:00+00:00,317.3999938964844,317.3999938964844,317.3999938964844,317.29998779296875,317.29998779296875,7051
2026-04-30 04:56:00+00:00,317.25,317.25,317.3999938964844,317.20001220703125,317.25,7764
2026-04-30 04:57:00+00:00,317.3500061035156,317.3500061035156,317.3500061035156,317.25,317.25,7365
2026-04-30 04:58:00+00:00,317.04998779296875,317.04998779296875,317.5,317.04998779296875,317.5,34750
2026-04-30 04:59:00+00:00,317.29998779296875,317.29998779296875,317.3500061035156,317.04998779296875,317.1499938964844,8131
2026-04-30 05:00:00+00:00,317.3999938964844,317.3999938964844,317.45001220703125,317.25,317.25,8120
2026-04-30 05:01:00+00:00,317.3999938964844,317.3999938964844,317.45001220703125,317.3500061035156,317.45001220703125,4852
2026-04-30 05:02:00+00:00,317.25,317.25,317.45001220703125,317.25,317.45001220703125,57707
2026-04-30 05:03:00+00:00,317.25,317.25,317.29998779296875,317.1000061035156,317.1000061035156,115876
2026-04-30 05:04:00+00:00,316.95001220703125,316.95001220703125,317.20001220703125,316.8500061035156,317.20001220703125,12518
2026-04-30 05:05:00+00:00,317.3500061035156,317.3500061035156,317.3500061035156,316.8999938964844,316.95001220703125,15118
2026-04-30 05:06:00+00:00,317.3500061035156,317.3500061035156,317.3500061035156,317.25,317.29998779296875,5407
2026-04-30 05:07:00+00:00,317.29998779296875,317.29998779296875,317.3500061035156,317.25,317.3500061035156,8772
2026-04-30 05:08:00+00:00,316.8500061035156,316.8500061035156,317.25,316.8500061035156,317.25,19945
2026-04-30 05:09:00+00:00,317.1499938964844,317.1499938964844,317.1499938964844,316.8500061035156,316.95001220703125,15268
2026-04-30 05:10:00+00:00,317.3500061035156,317.3500061035156,317.3500061035156,317.1000061035156,317.20001220703125,7701
2026-04-30 05:11:00+00:00,317.3500061035156,317.3500061035156,317.3999938964844,317.29998779296875,317.29998779296875,7936
2026-04-30 05:12:00+00:00,317.1000061035156,317.1000061035156,317.25,317.0,317.25,9368
2026-04-30 05:13:00+00:00,317.04998779296875,317.04998779296875,317.04998779296875,316.95001220703125,317.04998779296875,16143
2026-04-30 05:14:00+00:00,317.3500061035156,317.3500061035156,317.3500061035156,317.1499938964844,317.1499938964844,13083
2026-04-30 05:15:00+00:00,317.25,317.25,317.45001220703125,317.0,317.45001220703125,40273
2026-04-30 05:16:00+00:00,317.1499938964844,317.1499938964844,317.25,317.1499938964844,317.25,8968
2026-04-30 05:17:00+00:00,316.8999938964844,316.8999938964844,317.1499938964844,316.79998779296875,317.1499938964844,11264
2026-04-30 05:18:00+00:00,317.1499938964844,317.1499938964844,317.1499938964844,316.8999938964844,316.8999938964844,7272
2026-04-30 05:19:00+00:00,317.20001220703125,317.20001220703125,317.29998779296875,317.1000061035156,317.1000061035156,12369
2026-04-30 05:20:00+00:00,317.04998779296875,317.04998779296875,317.20001220703125,316.8999938964844,317.20001220703125,15110
2026-04-30 05:21:00+00:00,317.1499938964844,317.1499938964844,317.1499938964844,317.0,317.0,11675
2026-04-30 05:22:00+00:00,317.04998779296875,317.04998779296875,317.1499938964844,317.04998779296875,317.04998779296875,5000
2026-04-30 05:23:00+00:00,317.0,317.0,317.20001220703125,317.0,317.1499938964844,9250
2026-04-30 05:24:00+00:00,316.95001220703125,316.95001220703125,317.04998779296875,316.95001220703125,317.0,6661
2026-04-30 05:25:00+00:00,316.5,316.5,317.04998779296875,316.5,317.0,119947
2026-04-30 05:26:00+00:00,316.75,316.75,317.0,316.70001220703125,316.79998779296875,16557
2026-04-30 05:27:00+00:00,317.0,317.0,317.0,316.6499938964844,316.6499938964844,8774
2026-04-30 05:28:00+00:00,316.79998779296875,316.79998779296875,317.1499938964844,316.79998779296875,316.95001220703125,37573
2026-04-30 05:29:00+00:00,316.3500061035156,316.3500061035156,316.79998779296875,316.25,316.79998779296875,44759
2026-04-30 05:30:00+00:00,316.6000061035156,316.6000061035156,316.6000061035156,316.25,316.3999938964844,31971
2026-04-30 05:31:00+00:00,316.75,316.75,316.75,316.54998779296875,316.6499938964844,2349
2026-04-30 05:32:00+00:00,316.8999938964844,316.8999938964844,316.8999938964844,316.75,316.75,5900
2026-04-30 05:33:00+00:00,316.6000061035156,316.6000061035156,317.0,316.6000061035156,316.8999938964844,19271
2026-04-30 05:34:00+00:00,316.6000061035156,316.6000061035156,316.6499938964844,316.29998779296875,316.54998779296875,15280
2026-04-30 05:35:00+00:00,316.79998779296875,316.79998779296875,316.79998779296875,316.5,316.54998779296875,7430
2026-04-30 05:36:00+00:00,316.6000061035156,316.6000061035156,316.79998779296875,316.54998779296875,316.75,7888
2026-04-30 05:37:00+00:00,316.45001220703125,316.45001220703125,316.6000061035156,316.45001220703125,316.5,5355
2026-04-30 05:38:00+00:00,316.5,316.5,316.5,316.25,316.45001220703125,16441
2026-04-30 05:39:00+00:00,316.8500061035156,316.8500061035156,316.8500061035156,316.5,316.5,3609
2026-04-30 05:40:00+00:00,316.45001220703125,316.45001220703125,316.79998779296875,316.3500061035156,316.79998779296875,17402
2026-04-30 05:41:00+00:00,316.3500061035156,316.3500061035156,316.3999938964844,316.29998779296875,316.3999938964844,10504
2026-04-30 05:42:00+00:00,316.29998779296875,316.29998779296875,316.3500061035156,316.25,316.29998779296875,8741
2026-04-30 05:43:00+00:00,316.3500061035156,316.3500061035156,316.45001220703125,316.29998779296875,316.29998779296875,7862
2026-04-30 05:44:00+00:00,316.29998779296875,316.29998779296875,316.3999938964844,316.25,316.3999938964844,7417
2026-04-30 05:45:00+00:00,316.3500061035156,316.3500061035156,316.3500061035156,316.1000061035156,316.25,21659
2026-04-30 05:46:00+00:00,316.25,316.25,316.29998779296875,316.20001220703125,316.29998779296875,11463
2026-04-30 05:47:00+00:00,316.3500061035156,316.3500061035156,316.3500061035156,316.20001220703125,316.20001220703125,7156
2026-04-30 05:48:00+00:00,316.1499938964844,316.1499938964844,316.45001220703125,316.04998779296875,316.3500061035156,26748
2026-04-30 05:49:00+00:00,316.25,316.25,316.25,316.04998779296875,316.04998779296875,8240
2026-04-30 05:50:00+00:00,316.20001220703125,316.20001220703125,316.29998779296875,316.04998779296875,316.25,4164
2026-04-30 05:51:00+00:00,316.20001220703125,316.20001220703125,316.20001220703125,316.1000061035156,316.1499938964844,10289
2026-04-30 05:52:00+00:00,316.29998779296875,316.29998779296875,316.29998779296875,316.20001220703125,316.29998779296875,4562
2026-04-30 05:53:00+00:00,316.45001220703125,316.45001220703125,316.5,316.20001220703125,316.29998779296875,7892
2026-04-30 05:54:00+00:00,316.70001220703125,316.70001220703125,316.70001220703125,316.45001220703125,316.5,13743
2026-04-30 05:55:00+00:00,317.1499938964844,317.1499938964844,317.1499938964844,316.70001220703125,316.79998779296875,15986
2026-04-30 05:56:00+00:00,317.20001220703125,317.20001220703125,317.29998779296875,317.04998779296875,317.04998779296875,13759
2026-04-30 05:57:00+00:00,317.29998779296875,317.29998779296875,317.29998779296875,317.25,317.29998779296875,4656
2026-04-30 05:58:00+00:00,316.8999938964844,316.8999938964844,317.20001220703125,316.8999938964844,317.20001220703125,21099
2026-04-30 05:59:00+00:00,316.95001220703125,316.95001220703125,317.0,316.8500061035156,317.0,19516
2026-04-30 06:00:00+00:00,317.0,317.0,317.04998779296875,316.79998779296875,317.04998779296875,9352
2026-04-30 06:01:00+00:00,316.75,316.75,316.8999938964844,316.70001220703125,316.79998779296875,14701
2026-04-30 06:02:00+00:00,316.70001220703125,316.70001220703125,316.8500061035156,316.70001220703125,316.75,9961
2026-04-30 06:03:00+00:00,317.04998779296875,317.04998779296875,317.04998779296875,316.6000061035156,316.70001220703125,21829
2026-04-30 06:04:00+00:00,317.04998779296875,317.04998779296875,317.04998779296875,316.95001220703125,317.0,3923
2026-04-30 06:05:00+00:00,317.20001220703125,317.20001220703125,317.20001220703125,316.79998779296875,316.8999938964844,8667
2026-04-30 06:06:00+00:00,317.25,317.25,317.29998779296875,317.1000061035156,317.1000061035156,7814
2026-04-30 06:07:00+00:00,317.1000061035156,317.1000061035156,317.25,317.1000061035156,317.20001220703125,17486
2026-04-30 06:08:00+00:00,317.1000061035156,317.1000061035156,317.1499938964844,317.0,317.1499938964844,3986
2026-04-30 06:09:00+00:00,317.1000061035156,317.1000061035156,317.1000061035156,316.79998779296875,317.0,11259
2026-04-30 06:10:00+00:00,316.79998779296875,316.79998779296875,317.1000061035156,316.75,317.04998779296875,10323
2026-04-30 06:11:00+00:00,316.8999938964844,316.8999938964844,316.8999938964844,316.75,316.8999938964844,5058
2026-04-30 06:12:00+00:00,317.04998779296875,317.04998779296875,317.04998779296875,316.79998779296875,316.8999938964844,9904
2026-04-30 06:13:00+00:00,317.04998779296875,317.04998779296875,317.04998779296875,316.8999938964844,317.04998779296875,3181
2026-04-30 06:14:00+00:00,316.95001220703125,316.95001220703125,317.04998779296875,316.8999938964844,317.04998779296875,5010
2026-04-30 06:15:00+00:00,316.70001220703125,316.70001220703125,316.8999938964844,316.6000061035156,316.79998779296875,6905
2026-04-30 06:16:00+00:00,316.79998779296875,316.79998779296875,316.79998779296875,316.70001220703125,316.70001220703125,9814
2026-04-30 06:17:00+00:00,316.79998779296875,316.79998779296875,316.79998779296875,316.75,316.79998779296875,7884
2026-04-30 06:18:00+00:00,316.79998779296875,316.79998779296875,316.79998779296875,316.70001220703125,316.79998779296875,8739
2026-04-30 06:19:00+00:00,316.6499938964844,316.6499938964844,316.79998779296875,316.6499938964844,316.70001220703125,7336
2026-04-30 06:20:00+00:00,316.70001220703125,316.70001220703125,316.75,316.6499938964844,316.75,6896
2026-04-30 06:21:00+00:00,316.70001220703125,316.70001220703125,316.70001220703125,316.6000061035156,316.6000061035156,6348
2026-04-30 06:22:00+00:00,316.70001220703125,316.70001220703125,316.70001220703125,316.3999938964844,316.70001220703125,10795
2026-04-30 06:23:00+00:00,316.54998779296875,316.54998779296875,316.6499938964844,316.54998779296875,316.6499938964844,3422
2026-04-30 06:24:00+00:00,316.6000061035156,316.6000061035156,316.6499938964844,316.54998779296875,316.6499938964844,10845
2026-04-30 06:25:00+00:00,316.70001220703125,316.70001220703125,316.70001220703125,316.6000061035156,316.6499938964844,4333
2026-04-30 06:26:00+00:00,316.6499938964844,316.6499938964844,316.70001220703125,316.6499938964844,316.6499938964844,6365
2026-04-30 06:27:00+00:00,316.95001220703125,316.95001220703125,316.95001220703125,316.6499938964844,316.70001220703125,10667
2026-04-30 06:28:00+00:00,316.8500061035156,316.8500061035156,316.8999938964844,316.8500061035156,316.8999938964844,7674
2026-04-30 06:29:00+00:00,316.70001220703125,316.70001220703125,316.95001220703125,316.70001220703125,316.95001220703125,21907
2026-04-30 06:30:00+00:00,316.29998779296875,316.29998779296875,316.5,316.29998779296875,316.3999938964844,9543
2026-04-30 06:31:00+00:00,316.8500061035156,316.8500061035156,316.95001220703125,316.3999938964844,316.3999938964844,94418
2026-04-30 06:32:00+00:00,316.8999938964844,316.8999938964844,316.8999938964844,316.6000061035156,316.70001220703125,8854
2026-04-30 06:33:00+00:00,316.8500061035156,316.8500061035156,316.8999938964844,316.8500061035156,316.8999938964844,5839
2026-04-30 06:34:00+00:00,317.0,317.0,317.04998779296875,316.8999938964844,316.95001220703125,8160
2026-04-30 06:35:00+00:00,317.1000061035156,317.1000061035156,317.1000061035156,316.95001220703125,317.0,4463
2026-04-30 06:36:00+00:00,317.1000061035156,317.1000061035156,317.1000061035156,317.04998779296875,317.04998779296875,12273
2026-04-30 06:37:00+00:00,317.29998779296875,317.29998779296875,317.29998779296875,317.1000061035156,317.1000061035156,20680
2026-04-30 06:38:00+00:00,317.1000061035156,317.1000061035156,317.25,317.1000061035156,317.25,11483
2026-04-30 06:39:00+00:00,317.1000061035156,317.1000061035156,317.1499938964844,317.04998779296875,317.1499938964844,6566
2026-04-30 06:40:00+00:00,317.04998779296875,317.04998779296875,317.1499938964844,317.04998779296875,317.1000061035156,8392
2026-04-30 06:41:00+00:00,317.1000061035156,317.1000061035156,317.1000061035156,317.04998779296875,317.04998779296875,4622
2026-04-30 06:42:00+00:00,317.0,317.0,317.1000061035156,317.0,317.1000061035156,7026
2026-04-30 06:43:00+00:00,317.1499938964844,317.1499938964844,317.1499938964844,317.0,317.1000061035156,8575
2026-04-30 06:44:00+00:00,317.3999938964844,317.3999938964844,317.3999938964844,317.0,317.0,10527
2026-04-30 06:45:00+00:00,317.3500061035156,317.3500061035156,317.54998779296875,317.3500061035156,317.54998779296875,27003
2026-04-30 06:46:00+00:00,317.25,317.25,317.3999938964844,317.25,317.3500061035156,8192
2026-04-30 06:47:00+00:00,316.75,316.75,317.25,316.75,317.25,3078
2026-04-30 06:48:00+00:00,317.0,317.0,317.04998779296875,316.75,316.8999938964844,9295
2026-04-30 06:49:00+00:00,317.04998779296875,317.04998779296875,317.04998779296875,316.8999938964844,316.8999938964844,4958
2026-04-30 06:50:00+00:00,316.6499938964844,316.6499938964844,317.04998779296875,316.6499938964844,316.8999938964844,7189
2026-04-30 06:51:00+00:00,316.8500061035156,316.8500061035156,316.8999938964844,316.6000061035156,316.6000061035156,7728
2026-04-30 06:52:00+00:00,316.79998779296875,316.79998779296875,316.8999938964844,316.79998779296875,316.8999938964844,6710
2026-04-30 06:53:00+00:00,317.0,317.0,317.04998779296875,316.79998779296875,316.79998779296875,10959
2026-04-30 06:54:00+00:00,317.0,317.0,317.04998779296875,317.0,317.04998779296875,5785
2026-04-30 06:55:00+00:00,316.8999938964844,316.8999938964844,317.04998779296875,316.8999938964844,317.0,8325
2026-04-30 06:56:00+00:00,316.79998779296875,316.79998779296875,317.0,316.79998779296875,316.8999938964844,13868
2026-04-30 06:57:00+00:00,316.79998779296875,316.79998779296875,316.8999938964844,316.79998779296875,316.79998779296875,4459
2026-04-30 06:58:00+00:00,316.8999938964844,316.8999938964844,317.0,316.75,316.79998779296875,11066
2026-04-30 06:59:00+00:00,317.25,317.25,317.25,316.95001220703125,316.95001220703125,10022
2026-04-30 07:00:00+00:00,317.20001220703125,317.20001220703125,317.25,317.1499938964844,317.25,10937
2026-04-30 07:01:00+00:00,316.95001220703125,316.95001220703125,317.1499938964844,316.8999938964844,317.1499938964844,22730
2026-04-30 07:02:00+00:00,316.75,316.75,316.95001220703125,316.75,316.95001220703125,27290
2026-04-30 07:03:00+00:00,316.6499938964844,316.6499938964844,316.75,316.6499938964844,316.75,5038
2026-04-30 07:04:00+00:00,316.6000061035156,316.6000061035156,316.75,316.6000061035156,316.75,5526
2026-04-30 07:05:00+00:00,316.3500061035156,316.3500061035156,316.70001220703125,316.25,316.70001220703125,12124
2026-04-30 07:06:00+00:00,316.25,316.25,316.3500061035156,316.25,316.3500061035156,8273
2026-04-30 07:07:00+00:00,316.25,316.25,316.29998779296875,316.1499938964844,316.25,8477
2026-04-30 07:08:00+00:00,316.3500061035156,316.3500061035156,316.5,316.25,316.25,11789
2026-04-30 07:09:00+00:00,316.45001220703125,316.45001220703125,316.54998779296875,316.45001220703125,316.45001220703125,5039
2026-04-30 07:10:00+00:00,316.29998779296875,316.29998779296875,316.5,316.29998779296875,316.3500061035156,9093
2026-04-30 07:11:00+00:00,316.3999938964844,316.3999938964844,316.45001220703125,316.29998779296875,316.29998779296875,7105
2026-04-30 07:12:00+00:00,316.54998779296875,316.54998779296875,316.6000061035156,316.29998779296875,316.29998779296875,11353
2026-04-30 07:13:00+00:00,316.5,316.5,316.6000061035156,316.3999938964844,316.54998779296875,15047
2026-04-30 07:14:00+00:00,316.54998779296875,316.54998779296875,316.6000061035156,316.54998779296875,316.6000061035156,6890
2026-04-30 07:15:00+00:00,316.70001220703125,316.70001220703125,316.75,316.6000061035156,316.6000061035156,8613
2026-04-30 07:16:00+00:00,316.8500061035156,316.8500061035156,316.8500061035156,316.6499938964844,316.6499938964844,5867
2026-04-30 07:17:00+00:00,316.70001220703125,316.70001220703125,317.0,316.70001220703125,317.0,18638
2026-04-30 07:18:00+00:00,316.70001220703125,316.70001220703125,316.75,316.70001220703125,316.75,3408
2026-04-30 07:19:00+00:00,316.79998779296875,316.79998779296875,316.79998779296875,316.70001220703125,316.75,3536
2026-04-30 07:20:00+00:00,316.6499938964844,316.6499938964844,316.79998779296875,316.6499938964844,316.79998779296875,4237
2026-04-30 07:21:00+00:00,316.6499938964844,316.6499938964844,316.70001220703125,316.6499938964844,316.6499938964844,3232
2026-04-30 07:22:00+00:00,316.6000061035156,316.6000061035156,316.70001220703125,316.6000061035156,316.6499938964844,22280
2026-04-30 07:23:00+00:00,316.54998779296875,316.54998779296875,316.6000061035156,316.54998779296875,316.6000061035156,16572
2026-04-30 07:24:00+00:00,316.6499938964844,316.6499938964844,316.6499938964844,316.5,316.54998779296875,7612
2026-04-30 07:25:00+00:00,316.6000061035156,316.6000061035156,316.6000061035156,316.54998779296875,316.6000061035156,1603
2026-04-30 07:26:00+00:00,316.54998779296875,316.54998779296875,316.6499938964844,316.54998779296875,316.6000061035156,4671
2026-04-30 07:27:00+00:00,316.70001220703125,316.70001220703125,316.79998779296875,316.6499938964844,316.6499938964844,9012
2026-04-30 07:28:00+00:00,316.70001220703125,316.70001220703125,316.70001220703125,316.6000061035156,316.70001220703125,5850
2026-04-30 07:29:00+00:00,316.6499938964844,316.6499938964844,316.70001220703125,316.6499938964844,316.70001220703125,3958
2026-04-30 07:30:00+00:00,316.70001220703125,316.70001220703125,316.8500061035156,316.6499938964844,316.70001220703125,3309
2026-04-30 07:31:00+00:00,316.8500061035156,316.8500061035156,316.8500061035156,316.70001220703125,316.70001220703125,2727
2026-04-30 07:32:00+00:00,316.6499938964844,316.6499938964844,316.8999938964844,316.6000061035156,316.8500061035156,16629
2026-04-30 07:33:00+00:00,316.5,316.5,316.6499938964844,316.5,316.6499938964844,6197
2026-04-30 07:34:00+00:00,316.54998779296875,316.54998779296875,316.54998779296875,316.5,316.54998779296875,2089
2026-04-30 07:35:00+00:00,316.29998779296875,316.29998779296875,316.45001220703125,316.20001220703125,316.45001220703125,11395
2026-04-30 07:36:00+00:00,316.5,316.5,316.6499938964844,316.25,316.25,14566
2026-04-30 07:37:00+00:00,316.6000061035156,316.6000061035156,316.70001220703125,316.5,316.5,1673
2026-04-30 07:38:00+00:00,316.6499938964844,316.6499938964844,316.8500061035156,316.6499938964844,316.70001220703125,39691
2026-04-30 07:39:00+00:00,316.75,316.75,316.79998779296875,316.6499938964844,316.70001220703125,2996
2026-04-30 07:40:00+00:00,316.79998779296875,316.79998779296875,316.79998779296875,316.70001220703125,316.75,3839
2026-04-30 07:41:00+00:00,317.04998779296875,317.04998779296875,317.04998779296875,316.75,316.75,8004
2026-04-30 07:42:00+00:00,316.8999938964844,316.8999938964844,316.95001220703125,316.8500061035156,316.95001220703125,6926
2026-04-30 07:43:00+00:00,317.0,317.0,317.0,316.8999938964844,316.95001220703125,3921
2026-04-30 07:44:00+00:00,317.0,317.0,317.20001220703125,317.0,317.0,17417
2026-04-30 07:45:00+00:00,317.0,317.0,317.20001220703125,316.8500061035156,317.20001220703125,19036
2026-04-30 07:46:00+00:00,316.95001220703125,316.95001220703125,317.20001220703125,316.95001220703125,317.1000061035156,15821
2026-04-30 07:47:00+00:00,316.8500061035156,316.8500061035156,317.0,316.8500061035156,316.8500061035156,4828
2026-04-30 07:48:00+00:00,316.8500061035156,316.8500061035156,317.04998779296875,316.8500061035156,316.8500061035156,3881
2026-04-30 07:49:00+00:00,316.79998779296875,316.79998779296875,316.8999938964844,316.79998779296875,316.8500061035156,4222
2026-04-30 07:50:00+00:00,316.8999938964844,316.8999938964844,316.8999938964844,316.79998779296875,316.79998779296875,3762
2026-04-30 07:51:00+00:00,316.8500061035156,316.8500061035156,316.8999938964844,316.79998779296875,316.79998779296875,4583
2026-04-30 07:52:00+00:00,316.8500061035156,316.8500061035156,316.8999938964844,316.8500061035156,316.8500061035156,5417
2026-04-30 07:53:00+00:00,317.25,317.25,317.25,316.8500061035156,316.8999938964844,6104
2026-04-30 07:54:00+00:00,317.04998779296875,317.04998779296875,317.29998779296875,317.04998779296875,317.25,18956
2026-04-30 07:55:00+00:00,317.1000061035156,317.1000061035156,317.20001220703125,316.95001220703125,317.20001220703125,4087
2026-04-30 07:56:00+00:00,317.1000061035156,317.1000061035156,317.1000061035156,317.04998779296875,317.1000061035156,8640
2026-04-30 07:57:00+00:00,317.1499938964844,317.1499938964844,317.3999938964844,317.1499938964844,317.20001220703125,20060
2026-04-30 07:58:00+00:00,317.25,317.25,317.3500061035156,317.25,317.25,4095
2026-04-30 07:59:00+00:00,317.45001220703125,317.45001220703125,317.5,317.3999938964844,317.3999938964844,15611
2026-04-30 08:00:00+00:00,317.70001220703125,317.70001220703125,317.70001220703125,317.5,317.5,26267
2026-04-30 08:01:00+00:00,317.6499938964844,317.6499938964844,317.70001220703125,317.6499938964844,317.70001220703125,3764
2026-04-30 08:02:00+00:00,317.6499938964844,317.6499938964844,317.70001220703125,317.6499938964844,317.6499938964844,4385
2026-04-30 08:03:00+00:00,317.5,317.5,317.6499938964844,317.3999938964844,317.6499938964844,16562
2026-04-30 08:04:00+00:00,317.45001220703125,317.45001220703125,317.6499938964844,317.45001220703125,317.54998779296875,2523
2026-04-30 08:05:00+00:00,317.75,317.75,317.8999938964844,317.45001220703125,317.45001220703125,22988
2026-04-30 08:06:00+00:00,317.70001220703125,317.70001220703125,317.8500061035156,317.5,317.79998779296875,34398
2026-04-30 08:07:00+00:00,317.79998779296875,317.79998779296875,317.8500061035156,317.6000061035156,317.79998779296875,7868
2026-04-30 08:08:00+00:00,317.8999938964844,317.8999938964844,317.8999938964844,317.75,317.75,7729
2026-04-30 08:09:00+00:00,317.5,317.5,317.8500061035156,317.5,317.8500061035156,11312
2026-04-30 08:10:00+00:00,317.3999938964844,317.3999938964844,317.79998779296875,317.3999938964844,317.5,15931
2026-04-30 08:11:00+00:00,317.79998779296875,317.79998779296875,317.8500061035156,317.6000061035156,317.8500061035156,6453
2026-04-30 08:12:00+00:00,317.70001220703125,317.70001220703125,317.79998779296875,317.70001220703125,317.75,1864
2026-04-30 08:13:00+00:00,317.75,317.75,317.8999938964844,317.70001220703125,317.79998779296875,13044
2026-04-30 08:14:00+00:00,318.0,318.0,318.0,317.79998779296875,317.79998779296875,14986
2026-04-30 08:15:00+00:00,317.6499938964844,317.6499938964844,318.0,317.6000061035156,318.0,48253
2026-04-30 08:16:00+00:00,317.3500061035156,317.3500061035156,317.6499938964844,317.3500061035156,317.6499938964844,14797
2026-04-30 08:17:00+00:00,317.6499938964844,317.6499938964844,317.6499938964844,317.3500061035156,317.5,13964
2026-04-30 08:18:00+00:00,317.3999938964844,317.3999938964844,317.6499938964844,317.3500061035156,317.6499938964844,13224
2026-04-30 08:19:00+00:00,317.3999938964844,317.3999938964844,317.5,317.3500061035156,317.3999938964844,5968
2026-04-30 08:20:00+00:00,317.1499938964844,317.1499938964844,317.5,317.1499938964844,317.3999938964844,19415
2026-04-30 08:21:00+00:00,316.79998779296875,316.79998779296875,317.0,316.79998779296875,317.0,10952
2026-04-30 08:22:00+00:00,316.75,316.75,316.95001220703125,316.75,316.79998779296875,9326
2026-04-30 08:23:00+00:00,316.75,316.75,316.8999938964844,316.75,316.8500061035156,8989
2026-04-30 08:24:00+00:00,316.6000061035156,316.6000061035156,316.75,316.6000061035156,316.70001220703125,14887
2026-04-30 08:25:00+00:00,316.79998779296875,316.79998779296875,316.8500061035156,316.6499938964844,316.6499938964844,8522
2026-04-30 08:26:00+00:00,316.8999938964844,316.8999938964844,316.95001220703125,316.79998779296875,316.79998779296875,1522
2026-04-30 08:27:00+00:00,316.8999938964844,316.8999938964844,316.95001220703125,316.8500061035156,316.8500061035156,4393
2026-04-30 08:28:00+00:00,317.25,317.25,317.29998779296875,316.95001220703125,316.95001220703125,19852
2026-04-30 08:29:00+00:00,317.25,317.25,317.29998779296875,317.1499938964844,317.29998779296875,14576
2026-04-30 08:30:00+00:00,317.0,317.0,317.25,316.8999938964844,317.1499938964844,14479
2026-04-30 08:31:00+00:00,317.0,317.0,317.1499938964844,316.8999938964844,317.0,11054
2026-04-30 08:32:00+00:00,316.95001220703125,316.95001220703125,317.04998779296875,316.70001220703125,316.8500061035156,17874
2026-04-30 08:33:00+00:00,317.04998779296875,317.04998779296875,317.04998779296875,316.95001220703125,317.04998779296875,8059
2026-04-30 08:34:00+00:00,316.8999938964844,316.8999938964844,317.04998779296875,316.75,317.04998779296875,11220
2026-04-30 08:35:00+00:00,316.75,316.75,317.0,316.70001220703125,317.0,12879
2026-04-30 08:36:00+00:00,316.75,316.75,316.75,316.54998779296875,316.70001220703125,15462
2026-04-30 08:37:00+00:00,316.70001220703125,316.70001220703125,316.75,316.54998779296875,316.6499938964844,9588
2026-04-30 08:38:00+00:00,316.6000061035156,316.6000061035156,316.6000061035156,316.45001220703125,316.6000061035156,12171
2026-04-30 08:39:00+00:00,317.04998779296875,317.04998779296875,317.04998779296875,316.5,316.5,28097
2026-04-30 08:40:00+00:00,316.70001220703125,316.70001220703125,317.1000061035156,316.54998779296875,317.04998779296875,62266
2026-04-30 08:41:00+00:00,316.45001220703125,316.45001220703125,316.70001220703125,316.29998779296875,316.70001220703125,10112
2026-04-30 08:42:00+00:00,316.6000061035156,316.6000061035156,316.6499938964844,316.3500061035156,316.45001220703125,18139
2026-04-30 08:43:00+00:00,316.54998779296875,316.54998779296875,316.75,316.3999938964844,316.5,14449
2026-04-30 08:44:00+00:00,316.5,316.5,316.6000061035156,316.3999938964844,316.45001220703125,21543
2026-04-30 08:45:00+00:00,316.54998779296875,316.54998779296875,316.75,316.3999938964844,316.3999938964844,21817
2026-04-30 08:46:00+00:00,316.8500061035156,316.8500061035156,316.95001220703125,316.45001220703125,316.54998779296875,21725
2026-04-30 08:47:00+00:00,316.70001220703125,316.70001220703125,316.8500061035156,316.54998779296875,316.75,22852
2026-04-30 08:48:00+00:00,316.54998779296875,316.54998779296875,316.75,316.3999938964844,316.75,19873
2026-04-30 08:49:00+00:00,316.29998779296875,316.29998779296875,316.6000061035156,316.29998779296875,316.54998779296875,16366
2026-04-30 08:50:00+00:00,316.3500061035156,316.3500061035156,316.3999938964844,316.25,316.3500061035156,17369
2026-04-30 08:51:00+00:00,316.29998779296875,316.29998779296875,316.5,316.25,316.3500061035156,49283
2026-04-30 08:52:00+00:00,316.20001220703125,316.20001220703125,316.3999938964844,316.1000061035156,316.3999938964844,13918
2026-04-30 08:53:00+00:00,316.6499938964844,316.6499938964844,316.6499938964844,316.1499938964844,316.1499938964844,13794
2026-04-30 08:54:00+00:00,317.0,317.0,317.1000061035156,316.6499938964844,316.6499938964844,33914
2026-04-30 08:55:00+00:00,316.6000061035156,316.6000061035156,317.0,316.6000061035156,317.0,10588
2026-04-30 08:56:00+00:00,316.6000061035156,316.6000061035156,316.6499938964844,316.3999938964844,316.6000061035156,26766
2026-04-30 08:57:00+00:00,316.5,316.5,316.8999938964844,316.5,316.75,32728
2026-04-30 08:58:00+00:00,316.5,316.5,316.70001220703125,316.3999938964844,316.5,73578
2026-04-30 08:59:00+00:00,316.70001220703125,316.70001220703125,316.95001220703125,316.45001220703125,316.5,22230
2026-04-30 09:00:00+00:00,316.8999938964844,316.8999938964844,317.0,316.75,316.8500061035156,13971
2026-04-30 09:01:00+00:00,317.1000061035156,317.1000061035156,317.1000061035156,316.79998779296875,316.8999938964844,11972
2026-04-30 09:02:00+00:00,317.29998779296875,317.29998779296875,317.3500061035156,317.20001220703125,317.3500061035156,24992
2026-04-30 09:03:00+00:00,317.29998779296875,317.29998779296875,317.3500061035156,317.1499938964844,317.20001220703125,13127
2026-04-30 09:04:00+00:00,317.6499938964844,317.6499938964844,317.6499938964844,317.29998779296875,317.3999938964844,7193
2026-04-30 09:05:00+00:00,317.8999938964844,317.8999938964844,318.0,317.70001220703125,317.70001220703125,29358
2026-04-30 09:06:00+00:00,318.0,318.0,318.0,317.8999938964844,317.8999938964844,11204
2026-04-30 09:07:00+00:00,317.75,317.75,318.0,317.75,318.0,41514
2026-04-30 09:08:00+00:00,317.8999938964844,317.8999938964844,317.8999938964844,317.6000061035156,317.70001220703125,11376
2026-04-30 09:09:00+00:00,318.0,318.0,318.0,317.8999938964844,317.8999938964844,10398
2026-04-30 09:10:00+00:00,318.1499938964844,318.1499938964844,318.25,318.0,318.0,37675
2026-04-30 09:11:00+00:00,318.1499938964844,318.1499938964844,318.20001220703125,318.0,318.20001220703125,13631
2026-04-30 09:12:00+00:00,318.20001220703125,318.20001220703125,318.3500061035156,318.1499938964844,318.1499938964844,21792
2026-04-30 09:13:00+00:00,318.45001220703125,318.45001220703125,318.5,318.3500061035156,318.3500061035156,48085
2026-04-30 09:14:00+00:00,318.0,318.0,318.5,317.8999938964844,318.3999938964844,15459
2026-04-30 09:15:00+00:00,318.1000061035156,318.1000061035156,318.45001220703125,318.0,318.0,14107
2026-04-30 09:16:00+00:00,318.20001220703125,318.20001220703125,318.25,318.1000061035156,318.20001220703125,4337
2026-04-30 09:17:00+00:00,318.1499938964844,318.1499938964844,318.3500061035156,318.1000061035156,318.29998779296875,16727
2026-04-30 09:18:00+00:00,318.20001220703125,318.20001220703125,318.29998779296875,318.1000061035156,318.1000061035156,8062
2026-04-30 09:19:00+00:00,318.0,318.0,318.29998779296875,318.0,318.29998779296875,16219
2026-04-30 09:20:00+00:00,317.45001220703125,317.45001220703125,318.04998779296875,317.3999938964844,318.04998779296875,41291
2026-04-30 09:21:00+00:00,317.6000061035156,317.6000061035156,317.6499938964844,317.3999938964844,317.5,34601
2026-04-30 09:22:00+00:00,317.5,317.5,317.6499938964844,317.5,317.6499938964844,7786
2026-04-30 09:23:00+00:00,317.6000061035156,317.6000061035156,317.6499938964844,317.5,317.6499938964844,5620
2026-04-30 09:24:00+00:00,317.6000061035156,317.6000061035156,317.6499938964844,317.6000061035156,317.6000061035156,4454
2026-04-30 09:25:00+00:00,317.70001220703125,317.70001220703125,317.8500061035156,317.6499938964844,317.6499938964844,29822
2026-04-30 09:26:00+00:00,317.6000061035156,317.6000061035156,317.75,317.54998779296875,317.70001220703125,7889
2026-04-30 09:27:00+00:00,317.70001220703125,317.70001220703125,317.70001220703125,317.54998779296875,317.54998779296875,2893
2026-04-30 09:28:00+00:00,317.8999938964844,317.8999938964844,317.8999938964844,317.70001220703125,317.70001220703125,3195
2026-04-30 09:29:00+00:00,318.1499938964844,318.1499938964844,318.1499938964844,317.95001220703125,318.0,11433
2026-04-30 09:30:00+00:00,318.3999938964844,318.3999938964844,318.3999938964844,318.1000061035156,318.1499938964844,114554
2026-04-30 09:31:00+00:00,318.0,318.0,318.5,317.8500061035156,318.5,137072
2026-04-30 09:32:00+00:00,318.0,318.0,318.0,317.8500061035156,317.8999938964844,64638
2026-04-30 09:33:00+00:00,317.8999938964844,317.8999938964844,318.0,317.8999938964844,318.0,101883
2026-04-30 09:34:00+00:00,317.8999938964844,317.8999938964844,317.95001220703125,317.79998779296875,317.8999938964844,90937
2026-04-30 09:35:00+00:00,318.0,318.0,318.0,317.8500061035156,317.8999938964844,80496
2026-04-30 09:36:00+00:00,318.1499938964844,318.1499938964844,318.1499938964844,318.0,318.04998779296875,66645
2026-04-30 09:37:00+00:00,317.95001220703125,317.95001220703125,318.1499938964844,317.95001220703125,318.1499938964844,141588
2026-04-30 09:38:00+00:00,317.8999938964844,317.8999938964844,317.95001220703125,317.8999938964844,317.8999938964844,77398
2026-04-30 09:39:00+00:00,318.0,318.0,318.0,317.8500061035156,317.8999938964844,54163
2026-04-30 09:40:00+00:00,318.0,318.0,318.0,317.95001220703125,318.0,60561
2026-04-30 09:41:00+00:00,318.0,318.0,318.0,318.0,318.0,57095
2026-04-30 09:42:00+00:00,318.25,318.25,318.29998779296875,318.0,318.0,165588
2026-04-30 09:43:00+00:00,318.3999938964844,318.3999938964844,318.3999938964844,318.25,318.29998779296875,93830
2026-04-30 09:44:00+00:00,318.5,318.5,318.5,318.29998779296875,318.3500061035156,97940
2026-04-30 09:45:00+00:00,318.54998779296875,318.54998779296875,318.6000061035156,318.45001220703125,318.5,73076
2026-04-30 09:46:00+00:00,318.54998779296875,318.54998779296875,318.70001220703125,318.5,318.6000061035156,123579
2026-04-30 09:47:00+00:00,318.79998779296875,318.79998779296875,318.79998779296875,318.6000061035156,318.6000061035156,76870
2026-04-30 09:48:00+00:00,318.5,318.5,318.79998779296875,318.45001220703125,318.79998779296875,135394
2026-04-30 09:49:00+00:00,318.3500061035156,318.3500061035156,318.5,318.3500061035156,318.45001220703125,89777
2026-04-30 09:50:00+00:00,318.3999938964844,318.3999938964844,318.3999938964844,318.29998779296875,318.3500061035156,67535
2026-04-30 09:51:00+00:00,318.3500061035156,318.3500061035156,318.3999938964844,318.3500061035156,318.3999938964844,81378
2026-04-30 09:52:00+00:00,318.3500061035156,318.3500061035156,318.3500061035156,318.29998779296875,318.29998779296875,68402
2026-04-30 09:53:00+00:00,318.29998779296875,318.29998779296875,318.3500061035156,318.25,318.3500061035156,107555
2026-04-30 09:54:00+00:00,318.70001220703125,318.70001220703125,318.70001220703125,318.25,318.25,123657
2026-04-30 09:55:00+00:00,318.70001220703125,318.70001220703125,318.79998779296875,318.70001220703125,318.75,110750
2026-04-30 09:56:00+00:00,319.1000061035156,319.1000061035156,319.1000061035156,318.8500061035156,318.8500061035156,103149
2026-04-30 09:57:00+00:00,319.0,319.0,319.1000061035156,318.79998779296875,319.1000061035156,134122
2026-04-30 09:58:00+00:00,319.0,319.0,319.0,318.8500061035156,318.8500061035156,50387
2026-04-30 09:59:00+00:00,319.0,319.0,319.04998779296875,318.3999938964844,319.0,52132
