Price,Adj Close,Close,High,Low,Open,Volume
Ticker,RELIANCE.NS,RELIANCE.NS,RELIANCE.NS,RELIANCE.NS,RELIANCE.NS,RELIANCE.NS
Datetime,,,,,,
2026-04-23 03:45:00+00:00,1349.5999755859375,1349.5999755859375,1352.199951171875,1347.699951171875,1352.199951171875,0
2026-04-23 03:46:00+00:00,1351.199951171875,1351.199951171875,1351.199951171875,1349.5999755859375,1349.5999755859375,117432
2026-04-23 03:47:00+00:00,1352.0999755859375,1352.0999755859375,1352.0999755859375,1351.800048828125,1351.9000244140625,70315
2026-04-23 03:48:00+00:00,1351.800048828125,1351.800048828125,1352.5,1351.5999755859375,1352.300048828125,76434
2026-04-23 03:49:00+00:00,1354.5,1354.5,1355.0,1351.699951171875,1352.0,126687
2026-04-23 03:50:00+00:00,1353.0,1353.0,1354.5,1352.800048828125,1354.4000244140625,53484
2026-04-23 03:51:00+00:00,1353.4000244140625,1353.4000244140625,1353.4000244140625,1352.5,1353.0,48619
2026-04-23 03:52:00+00:00,1353.699951171875,1353.699951171875,1353.9000244140625,1353.199951171875,1353.5,33331
2026-04-23 03:53:00+00:00,1353.9000244140625,1353.9000244140625,1355.0,1353.699951171875,1353.800048828125,90626
2026-04-23 03:54:00+00:00,1353.4000244140625,1353.4000244140625,1354.0,1353.300048828125,1353.9000244140625,31487
2026-04-23 03:55:00+00:00,1352.4000244140625,1352.4000244140625,1353.800048828125,1352.4000244140625,1353.0999755859375,40143
2026-04-23 03:56:00+00:00,1352.5,1352.5,1353.0,1352.0,1352.699951171875,33718
2026-04-23 03:57:00+00:00,1353.300048828125,1353.300048828125,1353.699951171875,1352.699951171875,1352.9000244140625,47725
2026-04-23 03:58:00+00:00,1355.300048828125,1355.300048828125,1355.300048828125,1353.5999755859375,1353.699951171875,117192
2026-04-23 03:59:00+00:00,1354.9000244140625,1354.9000244140625,1355.0,1354.5,1354.800048828125,48545
2026-04-23 04:00:00+00:00,1354.9000244140625,1354.9000244140625,1354.9000244140625,1353.9000244140625,1354.9000244140625,34893
2026-04-23 04:01:00+00:00,1353.4000244140625,1353.4000244140625,1354.5,1353.300048828125,1354.300048828125,73662
2026-04-23 04:02:00+00:00,1353.0,1353.0,1353.5999755859375,1352.699951171875,1353.4000244140625,42009
2026-04-23 04:03:00+00:00,1353.199951171875,1353.199951171875,1353.9000244140625,1352.9000244140625,1353.0,68559
2026-04-23 04:04:00+00:00,1353.0999755859375,1353.0999755859375,1353.199951171875,1352.4000244140625,1352.800048828125,55435
2026-04-23 04:05:00+00:00,1352.800048828125,1352.800048828125,1353.199951171875,1352.800048828125,1353.0999755859375,30370
2026-04-23 04:06:00+00:00,1353.0,1353.0,1353.0999755859375,1352.800048828125,1353.0999755859375,14712
2026-04-23 04:07:00+00:00,1353.0999755859375,1353.0999755859375,1353.199951171875,1352.699951171875,1352.9000244140625,16807
2026-04-23 04:08:00+00:00,1353.199951171875,1353.199951171875,1353.199951171875,1353.0,1353.0,15430
2026-04-23 04:09:00+00:00,1353.300048828125,1353.300048828125,1353.800048828125,1353.0999755859375,1353.199951171875,39153
2026-04-23 04:10:00+00:00,1352.800048828125,1352.800048828125,1353.5,1352.5,1353.5,26243
2026-04-23 04:11:00+00:00,1352.300048828125,1352.300048828125,1353.0,1352.300048828125,1352.9000244140625,14844
2026-04-23 04:12:00+00:00,1352.800048828125,1352.800048828125,1353.800048828125,1352.4000244140625,1352.800048828125,39527
2026-04-23 04:13:00+00:00,1353.5,1353.5,1353.5,1353.199951171875,1353.199951171875,24910
2026-04-23 04:14:00+00:00,1353.699951171875,1353.699951171875,1353.699951171875,1352.5,1353.5999755859375,65980
2026-04-23 04:15:00+00:00,1353.300048828125,1353.300048828125,1353.300048828125,1352.5,1353.0,47162
2026-04-23 04:16:00+00:00,1353.800048828125,1353.800048828125,1353.800048828125,1352.800048828125,1352.800048828125,14661
2026-04-23 04:17:00+00:00,1353.0999755859375,1353.0999755859375,1354.0999755859375,1353.0999755859375,1353.800048828125,41801
2026-04-23 04:18:00+00:00,1354.0,1354.0,1354.199951171875,1353.0999755859375,1353.0999755859375,33577
2026-04-23 04:19:00+00:00,1353.5,1353.5,1354.199951171875,1353.5,1354.0,27131
2026-04-23 04:20:00+00:00,1353.699951171875,1353.699951171875,1353.9000244140625,1352.9000244140625,1353.800048828125,28989
2026-04-23 04:21:00+00:00,1352.5,1352.5,1354.199951171875,1352.5,1353.699951171875,41908
2026-04-23 04:22:00+00:00,1353.5,1353.5,1353.699951171875,1352.199951171875,1352.199951171875,23413
2026-04-23 04:23:00+00:00,1354.0,1354.0,1354.699951171875,1353.5,1353.5999755859375,19441
2026-04-23 04:24:00+00:00,1354.0,1354.0,1354.0,1353.9000244140625,1354.0,11780
2026-04-23 04:25:00+00:00,1354.0,1354.0,1354.300048828125,1353.4000244140625,1353.5,15417
2026-04-23 04:26:00+00:00,1353.9000244140625,1353.9000244140625,1353.9000244140625,1353.800048828125,1353.9000244140625,10577
2026-04-23 04:27:00+00:00,1353.699951171875,1353.699951171875,1354.0,1353.699951171875,1353.9000244140625,10770
2026-04-23 04:28:00+00:00,1353.4000244140625,1353.4000244140625,1354.0,1353.4000244140625,1353.699951171875,13709
2026-04-23 04:29:00+00:00,1352.5,1352.5,1354.0,1352.5,1353.4000244140625,22616
2026-04-23 04:30:00+00:00,1352.4000244140625,1352.4000244140625,1352.800048828125,1352.300048828125,1352.800048828125,18321
2026-04-23 04:31:00+00:00,1352.699951171875,1352.699951171875,1352.9000244140625,1352.0,1352.4000244140625,21248
2026-04-23 04:32:00+00:00,1352.300048828125,1352.300048828125,1352.699951171875,1352.0,1352.5999755859375,10822
2026-04-23 04:33:00+00:00,1352.9000244140625,1352.9000244140625,1352.9000244140625,1352.199951171875,1352.199951171875,16118
2026-04-23 04:34:00+00:00,1353.0,1353.0,1353.0999755859375,1352.699951171875,1352.699951171875,21666
2026-04-23 04:35:00+00:00,1353.5999755859375,1353.5999755859375,1353.9000244140625,1352.699951171875,1352.9000244140625,38002
2026-04-23 04:36:00+00:00,1352.800048828125,1352.800048828125,1353.9000244140625,1352.5999755859375,1353.5999755859375,71467
2026-04-23 04:37:00+00:00,1352.800048828125,1352.800048828125,1353.199951171875,1352.699951171875,1353.0999755859375,13614
2026-04-23 04:38:00+00:00,1352.4000244140625,1352.4000244140625,1353.5,1352.4000244140625,1352.5,38377
2026-04-23 04:39:00+00:00,1353.0999755859375,1353.0999755859375,1353.5999755859375,1352.699951171875,1352.699951171875,158154
2026-04-23 04:40:00+00:00,1353.0,1353.0,1353.300048828125,1352.300048828125,1353.300048828125,21476
2026-04-23 04:41:00+00:00,1353.0,1353.0,1353.0999755859375,1352.0,1353.0,27463
2026-04-23 04:42:00+00:00,1353.0,1353.0,1353.0,1352.300048828125,1353.0,8505
2026-04-23 04:43:00+00:00,1352.9000244140625,1352.9000244140625,1353.0999755859375,1352.699951171875,1353.0,11208
2026-04-23 04:44:00+00:00,1352.9000244140625,1352.9000244140625,1353.0,1352.5,1352.699951171875,11645
2026-04-23 04:45:00+00:00,1352.5999755859375,1352.5999755859375,1353.4000244140625,1352.0,1353.0,92354
2026-04-23 04:46:00+00:00,1352.9000244140625,1352.9000244140625,1353.0999755859375,1351.9000244140625,1352.5,37414
2026-04-23 04:47:00+00:00,1353.0999755859375,1353.0999755859375,1353.300048828125,1352.0999755859375,1353.0,10373
2026-04-23 04:48:00+00:00,1353.199951171875,1353.199951171875,1353.199951171875,1352.699951171875,1353.0999755859375,7576
2026-04-23 04:49:00+00:00,1353.699951171875,1353.699951171875,1354.300048828125,1353.699951171875,1353.9000244140625,37623
2026-04-23 04:50:00+00:00,1353.9000244140625,1353.9000244140625,1354.4000244140625,1353.699951171875,1353.9000244140625,6985
2026-04-23 04:51:00+00:00,1353.0999755859375,1353.0999755859375,1354.199951171875,1353.0999755859375,1353.9000244140625,16806
2026-04-23 04:52:00+00:00,1353.0999755859375,1353.0999755859375,1353.5999755859375,1352.699951171875,1353.5999755859375,22013
2026-04-23 04:53:00+00:00,1352.800048828125,1352.800048828125,1353.5999755859375,1352.800048828125,1353.5999755859375,9524
2026-04-23 04:54:00+00:00,1353.0,1353.0,1353.5,1353.0,1353.4000244140625,8251
2026-04-23 04:55:00+00:00,1353.0,1353.0,1353.300048828125,1352.699951171875,1353.0,13031
2026-04-23 04:56:00+00:00,1352.5999755859375,1352.5999755859375,1353.199951171875,1352.5999755859375,1353.0,11006
2026-04-23 04:57:00+00:00,1352.699951171875,1352.699951171875,1353.0,1352.4000244140625,1352.5999755859375,17033
2026-04-23 04:58:00+00:00,1352.0,1352.0,1352.800048828125,1352.0,1352.800048828125,11384
2026-04-23 04:59:00+00:00,1352.0,1352.0,1352.5,1351.5999755859375,1352.0999755859375,27324
2026-04-23 05:00:00+00:00,1350.300048828125,1350.300048828125,1352.0,1350.300048828125,1351.5999755859375,34745
2026-04-23 05:01:00+00:00,1349.800048828125,1349.800048828125,1351.0,1349.5,1350.4000244140625,62298
2026-04-23 05:02:00+00:00,1349.5,1349.5,1350.199951171875,1349.5,1350.0999755859375,16696
2026-04-23 05:03:00+00:00,1350.0,1350.0,1350.5,1349.699951171875,1350.0,14248
2026-04-23 05:04:00+00:00,1349.300048828125,1349.300048828125,1350.0,1349.199951171875,1350.0,24538
2026-04-23 05:05:00+00:00,1348.4000244140625,1348.4000244140625,1349.9000244140625,1348.199951171875,1349.699951171875,116109
2026-04-23 05:06:00+00:00,1348.5999755859375,1348.5999755859375,1349.199951171875,1348.5,1349.199951171875,55225
2026-04-23 05:07:00+00:00,1348.0,1348.0,1348.9000244140625,1347.699951171875,1348.9000244140625,78689
2026-04-23 05:08:00+00:00,1348.4000244140625,1348.4000244140625,1348.4000244140625,1347.199951171875,1348.199951171875,38600
2026-04-23 05:09:00+00:00,1347.5999755859375,1347.5999755859375,1348.4000244140625,1347.5,1348.0999755859375,19732
2026-04-23 05:10:00+00:00,1348.300048828125,1348.300048828125,1348.5,1347.5999755859375,1348.0,26329
2026-04-23 05:11:00+00:00,1347.699951171875,1347.699951171875,1348.300048828125,1347.0999755859375,1348.0,40695
2026-04-23 05:12:00+00:00,1347.5999755859375,1347.5999755859375,1348.300048828125,1347.0999755859375,1347.4000244140625,64354
2026-04-23 05:13:00+00:00,1347.199951171875,1347.199951171875,1347.800048828125,1347.0999755859375,1347.800048828125,36634
2026-04-23 05:14:00+00:00,1347.5999755859375,1347.5999755859375,1347.800048828125,1347.199951171875,1347.300048828125,11565
2026-04-23 05:15:00+00:00,1347.5,1347.5,1348.0,1347.199951171875,1347.800048828125,18067
2026-04-23 05:16:00+00:00,1345.199951171875,1345.199951171875,1348.0,1345.199951171875,1347.5,189520
2026-04-23 05:17:00+00:00,1345.5999755859375,1345.5999755859375,1345.9000244140625,1344.0999755859375,1345.199951171875,51105
2026-04-23 05:18:00+00:00,1345.9000244140625,1345.9000244140625,1345.9000244140625,1344.5999755859375,1345.5,58268
2026-04-23 05:19:00+00:00,1346.0999755859375,1346.0999755859375,1346.5,1345.800048828125,1345.9000244140625,55681
2026-04-23 05:20:00+00:00,1346.0,1346.0,1346.5999755859375,1345.5999755859375,1346.0999755859375,29087
2026-04-23 05:21:00+00:00,1346.9000244140625,1346.9000244140625,1346.9000244140625,1345.5999755859375,1346.0999755859375,26681
2026-04-23 05:22:00+00:00,1346.5,1346.5,1347.300048828125,1346.300048828125,1346.9000244140625,30092
2026-04-23 05:23:00+00:00,1346.9000244140625,1346.9000244140625,1347.5999755859375,1346.5,1346.800048828125,74766
2026-04-23 05:24:00+00:00,1347.0,1347.0,1347.5999755859375,1346.800048828125,1346.9000244140625,9609
2026-04-23 05:25:00+00:00,1346.800048828125,1346.800048828125,1347.5,1346.800048828125,1347.0999755859375,18976
2026-04-23 05:26:00+00:00,1346.699951171875,1346.699951171875,1347.0,1346.5,1346.699951171875,12329
2026-04-23 05:27:00+00:00,1346.5999755859375,1346.5999755859375,1347.0,1346.5,1346.699951171875,9038
2026-04-23 05:28:00+00:00,1348.300048828125,1348.300048828125,1348.300048828125,1346.5999755859375,1346.5999755859375,90176
2026-04-23 05:29:00+00:00,1348.199951171875,1348.199951171875,1348.199951171875,1347.5,1347.800048828125,6866
2026-04-23 05:30:00+00:00,1347.0,1347.0,1348.199951171875,1346.5,1348.199951171875,22863
2026-04-23 05:31:00+00:00,1346.9000244140625,1346.9000244140625,1347.4000244140625,1346.5,1347.0999755859375,25920
2026-04-23 05:32:00+00:00,1348.0,1348.0,1348.5,1346.699951171875,1347.0,42666
2026-04-23 05:33:00+00:00,1346.9000244140625,1346.9000244140625,1348.0999755859375,1346.9000244140625,1347.800048828125,71306
2026-04-23 05:34:00+00:00,1347.199951171875,1347.199951171875,1347.4000244140625,1347.0,1347.300048828125,14137
2026-04-23 05:35:00+00:00,1347.5,1347.5,1347.5,1346.699951171875,1347.0999755859375,19483
2026-04-23 05:36:00+00:00,1347.0999755859375,1347.0999755859375,1347.5,1346.5,1347.5,43723
2026-04-23 05:37:00+00:00,1347.199951171875,1347.199951171875,1347.5,1346.800048828125,1346.9000244140625,7272
2026-04-23 05:38:00+00:00,1347.5,1347.5,1347.699951171875,1347.0,1347.199951171875,5012
2026-04-23 05:39:00+00:00,1347.0999755859375,1347.0999755859375,1348.0999755859375,1347.0999755859375,1347.699951171875,13054
2026-04-23 05:40:00+00:00,1347.9000244140625,1347.9000244140625,1347.9000244140625,1347.0999755859375,1347.5,49733
2026-04-23 05:41:00+00:00,1346.800048828125,1346.800048828125,1348.0,1346.4000244140625,1347.800048828125,63443
2026-04-23 05:42:00+00:00,1346.699951171875,1346.699951171875,1347.199951171875,1346.5999755859375,1347.0999755859375,24362
2026-04-23 05:43:00+00:00,1346.699951171875,1346.699951171875,1347.0,1346.5999755859375,1346.699951171875,16416
2026-04-23 05:44:00+00:00,1346.699951171875,1346.699951171875,1347.0,1346.4000244140625,1346.5999755859375,35565
2026-04-23 05:45:00+00:00,1347.0999755859375,1347.0999755859375,1347.199951171875,1346.5,1346.699951171875,25643
2026-04-23 05:46:00+00:00,1347.0999755859375,1347.0999755859375,1347.0999755859375,1346.5,1347.0999755859375,72810
2026-04-23 05:47:00+00:00,1347.0999755859375,1347.0999755859375,1347.800048828125,1346.699951171875,1347.0,54781
2026-04-23 05:48:00+00:00,1347.0999755859375,1347.0999755859375,1347.800048828125,1346.9000244140625,1347.199951171875,42296
2026-04-23 05:49:00+00:00,1346.5,1346.5,1347.5,1346.300048828125,1347.0999755859375,18180
2026-04-23 05:50:00+00:00,1346.5999755859375,1346.5999755859375,1346.5999755859375,1346.199951171875,1346.5999755859375,4816
2026-04-23 05:51:00+00:00,1346.5,1346.5,1346.800048828125,1346.5,1346.699951171875,11346
2026-04-23 05:52:00+00:00,1347.300048828125,1347.300048828125,1347.300048828125,1346.5,1346.5999755859375,26774
2026-04-23 05:53:00+00:00,1346.199951171875,1346.199951171875,1347.300048828125,1346.199951171875,1347.300048828125,56341
2026-04-23 05:54:00+00:00,1346.0999755859375,1346.0999755859375,1346.199951171875,1346.0,1346.199951171875,14420
2026-04-23 05:55:00+00:00,1345.9000244140625,1345.9000244140625,1346.300048828125,1345.5,1346.0999755859375,44117
2026-04-23 05:56:00+00:00,1346.0,1346.0,1346.300048828125,1345.9000244140625,1346.0999755859375,8870
2026-04-23 05:57:00+00:00,1345.699951171875,1345.699951171875,1346.0999755859375,1345.699951171875,1346.0,4915
2026-04-23 05:58:00+00:00,1345.5,1345.5,1345.800048828125,1345.5,1345.800048828125,14604
2026-04-23 05:59:00+00:00,1345.800048828125,1345.800048828125,1345.800048828125,1345.300048828125,1345.5,8566
2026-04-23 06:00:00+00:00,1345.800048828125,1345.800048828125,1345.9000244140625,1345.800048828125,1345.800048828125,5555
2026-04-23 06:01:00+00:00,1346.0,1346.0,1346.0,1345.5,1345.9000244140625,19277
2026-04-23 06:02:00+00:00,1346.0,1346.0,1346.800048828125,1346.0,1346.0,17876
2026-04-23 06:03:00+00:00,1346.0999755859375,1346.0999755859375,1346.5,1345.9000244140625,1346.300048828125,4983
2026-04-23 06:04:00+00:00,1345.800048828125,1345.800048828125,1346.199951171875,1345.800048828125,1346.199951171875,12385
2026-04-23 06:05:00+00:00,1345.300048828125,1345.300048828125,1345.800048828125,1345.300048828125,1345.800048828125,11827
2026-04-23 06:06:00+00:00,1345.699951171875,1345.699951171875,1346.300048828125,1345.300048828125,1345.300048828125,44231
2026-04-23 06:07:00+00:00,1345.5999755859375,1345.5999755859375,1345.699951171875,1345.199951171875,1345.5999755859375,26432
2026-04-23 06:08:00+00:00,1346.800048828125,1346.800048828125,1346.800048828125,1345.5,1345.5,28586
2026-04-23 06:09:00+00:00,1346.9000244140625,1346.9000244140625,1347.5,1346.5999755859375,1346.5999755859375,15132
2026-04-23 06:10:00+00:00,1347.0,1347.0,1347.300048828125,1346.4000244140625,1347.199951171875,62511
2026-04-23 06:11:00+00:00,1346.4000244140625,1346.4000244140625,1347.0,1346.300048828125,1346.9000244140625,11470
2026-04-23 06:12:00+00:00,1346.4000244140625,1346.4000244140625,1346.5,1346.0999755859375,1346.300048828125,5834
2026-04-23 06:13:00+00:00,1345.699951171875,1345.699951171875,1346.199951171875,1345.5999755859375,1346.199951171875,9150
2026-04-23 06:14:00+00:00,1346.0,1346.0,1346.800048828125,1345.5,1345.800048828125,27744
2026-04-23 06:15:00+00:00,1346.800048828125,1346.800048828125,1346.800048828125,1345.699951171875,1346.0,32929
2026-04-23 06:16:00+00:00,1346.800048828125,1346.800048828125,1347.199951171875,1346.4000244140625,1346.5999755859375,8721
2026-04-23 06:17:00+00:00,1346.699951171875,1346.699951171875,1346.9000244140625,1346.300048828125,1346.5999755859375,5845
2026-04-23 06:18:00+00:00,1347.300048828125,1347.300048828125,1347.699951171875,1346.5999755859375,1346.699951171875,10311
2026-04-23 06:19:00+00:00,1347.199951171875,1347.199951171875,1347.699951171875,1347.0999755859375,1347.699951171875,13720
2026-04-23 06:20:00+00:00,1347.0999755859375,1347.0999755859375,1347.300048828125,1347.0,1347.0999755859375,8028
2026-04-23 06:21:00+00:00,1347.800048828125,1347.800048828125,1347.800048828125,1347.0,1347.0999755859375,7981
2026-04-23 06:22:00+00:00,1348.0,1348.0,1348.0,1347.5,1347.5999755859375,9326
2026-04-23 06:23:00+00:00,1348.199951171875,1348.199951171875,1348.4000244140625,1347.699951171875,1347.800048828125,12506
2026-04-23 06:24:00+00:00,1348.5,1348.5,1348.800048828125,1348.0,1348.199951171875,47808
2026-04-23 06:25:00+00:00,1348.0,1348.0,1348.5999755859375,1347.699951171875,1348.5,32758
2026-04-23 06:26:00+00:00,1348.4000244140625,1348.4000244140625,1348.5999755859375,1347.800048828125,1348.199951171875,12009
2026-04-23 06:27:00+00:00,1347.5999755859375,1347.5999755859375,1348.4000244140625,1347.5999755859375,1348.4000244140625,25119
2026-04-23 06:28:00+00:00,1347.4000244140625,1347.4000244140625,1348.0,1347.4000244140625,1347.5999755859375,17876
2026-04-23 06:29:00+00:00,1347.699951171875,1347.699951171875,1347.9000244140625,1347.199951171875,1347.9000244140625,32559
2026-04-23 06:30:00+00:00,1347.199951171875,1347.199951171875,1347.699951171875,1347.199951171875,1347.699951171875,18951
2026-04-23 06:31:00+00:00,1347.0,1347.0,1347.4000244140625,1347.0,1347.199951171875,29456
2026-04-23 06:32:00+00:00,1347.9000244140625,1347.9000244140625,1348.0,1347.0999755859375,1347.199951171875,22767
2026-04-23 06:33:00+00:00,1348.5999755859375,1348.5999755859375,1348.5999755859375,1347.800048828125,1347.800048828125,19278
2026-04-23 06:34:00+00:00,1347.9000244140625,1347.9000244140625,1348.5999755859375,1347.5999755859375,1348.5999755859375,12959
2026-04-23 06:35:00+00:00,1348.699951171875,1348.699951171875,1348.699951171875,1347.699951171875,1347.699951171875,9263
2026-04-23 06:36:00+00:00,1348.199951171875,1348.199951171875,1348.699951171875,1347.9000244140625,1348.5,35289
2026-04-23 06:37:00+00:00,1348.5,1348.5,1348.9000244140625,1348.199951171875,1348.5999755859375,11491
2026-04-23 06:38:00+00:00,1348.300048828125,1348.300048828125,1348.9000244140625,1348.0,1348.9000244140625,31078
2026-04-23 06:39:00+00:00,1348.9000244140625,1348.9000244140625,1348.9000244140625,1347.800048828125,1348.699951171875,56745
2026-04-23 06:40:00+00:00,1349.800048828125,1349.800048828125,1349.800048828125,1348.199951171875,1348.199951171875,34029
2026-04-23 06:41:00+00:00,1350.300048828125,1350.300048828125,1350.5,1349.4000244140625,1349.4000244140625,30226
2026-04-23 06:42:00+00:00,1350.9000244140625,1350.9000244140625,1351.4000244140625,1350.4000244140625,1350.4000244140625,23143
2026-04-23 06:43:00+00:00,1351.5999755859375,1351.5999755859375,1351.699951171875,1350.9000244140625,1350.9000244140625,19404
2026-04-23 06:44:00+00:00,1351.5,1351.5,1351.800048828125,1351.199951171875,1351.5999755859375,24653
2026-04-23 06:45:00+00:00,1351.5999755859375,1351.5999755859375,1352.0,1351.0999755859375,1351.5,32822
2026-04-23 06:46:00+00:00,1351.5999755859375,1351.5999755859375,1352.0,1351.5999755859375,1352.0,11539
2026-04-23 06:47:00+00:00,1351.800048828125,1351.800048828125,1351.800048828125,1351.5,1351.699951171875,10797
2026-04-23 06:48:00+00:00,1351.5999755859375,1351.5999755859375,1351.800048828125,1351.5999755859375,1351.699951171875,9256
2026-04-23 06:49:00+00:00,1351.0,1351.0,1351.800048828125,1351.0,1351.800048828125,19067
2026-04-23 06:50:00+00:00,1350.4000244140625,1350.4000244140625,1351.0,1350.4000244140625,1351.0,16820
2026-04-23 06:51:00+00:00,1351.0,1351.0,1351.0,1350.4000244140625,1350.4000244140625,14864
2026-04-23 06:52:00+00:00,1351.4000244140625,1351.4000244140625,1351.4000244140625,1350.800048828125,1350.800048828125,27255
2026-04-23 06:53:00+00:00,1351.0,1351.0,1351.4000244140625,1350.9000244140625,1351.4000244140625,12074
2026-04-23 06:54:00+00:00,1351.0,1351.0,1351.199951171875,1350.9000244140625,1351.0,6517
2026-04-23 06:55:00+00:00,1349.699951171875,1349.699951171875,1351.0,1349.300048828125,1351.0,34125
2026-04-23 06:56:00+00:00,1349.4000244140625,1349.4000244140625,1349.699951171875,1348.699951171875,1349.699951171875,22991
2026-04-23 06:57:00+00:00,1349.0,1349.0,1349.4000244140625,1348.699951171875,1349.4000244140625,13901
2026-04-23 06:58:00+00:00,1348.800048828125,1348.800048828125,1349.0,1348.300048828125,1349.0,30037
2026-04-23 06:59:00+00:00,1348.5,1348.5,1348.9000244140625,1348.0999755859375,1348.800048828125,62938
2026-04-23 07:00:00+00:00,1349.4000244140625,1349.4000244140625,1349.9000244140625,1348.0,1348.9000244140625,71951
2026-04-23 07:01:00+00:00,1347.0,1347.0,1349.4000244140625,1347.0,1348.9000244140625,64985
2026-04-23 07:02:00+00:00,1347.0999755859375,1347.0999755859375,1347.5,1347.0,1347.199951171875,14486
2026-04-23 07:03:00+00:00,1347.300048828125,1347.300048828125,1347.300048828125,1346.699951171875,1347.199951171875,24051
2026-04-23 07:04:00+00:00,1347.0,1347.0,1347.300048828125,1347.0,1347.0,28613
2026-04-23 07:05:00+00:00,1347.199951171875,1347.199951171875,1347.199951171875,1347.0,1347.0,8553
2026-04-23 07:06:00+00:00,1346.5,1346.5,1347.199951171875,1346.199951171875,1347.0999755859375,31014
2026-04-23 07:07:00+00:00,1347.0,1347.0,1347.4000244140625,1346.4000244140625,1346.4000244140625,22498
2026-04-23 07:08:00+00:00,1348.199951171875,1348.199951171875,1348.199951171875,1347.0,1347.0,51660
2026-04-23 07:09:00+00:00,1348.0999755859375,1348.0999755859375,1348.5999755859375,1347.800048828125,1347.800048828125,10789
2026-04-23 07:10:00+00:00,1347.800048828125,1347.800048828125,1348.0999755859375,1347.800048828125,1348.0999755859375,29915
2026-04-23 07:11:00+00:00,1349.0999755859375,1349.0999755859375,1349.4000244140625,1347.800048828125,1348.199951171875,13254
2026-04-23 07:12:00+00:00,1348.699951171875,1348.699951171875,1349.4000244140625,1348.5999755859375,1349.0999755859375,13967
2026-04-23 07:13:00+00:00,1348.699951171875,1348.699951171875,1349.199951171875,1348.5999755859375,1348.699951171875,59044
2026-04-23 07:14:00+00:00,1349.0,1349.0,1349.199951171875,1348.5,1348.699951171875,12073
2026-04-23 07:15:00+00:00,1348.800048828125,1348.800048828125,1349.5,1348.800048828125,1349.199951171875,17944
2026-04-23 07:16:00+00:00,1349.0999755859375,1349.0999755859375,1349.0999755859375,1348.800048828125,1348.800048828125,10261
2026-04-23 07:17:00+00:00,1348.800048828125,1348.800048828125,1349.0999755859375,1348.800048828125,1348.9000244140625,8425
2026-04-23 07:18:00+00:00,1347.5999755859375,1347.5999755859375,1348.9000244140625,1347.199951171875,1348.800048828125,24840
2026-04-23 07:19:00+00:00,1348.5999755859375,1348.5999755859375,1348.800048828125,1347.0,1347.5999755859375,20767
2026-04-23 07:20:00+00:00,1348.800048828125,1348.800048828125,1349.0,1348.199951171875,1348.300048828125,28235
2026-04-23 07:21:00+00:00,1349.0,1349.0,1349.4000244140625,1348.800048828125,1348.800048828125,12727
2026-04-23 07:22:00+00:00,1349.300048828125,1349.300048828125,1349.5,1349.0,1349.0,10691
2026-04-23 07:23:00+00:00,1349.5999755859375,1349.5999755859375,1349.9000244140625,1349.4000244140625,1349.5,10697
2026-04-23 07:24:00+00:00,1350.300048828125,1350.300048828125,1350.9000244140625,1349.699951171875,1349.9000244140625,13887
2026-04-23 07:25:00+00:00,1350.5,1350.5,1350.800048828125,1350.199951171875,1350.199951171875,15651
2026-04-23 07:26:00+00:00,1350.9000244140625,1350.9000244140625,1350.9000244140625,1350.4000244140625,1350.5,8428
2026-04-23 07:27:00+00:00,1351.199951171875,1351.199951171875,1351.5999755859375,1350.5,1350.5999755859375,20530
2026-04-23 07:28:00+00:00,1351.199951171875,1351.199951171875,1351.5,1351.0,1351.199951171875,22963
2026-04-23 07:29:00+00:00,1351.300048828125,1351.300048828125,1351.5999755859375,1351.0999755859375,1351.5,8941
2026-04-23 07:30:00+00:00,1351.4000244140625,1351.4000244140625,1351.5,1351.300048828125,1351.5,9463
2026-04-23 07:31:00+00:00,1350.9000244140625,1350.9000244140625,1351.300048828125,1350.9000244140625,1351.199951171875,12842
2026-04-23 07:32:00+00:00,1351.0999755859375,1351.0999755859375,1351.0999755859375,1350.5,1350.699951171875,18731
2026-04-23 07:33:00+00:00,1351.300048828125,1351.300048828125,1351.5,1351.0999755859375,1351.0999755859375,6995
2026-04-23 07:34:00+00:00,1351.5,1351.5,1351.699951171875,1351.300048828125,1351.300048828125,7009
2026-04-23 07:35:00+00:00,1351.699951171875,1351.699951171875,1351.9000244140625,1351.5,1351.699951171875,13756
2026-04-23 07:36:00+00:00,1351.800048828125,1351.800048828125,1351.9000244140625,1351.699951171875,1351.699951171875,5729
2026-04-23 07:37:00+00:00,1350.9000244140625,1350.9000244140625,1351.800048828125,1350.699951171875,1351.699951171875,34245
2026-04-23 07:38:00+00:00,1351.300048828125,1351.300048828125,1351.5,1350.800048828125,1351.4000244140625,10942
2026-04-23 07:39:00+00:00,1351.300048828125,1351.300048828125,1351.699951171875,1351.0,1351.0,7860
2026-04-23 07:40:00+00:00,1351.800048828125,1351.800048828125,1351.9000244140625,1351.4000244140625,1351.4000244140625,9928
2026-04-23 07:41:00+00:00,1351.9000244140625,1351.9000244140625,1352.0,1351.699951171875,1351.9000244140625,11078
2026-04-23 07:42:00+00:00,1351.5999755859375,1351.5999755859375,1351.9000244140625,1351.5999755859375,1351.699951171875,6060
2026-04-23 07:43:00+00:00,1351.5999755859375,1351.5999755859375,1351.699951171875,1351.5,1351.5999755859375,8663
2026-04-23 07:44:00+00:00,1352.199951171875,1352.199951171875,1352.699951171875,1351.5,1351.5,19598
2026-04-23 07:45:00+00:00,1352.0,1352.0,1352.699951171875,1351.800048828125,1352.199951171875,27713
2026-04-23 07:46:00+00:00,1352.199951171875,1352.199951171875,1352.4000244140625,1351.5999755859375,1352.4000244140625,16808
2026-04-23 07:47:00+00:00,1352.199951171875,1352.199951171875,1352.5999755859375,1351.9000244140625,1352.199951171875,22810
2026-04-23 07:48:00+00:00,1352.300048828125,1352.300048828125,1352.5999755859375,1351.9000244140625,1352.199951171875,13686
2026-04-23 07:49:00+00:00,1353.0999755859375,1353.0999755859375,1353.0999755859375,1352.199951171875,1352.5999755859375,79982
2026-04-23 07:50:00+00:00,1352.9000244140625,1352.9000244140625,1353.5,1352.5,1353.199951171875,47516
2026-04-23 07:51:00+00:00,1352.800048828125,1352.800048828125,1353.199951171875,1352.5,1352.9000244140625,24195
2026-04-23 07:52:00+00:00,1353.0999755859375,1353.0999755859375,1353.199951171875,1352.300048828125,1352.800048828125,35570
2026-04-23 07:53:00+00:00,1353.699951171875,1353.699951171875,1353.9000244140625,1352.699951171875,1353.0,44758
2026-04-23 07:54:00+00:00,1354.300048828125,1354.300048828125,1354.699951171875,1353.800048828125,1353.800048828125,69217
2026-04-23 07:55:00+00:00,1354.199951171875,1354.199951171875,1355.0,1354.199951171875,1354.300048828125,48046
2026-04-23 07:56:00+00:00,1351.800048828125,1351.800048828125,1354.4000244140625,1351.699951171875,1354.4000244140625,109414
2026-04-23 07:57:00+00:00,1352.0,1352.0,1352.0,1351.800048828125,1351.9000244140625,15387
2026-04-23 07:58:00+00:00,1351.9000244140625,1351.9000244140625,1352.9000244140625,1351.0999755859375,1351.9000244140625,51431
2026-04-23 07:59:00+00:00,1352.800048828125,1352.800048828125,1353.0,1351.9000244140625,1351.9000244140625,67346
2026-04-23 08:00:00+00:00,1352.4000244140625,1352.4000244140625,1353.0,1352.0,1352.5999755859375,45103
2026-04-23 08:01:00+00:00,1352.199951171875,1352.199951171875,1352.5999755859375,1352.0999755859375,1352.4000244140625,10895
2026-04-23 08:02:00+00:00,1352.300048828125,1352.300048828125,1352.5,1352.0999755859375,1352.5,6175
2026-04-23 08:03:00+00:00,1352.0999755859375,1352.0999755859375,1352.4000244140625,1351.9000244140625,1352.199951171875,9494
2026-04-23 08:04:00+00:00,1352.5,1352.5,1352.5,1351.9000244140625,1352.0999755859375,7192
2026-04-23 08:05:00+00:00,1352.199951171875,1352.199951171875,1352.4000244140625,1352.0,1352.4000244140625,7079
2026-04-23 08:06:00+00:00,1351.800048828125,1351.800048828125,1352.0999755859375,1351.800048828125,1351.9000244140625,7905
2026-04-23 08:07:00+00:00,1351.5,1351.5,1352.4000244140625,1351.5,1351.800048828125,14292
2026-04-23 08:08:00+00:00,1350.9000244140625,1350.9000244140625,1351.5999755859375,1350.9000244140625,1351.5999755859375,12324
2026-04-23 08:09:00+00:00,1350.300048828125,1350.300048828125,1351.0999755859375,1350.0999755859375,1351.0999755859375,41295
2026-04-23 08:10:00+00:00,1350.5,1350.5,1351.199951171875,1349.0999755859375,1350.800048828125,819989
2026-04-23 08:11:00+00:00,1349.5999755859375,1349.5999755859375,1350.5,1349.5,1350.5,12367
2026-04-23 08:12:00+00:00,1349.5,1349.5,1349.5,1349.0999755859375,1349.5,8636
2026-04-23 08:13:00+00:00,1350.0,1350.0,1350.0,1349.4000244140625,1349.5,19890
2026-04-23 08:14:00+00:00,1350.300048828125,1350.300048828125,1350.4000244140625,1349.5,1349.699951171875,7340
2026-04-23 08:15:00+00:00,1350.199951171875,1350.199951171875,1350.5,1349.800048828125,1350.300048828125,36281
2026-04-23 08:16:00+00:00,1350.4000244140625,1350.4000244140625,1350.4000244140625,1350.199951171875,1350.300048828125,5552
2026-04-23 08:17:00+00:00,1350.800048828125,1350.800048828125,1350.9000244140625,1350.4000244140625,1350.800048828125,11122
2026-04-23 08:18:00+00:00,1350.9000244140625,1350.9000244140625,1351.5,1350.800048828125,1350.800048828125,13992
2026-04-23 08:19:00+00:00,1350.5,1350.5,1351.0,1350.4000244140625,1350.9000244140625,11878
2026-04-23 08:20:00+00:00,1351.5999755859375,1351.5999755859375,1351.800048828125,1350.800048828125,1350.9000244140625,11736
2026-04-23 08:21:00+00:00,1351.9000244140625,1351.9000244140625,1351.9000244140625,1351.4000244140625,1351.5999755859375,7538
2026-04-23 08:22:00+00:00,1352.300048828125,1352.300048828125,1352.699951171875,1351.800048828125,1351.800048828125,10921
2026-04-23 08:23:00+00:00,1351.9000244140625,1351.9000244140625,1352.300048828125,1351.5999755859375,1352.300048828125,18139
2026-04-23 08:24:00+00:00,1352.4000244140625,1352.4000244140625,1352.4000244140625,1351.5999755859375,1351.9000244140625,8136
2026-04-23 08:25:00+00:00,1352.4000244140625,1352.4000244140625,1352.5,1352.300048828125,1352.4000244140625,8900
2026-04-23 08:26:00+00:00,1352.699951171875,1352.699951171875,1353.199951171875,1352.300048828125,1352.300048828125,12685
2026-04-23 08:27:00+00:00,1353.0,1353.0,1353.300048828125,1352.800048828125,1353.0999755859375,16158
2026-04-23 08:28:00+00:00,1352.699951171875,1352.699951171875,1353.199951171875,1352.4000244140625,1353.0999755859375,25147
2026-04-23 08:29:00+00:00,1352.5,1352.5,1352.9000244140625,1352.4000244140625,1352.5999755859375,22064
2026-04-23 08:30:00+00:00,1352.300048828125,1352.300048828125,1352.5999755859375,1351.699951171875,1352.5999755859375,15890
2026-04-23 08:31:00+00:00,1351.9000244140625,1351.9000244140625,1352.4000244140625,1351.9000244140625,1352.300048828125,8370
2026-04-23 08:32:00+00:00,1350.5,1350.5,1350.9000244140625,1350.0,1350.0,457192
2026-04-23 08:33:00+00:00,1350.699951171875,1350.699951171875,1351.0,1350.0999755859375,1350.5,12113
2026-04-23 08:34:00+00:00,1350.800048828125,1350.800048828125,1351.5,1350.5999755859375,1350.699951171875,8400
2026-04-23 08:35:00+00:00,1350.5999755859375,1350.5999755859375,1351.0,1350.0999755859375,1350.9000244140625,18534
2026-04-23 08:36:00+00:00,1350.5,1350.5,1351.0,1350.0,1350.5,23317
2026-04-23 08:37:00+00:00,1350.4000244140625,1350.4000244140625,1351.300048828125,1350.0,1350.0,40810
2026-04-23 08:38:00+00:00,1350.0,1350.0,1350.5,1349.5,1350.300048828125,30769
2026-04-23 08:39:00+00:00,1349.5,1349.5,1350.0,1349.4000244140625,1349.9000244140625,8150
2026-04-23 08:40:00+00:00,1349.4000244140625,1349.4000244140625,1349.5,1349.0,1349.5,13084
2026-04-23 08:41:00+00:00,1349.4000244140625,1349.4000244140625,1349.5,1349.0,1349.0,12814
2026-04-23 08:42:00+00:00,1349.5,1349.5,1349.5,1349.0999755859375,1349.300048828125,14677
2026-04-23 08:43:00+00:00,1349.4000244140625,1349.4000244140625,1349.800048828125,1349.300048828125,1349.5,40513
2026-04-23 08:44:00+00:00,1349.4000244140625,1349.4000244140625,1350.0,1349.0999755859375,1349.300048828125,33232
2026-04-23 08:45:00+00:00,1349.300048828125,1349.300048828125,1349.9000244140625,1349.0,1349.0999755859375,78601
2026-04-23 08:46:00+00:00,1350.4000244140625,1350.4000244140625,1350.5999755859375,1349.5,1350.0,14137
2026-04-23 08:47:00+00:00,1350.4000244140625,1350.4000244140625,1351.199951171875,1350.4000244140625,1350.5999755859375,17070
2026-04-23 08:48:00+00:00,1350.0999755859375,1350.0999755859375,1350.5,1350.0,1350.5,26784
2026-04-23 08:49:00+00:00,1349.0999755859375,1349.0999755859375,1350.4000244140625,1349.0999755859375,1350.4000244140625,40821
2026-04-23 08:50:00+00:00,1349.300048828125,1349.300048828125,1349.4000244140625,1348.199951171875,1349.0,44231
2026-04-23 08:51:00+00:00,1348.5,1348.5,1349.5999755859375,1348.5,1349.0999755859375,14099
2026-04-23 08:52:00+00:00,1348.5999755859375,1348.5999755859375,1349.0999755859375,1348.0999755859375,1348.5999755859375,66423
2026-04-23 08:53:00+00:00,1348.800048828125,1348.800048828125,1349.300048828125,1348.5,1349.0,15704
2026-04-23 08:54:00+00:00,1347.0999755859375,1347.0999755859375,1348.800048828125,1347.0999755859375,1348.699951171875,88134
2026-04-23 08:55:00+00:00,1347.0,1347.0,1347.699951171875,1346.699951171875,1347.0,28102
2026-04-23 08:56:00+00:00,1346.699951171875,1346.699951171875,1347.0,1346.300048828125,1347.0,64813
2026-04-23 08:57:00+00:00,1346.0,1346.0,1347.0,1346.0,1346.300048828125,44484
2026-04-23 08:58:00+00:00,1346.0999755859375,1346.0999755859375,1346.5,1345.5999755859375,1345.9000244140625,24508
2026-04-23 08:59:00+00:00,1346.199951171875,1346.199951171875,1346.800048828125,1346.0999755859375,1346.0999755859375,10326
2026-04-23 09:00:00+00:00,1346.199951171875,1346.199951171875,1347.0,1346.0999755859375,1346.199951171875,53963
2026-04-23 09:01:00+00:00,1345.9000244140625,1345.9000244140625,1346.4000244140625,1345.9000244140625,1346.4000244140625,17986
2026-04-23 09:02:00+00:00,1345.5999755859375,1345.5999755859375,1346.0999755859375,1345.199951171875,1346.0,20784
2026-04-23 09:03:00+00:00,1345.300048828125,1345.300048828125,1345.699951171875,1345.300048828125,1345.5999755859375,8208
2026-04-23 09:04:00+00:00,1345.300048828125,1345.300048828125,1345.699951171875,1345.199951171875,1345.5,19045
2026-04-23 09:05:00+00:00,1344.699951171875,1344.699951171875,1345.699951171875,1344.199951171875,1345.199951171875,85818
2026-04-23 09:06:00+00:00,1344.5999755859375,1344.5999755859375,1345.0999755859375,1344.5999755859375,1344.699951171875,48650
2026-04-23 09:07:00+00:00,1344.5999755859375,1344.5999755859375,1344.9000244140625,1344.5,1344.800048828125,20537
2026-04-23 09:08:00+00:00,1344.4000244140625,1344.4000244140625,1344.699951171875,1344.4000244140625,1344.5999755859375,15102
2026-04-23 09:09:00+00:00,1344.4000244140625,1344.4000244140625,1344.699951171875,1344.300048828125,1344.5,12953
2026-04-23 09:10:00+00:00,1344.5,1344.5,1344.5999755859375,1344.199951171875,1344.199951171875,18317
2026-04-23 09:11:00+00:00,1344.0999755859375,1344.0999755859375,1344.5,1344.0999755859375,1344.5,15782
2026-04-23 09:12:00+00:00,1344.4000244140625,1344.4000244140625,1344.5,1343.699951171875,1344.0999755859375,60722
2026-04-23 09:13:00+00:00,1344.0999755859375,1344.0999755859375,1344.5,1344.0999755859375,1344.4000244140625,11838
2026-04-23 09:14:00+00:00,1343.699951171875,1343.699951171875,1344.0999755859375,1343.0,1344.0999755859375,73427
2026-04-23 09:15:00+00:00,1342.9000244140625,1342.9000244140625,1343.699951171875,1342.5,1343.699951171875,32767
2026-04-23 09:16:00+00:00,1343.699951171875,1343.699951171875,1343.699951171875,1343.300048828125,1343.4000244140625,15848
2026-04-23 09:17:00+00:00,1344.199951171875,1344.199951171875,1344.5999755859375,1343.5999755859375,1343.800048828125,38403
2026-04-23 09:18:00+00:00,1344.0,1344.0,1344.699951171875,1344.0,1344.300048828125,44149
2026-04-23 09:19:00+00:00,1343.699951171875,1343.699951171875,1344.0999755859375,1343.5999755859375,1344.0999755859375,26723
2026-04-23 09:20:00+00:00,1344.699951171875,1344.699951171875,1344.9000244140625,1343.699951171875,1343.699951171875,21673
2026-04-23 09:21:00+00:00,1344.0999755859375,1344.0999755859375,1344.800048828125,1344.0999755859375,1344.5,16115
2026-04-23 09:22:00+00:00,1344.4000244140625,1344.4000244140625,1345.0999755859375,1343.800048828125,1344.0,118967
2026-04-23 09:23:00+00:00,1344.5,1344.5,1345.0,1343.300048828125,1344.4000244140625,141739
2026-04-23 09:24:00+00:00,1344.0999755859375,1344.0999755859375,1345.199951171875,1344.0,1345.0,43162
2026-04-23 09:25:00+00:00,1343.800048828125,1343.800048828125,1344.300048828125,1343.5999755859375,1344.199951171875,16635
2026-04-23 09:26:00+00:00,1343.4000244140625,1343.4000244140625,1343.9000244140625,1343.4000244140625,1343.800048828125,18548
2026-04-23 09:27:00+00:00,1343.5999755859375,1343.5999755859375,1344.0999755859375,1343.199951171875,1343.5,55001
2026-04-23 09:28:00+00:00,1343.800048828125,1343.800048828125,1343.9000244140625,1343.699951171875,1343.699951171875,8100
2026-04-23 09:29:00+00:00,1343.9000244140625,1343.9000244140625,1344.0,1343.800048828125,1343.800048828125,30857
2026-04-23 09:30:00+00:00,1343.5999755859375,1343.5999755859375,1343.800048828125,1343.5,1343.5999755859375,63646
2026-04-23 09:31:00+00:00,1344.800048828125,1344.800048828125,1344.9000244140625,1343.5999755859375,1343.5999755859375,59991
2026-04-23 09:32:00+00:00,1344.199951171875,1344.199951171875,1346.5999755859375,1344.199951171875,1344.800048828125,665300
2026-04-23 09:33:00+00:00,1343.9000244140625,1343.9000244140625,1344.9000244140625,1342.4000244140625,1344.9000244140625,500803
2026-04-23 09:34:00+00:00,1343.699951171875,1343.699951171875,1344.5999755859375,1343.0,1343.800048828125,285099
2026-04-23 09:35:00+00:00,1343.9000244140625,1343.9000244140625,1345.4000244140625,1343.9000244140625,1344.300048828125,210247
2026-04-23 09:36:00+00:00,1343.4000244140625,1343.4000244140625,1344.300048828125,1342.800048828125,1344.300048828125,125293
2026-04-23 09:37:00+00:00,1342.699951171875,1342.699951171875,1344.0999755859375,1342.699951171875,1343.5,179110
2026-04-23 09:38:00+00:00,1342.9000244140625,1342.9000244140625,1343.4000244140625,1342.4000244140625,1343.0999755859375,188646
2026-04-23 09:39:00+00:00,1343.699951171875,1343.699951171875,1343.699951171875,1342.699951171875,1342.800048828125,92334
2026-04-23 09:40:00+00:00,1342.4000244140625,1342.4000244140625,1343.4000244140625,1342.0999755859375,1343.4000244140625,129549
2026-04-23 09:41:00+00:00,1342.300048828125,1342.300048828125,1342.5,1342.0999755859375,1342.300048828125,57386
2026-04-23 09:42:00+00:00,1341.0,1341.0,1342.4000244140625,1340.9000244140625,1342.300048828125,164976
2026-04-23 09:43:00+00:00,1341.699951171875,1341.699951171875,1342.5,1340.800048828125,1341.0,164677
2026-04-23 09:44:00+00:00,1341.9000244140625,1341.9000244140625,1342.199951171875,1341.5,1341.800048828125,85343
2026-04-23 09:45:00+00:00,1342.0999755859375,1342.0999755859375,1342.9000244140625,1341.5999755859375,1342.0,197223
2026-04-23 09:46:00+00:00,1341.699951171875,1341.699951171875,1342.0,1340.699951171875,1341.9000244140625,195883
2026-04-23 09:47:00+00:00,1342.5,1342.5,1342.5999755859375,1341.5,1341.800048828125,95633
2026-04-23 09:48:00+00:00,1343.199951171875,1343.199951171875,1343.199951171875,1342.199951171875,1342.4000244140625,53350
2026-04-23 09:49:00+00:00,1343.0999755859375,1343.0999755859375,1343.199951171875,1342.699951171875,1343.0999755859375,77363
2026-04-23 09:50:00+00:00,1343.9000244140625,1343.9000244140625,1343.9000244140625,1342.0999755859375,1343.199951171875,151236
2026-04-23 09:51:00+00:00,1343.300048828125,1343.300048828125,1343.9000244140625,1343.0,1343.5999755859375,103684
2026-04-23 09:52:00+00:00,1342.5,1342.5,1343.4000244140625,1342.4000244140625,1343.4000244140625,42640
2026-04-23 09:53:00+00:00,1343.300048828125,1343.300048828125,1343.300048828125,1342.4000244140625,1342.4000244140625,49268
2026-04-23 09:54:00+00:00,1343.0,1343.0,1343.5,1342.800048828125,1343.199951171875,65310
2026-04-23 09:55:00+00:00,1343.4000244140625,1343.4000244140625,1343.5999755859375,1342.300048828125,1343.5,73402
2026-04-23 09:56:00+00:00,1343.4000244140625,1343.4000244140625,1343.5,1342.800048828125,1343.4000244140625,33911
2026-04-23 09:57:00+00:00,1344.199951171875,1344.199951171875,1344.5,1343.5999755859375,1343.699951171875,39471
2026-04-23 09:58:00+00:00,1344.300048828125,1344.300048828125,1344.5999755859375,1343.699951171875,1344.199951171875,54341
2026-04-23 09:59:00+00:00,1344.4000244140625,1344.4000244140625,1344.5,1343.0,1344.4000244140625,103165
2026-04-24 03:45:00+00:00,1344.0,1344.0,1345.0,1340.0,1341.0999755859375,0
2026-04-24 03:46:00+00:00,1343.9000244140625,1343.9000244140625,1344.0999755859375,1342.0999755859375,1344.0,162405
2026-04-24 03:47:00+00:00,1341.5999755859375,1341.5999755859375,1344.300048828125,1341.0,1344.300048828125,103963
2026-04-24 03:48:00+00:00,1341.0,1341.0,1342.9000244140625,1340.5,1341.5999755859375,45287
2026-04-24 03:49:00+00:00,1341.5,1341.5,1341.5,1340.199951171875,1341.0,27797
2026-04-24 03:50:00+00:00,1337.4000244140625,1337.4000244140625,1340.300048828125,1337.4000244140625,1340.199951171875,86323
2026-04-24 03:51:00+00:00,1340.0,1340.0,1340.0,1337.5,1338.0999755859375,40958
2026-04-24 03:52:00+00:00,1340.300048828125,1340.300048828125,1341.0,1339.5999755859375,1339.9000244140625,78579
2026-04-24 03:53:00+00:00,1341.199951171875,1341.199951171875,1342.0,1340.0,1340.0,73233
2026-04-24 03:54:00+00:00,1340.0,1340.0,1340.9000244140625,1340.0,1340.9000244140625,48164
2026-04-24 03:55:00+00:00,1339.5,1339.5,1339.5999755859375,1338.5999755859375,1339.199951171875,51771
2026-04-24 03:56:00+00:00,1338.800048828125,1338.800048828125,1339.5,1338.5999755859375,1339.0,42207
2026-04-24 03:57:00+00:00,1338.9000244140625,1338.9000244140625,1339.0,1338.699951171875,1338.800048828125,22934
2026-04-24 03:58:00+00:00,1338.5999755859375,1338.5999755859375,1338.9000244140625,1338.4000244140625,1338.9000244140625,30801
2026-04-24 03:59:00+00:00,1338.4000244140625,1338.4000244140625,1338.699951171875,1338.4000244140625,1338.5,28424
2026-04-24 04:00:00+00:00,1338.300048828125,1338.300048828125,1338.5999755859375,1337.5,1338.199951171875,89931
2026-04-24 04:01:00+00:00,1338.5,1338.5,1338.5,1338.0,1338.5,39677
2026-04-24 04:02:00+00:00,1338.699951171875,1338.699951171875,1339.5999755859375,1338.5,1338.5,54465
2026-04-24 04:03:00+00:00,1339.9000244140625,1339.9000244140625,1339.9000244140625,1339.0,1339.0,24321
2026-04-24 04:04:00+00:00,1339.4000244140625,1339.4000244140625,1339.800048828125,1339.4000244140625,1339.800048828125,26040
2026-04-24 04:05:00+00:00,1339.800048828125,1339.800048828125,1340.5,1339.199951171875,1339.5,70495
2026-04-24 04:06:00+00:00,1338.9000244140625,1338.9000244140625,1339.5999755859375,1338.9000244140625,1339.5999755859375,34267
2026-04-24 04:07:00+00:00,1338.9000244140625,1338.9000244140625,1339.0999755859375,1338.0999755859375,1338.4000244140625,42582
2026-04-24 04:08:00+00:00,1338.800048828125,1338.800048828125,1339.0,1338.699951171875,1338.699951171875,16198
2026-04-24 04:09:00+00:00,1338.5,1338.5,1339.0,1338.5,1338.800048828125,12735
2026-04-24 04:10:00+00:00,1336.699951171875,1336.699951171875,1338.5,1336.699951171875,1338.5,35300
2026-04-24 04:11:00+00:00,1336.699951171875,1336.699951171875,1337.0,1336.5,1336.5,12333
2026-04-24 04:12:00+00:00,1337.300048828125,1337.300048828125,1337.4000244140625,1336.800048828125,1336.800048828125,15291
2026-04-24 04:13:00+00:00,1336.5,1336.5,1337.300048828125,1336.5,1337.0,40588
2026-04-24 04:14:00+00:00,1335.5,1335.5,1336.9000244140625,1335.5,1336.9000244140625,23114
2026-04-24 04:15:00+00:00,1336.0,1336.0,1336.0,1335.0999755859375,1335.800048828125,46172
2026-04-24 04:16:00+00:00,1334.300048828125,1334.300048828125,1336.0,1334.300048828125,1335.9000244140625,13892
2026-04-24 04:17:00+00:00,1334.9000244140625,1334.9000244140625,1335.300048828125,1334.4000244140625,1334.4000244140625,13633
2026-04-24 04:18:00+00:00,1336.0,1336.0,1336.300048828125,1334.9000244140625,1334.9000244140625,16675
2026-04-24 04:19:00+00:00,1337.0,1337.0,1337.0,1336.0,1336.0,37614
2026-04-24 04:20:00+00:00,1337.0,1337.0,1337.0,1336.4000244140625,1337.0,32661
2026-04-24 04:21:00+00:00,1338.0,1338.0,1338.0,1336.800048828125,1337.0,11439
2026-04-24 04:22:00+00:00,1338.300048828125,1338.300048828125,1338.4000244140625,1337.5999755859375,1338.0,47508
2026-04-24 04:23:00+00:00,1338.0,1338.0,1338.5,1337.699951171875,1338.0,51383
2026-04-24 04:24:00+00:00,1337.0,1337.0,1338.0,1337.0,1338.0,25836
2026-04-24 04:25:00+00:00,1337.0,1337.0,1337.0,1336.9000244140625,1337.0,19315
2026-04-24 04:26:00+00:00,1338.0,1338.0,1338.0,1337.0,1337.0,14586
2026-04-24 04:27:00+00:00,1337.5999755859375,1337.5999755859375,1338.0,1337.5999755859375,1337.9000244140625,11767
2026-04-24 04:28:00+00:00,1337.5999755859375,1337.5999755859375,1338.0,1337.5999755859375,1338.0,9224
2026-04-24 04:29:00+00:00,1337.699951171875,1337.699951171875,1338.0,1337.699951171875,1337.800048828125,10722
2026-04-24 04:30:00+00:00,1338.4000244140625,1338.4000244140625,1338.5,1337.699951171875,1337.699951171875,11954
2026-04-24 04:31:00+00:00,1338.5,1338.5,1338.5,1338.0,1338.4000244140625,8605
2026-04-24 04:32:00+00:00,1338.0,1338.0,1338.5,1338.0,1338.199951171875,15139
2026-04-24 04:33:00+00:00,1337.5,1337.5,1338.5,1337.5,1337.9000244140625,27402
2026-04-24 04:34:00+00:00,1337.5,1337.5,1338.0,1337.300048828125,1338.0,11714
2026-04-24 04:35:00+00:00,1337.699951171875,1337.699951171875,1337.9000244140625,1337.699951171875,1337.9000244140625,8840
2026-04-24 04:36:00+00:00,1338.0,1338.0,1338.199951171875,1337.300048828125,1337.300048828125,12695
2026-04-24 04:37:00+00:00,1338.0,1338.0,1338.9000244140625,1337.5999755859375,1338.4000244140625,257590
2026-04-24 04:38:00+00:00,1338.300048828125,1338.300048828125,1338.300048828125,1337.699951171875,1338.0999755859375,10444
2026-04-24 04:39:00+00:00,1338.0,1338.0,1338.300048828125,1338.0,1338.300048828125,10453
2026-04-24 04:40:00+00:00,1338.0999755859375,1338.0999755859375,1338.0999755859375,1337.5999755859375,1338.0,35416
2026-04-24 04:41:00+00:00,1338.0999755859375,1338.0999755859375,1338.0999755859375,1337.5,1338.0999755859375,4305
2026-04-24 04:42:00+00:00,1338.0,1338.0,1338.300048828125,1337.5,1338.0999755859375,26189
2026-04-24 04:43:00+00:00,1337.800048828125,1337.800048828125,1338.199951171875,1337.699951171875,1338.0,12033
2026-04-24 04:44:00+00:00,1338.300048828125,1338.300048828125,1338.300048828125,1337.800048828125,1337.800048828125,7546
2026-04-24 04:45:00+00:00,1337.199951171875,1337.199951171875,1337.9000244140625,1337.199951171875,1337.699951171875,12058
2026-04-24 04:46:00+00:00,1338.0,1338.0,1338.0,1337.0999755859375,1337.199951171875,5671
2026-04-24 04:47:00+00:00,1338.199951171875,1338.199951171875,1338.199951171875,1337.5999755859375,1337.9000244140625,6176
2026-04-24 04:48:00+00:00,1338.0,1338.0,1338.0,1337.4000244140625,1337.9000244140625,6861
2026-04-24 04:49:00+00:00,1336.699951171875,1336.699951171875,1338.0,1336.699951171875,1338.0,541490
2026-04-24 04:50:00+00:00,1335.9000244140625,1335.9000244140625,1336.5999755859375,1335.699951171875,1336.5,35202
2026-04-24 04:51:00+00:00,1335.4000244140625,1335.4000244140625,1335.800048828125,1335.0,1335.800048828125,29291
2026-04-24 04:52:00+00:00,1334.0,1334.0,1335.4000244140625,1333.5999755859375,1335.300048828125,45477
2026-04-24 04:53:00+00:00,1333.699951171875,1333.699951171875,1334.0,1333.0,1334.0,24895
2026-04-24 04:54:00+00:00,1334.0,1334.0,1334.5999755859375,1333.5999755859375,1333.5999755859375,12344
2026-04-24 04:55:00+00:00,1334.0,1334.0,1334.199951171875,1333.300048828125,1334.0,7282
2026-04-24 04:56:00+00:00,1334.5,1334.5,1334.800048828125,1333.5999755859375,1334.0,14286
2026-04-24 04:57:00+00:00,1335.5999755859375,1335.5999755859375,1335.800048828125,1334.5,1334.800048828125,13505
2026-04-24 04:58:00+00:00,1335.199951171875,1335.199951171875,1335.699951171875,1334.9000244140625,1335.4000244140625,27996
2026-04-24 04:59:00+00:00,1335.800048828125,1335.800048828125,1336.0,1334.9000244140625,1335.300048828125,4203
2026-04-24 05:00:00+00:00,1335.5,1335.5,1335.699951171875,1335.199951171875,1335.5,8140
2026-04-24 05:01:00+00:00,1335.5,1335.5,1336.199951171875,1335.0,1335.699951171875,11126
2026-04-24 05:02:00+00:00,1335.0,1335.0,1335.5,1334.699951171875,1335.4000244140625,5241
2026-04-24 05:03:00+00:00,1335.9000244140625,1335.9000244140625,1335.9000244140625,1335.199951171875,1335.199951171875,10875
2026-04-24 05:04:00+00:00,1335.0999755859375,1335.0999755859375,1335.9000244140625,1335.0999755859375,1335.5999755859375,19553
2026-04-24 05:05:00+00:00,1335.300048828125,1335.300048828125,1335.300048828125,1334.9000244140625,1335.199951171875,4295
2026-04-24 05:06:00+00:00,1334.800048828125,1334.800048828125,1335.199951171875,1334.199951171875,1335.199951171875,8384
2026-04-24 05:07:00+00:00,1334.0,1334.0,1335.0,1333.9000244140625,1335.0,39644
2026-04-24 05:08:00+00:00,1334.0,1334.0,1334.699951171875,1333.699951171875,1334.5,48634
2026-04-24 05:09:00+00:00,1335.5,1335.5,1335.5,1334.0,1334.5,9046
2026-04-24 05:10:00+00:00,1335.9000244140625,1335.9000244140625,1336.0,1335.199951171875,1335.300048828125,13127
2026-04-24 05:11:00+00:00,1335.5,1335.5,1336.0999755859375,1335.300048828125,1336.0,4613
2026-04-24 05:12:00+00:00,1333.4000244140625,1333.4000244140625,1335.5,1333.4000244140625,1335.5,13229
2026-04-24 05:13:00+00:00,1334.0,1334.0,1334.0,1333.4000244140625,1333.9000244140625,11383
2026-04-24 05:14:00+00:00,1333.5,1333.5,1334.0,1333.0,1333.800048828125,15644
2026-04-24 05:15:00+00:00,1333.699951171875,1333.699951171875,1333.699951171875,1333.199951171875,1333.5,4578
2026-04-24 05:16:00+00:00,1333.800048828125,1333.800048828125,1333.800048828125,1333.199951171875,1333.199951171875,13713
2026-04-24 05:17:00+00:00,1333.0,1333.0,1333.699951171875,1332.5,1333.699951171875,18541
2026-04-24 05:18:00+00:00,1332.199951171875,1332.199951171875,1333.300048828125,1331.699951171875,1333.300048828125,24674
2026-04-24 05:19:00+00:00,1331.5999755859375,1331.5999755859375,1332.4000244140625,1331.4000244140625,1332.199951171875,19043
2026-04-24 05:20:00+00:00,1332.0,1332.0,1332.5999755859375,1331.699951171875,1332.0999755859375,7598
2026-04-24 05:21:00+00:00,1332.699951171875,1332.699951171875,1333.0,1332.0,1332.0,25292
2026-04-24 05:22:00+00:00,1333.4000244140625,1333.4000244140625,1333.5,1332.699951171875,1332.800048828125,10547
2026-04-24 05:23:00+00:00,1333.0999755859375,1333.0999755859375,1333.800048828125,1333.0,1333.0999755859375,13430
2026-04-24 05:24:00+00:00,1333.699951171875,1333.699951171875,1333.800048828125,1332.699951171875,1333.0999755859375,28699
2026-04-24 05:25:00+00:00,1333.0999755859375,1333.0999755859375,1334.199951171875,1332.800048828125,1333.699951171875,60085
2026-04-24 05:26:00+00:00,1333.300048828125,1333.300048828125,1333.5,1332.800048828125,1333.0,3236
2026-04-24 05:27:00+00:00,1332.0,1332.0,1333.4000244140625,1332.0,1333.4000244140625,27164
2026-04-24 05:28:00+00:00,1332.4000244140625,1332.4000244140625,1332.5999755859375,1331.9000244140625,1332.5,19859
2026-04-24 05:29:00+00:00,1331.699951171875,1331.699951171875,1332.5999755859375,1331.300048828125,1332.0999755859375,46976
2026-04-24 05:30:00+00:00,1330.199951171875,1330.199951171875,1331.699951171875,1330.0999755859375,1331.699951171875,51796
2026-04-24 05:31:00+00:00,1330.4000244140625,1330.4000244140625,1330.800048828125,1329.4000244140625,1330.0999755859375,63277
2026-04-24 05:32:00+00:00,1330.699951171875,1330.699951171875,1330.800048828125,1330.0999755859375,1330.4000244140625,13743
2026-04-24 05:33:00+00:00,1331.800048828125,1331.800048828125,1331.800048828125,1330.5999755859375,1330.699951171875,10660
2026-04-24 05:34:00+00:00,1331.0999755859375,1331.0999755859375,1331.800048828125,1331.0,1331.800048828125,19006
2026-04-24 05:35:00+00:00,1331.300048828125,1331.300048828125,1331.5999755859375,1331.0999755859375,1331.4000244140625,10198
2026-04-24 05:36:00+00:00,1331.5,1331.5,1331.5999755859375,1330.699951171875,1331.300048828125,9317
2026-04-24 05:37:00+00:00,1331.0,1331.0,1331.5999755859375,1330.699951171875,1331.300048828125,8960
2026-04-24 05:38:00+00:00,1330.0999755859375,1330.0999755859375,1330.9000244140625,1330.0999755859375,1330.9000244140625,71929
2026-04-24 05:39:00+00:00,1330.699951171875,1330.699951171875,1331.0,1330.0999755859375,1330.5,6749
2026-04-24 05:40:00+00:00,1330.5999755859375,1330.5999755859375,1330.9000244140625,1330.199951171875,1330.300048828125,3488
2026-04-24 05:41:00+00:00,1330.5999755859375,1330.5999755859375,1330.9000244140625,1330.4000244140625,1330.9000244140625,4584
2026-04-24 05:42:00+00:00,1330.300048828125,1330.300048828125,1330.699951171875,1330.0999755859375,1330.699951171875,11036
2026-04-24 05:43:00+00:00,1331.300048828125,1331.300048828125,1331.9000244140625,1330.5999755859375,1330.800048828125,26408
2026-04-24 05:44:00+00:00,1332.0999755859375,1332.0999755859375,1332.4000244140625,1331.5,1331.5,10818
2026-04-24 05:45:00+00:00,1332.0,1332.0,1332.0999755859375,1331.5999755859375,1332.0999755859375,7414
2026-04-24 05:46:00+00:00,1332.199951171875,1332.199951171875,1332.699951171875,1331.9000244140625,1332.0999755859375,51581
2026-04-24 05:47:00+00:00,1330.5999755859375,1330.5999755859375,1332.0999755859375,1330.5,1332.0999755859375,35873
2026-04-24 05:48:00+00:00,1331.5999755859375,1331.5999755859375,1332.4000244140625,1330.800048828125,1331.0,8047
2026-04-24 05:49:00+00:00,1331.5999755859375,1331.5999755859375,1331.9000244140625,1330.699951171875,1331.5,108406
2026-04-24 05:50:00+00:00,1332.0999755859375,1332.0999755859375,1332.0999755859375,1331.0999755859375,1331.5,27640
2026-04-24 05:51:00+00:00,1332.5999755859375,1332.5999755859375,1333.0,1332.0999755859375,1332.0999755859375,68392
2026-04-24 05:52:00+00:00,1333.5,1333.5,1333.5999755859375,1332.5999755859375,1332.699951171875,7798
2026-04-24 05:53:00+00:00,1333.9000244140625,1333.9000244140625,1334.199951171875,1333.0999755859375,1333.5999755859375,14517
2026-04-24 05:54:00+00:00,1333.5999755859375,1333.5999755859375,1334.5,1333.5,1334.300048828125,5264
2026-04-24 05:55:00+00:00,1334.0,1334.0,1334.0,1333.4000244140625,1333.800048828125,11421
2026-04-24 05:56:00+00:00,1334.699951171875,1334.699951171875,1334.9000244140625,1333.9000244140625,1334.0,20095
2026-04-24 05:57:00+00:00,1335.0,1335.0,1335.0999755859375,1334.5,1334.5,22758
2026-04-24 05:58:00+00:00,1335.0,1335.0,1335.5999755859375,1335.0,1335.0999755859375,22365
2026-04-24 05:59:00+00:00,1335.5,1335.5,1335.800048828125,1334.9000244140625,1335.0,16541
2026-04-24 06:00:00+00:00,1335.9000244140625,1335.9000244140625,1335.9000244140625,1335.5,1335.5999755859375,6018
2026-04-24 06:01:00+00:00,1335.699951171875,1335.699951171875,1335.9000244140625,1335.300048828125,1335.9000244140625,20285
2026-04-24 06:02:00+00:00,1335.9000244140625,1335.9000244140625,1335.9000244140625,1335.699951171875,1335.9000244140625,12619
2026-04-24 06:03:00+00:00,1336.0,1336.0,1336.0999755859375,1335.800048828125,1336.0999755859375,8342
2026-04-24 06:04:00+00:00,1335.699951171875,1335.699951171875,1336.0,1335.699951171875,1336.0,12632
2026-04-24 06:05:00+00:00,1335.4000244140625,1335.4000244140625,1335.800048828125,1335.0,1335.199951171875,22075
2026-04-24 06:06:00+00:00,1334.800048828125,1334.800048828125,1335.4000244140625,1334.699951171875,1335.0,14757
2026-04-24 06:07:00+00:00,1334.300048828125,1334.300048828125,1335.0,1334.0,1334.800048828125,15130
2026-04-24 06:08:00+00:00,1334.5999755859375,1334.5999755859375,1334.9000244140625,1334.0,1334.4000244140625,10138
2026-04-24 06:09:00+00:00,1334.0,1334.0,1334.699951171875,1333.9000244140625,1334.5999755859375,17077
2026-04-24 06:10:00+00:00,1333.800048828125,1333.800048828125,1334.199951171875,1332.5,1334.0,121892
2026-04-24 06:11:00+00:00,1333.300048828125,1333.300048828125,1333.9000244140625,1332.699951171875,1333.4000244140625,24110
2026-04-24 06:12:00+00:00,1333.699951171875,1333.699951171875,1334.300048828125,1333.0999755859375,1333.300048828125,87095
2026-04-24 06:13:00+00:00,1333.800048828125,1333.800048828125,1334.199951171875,1333.199951171875,1333.699951171875,31392
2026-04-24 06:14:00+00:00,1334.5,1334.5,1334.5,1333.5,1333.800048828125,12511
2026-04-24 06:15:00+00:00,1334.5999755859375,1334.5999755859375,1335.0,1334.4000244140625,1334.5,32284
2026-04-24 06:16:00+00:00,1335.300048828125,1335.300048828125,1335.699951171875,1334.5999755859375,1334.5999755859375,17656
2026-04-24 06:17:00+00:00,1334.5999755859375,1334.5999755859375,1335.5999755859375,1334.5999755859375,1335.5999755859375,4664
2026-04-24 06:18:00+00:00,1334.699951171875,1334.699951171875,1335.0999755859375,1334.699951171875,1335.0999755859375,20386
2026-04-24 06:19:00+00:00,1334.4000244140625,1334.4000244140625,1334.9000244140625,1334.4000244140625,1334.5999755859375,9938
2026-04-24 06:20:00+00:00,1334.0999755859375,1334.0999755859375,1334.699951171875,1334.0,1334.5,7605
2026-04-24 06:21:00+00:00,1334.300048828125,1334.300048828125,1334.300048828125,1333.699951171875,1333.699951171875,9578
2026-04-24 06:22:00+00:00,1333.800048828125,1333.800048828125,1334.0,1333.5,1334.0,16054
2026-04-24 06:23:00+00:00,1333.699951171875,1333.699951171875,1334.0999755859375,1333.199951171875,1333.800048828125,13716
2026-04-24 06:24:00+00:00,1333.4000244140625,1333.4000244140625,1333.699951171875,1333.0999755859375,1333.699951171875,20308
2026-04-24 06:25:00+00:00,1332.800048828125,1332.800048828125,1333.0,1332.199951171875,1333.0,17591
2026-04-24 06:26:00+00:00,1332.0,1332.0,1332.9000244140625,1331.699951171875,1332.9000244140625,30940
2026-04-24 06:27:00+00:00,1331.5,1331.5,1332.0,1331.4000244140625,1332.0,59401
2026-04-24 06:28:00+00:00,1332.0,1332.0,1332.300048828125,1331.4000244140625,1331.800048828125,45809
2026-04-24 06:29:00+00:00,1331.5999755859375,1331.5999755859375,1332.0,1331.5,1332.0,10440
2026-04-24 06:30:00+00:00,1332.0,1332.0,1332.0,1331.300048828125,1332.0,19151
2026-04-24 06:31:00+00:00,1332.5999755859375,1332.5999755859375,1332.5999755859375,1331.699951171875,1332.0,6865
2026-04-24 06:32:00+00:00,1333.0,1333.0,1333.300048828125,1332.5,1332.5,6569
2026-04-24 06:33:00+00:00,1332.5,1332.5,1333.0999755859375,1332.300048828125,1333.0999755859375,5422
2026-04-24 06:34:00+00:00,1333.0,1333.0,1333.0999755859375,1332.800048828125,1332.800048828125,3017
2026-04-24 06:35:00+00:00,1332.9000244140625,1332.9000244140625,1333.199951171875,1332.9000244140625,1333.0999755859375,8359
2026-04-24 06:36:00+00:00,1332.5,1332.5,1333.0,1332.5,1332.9000244140625,6258
2026-04-24 06:37:00+00:00,1332.199951171875,1332.199951171875,1332.5999755859375,1332.199951171875,1332.4000244140625,8143
2026-04-24 06:38:00+00:00,1332.9000244140625,1332.9000244140625,1332.9000244140625,1332.0999755859375,1332.199951171875,7354
2026-04-24 06:39:00+00:00,1333.0,1333.0,1333.0999755859375,1332.4000244140625,1333.0,25648
2026-04-24 06:40:00+00:00,1332.0,1332.0,1333.0,1331.9000244140625,1333.0,20295
2026-04-24 06:41:00+00:00,1332.0,1332.0,1332.5,1331.5,1332.0,17520
2026-04-24 06:42:00+00:00,1332.0,1332.0,1332.0999755859375,1331.5,1331.9000244140625,9625
2026-04-24 06:43:00+00:00,1332.4000244140625,1332.4000244140625,1333.0,1331.9000244140625,1332.0,19537
2026-04-24 06:44:00+00:00,1332.800048828125,1332.800048828125,1333.0,1332.300048828125,1332.800048828125,8399
2026-04-24 06:45:00+00:00,1332.5999755859375,1332.5999755859375,1333.0,1332.300048828125,1333.0,7751
2026-04-24 06:46:00+00:00,1332.699951171875,1332.699951171875,1332.9000244140625,1332.300048828125,1332.5999755859375,4233
2026-04-24 06:47:00+00:00,1333.0999755859375,1333.0999755859375,1333.0999755859375,1332.9000244140625,1332.9000244140625,4910
2026-04-24 06:48:00+00:00,1332.5,1332.5,1333.0,1332.4000244140625,1333.0,19129
2026-04-24 06:49:00+00:00,1332.0999755859375,1332.0999755859375,1333.699951171875,1332.0999755859375,1332.5,66061
2026-04-24 06:50:00+00:00,1331.800048828125,1331.800048828125,1332.5999755859375,1331.0999755859375,1332.4000244140625,11867
2026-04-24 06:51:00+00:00,1332.0,1332.0,1332.0,1331.199951171875,1331.699951171875,2973
2026-04-24 06:52:00+00:00,1331.300048828125,1331.300048828125,1332.0,1331.199951171875,1332.0,5456
2026-04-24 06:53:00+00:00,1330.699951171875,1330.699951171875,1331.699951171875,1330.4000244140625,1331.4000244140625,43609
2026-04-24 06:54:00+00:00,1329.9000244140625,1329.9000244140625,1330.9000244140625,1329.300048828125,1330.9000244140625,43875
2026-04-24 06:55:00+00:00,1329.5999755859375,1329.5999755859375,1330.199951171875,1329.199951171875,1329.9000244140625,13411
2026-04-24 06:56:00+00:00,1329.5999755859375,1329.5999755859375,1329.9000244140625,1329.199951171875,1329.5999755859375,6199
2026-04-24 06:57:00+00:00,1328.0999755859375,1328.0999755859375,1329.9000244140625,1328.0999755859375,1329.5999755859375,26336
2026-04-24 06:58:00+00:00,1328.0,1328.0,1328.4000244140625,1327.5,1328.0,55185
2026-04-24 06:59:00+00:00,1327.699951171875,1327.699951171875,1328.5999755859375,1327.5999755859375,1328.0,22299
2026-04-24 07:00:00+00:00,1327.4000244140625,1327.4000244140625,1328.0,1327.0,1327.699951171875,27563
2026-04-24 07:01:00+00:00,1327.0,1327.0,1327.9000244140625,1326.800048828125,1327.4000244140625,22359
2026-04-24 07:02:00+00:00,1329.4000244140625,1329.4000244140625,1329.4000244140625,1327.0,1327.0,35763
2026-04-24 07:03:00+00:00,1330.5,1330.5,1330.5,1329.5,1329.5,57303
2026-04-24 07:04:00+00:00,1330.4000244140625,1330.4000244140625,1330.5,1329.699951171875,1330.5,51015
2026-04-24 07:05:00+00:00,1328.800048828125,1328.800048828125,1330.5,1328.5999755859375,1330.5,19161
2026-04-24 07:06:00+00:00,1328.4000244140625,1328.4000244140625,1329.5999755859375,1328.4000244140625,1328.5,13287
2026-04-24 07:07:00+00:00,1329.0999755859375,1329.0999755859375,1329.199951171875,1328.5,1328.699951171875,57806
2026-04-24 07:08:00+00:00,1330.300048828125,1330.300048828125,1330.300048828125,1328.199951171875,1329.0999755859375,71571
2026-04-24 07:09:00+00:00,1330.0,1330.0,1330.300048828125,1329.0999755859375,1330.300048828125,10491
2026-04-24 07:10:00+00:00,1329.5,1329.5,1330.199951171875,1329.4000244140625,1329.9000244140625,13783
2026-04-24 07:11:00+00:00,1329.699951171875,1329.699951171875,1330.0,1329.300048828125,1329.800048828125,7170
2026-04-24 07:12:00+00:00,1329.0,1329.0,1329.699951171875,1328.5,1329.699951171875,15358
2026-04-24 07:13:00+00:00,1329.0,1329.0,1329.699951171875,1328.800048828125,1329.5,8735
2026-04-24 07:14:00+00:00,1329.199951171875,1329.199951171875,1329.800048828125,1328.9000244140625,1328.9000244140625,8729
2026-04-24 07:15:00+00:00,1329.0,1329.0,1329.5,1328.9000244140625,1329.199951171875,8397
2026-04-24 07:16:00+00:00,1329.0,1329.0,1329.0999755859375,1328.5,1329.0,22284
2026-04-24 07:17:00+00:00,1329.800048828125,1329.800048828125,1329.800048828125,1328.800048828125,1329.0,19710
2026-04-24 07:18:00+00:00,1330.300048828125,1330.300048828125,1330.300048828125,1329.699951171875,1329.800048828125,13330
2026-04-24 07:19:00+00:00,1329.9000244140625,1329.9000244140625,1330.699951171875,1329.9000244140625,1330.300048828125,17188
2026-04-24 07:20:00+00:00,1330.9000244140625,1330.9000244140625,1330.9000244140625,1329.9000244140625,1330.0,16256
2026-04-24 07:21:00+00:00,1330.0999755859375,1330.0999755859375,1331.0,1329.5,1331.0,15159
2026-04-24 07:22:00+00:00,1330.300048828125,1330.300048828125,1330.5999755859375,1330.0,1330.0999755859375,7951
2026-04-24 07:23:00+00:00,1330.5,1330.5,1330.5,1330.0,1330.300048828125,4767
2026-04-24 07:24:00+00:00,1330.5,1330.5,1330.5,1330.0,1330.5,7088
2026-04-24 07:25:00+00:00,1330.5,1330.5,1331.0,1330.0999755859375,1330.199951171875,12655
2026-04-24 07:26:00+00:00,1331.0,1331.0,1331.0,1330.300048828125,1330.5999755859375,6700
2026-04-24 07:27:00+00:00,1330.5999755859375,1330.5999755859375,1331.4000244140625,1330.5999755859375,1331.0,11453
2026-04-24 07:28:00+00:00,1329.5999755859375,1329.5999755859375,1331.0,1329.5999755859375,1330.699951171875,14528
2026-04-24 07:29:00+00:00,1330.0,1330.0,1330.300048828125,1329.300048828125,1330.0,20495
2026-04-24 07:30:00+00:00,1329.699951171875,1329.699951171875,1330.199951171875,1329.0999755859375,1330.199951171875,10746
2026-04-24 07:31:00+00:00,1328.9000244140625,1328.9000244140625,1329.699951171875,1328.800048828125,1329.699951171875,13932
2026-04-24 07:32:00+00:00,1329.199951171875,1329.199951171875,1329.5,1329.0,1329.0,5024
2026-04-24 07:33:00+00:00,1328.5,1328.5,1329.0,1328.5,1329.0,13308
2026-04-24 07:34:00+00:00,1328.0,1328.0,1328.800048828125,1327.699951171875,1328.800048828125,57444
2026-04-24 07:35:00+00:00,1328.4000244140625,1328.4000244140625,1328.4000244140625,1327.699951171875,1327.9000244140625,14672
2026-04-24 07:36:00+00:00,1328.199951171875,1328.199951171875,1328.4000244140625,1327.9000244140625,1328.300048828125,4907
2026-04-24 07:37:00+00:00,1328.300048828125,1328.300048828125,1328.4000244140625,1328.0,1328.0,5954
2026-04-24 07:38:00+00:00,1328.800048828125,1328.800048828125,1329.0,1328.300048828125,1328.300048828125,26074
2026-04-24 07:39:00+00:00,1328.5999755859375,1328.5999755859375,1329.0,1328.300048828125,1328.800048828125,11162
2026-04-24 07:40:00+00:00,1328.0,1328.0,1328.5,1327.699951171875,1328.5,15412
2026-04-24 07:41:00+00:00,1328.699951171875,1328.699951171875,1328.9000244140625,1328.0,1328.0999755859375,77185
2026-04-24 07:42:00+00:00,1328.9000244140625,1328.9000244140625,1329.300048828125,1328.199951171875,1328.699951171875,22270
2026-04-24 07:43:00+00:00,1328.699951171875,1328.699951171875,1329.0,1328.300048828125,1328.800048828125,21979
2026-04-24 07:44:00+00:00,1328.9000244140625,1328.9000244140625,1329.0999755859375,1327.9000244140625,1328.5,67873
2026-04-24 07:45:00+00:00,1328.699951171875,1328.699951171875,1329.0,1328.199951171875,1328.9000244140625,57832
2026-04-24 07:46:00+00:00,1329.0,1329.0,1329.199951171875,1328.5,1328.5999755859375,18241
2026-04-24 07:47:00+00:00,1329.199951171875,1329.199951171875,1329.5999755859375,1328.9000244140625,1329.0999755859375,38068
2026-04-24 07:48:00+00:00,1329.5999755859375,1329.5999755859375,1329.9000244140625,1329.0999755859375,1329.199951171875,20872
2026-04-24 07:49:00+00:00,1329.699951171875,1329.699951171875,1329.699951171875,1329.0,1329.699951171875,17349
2026-04-24 07:50:00+00:00,1330.699951171875,1330.699951171875,1330.9000244140625,1329.699951171875,1329.699951171875,29109
2026-04-24 07:51:00+00:00,1330.199951171875,1330.199951171875,1331.0999755859375,1330.199951171875,1330.699951171875,27356
2026-04-24 07:52:00+00:00,1331.0999755859375,1331.0999755859375,1331.0999755859375,1330.0999755859375,1330.0999755859375,18076
2026-04-24 07:53:00+00:00,1330.800048828125,1330.800048828125,1331.199951171875,1330.800048828125,1330.9000244140625,20507
2026-04-24 07:54:00+00:00,1330.300048828125,1330.300048828125,1331.0,1330.300048828125,1331.0,38002
2026-04-24 07:55:00+00:00,1330.0999755859375,1330.0999755859375,1330.699951171875,1329.699951171875,1330.4000244140625,22017
2026-04-24 07:56:00+00:00,1331.0,1331.0,1331.199951171875,1329.699951171875,1330.0999755859375,24365
2026-04-24 07:57:00+00:00,1331.9000244140625,1331.9000244140625,1331.9000244140625,1330.9000244140625,1331.0,22059
2026-04-24 07:58:00+00:00,1332.0,1332.0,1332.5,1331.5,1331.800048828125,27227
2026-04-24 07:59:00+00:00,1332.699951171875,1332.699951171875,1333.0,1332.0,1332.0,29189
2026-04-24 08:00:00+00:00,1332.0999755859375,1332.0999755859375,1332.9000244140625,1332.0,1332.5999755859375,23301
2026-04-24 08:01:00+00:00,1332.0999755859375,1332.0999755859375,1332.5999755859375,1331.699951171875,1332.0999755859375,20093
2026-04-24 08:02:00+00:00,1330.800048828125,1330.800048828125,1332.0999755859375,1330.800048828125,1332.0999755859375,24154
2026-04-24 08:03:00+00:00,1330.0,1330.0,1331.5,1330.0,1331.0999755859375,62469
2026-04-24 08:04:00+00:00,1329.5,1329.5,1330.0,1328.699951171875,1330.0,29374
2026-04-24 08:05:00+00:00,1329.699951171875,1329.699951171875,1330.4000244140625,1329.0,1329.4000244140625,34451
2026-04-24 08:06:00+00:00,1329.699951171875,1329.699951171875,1330.0,1329.300048828125,1329.9000244140625,38668
2026-04-24 08:07:00+00:00,1329.5999755859375,1329.5999755859375,1330.0999755859375,1329.199951171875,1329.699951171875,32909
2026-04-24 08:08:00+00:00,1329.4000244140625,1329.4000244140625,1330.0999755859375,1329.199951171875,1329.699951171875,30329
2026-04-24 08:09:00+00:00,1329.4000244140625,1329.4000244140625,1329.800048828125,1328.699951171875,1329.199951171875,34538
2026-04-24 08:10:00+00:00,1329.800048828125,1329.800048828125,1329.800048828125,1328.699951171875,1329.5,19554
2026-04-24 08:11:00+00:00,1329.9000244140625,1329.9000244140625,1330.4000244140625,1329.4000244140625,1329.699951171875,22535
2026-04-24 08:12:00+00:00,1330.0,1330.0,1330.199951171875,1329.300048828125,1329.9000244140625,26509
2026-04-24 08:13:00+00:00,1330.4000244140625,1330.4000244140625,1330.800048828125,1329.800048828125,1330.0,23724
2026-04-24 08:14:00+00:00,1330.0,1330.0,1330.800048828125,1329.9000244140625,1330.4000244140625,43041
2026-04-24 08:15:00+00:00,1330.9000244140625,1330.9000244140625,1330.9000244140625,1329.9000244140625,1330.0,57408
2026-04-24 08:16:00+00:00,1330.199951171875,1330.199951171875,1331.0999755859375,1330.0,1331.0,73241
2026-04-24 08:17:00+00:00,1330.300048828125,1330.300048828125,1330.9000244140625,1329.9000244140625,1330.199951171875,20260
2026-04-24 08:18:00+00:00,1330.300048828125,1330.300048828125,1330.699951171875,1329.9000244140625,1330.0999755859375,21280
2026-04-24 08:19:00+00:00,1330.0,1330.0,1330.9000244140625,1329.9000244140625,1330.300048828125,29039
2026-04-24 08:20:00+00:00,1330.199951171875,1330.199951171875,1330.699951171875,1329.9000244140625,1329.9000244140625,25541
2026-04-24 08:21:00+00:00,1330.5,1330.5,1331.0,1330.0,1330.699951171875,62019
2026-04-24 08:22:00+00:00,1330.5,1330.5,1330.800048828125,1330.0,1330.0,22229
2026-04-24 08:23:00+00:00,1330.800048828125,1330.800048828125,1331.0,1329.9000244140625,1330.5,25394
2026-04-24 08:24:00+00:00,1330.4000244140625,1330.4000244140625,1331.0999755859375,1329.9000244140625,1330.699951171875,47766
2026-04-24 08:25:00+00:00,1331.0,1331.0,1331.0,1330.300048828125,1330.5999755859375,24377
2026-04-24 08:26:00+00:00,1330.5,1330.5,1331.0,1329.9000244140625,1331.0,61674
2026-04-24 08:27:00+00:00,1330.5,1330.5,1330.9000244140625,1330.0,1330.5,24653
2026-04-24 08:28:00+00:00,1330.5,1330.5,1330.9000244140625,1330.0,1330.300048828125,24022
2026-04-24 08:29:00+00:00,1329.800048828125,1329.800048828125,1330.699951171875,1329.699951171875,1330.699951171875,24749
2026-04-24 08:30:00+00:00,1329.0,1329.0,1329.9000244140625,1328.800048828125,1329.800048828125,19684
2026-04-24 08:31:00+00:00,1329.0,1329.0,1329.0,1328.9000244140625,1328.9000244140625,13726
2026-04-24 08:32:00+00:00,1329.0999755859375,1329.0999755859375,1329.0999755859375,1329.0,1329.0,8998
2026-04-24 08:33:00+00:00,1329.5999755859375,1329.5999755859375,1330.0999755859375,1329.4000244140625,1329.5,49377
2026-04-24 08:34:00+00:00,1329.800048828125,1329.800048828125,1330.0999755859375,1329.0,1329.699951171875,86342
2026-04-24 08:35:00+00:00,1329.0,1329.0,1330.0,1328.9000244140625,1329.9000244140625,26479
2026-04-24 08:36:00+00:00,1328.0999755859375,1328.0999755859375,1329.300048828125,1328.0999755859375,1329.0,55198
2026-04-24 08:37:00+00:00,1328.0,1328.0,1328.800048828125,1327.800048828125,1328.5999755859375,31521
2026-04-24 08:38:00+00:00,1328.699951171875,1328.699951171875,1328.9000244140625,1327.699951171875,1327.699951171875,42097
2026-04-24 08:39:00+00:00,1328.5999755859375,1328.5999755859375,1328.800048828125,1328.5,1328.699951171875,6620
2026-04-24 08:40:00+00:00,1328.5,1328.5,1328.9000244140625,1328.4000244140625,1328.5999755859375,7424
2026-04-24 08:41:00+00:00,1328.5999755859375,1328.5999755859375,1329.0,1328.5,1328.5999755859375,5780
2026-04-24 08:42:00+00:00,1328.5,1328.5,1329.0,1328.5,1328.800048828125,7807
2026-04-24 08:43:00+00:00,1329.0,1329.0,1329.0999755859375,1328.5999755859375,1328.5999755859375,5827
2026-04-24 08:44:00+00:00,1328.199951171875,1328.199951171875,1329.0999755859375,1328.0999755859375,1329.0999755859375,13770
2026-04-24 08:45:00+00:00,1328.199951171875,1328.199951171875,1328.199951171875,1327.699951171875,1327.9000244140625,8163
2026-04-24 08:46:00+00:00,1328.699951171875,1328.699951171875,1328.699951171875,1327.9000244140625,1327.9000244140625,5406
2026-04-24 08:47:00+00:00,1328.300048828125,1328.300048828125,1328.9000244140625,1328.300048828125,1328.699951171875,10306
2026-04-24 08:48:00+00:00,1328.699951171875,1328.699951171875,1328.800048828125,1328.300048828125,1328.5,6298
2026-04-24 08:49:00+00:00,1327.9000244140625,1327.9000244140625,1328.699951171875,1327.800048828125,1328.699951171875,13301
2026-04-24 08:50:00+00:00,1327.9000244140625,1327.9000244140625,1327.9000244140625,1327.5,1327.9000244140625,9708
2026-04-24 08:51:00+00:00,1328.5,1328.5,1328.699951171875,1327.9000244140625,1328.0,19707
2026-04-24 08:52:00+00:00,1328.800048828125,1328.800048828125,1329.0,1328.199951171875,1328.5,19425
2026-04-24 08:53:00+00:00,1328.4000244140625,1328.4000244140625,1329.0999755859375,1328.0,1328.9000244140625,26058
2026-04-24 08:54:00+00:00,1328.199951171875,1328.199951171875,1328.5,1327.699951171875,1328.4000244140625,20218
2026-04-24 08:55:00+00:00,1328.5,1328.5,1328.5,1328.0999755859375,1328.0999755859375,10633
2026-04-24 08:56:00+00:00,1328.5,1328.5,1328.699951171875,1328.300048828125,1328.4000244140625,3621
2026-04-24 08:57:00+00:00,1328.800048828125,1328.800048828125,1328.9000244140625,1328.5,1328.699951171875,4619
2026-04-24 08:58:00+00:00,1328.9000244140625,1328.9000244140625,1329.199951171875,1328.699951171875,1328.9000244140625,11919
2026-04-24 08:59:00+00:00,1329.300048828125,1329.300048828125,1329.5,1328.9000244140625,1329.0999755859375,10558
2026-04-24 09:00:00+00:00,1329.699951171875,1329.699951171875,1329.699951171875,1328.9000244140625,1329.0999755859375,14435
2026-04-24 09:01:00+00:00,1330.199951171875,1330.199951171875,1330.300048828125,1329.5999755859375,1329.5999755859375,17713
2026-04-24 09:02:00+00:00,1328.699951171875,1328.699951171875,1330.300048828125,1328.699951171875,1330.0,52552
2026-04-24 09:03:00+00:00,1328.4000244140625,1328.4000244140625,1328.9000244140625,1328.300048828125,1328.800048828125,32826
2026-04-24 09:04:00+00:00,1328.4000244140625,1328.4000244140625,1328.800048828125,1328.0,1328.5999755859375,35120
2026-04-24 09:05:00+00:00,1329.0,1329.0,1329.0,1328.4000244140625,1328.5,8421
2026-04-24 09:06:00+00:00,1329.0,1329.0,1329.0,1328.5999755859375,1329.0,7952
2026-04-24 09:07:00+00:00,1328.300048828125,1328.300048828125,1329.0,1328.300048828125,1329.0,24626
2026-04-24 09:08:00+00:00,1328.800048828125,1328.800048828125,1328.800048828125,1328.300048828125,1328.300048828125,11548
2026-04-24 09:09:00+00:00,1328.0,1328.0,1328.9000244140625,1327.5999755859375,1328.9000244140625,40838
2026-04-24 09:10:00+00:00,1328.5999755859375,1328.5999755859375,1328.5999755859375,1327.800048828125,1328.0,21959
2026-04-24 09:11:00+00:00,1327.9000244140625,1327.9000244140625,1328.5999755859375,1327.9000244140625,1328.199951171875,15105
2026-04-24 09:12:00+00:00,1328.300048828125,1328.300048828125,1328.5,1327.9000244140625,1327.9000244140625,59374
2026-04-24 09:13:00+00:00,1328.0,1328.0,1328.4000244140625,1328.0,1328.199951171875,17507
2026-04-24 09:14:00+00:00,1328.5,1328.5,1328.5,1328.0,1328.0,26787
2026-04-24 09:15:00+00:00,1328.300048828125,1328.300048828125,1328.699951171875,1328.0,1328.5,33055
2026-04-24 09:16:00+00:00,1328.300048828125,1328.300048828125,1328.699951171875,1328.199951171875,1328.5999755859375,40413
2026-04-24 09:17:00+00:00,1328.0999755859375,1328.0999755859375,1328.5999755859375,1328.0,1328.0999755859375,35993
2026-04-24 09:18:00+00:00,1328.199951171875,1328.199951171875,1328.5,1328.0,1328.0999755859375,30869
2026-04-24 09:19:00+00:00,1328.5999755859375,1328.5999755859375,1328.800048828125,1328.0,1328.300048828125,19747
2026-04-24 09:20:00+00:00,1328.300048828125,1328.300048828125,1328.699951171875,1328.199951171875,1328.5999755859375,40753
2026-04-24 09:21:00+00:00,1328.5,1328.5,1328.699951171875,1328.0999755859375,1328.300048828125,12978
2026-04-24 09:22:00+00:00,1327.9000244140625,1327.9000244140625,1328.699951171875,1327.699951171875,1328.5999755859375,65636
2026-04-24 09:23:00+00:00,1328.199951171875,1328.199951171875,1328.5999755859375,1328.0,1328.0,20139
2026-04-24 09:24:00+00:00,1328.300048828125,1328.300048828125,1328.5999755859375,1328.0,1328.0999755859375,13382
2026-04-24 09:25:00+00:00,1328.4000244140625,1328.4000244140625,1328.5999755859375,1328.0,1328.5999755859375,13129
2026-04-24 09:26:00+00:00,1328.5,1328.5,1328.699951171875,1328.0,1328.4000244140625,41629
2026-04-24 09:27:00+00:00,1328.5999755859375,1328.5999755859375,1328.699951171875,1328.300048828125,1328.5,11456
2026-04-24 09:28:00+00:00,1328.699951171875,1328.699951171875,1328.699951171875,1328.199951171875,1328.5999755859375,24641
2026-04-24 09:29:00+00:00,1328.300048828125,1328.300048828125,1328.800048828125,1328.0,1328.4000244140625,17127
2026-04-24 09:30:00+00:00,1327.5,1327.5,1328.199951171875,1327.4000244140625,1328.199951171875,76074
2026-04-24 09:31:00+00:00,1327.300048828125,1327.300048828125,1327.9000244140625,1327.300048828125,1327.5,50344
2026-04-24 09:32:00+00:00,1327.0,1327.0,1327.300048828125,1326.0,1327.199951171875,112068
2026-04-24 09:33:00+00:00,1325.9000244140625,1325.9000244140625,1327.0,1325.9000244140625,1326.9000244140625,54557
2026-04-24 09:34:00+00:00,1326.199951171875,1326.199951171875,1326.199951171875,1325.5,1325.800048828125,83178
2026-04-24 09:35:00+00:00,1325.9000244140625,1325.9000244140625,1326.300048828125,1325.800048828125,1326.199951171875,38734
2026-04-24 09:36:00+00:00,1326.5,1326.5,1326.5,1325.800048828125,1325.9000244140625,42947
2026-04-24 09:37:00+00:00,1327.5,1327.5,1327.699951171875,1326.300048828125,1326.300048828125,35193
2026-04-24 09:38:00+00:00,1328.0,1328.0,1328.5,1327.5999755859375,1327.5999755859375,30251
2026-04-24 09:39:00+00:00,1327.5,1327.5,1328.0999755859375,1327.4000244140625,1328.0,73571
2026-04-24 09:40:00+00:00,1327.300048828125,1327.300048828125,1327.5999755859375,1326.5999755859375,1327.5,52130
2026-04-24 09:41:00+00:00,1327.5,1327.5,1327.5,1327.199951171875,1327.199951171875,22491
2026-04-24 09:42:00+00:00,1327.0,1327.0,1327.5,1326.9000244140625,1327.5,60214
2026-04-24 09:43:00+00:00,1327.0,1327.0,1327.0,1326.800048828125,1326.9000244140625,33125
2026-04-24 09:44:00+00:00,1327.5,1327.5,1327.5,1326.9000244140625,1326.9000244140625,44147
2026-04-24 09:45:00+00:00,1328.5999755859375,1328.5999755859375,1328.5999755859375,1327.4000244140625,1327.5,51312
2026-04-24 09:46:00+00:00,1328.9000244140625,1328.9000244140625,1328.9000244140625,1328.0999755859375,1328.5999755859375,51845
2026-04-24 09:47:00+00:00,1328.0,1328.0,1329.0,1327.800048828125,1328.5,68169
2026-04-24 09:48:00+00:00,1328.300048828125,1328.300048828125,1328.300048828125,1327.5999755859375,1328.0,40963
2026-04-24 09:49:00+00:00,1328.5999755859375,1328.5999755859375,1328.699951171875,1328.199951171875,1328.199951171875,34416
2026-04-24 09:50:00+00:00,1328.0,1328.0,1328.800048828125,1327.800048828125,1328.5,71976
2026-04-24 09:51:00+00:00,1328.4000244140625,1328.4000244140625,1329.0,1328.0,1328.0,52553
2026-04-24 09:52:00+00:00,1329.0,1329.0,1329.0999755859375,1328.0999755859375,1328.300048828125,57003
2026-04-24 09:53:00+00:00,1328.5,1328.5,1329.300048828125,1328.199951171875,1328.9000244140625,65259
2026-04-24 09:54:00+00:00,1328.800048828125,1328.800048828125,1329.0,1328.0,1328.199951171875,47353
2026-04-24 09:55:00+00:00,1329.0,1329.0,1329.5,1328.9000244140625,1329.0999755859375,64221
2026-04-24 09:56:00+00:00,1329.699951171875,1329.699951171875,1329.800048828125,1328.699951171875,1329.0,58656
2026-04-24 09:57:00+00:00,1329.5,1329.5,1330.5,1329.300048828125,1329.699951171875,68605
2026-04-24 09:58:00+00:00,1330.5999755859375,1330.5999755859375,1331.9000244140625,1329.800048828125,1329.9000244140625,47508
2026-04-24 09:59:00+00:00,1331.0,1331.0,1331.5999755859375,1330.0,1330.300048828125,33224
2026-04-27 03:45:00+00:00,1324.5,1324.5,1327.0,1311.0999755859375,1312.300048828125,0
2026-04-27 03:46:00+00:00,1326.300048828125,1326.300048828125,1326.300048828125,1323.5999755859375,1324.0999755859375,200341
2026-04-27 03:47:00+00:00,1329.300048828125,1329.300048828125,1329.9000244140625,1326.800048828125,1326.800048828125,397517
2026-04-27 03:48:00+00:00,1328.5,1328.5,1330.9000244140625,1328.0999755859375,1329.800048828125,229653
2026-04-27 03:49:00+00:00,1328.5,1328.5,1329.5,1326.5,1328.9000244140625,154040
2026-04-27 03:50:00+00:00,1328.4000244140625,1328.4000244140625,1328.800048828125,1327.800048828125,1328.699951171875,89206
2026-04-27 03:51:00+00:00,1330.0,1330.0,1330.0,1327.4000244140625,1328.5,104056
2026-04-27 03:52:00+00:00,1328.199951171875,1328.199951171875,1329.9000244140625,1328.199951171875,1329.9000244140625,71591
2026-04-27 03:53:00+00:00,1325.800048828125,1325.800048828125,1328.699951171875,1325.0999755859375,1328.199951171875,115965
2026-04-27 03:54:00+00:00,1323.0,1323.0,1325.699951171875,1323.0,1325.199951171875,99323
2026-04-27 03:55:00+00:00,1325.9000244140625,1325.9000244140625,1326.300048828125,1323.0,1323.199951171875,95621
2026-04-27 03:56:00+00:00,1323.800048828125,1323.800048828125,1326.199951171875,1323.199951171875,1325.9000244140625,110175
2026-04-27 03:57:00+00:00,1326.199951171875,1326.199951171875,1326.4000244140625,1322.5999755859375,1323.0999755859375,99562
2026-04-27 03:58:00+00:00,1327.0999755859375,1327.0999755859375,1327.699951171875,1326.0999755859375,1326.4000244140625,82505
2026-04-27 03:59:00+00:00,1326.699951171875,1326.699951171875,1327.5,1326.0999755859375,1327.5,39033
2026-04-27 04:00:00+00:00,1327.0,1327.0,1327.5,1326.4000244140625,1326.699951171875,46467
2026-04-27 04:01:00+00:00,1327.300048828125,1327.300048828125,1327.5999755859375,1326.800048828125,1327.0,32291
2026-04-27 04:02:00+00:00,1326.4000244140625,1326.4000244140625,1327.5,1325.0,1327.5,96540
2026-04-27 04:03:00+00:00,1327.300048828125,1327.300048828125,1327.5,1325.5,1326.0,90032
2026-04-27 04:04:00+00:00,1325.9000244140625,1325.9000244140625,1327.699951171875,1325.699951171875,1327.4000244140625,75080
2026-04-27 04:05:00+00:00,1327.0,1327.0,1327.699951171875,1325.4000244140625,1325.4000244140625,57558
2026-04-27 04:06:00+00:00,1327.199951171875,1327.199951171875,1327.699951171875,1326.699951171875,1327.0,59538
2026-04-27 04:07:00+00:00,1326.9000244140625,1326.9000244140625,1327.699951171875,1326.300048828125,1327.199951171875,51728
2026-04-27 04:08:00+00:00,1324.5999755859375,1324.5999755859375,1326.9000244140625,1324.300048828125,1326.9000244140625,97093
2026-04-27 04:09:00+00:00,1324.9000244140625,1324.9000244140625,1325.5,1324.4000244140625,1324.9000244140625,47986
2026-04-27 04:10:00+00:00,1325.5,1325.5,1325.5,1324.5,1324.9000244140625,45997
2026-04-27 04:11:00+00:00,1325.0,1325.0,1325.699951171875,1324.9000244140625,1325.5999755859375,64440
2026-04-27 04:12:00+00:00,1325.0,1325.0,1325.4000244140625,1324.5,1325.300048828125,47804
2026-04-27 04:13:00+00:00,1325.5999755859375,1325.5999755859375,1325.699951171875,1324.5,1324.9000244140625,43907
2026-04-27 04:14:00+00:00,1324.699951171875,1324.699951171875,1325.9000244140625,1324.199951171875,1325.699951171875,50359
2026-04-27 04:15:00+00:00,1327.5,1327.5,1327.699951171875,1325.4000244140625,1325.4000244140625,183333
2026-04-27 04:16:00+00:00,1329.699951171875,1329.699951171875,1329.800048828125,1327.699951171875,1327.699951171875,161014
2026-04-27 04:17:00+00:00,1330.0999755859375,1330.0999755859375,1330.0999755859375,1329.199951171875,1329.5999755859375,111089
2026-04-27 04:18:00+00:00,1330.300048828125,1330.300048828125,1330.699951171875,1330.0,1330.0999755859375,48480
2026-04-27 04:19:00+00:00,1330.0999755859375,1330.0999755859375,1330.300048828125,1329.9000244140625,1330.300048828125,29616
2026-04-27 04:20:00+00:00,1331.4000244140625,1331.4000244140625,1331.5,1330.0,1330.0999755859375,82594
2026-04-27 04:21:00+00:00,1332.0999755859375,1332.0999755859375,1332.300048828125,1331.300048828125,1331.300048828125,82105
2026-04-27 04:22:00+00:00,1332.9000244140625,1332.9000244140625,1333.199951171875,1332.199951171875,1332.199951171875,57382
2026-04-27 04:23:00+00:00,1332.5,1332.5,1333.199951171875,1332.199951171875,1332.9000244140625,41761
2026-04-27 04:24:00+00:00,1336.9000244140625,1336.9000244140625,1337.300048828125,1331.800048828125,1332.199951171875,184293
2026-04-27 04:25:00+00:00,1337.300048828125,1337.300048828125,1337.9000244140625,1336.0,1336.800048828125,84237
2026-04-27 04:26:00+00:00,1340.199951171875,1340.199951171875,1340.5,1337.5,1337.5,235964
2026-04-27 04:27:00+00:00,1341.300048828125,1341.300048828125,1341.300048828125,1339.800048828125,1339.800048828125,94666
2026-04-27 04:28:00+00:00,1341.9000244140625,1341.9000244140625,1342.0,1340.300048828125,1341.300048828125,116348
2026-04-27 04:29:00+00:00,1342.4000244140625,1342.4000244140625,1342.699951171875,1341.300048828125,1342.0999755859375,79133
2026-04-27 04:30:00+00:00,1344.5,1344.5,1344.800048828125,1342.800048828125,1342.800048828125,88889
2026-04-27 04:31:00+00:00,1341.199951171875,1341.199951171875,1344.5,1340.9000244140625,1344.5,112732
2026-04-27 04:32:00+00:00,1341.5999755859375,1341.5999755859375,1341.5999755859375,1340.5,1340.800048828125,45189
2026-04-27 04:33:00+00:00,1342.4000244140625,1342.4000244140625,1342.4000244140625,1340.9000244140625,1341.199951171875,36618
2026-04-27 04:34:00+00:00,1340.5,1340.5,1342.4000244140625,1340.5,1342.4000244140625,39688
2026-04-27 04:35:00+00:00,1340.800048828125,1340.800048828125,1341.0999755859375,1340.0999755859375,1340.5,46582
2026-04-27 04:36:00+00:00,1340.800048828125,1340.800048828125,1340.9000244140625,1340.0999755859375,1340.800048828125,39374
2026-04-27 04:37:00+00:00,1340.199951171875,1340.199951171875,1341.9000244140625,1340.0,1340.9000244140625,95259
2026-04-27 04:38:00+00:00,1339.5,1339.5,1340.4000244140625,1339.5,1340.199951171875,57053
2026-04-27 04:39:00+00:00,1339.5,1339.5,1339.699951171875,1338.4000244140625,1339.300048828125,59291
2026-04-27 04:40:00+00:00,1339.199951171875,1339.199951171875,1339.5,1338.9000244140625,1339.5,19993
2026-04-27 04:41:00+00:00,1340.0,1340.0,1340.0,1338.699951171875,1339.199951171875,53384
2026-04-27 04:42:00+00:00,1340.5999755859375,1340.5999755859375,1340.699951171875,1339.5,1339.800048828125,53599
2026-04-27 04:43:00+00:00,1339.300048828125,1339.300048828125,1340.5999755859375,1339.0,1340.300048828125,19541
2026-04-27 04:44:00+00:00,1339.300048828125,1339.300048828125,1339.5,1339.0,1339.300048828125,14746
2026-04-27 04:45:00+00:00,1339.800048828125,1339.800048828125,1339.800048828125,1339.0,1339.0,22229
2026-04-27 04:46:00+00:00,1341.0,1341.0,1341.5,1339.800048828125,1339.800048828125,106409
2026-04-27 04:47:00+00:00,1340.5,1340.5,1341.0999755859375,1340.0,1341.0,17686
2026-04-27 04:48:00+00:00,1340.0,1340.0,1340.5,1340.0,1340.5,25496
2026-04-27 04:49:00+00:00,1339.9000244140625,1339.9000244140625,1340.0,1339.300048828125,1340.0,21098
2026-04-27 04:50:00+00:00,1338.0,1338.0,1339.699951171875,1338.0,1339.5999755859375,26993
2026-04-27 04:51:00+00:00,1338.5,1338.5,1338.699951171875,1338.0999755859375,1338.199951171875,18891
2026-04-27 04:52:00+00:00,1338.5999755859375,1338.5999755859375,1338.699951171875,1338.0,1338.5999755859375,27953
2026-04-27 04:53:00+00:00,1338.0,1338.0,1338.5999755859375,1337.9000244140625,1338.5999755859375,28875
2026-04-27 04:54:00+00:00,1338.0,1338.0,1338.4000244140625,1338.0,1338.199951171875,10515
2026-04-27 04:55:00+00:00,1338.0999755859375,1338.0999755859375,1338.699951171875,1338.0,1338.199951171875,30047
2026-04-27 04:56:00+00:00,1337.5999755859375,1337.5999755859375,1338.0999755859375,1336.699951171875,1338.0999755859375,41753
2026-04-27 04:57:00+00:00,1336.5999755859375,1336.5999755859375,1337.5999755859375,1336.300048828125,1337.5999755859375,26791
2026-04-27 04:58:00+00:00,1337.199951171875,1337.199951171875,1337.300048828125,1336.300048828125,1336.5999755859375,28595
2026-04-27 04:59:00+00:00,1336.9000244140625,1336.9000244140625,1337.199951171875,1336.9000244140625,1337.199951171875,13774
2026-04-27 05:00:00+00:00,1336.0999755859375,1336.0999755859375,1337.0999755859375,1336.0999755859375,1337.0999755859375,22632
2026-04-27 05:01:00+00:00,1334.5999755859375,1334.5999755859375,1336.300048828125,1334.5,1336.300048828125,55427
2026-04-27 05:02:00+00:00,1334.4000244140625,1334.4000244140625,1334.9000244140625,1333.699951171875,1334.9000244140625,22603
2026-04-27 05:03:00+00:00,1334.0,1334.0,1334.4000244140625,1333.5,1334.4000244140625,23839
2026-04-27 05:04:00+00:00,1333.800048828125,1333.800048828125,1334.0,1332.9000244140625,1334.0,79712
2026-04-27 05:05:00+00:00,1335.0,1335.0,1335.300048828125,1333.4000244140625,1333.5999755859375,41199
2026-04-27 05:06:00+00:00,1336.300048828125,1336.300048828125,1336.300048828125,1335.0,1335.0999755859375,56350
2026-04-27 05:07:00+00:00,1336.5,1336.5,1336.800048828125,1336.300048828125,1336.300048828125,70872
2026-04-27 05:08:00+00:00,1335.0999755859375,1335.0999755859375,1336.699951171875,1335.0999755859375,1336.699951171875,32040
2026-04-27 05:09:00+00:00,1334.4000244140625,1334.4000244140625,1335.4000244140625,1334.0,1335.4000244140625,33137
2026-04-27 05:10:00+00:00,1335.0,1335.0,1335.300048828125,1334.0,1334.4000244140625,64633
2026-04-27 05:11:00+00:00,1335.9000244140625,1335.9000244140625,1336.0,1334.9000244140625,1335.199951171875,27998
2026-04-27 05:12:00+00:00,1336.0,1336.0,1336.199951171875,1335.800048828125,1336.0,23661
2026-04-27 05:13:00+00:00,1336.199951171875,1336.199951171875,1336.4000244140625,1334.5,1336.0,54975
2026-04-27 05:14:00+00:00,1335.800048828125,1335.800048828125,1336.300048828125,1335.4000244140625,1336.199951171875,27914
2026-04-27 05:15:00+00:00,1334.5999755859375,1334.5999755859375,1335.800048828125,1334.5999755859375,1335.800048828125,74957
2026-04-27 05:16:00+00:00,1335.800048828125,1335.800048828125,1335.800048828125,1334.4000244140625,1334.5,77977
2026-04-27 05:17:00+00:00,1335.800048828125,1335.800048828125,1336.0,1335.300048828125,1335.800048828125,29889
2026-04-27 05:18:00+00:00,1334.9000244140625,1334.9000244140625,1335.800048828125,1334.699951171875,1335.699951171875,54611
2026-04-27 05:19:00+00:00,1336.0999755859375,1336.0999755859375,1336.199951171875,1334.9000244140625,1335.300048828125,32593
2026-04-27 05:20:00+00:00,1335.800048828125,1335.800048828125,1336.300048828125,1335.5999755859375,1335.800048828125,91246
2026-04-27 05:21:00+00:00,1335.5999755859375,1335.5999755859375,1336.300048828125,1335.5999755859375,1335.800048828125,59897
2026-04-27 05:22:00+00:00,1336.4000244140625,1336.4000244140625,1337.0,1335.5999755859375,1335.800048828125,88553
2026-04-27 05:23:00+00:00,1337.5,1337.5,1337.5,1336.5,1336.800048828125,113634
2026-04-27 05:24:00+00:00,1338.0999755859375,1338.0999755859375,1338.199951171875,1337.4000244140625,1337.5,87381
2026-04-27 05:25:00+00:00,1337.300048828125,1337.300048828125,1338.0999755859375,1336.9000244140625,1337.9000244140625,112134
2026-04-27 05:26:00+00:00,1337.300048828125,1337.300048828125,1337.9000244140625,1337.0,1337.300048828125,102397
2026-04-27 05:27:00+00:00,1339.5999755859375,1339.5999755859375,1339.5999755859375,1337.199951171875,1337.4000244140625,290196
2026-04-27 05:28:00+00:00,1338.0,1338.0,1340.5999755859375,1337.300048828125,1339.5999755859375,135648
2026-04-27 05:29:00+00:00,1337.300048828125,1337.300048828125,1338.5,1337.0999755859375,1337.9000244140625,14942
2026-04-27 05:30:00+00:00,1337.300048828125,1337.300048828125,1337.5999755859375,1337.0999755859375,1337.0999755859375,18267
2026-04-27 05:31:00+00:00,1336.0999755859375,1336.0999755859375,1337.300048828125,1335.4000244140625,1337.0999755859375,66857
2026-04-27 05:32:00+00:00,1336.0999755859375,1336.0999755859375,1337.0,1336.0,1336.5,19056
2026-04-27 05:33:00+00:00,1336.699951171875,1336.699951171875,1336.699951171875,1335.800048828125,1336.0999755859375,17355
2026-04-27 05:34:00+00:00,1336.5,1336.5,1337.0999755859375,1336.4000244140625,1336.4000244140625,21541
2026-04-27 05:35:00+00:00,1335.800048828125,1335.800048828125,1336.5999755859375,1335.5999755859375,1336.199951171875,17460
2026-04-27 05:36:00+00:00,1337.199951171875,1337.199951171875,1337.699951171875,1335.5999755859375,1335.800048828125,98148
2026-04-27 05:37:00+00:00,1337.0999755859375,1337.0999755859375,1337.199951171875,1336.199951171875,1337.0999755859375,14775
2026-04-27 05:38:00+00:00,1336.0999755859375,1336.0999755859375,1337.0999755859375,1336.0,1337.0999755859375,18837
2026-04-27 05:39:00+00:00,1336.0,1336.0,1336.0,1335.0,1335.699951171875,27533
2026-04-27 05:40:00+00:00,1335.9000244140625,1335.9000244140625,1336.0999755859375,1335.199951171875,1336.0,19861
2026-04-27 05:41:00+00:00,1336.0999755859375,1336.0999755859375,1336.800048828125,1335.0,1335.9000244140625,22932
2026-04-27 05:42:00+00:00,1336.199951171875,1336.199951171875,1336.300048828125,1336.0,1336.300048828125,12396
2026-04-27 05:43:00+00:00,1336.9000244140625,1336.9000244140625,1337.0999755859375,1336.0,1336.199951171875,30563
2026-04-27 05:44:00+00:00,1336.699951171875,1336.699951171875,1337.0,1336.5,1336.9000244140625,19794
2026-04-27 05:45:00+00:00,1338.300048828125,1338.300048828125,1338.300048828125,1336.5,1336.800048828125,53366
2026-04-27 05:46:00+00:00,1338.0999755859375,1338.0999755859375,1338.300048828125,1337.5999755859375,1338.300048828125,21742
2026-04-27 05:47:00+00:00,1338.0999755859375,1338.0999755859375,1338.300048828125,1337.699951171875,1338.0999755859375,40545
2026-04-27 05:48:00+00:00,1338.300048828125,1338.300048828125,1338.4000244140625,1337.4000244140625,1338.0999755859375,25859
2026-04-27 05:49:00+00:00,1339.0999755859375,1339.0999755859375,1339.300048828125,1338.199951171875,1338.199951171875,37788
2026-04-27 05:50:00+00:00,1338.4000244140625,1338.4000244140625,1339.199951171875,1338.199951171875,1339.0999755859375,20396
2026-04-27 05:51:00+00:00,1338.699951171875,1338.699951171875,1338.9000244140625,1337.4000244140625,1338.4000244140625,34457
2026-04-27 05:52:00+00:00,1338.0,1338.0,1338.800048828125,1337.5999755859375,1338.800048828125,41960
2026-04-27 05:53:00+00:00,1338.5,1338.5,1338.5999755859375,1337.699951171875,1338.0,15709
2026-04-27 05:54:00+00:00,1337.9000244140625,1337.9000244140625,1338.5,1337.800048828125,1338.199951171875,18022
2026-04-27 05:55:00+00:00,1337.699951171875,1337.699951171875,1337.9000244140625,1336.9000244140625,1337.800048828125,35216
2026-04-27 05:56:00+00:00,1337.0,1337.0,1337.9000244140625,1336.800048828125,1337.699951171875,14618
2026-04-27 05:57:00+00:00,1337.199951171875,1337.199951171875,1337.800048828125,1336.699951171875,1337.0,19827
2026-04-27 05:58:00+00:00,1336.800048828125,1336.800048828125,1337.800048828125,1336.5999755859375,1337.199951171875,22522
2026-04-27 05:59:00+00:00,1337.0999755859375,1337.0999755859375,1337.4000244140625,1336.4000244140625,1336.800048828125,18358
2026-04-27 06:00:00+00:00,1336.0999755859375,1336.0999755859375,1337.4000244140625,1336.0,1337.0,28157
2026-04-27 06:01:00+00:00,1336.4000244140625,1336.4000244140625,1336.5,1335.0999755859375,1336.0999755859375,45263
2026-04-27 06:02:00+00:00,1336.0,1336.0,1336.5,1335.5,1335.800048828125,17130
2026-04-27 06:03:00+00:00,1335.300048828125,1335.300048828125,1336.0999755859375,1335.0,1336.0,33972
2026-04-27 06:04:00+00:00,1335.9000244140625,1335.9000244140625,1336.0,1335.0,1335.5,29518
2026-04-27 06:05:00+00:00,1335.9000244140625,1335.9000244140625,1336.0,1335.0,1335.9000244140625,33433
2026-04-27 06:06:00+00:00,1335.699951171875,1335.699951171875,1336.5999755859375,1335.5,1336.0,26093
2026-04-27 06:07:00+00:00,1335.0,1335.0,1336.199951171875,1335.0,1335.800048828125,68563
2026-04-27 06:08:00+00:00,1334.5999755859375,1334.5999755859375,1335.300048828125,1334.5,1335.199951171875,49679
2026-04-27 06:09:00+00:00,1335.0,1335.0,1335.5,1334.0,1334.5,49756
2026-04-27 06:10:00+00:00,1335.199951171875,1335.199951171875,1335.4000244140625,1334.800048828125,1335.0,26514
2026-04-27 06:11:00+00:00,1335.800048828125,1335.800048828125,1335.800048828125,1335.0,1335.300048828125,54908
2026-04-27 06:12:00+00:00,1335.5999755859375,1335.5999755859375,1336.0999755859375,1335.0,1335.800048828125,70829
2026-04-27 06:13:00+00:00,1335.0999755859375,1335.0999755859375,1335.699951171875,1335.0,1335.5,18795
2026-04-27 06:14:00+00:00,1335.0999755859375,1335.0999755859375,1335.300048828125,1334.800048828125,1335.0,20583
2026-04-27 06:15:00+00:00,1334.0,1334.0,1335.300048828125,1333.800048828125,1335.199951171875,26685
2026-04-27 06:16:00+00:00,1334.699951171875,1334.699951171875,1334.9000244140625,1333.5,1334.0999755859375,32431
2026-04-27 06:17:00+00:00,1335.0,1335.0,1335.199951171875,1334.5999755859375,1334.800048828125,27627
2026-04-27 06:18:00+00:00,1335.800048828125,1335.800048828125,1335.9000244140625,1335.0,1335.199951171875,33515
2026-04-27 06:19:00+00:00,1337.0,1337.0,1337.4000244140625,1335.699951171875,1335.699951171875,51767
2026-04-27 06:20:00+00:00,1337.300048828125,1337.300048828125,1337.699951171875,1337.0,1337.300048828125,32935
2026-04-27 06:21:00+00:00,1337.5,1337.5,1337.800048828125,1337.199951171875,1337.5999755859375,25877
2026-04-27 06:22:00+00:00,1337.9000244140625,1337.9000244140625,1337.9000244140625,1337.199951171875,1337.5999755859375,34314
2026-04-27 06:23:00+00:00,1338.0,1338.0,1338.0999755859375,1337.4000244140625,1337.9000244140625,30693
2026-04-27 06:24:00+00:00,1337.9000244140625,1337.9000244140625,1338.0,1337.699951171875,1337.9000244140625,25768
2026-04-27 06:25:00+00:00,1338.300048828125,1338.300048828125,1338.5,1337.800048828125,1337.9000244140625,33001
2026-04-27 06:26:00+00:00,1339.0,1339.0,1339.0,1338.5,1338.5,39539
2026-04-27 06:27:00+00:00,1339.300048828125,1339.300048828125,1339.300048828125,1338.800048828125,1339.0,28709
2026-04-27 06:28:00+00:00,1339.699951171875,1339.699951171875,1339.800048828125,1339.199951171875,1339.199951171875,38512
2026-04-27 06:29:00+00:00,1340.0999755859375,1340.0999755859375,1340.5,1339.699951171875,1339.699951171875,67613
2026-04-27 06:30:00+00:00,1339.199951171875,1339.199951171875,1340.199951171875,1339.0,1340.0999755859375,45339
2026-04-27 06:31:00+00:00,1338.9000244140625,1338.9000244140625,1340.0,1338.9000244140625,1339.5,106721
2026-04-27 06:32:00+00:00,1339.4000244140625,1339.4000244140625,1339.9000244140625,1339.0,1339.0999755859375,33704
2026-04-27 06:33:00+00:00,1338.699951171875,1338.699951171875,1339.5,1338.4000244140625,1339.300048828125,24381
2026-04-27 06:34:00+00:00,1339.9000244140625,1339.9000244140625,1339.9000244140625,1338.199951171875,1338.199951171875,25484
2026-04-27 06:35:00+00:00,1339.9000244140625,1339.9000244140625,1340.0,1339.0,1339.9000244140625,31256
2026-04-27 06:36:00+00:00,1339.9000244140625,1339.9000244140625,1340.199951171875,1339.699951171875,1339.800048828125,33429
2026-04-27 06:37:00+00:00,1340.5,1340.5,1340.9000244140625,1340.0,1340.199951171875,78294
2026-04-27 06:38:00+00:00,1340.800048828125,1340.800048828125,1340.9000244140625,1340.5,1340.800048828125,69945
2026-04-27 06:39:00+00:00,1341.300048828125,1341.300048828125,1341.5,1340.4000244140625,1340.800048828125,34173
2026-04-27 06:40:00+00:00,1341.5999755859375,1341.5999755859375,1341.699951171875,1340.9000244140625,1341.5,31713
2026-04-27 06:41:00+00:00,1341.4000244140625,1341.4000244140625,1341.9000244140625,1341.199951171875,1341.5999755859375,29384
2026-04-27 06:42:00+00:00,1341.699951171875,1341.699951171875,1342.0,1341.199951171875,1341.5999755859375,29689
2026-04-27 06:43:00+00:00,1342.0,1342.0,1342.0,1341.5999755859375,1341.699951171875,27520
2026-04-27 06:44:00+00:00,1341.0999755859375,1341.0999755859375,1342.0,1341.0999755859375,1342.0,22145
2026-04-27 06:45:00+00:00,1341.300048828125,1341.300048828125,1341.5999755859375,1341.0999755859375,1341.5999755859375,18574
2026-04-27 06:46:00+00:00,1341.300048828125,1341.300048828125,1341.4000244140625,1341.0999755859375,1341.4000244140625,51231
2026-04-27 06:47:00+00:00,1341.300048828125,1341.300048828125,1341.4000244140625,1341.0,1341.0999755859375,17859
2026-04-27 06:48:00+00:00,1340.800048828125,1340.800048828125,1341.300048828125,1340.699951171875,1341.0999755859375,15289
2026-04-27 06:49:00+00:00,1341.0,1341.0,1341.0999755859375,1340.5999755859375,1340.800048828125,26295
2026-04-27 06:50:00+00:00,1340.9000244140625,1340.9000244140625,1341.0999755859375,1340.9000244140625,1340.9000244140625,22516
2026-04-27 06:51:00+00:00,1340.300048828125,1340.300048828125,1341.0,1340.300048828125,1340.9000244140625,23071
2026-04-27 06:52:00+00:00,1340.5999755859375,1340.5999755859375,1340.9000244140625,1340.199951171875,1340.300048828125,30949
2026-04-27 06:53:00+00:00,1340.9000244140625,1340.9000244140625,1340.9000244140625,1340.300048828125,1340.4000244140625,27632
2026-04-27 06:54:00+00:00,1340.9000244140625,1340.9000244140625,1341.0999755859375,1340.699951171875,1340.699951171875,23450
2026-04-27 06:55:00+00:00,1340.800048828125,1340.800048828125,1340.9000244140625,1340.5999755859375,1340.699951171875,15001
2026-04-27 06:56:00+00:00,1341.9000244140625,1341.9000244140625,1341.9000244140625,1340.5999755859375,1340.699951171875,49099
2026-04-27 06:57:00+00:00,1342.4000244140625,1342.4000244140625,1342.800048828125,1341.800048828125,1341.800048828125,63246
2026-04-27 06:58:00+00:00,1344.5999755859375,1344.5999755859375,1344.5999755859375,1342.0999755859375,1342.0999755859375,98708
2026-04-27 06:59:00+00:00,1343.699951171875,1343.699951171875,1345.5,1343.699951171875,1344.699951171875,102125
2026-04-27 07:00:00+00:00,1343.699951171875,1343.699951171875,1344.0999755859375,1343.199951171875,1343.699951171875,29958
2026-04-27 07:01:00+00:00,1344.199951171875,1344.199951171875,1344.5999755859375,1343.699951171875,1343.699951171875,23398
2026-04-27 07:02:00+00:00,1343.5,1343.5,1344.5,1343.0999755859375,1344.0,25400
2026-04-27 07:03:00+00:00,1344.4000244140625,1344.4000244140625,1344.5,1343.5,1343.5,29263
2026-04-27 07:04:00+00:00,1345.0,1345.0,1345.0,1344.0999755859375,1344.4000244140625,54964
2026-04-27 07:05:00+00:00,1347.4000244140625,1347.4000244140625,1347.9000244140625,1344.9000244140625,1345.0,149992
2026-04-27 07:06:00+00:00,1349.4000244140625,1349.4000244140625,1349.4000244140625,1347.800048828125,1348.0999755859375,78161
2026-04-27 07:07:00+00:00,1349.5999755859375,1349.5999755859375,1350.5999755859375,1349.300048828125,1349.300048828125,132159
2026-04-27 07:08:00+00:00,1350.0,1350.0,1350.300048828125,1349.0,1349.800048828125,37513
2026-04-27 07:09:00+00:00,1349.0,1349.0,1350.300048828125,1348.199951171875,1350.0,31733
2026-04-27 07:10:00+00:00,1350.699951171875,1350.699951171875,1351.0,1348.800048828125,1349.0,73415
2026-04-27 07:11:00+00:00,1350.0999755859375,1350.0999755859375,1351.0,1350.0,1350.800048828125,37662
2026-04-27 07:12:00+00:00,1350.0999755859375,1350.0999755859375,1350.300048828125,1350.0,1350.0,21802
2026-04-27 07:13:00+00:00,1349.699951171875,1349.699951171875,1350.699951171875,1349.199951171875,1350.0,38207
2026-04-27 07:14:00+00:00,1349.699951171875,1349.699951171875,1350.0,1349.199951171875,1349.5,21565
2026-04-27 07:15:00+00:00,1348.4000244140625,1348.4000244140625,1349.699951171875,1348.300048828125,1349.5999755859375,37731
2026-04-27 07:16:00+00:00,1348.800048828125,1348.800048828125,1348.9000244140625,1348.300048828125,1348.9000244140625,16505
2026-04-27 07:17:00+00:00,1349.5999755859375,1349.5999755859375,1349.9000244140625,1348.5,1348.9000244140625,33358
2026-04-27 07:18:00+00:00,1348.800048828125,1348.800048828125,1349.5999755859375,1348.699951171875,1349.5999755859375,21417
2026-04-27 07:19:00+00:00,1348.800048828125,1348.800048828125,1349.0,1348.300048828125,1348.800048828125,42192
2026-04-27 07:20:00+00:00,1348.199951171875,1348.199951171875,1348.800048828125,1348.0999755859375,1348.800048828125,17846
2026-04-27 07:21:00+00:00,1347.9000244140625,1347.9000244140625,1348.300048828125,1347.4000244140625,1348.199951171875,33740
2026-04-27 07:22:00+00:00,1349.0,1349.0,1349.0,1347.699951171875,1347.9000244140625,26712
2026-04-27 07:23:00+00:00,1348.5,1348.5,1349.199951171875,1348.0,1348.699951171875,23594
2026-04-27 07:24:00+00:00,1346.800048828125,1346.800048828125,1348.4000244140625,1346.4000244140625,1348.4000244140625,46684
2026-04-27 07:25:00+00:00,1347.4000244140625,1347.4000244140625,1347.699951171875,1346.800048828125,1347.0,27206
2026-04-27 07:26:00+00:00,1347.300048828125,1347.300048828125,1347.699951171875,1347.0,1347.699951171875,27542
2026-04-27 07:27:00+00:00,1347.4000244140625,1347.4000244140625,1347.4000244140625,1346.5,1346.9000244140625,24545
2026-04-27 07:28:00+00:00,1347.300048828125,1347.300048828125,1347.300048828125,1346.699951171875,1347.0999755859375,23215
2026-04-27 07:29:00+00:00,1347.4000244140625,1347.4000244140625,1347.5,1347.0,1347.300048828125,23614
2026-04-27 07:30:00+00:00,1347.5,1347.5,1347.5,1347.199951171875,1347.4000244140625,24937
2026-04-27 07:31:00+00:00,1348.0,1348.0,1348.4000244140625,1347.199951171875,1347.4000244140625,59461
2026-04-27 07:32:00+00:00,1347.9000244140625,1347.9000244140625,1348.0999755859375,1347.4000244140625,1347.800048828125,18729
2026-04-27 07:33:00+00:00,1347.4000244140625,1347.4000244140625,1347.9000244140625,1347.300048828125,1347.5999755859375,35839
2026-04-27 07:34:00+00:00,1346.800048828125,1346.800048828125,1347.4000244140625,1346.300048828125,1347.4000244140625,35345
2026-04-27 07:35:00+00:00,1346.0,1346.0,1346.699951171875,1346.0,1346.300048828125,40108
2026-04-27 07:36:00+00:00,1345.9000244140625,1345.9000244140625,1346.300048828125,1345.199951171875,1346.0,44066
2026-04-27 07:37:00+00:00,1345.0999755859375,1345.0999755859375,1345.9000244140625,1345.0999755859375,1345.5,41825
2026-04-27 07:38:00+00:00,1345.699951171875,1345.699951171875,1345.9000244140625,1345.199951171875,1345.4000244140625,33949
2026-04-27 07:39:00+00:00,1346.300048828125,1346.300048828125,1346.300048828125,1345.5,1345.699951171875,40334
2026-04-27 07:40:00+00:00,1346.300048828125,1346.300048828125,1346.300048828125,1345.9000244140625,1346.199951171875,25178
2026-04-27 07:41:00+00:00,1346.0999755859375,1346.0999755859375,1346.300048828125,1345.9000244140625,1346.300048828125,40576
2026-04-27 07:42:00+00:00,1346.699951171875,1346.699951171875,1346.9000244140625,1345.9000244140625,1346.0,43049
2026-04-27 07:43:00+00:00,1346.5,1346.5,1346.699951171875,1346.199951171875,1346.300048828125,20434
2026-04-27 07:44:00+00:00,1347.5,1347.5,1347.699951171875,1346.0999755859375,1346.5,48256
2026-04-27 07:45:00+00:00,1347.800048828125,1347.800048828125,1347.9000244140625,1347.300048828125,1347.5999755859375,30113
2026-04-27 07:46:00+00:00,1348.300048828125,1348.300048828125,1348.4000244140625,1347.5,1347.800048828125,40562
2026-04-27 07:47:00+00:00,1348.800048828125,1348.800048828125,1348.9000244140625,1348.0,1348.4000244140625,28497
2026-04-27 07:48:00+00:00,1347.699951171875,1347.699951171875,1348.800048828125,1347.300048828125,1348.800048828125,24192
2026-04-27 07:49:00+00:00,1348.0,1348.0,1348.0,1347.0999755859375,1347.699951171875,26326
2026-04-27 07:50:00+00:00,1348.0999755859375,1348.0999755859375,1348.9000244140625,1347.800048828125,1347.800048828125,43253
2026-04-27 07:51:00+00:00,1349.300048828125,1349.300048828125,1349.699951171875,1348.4000244140625,1348.4000244140625,49666
2026-04-27 07:52:00+00:00,1348.9000244140625,1348.9000244140625,1349.4000244140625,1348.699951171875,1349.0999755859375,28039
2026-04-27 07:53:00+00:00,1349.699951171875,1349.699951171875,1350.0,1349.0,1349.0999755859375,67150
2026-04-27 07:54:00+00:00,1349.800048828125,1349.800048828125,1350.5999755859375,1349.0,1349.699951171875,93803
2026-04-27 07:55:00+00:00,1349.9000244140625,1349.9000244140625,1350.300048828125,1349.0999755859375,1349.5,23756
2026-04-27 07:56:00+00:00,1350.300048828125,1350.300048828125,1350.5999755859375,1349.800048828125,1350.0,34666
2026-04-27 07:57:00+00:00,1350.0999755859375,1350.0999755859375,1350.9000244140625,1350.0999755859375,1350.300048828125,19951
2026-04-27 07:58:00+00:00,1350.5,1350.5,1350.800048828125,1350.0,1350.5,19824
2026-04-27 07:59:00+00:00,1350.0,1350.0,1350.699951171875,1350.0,1350.4000244140625,16139
2026-04-27 08:00:00+00:00,1350.300048828125,1350.300048828125,1350.5,1350.0,1350.0,13948
2026-04-27 08:01:00+00:00,1348.699951171875,1348.699951171875,1350.4000244140625,1348.699951171875,1350.199951171875,46985
2026-04-27 08:02:00+00:00,1350.0,1350.0,1350.0999755859375,1349.300048828125,1349.4000244140625,21115
2026-04-27 08:03:00+00:00,1350.5,1350.5,1350.5,1349.9000244140625,1350.0,14577
2026-04-27 08:04:00+00:00,1350.199951171875,1350.199951171875,1350.5,1350.0,1350.4000244140625,15621
2026-04-27 08:05:00+00:00,1350.5,1350.5,1350.800048828125,1350.0,1350.199951171875,20095
2026-04-27 08:06:00+00:00,1350.199951171875,1350.199951171875,1350.699951171875,1349.800048828125,1350.5,15800
2026-04-27 08:07:00+00:00,1350.0999755859375,1350.0999755859375,1350.199951171875,1349.9000244140625,1350.0,14917
2026-04-27 08:08:00+00:00,1350.5,1350.5,1350.5,1349.9000244140625,1350.0999755859375,17881
2026-04-27 08:09:00+00:00,1350.4000244140625,1350.4000244140625,1350.5,1350.4000244140625,1350.5,12780
2026-04-27 08:10:00+00:00,1351.300048828125,1351.300048828125,1351.5,1350.4000244140625,1350.5,36060
2026-04-27 08:11:00+00:00,1353.0,1353.0,1353.699951171875,1351.199951171875,1351.300048828125,81632
2026-04-27 08:12:00+00:00,1353.5,1353.5,1353.800048828125,1353.0,1353.300048828125,30266
2026-04-27 08:13:00+00:00,1353.800048828125,1353.800048828125,1353.9000244140625,1353.0,1353.0,18323
2026-04-27 08:14:00+00:00,1354.0,1354.0,1354.0,1353.5999755859375,1353.5999755859375,27519
2026-04-27 08:15:00+00:00,1352.800048828125,1352.800048828125,1354.199951171875,1351.9000244140625,1354.199951171875,74698
2026-04-27 08:16:00+00:00,1352.800048828125,1352.800048828125,1353.0,1352.699951171875,1352.699951171875,27065
2026-04-27 08:17:00+00:00,1352.800048828125,1352.800048828125,1353.4000244140625,1352.800048828125,1352.800048828125,40672
2026-04-27 08:18:00+00:00,1353.0999755859375,1353.0999755859375,1353.300048828125,1352.800048828125,1353.199951171875,15042
2026-04-27 08:19:00+00:00,1353.300048828125,1353.300048828125,1353.300048828125,1353.0,1353.0999755859375,32685
2026-04-27 08:20:00+00:00,1353.0,1353.0,1353.5,1353.0,1353.199951171875,34568
2026-04-27 08:21:00+00:00,1353.0,1353.0,1353.4000244140625,1352.5,1353.0,68050
2026-04-27 08:22:00+00:00,1352.9000244140625,1352.9000244140625,1353.300048828125,1352.5999755859375,1352.699951171875,44921
2026-04-27 08:23:00+00:00,1353.0999755859375,1353.0999755859375,1353.300048828125,1352.5999755859375,1352.9000244140625,50546
2026-04-27 08:24:00+00:00,1356.0,1356.0,1356.4000244140625,1353.0999755859375,1353.199951171875,107311
2026-04-27 08:25:00+00:00,1356.199951171875,1356.199951171875,1356.9000244140625,1355.699951171875,1356.0,78813
2026-04-27 08:26:00+00:00,1355.5,1355.5,1356.300048828125,1355.5,1356.0,35038
2026-04-27 08:27:00+00:00,1357.0,1357.0,1357.199951171875,1355.699951171875,1356.0999755859375,157068
2026-04-27 08:28:00+00:00,1355.800048828125,1355.800048828125,1357.199951171875,1355.5,1357.0,67880
2026-04-27 08:29:00+00:00,1356.0,1356.0,1356.199951171875,1355.0999755859375,1355.800048828125,28857
2026-04-27 08:30:00+00:00,1356.199951171875,1356.199951171875,1356.300048828125,1355.5,1355.9000244140625,36245
2026-04-27 08:31:00+00:00,1355.9000244140625,1355.9000244140625,1356.300048828125,1355.9000244140625,1356.300048828125,22764
2026-04-27 08:32:00+00:00,1355.699951171875,1355.699951171875,1356.0999755859375,1355.0,1356.0999755859375,38623
2026-04-27 08:33:00+00:00,1355.0,1355.0,1355.699951171875,1354.5999755859375,1355.5999755859375,45747
2026-04-27 08:34:00+00:00,1357.300048828125,1357.300048828125,1357.5,1355.0,1355.0,100910
2026-04-27 08:35:00+00:00,1358.0,1358.0,1358.199951171875,1357.300048828125,1357.300048828125,56443
2026-04-27 08:36:00+00:00,1357.5,1357.5,1358.199951171875,1357.5,1358.0,72618
2026-04-27 08:37:00+00:00,1357.4000244140625,1357.4000244140625,1357.4000244140625,1356.9000244140625,1357.300048828125,51455
2026-04-27 08:38:00+00:00,1357.0,1357.0,1357.300048828125,1356.9000244140625,1357.0,17935
2026-04-27 08:39:00+00:00,1355.800048828125,1355.800048828125,1356.9000244140625,1355.800048828125,1356.9000244140625,35213
2026-04-27 08:40:00+00:00,1356.0999755859375,1356.0999755859375,1356.0999755859375,1354.199951171875,1356.0,90452
2026-04-27 08:41:00+00:00,1355.0999755859375,1355.0999755859375,1356.199951171875,1354.300048828125,1356.0999755859375,42665
2026-04-27 08:42:00+00:00,1354.9000244140625,1354.9000244140625,1355.4000244140625,1354.800048828125,1355.0999755859375,25767
2026-04-27 08:43:00+00:00,1355.4000244140625,1355.4000244140625,1355.4000244140625,1354.4000244140625,1354.800048828125,35997
2026-04-27 08:44:00+00:00,1356.0,1356.0,1356.0999755859375,1355.199951171875,1355.4000244140625,62371
2026-04-27 08:45:00+00:00,1355.0,1355.0,1355.800048828125,1354.0999755859375,1355.800048828125,63497
2026-04-27 08:46:00+00:00,1355.0999755859375,1355.0999755859375,1355.199951171875,1354.800048828125,1354.9000244140625,19056
2026-04-27 08:47:00+00:00,1355.0,1355.0,1355.0999755859375,1354.5999755859375,1355.0,66561
2026-04-27 08:48:00+00:00,1355.0,1355.0,1355.199951171875,1354.5999755859375,1354.5999755859375,54399
2026-04-27 08:49:00+00:00,1354.199951171875,1354.199951171875,1355.199951171875,1354.0,1355.0,35146
2026-04-27 08:50:00+00:00,1354.0999755859375,1354.0999755859375,1354.5999755859375,1354.0,1354.199951171875,40753
2026-04-27 08:51:00+00:00,1354.699951171875,1354.699951171875,1354.9000244140625,1354.0,1354.300048828125,40757
2026-04-27 08:52:00+00:00,1356.4000244140625,1356.4000244140625,1356.5,1354.800048828125,1354.800048828125,78481
2026-04-27 08:53:00+00:00,1356.199951171875,1356.199951171875,1356.5,1355.9000244140625,1356.199951171875,34841
2026-04-27 08:54:00+00:00,1356.0999755859375,1356.0999755859375,1356.300048828125,1355.699951171875,1356.199951171875,45423
2026-04-27 08:55:00+00:00,1356.199951171875,1356.199951171875,1356.300048828125,1355.699951171875,1355.699951171875,38581
2026-04-27 08:56:00+00:00,1356.0999755859375,1356.0999755859375,1356.4000244140625,1354.300048828125,1356.0,217137
2026-04-27 08:57:00+00:00,1356.199951171875,1356.199951171875,1356.5,1355.4000244140625,1355.800048828125,47358
2026-04-27 08:58:00+00:00,1356.800048828125,1356.800048828125,1356.800048828125,1356.0,1356.199951171875,37110
2026-04-27 08:59:00+00:00,1356.5999755859375,1356.5999755859375,1356.800048828125,1356.4000244140625,1356.699951171875,31556
2026-04-27 09:00:00+00:00,1356.699951171875,1356.699951171875,1356.800048828125,1356.5999755859375,1356.699951171875,32736
2026-04-27 09:01:00+00:00,1355.9000244140625,1355.9000244140625,1356.800048828125,1355.5,1356.699951171875,73652
2026-04-27 09:02:00+00:00,1354.5999755859375,1354.5999755859375,1355.699951171875,1354.0,1355.5,85654
2026-04-27 09:03:00+00:00,1355.4000244140625,1355.4000244140625,1355.5,1354.4000244140625,1354.5999755859375,37776
2026-04-27 09:04:00+00:00,1356.0,1356.0,1356.0,1355.300048828125,1355.5999755859375,45522
2026-04-27 09:05:00+00:00,1355.300048828125,1355.300048828125,1356.0,1355.0,1356.0,43111
2026-04-27 09:06:00+00:00,1355.0,1355.0,1355.300048828125,1354.199951171875,1355.0,61627
2026-04-27 09:07:00+00:00,1355.0,1355.0,1355.0,1354.300048828125,1355.0,68316
2026-04-27 09:08:00+00:00,1356.0999755859375,1356.0999755859375,1357.0,1355.300048828125,1355.300048828125,85952
2026-04-27 09:09:00+00:00,1356.0,1356.0,1356.0999755859375,1355.199951171875,1355.199951171875,103159
2026-04-27 09:10:00+00:00,1356.0999755859375,1356.0999755859375,1356.0999755859375,1355.0999755859375,1355.4000244140625,124533
2026-04-27 09:11:00+00:00,1356.0999755859375,1356.0999755859375,1356.300048828125,1356.0,1356.300048828125,35508
2026-04-27 09:12:00+00:00,1358.800048828125,1358.800048828125,1358.800048828125,1356.300048828125,1356.5,122470
2026-04-27 09:13:00+00:00,1360.0,1360.0,1360.5,1358.699951171875,1358.9000244140625,285140
2026-04-27 09:14:00+00:00,1360.4000244140625,1360.4000244140625,1360.699951171875,1360.0,1360.0,52138
2026-04-27 09:15:00+00:00,1360.199951171875,1360.199951171875,1360.5,1360.0,1360.4000244140625,46151
2026-04-27 09:16:00+00:00,1360.0999755859375,1360.0999755859375,1360.300048828125,1358.199951171875,1360.0,152010
2026-04-27 09:17:00+00:00,1359.0999755859375,1359.0999755859375,1360.0999755859375,1358.800048828125,1360.0999755859375,153303
2026-04-27 09:18:00+00:00,1359.300048828125,1359.300048828125,1360.199951171875,1358.300048828125,1359.0,140560
2026-04-27 09:19:00+00:00,1360.4000244140625,1360.4000244140625,1360.4000244140625,1358.800048828125,1359.300048828125,203839
2026-04-27 09:20:00+00:00,1360.0,1360.0,1360.5,1359.0999755859375,1360.300048828125,65335
2026-04-27 09:21:00+00:00,1360.0,1360.0,1360.199951171875,1360.0,1360.0,56697
2026-04-27 09:22:00+00:00,1361.5,1361.5,1361.5,1359.9000244140625,1360.0999755859375,212613
2026-04-27 09:23:00+00:00,1362.5,1362.5,1362.5,1361.5,1361.5,102256
2026-04-27 09:24:00+00:00,1365.9000244140625,1365.9000244140625,1365.9000244140625,1362.300048828125,1362.4000244140625,188615
2026-04-27 09:25:00+00:00,1367.800048828125,1367.800048828125,1367.800048828125,1365.300048828125,1365.5999755859375,145755
2026-04-27 09:26:00+00:00,1367.699951171875,1367.699951171875,1368.0,1367.0,1367.5999755859375,130707
2026-04-27 09:27:00+00:00,1365.4000244140625,1365.4000244140625,1367.5999755859375,1365.0,1367.199951171875,79301
2026-04-27 09:28:00+00:00,1366.5999755859375,1366.5999755859375,1366.699951171875,1365.4000244140625,1365.699951171875,57931
2026-04-27 09:29:00+00:00,1365.300048828125,1365.300048828125,1366.300048828125,1365.300048828125,1366.199951171875,105542
2026-04-27 09:30:00+00:00,1365.0,1365.0,1365.4000244140625,1364.300048828125,1365.0999755859375,237957
2026-04-27 09:31:00+00:00,1365.0999755859375,1365.0999755859375,1365.4000244140625,1364.5,1364.9000244140625,256643
2026-04-27 09:32:00+00:00,1365.0999755859375,1365.0999755859375,1365.199951171875,1365.0,1365.0999755859375,188317
2026-04-27 09:33:00+00:00,1365.0999755859375,1365.0999755859375,1365.0999755859375,1363.5,1365.0,270509
2026-04-27 09:34:00+00:00,1365.699951171875,1365.699951171875,1365.699951171875,1364.300048828125,1365.0,142031
2026-04-27 09:35:00+00:00,1365.199951171875,1365.199951171875,1365.699951171875,1365.0,1365.699951171875,107167
2026-04-27 09:36:00+00:00,1365.0,1365.0,1365.300048828125,1364.0999755859375,1365.0,180828
2026-04-27 09:37:00+00:00,1365.0999755859375,1365.0999755859375,1365.300048828125,1365.0,1365.0,123115
2026-04-27 09:38:00+00:00,1364.699951171875,1364.699951171875,1365.199951171875,1364.5,1365.0999755859375,116541
2026-04-27 09:39:00+00:00,1364.5,1364.5,1365.0999755859375,1364.0,1364.199951171875,163830
2026-04-27 09:40:00+00:00,1365.0,1365.0,1365.300048828125,1364.800048828125,1364.800048828125,110118
2026-04-27 09:41:00+00:00,1365.0999755859375,1365.0999755859375,1365.199951171875,1364.5,1365.0,134759
2026-04-27 09:42:00+00:00,1365.199951171875,1365.199951171875,1365.699951171875,1365.0,1365.199951171875,95131
2026-04-27 09:43:00+00:00,1364.5999755859375,1364.5999755859375,1365.5999755859375,1364.5,1365.300048828125,97975
2026-04-27 09:44:00+00:00,1365.0999755859375,1365.0999755859375,1365.199951171875,1364.0999755859375,1364.0999755859375,158665
2026-04-27 09:45:00+00:00,1365.199951171875,1365.199951171875,1365.300048828125,1364.800048828125,1365.0999755859375,109811
2026-04-27 09:46:00+00:00,1366.199951171875,1366.199951171875,1366.300048828125,1365.0999755859375,1365.199951171875,125128
2026-04-27 09:47:00+00:00,1365.0,1365.0,1366.199951171875,1364.800048828125,1366.0,138720
2026-04-27 09:48:00+00:00,1365.0,1365.0,1365.300048828125,1364.5999755859375,1365.0,177122
2026-04-27 09:49:00+00:00,1365.4000244140625,1365.4000244140625,1365.800048828125,1365.0,1365.0,164280
2026-04-27 09:50:00+00:00,1367.199951171875,1367.199951171875,1367.4000244140625,1365.800048828125,1365.800048828125,153925
2026-04-27 09:51:00+00:00,1368.0,1368.0,1368.0,1366.699951171875,1366.699951171875,165383
2026-04-27 09:52:00+00:00,1367.0,1367.0,1368.199951171875,1366.800048828125,1368.0,134981
2026-04-27 09:53:00+00:00,1366.699951171875,1366.699951171875,1367.5,1366.300048828125,1367.199951171875,131224
2026-04-27 09:54:00+00:00,1365.800048828125,1365.800048828125,1368.0,1365.800048828125,1366.800048828125,148123
2026-04-27 09:55:00+00:00,1365.800048828125,1365.800048828125,1366.9000244140625,1365.300048828125,1366.199951171875,186312
2026-04-27 09:56:00+00:00,1365.5,1365.5,1366.300048828125,1365.0999755859375,1365.5999755859375,125502
2026-04-27 09:57:00+00:00,1365.699951171875,1365.699951171875,1366.199951171875,1365.0,1365.4000244140625,143174
2026-04-27 09:58:00+00:00,1368.0999755859375,1368.0999755859375,1370.5,1365.4000244140625,1365.699951171875,194294
2026-04-27 09:59:00+00:00,1370.5,1370.5,1371.5,1366.5999755859375,1368.300048828125,96669
2026-04-28 03:45:00+00:00,1362.199951171875,1362.199951171875,1363.4000244140625,1357.0999755859375,1358.9000244140625,0
2026-04-28 03:46:00+00:00,1363.300048828125,1363.300048828125,1367.4000244140625,1361.4000244140625,1362.0,526360
2026-04-28 03:47:00+00:00,1362.0999755859375,1362.0999755859375,1363.5,1361.199951171875,1363.5,196542
2026-04-28 03:48:00+00:00,1364.300048828125,1364.300048828125,1364.5,1362.300048828125,1362.300048828125,75146
2026-04-28 03:49:00+00:00,1365.0999755859375,1365.0999755859375,1365.199951171875,1364.300048828125,1364.300048828125,122368
2026-04-28 03:50:00+00:00,1364.5,1364.5,1367.5999755859375,1364.300048828125,1365.0999755859375,219425
2026-04-28 03:51:00+00:00,1361.300048828125,1361.300048828125,1364.699951171875,1360.0999755859375,1364.699951171875,154077
2026-04-28 03:52:00+00:00,1360.5,1360.5,1361.0999755859375,1358.800048828125,1361.0999755859375,162753
2026-04-28 03:53:00+00:00,1359.5999755859375,1359.5999755859375,1360.5999755859375,1359.4000244140625,1360.5999755859375,79770
2026-04-28 03:54:00+00:00,1360.0999755859375,1360.0999755859375,1360.0999755859375,1359.0,1359.5999755859375,91718
2026-04-28 03:55:00+00:00,1363.300048828125,1363.300048828125,1363.5,1359.800048828125,1360.0,77158
2026-04-28 03:56:00+00:00,1363.699951171875,1363.699951171875,1363.9000244140625,1362.800048828125,1363.300048828125,64699
2026-04-28 03:57:00+00:00,1363.5999755859375,1363.5999755859375,1363.9000244140625,1363.0,1363.5,83327
2026-04-28 03:58:00+00:00,1366.300048828125,1366.300048828125,1366.300048828125,1363.0999755859375,1363.5999755859375,168085
2026-04-28 03:59:00+00:00,1363.800048828125,1363.800048828125,1366.300048828125,1363.5999755859375,1366.300048828125,120555
2026-04-28 04:00:00+00:00,1364.0999755859375,1364.0999755859375,1364.4000244140625,1363.300048828125,1363.800048828125,63208
2026-04-28 04:01:00+00:00,1363.9000244140625,1363.9000244140625,1364.0999755859375,1363.300048828125,1364.0999755859375,52160
2026-04-28 04:02:00+00:00,1362.199951171875,1362.199951171875,1363.9000244140625,1361.699951171875,1363.9000244140625,66209
2026-04-28 04:03:00+00:00,1363.5999755859375,1363.5999755859375,1363.699951171875,1361.9000244140625,1362.300048828125,65190
2026-04-28 04:04:00+00:00,1363.4000244140625,1363.4000244140625,1364.0999755859375,1363.300048828125,1363.9000244140625,46361
2026-04-28 04:05:00+00:00,1362.0999755859375,1362.0999755859375,1363.699951171875,1362.0999755859375,1363.5999755859375,47917
2026-04-28 04:06:00+00:00,1363.0,1363.0,1363.0999755859375,1362.199951171875,1362.199951171875,61405
2026-04-28 04:07:00+00:00,1364.0,1364.0,1364.5,1362.800048828125,1363.0,54656
2026-04-28 04:08:00+00:00,1364.0999755859375,1364.0999755859375,1364.199951171875,1363.800048828125,1364.0999755859375,56648
2026-04-28 04:09:00+00:00,1364.5999755859375,1364.5999755859375,1364.800048828125,1364.0999755859375,1364.0999755859375,49680
2026-04-28 04:10:00+00:00,1366.199951171875,1366.199951171875,1366.199951171875,1364.5,1364.5,78135
2026-04-28 04:11:00+00:00,1365.0999755859375,1365.0999755859375,1366.5,1365.0,1366.199951171875,42773
2026-04-28 04:12:00+00:00,1365.5999755859375,1365.5999755859375,1366.0999755859375,1365.0,1365.0999755859375,135345
2026-04-28 04:13:00+00:00,1367.4000244140625,1367.4000244140625,1367.4000244140625,1365.5,1365.5999755859375,97871
2026-04-28 04:14:00+00:00,1367.4000244140625,1367.4000244140625,1367.699951171875,1366.800048828125,1367.4000244140625,67543
2026-04-28 04:15:00+00:00,1366.0,1366.0,1367.5,1365.699951171875,1367.300048828125,86828
2026-04-28 04:16:00+00:00,1365.5,1365.5,1366.0999755859375,1365.5,1366.0,49584
2026-04-28 04:17:00+00:00,1364.0,1364.0,1365.5,1364.0,1365.5,63753
2026-04-28 04:18:00+00:00,1364.300048828125,1364.300048828125,1364.800048828125,1361.800048828125,1364.300048828125,174724
2026-04-28 04:19:00+00:00,1364.800048828125,1364.800048828125,1364.9000244140625,1363.800048828125,1364.199951171875,30878
2026-04-28 04:20:00+00:00,1364.699951171875,1364.699951171875,1364.9000244140625,1364.5999755859375,1364.800048828125,27691
2026-04-28 04:21:00+00:00,1364.5,1364.5,1364.699951171875,1364.0,1364.5999755859375,117591
2026-04-28 04:22:00+00:00,1364.699951171875,1364.699951171875,1364.699951171875,1364.0,1364.0999755859375,54666
2026-04-28 04:23:00+00:00,1364.0999755859375,1364.0999755859375,1364.699951171875,1363.5,1364.699951171875,168444
2026-04-28 04:24:00+00:00,1366.0,1366.0,1366.0,1363.699951171875,1364.0999755859375,44504
2026-04-28 04:25:00+00:00,1368.699951171875,1368.699951171875,1368.699951171875,1366.0,1366.0,89588
2026-04-28 04:26:00+00:00,1368.199951171875,1368.199951171875,1368.699951171875,1367.800048828125,1368.5999755859375,47999
2026-04-28 04:27:00+00:00,1368.0,1368.0,1368.5,1367.800048828125,1368.5,39593
2026-04-28 04:28:00+00:00,1368.0999755859375,1368.0999755859375,1368.300048828125,1367.800048828125,1368.0,30673
2026-04-28 04:29:00+00:00,1368.4000244140625,1368.4000244140625,1368.5,1368.0,1368.300048828125,32064
2026-04-28 04:30:00+00:00,1369.5,1369.5,1369.5,1368.300048828125,1368.300048828125,59682
2026-04-28 04:31:00+00:00,1369.0,1369.0,1369.699951171875,1368.699951171875,1369.5,66878
2026-04-28 04:32:00+00:00,1366.300048828125,1366.300048828125,1369.0,1365.5,1369.0,2355918
2026-04-28 04:33:00+00:00,1366.4000244140625,1366.4000244140625,1366.699951171875,1365.9000244140625,1366.699951171875,56892
2026-04-28 04:34:00+00:00,1365.5999755859375,1365.5999755859375,1366.5,1365.5,1366.4000244140625,91645
2026-04-28 04:35:00+00:00,1364.699951171875,1364.699951171875,1365.800048828125,1364.699951171875,1365.5999755859375,131582
2026-04-28 04:36:00+00:00,1363.699951171875,1363.699951171875,1364.4000244140625,1362.5999755859375,1364.4000244140625,216375
2026-04-28 04:37:00+00:00,1363.699951171875,1363.699951171875,1363.9000244140625,1363.300048828125,1363.9000244140625,45537
2026-04-28 04:38:00+00:00,1363.9000244140625,1363.9000244140625,1364.0,1363.5999755859375,1363.800048828125,32993
2026-04-28 04:39:00+00:00,1363.9000244140625,1363.9000244140625,1364.9000244140625,1363.5999755859375,1364.0,53049
2026-04-28 04:40:00+00:00,1363.9000244140625,1363.9000244140625,1364.0,1363.4000244140625,1363.9000244140625,52703
2026-04-28 04:41:00+00:00,1363.5,1363.5,1363.9000244140625,1363.4000244140625,1363.9000244140625,16119
2026-04-28 04:42:00+00:00,1363.5,1363.5,1363.5,1363.0,1363.5,22796
2026-04-28 04:43:00+00:00,1363.4000244140625,1363.4000244140625,1363.5,1363.0,1363.5,90583
2026-04-28 04:44:00+00:00,1362.9000244140625,1362.9000244140625,1363.4000244140625,1362.5,1363.300048828125,83019
2026-04-28 04:45:00+00:00,1363.5999755859375,1363.5999755859375,1363.699951171875,1362.300048828125,1362.5999755859375,84254
2026-04-28 04:46:00+00:00,1367.199951171875,1367.199951171875,1367.300048828125,1363.5,1363.5,170756
2026-04-28 04:47:00+00:00,1367.9000244140625,1367.9000244140625,1368.0999755859375,1366.0999755859375,1367.199951171875,50048
2026-04-28 04:48:00+00:00,1367.9000244140625,1367.9000244140625,1368.0,1367.0,1368.0,24074
2026-04-28 04:49:00+00:00,1367.300048828125,1367.300048828125,1367.9000244140625,1367.0,1367.9000244140625,17940
2026-04-28 04:50:00+00:00,1367.4000244140625,1367.4000244140625,1367.699951171875,1366.9000244140625,1367.0,36445
2026-04-28 04:51:00+00:00,1370.300048828125,1370.300048828125,1370.300048828125,1367.300048828125,1367.699951171875,89842
2026-04-28 04:52:00+00:00,1371.5,1371.5,1372.0,1369.9000244140625,1370.0,82771
2026-04-28 04:53:00+00:00,1370.0,1370.0,1371.5,1370.0,1371.5,53293
2026-04-28 04:54:00+00:00,1374.0,1374.0,1374.5999755859375,1370.0,1370.0999755859375,191576
2026-04-28 04:55:00+00:00,1377.300048828125,1377.300048828125,1377.300048828125,1373.5,1373.5,295187
2026-04-28 04:56:00+00:00,1378.800048828125,1378.800048828125,1379.5,1376.4000244140625,1377.300048828125,501994
2026-04-28 04:57:00+00:00,1377.5999755859375,1377.5999755859375,1378.699951171875,1377.4000244140625,1378.699951171875,38845
2026-04-28 04:58:00+00:00,1376.0999755859375,1376.0999755859375,1377.9000244140625,1375.5,1377.9000244140625,52631
2026-04-28 04:59:00+00:00,1375.0,1375.0,1376.5,1375.0,1376.199951171875,39961
2026-04-28 05:00:00+00:00,1375.5,1375.5,1375.9000244140625,1375.0,1375.0,51819
2026-04-28 05:01:00+00:00,1375.9000244140625,1375.9000244140625,1376.199951171875,1375.0999755859375,1375.5999755859375,30115
2026-04-28 05:02:00+00:00,1376.0,1376.0,1376.800048828125,1375.800048828125,1376.199951171875,28954
2026-04-28 05:03:00+00:00,1375.300048828125,1375.300048828125,1375.699951171875,1375.0999755859375,1375.5,25299
2026-04-28 05:04:00+00:00,1375.0999755859375,1375.0999755859375,1375.5,1374.9000244140625,1375.300048828125,27800
2026-04-28 05:05:00+00:00,1375.0,1375.0,1375.300048828125,1374.9000244140625,1375.199951171875,30580
2026-04-28 05:06:00+00:00,1374.800048828125,1374.800048828125,1375.300048828125,1373.5999755859375,1375.0999755859375,130977
2026-04-28 05:07:00+00:00,1375.0,1375.0,1375.0,1373.800048828125,1374.9000244140625,82381
2026-04-28 05:08:00+00:00,1375.300048828125,1375.300048828125,1375.300048828125,1374.300048828125,1374.9000244140625,88735
2026-04-28 05:09:00+00:00,1376.5999755859375,1376.5999755859375,1376.9000244140625,1375.4000244140625,1375.5,39737
2026-04-28 05:10:00+00:00,1375.699951171875,1375.699951171875,1376.4000244140625,1375.199951171875,1376.4000244140625,33236
2026-04-28 05:11:00+00:00,1375.300048828125,1375.300048828125,1375.9000244140625,1375.0,1375.699951171875,23082
2026-04-28 05:12:00+00:00,1375.300048828125,1375.300048828125,1375.5,1374.9000244140625,1375.300048828125,25167
2026-04-28 05:13:00+00:00,1375.800048828125,1375.800048828125,1376.0999755859375,1375.199951171875,1375.5,19751
2026-04-28 05:14:00+00:00,1375.9000244140625,1375.9000244140625,1376.300048828125,1375.199951171875,1376.0,21131
2026-04-28 05:15:00+00:00,1376.800048828125,1376.800048828125,1376.800048828125,1375.699951171875,1375.9000244140625,32873
2026-04-28 05:16:00+00:00,1377.4000244140625,1377.4000244140625,1377.5999755859375,1376.9000244140625,1377.0,29510
2026-04-28 05:17:00+00:00,1375.9000244140625,1375.9000244140625,1377.4000244140625,1375.5,1377.199951171875,28264
2026-04-28 05:18:00+00:00,1377.300048828125,1377.300048828125,1377.5999755859375,1375.5999755859375,1375.5999755859375,33950
2026-04-28 05:19:00+00:00,1378.0,1378.0,1378.0999755859375,1377.0,1377.5999755859375,48294
2026-04-28 05:20:00+00:00,1379.5999755859375,1379.5999755859375,1379.800048828125,1378.0999755859375,1378.199951171875,87970
2026-04-28 05:21:00+00:00,1379.4000244140625,1379.4000244140625,1379.699951171875,1379.0999755859375,1379.5999755859375,42491
2026-04-28 05:22:00+00:00,1379.9000244140625,1379.9000244140625,1380.0,1379.0999755859375,1379.5,36834
2026-04-28 05:23:00+00:00,1380.0,1380.0,1380.0,1379.5,1379.9000244140625,66921
2026-04-28 05:24:00+00:00,1380.0,1380.0,1380.300048828125,1379.5,1379.800048828125,66758
2026-04-28 05:25:00+00:00,1381.0999755859375,1381.0999755859375,1381.300048828125,1379.5,1380.0,54681
2026-04-28 05:26:00+00:00,1381.699951171875,1381.699951171875,1381.800048828125,1380.800048828125,1381.0,49313
2026-04-28 05:27:00+00:00,1382.300048828125,1382.300048828125,1383.0,1380.699951171875,1381.800048828125,202131
2026-04-28 05:28:00+00:00,1382.300048828125,1382.300048828125,1383.0,1382.0,1382.199951171875,31682
2026-04-28 05:29:00+00:00,1382.5999755859375,1382.5999755859375,1383.4000244140625,1382.300048828125,1382.699951171875,46792
2026-04-28 05:30:00+00:00,1381.699951171875,1381.699951171875,1383.0999755859375,1381.5,1383.0999755859375,46668
2026-04-28 05:31:00+00:00,1382.0999755859375,1382.0999755859375,1382.5999755859375,1381.5,1382.0,27800
2026-04-28 05:32:00+00:00,1382.0,1382.0,1382.5999755859375,1381.5,1382.0999755859375,50414
2026-04-28 05:33:00+00:00,1383.0,1383.0,1383.4000244140625,1381.699951171875,1382.0,39544
2026-04-28 05:34:00+00:00,1383.9000244140625,1383.9000244140625,1384.199951171875,1382.9000244140625,1383.0,347487
2026-04-28 05:35:00+00:00,1384.0999755859375,1384.0999755859375,1384.800048828125,1383.800048828125,1383.9000244140625,89558
2026-04-28 05:36:00+00:00,1384.300048828125,1384.300048828125,1384.5999755859375,1383.5,1384.0999755859375,177293
2026-04-28 05:37:00+00:00,1383.699951171875,1383.699951171875,1384.5,1383.699951171875,1384.300048828125,27548
2026-04-28 05:38:00+00:00,1384.9000244140625,1384.9000244140625,1384.9000244140625,1383.5999755859375,1383.5999755859375,66018
2026-04-28 05:39:00+00:00,1387.0999755859375,1387.0999755859375,1387.5,1385.0,1385.0,89657
2026-04-28 05:40:00+00:00,1386.300048828125,1386.300048828125,1387.699951171875,1386.0999755859375,1387.0999755859375,40687
2026-04-28 05:41:00+00:00,1384.5999755859375,1384.5999755859375,1386.4000244140625,1384.5999755859375,1386.4000244140625,41647
2026-04-28 05:42:00+00:00,1387.0,1387.0,1387.300048828125,1384.4000244140625,1384.4000244140625,49676
2026-04-28 05:43:00+00:00,1386.800048828125,1386.800048828125,1387.300048828125,1386.4000244140625,1387.0,23762
2026-04-28 05:44:00+00:00,1386.5,1386.5,1386.800048828125,1386.4000244140625,1386.800048828125,16131
2026-04-28 05:45:00+00:00,1385.0,1385.0,1386.5999755859375,1385.0,1386.5999755859375,23100
2026-04-28 05:46:00+00:00,1384.5,1384.5,1385.300048828125,1384.5,1385.199951171875,35696
2026-04-28 05:47:00+00:00,1383.699951171875,1383.699951171875,1384.5,1383.699951171875,1384.300048828125,22343
2026-04-28 05:48:00+00:00,1383.699951171875,1383.699951171875,1384.5999755859375,1383.5999755859375,1383.699951171875,31034
2026-04-28 05:49:00+00:00,1383.199951171875,1383.199951171875,1383.9000244140625,1383.0999755859375,1383.9000244140625,38468
2026-04-28 05:50:00+00:00,1383.0999755859375,1383.0999755859375,1383.300048828125,1382.9000244140625,1383.300048828125,20783
2026-04-28 05:51:00+00:00,1382.9000244140625,1382.9000244140625,1383.4000244140625,1382.9000244140625,1383.0999755859375,16229
2026-04-28 05:52:00+00:00,1382.5,1382.5,1383.4000244140625,1382.199951171875,1383.4000244140625,47501
2026-04-28 05:53:00+00:00,1382.5999755859375,1382.5999755859375,1383.0,1382.5,1382.699951171875,20118
2026-04-28 05:54:00+00:00,1381.199951171875,1381.199951171875,1382.5999755859375,1380.800048828125,1382.5999755859375,60289
2026-04-28 05:55:00+00:00,1379.5999755859375,1379.5999755859375,1381.300048828125,1379.5,1381.199951171875,52092
2026-04-28 05:56:00+00:00,1377.4000244140625,1377.4000244140625,1379.4000244140625,1377.4000244140625,1379.0999755859375,54108
2026-04-28 05:57:00+00:00,1376.0,1376.0,1377.0,1375.800048828125,1376.699951171875,49412
2026-04-28 05:58:00+00:00,1374.199951171875,1374.199951171875,1376.300048828125,1374.199951171875,1376.0999755859375,44005
2026-04-28 05:59:00+00:00,1374.699951171875,1374.699951171875,1375.5,1374.5,1374.5,45693
2026-04-28 06:00:00+00:00,1373.5999755859375,1373.5999755859375,1374.5999755859375,1372.9000244140625,1374.5999755859375,83022
2026-04-28 06:01:00+00:00,1375.4000244140625,1375.4000244140625,1375.5,1372.699951171875,1373.5999755859375,76893
2026-04-28 06:02:00+00:00,1373.4000244140625,1373.4000244140625,1375.699951171875,1373.0,1375.5,45050
2026-04-28 06:03:00+00:00,1373.5,1373.5,1375.0999755859375,1372.800048828125,1372.800048828125,84501
2026-04-28 06:04:00+00:00,1374.5,1374.5,1374.5,1373.0,1373.5999755859375,47265
2026-04-28 06:05:00+00:00,1375.300048828125,1375.300048828125,1375.5,1373.9000244140625,1374.5,60713
2026-04-28 06:06:00+00:00,1377.4000244140625,1377.4000244140625,1377.5,1374.9000244140625,1375.199951171875,56606
2026-04-28 06:07:00+00:00,1377.0,1377.0,1377.300048828125,1376.4000244140625,1377.300048828125,36520
2026-04-28 06:08:00+00:00,1380.0999755859375,1380.0999755859375,1380.699951171875,1375.199951171875,1376.699951171875,464858
2026-04-28 06:09:00+00:00,1379.4000244140625,1379.4000244140625,1380.800048828125,1379.300048828125,1380.199951171875,32677
2026-04-28 06:10:00+00:00,1380.9000244140625,1380.9000244140625,1381.5,1379.4000244140625,1379.5,80653
2026-04-28 06:11:00+00:00,1380.0,1380.0,1381.0,1379.0999755859375,1381.0,39485
2026-04-28 06:12:00+00:00,1378.800048828125,1378.800048828125,1380.0999755859375,1378.5,1380.0999755859375,26368
2026-04-28 06:13:00+00:00,1379.699951171875,1379.699951171875,1380.0999755859375,1378.300048828125,1378.800048828125,149823
2026-04-28 06:14:00+00:00,1381.0999755859375,1381.0999755859375,1381.199951171875,1379.5999755859375,1379.699951171875,55457
2026-04-28 06:15:00+00:00,1380.0999755859375,1380.0999755859375,1381.4000244140625,1380.0999755859375,1381.199951171875,92760
2026-04-28 06:16:00+00:00,1382.0,1382.0,1382.5,1379.800048828125,1380.5,81809
2026-04-28 06:17:00+00:00,1382.0,1382.0,1382.0999755859375,1380.5,1382.0999755859375,40332
2026-04-28 06:18:00+00:00,1382.0,1382.0,1382.0999755859375,1380.800048828125,1382.0,62080
2026-04-28 06:19:00+00:00,1382.5999755859375,1382.5999755859375,1383.300048828125,1382.0,1382.0999755859375,124978
2026-04-28 06:20:00+00:00,1382.4000244140625,1382.4000244140625,1383.0,1381.800048828125,1383.0,57852
2026-04-28 06:21:00+00:00,1381.199951171875,1381.199951171875,1382.9000244140625,1381.0,1382.9000244140625,27145
2026-04-28 06:22:00+00:00,1381.0,1381.0,1381.800048828125,1380.5999755859375,1381.4000244140625,35756
2026-04-28 06:23:00+00:00,1380.199951171875,1380.199951171875,1381.0,1380.0,1381.0,31767
2026-04-28 06:24:00+00:00,1379.800048828125,1379.800048828125,1380.4000244140625,1379.0,1380.199951171875,63501
2026-04-28 06:25:00+00:00,1380.699951171875,1380.699951171875,1381.199951171875,1379.0,1379.199951171875,139529
2026-04-28 06:26:00+00:00,1380.0,1380.0,1380.9000244140625,1379.699951171875,1380.9000244140625,21774
2026-04-28 06:27:00+00:00,1381.300048828125,1381.300048828125,1381.300048828125,1379.4000244140625,1380.0,55372
2026-04-28 06:28:00+00:00,1380.9000244140625,1380.9000244140625,1382.0999755859375,1380.800048828125,1381.0999755859375,44599
2026-04-28 06:29:00+00:00,1379.0,1379.0,1380.699951171875,1379.0,1380.699951171875,75990
2026-04-28 06:30:00+00:00,1378.5,1378.5,1379.199951171875,1378.5,1379.199951171875,46751
2026-04-28 06:31:00+00:00,1379.5999755859375,1379.5999755859375,1379.800048828125,1378.0999755859375,1378.699951171875,45300
2026-04-28 06:32:00+00:00,1379.4000244140625,1379.4000244140625,1379.800048828125,1379.0,1379.5,58140
2026-04-28 06:33:00+00:00,1379.9000244140625,1379.9000244140625,1379.9000244140625,1379.0,1379.300048828125,50144
2026-04-28 06:34:00+00:00,1379.0999755859375,1379.0999755859375,1379.800048828125,1379.0,1379.800048828125,38825
2026-04-28 06:35:00+00:00,1381.5999755859375,1381.5999755859375,1381.5999755859375,1378.5999755859375,1379.5999755859375,123781
2026-04-28 06:36:00+00:00,1380.699951171875,1380.699951171875,1381.5999755859375,1380.199951171875,1381.0,37741
2026-04-28 06:37:00+00:00,1380.9000244140625,1380.9000244140625,1381.0,1380.0999755859375,1380.300048828125,61679
2026-04-28 06:38:00+00:00,1382.0,1382.0,1382.0999755859375,1381.199951171875,1381.300048828125,38225
2026-04-28 06:39:00+00:00,1382.0999755859375,1382.0999755859375,1382.300048828125,1382.0,1382.0999755859375,19520
2026-04-28 06:40:00+00:00,1382.699951171875,1382.699951171875,1382.800048828125,1382.0,1382.0999755859375,37152
2026-04-28 06:41:00+00:00,1382.0999755859375,1382.0999755859375,1382.699951171875,1382.0,1382.5,23193
2026-04-28 06:42:00+00:00,1382.800048828125,1382.800048828125,1382.9000244140625,1382.0,1382.0999755859375,37083
2026-04-28 06:43:00+00:00,1383.4000244140625,1383.4000244140625,1383.800048828125,1382.699951171875,1382.9000244140625,47310
2026-04-28 06:44:00+00:00,1383.300048828125,1383.300048828125,1383.5,1383.0,1383.0,27485
2026-04-28 06:45:00+00:00,1382.199951171875,1382.199951171875,1383.300048828125,1382.0,1383.199951171875,55748
2026-04-28 06:46:00+00:00,1382.300048828125,1382.300048828125,1382.4000244140625,1382.0,1382.4000244140625,26540
2026-04-28 06:47:00+00:00,1381.9000244140625,1381.9000244140625,1382.300048828125,1381.5999755859375,1382.0,52323
2026-04-28 06:48:00+00:00,1382.199951171875,1382.199951171875,1382.300048828125,1381.5999755859375,1381.5999755859375,37118
2026-04-28 06:49:00+00:00,1382.199951171875,1382.199951171875,1382.300048828125,1382.0,1382.199951171875,29607
2026-04-28 06:50:00+00:00,1382.199951171875,1382.199951171875,1382.199951171875,1381.4000244140625,1382.199951171875,68651
2026-04-28 06:51:00+00:00,1382.0,1382.0,1382.199951171875,1382.0,1382.0,34376
2026-04-28 06:52:00+00:00,1379.4000244140625,1379.4000244140625,1382.0999755859375,1379.300048828125,1382.0,73648
2026-04-28 06:53:00+00:00,1379.4000244140625,1379.4000244140625,1379.800048828125,1379.0,1379.800048828125,40403
2026-04-28 06:54:00+00:00,1379.0999755859375,1379.0999755859375,1379.4000244140625,1379.0,1379.0,44240
2026-04-28 06:55:00+00:00,1379.0,1379.0,1379.5,1378.5,1379.0999755859375,35632
2026-04-28 06:56:00+00:00,1379.5999755859375,1379.5999755859375,1379.9000244140625,1378.800048828125,1378.9000244140625,37552
2026-04-28 06:57:00+00:00,1379.0,1379.0,1379.9000244140625,1379.0,1379.5999755859375,13701
2026-04-28 06:58:00+00:00,1378.5,1378.5,1379.0999755859375,1378.300048828125,1379.0999755859375,40216
2026-04-28 06:59:00+00:00,1377.199951171875,1377.199951171875,1378.5,1377.0999755859375,1378.300048828125,70496
2026-04-28 07:00:00+00:00,1377.0,1377.0,1377.300048828125,1377.0,1377.0,55789
2026-04-28 07:01:00+00:00,1375.5,1375.5,1377.0999755859375,1375.5,1377.0999755859375,71600
2026-04-28 07:02:00+00:00,1374.9000244140625,1374.9000244140625,1375.5999755859375,1374.199951171875,1375.5,58575
2026-04-28 07:03:00+00:00,1374.5999755859375,1374.5999755859375,1375.4000244140625,1374.300048828125,1374.9000244140625,50564
2026-04-28 07:04:00+00:00,1375.4000244140625,1375.4000244140625,1375.4000244140625,1374.5,1374.9000244140625,32870
2026-04-28 07:05:00+00:00,1376.699951171875,1376.699951171875,1377.0,1375.0999755859375,1375.4000244140625,59910
2026-04-28 07:06:00+00:00,1376.699951171875,1376.699951171875,1377.0,1375.4000244140625,1376.699951171875,58894
2026-04-28 07:07:00+00:00,1376.300048828125,1376.300048828125,1377.0,1376.0,1376.699951171875,28755
2026-04-28 07:08:00+00:00,1376.0,1376.0,1377.0,1376.0,1376.5,40927
2026-04-28 07:09:00+00:00,1375.800048828125,1375.800048828125,1376.5,1375.699951171875,1376.0999755859375,50730
2026-04-28 07:10:00+00:00,1376.5,1376.5,1376.5,1375.9000244140625,1376.0999755859375,42000
2026-04-28 07:11:00+00:00,1376.0999755859375,1376.0999755859375,1376.5999755859375,1375.800048828125,1376.5999755859375,42016
2026-04-28 07:12:00+00:00,1377.5,1377.5,1377.5,1375.800048828125,1376.0999755859375,29477
2026-04-28 07:13:00+00:00,1378.9000244140625,1378.9000244140625,1379.0999755859375,1377.0999755859375,1377.5,94927
2026-04-28 07:14:00+00:00,1380.0,1380.0,1380.199951171875,1378.699951171875,1378.9000244140625,127654
2026-04-28 07:15:00+00:00,1380.5999755859375,1380.5999755859375,1380.800048828125,1379.800048828125,1380.0,35038
2026-04-28 07:16:00+00:00,1380.0999755859375,1380.0999755859375,1380.800048828125,1379.9000244140625,1380.800048828125,33034
2026-04-28 07:17:00+00:00,1379.5,1379.5,1380.300048828125,1379.300048828125,1380.300048828125,125355
2026-04-28 07:18:00+00:00,1378.4000244140625,1378.4000244140625,1379.5,1377.800048828125,1379.5,83990
2026-04-28 07:19:00+00:00,1379.5999755859375,1379.5999755859375,1380.0,1378.300048828125,1378.5,98732
2026-04-28 07:20:00+00:00,1380.199951171875,1380.199951171875,1380.800048828125,1379.4000244140625,1379.9000244140625,73969
2026-04-28 07:21:00+00:00,1380.199951171875,1380.199951171875,1380.4000244140625,1379.9000244140625,1380.199951171875,17930
2026-04-28 07:22:00+00:00,1379.9000244140625,1379.9000244140625,1380.800048828125,1379.9000244140625,1380.199951171875,25159
2026-04-28 07:23:00+00:00,1380.0999755859375,1380.0999755859375,1380.5,1379.5999755859375,1380.0,49767
2026-04-28 07:24:00+00:00,1380.0,1380.0,1380.0999755859375,1379.800048828125,1380.0999755859375,66288
2026-04-28 07:25:00+00:00,1380.5,1380.5,1380.5999755859375,1380.0,1380.0999755859375,26443
2026-04-28 07:26:00+00:00,1380.0999755859375,1380.0999755859375,1380.5,1380.0,1380.5,21026
2026-04-28 07:27:00+00:00,1380.199951171875,1380.199951171875,1380.4000244140625,1379.4000244140625,1380.0999755859375,55782
2026-04-28 07:28:00+00:00,1380.0,1380.0,1380.300048828125,1379.800048828125,1380.0999755859375,29115
2026-04-28 07:29:00+00:00,1380.0,1380.0,1380.5,1379.5999755859375,1380.0999755859375,26710
2026-04-28 07:30:00+00:00,1377.300048828125,1377.300048828125,1380.0999755859375,1377.199951171875,1380.0999755859375,47547
2026-04-28 07:31:00+00:00,1376.199951171875,1376.199951171875,1377.699951171875,1376.199951171875,1377.300048828125,55514
2026-04-28 07:32:00+00:00,1378.300048828125,1378.300048828125,1378.4000244140625,1375.800048828125,1376.5,89415
2026-04-28 07:33:00+00:00,1377.4000244140625,1377.4000244140625,1378.5999755859375,1377.4000244140625,1378.300048828125,336562
2026-04-28 07:34:00+00:00,1377.0,1377.0,1378.0,1376.699951171875,1377.699951171875,646052
2026-04-28 07:35:00+00:00,1377.4000244140625,1377.4000244140625,1378.0,1376.5,1377.0999755859375,317956
2026-04-28 07:36:00+00:00,1377.0999755859375,1377.0999755859375,1377.5999755859375,1377.0999755859375,1377.5,22957
2026-04-28 07:37:00+00:00,1378.199951171875,1378.199951171875,1378.4000244140625,1377.0999755859375,1377.199951171875,103979
2026-04-28 07:38:00+00:00,1378.9000244140625,1378.9000244140625,1379.199951171875,1378.199951171875,1378.4000244140625,32688
2026-04-28 07:39:00+00:00,1378.5,1378.5,1379.300048828125,1378.5,1379.0,23773
2026-04-28 07:40:00+00:00,1378.4000244140625,1378.4000244140625,1379.0,1378.0999755859375,1378.5999755859375,44644
2026-04-28 07:41:00+00:00,1379.0,1379.0,1379.4000244140625,1378.5999755859375,1378.5999755859375,39539
2026-04-28 07:42:00+00:00,1379.0,1379.0,1379.4000244140625,1378.800048828125,1379.0999755859375,25061
2026-04-28 07:43:00+00:00,1379.0999755859375,1379.0999755859375,1379.300048828125,1378.5,1379.0999755859375,39816
2026-04-28 07:44:00+00:00,1379.0999755859375,1379.0999755859375,1379.4000244140625,1378.9000244140625,1379.0999755859375,26867
2026-04-28 07:45:00+00:00,1379.300048828125,1379.300048828125,1379.300048828125,1379.0,1379.0999755859375,25032
2026-04-28 07:46:00+00:00,1379.0,1379.0,1379.4000244140625,1379.0,1379.4000244140625,17045
2026-04-28 07:47:00+00:00,1380.0,1380.0,1380.300048828125,1379.300048828125,1379.300048828125,45573
2026-04-28 07:48:00+00:00,1380.5999755859375,1380.5999755859375,1381.0,1380.5,1380.5999755859375,20255
2026-04-28 07:49:00+00:00,1381.5,1381.5,1381.800048828125,1380.5,1380.5999755859375,47314
2026-04-28 07:50:00+00:00,1380.5,1380.5,1381.9000244140625,1380.300048828125,1381.9000244140625,33580
2026-04-28 07:51:00+00:00,1381.5,1381.5,1381.5,1380.4000244140625,1380.5,24453
2026-04-28 07:52:00+00:00,1382.0,1382.0,1382.4000244140625,1381.4000244140625,1381.4000244140625,39225
2026-04-28 07:53:00+00:00,1381.800048828125,1381.800048828125,1382.199951171875,1381.5999755859375,1382.0999755859375,21432
2026-04-28 07:54:00+00:00,1382.4000244140625,1382.4000244140625,1382.800048828125,1381.5999755859375,1381.699951171875,47990
2026-04-28 07:55:00+00:00,1382.5999755859375,1382.5999755859375,1383.300048828125,1382.4000244140625,1382.699951171875,62295
2026-04-28 07:56:00+00:00,1381.5,1381.5,1382.5999755859375,1381.5,1382.5,25425
2026-04-28 07:57:00+00:00,1383.0999755859375,1383.0999755859375,1383.9000244140625,1381.5999755859375,1381.5999755859375,36029
2026-04-28 07:58:00+00:00,1382.699951171875,1382.699951171875,1383.4000244140625,1382.5,1383.300048828125,17119
2026-04-28 07:59:00+00:00,1381.9000244140625,1381.9000244140625,1382.800048828125,1381.5,1382.800048828125,21285
2026-04-28 08:00:00+00:00,1380.0,1380.0,1382.0999755859375,1380.0,1382.0,35171
2026-04-28 08:01:00+00:00,1380.0999755859375,1380.0999755859375,1380.800048828125,1379.4000244140625,1380.0999755859375,54901
2026-04-28 08:02:00+00:00,1380.0,1380.0,1380.699951171875,1379.9000244140625,1380.199951171875,46630
2026-04-28 08:03:00+00:00,1379.699951171875,1379.699951171875,1380.300048828125,1379.0999755859375,1380.0999755859375,74032
2026-04-28 08:04:00+00:00,1380.0,1380.0,1380.0999755859375,1379.199951171875,1379.5999755859375,133659
2026-04-28 08:05:00+00:00,1379.5999755859375,1379.5999755859375,1380.300048828125,1379.0,1380.0999755859375,178439
2026-04-28 08:06:00+00:00,1379.699951171875,1379.699951171875,1380.0999755859375,1378.5999755859375,1379.5999755859375,264082
2026-04-28 08:07:00+00:00,1380.699951171875,1380.699951171875,1380.9000244140625,1379.699951171875,1380.0999755859375,59383
2026-04-28 08:08:00+00:00,1381.0999755859375,1381.0999755859375,1381.4000244140625,1380.300048828125,1380.300048828125,68315
2026-04-28 08:09:00+00:00,1381.699951171875,1381.699951171875,1381.800048828125,1380.699951171875,1381.0999755859375,86727
2026-04-28 08:10:00+00:00,1382.4000244140625,1382.4000244140625,1382.699951171875,1381.5,1381.800048828125,84738
2026-04-28 08:11:00+00:00,1383.800048828125,1383.800048828125,1384.0,1382.5,1382.5,84605
2026-04-28 08:12:00+00:00,1385.199951171875,1385.199951171875,1385.5,1383.300048828125,1383.699951171875,207797
2026-04-28 08:13:00+00:00,1386.0,1386.0,1386.300048828125,1385.300048828125,1385.300048828125,68072
2026-04-28 08:14:00+00:00,1385.5,1385.5,1386.5,1385.5,1386.0,85106
2026-04-28 08:15:00+00:00,1383.5,1383.5,1385.5,1383.0999755859375,1385.5,53927
2026-04-28 08:16:00+00:00,1384.0999755859375,1384.0999755859375,1384.300048828125,1383.5,1383.5999755859375,38193
2026-04-28 08:17:00+00:00,1382.5999755859375,1382.5999755859375,1384.199951171875,1382.4000244140625,1384.0999755859375,92134
2026-04-28 08:18:00+00:00,1381.300048828125,1381.300048828125,1382.9000244140625,1381.300048828125,1382.9000244140625,62986
2026-04-28 08:19:00+00:00,1380.699951171875,1380.699951171875,1381.9000244140625,1380.5,1381.4000244140625,80016
2026-04-28 08:20:00+00:00,1380.199951171875,1380.199951171875,1380.9000244140625,1380.0,1380.5,85117
2026-04-28 08:21:00+00:00,1382.0,1382.0,1382.0,1380.699951171875,1380.699951171875,39559
2026-04-28 08:22:00+00:00,1381.699951171875,1381.699951171875,1382.300048828125,1381.0,1382.0,33527
2026-04-28 08:23:00+00:00,1381.0999755859375,1381.0999755859375,1382.9000244140625,1381.0999755859375,1381.800048828125,34975
2026-04-28 08:24:00+00:00,1382.5,1382.5,1382.5,1381.199951171875,1381.199951171875,64617
2026-04-28 08:25:00+00:00,1383.199951171875,1383.199951171875,1383.199951171875,1382.0,1382.5,70214
2026-04-28 08:26:00+00:00,1383.5999755859375,1383.5999755859375,1383.9000244140625,1383.0,1383.0999755859375,43545
2026-04-28 08:27:00+00:00,1382.4000244140625,1382.4000244140625,1383.9000244140625,1382.0,1383.9000244140625,59633
2026-04-28 08:28:00+00:00,1383.5,1383.5,1383.800048828125,1382.5999755859375,1382.5999755859375,38704
2026-04-28 08:29:00+00:00,1383.0999755859375,1383.0999755859375,1383.5,1382.800048828125,1383.5,34430
2026-04-28 08:30:00+00:00,1383.300048828125,1383.300048828125,1383.5,1383.0,1383.0999755859375,23449
2026-04-28 08:31:00+00:00,1383.199951171875,1383.199951171875,1383.5999755859375,1382.699951171875,1383.300048828125,33038
2026-04-28 08:32:00+00:00,1383.699951171875,1383.699951171875,1383.9000244140625,1383.0,1383.5,49271
2026-04-28 08:33:00+00:00,1383.5,1383.5,1383.9000244140625,1382.9000244140625,1383.699951171875,28194
2026-04-28 08:34:00+00:00,1383.9000244140625,1383.9000244140625,1384.5,1383.5,1383.5,62315
2026-04-28 08:35:00+00:00,1383.9000244140625,1383.9000244140625,1383.9000244140625,1382.9000244140625,1383.800048828125,57424
2026-04-28 08:36:00+00:00,1383.9000244140625,1383.9000244140625,1384.0,1383.5999755859375,1383.800048828125,67922
2026-04-28 08:37:00+00:00,1383.0999755859375,1383.0999755859375,1384.0,1382.9000244140625,1384.0,82947
2026-04-28 08:38:00+00:00,1383.300048828125,1383.300048828125,1383.699951171875,1382.699951171875,1383.0,80353
2026-04-28 08:39:00+00:00,1384.0,1384.0,1384.199951171875,1383.0999755859375,1383.5,89155
2026-04-28 08:40:00+00:00,1382.5999755859375,1382.5999755859375,1384.0,1382.5999755859375,1384.0,77292
2026-04-28 08:41:00+00:00,1383.0999755859375,1383.0999755859375,1383.0999755859375,1381.5,1382.5999755859375,155734
2026-04-28 08:42:00+00:00,1382.5999755859375,1382.5999755859375,1383.0,1382.0999755859375,1382.800048828125,93039
2026-04-28 08:43:00+00:00,1382.5999755859375,1382.5999755859375,1383.300048828125,1382.5999755859375,1382.699951171875,124441
2026-04-28 08:44:00+00:00,1380.5999755859375,1380.5999755859375,1382.699951171875,1380.300048828125,1382.699951171875,118145
2026-04-28 08:45:00+00:00,1379.9000244140625,1379.9000244140625,1381.5,1379.5999755859375,1380.300048828125,113801
2026-04-28 08:46:00+00:00,1380.4000244140625,1380.4000244140625,1380.5999755859375,1379.699951171875,1379.9000244140625,165007
2026-04-28 08:47:00+00:00,1381.0999755859375,1381.0999755859375,1381.300048828125,1379.9000244140625,1380.300048828125,78262
2026-04-28 08:48:00+00:00,1383.199951171875,1383.199951171875,1383.199951171875,1380.9000244140625,1381.0999755859375,129640
2026-04-28 08:49:00+00:00,1382.0999755859375,1382.0999755859375,1383.199951171875,1382.0999755859375,1383.199951171875,43229
2026-04-28 08:50:00+00:00,1382.300048828125,1382.300048828125,1382.300048828125,1381.5,1382.199951171875,39849
2026-04-28 08:51:00+00:00,1382.199951171875,1382.199951171875,1382.800048828125,1381.800048828125,1382.0999755859375,61831
2026-04-28 08:52:00+00:00,1382.699951171875,1382.699951171875,1382.9000244140625,1382.300048828125,1382.800048828125,58688
2026-04-28 08:53:00+00:00,1383.4000244140625,1383.4000244140625,1384.0,1382.300048828125,1382.5999755859375,279727
2026-04-28 08:54:00+00:00,1384.9000244140625,1384.9000244140625,1385.0999755859375,1383.4000244140625,1383.4000244140625,288143
2026-04-28 08:55:00+00:00,1385.5,1385.5,1385.5,1383.5,1384.9000244140625,100714
2026-04-28 08:56:00+00:00,1384.9000244140625,1384.9000244140625,1385.5,1384.199951171875,1385.5,57142
2026-04-28 08:57:00+00:00,1384.199951171875,1384.199951171875,1385.0999755859375,1384.199951171875,1384.9000244140625,78600
2026-04-28 08:58:00+00:00,1384.4000244140625,1384.4000244140625,1385.0999755859375,1384.199951171875,1384.699951171875,105517
2026-04-28 08:59:00+00:00,1384.9000244140625,1384.9000244140625,1385.0999755859375,1384.5999755859375,1384.800048828125,67504
2026-04-28 09:00:00+00:00,1385.800048828125,1385.800048828125,1386.4000244140625,1384.9000244140625,1384.9000244140625,114069
2026-04-28 09:01:00+00:00,1387.0,1387.0,1387.0999755859375,1385.4000244140625,1386.0,287000
2026-04-28 09:02:00+00:00,1390.0,1390.0,1390.300048828125,1386.9000244140625,1387.0999755859375,869765
2026-04-28 09:03:00+00:00,1390.199951171875,1390.199951171875,1390.300048828125,1390.0,1390.0999755859375,204274
2026-04-28 09:04:00+00:00,1387.0,1387.0,1390.300048828125,1387.0,1390.0999755859375,288665
2026-04-28 09:05:00+00:00,1388.9000244140625,1388.9000244140625,1389.4000244140625,1387.300048828125,1387.300048828125,133325
2026-04-28 09:06:00+00:00,1388.5999755859375,1388.5999755859375,1389.199951171875,1388.0,1388.699951171875,130548
2026-04-28 09:07:00+00:00,1389.0,1389.0,1389.199951171875,1388.800048828125,1389.0999755859375,99338
2026-04-28 09:08:00+00:00,1390.0,1390.0,1390.0,1389.0,1389.300048828125,132145
2026-04-28 09:09:00+00:00,1389.9000244140625,1389.9000244140625,1390.199951171875,1389.0999755859375,1389.9000244140625,92104
2026-04-28 09:10:00+00:00,1390.4000244140625,1390.4000244140625,1390.4000244140625,1389.0999755859375,1389.699951171875,176859
2026-04-28 09:11:00+00:00,1390.0,1390.0,1390.300048828125,1390.0,1390.199951171875,65698
2026-04-28 09:12:00+00:00,1390.0,1390.0,1390.199951171875,1390.0,1390.0999755859375,77746
2026-04-28 09:13:00+00:00,1390.0,1390.0,1390.4000244140625,1389.4000244140625,1390.0999755859375,156476
2026-04-28 09:14:00+00:00,1390.0,1390.0,1390.199951171875,1389.699951171875,1390.0999755859375,102004
2026-04-28 09:15:00+00:00,1390.0,1390.0,1390.199951171875,1390.0,1390.0999755859375,79868
2026-04-28 09:16:00+00:00,1391.0,1391.0,1391.0,1390.0,1390.0999755859375,182498
2026-04-28 09:17:00+00:00,1392.0999755859375,1392.0999755859375,1392.0999755859375,1390.9000244140625,1391.0999755859375,214147
2026-04-28 09:18:00+00:00,1392.0,1392.0,1392.0999755859375,1391.300048828125,1392.0,137954
2026-04-28 09:19:00+00:00,1392.0999755859375,1392.0999755859375,1392.300048828125,1391.0,1392.0999755859375,162603
2026-04-28 09:20:00+00:00,1392.9000244140625,1392.9000244140625,1392.9000244140625,1391.5999755859375,1392.0999755859375,133746
2026-04-28 09:21:00+00:00,1393.0,1393.0,1393.5999755859375,1392.300048828125,1392.9000244140625,97146
2026-04-28 09:22:00+00:00,1393.0,1393.0,1393.300048828125,1392.9000244140625,1393.0999755859375,131702
2026-04-28 09:23:00+00:00,1393.0,1393.0,1393.300048828125,1392.9000244140625,1393.0999755859375,174328
2026-04-28 09:24:00+00:00,1393.300048828125,1393.300048828125,1393.699951171875,1392.199951171875,1393.0999755859375,196292
2026-04-28 09:25:00+00:00,1393.0,1393.0,1393.699951171875,1392.9000244140625,1393.199951171875,200263
2026-04-28 09:26:00+00:00,1393.0999755859375,1393.0999755859375,1393.0999755859375,1392.9000244140625,1393.0999755859375,159235
2026-04-28 09:27:00+00:00,1390.0,1390.0,1393.0999755859375,1390.0,1393.0999755859375,736699
2026-04-28 09:28:00+00:00,1391.0,1391.0,1391.4000244140625,1390.0,1390.0999755859375,115687
2026-04-28 09:29:00+00:00,1391.0,1391.0,1391.300048828125,1390.5,1390.9000244140625,110670
2026-04-28 09:30:00+00:00,1391.0,1391.0,1392.300048828125,1390.9000244140625,1391.0,175925
2026-04-28 09:31:00+00:00,1388.699951171875,1388.699951171875,1391.0999755859375,1388.699951171875,1391.0,619059
2026-04-28 09:32:00+00:00,1389.0,1389.0,1390.0999755859375,1388.699951171875,1388.699951171875,515537
2026-04-28 09:33:00+00:00,1389.5,1389.5,1389.699951171875,1388.4000244140625,1389.0,727830
2026-04-28 09:34:00+00:00,1389.0999755859375,1389.0999755859375,1389.5,1388.0,1389.4000244140625,650716
2026-04-28 09:35:00+00:00,1389.5999755859375,1389.5999755859375,1390.199951171875,1389.0,1389.300048828125,446711
2026-04-28 09:36:00+00:00,1388.0,1388.0,1389.5,1388.0,1389.5,497402
2026-04-28 09:37:00+00:00,1387.800048828125,1387.800048828125,1388.0999755859375,1386.300048828125,1388.0999755859375,501981
2026-04-28 09:38:00+00:00,1388.0,1388.0,1388.4000244140625,1387.0,1388.0,177189
2026-04-28 09:39:00+00:00,1387.300048828125,1387.300048828125,1388.800048828125,1387.300048828125,1388.0999755859375,426379
2026-04-28 09:40:00+00:00,1386.800048828125,1386.800048828125,1387.300048828125,1386.300048828125,1387.199951171875,240158
2026-04-28 09:41:00+00:00,1387.0999755859375,1387.0999755859375,1387.0999755859375,1386.699951171875,1386.9000244140625,194747
2026-04-28 09:42:00+00:00,1387.0999755859375,1387.0999755859375,1387.5,1386.5,1387.0999755859375,418462
2026-04-28 09:43:00+00:00,1387.0,1387.0,1387.4000244140625,1387.0,1387.0,224061
2026-04-28 09:44:00+00:00,1387.0,1387.0,1387.4000244140625,1386.300048828125,1387.0999755859375,244157
2026-04-28 09:45:00+00:00,1387.0,1387.0,1387.199951171875,1386.9000244140625,1387.0,129274
2026-04-28 09:46:00+00:00,1387.0,1387.0,1387.5999755859375,1387.0,1387.0,92158
2026-04-28 09:47:00+00:00,1386.199951171875,1386.199951171875,1387.0999755859375,1386.0,1387.0999755859375,248359
2026-04-28 09:48:00+00:00,1387.0,1387.0,1387.5,1386.0999755859375,1386.199951171875,198093
2026-04-28 09:49:00+00:00,1387.300048828125,1387.300048828125,1388.0,1387.0999755859375,1387.0999755859375,203136
2026-04-28 09:50:00+00:00,1388.0,1388.0,1388.5999755859375,1387.199951171875,1387.800048828125,157737
2026-04-28 09:51:00+00:00,1388.199951171875,1388.199951171875,1390.199951171875,1387.699951171875,1388.0,272593
2026-04-28 09:52:00+00:00,1388.0,1388.0,1389.699951171875,1388.0,1388.300048828125,206449
2026-04-28 09:53:00+00:00,1390.0,1390.0,1390.0,1388.0999755859375,1388.0999755859375,217059
2026-04-28 09:54:00+00:00,1388.300048828125,1388.300048828125,1390.0999755859375,1388.0,1390.0,224361
2026-04-28 09:55:00+00:00,1390.0999755859375,1390.0999755859375,1390.5999755859375,1388.199951171875,1388.5,258617
2026-04-28 09:56:00+00:00,1390.199951171875,1390.199951171875,1391.0,1389.0,1390.300048828125,253742
2026-04-28 09:57:00+00:00,1391.199951171875,1391.199951171875,1391.199951171875,1389.5,1390.199951171875,370588
2026-04-28 09:58:00+00:00,1392.0,1392.0,1392.199951171875,1391.0,1391.0,326073
2026-04-28 09:59:00+00:00,1394.0,1394.0,1394.0,1391.0,1392.300048828125,309612
2026-04-29 03:45:00+00:00,1400.199951171875,1400.199951171875,1401.0,1392.0,1392.0,0
2026-04-29 03:46:00+00:00,1402.199951171875,1402.199951171875,1403.0,1400.0,1401.300048828125,214296
2026-04-29 03:47:00+00:00,1405.5999755859375,1405.5999755859375,1406.4000244140625,1402.0,1402.5,204320
2026-04-29 03:48:00+00:00,1404.9000244140625,1404.9000244140625,1406.0,1404.0,1405.0,131781
2026-04-29 03:49:00+00:00,1404.9000244140625,1404.9000244140625,1406.9000244140625,1404.300048828125,1405.0,142223
2026-04-29 03:50:00+00:00,1407.9000244140625,1407.9000244140625,1408.0999755859375,1404.199951171875,1405.199951171875,123572
2026-04-29 03:51:00+00:00,1405.300048828125,1405.300048828125,1409.5,1405.300048828125,1408.0,93364
2026-04-29 03:52:00+00:00,1406.4000244140625,1406.4000244140625,1406.5999755859375,1405.0,1405.199951171875,42919
2026-04-29 03:53:00+00:00,1403.0999755859375,1403.0999755859375,1406.4000244140625,1403.0999755859375,1406.0,60885
2026-04-29 03:54:00+00:00,1404.0,1404.0,1404.699951171875,1402.0999755859375,1403.9000244140625,79938
2026-04-29 03:55:00+00:00,1401.0,1401.0,1404.300048828125,1400.800048828125,1404.199951171875,214937
2026-04-29 03:56:00+00:00,1403.4000244140625,1403.4000244140625,1403.800048828125,1400.5999755859375,1400.5999755859375,97279
2026-04-29 03:57:00+00:00,1403.199951171875,1403.199951171875,1404.0,1402.0999755859375,1403.300048828125,22075
2026-04-29 03:58:00+00:00,1399.199951171875,1399.199951171875,1403.699951171875,1398.0999755859375,1403.300048828125,83898
2026-04-29 03:59:00+00:00,1400.9000244140625,1400.9000244140625,1402.800048828125,1399.9000244140625,1399.9000244140625,281719
2026-04-29 04:00:00+00:00,1402.0,1402.0,1402.800048828125,1400.9000244140625,1401.0,62143
2026-04-29 04:01:00+00:00,1405.0,1405.0,1405.699951171875,1402.199951171875,1402.199951171875,99370
2026-04-29 04:02:00+00:00,1404.199951171875,1404.199951171875,1405.5,1403.800048828125,1405.0,46871
2026-04-29 04:03:00+00:00,1403.0999755859375,1403.0999755859375,1404.0999755859375,1402.800048828125,1404.0999755859375,35212
2026-04-29 04:04:00+00:00,1403.699951171875,1403.699951171875,1404.0,1402.300048828125,1403.0999755859375,54586
2026-04-29 04:05:00+00:00,1403.4000244140625,1403.4000244140625,1404.0999755859375,1402.9000244140625,1404.0,82068
2026-04-29 04:06:00+00:00,1404.199951171875,1404.199951171875,1404.5999755859375,1402.699951171875,1404.0999755859375,64670
2026-04-29 04:07:00+00:00,1404.0,1404.0,1404.5999755859375,1402.5,1404.0,189437
2026-04-29 04:08:00+00:00,1405.0,1405.0,1405.800048828125,1403.5999755859375,1404.0,99669
2026-04-29 04:09:00+00:00,1404.4000244140625,1404.4000244140625,1405.199951171875,1404.300048828125,1405.199951171875,134351
2026-04-29 04:10:00+00:00,1406.5999755859375,1406.5999755859375,1406.800048828125,1404.0,1404.699951171875,55802
2026-04-29 04:11:00+00:00,1405.800048828125,1405.800048828125,1406.5999755859375,1404.5,1406.5999755859375,41637
2026-04-29 04:12:00+00:00,1404.199951171875,1404.199951171875,1406.0,1403.9000244140625,1406.0,65848
2026-04-29 04:13:00+00:00,1405.0999755859375,1405.0999755859375,1405.0999755859375,1404.0999755859375,1404.0999755859375,34406
2026-04-29 04:14:00+00:00,1405.0,1405.0,1405.4000244140625,1404.5999755859375,1404.5999755859375,13610
2026-04-29 04:15:00+00:00,1404.800048828125,1404.800048828125,1405.4000244140625,1404.800048828125,1405.0,20608
2026-04-29 04:16:00+00:00,1404.699951171875,1404.699951171875,1405.199951171875,1404.5999755859375,1404.9000244140625,27422
2026-04-29 04:17:00+00:00,1404.300048828125,1404.300048828125,1405.0,1403.4000244140625,1405.0,90082
2026-04-29 04:18:00+00:00,1403.9000244140625,1403.9000244140625,1404.5999755859375,1403.800048828125,1404.300048828125,30473
2026-04-29 04:19:00+00:00,1404.5,1404.5,1404.5999755859375,1403.699951171875,1404.4000244140625,29986
2026-04-29 04:20:00+00:00,1404.699951171875,1404.699951171875,1405.199951171875,1404.199951171875,1404.5999755859375,41597
2026-04-29 04:21:00+00:00,1405.0999755859375,1405.0999755859375,1405.4000244140625,1404.5,1405.0,25971
2026-04-29 04:22:00+00:00,1405.0,1405.0,1405.800048828125,1404.699951171875,1405.0999755859375,22262
2026-04-29 04:23:00+00:00,1405.5,1405.5,1405.9000244140625,1405.0,1405.0999755859375,21183
2026-04-29 04:24:00+00:00,1405.0,1405.0,1406.5,1405.0,1406.5,32995
2026-04-29 04:25:00+00:00,1405.9000244140625,1405.9000244140625,1406.699951171875,1404.699951171875,1404.699951171875,34866
2026-04-29 04:26:00+00:00,1405.300048828125,1405.300048828125,1406.199951171875,1405.0,1406.199951171875,19690
2026-04-29 04:27:00+00:00,1405.300048828125,1405.300048828125,1405.699951171875,1405.199951171875,1405.5999755859375,20402
2026-04-29 04:28:00+00:00,1405.5999755859375,1405.5999755859375,1406.0,1405.4000244140625,1405.5,18604
2026-04-29 04:29:00+00:00,1405.9000244140625,1405.9000244140625,1406.0,1405.4000244140625,1405.5999755859375,10774
2026-04-29 04:30:00+00:00,1406.0,1406.0,1406.4000244140625,1405.699951171875,1405.9000244140625,586865
2026-04-29 04:31:00+00:00,1407.0,1407.0,1407.199951171875,1405.5999755859375,1406.199951171875,113399
2026-04-29 04:32:00+00:00,1407.0,1407.0,1407.5,1406.5,1407.0,22451
2026-04-29 04:33:00+00:00,1407.800048828125,1407.800048828125,1407.800048828125,1407.0999755859375,1407.5,17057
2026-04-29 04:34:00+00:00,1407.699951171875,1407.699951171875,1408.0,1407.0999755859375,1407.800048828125,55741
2026-04-29 04:35:00+00:00,1408.0999755859375,1408.0999755859375,1408.4000244140625,1407.5,1407.5,33900
2026-04-29 04:36:00+00:00,1408.0,1408.0,1408.4000244140625,1407.0,1408.0999755859375,81767
2026-04-29 04:37:00+00:00,1408.0,1408.0,1408.699951171875,1408.0,1408.0999755859375,18124
2026-04-29 04:38:00+00:00,1410.0999755859375,1410.0999755859375,1410.4000244140625,1408.0,1408.0,189605
2026-04-29 04:39:00+00:00,1410.300048828125,1410.300048828125,1410.4000244140625,1409.0999755859375,1410.4000244140625,90897
2026-04-29 04:40:00+00:00,1410.0,1410.0,1410.0999755859375,1409.300048828125,1409.300048828125,66411
2026-04-29 04:41:00+00:00,1409.300048828125,1409.300048828125,1410.0999755859375,1409.199951171875,1410.0,63747
2026-04-29 04:42:00+00:00,1410.0999755859375,1410.0999755859375,1410.5,1409.5,1410.0,32791
2026-04-29 04:43:00+00:00,1410.5,1410.5,1410.5,1409.300048828125,1410.300048828125,101977
2026-04-29 04:44:00+00:00,1411.5999755859375,1411.5999755859375,1412.199951171875,1410.0999755859375,1410.5,70074
2026-04-29 04:45:00+00:00,1411.5999755859375,1411.5999755859375,1412.0,1410.4000244140625,1411.699951171875,51417
2026-04-29 04:46:00+00:00,1411.800048828125,1411.800048828125,1412.199951171875,1411.4000244140625,1411.4000244140625,39213
2026-04-29 04:47:00+00:00,1412.4000244140625,1412.4000244140625,1412.5,1411.699951171875,1412.0,33201
2026-04-29 04:48:00+00:00,1413.0,1413.0,1413.5,1412.0,1412.300048828125,50935
2026-04-29 04:49:00+00:00,1413.0,1413.0,1413.5,1412.800048828125,1413.4000244140625,33074
2026-04-29 04:50:00+00:00,1417.0,1417.0,1417.800048828125,1413.0,1413.199951171875,204785
2026-04-29 04:51:00+00:00,1419.0999755859375,1419.0999755859375,1420.0,1416.4000244140625,1416.9000244140625,244149
2026-04-29 04:52:00+00:00,1420.0,1420.0,1420.300048828125,1419.0,1419.4000244140625,80814
2026-04-29 04:53:00+00:00,1421.5,1421.5,1421.800048828125,1419.699951171875,1419.9000244140625,71905
2026-04-29 04:54:00+00:00,1425.199951171875,1425.199951171875,1425.300048828125,1420.800048828125,1421.300048828125,241659
2026-04-29 04:55:00+00:00,1425.0,1425.0,1425.5999755859375,1423.699951171875,1425.199951171875,433983
2026-04-29 04:56:00+00:00,1425.5,1425.5,1426.5999755859375,1424.9000244140625,1425.0,107878
2026-04-29 04:57:00+00:00,1426.5999755859375,1426.5999755859375,1426.699951171875,1425.5999755859375,1426.199951171875,88156
2026-04-29 04:58:00+00:00,1426.5,1426.5,1427.5999755859375,1426.300048828125,1426.5999755859375,109283
2026-04-29 04:59:00+00:00,1424.9000244140625,1424.9000244140625,1427.0,1424.5,1426.300048828125,172008
2026-04-29 05:00:00+00:00,1424.0,1424.0,1425.300048828125,1422.800048828125,1425.0,134945
2026-04-29 05:01:00+00:00,1423.199951171875,1423.199951171875,1424.5999755859375,1422.5,1424.5,72846
2026-04-29 05:02:00+00:00,1425.800048828125,1425.800048828125,1425.9000244140625,1422.800048828125,1423.800048828125,48651
2026-04-29 05:03:00+00:00,1426.300048828125,1426.300048828125,1426.300048828125,1425.300048828125,1425.800048828125,67186
2026-04-29 05:04:00+00:00,1425.5999755859375,1425.5999755859375,1427.4000244140625,1425.5,1426.0,59510
2026-04-29 05:05:00+00:00,1424.9000244140625,1424.9000244140625,1426.300048828125,1424.9000244140625,1425.699951171875,41637
2026-04-29 05:06:00+00:00,1425.5,1425.5,1425.9000244140625,1425.0,1425.4000244140625,25437
2026-04-29 05:07:00+00:00,1424.199951171875,1424.199951171875,1425.800048828125,1424.0999755859375,1425.4000244140625,35288
2026-04-29 05:08:00+00:00,1423.300048828125,1423.300048828125,1425.199951171875,1423.300048828125,1424.4000244140625,50921
2026-04-29 05:09:00+00:00,1420.9000244140625,1420.9000244140625,1424.199951171875,1420.4000244140625,1423.699951171875,71061
2026-04-29 05:10:00+00:00,1421.0,1421.0,1421.199951171875,1420.300048828125,1421.199951171875,44438
2026-04-29 05:11:00+00:00,1420.699951171875,1420.699951171875,1421.0,1420.5,1421.0,18044
2026-04-29 05:12:00+00:00,1420.199951171875,1420.199951171875,1420.699951171875,1420.0,1420.699951171875,105712
2026-04-29 05:13:00+00:00,1420.800048828125,1420.800048828125,1421.4000244140625,1420.5,1420.5999755859375,24835
2026-04-29 05:14:00+00:00,1420.300048828125,1420.300048828125,1421.199951171875,1420.300048828125,1421.199951171875,15255
2026-04-29 05:15:00+00:00,1420.0,1420.0,1421.199951171875,1419.9000244140625,1420.5,98684
2026-04-29 05:16:00+00:00,1420.0,1420.0,1420.5999755859375,1420.0,1420.0,40805
2026-04-29 05:17:00+00:00,1420.4000244140625,1420.4000244140625,1421.0,1420.0,1420.0999755859375,49094
2026-04-29 05:18:00+00:00,1420.199951171875,1420.199951171875,1420.4000244140625,1420.0,1420.4000244140625,15576
2026-04-29 05:19:00+00:00,1420.199951171875,1420.199951171875,1420.699951171875,1419.699951171875,1420.0999755859375,35820
2026-04-29 05:20:00+00:00,1421.699951171875,1421.699951171875,1422.5,1420.0,1420.300048828125,34510
2026-04-29 05:21:00+00:00,1420.300048828125,1420.300048828125,1421.800048828125,1420.199951171875,1421.699951171875,25994
2026-04-29 05:22:00+00:00,1421.9000244140625,1421.9000244140625,1421.9000244140625,1420.0,1420.300048828125,79615
2026-04-29 05:23:00+00:00,1422.0,1422.0,1422.0999755859375,1421.300048828125,1422.0,150239
2026-04-29 05:24:00+00:00,1422.0999755859375,1422.0999755859375,1422.4000244140625,1421.9000244140625,1422.0,36660
2026-04-29 05:25:00+00:00,1421.800048828125,1421.800048828125,1422.0999755859375,1421.699951171875,1422.0,112981
2026-04-29 05:26:00+00:00,1421.5999755859375,1421.5999755859375,1422.0999755859375,1421.5999755859375,1422.0999755859375,70854
2026-04-29 05:27:00+00:00,1422.0,1422.0,1422.0999755859375,1421.199951171875,1421.5999755859375,212690
2026-04-29 05:28:00+00:00,1422.0999755859375,1422.0999755859375,1422.0999755859375,1421.5,1422.0,46591
2026-04-29 05:29:00+00:00,1422.0,1422.0,1422.0999755859375,1421.800048828125,1422.0999755859375,47456
2026-04-29 05:30:00+00:00,1422.5999755859375,1422.5999755859375,1422.5999755859375,1421.800048828125,1422.0,60327
2026-04-29 05:31:00+00:00,1422.5,1422.5,1423.300048828125,1422.0,1422.699951171875,214881
2026-04-29 05:32:00+00:00,1423.0,1423.0,1423.4000244140625,1422.5,1422.5,25233
2026-04-29 05:33:00+00:00,1423.199951171875,1423.199951171875,1423.199951171875,1422.800048828125,1423.0999755859375,17883
2026-04-29 05:34:00+00:00,1423.0,1423.0,1423.199951171875,1423.0,1423.0,20206
2026-04-29 05:35:00+00:00,1423.0,1423.0,1423.199951171875,1422.800048828125,1423.0999755859375,37990
2026-04-29 05:36:00+00:00,1422.800048828125,1422.800048828125,1423.0999755859375,1422.800048828125,1423.0,22075
2026-04-29 05:37:00+00:00,1423.0,1423.0,1423.0999755859375,1422.800048828125,1422.800048828125,24478
2026-04-29 05:38:00+00:00,1423.5,1423.5,1423.800048828125,1423.0,1423.0,24423
2026-04-29 05:39:00+00:00,1423.300048828125,1423.300048828125,1423.300048828125,1422.800048828125,1423.199951171875,49184
2026-04-29 05:40:00+00:00,1422.5999755859375,1422.5999755859375,1423.0999755859375,1422.5,1423.0,39951
2026-04-29 05:41:00+00:00,1423.0,1423.0,1423.0999755859375,1422.5,1423.0,19402
2026-04-29 05:42:00+00:00,1423.199951171875,1423.199951171875,1423.5,1423.0,1423.0,18835
2026-04-29 05:43:00+00:00,1423.0,1423.0,1423.300048828125,1423.0,1423.199951171875,10625
2026-04-29 05:44:00+00:00,1423.199951171875,1423.199951171875,1423.4000244140625,1423.0,1423.0999755859375,19096
2026-04-29 05:45:00+00:00,1423.0,1423.0,1423.199951171875,1423.0,1423.0999755859375,22023
2026-04-29 05:46:00+00:00,1423.0,1423.0,1423.0999755859375,1422.5,1422.5999755859375,53880
2026-04-29 05:47:00+00:00,1423.0,1423.0,1423.0999755859375,1422.699951171875,1423.0,19059
2026-04-29 05:48:00+00:00,1422.5,1422.5,1423.0999755859375,1422.300048828125,1423.0,62664
2026-04-29 05:49:00+00:00,1421.699951171875,1421.699951171875,1422.5,1420.300048828125,1422.5,114391
2026-04-29 05:50:00+00:00,1422.0,1422.0,1422.199951171875,1421.5,1422.199951171875,43437
2026-04-29 05:51:00+00:00,1422.5,1422.5,1423.0,1422.0,1422.0999755859375,27107
2026-04-29 05:52:00+00:00,1422.0,1422.0,1423.0999755859375,1422.0,1422.5,55149
2026-04-29 05:53:00+00:00,1422.0999755859375,1422.0999755859375,1423.0999755859375,1421.5999755859375,1422.0,182069
2026-04-29 05:54:00+00:00,1418.5,1418.5,1422.0999755859375,1418.0999755859375,1422.0,158084
2026-04-29 05:55:00+00:00,1419.0,1419.0,1420.699951171875,1417.5999755859375,1418.699951171875,97466
2026-04-29 05:56:00+00:00,1419.0,1419.0,1420.5,1419.0,1420.0,105063
2026-04-29 05:57:00+00:00,1419.800048828125,1419.800048828125,1420.0999755859375,1419.0,1419.0999755859375,48687
2026-04-29 05:58:00+00:00,1420.0,1420.0,1420.199951171875,1419.300048828125,1419.9000244140625,36896
2026-04-29 05:59:00+00:00,1420.199951171875,1420.199951171875,1420.699951171875,1420.0,1420.199951171875,21613
2026-04-29 06:00:00+00:00,1420.699951171875,1420.699951171875,1421.0,1420.199951171875,1420.5,17769
2026-04-29 06:01:00+00:00,1421.5,1421.5,1421.9000244140625,1420.699951171875,1421.0,35891
2026-04-29 06:02:00+00:00,1420.300048828125,1420.300048828125,1421.5,1420.300048828125,1421.5,13748
2026-04-29 06:03:00+00:00,1421.0,1421.0,1421.199951171875,1420.300048828125,1420.5999755859375,16667
2026-04-29 06:04:00+00:00,1420.199951171875,1420.199951171875,1421.0,1420.0999755859375,1420.699951171875,21496
2026-04-29 06:05:00+00:00,1420.5999755859375,1420.5999755859375,1420.800048828125,1420.199951171875,1420.199951171875,15896
2026-04-29 06:06:00+00:00,1421.0,1421.0,1421.199951171875,1420.5999755859375,1420.5999755859375,15135
2026-04-29 06:07:00+00:00,1422.0,1422.0,1422.0999755859375,1420.9000244140625,1420.9000244140625,27545
2026-04-29 06:08:00+00:00,1421.9000244140625,1421.9000244140625,1422.199951171875,1421.300048828125,1422.0999755859375,21076
2026-04-29 06:09:00+00:00,1422.0,1422.0,1422.0999755859375,1421.9000244140625,1421.9000244140625,11022
2026-04-29 06:10:00+00:00,1421.9000244140625,1421.9000244140625,1422.5,1421.9000244140625,1422.0,20431
2026-04-29 06:11:00+00:00,1422.0,1422.0,1422.300048828125,1421.699951171875,1422.300048828125,25143
2026-04-29 06:12:00+00:00,1421.800048828125,1421.800048828125,1422.0999755859375,1421.800048828125,1422.0,10432
2026-04-29 06:13:00+00:00,1420.800048828125,1420.800048828125,1421.5,1420.5,1421.300048828125,193856
2026-04-29 06:14:00+00:00,1420.300048828125,1420.300048828125,1421.0,1420.0,1420.9000244140625,12172
2026-04-29 06:15:00+00:00,1420.0,1420.0,1420.5,1420.0,1420.5,12402
2026-04-29 06:16:00+00:00,1419.4000244140625,1419.4000244140625,1420.199951171875,1419.4000244140625,1420.0999755859375,9780
2026-04-29 06:17:00+00:00,1420.5999755859375,1420.5999755859375,1420.699951171875,1419.699951171875,1419.699951171875,16343
2026-04-29 06:18:00+00:00,1421.699951171875,1421.699951171875,1422.0999755859375,1420.5,1420.9000244140625,32662
2026-04-29 06:19:00+00:00,1421.5,1421.5,1422.0999755859375,1421.5,1422.0999755859375,19565
2026-04-29 06:20:00+00:00,1421.0,1421.0,1421.5999755859375,1421.0,1421.5,14998
2026-04-29 06:21:00+00:00,1421.0999755859375,1421.0999755859375,1421.0999755859375,1420.300048828125,1421.0,66060
2026-04-29 06:22:00+00:00,1421.0,1421.0,1421.0999755859375,1420.5,1421.0,20575
2026-04-29 06:23:00+00:00,1421.5999755859375,1421.5999755859375,1422.4000244140625,1420.5999755859375,1421.0999755859375,77754
2026-04-29 06:24:00+00:00,1421.5,1421.5,1422.5,1421.0,1422.0,53890
2026-04-29 06:25:00+00:00,1420.800048828125,1420.800048828125,1421.5999755859375,1420.5999755859375,1421.5999755859375,38296
2026-04-29 06:26:00+00:00,1421.0,1421.0,1421.5,1421.0,1421.0,12427
2026-04-29 06:27:00+00:00,1421.199951171875,1421.199951171875,1421.199951171875,1420.9000244140625,1421.0999755859375,9304
2026-04-29 06:28:00+00:00,1421.0,1421.0,1421.199951171875,1421.0,1421.199951171875,9651
2026-04-29 06:29:00+00:00,1420.5,1420.5,1421.5999755859375,1420.5,1421.0,89961
2026-04-29 06:30:00+00:00,1420.5,1420.5,1421.0999755859375,1419.800048828125,1420.5999755859375,126962
2026-04-29 06:31:00+00:00,1420.800048828125,1420.800048828125,1420.800048828125,1420.0999755859375,1420.5999755859375,16574
2026-04-29 06:32:00+00:00,1420.4000244140625,1420.4000244140625,1420.800048828125,1420.300048828125,1420.4000244140625,10218
2026-04-29 06:33:00+00:00,1420.800048828125,1420.800048828125,1420.800048828125,1420.0999755859375,1420.4000244140625,12212
2026-04-29 06:34:00+00:00,1420.5999755859375,1420.5999755859375,1420.800048828125,1420.5,1420.5999755859375,10114
2026-04-29 06:35:00+00:00,1420.4000244140625,1420.4000244140625,1420.5999755859375,1420.199951171875,1420.5,8908
2026-04-29 06:36:00+00:00,1420.699951171875,1420.699951171875,1420.699951171875,1420.199951171875,1420.199951171875,11297
2026-04-29 06:37:00+00:00,1420.5,1420.5,1420.800048828125,1420.300048828125,1420.5,11737
2026-04-29 06:38:00+00:00,1420.699951171875,1420.699951171875,1420.800048828125,1419.699951171875,1420.300048828125,22729
2026-04-29 06:39:00+00:00,1420.699951171875,1420.699951171875,1420.9000244140625,1420.199951171875,1420.5,25596
2026-04-29 06:40:00+00:00,1421.699951171875,1421.699951171875,1421.9000244140625,1420.5999755859375,1420.800048828125,83402
2026-04-29 06:41:00+00:00,1422.0999755859375,1422.0999755859375,1423.0,1420.699951171875,1421.699951171875,364282
2026-04-29 06:42:00+00:00,1421.800048828125,1421.800048828125,1422.300048828125,1420.800048828125,1422.0,53269
2026-04-29 06:43:00+00:00,1420.800048828125,1420.800048828125,1422.0999755859375,1420.800048828125,1422.0,23336
2026-04-29 06:44:00+00:00,1420.9000244140625,1420.9000244140625,1421.0999755859375,1420.300048828125,1421.0999755859375,27250
2026-04-29 06:45:00+00:00,1420.300048828125,1420.300048828125,1420.9000244140625,1420.300048828125,1420.9000244140625,11709
2026-04-29 06:46:00+00:00,1420.0999755859375,1420.0999755859375,1420.800048828125,1420.0,1420.300048828125,11201
2026-04-29 06:47:00+00:00,1419.800048828125,1419.800048828125,1420.4000244140625,1419.800048828125,1420.4000244140625,13849
2026-04-29 06:48:00+00:00,1419.5999755859375,1419.5999755859375,1420.199951171875,1419.5,1420.199951171875,17843
2026-04-29 06:49:00+00:00,1419.5,1419.5,1420.0,1419.5,1419.5999755859375,12399
2026-04-29 06:50:00+00:00,1419.699951171875,1419.699951171875,1420.0999755859375,1419.0999755859375,1419.5999755859375,43121
2026-04-29 06:51:00+00:00,1419.5,1419.5,1420.0,1419.300048828125,1419.699951171875,21590
2026-04-29 06:52:00+00:00,1420.5999755859375,1420.5999755859375,1422.4000244140625,1419.0999755859375,1419.5,640996
2026-04-29 06:53:00+00:00,1422.0999755859375,1422.0999755859375,1422.0999755859375,1420.4000244140625,1420.800048828125,65499
2026-04-29 06:54:00+00:00,1420.4000244140625,1420.4000244140625,1422.0,1420.0,1422.0,15564
2026-04-29 06:55:00+00:00,1420.199951171875,1420.199951171875,1420.4000244140625,1420.199951171875,1420.4000244140625,8868
2026-04-29 06:56:00+00:00,1420.199951171875,1420.199951171875,1420.4000244140625,1420.0,1420.300048828125,13192
2026-04-29 06:57:00+00:00,1420.5,1420.5,1421.0,1420.0999755859375,1420.4000244140625,11779
2026-04-29 06:58:00+00:00,1420.5999755859375,1420.5999755859375,1420.800048828125,1420.300048828125,1420.5,9669
2026-04-29 06:59:00+00:00,1420.199951171875,1420.199951171875,1420.699951171875,1420.0999755859375,1420.5999755859375,11129
2026-04-29 07:00:00+00:00,1420.0999755859375,1420.0999755859375,1420.699951171875,1420.0,1420.5999755859375,19370
2026-04-29 07:01:00+00:00,1420.4000244140625,1420.4000244140625,1420.5,1420.0,1420.199951171875,14577
2026-04-29 07:02:00+00:00,1420.300048828125,1420.300048828125,1421.0,1420.0,1420.300048828125,12453
2026-04-29 07:03:00+00:00,1420.0999755859375,1420.0999755859375,1420.5,1420.0,1420.0,11596
2026-04-29 07:04:00+00:00,1420.5,1420.5,1420.800048828125,1420.0999755859375,1420.300048828125,18157
2026-04-29 07:05:00+00:00,1420.199951171875,1420.199951171875,1420.5,1420.0999755859375,1420.4000244140625,12948
2026-04-29 07:06:00+00:00,1419.699951171875,1419.699951171875,1420.199951171875,1419.5999755859375,1420.199951171875,17048
2026-04-29 07:07:00+00:00,1419.9000244140625,1419.9000244140625,1420.0,1419.4000244140625,1419.800048828125,16542
2026-04-29 07:08:00+00:00,1419.9000244140625,1419.9000244140625,1420.0,1419.300048828125,1419.9000244140625,17487
2026-04-29 07:09:00+00:00,1419.5,1419.5,1419.9000244140625,1419.300048828125,1419.9000244140625,18534
2026-04-29 07:10:00+00:00,1419.5,1419.5,1419.699951171875,1419.300048828125,1419.4000244140625,15437
2026-04-29 07:11:00+00:00,1419.5999755859375,1419.5999755859375,1419.699951171875,1419.199951171875,1419.5999755859375,16997
2026-04-29 07:12:00+00:00,1419.0,1419.0,1419.699951171875,1418.9000244140625,1419.300048828125,27605
2026-04-29 07:13:00+00:00,1416.0999755859375,1416.0999755859375,1422.300048828125,1415.699951171875,1418.800048828125,842255
2026-04-29 07:14:00+00:00,1416.9000244140625,1416.9000244140625,1417.5,1416.0999755859375,1416.4000244140625,60471
2026-04-29 07:15:00+00:00,1416.9000244140625,1416.9000244140625,1417.4000244140625,1416.9000244140625,1416.9000244140625,18626
2026-04-29 07:16:00+00:00,1416.699951171875,1416.699951171875,1417.0,1416.5999755859375,1417.0,22224
2026-04-29 07:17:00+00:00,1416.800048828125,1416.800048828125,1417.4000244140625,1416.699951171875,1416.9000244140625,15689
2026-04-29 07:18:00+00:00,1416.9000244140625,1416.9000244140625,1417.4000244140625,1416.699951171875,1416.800048828125,15788
2026-04-29 07:19:00+00:00,1416.5999755859375,1416.5999755859375,1417.0,1416.5,1416.9000244140625,16757
2026-04-29 07:20:00+00:00,1416.5999755859375,1416.5999755859375,1416.9000244140625,1416.5,1416.699951171875,18762
2026-04-29 07:21:00+00:00,1416.800048828125,1416.800048828125,1417.0,1416.5999755859375,1416.5999755859375,16365
2026-04-29 07:22:00+00:00,1416.300048828125,1416.300048828125,1416.9000244140625,1416.300048828125,1416.800048828125,23243
2026-04-29 07:23:00+00:00,1416.300048828125,1416.300048828125,1416.699951171875,1416.0999755859375,1416.4000244140625,23799
2026-04-29 07:24:00+00:00,1417.0,1417.0,1417.0999755859375,1414.199951171875,1416.300048828125,100553
2026-04-29 07:25:00+00:00,1413.9000244140625,1413.9000244140625,1416.699951171875,1413.5,1416.199951171875,403694
2026-04-29 07:26:00+00:00,1414.5999755859375,1414.5999755859375,1414.9000244140625,1414.300048828125,1414.300048828125,15115
2026-04-29 07:27:00+00:00,1415.0999755859375,1415.0999755859375,1415.699951171875,1414.4000244140625,1414.4000244140625,21562
2026-04-29 07:28:00+00:00,1414.5999755859375,1414.5999755859375,1415.0,1414.4000244140625,1415.0,13741
2026-04-29 07:29:00+00:00,1415.0999755859375,1415.0999755859375,1415.300048828125,1413.9000244140625,1414.5999755859375,36378
2026-04-29 07:30:00+00:00,1414.800048828125,1414.800048828125,1415.300048828125,1414.5,1415.300048828125,24182
2026-04-29 07:31:00+00:00,1415.0,1415.0,1415.0,1414.5,1414.9000244140625,21243
2026-04-29 07:32:00+00:00,1415.5999755859375,1415.5999755859375,1415.800048828125,1414.699951171875,1415.0,30483
2026-04-29 07:33:00+00:00,1415.4000244140625,1415.4000244140625,1416.0,1415.199951171875,1415.5999755859375,14092
2026-04-29 07:34:00+00:00,1416.800048828125,1416.800048828125,1416.9000244140625,1415.0,1415.300048828125,20954
2026-04-29 07:35:00+00:00,1415.800048828125,1415.800048828125,1416.800048828125,1415.300048828125,1416.800048828125,17234
2026-04-29 07:36:00+00:00,1415.699951171875,1415.699951171875,1416.199951171875,1415.5999755859375,1415.699951171875,26398
2026-04-29 07:37:00+00:00,1416.4000244140625,1416.4000244140625,1416.4000244140625,1415.699951171875,1416.0999755859375,39875
2026-04-29 07:38:00+00:00,1417.5999755859375,1417.5999755859375,1417.9000244140625,1416.4000244140625,1416.4000244140625,28583
2026-04-29 07:39:00+00:00,1417.199951171875,1417.199951171875,1417.699951171875,1417.0,1417.5999755859375,30788
2026-04-29 07:40:00+00:00,1417.0999755859375,1417.0999755859375,1417.5,1416.5999755859375,1417.0,59218
2026-04-29 07:41:00+00:00,1417.9000244140625,1417.9000244140625,1418.300048828125,1417.0,1417.0,20591
2026-04-29 07:42:00+00:00,1417.300048828125,1417.300048828125,1418.0,1416.9000244140625,1418.0,15247
2026-04-29 07:43:00+00:00,1417.800048828125,1417.800048828125,1417.800048828125,1417.199951171875,1417.300048828125,18733
2026-04-29 07:44:00+00:00,1417.5,1417.5,1417.9000244140625,1417.5,1417.9000244140625,16231
2026-04-29 07:45:00+00:00,1419.0,1419.0,1419.0999755859375,1417.5,1417.5,67598
2026-04-29 07:46:00+00:00,1418.0,1418.0,1419.300048828125,1417.5999755859375,1419.0,25167
2026-04-29 07:47:00+00:00,1417.0999755859375,1417.0999755859375,1418.0999755859375,1417.0,1418.0999755859375,15675
2026-04-29 07:48:00+00:00,1417.199951171875,1417.199951171875,1417.199951171875,1416.699951171875,1417.0999755859375,28446
2026-04-29 07:49:00+00:00,1417.5999755859375,1417.5999755859375,1417.800048828125,1417.0,1417.199951171875,14977
2026-04-29 07:50:00+00:00,1417.5999755859375,1417.5999755859375,1417.800048828125,1417.0999755859375,1417.800048828125,20855
2026-04-29 07:51:00+00:00,1417.9000244140625,1417.9000244140625,1418.699951171875,1417.5999755859375,1417.5999755859375,20976
2026-04-29 07:52:00+00:00,1417.0,1417.0,1418.0,1417.0,1418.0,11912
2026-04-29 07:53:00+00:00,1417.0,1417.0,1417.199951171875,1417.0,1417.0999755859375,16555
2026-04-29 07:54:00+00:00,1416.699951171875,1416.699951171875,1417.199951171875,1416.5,1417.0999755859375,43944
2026-04-29 07:55:00+00:00,1417.0999755859375,1417.0999755859375,1417.199951171875,1416.699951171875,1416.800048828125,15494
2026-04-29 07:56:00+00:00,1417.300048828125,1417.300048828125,1417.9000244140625,1416.800048828125,1417.0999755859375,21794
2026-04-29 07:57:00+00:00,1417.300048828125,1417.300048828125,1417.300048828125,1416.9000244140625,1417.199951171875,13076
2026-04-29 07:58:00+00:00,1417.0999755859375,1417.0999755859375,1417.4000244140625,1416.800048828125,1417.300048828125,15689
2026-04-29 07:59:00+00:00,1417.0999755859375,1417.0999755859375,1417.5,1417.0999755859375,1417.300048828125,12411
2026-04-29 08:00:00+00:00,1417.5,1417.5,1417.9000244140625,1416.300048828125,1417.199951171875,52593
2026-04-29 08:01:00+00:00,1418.4000244140625,1418.4000244140625,1418.4000244140625,1417.300048828125,1417.5999755859375,224110
2026-04-29 08:02:00+00:00,1417.800048828125,1417.800048828125,1418.699951171875,1417.5999755859375,1418.5,28018
2026-04-29 08:03:00+00:00,1418.199951171875,1418.199951171875,1418.5,1417.5,1417.800048828125,47783
2026-04-29 08:04:00+00:00,1417.800048828125,1417.800048828125,1418.4000244140625,1417.199951171875,1418.300048828125,50464
2026-04-29 08:05:00+00:00,1417.800048828125,1417.800048828125,1418.0,1417.0,1417.9000244140625,63315
2026-04-29 08:06:00+00:00,1417.699951171875,1417.699951171875,1418.0,1417.0999755859375,1418.0,35619
2026-04-29 08:07:00+00:00,1417.199951171875,1417.199951171875,1417.800048828125,1417.0999755859375,1417.800048828125,25453
2026-04-29 08:08:00+00:00,1417.0,1417.0,1417.5999755859375,1416.800048828125,1417.300048828125,38733
2026-04-29 08:09:00+00:00,1415.9000244140625,1415.9000244140625,1417.9000244140625,1415.699951171875,1417.199951171875,346143
2026-04-29 08:10:00+00:00,1416.0999755859375,1416.0999755859375,1416.5999755859375,1415.5,1416.0,131030
2026-04-29 08:11:00+00:00,1417.199951171875,1417.199951171875,1417.199951171875,1416.0999755859375,1416.4000244140625,23303
2026-04-29 08:12:00+00:00,1417.4000244140625,1417.4000244140625,1417.5999755859375,1416.5999755859375,1417.199951171875,45166
2026-04-29 08:13:00+00:00,1417.5,1417.5,1417.5999755859375,1417.0,1417.5999755859375,150730
2026-04-29 08:14:00+00:00,1417.5,1417.5,1418.0999755859375,1417.0999755859375,1417.4000244140625,134325
2026-04-29 08:15:00+00:00,1417.9000244140625,1417.9000244140625,1418.199951171875,1417.5,1417.5,62857
2026-04-29 08:16:00+00:00,1417.699951171875,1417.699951171875,1418.300048828125,1417.199951171875,1417.9000244140625,72628
2026-04-29 08:17:00+00:00,1417.300048828125,1417.300048828125,1418.0,1415.4000244140625,1417.800048828125,478399
2026-04-29 08:18:00+00:00,1414.300048828125,1414.300048828125,1416.800048828125,1414.300048828125,1416.800048828125,91464
2026-04-29 08:19:00+00:00,1415.699951171875,1415.699951171875,1416.5,1414.300048828125,1414.4000244140625,61367
2026-04-29 08:20:00+00:00,1416.0,1416.0,1416.199951171875,1415.5999755859375,1415.699951171875,22485
2026-04-29 08:21:00+00:00,1415.300048828125,1415.300048828125,1416.0,1415.199951171875,1415.9000244140625,126046
2026-04-29 08:22:00+00:00,1415.5999755859375,1415.5999755859375,1415.699951171875,1415.4000244140625,1415.5,17120
2026-04-29 08:23:00+00:00,1416.4000244140625,1416.4000244140625,1416.5,1415.5999755859375,1415.5999755859375,19273
2026-04-29 08:24:00+00:00,1416.199951171875,1416.199951171875,1416.4000244140625,1416.199951171875,1416.4000244140625,12129
2026-04-29 08:25:00+00:00,1416.300048828125,1416.300048828125,1417.699951171875,1416.0999755859375,1416.300048828125,354325
2026-04-29 08:26:00+00:00,1415.5,1415.5,1416.800048828125,1415.5,1416.5,7712
2026-04-29 08:27:00+00:00,1415.300048828125,1415.300048828125,1416.0999755859375,1415.199951171875,1415.5999755859375,37205
2026-04-29 08:28:00+00:00,1415.4000244140625,1415.4000244140625,1415.9000244140625,1415.199951171875,1415.5999755859375,25505
2026-04-29 08:29:00+00:00,1415.5,1415.5,1416.4000244140625,1415.300048828125,1415.5999755859375,228892
2026-04-29 08:30:00+00:00,1414.4000244140625,1414.4000244140625,1415.800048828125,1414.4000244140625,1415.5,135775
2026-04-29 08:31:00+00:00,1415.5,1415.5,1416.300048828125,1414.300048828125,1414.300048828125,191966
2026-04-29 08:32:00+00:00,1415.0999755859375,1415.0999755859375,1415.5999755859375,1414.300048828125,1415.5999755859375,110176
2026-04-29 08:33:00+00:00,1412.0,1412.0,1415.0999755859375,1412.0,1415.0,212026
2026-04-29 08:34:00+00:00,1412.5,1412.5,1413.699951171875,1411.5,1412.0999755859375,128151
2026-04-29 08:35:00+00:00,1412.9000244140625,1412.9000244140625,1413.5,1412.4000244140625,1412.699951171875,72307
2026-04-29 08:36:00+00:00,1413.9000244140625,1413.9000244140625,1413.9000244140625,1412.800048828125,1413.0999755859375,39289
2026-04-29 08:37:00+00:00,1413.800048828125,1413.800048828125,1413.9000244140625,1413.199951171875,1413.9000244140625,40006
2026-04-29 08:38:00+00:00,1413.199951171875,1413.199951171875,1413.800048828125,1413.0999755859375,1413.800048828125,17768
2026-04-29 08:39:00+00:00,1413.199951171875,1413.199951171875,1413.5,1412.5,1413.5,49942
2026-04-29 08:40:00+00:00,1413.300048828125,1413.300048828125,1413.699951171875,1412.800048828125,1413.0,39007
2026-04-29 08:41:00+00:00,1414.300048828125,1414.300048828125,1414.300048828125,1413.300048828125,1413.4000244140625,17519
2026-04-29 08:42:00+00:00,1415.0,1415.0,1415.300048828125,1413.800048828125,1414.4000244140625,165279
2026-04-29 08:43:00+00:00,1415.300048828125,1415.300048828125,1415.300048828125,1413.5999755859375,1415.0,145126
2026-04-29 08:44:00+00:00,1415.300048828125,1415.300048828125,1415.800048828125,1415.0,1415.0999755859375,11368
2026-04-29 08:45:00+00:00,1415.699951171875,1415.699951171875,1415.9000244140625,1415.0999755859375,1415.300048828125,24589
2026-04-29 08:46:00+00:00,1415.199951171875,1415.199951171875,1415.699951171875,1415.0,1415.699951171875,11569
2026-04-29 08:47:00+00:00,1415.4000244140625,1415.4000244140625,1415.800048828125,1414.0999755859375,1415.0,27658
2026-04-29 08:48:00+00:00,1415.5,1415.5,1416.0,1415.300048828125,1415.5,19408
2026-04-29 08:49:00+00:00,1415.4000244140625,1415.4000244140625,1415.699951171875,1415.0,1415.5,17199
2026-04-29 08:50:00+00:00,1416.0,1416.0,1416.0,1414.800048828125,1414.800048828125,168131
2026-04-29 08:51:00+00:00,1415.0,1415.0,1416.0,1414.5999755859375,1416.0,15801
2026-04-29 08:52:00+00:00,1415.5,1415.5,1416.0,1415.0,1415.300048828125,85180
2026-04-29 08:53:00+00:00,1416.300048828125,1416.300048828125,1416.5,1415.0,1415.4000244140625,28610
2026-04-29 08:54:00+00:00,1415.800048828125,1415.800048828125,1417.0999755859375,1415.4000244140625,1416.4000244140625,74251
2026-04-29 08:55:00+00:00,1416.300048828125,1416.300048828125,1416.300048828125,1415.4000244140625,1415.800048828125,18189
2026-04-29 08:56:00+00:00,1415.300048828125,1415.300048828125,1416.5999755859375,1415.0,1416.300048828125,23362
2026-04-29 08:57:00+00:00,1415.800048828125,1415.800048828125,1416.0,1414.699951171875,1415.300048828125,55664
2026-04-29 08:58:00+00:00,1415.9000244140625,1415.9000244140625,1415.9000244140625,1415.0999755859375,1415.800048828125,24486
2026-04-29 08:59:00+00:00,1414.9000244140625,1414.9000244140625,1416.0,1414.199951171875,1415.5999755859375,95779
2026-04-29 09:00:00+00:00,1415.5999755859375,1415.5999755859375,1415.9000244140625,1414.9000244140625,1414.9000244140625,86255
2026-04-29 09:01:00+00:00,1416.4000244140625,1416.4000244140625,1416.5,1415.5,1415.5999755859375,59950
2026-04-29 09:02:00+00:00,1416.5,1416.5,1417.0999755859375,1416.4000244140625,1416.4000244140625,62470
2026-04-29 09:03:00+00:00,1417.199951171875,1417.199951171875,1417.4000244140625,1416.5,1416.5999755859375,46851
2026-04-29 09:04:00+00:00,1416.300048828125,1416.300048828125,1417.199951171875,1416.0,1417.0,35665
2026-04-29 09:05:00+00:00,1416.0999755859375,1416.0999755859375,1417.0,1416.0,1416.5,105189
2026-04-29 09:06:00+00:00,1416.4000244140625,1416.4000244140625,1416.5,1415.9000244140625,1416.5,12416
2026-04-29 09:07:00+00:00,1416.5,1416.5,1417.199951171875,1415.5,1416.4000244140625,87129
2026-04-29 09:08:00+00:00,1415.4000244140625,1415.4000244140625,1417.0,1415.4000244140625,1417.0,17114
2026-04-29 09:09:00+00:00,1415.300048828125,1415.300048828125,1415.699951171875,1415.0999755859375,1415.5,22967
2026-04-29 09:10:00+00:00,1415.300048828125,1415.300048828125,1415.5,1415.0,1415.300048828125,20093
2026-04-29 09:11:00+00:00,1416.699951171875,1416.699951171875,1417.0999755859375,1415.0,1415.4000244140625,35806
2026-04-29 09:12:00+00:00,1416.800048828125,1416.800048828125,1417.199951171875,1416.699951171875,1417.0,19667
2026-04-29 09:13:00+00:00,1416.199951171875,1416.199951171875,1417.0,1415.800048828125,1417.0,19921
2026-04-29 09:14:00+00:00,1416.699951171875,1416.699951171875,1417.0,1415.9000244140625,1416.300048828125,23762
2026-04-29 09:15:00+00:00,1416.5,1416.5,1416.9000244140625,1416.0,1416.800048828125,22702
2026-04-29 09:16:00+00:00,1415.300048828125,1415.300048828125,1416.5999755859375,1415.0999755859375,1416.5999755859375,38312
2026-04-29 09:17:00+00:00,1415.699951171875,1415.699951171875,1416.300048828125,1415.0999755859375,1415.0999755859375,21758
2026-04-29 09:18:00+00:00,1415.4000244140625,1415.4000244140625,1415.9000244140625,1415.300048828125,1415.5,15890
2026-04-29 09:19:00+00:00,1416.199951171875,1416.199951171875,1416.199951171875,1415.300048828125,1415.9000244140625,34071
2026-04-29 09:20:00+00:00,1415.800048828125,1415.800048828125,1416.300048828125,1415.199951171875,1416.300048828125,13974
2026-04-29 09:21:00+00:00,1416.9000244140625,1416.9000244140625,1416.9000244140625,1415.4000244140625,1416.0,110489
2026-04-29 09:22:00+00:00,1417.4000244140625,1417.4000244140625,1417.4000244140625,1416.0,1416.800048828125,66748
2026-04-29 09:23:00+00:00,1417.9000244140625,1417.9000244140625,1418.0999755859375,1416.699951171875,1417.300048828125,78497
2026-04-29 09:24:00+00:00,1417.5999755859375,1417.5999755859375,1418.199951171875,1417.300048828125,1417.800048828125,127344
2026-04-29 09:25:00+00:00,1417.4000244140625,1417.4000244140625,1418.199951171875,1417.0,1417.9000244140625,19994
2026-04-29 09:26:00+00:00,1418.5,1418.5,1418.5,1417.300048828125,1417.5,104902
2026-04-29 09:27:00+00:00,1419.0,1419.0,1419.300048828125,1418.0,1418.5,93100
2026-04-29 09:28:00+00:00,1418.5999755859375,1418.5999755859375,1419.4000244140625,1418.4000244140625,1419.199951171875,67917
2026-04-29 09:29:00+00:00,1419.300048828125,1419.300048828125,1419.300048828125,1418.4000244140625,1418.5999755859375,123037
2026-04-29 09:30:00+00:00,1419.5,1419.5,1419.5999755859375,1418.5999755859375,1419.199951171875,84346
2026-04-29 09:31:00+00:00,1420.5999755859375,1420.5999755859375,1420.699951171875,1419.4000244140625,1419.5,142668
2026-04-29 09:32:00+00:00,1420.199951171875,1420.199951171875,1421.0,1420.0999755859375,1420.699951171875,206200
2026-04-29 09:33:00+00:00,1415.9000244140625,1415.9000244140625,1420.300048828125,1415.9000244140625,1420.300048828125,172920
2026-04-29 09:34:00+00:00,1417.0,1417.0,1417.4000244140625,1415.699951171875,1416.199951171875,102443
2026-04-29 09:35:00+00:00,1418.4000244140625,1418.4000244140625,1418.5999755859375,1417.0,1417.0,104392
2026-04-29 09:36:00+00:00,1418.5,1418.5,1419.199951171875,1417.5,1418.4000244140625,259236
2026-04-29 09:37:00+00:00,1418.0,1418.0,1419.199951171875,1417.800048828125,1418.0999755859375,225771
2026-04-29 09:38:00+00:00,1418.699951171875,1418.699951171875,1418.699951171875,1417.5999755859375,1418.0999755859375,74281
2026-04-29 09:39:00+00:00,1418.9000244140625,1418.9000244140625,1419.5,1418.0999755859375,1418.699951171875,127955
2026-04-29 09:40:00+00:00,1420.0,1420.0,1420.0999755859375,1418.0999755859375,1419.5999755859375,197983
2026-04-29 09:41:00+00:00,1420.699951171875,1420.699951171875,1420.699951171875,1419.4000244140625,1420.0999755859375,119039
2026-04-29 09:42:00+00:00,1422.300048828125,1422.300048828125,1422.4000244140625,1421.0999755859375,1421.0999755859375,178320
2026-04-29 09:43:00+00:00,1423.0999755859375,1423.0999755859375,1423.0999755859375,1422.0,1422.300048828125,141717
2026-04-29 09:44:00+00:00,1425.0999755859375,1425.0999755859375,1425.300048828125,1423.0,1423.0,287760
2026-04-29 09:45:00+00:00,1425.0,1425.0,1425.5,1424.0999755859375,1425.0999755859375,190468
2026-04-29 09:46:00+00:00,1426.0,1426.0,1426.0,1424.0999755859375,1425.300048828125,259398
2026-04-29 09:47:00+00:00,1426.0,1426.0,1426.0999755859375,1425.0999755859375,1426.0,253094
2026-04-29 09:48:00+00:00,1426.0999755859375,1426.0999755859375,1426.0999755859375,1425.5,1426.0,187831
2026-04-29 09:49:00+00:00,1426.300048828125,1426.300048828125,1426.300048828125,1426.0,1426.0,184401
2026-04-29 09:50:00+00:00,1426.5,1426.5,1428.0,1426.300048828125,1426.300048828125,266644
2026-04-29 09:51:00+00:00,1427.0999755859375,1427.0999755859375,1427.300048828125,1425.699951171875,1426.5,156599
2026-04-29 09:52:00+00:00,1427.199951171875,1427.199951171875,1428.0,1426.199951171875,1427.0999755859375,442201
2026-04-29 09:53:00+00:00,1428.0999755859375,1428.0999755859375,1428.0999755859375,1426.0999755859375,1426.5,397276
2026-04-29 09:54:00+00:00,1427.300048828125,1427.300048828125,1428.199951171875,1426.800048828125,1427.800048828125,583531
2026-04-29 09:55:00+00:00,1427.0,1427.0,1428.199951171875,1425.699951171875,1427.300048828125,350345
2026-04-29 09:56:00+00:00,1428.0999755859375,1428.0999755859375,1428.199951171875,1425.699951171875,1426.699951171875,517382
2026-04-29 09:57:00+00:00,1428.0,1428.0,1430.0999755859375,1426.5999755859375,1428.0999755859375,694477
2026-04-29 09:58:00+00:00,1430.0,1430.0,1430.0999755859375,1428.0,1428.0,409651
2026-04-29 09:59:00+00:00,1430.0999755859375,1430.0999755859375,1432.300048828125,1428.5999755859375,1430.0,445097
2026-04-30 03:45:00+00:00,1412.5999755859375,1412.5999755859375,1415.699951171875,1411.0,1412.800048828125,0
2026-04-30 03:46:00+00:00,1411.0999755859375,1411.0999755859375,1412.800048828125,1410.0,1412.800048828125,341476
2026-04-30 03:47:00+00:00,1411.4000244140625,1411.4000244140625,1412.9000244140625,1411.0,1411.5,149943
2026-04-30 03:48:00+00:00,1413.5,1413.5,1413.699951171875,1411.4000244140625,1411.9000244140625,136492
2026-04-30 03:49:00+00:00,1412.300048828125,1412.300048828125,1414.0,1412.300048828125,1413.300048828125,122158
2026-04-30 03:50:00+00:00,1409.4000244140625,1409.4000244140625,1412.300048828125,1409.0999755859375,1412.0999755859375,393857
2026-04-30 03:51:00+00:00,1411.800048828125,1411.800048828125,1412.4000244140625,1407.699951171875,1409.4000244140625,113224
2026-04-30 03:52:00+00:00,1410.4000244140625,1410.4000244140625,1412.199951171875,1410.300048828125,1411.5999755859375,51394
2026-04-30 03:53:00+00:00,1409.300048828125,1409.300048828125,1410.9000244140625,1409.300048828125,1410.5999755859375,42335
2026-04-30 03:54:00+00:00,1410.199951171875,1410.199951171875,1410.800048828125,1408.9000244140625,1409.300048828125,67756
2026-04-30 03:55:00+00:00,1407.5999755859375,1407.5999755859375,1410.4000244140625,1407.4000244140625,1410.4000244140625,72335
2026-04-30 03:56:00+00:00,1408.699951171875,1408.699951171875,1409.0999755859375,1407.5,1407.5999755859375,54373
2026-04-30 03:57:00+00:00,1408.4000244140625,1408.4000244140625,1409.0,1407.9000244140625,1408.9000244140625,30571
2026-04-30 03:58:00+00:00,1408.4000244140625,1408.4000244140625,1408.5999755859375,1408.0,1408.0999755859375,20183
2026-04-30 03:59:00+00:00,1409.300048828125,1409.300048828125,1409.4000244140625,1408.0,1408.5999755859375,40194
2026-04-30 04:00:00+00:00,1408.5,1408.5,1409.699951171875,1408.300048828125,1409.199951171875,26787
2026-04-30 04:01:00+00:00,1408.5,1408.5,1408.5999755859375,1408.199951171875,1408.5,33154
2026-04-30 04:02:00+00:00,1409.800048828125,1409.800048828125,1409.800048828125,1408.4000244140625,1408.4000244140625,44282
2026-04-30 04:03:00+00:00,1408.9000244140625,1408.9000244140625,1409.800048828125,1408.9000244140625,1409.800048828125,22417
2026-04-30 04:04:00+00:00,1409.300048828125,1409.300048828125,1409.300048828125,1408.5,1409.0,41323
2026-04-30 04:05:00+00:00,1409.4000244140625,1409.4000244140625,1409.5,1409.199951171875,1409.4000244140625,16119
2026-04-30 04:06:00+00:00,1410.0,1410.0,1410.0,1408.9000244140625,1409.5,40290
2026-04-30 04:07:00+00:00,1408.5,1408.5,1410.0,1408.5,1409.800048828125,47525
2026-04-30 04:08:00+00:00,1408.0999755859375,1408.0999755859375,1408.4000244140625,1408.0999755859375,1408.300048828125,24427
2026-04-30 04:09:00+00:00,1407.9000244140625,1407.9000244140625,1408.0999755859375,1407.699951171875,1408.0999755859375,21720
2026-04-30 04:10:00+00:00,1406.0999755859375,1406.0999755859375,1407.9000244140625,1406.0,1407.800048828125,48162
2026-04-30 04:11:00+00:00,1406.5,1406.5,1406.699951171875,1406.0,1406.0999755859375,16180
2026-04-30 04:12:00+00:00,1406.199951171875,1406.199951171875,1406.699951171875,1406.0999755859375,1406.300048828125,14866
2026-04-30 04:13:00+00:00,1406.4000244140625,1406.4000244140625,1406.9000244140625,1406.4000244140625,1406.5,17143
2026-04-30 04:14:00+00:00,1406.4000244140625,1406.4000244140625,1407.0,1406.199951171875,1406.5999755859375,34505
2026-04-30 04:15:00+00:00,1406.5999755859375,1406.5999755859375,1407.0,1406.300048828125,1406.5999755859375,14600
2026-04-30 04:16:00+00:00,1404.199951171875,1404.199951171875,1406.800048828125,1404.199951171875,1406.5,72352
2026-04-30 04:17:00+00:00,1404.5,1404.5,1404.800048828125,1403.699951171875,1404.800048828125,72890
2026-04-30 04:18:00+00:00,1403.800048828125,1403.800048828125,1404.699951171875,1403.5,1404.199951171875,26787
2026-04-30 04:19:00+00:00,1403.699951171875,1403.699951171875,1403.9000244140625,1403.4000244140625,1403.5,12525
2026-04-30 04:20:00+00:00,1402.5,1402.5,1404.5999755859375,1402.5,1403.9000244140625,64016
2026-04-30 04:21:00+00:00,1402.800048828125,1402.800048828125,1403.0,1402.0,1403.0,48330
2026-04-30 04:22:00+00:00,1403.300048828125,1403.300048828125,1404.0999755859375,1403.0,1403.0,35950
2026-04-30 04:23:00+00:00,1403.4000244140625,1403.4000244140625,1403.800048828125,1402.5,1403.199951171875,29273
2026-04-30 04:24:00+00:00,1402.800048828125,1402.800048828125,1403.5999755859375,1402.5999755859375,1403.5,41304
2026-04-30 04:25:00+00:00,1402.699951171875,1402.699951171875,1403.5,1402.4000244140625,1402.5999755859375,49450
2026-04-30 04:26:00+00:00,1402.4000244140625,1402.4000244140625,1403.0,1402.4000244140625,1402.699951171875,20589
2026-04-30 04:27:00+00:00,1401.5999755859375,1401.5999755859375,1402.4000244140625,1401.300048828125,1402.300048828125,35415
2026-04-30 04:28:00+00:00,1401.0999755859375,1401.0999755859375,1401.5999755859375,1400.699951171875,1401.5999755859375,62012
2026-04-30 04:29:00+00:00,1401.0999755859375,1401.0999755859375,1401.199951171875,1400.199951171875,1401.0999755859375,82184
2026-04-30 04:30:00+00:00,1400.5999755859375,1400.5999755859375,1401.0999755859375,1400.300048828125,1401.0999755859375,34924
2026-04-30 04:31:00+00:00,1400.0,1400.0,1400.5999755859375,1399.800048828125,1400.5999755859375,73775
2026-04-30 04:32:00+00:00,1400.199951171875,1400.199951171875,1400.4000244140625,1399.4000244140625,1400.0999755859375,72207
2026-04-30 04:33:00+00:00,1399.800048828125,1399.800048828125,1400.199951171875,1399.0999755859375,1400.0999755859375,32584
2026-04-30 04:34:00+00:00,1399.4000244140625,1399.4000244140625,1399.800048828125,1399.0999755859375,1399.800048828125,24844
2026-04-30 04:35:00+00:00,1400.0999755859375,1400.0999755859375,1400.5999755859375,1399.0999755859375,1399.4000244140625,50944
2026-04-30 04:36:00+00:00,1402.0,1402.0,1402.0,1399.5999755859375,1400.0999755859375,35863
2026-04-30 04:37:00+00:00,1401.4000244140625,1401.4000244140625,1402.800048828125,1401.199951171875,1402.0,39522
2026-04-30 04:38:00+00:00,1401.300048828125,1401.300048828125,1401.4000244140625,1400.699951171875,1401.4000244140625,13967
2026-04-30 04:39:00+00:00,1400.5,1400.5,1401.5,1400.5,1401.4000244140625,33597
2026-04-30 04:40:00+00:00,1400.0999755859375,1400.0999755859375,1400.9000244140625,1399.800048828125,1400.9000244140625,26588
2026-04-30 04:41:00+00:00,1399.9000244140625,1399.9000244140625,1400.800048828125,1399.9000244140625,1400.0999755859375,39268
2026-04-30 04:42:00+00:00,1399.0999755859375,1399.0999755859375,1400.4000244140625,1398.699951171875,1400.0,46016
2026-04-30 04:43:00+00:00,1398.9000244140625,1398.9000244140625,1399.800048828125,1398.5999755859375,1399.5999755859375,44019
2026-04-30 04:44:00+00:00,1398.5999755859375,1398.5999755859375,1399.5,1398.4000244140625,1399.4000244140625,61587
2026-04-30 04:45:00+00:00,1399.699951171875,1399.699951171875,1399.699951171875,1398.0999755859375,1398.5999755859375,47865
2026-04-30 04:46:00+00:00,1399.0999755859375,1399.0999755859375,1399.699951171875,1398.699951171875,1399.699951171875,20250
2026-04-30 04:47:00+00:00,1397.5999755859375,1397.5999755859375,1399.300048828125,1397.0,1399.300048828125,45902
2026-04-30 04:48:00+00:00,1397.4000244140625,1397.4000244140625,1397.699951171875,1396.5999755859375,1397.4000244140625,40493
2026-04-30 04:49:00+00:00,1399.5999755859375,1399.5999755859375,1399.5999755859375,1397.4000244140625,1397.4000244140625,36726
2026-04-30 04:50:00+00:00,1399.0,1399.0,1399.699951171875,1398.699951171875,1399.300048828125,26452
2026-04-30 04:51:00+00:00,1399.0999755859375,1399.0999755859375,1399.300048828125,1398.5999755859375,1399.0,20437
2026-04-30 04:52:00+00:00,1400.199951171875,1400.199951171875,1400.300048828125,1399.4000244140625,1399.4000244140625,147450
2026-04-30 04:53:00+00:00,1398.300048828125,1398.300048828125,1400.199951171875,1398.0999755859375,1400.199951171875,73265
2026-04-30 04:54:00+00:00,1398.9000244140625,1398.9000244140625,1398.9000244140625,1397.0999755859375,1398.5,94115
2026-04-30 04:55:00+00:00,1397.9000244140625,1397.9000244140625,1399.0999755859375,1397.4000244140625,1398.699951171875,54785
2026-04-30 04:56:00+00:00,1398.0999755859375,1398.0999755859375,1398.699951171875,1397.4000244140625,1397.9000244140625,12835
2026-04-30 04:57:00+00:00,1398.699951171875,1398.699951171875,1398.800048828125,1397.699951171875,1397.699951171875,27060
2026-04-30 04:58:00+00:00,1397.800048828125,1397.800048828125,1398.9000244140625,1397.699951171875,1398.9000244140625,24593
2026-04-30 04:59:00+00:00,1398.4000244140625,1398.4000244140625,1398.5,1397.5,1397.699951171875,36983
2026-04-30 05:00:00+00:00,1398.4000244140625,1398.4000244140625,1398.4000244140625,1398.0,1398.300048828125,28286
2026-04-30 05:01:00+00:00,1398.5999755859375,1398.5999755859375,1398.9000244140625,1398.300048828125,1398.4000244140625,34615
2026-04-30 05:02:00+00:00,1398.4000244140625,1398.4000244140625,1398.5999755859375,1398.300048828125,1398.5,16330
2026-04-30 05:03:00+00:00,1397.5,1397.5,1398.4000244140625,1397.5,1398.4000244140625,30270
2026-04-30 05:04:00+00:00,1398.4000244140625,1398.4000244140625,1398.4000244140625,1396.699951171875,1397.300048828125,50851
2026-04-30 05:05:00+00:00,1398.4000244140625,1398.4000244140625,1398.4000244140625,1396.9000244140625,1398.4000244140625,35897
2026-04-30 05:06:00+00:00,1398.5,1398.5,1398.5,1398.199951171875,1398.4000244140625,16188
2026-04-30 05:07:00+00:00,1397.699951171875,1397.699951171875,1398.800048828125,1397.300048828125,1398.5,28585
2026-04-30 05:08:00+00:00,1397.699951171875,1397.699951171875,1398.199951171875,1397.5,1397.800048828125,28069
2026-04-30 05:09:00+00:00,1396.800048828125,1396.800048828125,1397.699951171875,1396.5,1397.699951171875,27545
2026-04-30 05:10:00+00:00,1397.0999755859375,1397.0999755859375,1397.300048828125,1396.5,1396.800048828125,38040
2026-04-30 05:11:00+00:00,1395.800048828125,1395.800048828125,1397.0999755859375,1395.800048828125,1397.0999755859375,59255
2026-04-30 05:12:00+00:00,1395.4000244140625,1395.4000244140625,1395.800048828125,1395.300048828125,1395.800048828125,42951
2026-04-30 05:13:00+00:00,1395.699951171875,1395.699951171875,1395.699951171875,1395.0999755859375,1395.4000244140625,21880
2026-04-30 05:14:00+00:00,1395.5999755859375,1395.5999755859375,1396.0,1395.4000244140625,1395.699951171875,24063
2026-04-30 05:15:00+00:00,1395.199951171875,1395.199951171875,1395.5999755859375,1395.0999755859375,1395.5999755859375,30147
2026-04-30 05:16:00+00:00,1394.699951171875,1394.699951171875,1395.199951171875,1394.5,1395.199951171875,85610
2026-04-30 05:17:00+00:00,1394.9000244140625,1394.9000244140625,1395.0999755859375,1394.5999755859375,1395.0,21841
2026-04-30 05:18:00+00:00,1394.5999755859375,1394.5999755859375,1395.0999755859375,1394.5999755859375,1395.0999755859375,15617
2026-04-30 05:19:00+00:00,1393.800048828125,1393.800048828125,1394.699951171875,1393.5999755859375,1394.5999755859375,73606
2026-04-30 05:20:00+00:00,1394.5,1394.5,1394.800048828125,1393.699951171875,1393.800048828125,39427
2026-04-30 05:21:00+00:00,1394.300048828125,1394.300048828125,1394.699951171875,1393.800048828125,1394.5,27979
2026-04-30 05:22:00+00:00,1394.0,1394.0,1394.300048828125,1393.5,1394.199951171875,25055
2026-04-30 05:23:00+00:00,1395.0999755859375,1395.0999755859375,1395.0999755859375,1393.0999755859375,1393.9000244140625,87790
2026-04-30 05:24:00+00:00,1395.0999755859375,1395.0999755859375,1395.0999755859375,1394.5,1395.0999755859375,27789
2026-04-30 05:25:00+00:00,1395.5,1395.5,1395.5,1394.5999755859375,1395.0999755859375,86915
2026-04-30 05:26:00+00:00,1396.0,1396.0,1396.0999755859375,1395.300048828125,1395.5,22964
2026-04-30 05:27:00+00:00,1397.0,1397.0,1397.5,1395.800048828125,1396.0999755859375,70053
2026-04-30 05:28:00+00:00,1397.5999755859375,1397.5999755859375,1397.699951171875,1396.800048828125,1397.0,33632
2026-04-30 05:29:00+00:00,1398.800048828125,1398.800048828125,1399.0,1397.5999755859375,1397.699951171875,49539
2026-04-30 05:30:00+00:00,1398.5,1398.5,1399.0999755859375,1397.699951171875,1398.800048828125,52644
2026-04-30 05:31:00+00:00,1398.300048828125,1398.300048828125,1398.699951171875,1397.5999755859375,1398.5,33161
2026-04-30 05:32:00+00:00,1398.4000244140625,1398.4000244140625,1398.4000244140625,1398.199951171875,1398.4000244140625,24679
2026-04-30 05:33:00+00:00,1398.300048828125,1398.300048828125,1398.4000244140625,1398.300048828125,1398.300048828125,15451
2026-04-30 05:34:00+00:00,1398.4000244140625,1398.4000244140625,1398.4000244140625,1397.800048828125,1398.300048828125,46309
2026-04-30 05:35:00+00:00,1398.4000244140625,1398.4000244140625,1398.4000244140625,1398.0999755859375,1398.4000244140625,30450
2026-04-30 05:36:00+00:00,1399.9000244140625,1399.9000244140625,1399.9000244140625,1398.0,1398.4000244140625,113686
2026-04-30 05:37:00+00:00,1399.9000244140625,1399.9000244140625,1399.9000244140625,1399.699951171875,1399.699951171875,23183
2026-04-30 05:38:00+00:00,1398.4000244140625,1398.4000244140625,1400.0,1398.4000244140625,1399.800048828125,64020
2026-04-30 05:39:00+00:00,1399.5,1399.5,1399.800048828125,1398.0999755859375,1398.5999755859375,49705
2026-04-30 05:40:00+00:00,1399.699951171875,1399.699951171875,1399.9000244140625,1399.0,1399.5,18128
2026-04-30 05:41:00+00:00,1399.5,1399.5,1399.699951171875,1399.0,1399.699951171875,19487
2026-04-30 05:42:00+00:00,1399.9000244140625,1399.9000244140625,1399.9000244140625,1399.300048828125,1399.5,36944
2026-04-30 05:43:00+00:00,1399.5999755859375,1399.5999755859375,1399.800048828125,1399.5,1399.699951171875,10915
2026-04-30 05:44:00+00:00,1400.199951171875,1400.199951171875,1400.199951171875,1399.5,1399.699951171875,170736
2026-04-30 05:45:00+00:00,1400.5,1400.5,1400.800048828125,1400.0,1400.199951171875,45157
2026-04-30 05:46:00+00:00,1400.9000244140625,1400.9000244140625,1400.9000244140625,1400.5999755859375,1400.699951171875,57964
2026-04-30 05:47:00+00:00,1400.199951171875,1400.199951171875,1401.300048828125,1399.800048828125,1400.9000244140625,125861
2026-04-30 05:48:00+00:00,1400.5,1400.5,1400.5,1400.0,1400.199951171875,58080
2026-04-30 05:49:00+00:00,1400.4000244140625,1400.4000244140625,1400.9000244140625,1400.199951171875,1400.5,28675
2026-04-30 05:50:00+00:00,1400.199951171875,1400.199951171875,1400.5999755859375,1400.0,1400.199951171875,15934
2026-04-30 05:51:00+00:00,1400.199951171875,1400.199951171875,1400.300048828125,1399.699951171875,1400.199951171875,136815
2026-04-30 05:52:00+00:00,1400.0999755859375,1400.0999755859375,1400.199951171875,1400.0,1400.199951171875,7189
2026-04-30 05:53:00+00:00,1400.0,1400.0,1400.199951171875,1400.0,1400.0999755859375,39567
2026-04-30 05:54:00+00:00,1400.199951171875,1400.199951171875,1400.199951171875,1399.800048828125,1400.0999755859375,207274
2026-04-30 05:55:00+00:00,1400.0999755859375,1400.0999755859375,1400.199951171875,1399.800048828125,1400.199951171875,7366
2026-04-30 05:56:00+00:00,1400.9000244140625,1400.9000244140625,1401.0,1400.0,1400.0999755859375,45720
2026-04-30 05:57:00+00:00,1400.9000244140625,1400.9000244140625,1400.9000244140625,1400.800048828125,1400.9000244140625,15763
2026-04-30 05:58:00+00:00,1400.9000244140625,1400.9000244140625,1401.300048828125,1400.300048828125,1400.800048828125,56443
2026-04-30 05:59:00+00:00,1407.5999755859375,1407.5999755859375,1408.4000244140625,1400.5999755859375,1400.9000244140625,698411
2026-04-30 06:00:00+00:00,1404.800048828125,1404.800048828125,1408.0999755859375,1404.800048828125,1407.199951171875,302997
2026-04-30 06:01:00+00:00,1404.699951171875,1404.699951171875,1405.5999755859375,1404.5,1404.699951171875,83830
2026-04-30 06:02:00+00:00,1404.5,1404.5,1404.9000244140625,1404.0,1404.699951171875,51179
2026-04-30 06:03:00+00:00,1406.5,1406.5,1406.5,1404.0,1404.0,76776
2026-04-30 06:04:00+00:00,1406.5999755859375,1406.5999755859375,1406.5999755859375,1405.699951171875,1406.0,35753
2026-04-30 06:05:00+00:00,1407.0999755859375,1407.0999755859375,1407.4000244140625,1406.5999755859375,1406.5999755859375,110209
2026-04-30 06:06:00+00:00,1406.5999755859375,1406.5999755859375,1407.0999755859375,1406.5999755859375,1407.0999755859375,25909
2026-04-30 06:07:00+00:00,1406.800048828125,1406.800048828125,1407.0999755859375,1406.699951171875,1406.699951171875,29923
2026-04-30 06:08:00+00:00,1404.4000244140625,1404.4000244140625,1406.699951171875,1404.300048828125,1406.699951171875,84151
2026-04-30 06:09:00+00:00,1405.5999755859375,1405.5999755859375,1406.300048828125,1404.0999755859375,1404.0999755859375,103935
2026-04-30 06:10:00+00:00,1405.699951171875,1405.699951171875,1406.5,1405.300048828125,1405.800048828125,46210
2026-04-30 06:11:00+00:00,1406.800048828125,1406.800048828125,1406.800048828125,1405.300048828125,1405.699951171875,67304
2026-04-30 06:12:00+00:00,1405.800048828125,1405.800048828125,1406.300048828125,1405.5,1406.0999755859375,35255
2026-04-30 06:13:00+00:00,1403.4000244140625,1403.4000244140625,1405.9000244140625,1403.4000244140625,1405.9000244140625,58040
2026-04-30 06:14:00+00:00,1403.5,1403.5,1405.699951171875,1403.4000244140625,1403.4000244140625,1160285
2026-04-30 06:15:00+00:00,1404.300048828125,1404.300048828125,1404.300048828125,1403.0999755859375,1403.800048828125,31832
2026-04-30 06:16:00+00:00,1405.199951171875,1405.199951171875,1405.5,1404.5,1404.5,30098
2026-04-30 06:17:00+00:00,1406.0,1406.0,1406.300048828125,1405.0,1405.199951171875,1094317
2026-04-30 06:18:00+00:00,1405.699951171875,1405.699951171875,1406.0,1405.0,1405.9000244140625,30905
2026-04-30 06:19:00+00:00,1406.800048828125,1406.800048828125,1406.9000244140625,1405.5,1405.5,52675
2026-04-30 06:20:00+00:00,1405.9000244140625,1405.9000244140625,1406.9000244140625,1405.800048828125,1406.199951171875,42597
2026-04-30 06:21:00+00:00,1404.5999755859375,1404.5999755859375,1405.9000244140625,1404.4000244140625,1405.800048828125,35259
2026-04-30 06:22:00+00:00,1402.4000244140625,1402.4000244140625,1405.0,1402.199951171875,1404.4000244140625,52423
2026-04-30 06:23:00+00:00,1403.5,1403.5,1403.5,1402.0999755859375,1402.5,39085
2026-04-30 06:24:00+00:00,1403.699951171875,1403.699951171875,1404.0,1402.800048828125,1403.0999755859375,36725
2026-04-30 06:25:00+00:00,1405.0,1405.0,1405.0,1403.699951171875,1404.0,36533
2026-04-30 06:26:00+00:00,1404.5999755859375,1404.5999755859375,1405.4000244140625,1404.5,1405.0,42269
2026-04-30 06:27:00+00:00,1405.9000244140625,1405.9000244140625,1406.0,1403.800048828125,1404.699951171875,64545
2026-04-30 06:28:00+00:00,1406.5,1406.5,1407.0999755859375,1405.0,1405.9000244140625,79770
2026-04-30 06:29:00+00:00,1406.0,1406.0,1406.9000244140625,1405.5999755859375,1406.699951171875,17937
2026-04-30 06:30:00+00:00,1406.300048828125,1406.300048828125,1406.4000244140625,1405.5999755859375,1406.0,32333
2026-04-30 06:31:00+00:00,1405.0,1405.0,1406.199951171875,1404.5,1406.199951171875,30706
2026-04-30 06:32:00+00:00,1404.5999755859375,1404.5999755859375,1405.199951171875,1404.0999755859375,1404.5,31684
2026-04-30 06:33:00+00:00,1404.0999755859375,1404.0999755859375,1404.5999755859375,1403.5,1404.5,143526
2026-04-30 06:34:00+00:00,1403.199951171875,1403.199951171875,1404.4000244140625,1403.199951171875,1404.4000244140625,63124
2026-04-30 06:35:00+00:00,1403.4000244140625,1403.4000244140625,1403.9000244140625,1403.199951171875,1403.5,49557
2026-04-30 06:36:00+00:00,1403.199951171875,1403.199951171875,1403.5,1402.699951171875,1403.199951171875,80374
2026-04-30 06:37:00+00:00,1403.0,1403.0,1404.0,1403.0,1403.0,90574
2026-04-30 06:38:00+00:00,1402.199951171875,1402.199951171875,1403.300048828125,1402.199951171875,1403.199951171875,98446
2026-04-30 06:39:00+00:00,1404.4000244140625,1404.4000244140625,1406.0999755859375,1403.0,1403.0,573228
2026-04-30 06:40:00+00:00,1407.5,1407.5,1408.0999755859375,1404.0,1404.300048828125,374558
2026-04-30 06:41:00+00:00,1407.699951171875,1407.699951171875,1408.4000244140625,1407.300048828125,1407.5999755859375,116660
2026-04-30 06:42:00+00:00,1407.4000244140625,1407.4000244140625,1408.0,1407.0,1407.199951171875,140961
2026-04-30 06:43:00+00:00,1409.4000244140625,1409.4000244140625,1410.0,1407.0999755859375,1407.4000244140625,151789
2026-04-30 06:44:00+00:00,1411.5999755859375,1411.5999755859375,1412.699951171875,1409.300048828125,1409.9000244140625,233214
2026-04-30 06:45:00+00:00,1412.0999755859375,1412.0999755859375,1412.4000244140625,1411.0,1411.699951171875,43220
2026-04-30 06:46:00+00:00,1412.4000244140625,1412.4000244140625,1412.699951171875,1411.5999755859375,1411.699951171875,23851
2026-04-30 06:47:00+00:00,1412.0999755859375,1412.0999755859375,1412.4000244140625,1411.5,1411.9000244140625,25131
2026-04-30 06:48:00+00:00,1412.0,1412.0,1412.300048828125,1411.4000244140625,1412.300048828125,30964
2026-04-30 06:49:00+00:00,1411.199951171875,1411.199951171875,1412.0,1411.0,1412.0,49725
2026-04-30 06:50:00+00:00,1410.800048828125,1410.800048828125,1410.9000244140625,1410.300048828125,1410.5,29463
2026-04-30 06:51:00+00:00,1413.800048828125,1413.800048828125,1414.4000244140625,1410.4000244140625,1410.800048828125,128407
2026-04-30 06:52:00+00:00,1413.5,1413.5,1414.5,1413.199951171875,1414.5,14295
2026-04-30 06:53:00+00:00,1413.800048828125,1413.800048828125,1415.4000244140625,1413.199951171875,1413.199951171875,71487
2026-04-30 06:54:00+00:00,1414.5,1414.5,1414.9000244140625,1413.5999755859375,1414.0,69946
2026-04-30 06:55:00+00:00,1415.0,1415.0,1416.0,1414.5,1414.5999755859375,39641
2026-04-30 06:56:00+00:00,1415.300048828125,1415.300048828125,1415.5999755859375,1414.0999755859375,1415.0,35327
2026-04-30 06:57:00+00:00,1415.699951171875,1415.699951171875,1415.800048828125,1414.9000244140625,1415.0,40514
2026-04-30 06:58:00+00:00,1416.699951171875,1416.699951171875,1416.699951171875,1415.0,1415.300048828125,33546
2026-04-30 06:59:00+00:00,1416.800048828125,1416.800048828125,1416.800048828125,1415.9000244140625,1416.699951171875,34891
2026-04-30 07:00:00+00:00,1416.199951171875,1416.199951171875,1416.9000244140625,1415.699951171875,1416.5999755859375,44942
2026-04-30 07:01:00+00:00,1415.5,1415.5,1416.5,1415.199951171875,1416.300048828125,77258
2026-04-30 07:02:00+00:00,1417.199951171875,1417.199951171875,1417.5,1415.300048828125,1415.4000244140625,53321
2026-04-30 07:03:00+00:00,1417.0999755859375,1417.0999755859375,1417.699951171875,1417.0,1417.0999755859375,28560
2026-04-30 07:04:00+00:00,1417.800048828125,1417.800048828125,1417.9000244140625,1416.699951171875,1417.300048828125,59081
2026-04-30 07:05:00+00:00,1417.4000244140625,1417.4000244140625,1417.800048828125,1417.300048828125,1417.800048828125,37434
2026-04-30 07:06:00+00:00,1417.5,1417.5,1417.800048828125,1417.300048828125,1417.4000244140625,36442
2026-04-30 07:07:00+00:00,1416.0999755859375,1416.0999755859375,1417.5,1415.5999755859375,1417.300048828125,84428
2026-04-30 07:08:00+00:00,1417.5,1417.5,1417.5,1416.0999755859375,1416.0999755859375,43174
2026-04-30 07:09:00+00:00,1417.699951171875,1417.699951171875,1417.699951171875,1417.0999755859375,1417.4000244140625,16657
2026-04-30 07:10:00+00:00,1417.300048828125,1417.300048828125,1418.5,1417.199951171875,1417.699951171875,24253
2026-04-30 07:11:00+00:00,1417.300048828125,1417.300048828125,1418.199951171875,1417.300048828125,1417.300048828125,22849
2026-04-30 07:12:00+00:00,1418.0999755859375,1418.0999755859375,1418.0999755859375,1417.0999755859375,1417.300048828125,36632
2026-04-30 07:13:00+00:00,1418.0,1418.0,1418.699951171875,1417.9000244140625,1418.0999755859375,28859
2026-04-30 07:14:00+00:00,1417.800048828125,1417.800048828125,1418.0,1417.5,1418.0,12991
2026-04-30 07:15:00+00:00,1417.800048828125,1417.800048828125,1417.9000244140625,1417.5999755859375,1417.699951171875,14401
2026-04-30 07:16:00+00:00,1418.5999755859375,1418.5999755859375,1419.199951171875,1417.4000244140625,1417.9000244140625,39398
2026-04-30 07:17:00+00:00,1418.300048828125,1418.300048828125,1419.800048828125,1418.0999755859375,1418.800048828125,40955
2026-04-30 07:18:00+00:00,1418.4000244140625,1418.4000244140625,1418.699951171875,1417.800048828125,1418.0999755859375,18261
2026-04-30 07:19:00+00:00,1418.5,1418.5,1419.0,1417.9000244140625,1418.5,21209
2026-04-30 07:20:00+00:00,1418.0,1418.0,1418.5999755859375,1418.0,1418.5,24314
2026-04-30 07:21:00+00:00,1416.5,1416.5,1418.0,1416.5,1418.0,40191
2026-04-30 07:22:00+00:00,1417.699951171875,1417.699951171875,1417.9000244140625,1416.300048828125,1416.4000244140625,38353
2026-04-30 07:23:00+00:00,1416.699951171875,1416.699951171875,1417.699951171875,1416.199951171875,1417.5,12192
2026-04-30 07:24:00+00:00,1417.5999755859375,1417.5999755859375,1417.9000244140625,1417.0999755859375,1417.0999755859375,35617
2026-04-30 07:25:00+00:00,1417.199951171875,1417.199951171875,1417.9000244140625,1416.5,1417.9000244140625,34289
2026-04-30 07:26:00+00:00,1416.5,1416.5,1417.199951171875,1416.300048828125,1416.5999755859375,18485
2026-04-30 07:27:00+00:00,1416.5999755859375,1416.5999755859375,1417.699951171875,1416.300048828125,1417.0,35139
2026-04-30 07:28:00+00:00,1416.0999755859375,1416.0999755859375,1416.699951171875,1415.9000244140625,1416.699951171875,38336
2026-04-30 07:29:00+00:00,1416.4000244140625,1416.4000244140625,1416.5999755859375,1416.0,1416.300048828125,29802
2026-04-30 07:30:00+00:00,1416.9000244140625,1416.9000244140625,1416.9000244140625,1416.300048828125,1416.4000244140625,23243
2026-04-30 07:31:00+00:00,1416.699951171875,1416.699951171875,1417.0,1416.300048828125,1416.800048828125,59447
2026-04-30 07:32:00+00:00,1416.4000244140625,1416.4000244140625,1416.800048828125,1415.5999755859375,1416.4000244140625,63692
2026-04-30 07:33:00+00:00,1416.800048828125,1416.800048828125,1416.800048828125,1416.0,1416.4000244140625,31400
2026-04-30 07:34:00+00:00,1416.4000244140625,1416.4000244140625,1416.800048828125,1416.300048828125,1416.800048828125,11989
2026-04-30 07:35:00+00:00,1416.5,1416.5,1417.0999755859375,1415.5999755859375,1416.4000244140625,204838
2026-04-30 07:36:00+00:00,1417.199951171875,1417.199951171875,1417.5,1415.9000244140625,1416.5,361386
2026-04-30 07:37:00+00:00,1416.9000244140625,1416.9000244140625,1417.699951171875,1416.800048828125,1417.199951171875,22581
2026-04-30 07:38:00+00:00,1418.699951171875,1418.699951171875,1419.5,1416.5999755859375,1417.0,122240
2026-04-30 07:39:00+00:00,1419.300048828125,1419.300048828125,1419.300048828125,1418.4000244140625,1419.0,30447
2026-04-30 07:40:00+00:00,1418.5999755859375,1418.5999755859375,1419.9000244140625,1418.199951171875,1419.300048828125,25570
2026-04-30 07:41:00+00:00,1420.5999755859375,1420.5999755859375,1421.0,1418.5,1418.699951171875,70511
2026-04-30 07:42:00+00:00,1420.800048828125,1420.800048828125,1420.800048828125,1420.0999755859375,1420.5999755859375,39425
2026-04-30 07:43:00+00:00,1420.699951171875,1420.699951171875,1421.300048828125,1420.199951171875,1420.800048828125,23912
2026-04-30 07:44:00+00:00,1420.5,1420.5,1421.5,1420.4000244140625,1420.5999755859375,30048
2026-04-30 07:45:00+00:00,1420.300048828125,1420.300048828125,1420.5,1420.0,1420.5,22556
2026-04-30 07:46:00+00:00,1419.0999755859375,1419.0999755859375,1420.4000244140625,1418.9000244140625,1420.300048828125,15363
2026-04-30 07:47:00+00:00,1419.0,1419.0,1419.199951171875,1418.5,1419.199951171875,46940
2026-04-30 07:48:00+00:00,1419.199951171875,1419.199951171875,1419.9000244140625,1419.0999755859375,1419.0999755859375,23799
2026-04-30 07:49:00+00:00,1418.699951171875,1418.699951171875,1419.5,1418.0999755859375,1419.199951171875,60751
2026-04-30 07:50:00+00:00,1419.699951171875,1419.699951171875,1419.699951171875,1418.199951171875,1418.800048828125,59967
2026-04-30 07:51:00+00:00,1421.0999755859375,1421.0999755859375,1421.300048828125,1420.0999755859375,1420.5,140220
2026-04-30 07:52:00+00:00,1421.0999755859375,1421.0999755859375,1422.300048828125,1420.300048828125,1421.0999755859375,62611
2026-04-30 07:53:00+00:00,1420.9000244140625,1420.9000244140625,1421.300048828125,1420.0,1421.300048828125,26826
2026-04-30 07:54:00+00:00,1421.300048828125,1421.300048828125,1422.300048828125,1421.0,1421.0999755859375,75884
2026-04-30 07:55:00+00:00,1421.5999755859375,1421.5999755859375,1422.0,1421.0,1421.5,100116
2026-04-30 07:56:00+00:00,1422.699951171875,1422.699951171875,1422.699951171875,1421.4000244140625,1421.4000244140625,48836
2026-04-30 07:57:00+00:00,1422.4000244140625,1422.4000244140625,1423.5,1422.4000244140625,1422.699951171875,36738
2026-04-30 07:58:00+00:00,1422.0,1422.0,1423.199951171875,1422.0,1422.5999755859375,21700
2026-04-30 07:59:00+00:00,1422.199951171875,1422.199951171875,1422.5,1421.5999755859375,1422.0,29562
2026-04-30 08:00:00+00:00,1422.9000244140625,1422.9000244140625,1423.0999755859375,1422.0,1422.0,34323
2026-04-30 08:01:00+00:00,1421.800048828125,1421.800048828125,1422.9000244140625,1421.5999755859375,1422.9000244140625,15120
2026-04-30 08:02:00+00:00,1422.0,1422.0,1422.300048828125,1421.0999755859375,1421.800048828125,35753
2026-04-30 08:03:00+00:00,1422.699951171875,1422.699951171875,1423.0,1421.5999755859375,1422.0,22339
2026-04-30 08:04:00+00:00,1421.800048828125,1421.800048828125,1422.699951171875,1421.5999755859375,1422.699951171875,19391
2026-04-30 08:05:00+00:00,1422.9000244140625,1422.9000244140625,1423.0,1421.5,1421.5,50227
2026-04-30 08:06:00+00:00,1422.300048828125,1422.300048828125,1423.0,1421.800048828125,1423.0,53441
2026-04-30 08:07:00+00:00,1422.0,1422.0,1422.300048828125,1421.699951171875,1422.300048828125,47488
2026-04-30 08:08:00+00:00,1422.0,1422.0,1422.0999755859375,1421.0,1422.0999755859375,271013
2026-04-30 08:09:00+00:00,1421.199951171875,1421.199951171875,1422.0999755859375,1421.0999755859375,1422.0999755859375,149477
2026-04-30 08:10:00+00:00,1423.5999755859375,1423.5999755859375,1424.5,1420.9000244140625,1421.0,264410
2026-04-30 08:11:00+00:00,1425.0999755859375,1425.0999755859375,1425.5,1423.9000244140625,1423.9000244140625,87620
2026-04-30 08:12:00+00:00,1426.300048828125,1426.300048828125,1426.5,1424.699951171875,1425.0,76395
2026-04-30 08:13:00+00:00,1426.800048828125,1426.800048828125,1427.0,1425.0,1425.800048828125,60373
2026-04-30 08:14:00+00:00,1426.800048828125,1426.800048828125,1427.0,1426.199951171875,1426.5,30002
2026-04-30 08:15:00+00:00,1427.300048828125,1427.300048828125,1427.5999755859375,1426.4000244140625,1426.800048828125,58776
2026-04-30 08:16:00+00:00,1427.4000244140625,1427.4000244140625,1427.800048828125,1426.699951171875,1427.0,72949
2026-04-30 08:17:00+00:00,1428.4000244140625,1428.4000244140625,1428.4000244140625,1427.4000244140625,1427.699951171875,29772
2026-04-30 08:18:00+00:00,1428.5999755859375,1428.5999755859375,1428.5999755859375,1427.300048828125,1428.0999755859375,77033
2026-04-30 08:19:00+00:00,1428.4000244140625,1428.4000244140625,1429.0,1428.300048828125,1428.699951171875,41675
2026-04-30 08:20:00+00:00,1425.699951171875,1425.699951171875,1428.4000244140625,1425.0,1428.4000244140625,97066
2026-04-30 08:21:00+00:00,1425.0999755859375,1425.0999755859375,1426.0999755859375,1425.0,1425.699951171875,23488
2026-04-30 08:22:00+00:00,1424.699951171875,1424.699951171875,1425.300048828125,1424.5999755859375,1425.0999755859375,37017
2026-04-30 08:23:00+00:00,1424.5,1424.5,1425.199951171875,1424.300048828125,1424.699951171875,38912
2026-04-30 08:24:00+00:00,1427.4000244140625,1427.4000244140625,1427.5,1424.5,1424.699951171875,98473
2026-04-30 08:25:00+00:00,1428.699951171875,1428.699951171875,1429.5999755859375,1427.4000244140625,1427.4000244140625,116902
2026-04-30 08:26:00+00:00,1427.800048828125,1427.800048828125,1428.699951171875,1427.4000244140625,1428.300048828125,47669
2026-04-30 08:27:00+00:00,1426.199951171875,1426.199951171875,1428.0,1425.9000244140625,1427.9000244140625,25009
2026-04-30 08:28:00+00:00,1427.9000244140625,1427.9000244140625,1428.4000244140625,1426.0999755859375,1426.199951171875,72035
2026-04-30 08:29:00+00:00,1427.699951171875,1427.699951171875,1428.0999755859375,1426.5,1427.5,92636
2026-04-30 08:30:00+00:00,1426.699951171875,1426.699951171875,1427.800048828125,1426.5999755859375,1427.5999755859375,21235
2026-04-30 08:31:00+00:00,1426.199951171875,1426.199951171875,1426.800048828125,1426.199951171875,1426.699951171875,18900
2026-04-30 08:32:00+00:00,1426.199951171875,1426.199951171875,1426.5999755859375,1426.199951171875,1426.300048828125,28064
2026-04-30 08:33:00+00:00,1427.9000244140625,1427.9000244140625,1427.9000244140625,1426.199951171875,1426.199951171875,33782
2026-04-30 08:34:00+00:00,1426.800048828125,1426.800048828125,1427.9000244140625,1426.4000244140625,1427.9000244140625,14738
2026-04-30 08:35:00+00:00,1426.5,1426.5,1427.199951171875,1426.199951171875,1426.800048828125,22257
2026-04-30 08:36:00+00:00,1426.300048828125,1426.300048828125,1426.5,1426.199951171875,1426.300048828125,44760
2026-04-30 08:37:00+00:00,1426.5,1426.5,1427.300048828125,1426.0,1426.5,24599
2026-04-30 08:38:00+00:00,1426.4000244140625,1426.4000244140625,1426.9000244140625,1426.0,1426.199951171875,26287
2026-04-30 08:39:00+00:00,1428.0,1428.0,1428.0,1426.0999755859375,1426.4000244140625,46164
2026-04-30 08:40:00+00:00,1427.0,1427.0,1428.300048828125,1426.699951171875,1428.0,95125
2026-04-30 08:41:00+00:00,1427.300048828125,1427.300048828125,1427.4000244140625,1426.300048828125,1426.699951171875,50377
2026-04-30 08:42:00+00:00,1427.300048828125,1427.300048828125,1427.5999755859375,1426.5,1427.4000244140625,36897
2026-04-30 08:43:00+00:00,1426.5999755859375,1426.5999755859375,1427.5999755859375,1426.0999755859375,1426.9000244140625,49101
2026-04-30 08:44:00+00:00,1425.9000244140625,1425.9000244140625,1426.5999755859375,1425.5999755859375,1426.0,48789
2026-04-30 08:45:00+00:00,1426.5999755859375,1426.5999755859375,1426.9000244140625,1425.699951171875,1425.699951171875,26667
2026-04-30 08:46:00+00:00,1426.199951171875,1426.199951171875,1427.0999755859375,1426.0,1426.5999755859375,26258
2026-04-30 08:47:00+00:00,1426.0999755859375,1426.0999755859375,1426.9000244140625,1425.300048828125,1426.199951171875,52237
2026-04-30 08:48:00+00:00,1426.199951171875,1426.199951171875,1426.4000244140625,1425.199951171875,1426.0999755859375,38440
2026-04-30 08:49:00+00:00,1425.5999755859375,1425.5999755859375,1426.300048828125,1425.300048828125,1425.9000244140625,27340
2026-04-30 08:50:00+00:00,1427.199951171875,1427.199951171875,1427.4000244140625,1425.300048828125,1425.5999755859375,108664
2026-04-30 08:51:00+00:00,1426.4000244140625,1426.4000244140625,1428.800048828125,1426.300048828125,1427.199951171875,268604
2026-04-30 08:52:00+00:00,1426.5,1426.5,1426.800048828125,1426.0999755859375,1426.300048828125,36171
2026-04-30 08:53:00+00:00,1428.0,1428.0,1428.4000244140625,1426.300048828125,1426.5,95191
2026-04-30 08:54:00+00:00,1427.5,1427.5,1428.0999755859375,1427.199951171875,1427.5,44632
2026-04-30 08:55:00+00:00,1427.0999755859375,1427.0999755859375,1428.199951171875,1426.5999755859375,1427.5,66521
2026-04-30 08:56:00+00:00,1427.0,1427.0,1427.199951171875,1427.0,1427.0999755859375,33250
2026-04-30 08:57:00+00:00,1426.0999755859375,1426.0999755859375,1427.0999755859375,1425.5999755859375,1427.0,53111
2026-04-30 08:58:00+00:00,1426.5,1426.5,1426.800048828125,1425.5,1426.5999755859375,73822
2026-04-30 08:59:00+00:00,1426.199951171875,1426.199951171875,1427.0,1425.699951171875,1426.5,39418
2026-04-30 09:00:00+00:00,1426.0,1426.0,1426.9000244140625,1426.0,1426.800048828125,13949
2026-04-30 09:01:00+00:00,1427.0,1427.0,1427.0,1426.0,1426.0999755859375,24062
2026-04-30 09:02:00+00:00,1427.5999755859375,1427.5999755859375,1427.5999755859375,1426.300048828125,1427.0,56285
2026-04-30 09:03:00+00:00,1428.5999755859375,1428.5999755859375,1428.5999755859375,1427.0999755859375,1427.5999755859375,60071
2026-04-30 09:04:00+00:00,1428.199951171875,1428.199951171875,1429.199951171875,1427.9000244140625,1428.699951171875,40396
2026-04-30 09:05:00+00:00,1429.0,1429.0,1429.199951171875,1428.0,1428.4000244140625,55758
2026-04-30 09:06:00+00:00,1430.199951171875,1430.199951171875,1430.5,1428.300048828125,1429.0,109368
2026-04-30 09:07:00+00:00,1430.0999755859375,1430.0999755859375,1430.699951171875,1429.4000244140625,1430.0,54289
2026-04-30 09:08:00+00:00,1430.0,1430.0,1430.199951171875,1429.300048828125,1430.0,91841
2026-04-30 09:09:00+00:00,1431.199951171875,1431.199951171875,1431.199951171875,1429.9000244140625,1430.0,65095
2026-04-30 09:10:00+00:00,1432.0999755859375,1432.0999755859375,1432.4000244140625,1430.5,1431.0999755859375,201913
2026-04-30 09:11:00+00:00,1432.300048828125,1432.300048828125,1432.300048828125,1431.199951171875,1432.0999755859375,90503
2026-04-30 09:12:00+00:00,1434.0,1434.0,1434.4000244140625,1431.9000244140625,1432.199951171875,62504
2026-04-30 09:13:00+00:00,1434.199951171875,1434.199951171875,1435.5,1434.0,1434.0,185449
2026-04-30 09:14:00+00:00,1434.0,1434.0,1435.199951171875,1433.4000244140625,1434.5999755859375,127898
2026-04-30 09:15:00+00:00,1434.0,1434.0,1434.0999755859375,1433.0,1433.800048828125,86063
2026-04-30 09:16:00+00:00,1431.5999755859375,1431.5999755859375,1434.0,1431.0,1434.0,223645
2026-04-30 09:17:00+00:00,1431.0999755859375,1431.0999755859375,1432.699951171875,1431.0,1431.5,149357
2026-04-30 09:18:00+00:00,1431.9000244140625,1431.9000244140625,1431.9000244140625,1430.4000244140625,1431.199951171875,134970
2026-04-30 09:19:00+00:00,1428.9000244140625,1428.9000244140625,1431.9000244140625,1428.9000244140625,1431.699951171875,61699
2026-04-30 09:20:00+00:00,1429.0,1429.0,1430.0,1428.0999755859375,1428.800048828125,126492
2026-04-30 09:21:00+00:00,1429.5,1429.5,1429.5999755859375,1428.0999755859375,1429.0,85635
2026-04-30 09:22:00+00:00,1430.0999755859375,1430.0999755859375,1430.300048828125,1429.4000244140625,1429.5,102037
2026-04-30 09:23:00+00:00,1430.0,1430.0,1430.199951171875,1429.5,1430.0999755859375,76084
2026-04-30 09:24:00+00:00,1430.0,1430.0,1430.199951171875,1429.5,1430.199951171875,59862
2026-04-30 09:25:00+00:00,1429.0999755859375,1429.0999755859375,1430.0999755859375,1428.0999755859375,1430.0,130477
2026-04-30 09:26:00+00:00,1430.199951171875,1430.199951171875,1430.300048828125,1429.0999755859375,1429.5,93238
2026-04-30 09:27:00+00:00,1430.0,1430.0,1430.300048828125,1428.9000244140625,1430.300048828125,81573
2026-04-30 09:28:00+00:00,1430.0999755859375,1430.0999755859375,1430.4000244140625,1429.5,1430.0,52096
2026-04-30 09:29:00+00:00,1430.0,1430.0,1430.5,1430.0,1430.0999755859375,20245
2026-04-30 09:30:00+00:00,1430.5,1430.5,1430.5999755859375,1429.5,1430.5,151885
2026-04-30 09:31:00+00:00,1429.5,1429.5,1430.4000244140625,1428.5999755859375,1430.4000244140625,242469
2026-04-30 09:32:00+00:00,1430.5,1430.5,1430.699951171875,1428.800048828125,1429.0999755859375,467372
2026-04-30 09:33:00+00:00,1432.5,1432.5,1432.5,1429.199951171875,1431.0999755859375,532909
2026-04-30 09:34:00+00:00,1430.300048828125,1430.300048828125,1431.800048828125,1429.699951171875,1431.800048828125,411388
2026-04-30 09:35:00+00:00,1430.0999755859375,1430.0999755859375,1431.0999755859375,1429.4000244140625,1430.300048828125,295152
2026-04-30 09:36:00+00:00,1431.5999755859375,1431.5999755859375,1432.0,1428.800048828125,1428.800048828125,445146
2026-04-30 09:37:00+00:00,1428.5999755859375,1428.5999755859375,1431.5,1428.5999755859375,1431.5,477016
2026-04-30 09:38:00+00:00,1428.4000244140625,1428.4000244140625,1429.199951171875,1426.5,1428.5999755859375,214083
2026-04-30 09:39:00+00:00,1429.0999755859375,1429.0999755859375,1429.0999755859375,1428.0,1428.4000244140625,259569
2026-04-30 09:40:00+00:00,1430.0999755859375,1430.0999755859375,1430.699951171875,1429.0,1429.0,175792
2026-04-30 09:41:00+00:00,1428.9000244140625,1428.9000244140625,1430.699951171875,1428.9000244140625,1430.5999755859375,280863
2026-04-30 09:42:00+00:00,1430.0999755859375,1430.0999755859375,1430.0999755859375,1428.5,1428.5,157364
2026-04-30 09:43:00+00:00,1431.0999755859375,1431.0999755859375,1431.0999755859375,1429.9000244140625,1430.0,173369
2026-04-30 09:44:00+00:00,1431.199951171875,1431.199951171875,1431.300048828125,1430.4000244140625,1431.0999755859375,124940
2026-04-30 09:45:00+00:00,1431.199951171875,1431.199951171875,1431.5,1430.4000244140625,1431.199951171875,85576
2026-04-30 09:46:00+00:00,1431.0,1431.0,1431.4000244140625,1430.0999755859375,1431.4000244140625,163980
2026-04-30 09:47:00+00:00,1431.699951171875,1431.699951171875,1431.699951171875,1430.0999755859375,1431.0999755859375,169882
2026-04-30 09:48:00+00:00,1431.0,1431.0,1432.199951171875,1431.0,1431.800048828125,96827
2026-04-30 09:49:00+00:00,1431.5999755859375,1431.5999755859375,1432.0,1431.0,1431.0999755859375,64740
2026-04-30 09:50:00+00:00,1432.0999755859375,1432.0999755859375,1432.199951171875,1431.300048828125,1431.5,135079
2026-04-30 09:51:00+00:00,1432.5,1432.5,1432.5999755859375,1432.0,1432.0999755859375,89036
2026-04-30 09:52:00+00:00,1431.0,1431.0,1432.699951171875,1430.0,1432.5999755859375,191740
2026-04-30 09:53:00+00:00,1432.800048828125,1432.800048828125,1432.800048828125,1431.0,1431.0999755859375,117390
2026-04-30 09:54:00+00:00,1432.0,1432.0,1432.9000244140625,1430.199951171875,1432.699951171875,253572
2026-04-30 09:55:00+00:00,1432.0999755859375,1432.0999755859375,1432.699951171875,1431.199951171875,1432.300048828125,101134
2026-04-30 09:56:00+00:00,1433.5,1433.5,1434.0,1432.199951171875,1432.5999755859375,103204
2026-04-30 09:57:00+00:00,1435.0,1435.0,1435.199951171875,1433.300048828125,1433.699951171875,285487
2026-04-30 09:58:00+00:00,1435.300048828125,1435.300048828125,1435.300048828125,1435.0,1435.0,49411
2026-04-30 09:59:00+00:00,1436.0,1436.0,1436.300048828125,1433.5,1435.0,100382
