Price,Adj Close,Close,High,Low,Open,Volume
Ticker,ULTRACEMCO.NS,ULTRACEMCO.NS,ULTRACEMCO.NS,ULTRACEMCO.NS,ULTRACEMCO.NS,ULTRACEMCO.NS
Datetime,,,,,,
2026-04-23 03:45:00+00:00,11954.0,11954.0,12002.0,11947.0,12002.0,0
2026-04-23 03:46:00+00:00,11984.0,11984.0,11991.0,11967.0,11977.0,2605
2026-04-23 03:47:00+00:00,11984.0,11984.0,12011.0,11963.0,11996.0,3126
2026-04-23 03:48:00+00:00,11954.0,11954.0,11966.0,11952.0,11966.0,5723
2026-04-23 03:49:00+00:00,11959.0,11959.0,11986.0,11957.0,11962.0,4206
2026-04-23 03:50:00+00:00,11998.0,11998.0,11998.0,11944.0,11952.0,3830
2026-04-23 03:51:00+00:00,12002.0,12002.0,12006.0,11984.0,11997.0,934
2026-04-23 03:52:00+00:00,12015.0,12015.0,12015.0,12005.0,12005.0,1389
2026-04-23 03:53:00+00:00,12040.0,12040.0,12045.0,12015.0,12015.0,2582
2026-04-23 03:54:00+00:00,12029.0,12029.0,12031.0,12027.0,12031.0,589
2026-04-23 03:55:00+00:00,12033.0,12033.0,12037.0,12027.0,12028.0,877
2026-04-23 03:56:00+00:00,12030.0,12030.0,12037.0,12028.0,12033.0,968
2026-04-23 03:57:00+00:00,12037.0,12037.0,12037.0,12033.0,12033.0,274
2026-04-23 03:58:00+00:00,12073.0,12073.0,12073.0,12043.0,12045.0,2194
2026-04-23 03:59:00+00:00,12081.0,12081.0,12081.0,12063.0,12066.0,643
2026-04-23 04:00:00+00:00,12080.0,12080.0,12090.0,12078.0,12090.0,1570
2026-04-23 04:01:00+00:00,12077.0,12077.0,12095.0,12077.0,12084.0,972
2026-04-23 04:02:00+00:00,12087.0,12087.0,12091.0,12083.0,12086.0,626
2026-04-23 04:03:00+00:00,12080.0,12080.0,12092.0,12080.0,12091.0,769
2026-04-23 04:04:00+00:00,12081.0,12081.0,12085.0,12078.0,12079.0,769
2026-04-23 04:05:00+00:00,12077.0,12077.0,12082.0,12077.0,12080.0,285
2026-04-23 04:06:00+00:00,12062.0,12062.0,12062.0,12039.0,12054.0,1145
2026-04-23 04:07:00+00:00,12054.0,12054.0,12060.0,12049.0,12060.0,421
2026-04-23 04:08:00+00:00,12059.0,12059.0,12060.0,12051.0,12054.0,789
2026-04-23 04:09:00+00:00,12057.0,12057.0,12073.0,12057.0,12070.0,676
2026-04-23 04:10:00+00:00,12041.0,12041.0,12056.0,12041.0,12056.0,408
2026-04-23 04:11:00+00:00,12054.0,12054.0,12055.0,12041.0,12041.0,1013
2026-04-23 04:12:00+00:00,12068.0,12068.0,12073.0,12054.0,12054.0,472
2026-04-23 04:13:00+00:00,12074.0,12074.0,12079.0,12066.0,12074.0,634
2026-04-23 04:14:00+00:00,12078.0,12078.0,12080.0,12070.0,12075.0,826
2026-04-23 04:15:00+00:00,12080.0,12080.0,12081.0,12073.0,12075.0,409
2026-04-23 04:16:00+00:00,12089.0,12089.0,12089.0,12080.0,12080.0,134
2026-04-23 04:17:00+00:00,12091.0,12091.0,12095.0,12089.0,12089.0,287
2026-04-23 04:18:00+00:00,12088.0,12088.0,12090.0,12085.0,12089.0,280
2026-04-23 04:19:00+00:00,12086.0,12086.0,12088.0,12086.0,12086.0,112
2026-04-23 04:20:00+00:00,12103.0,12103.0,12110.0,12095.0,12097.0,1444
2026-04-23 04:21:00+00:00,12098.0,12098.0,12106.0,12095.0,12102.0,744
2026-04-23 04:22:00+00:00,12094.0,12094.0,12101.0,12094.0,12098.0,351
2026-04-23 04:23:00+00:00,12102.0,12102.0,12106.0,12093.0,12093.0,813
2026-04-23 04:24:00+00:00,12105.0,12105.0,12105.0,12101.0,12102.0,179
2026-04-23 04:25:00+00:00,12095.0,12095.0,12102.0,12095.0,12102.0,276
2026-04-23 04:26:00+00:00,12099.0,12099.0,12099.0,12094.0,12095.0,95
2026-04-23 04:27:00+00:00,12098.0,12098.0,12100.0,12091.0,12100.0,118
2026-04-23 04:28:00+00:00,12102.0,12102.0,12103.0,12098.0,12098.0,142
2026-04-23 04:29:00+00:00,12094.0,12094.0,12103.0,12090.0,12103.0,409
2026-04-23 04:30:00+00:00,12087.0,12087.0,12094.0,12087.0,12094.0,275
2026-04-23 04:31:00+00:00,12082.0,12082.0,12087.0,12077.0,12077.0,230
2026-04-23 04:32:00+00:00,12095.0,12095.0,12098.0,12086.0,12086.0,116
2026-04-23 04:33:00+00:00,12102.0,12102.0,12103.0,12095.0,12095.0,217
2026-04-23 04:34:00+00:00,12122.0,12122.0,12124.0,12101.0,12101.0,977
2026-04-23 04:35:00+00:00,12116.0,12116.0,12126.0,12116.0,12126.0,707
2026-04-23 04:36:00+00:00,12122.0,12122.0,12125.0,12119.0,12119.0,100
2026-04-23 04:37:00+00:00,12115.0,12115.0,12120.0,12111.0,12120.0,424
2026-04-23 04:38:00+00:00,12122.0,12122.0,12122.0,12115.0,12115.0,438
2026-04-23 04:39:00+00:00,12125.0,12125.0,12129.0,12118.0,12118.0,217
2026-04-23 04:40:00+00:00,12120.0,12120.0,12132.0,12117.0,12129.0,483
2026-04-23 04:41:00+00:00,12129.0,12129.0,12129.0,12125.0,12125.0,130
2026-04-23 04:42:00+00:00,12123.0,12123.0,12131.0,12123.0,12127.0,135
2026-04-23 04:43:00+00:00,12122.0,12122.0,12128.0,12117.0,12123.0,392
2026-04-23 04:44:00+00:00,12120.0,12120.0,12125.0,12116.0,12122.0,577
2026-04-23 04:45:00+00:00,12106.0,12106.0,12120.0,12106.0,12120.0,388
2026-04-23 04:46:00+00:00,12112.0,12112.0,12115.0,12100.0,12106.0,158
2026-04-23 04:47:00+00:00,12120.0,12120.0,12120.0,12111.0,12115.0,15
2026-04-23 04:48:00+00:00,12123.0,12123.0,12124.0,12119.0,12119.0,251
2026-04-23 04:49:00+00:00,12120.0,12120.0,12130.0,12120.0,12125.0,858
2026-04-23 04:50:00+00:00,12124.0,12124.0,12125.0,12119.0,12119.0,74
2026-04-23 04:51:00+00:00,12123.0,12123.0,12126.0,12120.0,12122.0,107
2026-04-23 04:52:00+00:00,12126.0,12126.0,12126.0,12120.0,12123.0,925
2026-04-23 04:53:00+00:00,12130.0,12130.0,12130.0,12126.0,12130.0,90
2026-04-23 04:54:00+00:00,12128.0,12128.0,12130.0,12126.0,12129.0,109
2026-04-23 04:55:00+00:00,12123.0,12123.0,12133.0,12117.0,12131.0,111
2026-04-23 04:56:00+00:00,12125.0,12125.0,12129.0,12122.0,12124.0,130
2026-04-23 04:57:00+00:00,12129.0,12129.0,12129.0,12125.0,12125.0,62
2026-04-23 04:58:00+00:00,12131.0,12131.0,12131.0,12122.0,12129.0,504
2026-04-23 04:59:00+00:00,12126.0,12126.0,12130.0,12122.0,12130.0,195
2026-04-23 05:00:00+00:00,12118.0,12118.0,12126.0,12114.0,12126.0,96
2026-04-23 05:01:00+00:00,12115.0,12115.0,12119.0,12115.0,12115.0,92
2026-04-23 05:02:00+00:00,12110.0,12110.0,12124.0,12110.0,12118.0,369
2026-04-23 05:03:00+00:00,12111.0,12111.0,12114.0,12110.0,12114.0,33
2026-04-23 05:04:00+00:00,12113.0,12113.0,12115.0,12111.0,12114.0,63
2026-04-23 05:05:00+00:00,12113.0,12113.0,12113.0,12113.0,12113.0,47
2026-04-23 05:06:00+00:00,12106.0,12106.0,12110.0,12106.0,12110.0,130
2026-04-23 05:07:00+00:00,12110.0,12110.0,12110.0,12106.0,12108.0,61
2026-04-23 05:08:00+00:00,12108.0,12108.0,12109.0,12105.0,12108.0,77
2026-04-23 05:09:00+00:00,12099.0,12099.0,12111.0,12099.0,12104.0,1174
2026-04-23 05:10:00+00:00,12103.0,12103.0,12106.0,12099.0,12099.0,526
2026-04-23 05:11:00+00:00,12104.0,12104.0,12105.0,12103.0,12105.0,147
2026-04-23 05:12:00+00:00,12110.0,12110.0,12110.0,12103.0,12104.0,93
2026-04-23 05:13:00+00:00,12111.0,12111.0,12111.0,12104.0,12109.0,44
2026-04-23 05:14:00+00:00,12110.0,12110.0,12112.0,12106.0,12111.0,59
2026-04-23 05:15:00+00:00,12113.0,12113.0,12115.0,12111.0,12113.0,227
2026-04-23 05:16:00+00:00,12108.0,12108.0,12113.0,12107.0,12113.0,79
2026-04-23 05:17:00+00:00,12125.0,12125.0,12125.0,12109.0,12111.0,701
2026-04-23 05:18:00+00:00,12127.0,12127.0,12127.0,12117.0,12123.0,195
2026-04-23 05:19:00+00:00,12120.0,12120.0,12124.0,12114.0,12124.0,235
2026-04-23 05:20:00+00:00,12129.0,12129.0,12129.0,12112.0,12119.0,158
2026-04-23 05:21:00+00:00,12125.0,12125.0,12130.0,12120.0,12129.0,330
2026-04-23 05:22:00+00:00,12122.0,12122.0,12129.0,12122.0,12129.0,198
2026-04-23 05:23:00+00:00,12121.0,12121.0,12126.0,12121.0,12126.0,57
2026-04-23 05:24:00+00:00,12121.0,12121.0,12125.0,12118.0,12125.0,127
2026-04-23 05:25:00+00:00,12120.0,12120.0,12121.0,12116.0,12121.0,113
2026-04-23 05:26:00+00:00,12112.0,12112.0,12119.0,12111.0,12119.0,14
2026-04-23 05:27:00+00:00,12106.0,12106.0,12112.0,12106.0,12111.0,222
2026-04-23 05:28:00+00:00,12108.0,12108.0,12112.0,12103.0,12107.0,188
2026-04-23 05:29:00+00:00,12106.0,12106.0,12110.0,12105.0,12110.0,239
2026-04-23 05:30:00+00:00,12105.0,12105.0,12110.0,12105.0,12105.0,146
2026-04-23 05:31:00+00:00,12105.0,12105.0,12109.0,12105.0,12105.0,201
2026-04-23 05:32:00+00:00,12109.0,12109.0,12112.0,12108.0,12108.0,126
2026-04-23 05:33:00+00:00,12109.0,12109.0,12112.0,12109.0,12112.0,166
2026-04-23 05:34:00+00:00,12118.0,12118.0,12118.0,12109.0,12112.0,286
2026-04-23 05:35:00+00:00,12114.0,12114.0,12117.0,12113.0,12113.0,61
2026-04-23 05:36:00+00:00,12115.0,12115.0,12116.0,12114.0,12114.0,117
2026-04-23 05:37:00+00:00,12116.0,12116.0,12116.0,12113.0,12115.0,143
2026-04-23 05:38:00+00:00,12115.0,12115.0,12120.0,12115.0,12116.0,125
2026-04-23 05:39:00+00:00,12100.0,12100.0,12115.0,12100.0,12115.0,380
2026-04-23 05:40:00+00:00,12106.0,12106.0,12109.0,12099.0,12100.0,164
2026-04-23 05:41:00+00:00,12098.0,12098.0,12106.0,12097.0,12106.0,137
2026-04-23 05:42:00+00:00,12096.0,12096.0,12104.0,12095.0,12098.0,2481
2026-04-23 05:43:00+00:00,12104.0,12104.0,12104.0,12094.0,12096.0,1737
2026-04-23 05:44:00+00:00,12101.0,12101.0,12104.0,12098.0,12100.0,1438
2026-04-23 05:45:00+00:00,12097.0,12097.0,12101.0,12094.0,12096.0,539
2026-04-23 05:46:00+00:00,12112.0,12112.0,12112.0,12099.0,12101.0,257
2026-04-23 05:47:00+00:00,12108.0,12108.0,12114.0,12105.0,12105.0,146
2026-04-23 05:48:00+00:00,12112.0,12112.0,12115.0,12110.0,12115.0,203
2026-04-23 05:49:00+00:00,12113.0,12113.0,12115.0,12109.0,12112.0,177
2026-04-23 05:50:00+00:00,12102.0,12102.0,12112.0,12102.0,12109.0,724
2026-04-23 05:51:00+00:00,12099.0,12099.0,12105.0,12096.0,12103.0,1743
2026-04-23 05:52:00+00:00,12103.0,12103.0,12104.0,12099.0,12099.0,236
2026-04-23 05:53:00+00:00,12100.0,12100.0,12103.0,12100.0,12100.0,126
2026-04-23 05:54:00+00:00,12102.0,12102.0,12102.0,12099.0,12100.0,312
2026-04-23 05:55:00+00:00,12104.0,12104.0,12110.0,12101.0,12105.0,232
2026-04-23 05:56:00+00:00,12104.0,12104.0,12110.0,12104.0,12107.0,135
2026-04-23 05:57:00+00:00,12105.0,12105.0,12109.0,12102.0,12102.0,141
2026-04-23 05:58:00+00:00,12104.0,12104.0,12109.0,12103.0,12107.0,295
2026-04-23 05:59:00+00:00,12099.0,12099.0,12108.0,12099.0,12104.0,469
2026-04-23 06:00:00+00:00,12101.0,12101.0,12101.0,12099.0,12099.0,850
2026-04-23 06:01:00+00:00,12101.0,12101.0,12106.0,12096.0,12099.0,1680
2026-04-23 06:02:00+00:00,12093.0,12093.0,12102.0,12087.0,12096.0,4189
2026-04-23 06:03:00+00:00,12088.0,12088.0,12091.0,12085.0,12087.0,283
2026-04-23 06:04:00+00:00,12070.0,12070.0,12091.0,12070.0,12088.0,523
2026-04-23 06:05:00+00:00,12063.0,12063.0,12070.0,12060.0,12070.0,1338
2026-04-23 06:06:00+00:00,12075.0,12075.0,12077.0,12064.0,12067.0,347
2026-04-23 06:07:00+00:00,12072.0,12072.0,12075.0,12064.0,12075.0,240
2026-04-23 06:08:00+00:00,12068.0,12068.0,12072.0,12066.0,12071.0,489
2026-04-23 06:09:00+00:00,12074.0,12074.0,12074.0,12065.0,12065.0,478
2026-04-23 06:10:00+00:00,12070.0,12070.0,12075.0,12070.0,12072.0,260
2026-04-23 06:11:00+00:00,12069.0,12069.0,12072.0,12069.0,12070.0,265
2026-04-23 06:12:00+00:00,12074.0,12074.0,12074.0,12067.0,12069.0,354
2026-04-23 06:13:00+00:00,12083.0,12083.0,12084.0,12071.0,12078.0,817
2026-04-23 06:14:00+00:00,12072.0,12072.0,12083.0,12072.0,12083.0,300
2026-04-23 06:15:00+00:00,12094.0,12094.0,12094.0,12071.0,12071.0,585
2026-04-23 06:16:00+00:00,12080.0,12080.0,12089.0,12080.0,12081.0,298
2026-04-23 06:17:00+00:00,12080.0,12080.0,12083.0,12076.0,12080.0,389
2026-04-23 06:18:00+00:00,12075.0,12075.0,12080.0,12072.0,12080.0,235
2026-04-23 06:19:00+00:00,12078.0,12078.0,12078.0,12071.0,12077.0,380
2026-04-23 06:20:00+00:00,12077.0,12077.0,12077.0,12071.0,12074.0,380
2026-04-23 06:21:00+00:00,12072.0,12072.0,12077.0,12068.0,12077.0,621
2026-04-23 06:22:00+00:00,12072.0,12072.0,12079.0,12070.0,12075.0,285
2026-04-23 06:23:00+00:00,12084.0,12084.0,12084.0,12072.0,12072.0,568
2026-04-23 06:24:00+00:00,12081.0,12081.0,12088.0,12080.0,12082.0,277
2026-04-23 06:25:00+00:00,12081.0,12081.0,12087.0,12080.0,12086.0,305
2026-04-23 06:26:00+00:00,12075.0,12075.0,12081.0,12075.0,12081.0,311
2026-04-23 06:27:00+00:00,12075.0,12075.0,12080.0,12070.0,12080.0,305
2026-04-23 06:28:00+00:00,12072.0,12072.0,12073.0,12069.0,12071.0,277
2026-04-23 06:29:00+00:00,12067.0,12067.0,12071.0,12065.0,12071.0,235
2026-04-23 06:30:00+00:00,12065.0,12065.0,12074.0,12065.0,12066.0,367
2026-04-23 06:31:00+00:00,12064.0,12064.0,12069.0,12064.0,12065.0,282
2026-04-23 06:32:00+00:00,12069.0,12069.0,12071.0,12065.0,12065.0,312
2026-04-23 06:33:00+00:00,12069.0,12069.0,12072.0,12069.0,12070.0,270
2026-04-23 06:34:00+00:00,12063.0,12063.0,12072.0,12063.0,12069.0,307
2026-04-23 06:35:00+00:00,12053.0,12053.0,12065.0,12050.0,12062.0,1146
2026-04-23 06:36:00+00:00,12059.0,12059.0,12059.0,12045.0,12050.0,561
2026-04-23 06:37:00+00:00,12058.0,12058.0,12061.0,12052.0,12059.0,458
2026-04-23 06:38:00+00:00,12056.0,12056.0,12057.0,12048.0,12054.0,197
2026-04-23 06:39:00+00:00,12043.0,12043.0,12055.0,12043.0,12054.0,327
2026-04-23 06:40:00+00:00,12043.0,12043.0,12048.0,12043.0,12043.0,203
2026-04-23 06:41:00+00:00,12050.0,12050.0,12055.0,12043.0,12043.0,509
2026-04-23 06:42:00+00:00,12047.0,12047.0,12050.0,12047.0,12050.0,239
2026-04-23 06:43:00+00:00,12046.0,12046.0,12047.0,12046.0,12047.0,239
2026-04-23 06:44:00+00:00,12046.0,12046.0,12051.0,12046.0,12046.0,209
2026-04-23 06:45:00+00:00,12044.0,12044.0,12048.0,12043.0,12048.0,381
2026-04-23 06:46:00+00:00,12042.0,12042.0,12046.0,12042.0,12046.0,264
2026-04-23 06:47:00+00:00,12042.0,12042.0,12042.0,12042.0,12042.0,338
2026-04-23 06:48:00+00:00,12046.0,12046.0,12049.0,12042.0,12045.0,428
2026-04-23 06:49:00+00:00,12046.0,12046.0,12047.0,12040.0,12046.0,513
2026-04-23 06:50:00+00:00,12048.0,12048.0,12048.0,12045.0,12047.0,274
2026-04-23 06:51:00+00:00,12045.0,12045.0,12049.0,12042.0,12049.0,201
2026-04-23 06:52:00+00:00,12054.0,12054.0,12054.0,12040.0,12040.0,640
2026-04-23 06:53:00+00:00,12057.0,12057.0,12059.0,12050.0,12050.0,408
2026-04-23 06:54:00+00:00,12056.0,12056.0,12063.0,12055.0,12055.0,269
2026-04-23 06:55:00+00:00,12050.0,12050.0,12055.0,12050.0,12055.0,273
2026-04-23 06:56:00+00:00,12040.0,12040.0,12052.0,12040.0,12050.0,5116
2026-04-23 06:57:00+00:00,12023.0,12023.0,12029.0,12020.0,12029.0,1363
2026-04-23 06:58:00+00:00,12021.0,12021.0,12025.0,12020.0,12022.0,305
2026-04-23 06:59:00+00:00,12020.0,12020.0,12024.0,12019.0,12024.0,710
2026-04-23 07:00:00+00:00,12019.0,12019.0,12024.0,12018.0,12019.0,382
2026-04-23 07:01:00+00:00,12015.0,12015.0,12027.0,12015.0,12022.0,494
2026-04-23 07:02:00+00:00,12015.0,12015.0,12018.0,12011.0,12011.0,461
2026-04-23 07:03:00+00:00,12018.0,12018.0,12018.0,12015.0,12018.0,245
2026-04-23 07:04:00+00:00,12024.0,12024.0,12027.0,12016.0,12017.0,886
2026-04-23 07:05:00+00:00,12025.0,12025.0,12032.0,12023.0,12024.0,434
2026-04-23 07:06:00+00:00,12020.0,12020.0,12024.0,12019.0,12023.0,245
2026-04-23 07:07:00+00:00,12023.0,12023.0,12029.0,12021.0,12021.0,377
2026-04-23 07:08:00+00:00,12024.0,12024.0,12026.0,12019.0,12024.0,299
2026-04-23 07:09:00+00:00,12018.0,12018.0,12024.0,12018.0,12024.0,364
2026-04-23 07:10:00+00:00,12024.0,12024.0,12024.0,12016.0,12021.0,371
2026-04-23 07:11:00+00:00,12019.0,12019.0,12022.0,12017.0,12021.0,306
2026-04-23 07:12:00+00:00,12019.0,12019.0,12024.0,12018.0,12018.0,324
2026-04-23 07:13:00+00:00,12027.0,12027.0,12030.0,12025.0,12025.0,572
2026-04-23 07:14:00+00:00,12036.0,12036.0,12042.0,12021.0,12021.0,1992
2026-04-23 07:15:00+00:00,12029.0,12029.0,12033.0,12026.0,12032.0,566
2026-04-23 07:16:00+00:00,12024.0,12024.0,12030.0,12024.0,12030.0,305
2026-04-23 07:17:00+00:00,12025.0,12025.0,12027.0,12020.0,12024.0,253
2026-04-23 07:18:00+00:00,12015.0,12015.0,12024.0,12015.0,12024.0,312
2026-04-23 07:19:00+00:00,12015.0,12015.0,12017.0,12015.0,12015.0,338
2026-04-23 07:20:00+00:00,12011.0,12011.0,12016.0,12011.0,12015.0,328
2026-04-23 07:21:00+00:00,12011.0,12011.0,12017.0,12010.0,12010.0,346
2026-04-23 07:22:00+00:00,12010.0,12010.0,12011.0,12009.0,12011.0,226
2026-04-23 07:23:00+00:00,12020.0,12020.0,12020.0,12009.0,12011.0,734
2026-04-23 07:24:00+00:00,12019.0,12019.0,12022.0,12018.0,12021.0,349
2026-04-23 07:25:00+00:00,12017.0,12017.0,12023.0,12016.0,12018.0,198
2026-04-23 07:26:00+00:00,12016.0,12016.0,12021.0,12016.0,12021.0,272
2026-04-23 07:27:00+00:00,12030.0,12030.0,12030.0,12016.0,12016.0,343
2026-04-23 07:28:00+00:00,12033.0,12033.0,12039.0,12030.0,12030.0,332
2026-04-23 07:29:00+00:00,12034.0,12034.0,12045.0,12034.0,12038.0,546
2026-04-23 07:30:00+00:00,12033.0,12033.0,12045.0,12033.0,12040.0,448
2026-04-23 07:31:00+00:00,12025.0,12025.0,12030.0,12025.0,12030.0,212
2026-04-23 07:32:00+00:00,12026.0,12026.0,12029.0,12025.0,12025.0,228
2026-04-23 07:33:00+00:00,12027.0,12027.0,12033.0,12027.0,12030.0,365
2026-04-23 07:34:00+00:00,12028.0,12028.0,12029.0,12026.0,12027.0,236
2026-04-23 07:35:00+00:00,12038.0,12038.0,12043.0,12029.0,12029.0,255
2026-04-23 07:36:00+00:00,12038.0,12038.0,12042.0,12038.0,12042.0,208
2026-04-23 07:37:00+00:00,12035.0,12035.0,12039.0,12035.0,12039.0,198
2026-04-23 07:38:00+00:00,12044.0,12044.0,12044.0,12034.0,12035.0,319
2026-04-23 07:39:00+00:00,12065.0,12065.0,12065.0,12044.0,12044.0,345
2026-04-23 07:40:00+00:00,12066.0,12066.0,12071.0,12065.0,12065.0,373
2026-04-23 07:41:00+00:00,12063.0,12063.0,12070.0,12063.0,12070.0,358
2026-04-23 07:42:00+00:00,12063.0,12063.0,12067.0,12062.0,12063.0,298
2026-04-23 07:43:00+00:00,12067.0,12067.0,12068.0,12063.0,12063.0,264
2026-04-23 07:44:00+00:00,12075.0,12075.0,12075.0,12065.0,12065.0,360
2026-04-23 07:45:00+00:00,12062.0,12062.0,12078.0,12062.0,12075.0,326
2026-04-23 07:46:00+00:00,12063.0,12063.0,12064.0,12059.0,12064.0,247
2026-04-23 07:47:00+00:00,12071.0,12071.0,12076.0,12059.0,12059.0,442
2026-04-23 07:48:00+00:00,12083.0,12083.0,12086.0,12073.0,12073.0,421
2026-04-23 07:49:00+00:00,12102.0,12102.0,12102.0,12082.0,12082.0,870
2026-04-23 07:50:00+00:00,12102.0,12102.0,12105.0,12102.0,12105.0,1160
2026-04-23 07:51:00+00:00,12110.0,12110.0,12111.0,12102.0,12102.0,507
2026-04-23 07:52:00+00:00,12110.0,12110.0,12110.0,12102.0,12106.0,565
2026-04-23 07:53:00+00:00,12118.0,12118.0,12119.0,12110.0,12110.0,1259
2026-04-23 07:54:00+00:00,12121.0,12121.0,12123.0,12118.0,12119.0,917
2026-04-23 07:55:00+00:00,12120.0,12120.0,12125.0,12120.0,12122.0,649
2026-04-23 07:56:00+00:00,12113.0,12113.0,12118.0,12112.0,12118.0,456
2026-04-23 07:57:00+00:00,12123.0,12123.0,12123.0,12108.0,12113.0,901
2026-04-23 07:58:00+00:00,12129.0,12129.0,12129.0,12121.0,12124.0,478
2026-04-23 07:59:00+00:00,12124.0,12124.0,12129.0,12124.0,12129.0,340
2026-04-23 08:00:00+00:00,12118.0,12118.0,12127.0,12117.0,12127.0,218
2026-04-23 08:01:00+00:00,12119.0,12119.0,12121.0,12116.0,12118.0,366
2026-04-23 08:02:00+00:00,12118.0,12118.0,12121.0,12116.0,12120.0,498
2026-04-23 08:03:00+00:00,12132.0,12132.0,12132.0,12118.0,12118.0,3858
2026-04-23 08:04:00+00:00,12110.0,12110.0,12130.0,12110.0,12126.0,1044
2026-04-23 08:05:00+00:00,12115.0,12115.0,12118.0,12111.0,12114.0,702
2026-04-23 08:06:00+00:00,12118.0,12118.0,12125.0,12115.0,12116.0,673
2026-04-23 08:07:00+00:00,12120.0,12120.0,12120.0,12115.0,12117.0,423
2026-04-23 08:08:00+00:00,12111.0,12111.0,12120.0,12111.0,12120.0,555
2026-04-23 08:09:00+00:00,12115.0,12115.0,12118.0,12111.0,12116.0,1111
2026-04-23 08:10:00+00:00,12114.0,12114.0,12116.0,12110.0,12116.0,1815
2026-04-23 08:11:00+00:00,12093.0,12093.0,12114.0,12089.0,12109.0,1401
2026-04-23 08:12:00+00:00,12084.0,12084.0,12093.0,12083.0,12092.0,325
2026-04-23 08:13:00+00:00,12090.0,12090.0,12097.0,12084.0,12084.0,507
2026-04-23 08:14:00+00:00,12092.0,12092.0,12100.0,12086.0,12090.0,573
2026-04-23 08:15:00+00:00,12092.0,12092.0,12095.0,12087.0,12095.0,323
2026-04-23 08:16:00+00:00,12088.0,12088.0,12095.0,12088.0,12094.0,385
2026-04-23 08:17:00+00:00,12080.0,12080.0,12090.0,12080.0,12088.0,339
2026-04-23 08:18:00+00:00,12079.0,12079.0,12085.0,12079.0,12080.0,322
2026-04-23 08:19:00+00:00,12085.0,12085.0,12093.0,12080.0,12080.0,489
2026-04-23 08:20:00+00:00,12092.0,12092.0,12095.0,12087.0,12088.0,802
2026-04-23 08:21:00+00:00,12091.0,12091.0,12095.0,12091.0,12095.0,367
2026-04-23 08:22:00+00:00,12102.0,12102.0,12102.0,12089.0,12091.0,340
2026-04-23 08:23:00+00:00,12094.0,12094.0,12100.0,12091.0,12100.0,332
2026-04-23 08:24:00+00:00,12099.0,12099.0,12104.0,12092.0,12093.0,271
2026-04-23 08:25:00+00:00,12105.0,12105.0,12108.0,12095.0,12095.0,397
2026-04-23 08:26:00+00:00,12111.0,12111.0,12117.0,12105.0,12105.0,312
2026-04-23 08:27:00+00:00,12118.0,12118.0,12118.0,12111.0,12111.0,375
2026-04-23 08:28:00+00:00,12115.0,12115.0,12117.0,12112.0,12113.0,291
2026-04-23 08:29:00+00:00,12105.0,12105.0,12115.0,12104.0,12115.0,367
2026-04-23 08:30:00+00:00,12106.0,12106.0,12113.0,12103.0,12109.0,271
2026-04-23 08:31:00+00:00,12105.0,12105.0,12110.0,12103.0,12110.0,297
2026-04-23 08:32:00+00:00,12101.0,12101.0,12105.0,12098.0,12105.0,260
2026-04-23 08:33:00+00:00,12098.0,12098.0,12103.0,12098.0,12100.0,258
2026-04-23 08:34:00+00:00,12099.0,12099.0,12107.0,12098.0,12102.0,353
2026-04-23 08:35:00+00:00,12100.0,12100.0,12104.0,12097.0,12099.0,241
2026-04-23 08:36:00+00:00,12099.0,12099.0,12103.0,12097.0,12100.0,212
2026-04-23 08:37:00+00:00,12100.0,12100.0,12101.0,12100.0,12100.0,383
2026-04-23 08:38:00+00:00,12101.0,12101.0,12103.0,12100.0,12102.0,292
2026-04-23 08:39:00+00:00,12100.0,12100.0,12102.0,12100.0,12101.0,310
2026-04-23 08:40:00+00:00,12095.0,12095.0,12101.0,12094.0,12100.0,2417
2026-04-23 08:41:00+00:00,12100.0,12100.0,12100.0,12095.0,12095.0,341
2026-04-23 08:42:00+00:00,12101.0,12101.0,12105.0,12100.0,12100.0,262
2026-04-23 08:43:00+00:00,12100.0,12100.0,12103.0,12100.0,12101.0,233
2026-04-23 08:44:00+00:00,12101.0,12101.0,12102.0,12100.0,12100.0,351
2026-04-23 08:45:00+00:00,12100.0,12100.0,12102.0,12099.0,12100.0,435
2026-04-23 08:46:00+00:00,12101.0,12101.0,12104.0,12100.0,12101.0,230
2026-04-23 08:47:00+00:00,12116.0,12116.0,12117.0,12101.0,12101.0,567
2026-04-23 08:48:00+00:00,12125.0,12125.0,12130.0,12120.0,12120.0,912
2026-04-23 08:49:00+00:00,12120.0,12120.0,12126.0,12120.0,12125.0,820
2026-04-23 08:50:00+00:00,12113.0,12113.0,12118.0,12104.0,12116.0,1065
2026-04-23 08:51:00+00:00,12111.0,12111.0,12113.0,12104.0,12107.0,305
2026-04-23 08:52:00+00:00,12110.0,12110.0,12113.0,12105.0,12108.0,663
2026-04-23 08:53:00+00:00,12112.0,12112.0,12118.0,12109.0,12111.0,416
2026-04-23 08:54:00+00:00,12121.0,12121.0,12132.0,12111.0,12111.0,1104
2026-04-23 08:55:00+00:00,12123.0,12123.0,12136.0,12118.0,12121.0,1460
2026-04-23 08:56:00+00:00,12125.0,12125.0,12130.0,12122.0,12123.0,549
2026-04-23 08:57:00+00:00,12117.0,12117.0,12132.0,12117.0,12130.0,569
2026-04-23 08:58:00+00:00,12120.0,12120.0,12122.0,12115.0,12120.0,495
2026-04-23 08:59:00+00:00,12123.0,12123.0,12123.0,12114.0,12115.0,400
2026-04-23 09:00:00+00:00,12114.0,12114.0,12124.0,12114.0,12121.0,304
2026-04-23 09:01:00+00:00,12121.0,12121.0,12122.0,12114.0,12114.0,294
2026-04-23 09:02:00+00:00,12119.0,12119.0,12119.0,12113.0,12118.0,366
2026-04-23 09:03:00+00:00,12120.0,12120.0,12122.0,12115.0,12122.0,316
2026-04-23 09:04:00+00:00,12123.0,12123.0,12129.0,12114.0,12122.0,743
2026-04-23 09:05:00+00:00,12116.0,12116.0,12127.0,12114.0,12127.0,586
2026-04-23 09:06:00+00:00,12119.0,12119.0,12122.0,12116.0,12116.0,355
2026-04-23 09:07:00+00:00,12123.0,12123.0,12126.0,12122.0,12122.0,581
2026-04-23 09:08:00+00:00,12121.0,12121.0,12129.0,12120.0,12124.0,300
2026-04-23 09:09:00+00:00,12117.0,12117.0,12125.0,12117.0,12120.0,406
2026-04-23 09:10:00+00:00,12114.0,12114.0,12124.0,12113.0,12115.0,321
2026-04-23 09:11:00+00:00,12101.0,12101.0,12117.0,12101.0,12117.0,455
2026-04-23 09:12:00+00:00,12107.0,12107.0,12107.0,12100.0,12100.0,1046
2026-04-23 09:13:00+00:00,12100.0,12100.0,12107.0,12100.0,12107.0,281
2026-04-23 09:14:00+00:00,12090.0,12090.0,12101.0,12090.0,12101.0,1030
2026-04-23 09:15:00+00:00,12110.0,12110.0,12110.0,12096.0,12099.0,479
2026-04-23 09:16:00+00:00,12106.0,12106.0,12110.0,12105.0,12109.0,287
2026-04-23 09:17:00+00:00,12116.0,12116.0,12118.0,12107.0,12114.0,497
2026-04-23 09:18:00+00:00,12117.0,12117.0,12120.0,12113.0,12118.0,632
2026-04-23 09:19:00+00:00,12118.0,12118.0,12119.0,12113.0,12116.0,291
2026-04-23 09:20:00+00:00,12114.0,12114.0,12119.0,12113.0,12116.0,625
2026-04-23 09:21:00+00:00,12119.0,12119.0,12119.0,12114.0,12114.0,330
2026-04-23 09:22:00+00:00,12118.0,12118.0,12123.0,12118.0,12118.0,297
2026-04-23 09:23:00+00:00,12112.0,12112.0,12123.0,12107.0,12119.0,290
2026-04-23 09:24:00+00:00,12115.0,12115.0,12115.0,12107.0,12112.0,312
2026-04-23 09:25:00+00:00,12116.0,12116.0,12118.0,12110.0,12118.0,345
2026-04-23 09:26:00+00:00,12122.0,12122.0,12125.0,12112.0,12112.0,736
2026-04-23 09:27:00+00:00,12120.0,12120.0,12124.0,12118.0,12120.0,360
2026-04-23 09:28:00+00:00,12126.0,12126.0,12127.0,12119.0,12119.0,920
2026-04-23 09:29:00+00:00,12129.0,12129.0,12130.0,12122.0,12123.0,637
2026-04-23 09:30:00+00:00,12146.0,12146.0,12155.0,12138.0,12138.0,3072
2026-04-23 09:31:00+00:00,12155.0,12155.0,12156.0,12135.0,12143.0,2228
2026-04-23 09:32:00+00:00,12148.0,12148.0,12157.0,12135.0,12154.0,2934
2026-04-23 09:33:00+00:00,12146.0,12146.0,12153.0,12143.0,12148.0,1240
2026-04-23 09:34:00+00:00,12139.0,12139.0,12149.0,12136.0,12146.0,970
2026-04-23 09:35:00+00:00,12140.0,12140.0,12144.0,12135.0,12139.0,663
2026-04-23 09:36:00+00:00,12145.0,12145.0,12145.0,12135.0,12135.0,2973
2026-04-23 09:37:00+00:00,12163.0,12163.0,12164.0,12142.0,12144.0,662
2026-04-23 09:38:00+00:00,12162.0,12162.0,12164.0,12155.0,12163.0,415
2026-04-23 09:39:00+00:00,12161.0,12161.0,12166.0,12159.0,12160.0,567
2026-04-23 09:40:00+00:00,12166.0,12166.0,12170.0,12166.0,12167.0,601
2026-04-23 09:41:00+00:00,12161.0,12161.0,12171.0,12161.0,12168.0,628
2026-04-23 09:42:00+00:00,12151.0,12151.0,12166.0,12151.0,12162.0,726
2026-04-23 09:43:00+00:00,12165.0,12165.0,12166.0,12158.0,12160.0,489
2026-04-23 09:44:00+00:00,12163.0,12163.0,12166.0,12159.0,12162.0,727
2026-04-23 09:45:00+00:00,12164.0,12164.0,12169.0,12164.0,12165.0,851
2026-04-23 09:46:00+00:00,12174.0,12174.0,12176.0,12166.0,12167.0,1293
2026-04-23 09:47:00+00:00,12181.0,12181.0,12182.0,12173.0,12173.0,1220
2026-04-23 09:48:00+00:00,12185.0,12185.0,12194.0,12184.0,12190.0,1079
2026-04-23 09:49:00+00:00,12195.0,12195.0,12195.0,12184.0,12184.0,714
2026-04-23 09:50:00+00:00,12197.0,12197.0,12197.0,12186.0,12190.0,1030
2026-04-23 09:51:00+00:00,12205.0,12205.0,12211.0,12191.0,12192.0,1104
2026-04-23 09:52:00+00:00,12202.0,12202.0,12204.0,12197.0,12197.0,1089
2026-04-23 09:53:00+00:00,12204.0,12204.0,12205.0,12199.0,12199.0,790
2026-04-23 09:54:00+00:00,12198.0,12198.0,12204.0,12196.0,12204.0,900
2026-04-23 09:55:00+00:00,12204.0,12204.0,12205.0,12196.0,12197.0,1168
2026-04-23 09:56:00+00:00,12195.0,12195.0,12213.0,12190.0,12207.0,1558
2026-04-23 09:57:00+00:00,12184.0,12184.0,12197.0,12177.0,12197.0,1006
2026-04-23 09:58:00+00:00,12184.0,12184.0,12190.0,12178.0,12178.0,344
2026-04-23 09:59:00+00:00,12150.0,12150.0,12200.0,12150.0,12176.0,625
2026-04-24 03:45:00+00:00,12208.0,12208.0,12243.0,12195.0,12195.0,0
2026-04-24 03:46:00+00:00,12170.0,12170.0,12200.0,12170.0,12200.0,1857
2026-04-24 03:47:00+00:00,12161.0,12161.0,12186.0,12160.0,12167.0,2823
2026-04-24 03:48:00+00:00,12190.0,12190.0,12195.0,12180.0,12188.0,1133
2026-04-24 03:49:00+00:00,12174.0,12174.0,12206.0,12174.0,12201.0,859
2026-04-24 03:50:00+00:00,12151.0,12151.0,12170.0,12151.0,12170.0,678
2026-04-24 03:51:00+00:00,12141.0,12141.0,12151.0,12130.0,12151.0,790
2026-04-24 03:52:00+00:00,12163.0,12163.0,12163.0,12132.0,12132.0,343
2026-04-24 03:53:00+00:00,12182.0,12182.0,12186.0,12170.0,12170.0,522
2026-04-24 03:54:00+00:00,12210.0,12210.0,12210.0,12179.0,12179.0,1418
2026-04-24 03:55:00+00:00,12192.0,12192.0,12198.0,12188.0,12194.0,454
2026-04-24 03:56:00+00:00,12202.0,12202.0,12202.0,12184.0,12184.0,620
2026-04-24 03:57:00+00:00,12182.0,12182.0,12198.0,12182.0,12193.0,190
2026-04-24 03:58:00+00:00,12169.0,12169.0,12181.0,12164.0,12178.0,297
2026-04-24 03:59:00+00:00,12168.0,12168.0,12175.0,12167.0,12171.0,239
2026-04-24 04:00:00+00:00,12169.0,12169.0,12185.0,12158.0,12159.0,2645
2026-04-24 04:01:00+00:00,12159.0,12159.0,12173.0,12155.0,12173.0,658
2026-04-24 04:02:00+00:00,12163.0,12163.0,12171.0,12163.0,12169.0,184
2026-04-24 04:03:00+00:00,12163.0,12163.0,12176.0,12161.0,12161.0,318
2026-04-24 04:04:00+00:00,12156.0,12156.0,12164.0,12151.0,12164.0,280
2026-04-24 04:05:00+00:00,12163.0,12163.0,12163.0,12152.0,12156.0,249
2026-04-24 04:06:00+00:00,12158.0,12158.0,12177.0,12158.0,12160.0,907
2026-04-24 04:07:00+00:00,12166.0,12166.0,12167.0,12158.0,12158.0,178
2026-04-24 04:08:00+00:00,12167.0,12167.0,12167.0,12166.0,12166.0,73
2026-04-24 04:09:00+00:00,12169.0,12169.0,12182.0,12160.0,12160.0,1789
2026-04-24 04:10:00+00:00,12177.0,12177.0,12177.0,12160.0,12169.0,336
2026-04-24 04:11:00+00:00,12171.0,12171.0,12181.0,12171.0,12181.0,131
2026-04-24 04:12:00+00:00,12172.0,12172.0,12179.0,12172.0,12174.0,375
2026-04-24 04:13:00+00:00,12167.0,12167.0,12175.0,12167.0,12175.0,416
2026-04-24 04:14:00+00:00,12174.0,12174.0,12174.0,12168.0,12169.0,78
2026-04-24 04:15:00+00:00,12171.0,12171.0,12177.0,12170.0,12176.0,197
2026-04-24 04:16:00+00:00,12158.0,12158.0,12173.0,12158.0,12173.0,138
2026-04-24 04:17:00+00:00,12151.0,12151.0,12162.0,12151.0,12162.0,70
2026-04-24 04:18:00+00:00,12152.0,12152.0,12163.0,12150.0,12151.0,165
2026-04-24 04:19:00+00:00,12156.0,12156.0,12160.0,12152.0,12154.0,109
2026-04-24 04:20:00+00:00,12155.0,12155.0,12157.0,12152.0,12156.0,108
2026-04-24 04:21:00+00:00,12180.0,12180.0,12180.0,12159.0,12160.0,1697
2026-04-24 04:22:00+00:00,12176.0,12176.0,12185.0,12176.0,12185.0,205
2026-04-24 04:23:00+00:00,12177.0,12177.0,12183.0,12176.0,12176.0,88
2026-04-24 04:24:00+00:00,12172.0,12172.0,12179.0,12166.0,12179.0,160
2026-04-24 04:25:00+00:00,12166.0,12166.0,12172.0,12156.0,12172.0,278
2026-04-24 04:26:00+00:00,12174.0,12174.0,12178.0,12161.0,12169.0,246
2026-04-24 04:27:00+00:00,12173.0,12173.0,12173.0,12164.0,12164.0,62
2026-04-24 04:28:00+00:00,12176.0,12176.0,12176.0,12168.0,12173.0,288
2026-04-24 04:29:00+00:00,12172.0,12172.0,12184.0,12172.0,12176.0,111
2026-04-24 04:30:00+00:00,12183.0,12183.0,12183.0,12172.0,12177.0,162
2026-04-24 04:31:00+00:00,12186.0,12186.0,12192.0,12180.0,12180.0,323
2026-04-24 04:32:00+00:00,12177.0,12177.0,12195.0,12177.0,12191.0,195
2026-04-24 04:33:00+00:00,12187.0,12187.0,12190.0,12183.0,12183.0,79
2026-04-24 04:34:00+00:00,12187.0,12187.0,12190.0,12184.0,12190.0,117
2026-04-24 04:35:00+00:00,12193.0,12193.0,12195.0,12190.0,12193.0,78
2026-04-24 04:36:00+00:00,12193.0,12193.0,12197.0,12190.0,12190.0,47
2026-04-24 04:37:00+00:00,12194.0,12194.0,12197.0,12190.0,12197.0,80
2026-04-24 04:38:00+00:00,12194.0,12194.0,12194.0,12185.0,12194.0,311
2026-04-24 04:39:00+00:00,12198.0,12198.0,12200.0,12191.0,12195.0,377
2026-04-24 04:40:00+00:00,12192.0,12192.0,12196.0,12192.0,12192.0,293
2026-04-24 04:41:00+00:00,12194.0,12194.0,12197.0,12194.0,12197.0,0
2026-04-24 04:42:00+00:00,12197.0,12197.0,12197.0,12195.0,12195.0,40
2026-04-24 04:43:00+00:00,12198.0,12198.0,12204.0,12198.0,12199.0,311
2026-04-24 04:44:00+00:00,12202.0,12202.0,12203.0,12196.0,12196.0,168
2026-04-24 04:45:00+00:00,12186.0,12186.0,12200.0,12186.0,12200.0,1072
2026-04-24 04:46:00+00:00,12191.0,12191.0,12195.0,12183.0,12192.0,91
2026-04-24 04:47:00+00:00,12200.0,12200.0,12200.0,12187.0,12187.0,122
2026-04-24 04:48:00+00:00,12197.0,12197.0,12202.0,12195.0,12200.0,257
2026-04-24 04:49:00+00:00,12186.0,12186.0,12196.0,12185.0,12195.0,182
2026-04-24 04:50:00+00:00,12186.0,12186.0,12191.0,12181.0,12191.0,148
2026-04-24 04:51:00+00:00,12179.0,12179.0,12185.0,12171.0,12185.0,332
2026-04-24 04:52:00+00:00,12178.0,12178.0,12183.0,12176.0,12182.0,27
2026-04-24 04:53:00+00:00,12178.0,12178.0,12178.0,12170.0,12177.0,82
2026-04-24 04:54:00+00:00,12148.0,12148.0,12182.0,12140.0,12176.0,2165
2026-04-24 04:55:00+00:00,12159.0,12159.0,12159.0,12146.0,12146.0,141
2026-04-24 04:56:00+00:00,12152.0,12152.0,12159.0,12152.0,12158.0,222
2026-04-24 04:57:00+00:00,12153.0,12153.0,12154.0,12153.0,12153.0,0
2026-04-24 04:58:00+00:00,12150.0,12150.0,12153.0,12143.0,12153.0,214
2026-04-24 04:59:00+00:00,12145.0,12145.0,12150.0,12145.0,12150.0,61
2026-04-24 05:00:00+00:00,12142.0,12142.0,12157.0,12138.0,12146.0,38106
2026-04-24 05:01:00+00:00,12136.0,12136.0,12143.0,12135.0,12141.0,111
2026-04-24 05:02:00+00:00,12148.0,12148.0,12148.0,12134.0,12135.0,351
2026-04-24 05:03:00+00:00,12144.0,12144.0,12157.0,12143.0,12143.0,112
2026-04-24 05:04:00+00:00,12135.0,12135.0,12139.0,12132.0,12138.0,109
2026-04-24 05:05:00+00:00,12136.0,12136.0,12138.0,12134.0,12138.0,66
2026-04-24 05:06:00+00:00,12141.0,12141.0,12141.0,12135.0,12138.0,71
2026-04-24 05:07:00+00:00,12146.0,12146.0,12148.0,12141.0,12148.0,11
2026-04-24 05:08:00+00:00,12147.0,12147.0,12150.0,12147.0,12147.0,48
2026-04-24 05:09:00+00:00,12145.0,12145.0,12150.0,12145.0,12147.0,67
2026-04-24 05:10:00+00:00,12150.0,12150.0,12150.0,12145.0,12145.0,85
2026-04-24 05:11:00+00:00,12148.0,12148.0,12150.0,12146.0,12150.0,31
2026-04-24 05:12:00+00:00,12147.0,12147.0,12148.0,12146.0,12148.0,88
2026-04-24 05:13:00+00:00,12149.0,12149.0,12150.0,12148.0,12148.0,25
2026-04-24 05:14:00+00:00,12150.0,12150.0,12152.0,12148.0,12148.0,435
2026-04-24 05:15:00+00:00,12148.0,12148.0,12150.0,12147.0,12150.0,172
2026-04-24 05:16:00+00:00,12137.0,12137.0,12147.0,12137.0,12147.0,143
2026-04-24 05:17:00+00:00,12140.0,12140.0,12143.0,12136.0,12143.0,154
2026-04-24 05:18:00+00:00,12134.0,12134.0,12139.0,12130.0,12139.0,511
2026-04-24 05:19:00+00:00,12125.0,12125.0,12135.0,12120.0,12130.0,126
2026-04-24 05:20:00+00:00,12125.0,12125.0,12129.0,12124.0,12125.0,246
2026-04-24 05:21:00+00:00,12133.0,12133.0,12135.0,12131.0,12131.0,36
2026-04-24 05:22:00+00:00,12135.0,12135.0,12136.0,12134.0,12134.0,244
2026-04-24 05:23:00+00:00,12140.0,12140.0,12140.0,12136.0,12136.0,84
2026-04-24 05:24:00+00:00,12144.0,12144.0,12146.0,12140.0,12145.0,119
2026-04-24 05:25:00+00:00,12140.0,12140.0,12147.0,12140.0,12143.0,109
2026-04-24 05:26:00+00:00,12138.0,12138.0,12140.0,12136.0,12140.0,344
2026-04-24 05:27:00+00:00,12134.0,12134.0,12136.0,12132.0,12136.0,314
2026-04-24 05:28:00+00:00,12143.0,12143.0,12143.0,12134.0,12134.0,59
2026-04-24 05:29:00+00:00,12135.0,12135.0,12140.0,12135.0,12140.0,133
2026-04-24 05:30:00+00:00,12134.0,12134.0,12138.0,12131.0,12138.0,30
2026-04-24 05:31:00+00:00,12125.0,12125.0,12133.0,12125.0,12132.0,305
2026-04-24 05:32:00+00:00,12122.0,12122.0,12132.0,12122.0,12126.0,792
2026-04-24 05:33:00+00:00,12139.0,12139.0,12143.0,12122.0,12122.0,254
2026-04-24 05:34:00+00:00,12142.0,12142.0,12142.0,12131.0,12131.0,110
2026-04-24 05:35:00+00:00,12143.0,12143.0,12144.0,12140.0,12140.0,44
2026-04-24 05:36:00+00:00,12147.0,12147.0,12147.0,12142.0,12142.0,33
2026-04-24 05:37:00+00:00,12146.0,12146.0,12146.0,12140.0,12144.0,57
2026-04-24 05:38:00+00:00,12143.0,12143.0,12145.0,12140.0,12140.0,52
2026-04-24 05:39:00+00:00,12139.0,12139.0,12142.0,12135.0,12142.0,141
2026-04-24 05:40:00+00:00,12146.0,12146.0,12146.0,12138.0,12139.0,157
2026-04-24 05:41:00+00:00,12141.0,12141.0,12143.0,12141.0,12143.0,46
2026-04-24 05:42:00+00:00,12144.0,12144.0,12144.0,12138.0,12142.0,90
2026-04-24 05:43:00+00:00,12160.0,12160.0,12160.0,12135.0,12146.0,1061
2026-04-24 05:44:00+00:00,12149.0,12149.0,12167.0,12149.0,12162.0,2417
2026-04-24 05:45:00+00:00,12150.0,12150.0,12150.0,12146.0,12148.0,758
2026-04-24 05:46:00+00:00,12142.0,12142.0,12150.0,12142.0,12149.0,0
2026-04-24 05:47:00+00:00,12149.0,12149.0,12150.0,12142.0,12143.0,78
2026-04-24 05:48:00+00:00,12150.0,12150.0,12150.0,12144.0,12148.0,40
2026-04-24 05:49:00+00:00,12145.0,12145.0,12148.0,12145.0,12148.0,49
2026-04-24 05:50:00+00:00,12139.0,12139.0,12145.0,12137.0,12145.0,176
2026-04-24 05:51:00+00:00,12139.0,12139.0,12144.0,12138.0,12144.0,78
2026-04-24 05:52:00+00:00,12144.0,12144.0,12150.0,12139.0,12139.0,76
2026-04-24 05:53:00+00:00,12144.0,12144.0,12148.0,12144.0,12148.0,25
2026-04-24 05:54:00+00:00,12140.0,12140.0,12143.0,12138.0,12138.0,91
2026-04-24 05:55:00+00:00,12144.0,12144.0,12149.0,12130.0,12140.0,334
2026-04-24 05:56:00+00:00,12148.0,12148.0,12152.0,12141.0,12141.0,439
2026-04-24 05:57:00+00:00,12148.0,12148.0,12150.0,12144.0,12150.0,104
2026-04-24 05:58:00+00:00,12144.0,12144.0,12147.0,12138.0,12146.0,525
2026-04-24 05:59:00+00:00,12140.0,12140.0,12145.0,12134.0,12140.0,132
2026-04-24 06:00:00+00:00,12140.0,12140.0,12146.0,12139.0,12146.0,48
2026-04-24 06:01:00+00:00,12146.0,12146.0,12147.0,12140.0,12145.0,47
2026-04-24 06:02:00+00:00,12150.0,12150.0,12150.0,12140.0,12149.0,288
2026-04-24 06:03:00+00:00,12142.0,12142.0,12146.0,12142.0,12142.0,10
2026-04-24 06:04:00+00:00,12137.0,12137.0,12145.0,12137.0,12141.0,42
2026-04-24 06:05:00+00:00,12135.0,12135.0,12142.0,12130.0,12142.0,2886
2026-04-24 06:06:00+00:00,12130.0,12130.0,12135.0,12126.0,12126.0,1535
2026-04-24 06:07:00+00:00,12134.0,12134.0,12135.0,12128.0,12130.0,452
2026-04-24 06:08:00+00:00,12130.0,12130.0,12140.0,12130.0,12133.0,2061
2026-04-24 06:09:00+00:00,12133.0,12133.0,12134.0,12130.0,12130.0,2136
2026-04-24 06:10:00+00:00,12133.0,12133.0,12135.0,12130.0,12135.0,66
2026-04-24 06:11:00+00:00,12130.0,12130.0,12134.0,12130.0,12134.0,366
2026-04-24 06:12:00+00:00,12130.0,12130.0,12130.0,12129.0,12130.0,83
2026-04-24 06:13:00+00:00,12129.0,12129.0,12130.0,12125.0,12130.0,182
2026-04-24 06:14:00+00:00,12129.0,12129.0,12130.0,12125.0,12125.0,144
2026-04-24 06:15:00+00:00,12120.0,12120.0,12129.0,12120.0,12129.0,141
2026-04-24 06:16:00+00:00,12124.0,12124.0,12127.0,12120.0,12125.0,69
2026-04-24 06:17:00+00:00,12127.0,12127.0,12127.0,12114.0,12127.0,477
2026-04-24 06:18:00+00:00,12122.0,12122.0,12124.0,12121.0,12122.0,156
2026-04-24 06:19:00+00:00,12122.0,12122.0,12130.0,12117.0,12124.0,323
2026-04-24 06:20:00+00:00,12118.0,12118.0,12121.0,12114.0,12121.0,307
2026-04-24 06:21:00+00:00,12107.0,12107.0,12118.0,12103.0,12118.0,612
2026-04-24 06:22:00+00:00,12113.0,12113.0,12117.0,12110.0,12110.0,215
2026-04-24 06:23:00+00:00,12117.0,12117.0,12121.0,12114.0,12119.0,108
2026-04-24 06:24:00+00:00,12113.0,12113.0,12121.0,12113.0,12115.0,31
2026-04-24 06:25:00+00:00,12112.0,12112.0,12120.0,12108.0,12115.0,167
2026-04-24 06:26:00+00:00,12112.0,12112.0,12113.0,12111.0,12111.0,11
2026-04-24 06:27:00+00:00,12110.0,12110.0,12114.0,12110.0,12112.0,129
2026-04-24 06:28:00+00:00,12111.0,12111.0,12112.0,12105.0,12107.0,82
2026-04-24 06:29:00+00:00,12113.0,12113.0,12113.0,12107.0,12107.0,112
2026-04-24 06:30:00+00:00,12109.0,12109.0,12112.0,12105.0,12108.0,110
2026-04-24 06:31:00+00:00,12104.0,12104.0,12105.0,12096.0,12105.0,600
2026-04-24 06:32:00+00:00,12095.0,12095.0,12105.0,12091.0,12103.0,169
2026-04-24 06:33:00+00:00,12089.0,12089.0,12095.0,12082.0,12095.0,106
2026-04-24 06:34:00+00:00,12081.0,12081.0,12089.0,12081.0,12084.0,257
2026-04-24 06:35:00+00:00,12076.0,12076.0,12084.0,12075.0,12079.0,137
2026-04-24 06:36:00+00:00,12066.0,12066.0,12074.0,12064.0,12074.0,448
2026-04-24 06:37:00+00:00,12071.0,12071.0,12074.0,12067.0,12073.0,175
2026-04-24 06:38:00+00:00,12078.0,12078.0,12078.0,12073.0,12076.0,48
2026-04-24 06:39:00+00:00,12079.0,12079.0,12079.0,12073.0,12077.0,51
2026-04-24 06:40:00+00:00,12078.0,12078.0,12079.0,12070.0,12079.0,78
2026-04-24 06:41:00+00:00,12074.0,12074.0,12078.0,12071.0,12078.0,92
2026-04-24 06:42:00+00:00,12076.0,12076.0,12079.0,12071.0,12073.0,91
2026-04-24 06:43:00+00:00,12078.0,12078.0,12079.0,12071.0,12077.0,99
2026-04-24 06:44:00+00:00,12078.0,12078.0,12079.0,12072.0,12078.0,135
2026-04-24 06:45:00+00:00,12070.0,12070.0,12078.0,12070.0,12078.0,285
2026-04-24 06:46:00+00:00,12065.0,12065.0,12067.0,12061.0,12061.0,141
2026-04-24 06:47:00+00:00,12057.0,12057.0,12066.0,12056.0,12066.0,157
2026-04-24 06:48:00+00:00,12065.0,12065.0,12065.0,12058.0,12058.0,64
2026-04-24 06:49:00+00:00,12067.0,12067.0,12072.0,12064.0,12064.0,75
2026-04-24 06:50:00+00:00,12062.0,12062.0,12066.0,12059.0,12065.0,90
2026-04-24 06:51:00+00:00,12059.0,12059.0,12062.0,12055.0,12058.0,77
2026-04-24 06:52:00+00:00,12055.0,12055.0,12065.0,12055.0,12060.0,34
2026-04-24 06:53:00+00:00,12052.0,12052.0,12059.0,12052.0,12053.0,119
2026-04-24 06:54:00+00:00,12057.0,12057.0,12063.0,12055.0,12063.0,396
2026-04-24 06:55:00+00:00,12051.0,12051.0,12062.0,12051.0,12062.0,179
2026-04-24 06:56:00+00:00,12047.0,12047.0,12051.0,12045.0,12051.0,745
2026-04-24 06:57:00+00:00,12046.0,12046.0,12052.0,12046.0,12047.0,324
2026-04-24 06:58:00+00:00,12036.0,12036.0,12048.0,12036.0,12048.0,383
2026-04-24 06:59:00+00:00,12018.0,12018.0,12031.0,12015.0,12030.0,408
2026-04-24 07:00:00+00:00,12016.0,12016.0,12022.0,12015.0,12018.0,680
2026-04-24 07:01:00+00:00,12009.0,12009.0,12019.0,12007.0,12015.0,414
2026-04-24 07:02:00+00:00,12024.0,12024.0,12036.0,12009.0,12014.0,2781
2026-04-24 07:03:00+00:00,12026.0,12026.0,12031.0,12019.0,12028.0,4893
2026-04-24 07:04:00+00:00,12028.0,12028.0,12037.0,12024.0,12024.0,189
2026-04-24 07:05:00+00:00,12024.0,12024.0,12032.0,12024.0,12028.0,882
2026-04-24 07:06:00+00:00,12035.0,12035.0,12035.0,12025.0,12029.0,283
2026-04-24 07:07:00+00:00,12037.0,12037.0,12037.0,12027.0,12033.0,29
2026-04-24 07:08:00+00:00,12036.0,12036.0,12057.0,12036.0,12042.0,576
2026-04-24 07:09:00+00:00,12032.0,12032.0,12042.0,12029.0,12037.0,347
2026-04-24 07:10:00+00:00,12032.0,12032.0,12046.0,12027.0,12028.0,365
2026-04-24 07:11:00+00:00,12025.0,12025.0,12047.0,12011.0,12037.0,4331
2026-04-24 07:12:00+00:00,12005.0,12005.0,12025.0,12000.0,12022.0,1388
2026-04-24 07:13:00+00:00,11991.0,11991.0,12005.0,11991.0,12000.0,567
2026-04-24 07:14:00+00:00,11993.0,11993.0,11997.0,11993.0,11996.0,71
2026-04-24 07:15:00+00:00,12037.0,12037.0,12041.0,11991.0,11998.0,1712
2026-04-24 07:16:00+00:00,12065.0,12065.0,12069.0,12032.0,12040.0,1101
2026-04-24 07:17:00+00:00,12074.0,12074.0,12075.0,12064.0,12069.0,435
2026-04-24 07:18:00+00:00,12067.0,12067.0,12074.0,12064.0,12068.0,468
2026-04-24 07:19:00+00:00,12079.0,12079.0,12087.0,12079.0,12087.0,471
2026-04-24 07:20:00+00:00,12088.0,12088.0,12096.0,12080.0,12080.0,620
2026-04-24 07:21:00+00:00,12092.0,12092.0,12092.0,12080.0,12087.0,646
2026-04-24 07:22:00+00:00,12087.0,12087.0,12091.0,12081.0,12084.0,231
2026-04-24 07:23:00+00:00,12097.0,12097.0,12104.0,12084.0,12084.0,512
2026-04-24 07:24:00+00:00,12088.0,12088.0,12096.0,12081.0,12096.0,849
2026-04-24 07:25:00+00:00,12091.0,12091.0,12093.0,12086.0,12087.0,42
2026-04-24 07:26:00+00:00,12095.0,12095.0,12101.0,12090.0,12095.0,350
2026-04-24 07:27:00+00:00,12095.0,12095.0,12098.0,12090.0,12095.0,113
2026-04-24 07:28:00+00:00,12082.0,12082.0,12095.0,12082.0,12095.0,278
2026-04-24 07:29:00+00:00,12087.0,12087.0,12095.0,12080.0,12082.0,53
2026-04-24 07:30:00+00:00,12084.0,12084.0,12092.0,12080.0,12086.0,137
2026-04-24 07:31:00+00:00,12080.0,12080.0,12090.0,12080.0,12090.0,40
2026-04-24 07:32:00+00:00,12081.0,12081.0,12094.0,12081.0,12086.0,266
2026-04-24 07:33:00+00:00,12080.0,12080.0,12084.0,12079.0,12081.0,416
2026-04-24 07:34:00+00:00,12080.0,12080.0,12085.0,12079.0,12079.0,75
2026-04-24 07:35:00+00:00,12078.0,12078.0,12081.0,12074.0,12081.0,186
2026-04-24 07:36:00+00:00,12064.0,12064.0,12082.0,12047.0,12082.0,3359
2026-04-24 07:37:00+00:00,12078.0,12078.0,12082.0,12054.0,12054.0,785
2026-04-24 07:38:00+00:00,12077.0,12077.0,12082.0,12074.0,12077.0,822
2026-04-24 07:39:00+00:00,12071.0,12071.0,12081.0,12070.0,12081.0,827
2026-04-24 07:40:00+00:00,12075.0,12075.0,12075.0,12065.0,12071.0,80
2026-04-24 07:41:00+00:00,12070.0,12070.0,12080.0,12067.0,12075.0,1153
2026-04-24 07:42:00+00:00,12064.0,12064.0,12073.0,12062.0,12073.0,149
2026-04-24 07:43:00+00:00,12050.0,12050.0,12059.0,12050.0,12059.0,47
2026-04-24 07:44:00+00:00,12065.0,12065.0,12067.0,12046.0,12050.0,9353
2026-04-24 07:45:00+00:00,12058.0,12058.0,12067.0,12058.0,12067.0,8
2026-04-24 07:46:00+00:00,12054.0,12054.0,12060.0,12050.0,12060.0,29
2026-04-24 07:47:00+00:00,12057.0,12057.0,12070.0,12054.0,12054.0,206
2026-04-24 07:48:00+00:00,12070.0,12070.0,12072.0,12065.0,12066.0,119
2026-04-24 07:49:00+00:00,12051.0,12051.0,12078.0,12022.0,12070.0,20892
2026-04-24 07:50:00+00:00,12076.0,12076.0,12078.0,12051.0,12058.0,1523
2026-04-24 07:51:00+00:00,12065.0,12065.0,12074.0,12059.0,12073.0,2021
2026-04-24 07:52:00+00:00,12074.0,12074.0,12078.0,12060.0,12060.0,100
2026-04-24 07:53:00+00:00,12070.0,12070.0,12074.0,12067.0,12071.0,57
2026-04-24 07:54:00+00:00,12060.0,12060.0,12073.0,12060.0,12073.0,190
2026-04-24 07:55:00+00:00,12074.0,12074.0,12077.0,12060.0,12060.0,358
2026-04-24 07:56:00+00:00,12068.0,12068.0,12077.0,12063.0,12077.0,101
2026-04-24 07:57:00+00:00,12072.0,12072.0,12079.0,12070.0,12075.0,226
2026-04-24 07:58:00+00:00,12071.0,12071.0,12077.0,12063.0,12077.0,89
2026-04-24 07:59:00+00:00,12087.0,12087.0,12087.0,12077.0,12077.0,137
2026-04-24 08:00:00+00:00,12083.0,12083.0,12087.0,12078.0,12087.0,90
2026-04-24 08:01:00+00:00,12080.0,12080.0,12081.0,12077.0,12081.0,71
2026-04-24 08:02:00+00:00,12077.0,12077.0,12083.0,12077.0,12080.0,85
2026-04-24 08:03:00+00:00,12074.0,12074.0,12083.0,12069.0,12083.0,459
2026-04-24 08:04:00+00:00,12075.0,12075.0,12075.0,12068.0,12075.0,12
2026-04-24 08:05:00+00:00,12073.0,12073.0,12083.0,12073.0,12074.0,300
2026-04-24 08:06:00+00:00,12075.0,12075.0,12083.0,12070.0,12070.0,847
2026-04-24 08:07:00+00:00,12072.0,12072.0,12081.0,12072.0,12075.0,233
2026-04-24 08:08:00+00:00,12070.0,12070.0,12077.0,12070.0,12075.0,80
2026-04-24 08:09:00+00:00,12074.0,12074.0,12075.0,12068.0,12068.0,212
2026-04-24 08:10:00+00:00,12062.0,12062.0,12074.0,12059.0,12074.0,190
2026-04-24 08:11:00+00:00,12050.0,12050.0,12064.0,12050.0,12062.0,2712
2026-04-24 08:12:00+00:00,12040.0,12040.0,12051.0,12040.0,12049.0,1216
2026-04-24 08:13:00+00:00,12020.0,12020.0,12040.0,12020.0,12040.0,714
2026-04-24 08:14:00+00:00,12022.0,12022.0,12030.0,12012.0,12030.0,15853
2026-04-24 08:15:00+00:00,12038.0,12038.0,12040.0,12022.0,12022.0,369
2026-04-24 08:16:00+00:00,12030.0,12030.0,12040.0,12030.0,12040.0,198
2026-04-24 08:17:00+00:00,12034.0,12034.0,12035.0,12029.0,12030.0,240
2026-04-24 08:18:00+00:00,12031.0,12031.0,12035.0,12027.0,12031.0,309
2026-04-24 08:19:00+00:00,12037.0,12037.0,12038.0,12028.0,12034.0,256
2026-04-24 08:20:00+00:00,12037.0,12037.0,12039.0,12023.0,12033.0,462
2026-04-24 08:21:00+00:00,12037.0,12037.0,12038.0,12031.0,12031.0,126
2026-04-24 08:22:00+00:00,12033.0,12033.0,12039.0,12032.0,12037.0,87
2026-04-24 08:23:00+00:00,12037.0,12037.0,12038.0,12032.0,12038.0,60
2026-04-24 08:24:00+00:00,12037.0,12037.0,12041.0,12032.0,12037.0,194
2026-04-24 08:25:00+00:00,12044.0,12044.0,12045.0,12037.0,12039.0,1282
2026-04-24 08:26:00+00:00,12058.0,12058.0,12058.0,12040.0,12040.0,104
2026-04-24 08:27:00+00:00,12043.0,12043.0,12060.0,12042.0,12060.0,185
2026-04-24 08:28:00+00:00,12065.0,12065.0,12066.0,12050.0,12052.0,867
2026-04-24 08:29:00+00:00,12038.0,12038.0,12069.0,12033.0,12059.0,4371
2026-04-24 08:30:00+00:00,12052.0,12052.0,12061.0,12030.0,12033.0,1218
2026-04-24 08:31:00+00:00,12044.0,12044.0,12053.0,12039.0,12053.0,378
2026-04-24 08:32:00+00:00,12048.0,12048.0,12054.0,12040.0,12044.0,568
2026-04-24 08:33:00+00:00,12050.0,12050.0,12058.0,12048.0,12048.0,614
2026-04-24 08:34:00+00:00,12043.0,12043.0,12063.0,12043.0,12054.0,845
2026-04-24 08:35:00+00:00,12043.0,12043.0,12050.0,12039.0,12050.0,460
2026-04-24 08:36:00+00:00,12030.0,12030.0,12043.0,12030.0,12039.0,796
2026-04-24 08:37:00+00:00,12030.0,12030.0,12040.0,12029.0,12029.0,575
2026-04-24 08:38:00+00:00,12039.0,12039.0,12041.0,12024.0,12026.0,444
2026-04-24 08:39:00+00:00,12028.0,12028.0,12042.0,12025.0,12034.0,394
2026-04-24 08:40:00+00:00,12028.0,12028.0,12038.0,12024.0,12028.0,583
2026-04-24 08:41:00+00:00,12033.0,12033.0,12035.0,12027.0,12035.0,544
2026-04-24 08:42:00+00:00,12036.0,12036.0,12040.0,12029.0,12029.0,431
2026-04-24 08:43:00+00:00,12031.0,12031.0,12042.0,12028.0,12042.0,482
2026-04-24 08:44:00+00:00,12034.0,12034.0,12037.0,12026.0,12037.0,448
2026-04-24 08:45:00+00:00,12025.0,12025.0,12032.0,12025.0,12027.0,629
2026-04-24 08:46:00+00:00,12031.0,12031.0,12031.0,12020.0,12025.0,619
2026-04-24 08:47:00+00:00,12030.0,12030.0,12040.0,12030.0,12039.0,929
2026-04-24 08:48:00+00:00,12029.0,12029.0,12039.0,12029.0,12029.0,733
2026-04-24 08:49:00+00:00,12027.0,12027.0,12035.0,12025.0,12035.0,482
2026-04-24 08:50:00+00:00,12038.0,12038.0,12038.0,12020.0,12036.0,597
2026-04-24 08:51:00+00:00,12031.0,12031.0,12039.0,12029.0,12037.0,479
2026-04-24 08:52:00+00:00,12048.0,12048.0,12063.0,12033.0,12036.0,3206
2026-04-24 08:53:00+00:00,12054.0,12054.0,12054.0,12041.0,12053.0,886
2026-04-24 08:54:00+00:00,12050.0,12050.0,12059.0,12045.0,12053.0,2587
2026-04-24 08:55:00+00:00,12061.0,12061.0,12069.0,12050.0,12050.0,1253
2026-04-24 08:56:00+00:00,12060.0,12060.0,12067.0,12060.0,12067.0,468
2026-04-24 08:57:00+00:00,12074.0,12074.0,12074.0,12061.0,12068.0,789
2026-04-24 08:58:00+00:00,12071.0,12071.0,12080.0,12068.0,12068.0,966
2026-04-24 08:59:00+00:00,12075.0,12075.0,12085.0,12075.0,12081.0,1102
2026-04-24 09:00:00+00:00,12084.0,12084.0,12090.0,12074.0,12081.0,1366
2026-04-24 09:01:00+00:00,12083.0,12083.0,12089.0,12071.0,12082.0,2357
2026-04-24 09:02:00+00:00,12070.0,12070.0,12090.0,12070.0,12090.0,1952
2026-04-24 09:03:00+00:00,12069.0,12069.0,12073.0,12066.0,12066.0,768
2026-04-24 09:04:00+00:00,12065.0,12065.0,12078.0,12056.0,12070.0,1179
2026-04-24 09:05:00+00:00,12068.0,12068.0,12081.0,12066.0,12070.0,2991
2026-04-24 09:06:00+00:00,12066.0,12066.0,12077.0,12066.0,12068.0,677
2026-04-24 09:07:00+00:00,12047.0,12047.0,12071.0,12047.0,12071.0,948
2026-04-24 09:08:00+00:00,12060.0,12060.0,12060.0,12047.0,12047.0,1054
2026-04-24 09:09:00+00:00,12063.0,12063.0,12063.0,12051.0,12055.0,971
2026-04-24 09:10:00+00:00,12056.0,12056.0,12066.0,12052.0,12060.0,1193
2026-04-24 09:11:00+00:00,12052.0,12052.0,12063.0,12050.0,12059.0,1324
2026-04-24 09:12:00+00:00,12056.0,12056.0,12071.0,12053.0,12057.0,1621
2026-04-24 09:13:00+00:00,12054.0,12054.0,12063.0,12054.0,12063.0,1126
2026-04-24 09:14:00+00:00,12066.0,12066.0,12072.0,12050.0,12054.0,1373
2026-04-24 09:15:00+00:00,12061.0,12061.0,12067.0,12057.0,12065.0,1134
2026-04-24 09:16:00+00:00,12050.0,12050.0,12060.0,12050.0,12059.0,804
2026-04-24 09:17:00+00:00,12060.0,12060.0,12061.0,12054.0,12057.0,1118
2026-04-24 09:18:00+00:00,12057.0,12057.0,12060.0,12050.0,12055.0,1126
2026-04-24 09:19:00+00:00,12060.0,12060.0,12061.0,12050.0,12059.0,865
2026-04-24 09:20:00+00:00,12061.0,12061.0,12064.0,12051.0,12063.0,1623
2026-04-24 09:21:00+00:00,12058.0,12058.0,12066.0,12056.0,12057.0,1351
2026-04-24 09:22:00+00:00,12058.0,12058.0,12064.0,12040.0,12064.0,2738
2026-04-24 09:23:00+00:00,12052.0,12052.0,12055.0,12050.0,12052.0,1312
2026-04-24 09:24:00+00:00,12049.0,12049.0,12057.0,12048.0,12050.0,1276
2026-04-24 09:25:00+00:00,12046.0,12046.0,12057.0,12045.0,12057.0,1659
2026-04-24 09:26:00+00:00,12047.0,12047.0,12052.0,12043.0,12048.0,1428
2026-04-24 09:27:00+00:00,12039.0,12039.0,12042.0,12036.0,12042.0,1330
2026-04-24 09:28:00+00:00,12033.0,12033.0,12045.0,12033.0,12040.0,1279
2026-04-24 09:29:00+00:00,12028.0,12028.0,12043.0,12028.0,12035.0,1816
2026-04-24 09:30:00+00:00,11989.0,11989.0,12010.0,11989.0,12010.0,3083
2026-04-24 09:31:00+00:00,11987.0,11987.0,11993.0,11985.0,11987.0,2408
2026-04-24 09:32:00+00:00,11979.0,11979.0,11987.0,11970.0,11987.0,3001
2026-04-24 09:33:00+00:00,11985.0,11985.0,11985.0,11975.0,11979.0,2066
2026-04-24 09:34:00+00:00,11974.0,11974.0,11987.0,11970.0,11987.0,2886
2026-04-24 09:35:00+00:00,11976.0,11976.0,11980.0,11972.0,11975.0,2303
2026-04-24 09:36:00+00:00,11977.0,11977.0,11977.0,11970.0,11970.0,3006
2026-04-24 09:37:00+00:00,11972.0,11972.0,11987.0,11972.0,11976.0,2127
2026-04-24 09:38:00+00:00,11972.0,11972.0,11980.0,11971.0,11973.0,1799
2026-04-24 09:39:00+00:00,11975.0,11975.0,11980.0,11966.0,11970.0,2513
2026-04-24 09:40:00+00:00,11959.0,11959.0,11971.0,11959.0,11971.0,3461
2026-04-24 09:41:00+00:00,11970.0,11970.0,11976.0,11956.0,11956.0,3147
2026-04-24 09:42:00+00:00,11969.0,11969.0,11981.0,11968.0,11970.0,1900
2026-04-24 09:43:00+00:00,11985.0,11985.0,11989.0,11968.0,11968.0,3586
2026-04-24 09:44:00+00:00,11990.0,11990.0,12000.0,11985.0,11988.0,2999
2026-04-24 09:45:00+00:00,12013.0,12013.0,12019.0,11986.0,11987.0,4327
2026-04-24 09:46:00+00:00,12023.0,12023.0,12024.0,12010.0,12012.0,2838
2026-04-24 09:47:00+00:00,12022.0,12022.0,12025.0,12016.0,12019.0,2300
2026-04-24 09:48:00+00:00,12023.0,12023.0,12023.0,12015.0,12022.0,2664
2026-04-24 09:49:00+00:00,12020.0,12020.0,12020.0,12016.0,12020.0,2333
2026-04-24 09:50:00+00:00,12012.0,12012.0,12020.0,12012.0,12019.0,2828
2026-04-24 09:51:00+00:00,12027.0,12027.0,12034.0,12020.0,12020.0,3387
2026-04-24 09:52:00+00:00,12020.0,12020.0,12024.0,12018.0,12022.0,2561
2026-04-24 09:53:00+00:00,12028.0,12028.0,12030.0,12020.0,12024.0,2110
2026-04-24 09:54:00+00:00,12031.0,12031.0,12031.0,12023.0,12023.0,2754
2026-04-24 09:55:00+00:00,12028.0,12028.0,12035.0,12026.0,12035.0,3418
2026-04-24 09:56:00+00:00,12042.0,12042.0,12045.0,12027.0,12027.0,1777
2026-04-24 09:57:00+00:00,12045.0,12045.0,12045.0,12038.0,12042.0,1467
2026-04-24 09:58:00+00:00,12046.0,12046.0,12050.0,12042.0,12044.0,743
2026-04-24 09:59:00+00:00,12040.0,12040.0,12050.0,12038.0,12048.0,433
2026-04-27 03:45:00+00:00,12145.0,12145.0,12187.0,12137.0,12137.0,0
2026-04-27 03:46:00+00:00,12170.0,12170.0,12178.0,12144.0,12149.0,1079
2026-04-27 03:47:00+00:00,12167.0,12167.0,12175.0,12141.0,12173.0,4023
2026-04-27 03:48:00+00:00,12133.0,12133.0,12162.0,12122.0,12162.0,1966
2026-04-27 03:49:00+00:00,12130.0,12130.0,12143.0,12127.0,12131.0,1106
2026-04-27 03:50:00+00:00,12107.0,12107.0,12138.0,12101.0,12138.0,1862
2026-04-27 03:51:00+00:00,12085.0,12085.0,12115.0,12085.0,12088.0,1309
2026-04-27 03:52:00+00:00,12111.0,12111.0,12118.0,12090.0,12090.0,1257
2026-04-27 03:53:00+00:00,12096.0,12096.0,12114.0,12088.0,12114.0,2026
2026-04-27 03:54:00+00:00,12140.0,12140.0,12140.0,12095.0,12095.0,909
2026-04-27 03:55:00+00:00,12139.0,12139.0,12154.0,12133.0,12133.0,1381
2026-04-27 03:56:00+00:00,12133.0,12133.0,12150.0,12130.0,12147.0,405
2026-04-27 03:57:00+00:00,12152.0,12152.0,12155.0,12132.0,12132.0,586
2026-04-27 03:58:00+00:00,12148.0,12148.0,12155.0,12146.0,12147.0,1017
2026-04-27 03:59:00+00:00,12141.0,12141.0,12146.0,12125.0,12146.0,830
2026-04-27 04:00:00+00:00,12177.0,12177.0,12179.0,12146.0,12150.0,1633
2026-04-27 04:01:00+00:00,12212.0,12212.0,12221.0,12189.0,12189.0,2349
2026-04-27 04:02:00+00:00,12212.0,12212.0,12238.0,12210.0,12216.0,2275
2026-04-27 04:03:00+00:00,12193.0,12193.0,12210.0,12183.0,12209.0,1430
2026-04-27 04:04:00+00:00,12164.0,12164.0,12203.0,12160.0,12193.0,1408
2026-04-27 04:05:00+00:00,12180.0,12180.0,12185.0,12160.0,12164.0,575
2026-04-27 04:06:00+00:00,12195.0,12195.0,12195.0,12176.0,12176.0,287
2026-04-27 04:07:00+00:00,12185.0,12185.0,12197.0,12182.0,12182.0,1153
2026-04-27 04:08:00+00:00,12195.0,12195.0,12198.0,12175.0,12185.0,536
2026-04-27 04:09:00+00:00,12194.0,12194.0,12211.0,12194.0,12197.0,531
2026-04-27 04:10:00+00:00,12202.0,12202.0,12202.0,12192.0,12192.0,466
2026-04-27 04:11:00+00:00,12189.0,12189.0,12203.0,12185.0,12198.0,474
2026-04-27 04:12:00+00:00,12192.0,12192.0,12192.0,12181.0,12190.0,549
2026-04-27 04:13:00+00:00,12204.0,12204.0,12204.0,12188.0,12199.0,457
2026-04-27 04:14:00+00:00,12213.0,12213.0,12213.0,12199.0,12199.0,600
2026-04-27 04:15:00+00:00,12219.0,12219.0,12219.0,12210.0,12210.0,878
2026-04-27 04:16:00+00:00,12229.0,12229.0,12233.0,12222.0,12222.0,890
2026-04-27 04:17:00+00:00,12222.0,12222.0,12225.0,12220.0,12222.0,573
2026-04-27 04:18:00+00:00,12224.0,12224.0,12232.0,12224.0,12225.0,469
2026-04-27 04:19:00+00:00,12221.0,12221.0,12225.0,12221.0,12223.0,834
2026-04-27 04:20:00+00:00,12228.0,12228.0,12228.0,12223.0,12225.0,439
2026-04-27 04:21:00+00:00,12230.0,12230.0,12234.0,12225.0,12232.0,686
2026-04-27 04:22:00+00:00,12225.0,12225.0,12231.0,12220.0,12231.0,691
2026-04-27 04:23:00+00:00,12210.0,12210.0,12223.0,12196.0,12223.0,1280
2026-04-27 04:24:00+00:00,12208.0,12208.0,12214.0,12202.0,12210.0,159
2026-04-27 04:25:00+00:00,12210.0,12210.0,12213.0,12208.0,12208.0,351
2026-04-27 04:26:00+00:00,12203.0,12203.0,12215.0,12200.0,12200.0,1506
2026-04-27 04:27:00+00:00,12175.0,12175.0,12204.0,12175.0,12200.0,791
2026-04-27 04:28:00+00:00,12182.0,12182.0,12186.0,12171.0,12172.0,479
2026-04-27 04:29:00+00:00,12163.0,12163.0,12186.0,12163.0,12186.0,825
2026-04-27 04:30:00+00:00,12138.0,12138.0,12158.0,12138.0,12155.0,934
2026-04-27 04:31:00+00:00,12152.0,12152.0,12163.0,12131.0,12135.0,969
2026-04-27 04:32:00+00:00,12142.0,12142.0,12152.0,12136.0,12152.0,220
2026-04-27 04:33:00+00:00,12140.0,12140.0,12143.0,12140.0,12141.0,222
2026-04-27 04:34:00+00:00,12140.0,12140.0,12145.0,12137.0,12140.0,496
2026-04-27 04:35:00+00:00,12133.0,12133.0,12141.0,12130.0,12138.0,595
2026-04-27 04:36:00+00:00,12114.0,12114.0,12132.0,12114.0,12132.0,511
2026-04-27 04:37:00+00:00,12115.0,12115.0,12121.0,12112.0,12115.0,529
2026-04-27 04:38:00+00:00,12129.0,12129.0,12129.0,12118.0,12118.0,107
2026-04-27 04:39:00+00:00,12129.0,12129.0,12132.0,12125.0,12125.0,229
2026-04-27 04:40:00+00:00,12132.0,12132.0,12135.0,12127.0,12127.0,416
2026-04-27 04:41:00+00:00,12140.0,12140.0,12140.0,12131.0,12140.0,292
2026-04-27 04:42:00+00:00,12138.0,12138.0,12144.0,12138.0,12144.0,467
2026-04-27 04:43:00+00:00,12124.0,12124.0,12135.0,12124.0,12135.0,5086
2026-04-27 04:44:00+00:00,12096.0,12096.0,12120.0,12091.0,12120.0,880
2026-04-27 04:45:00+00:00,12126.0,12126.0,12126.0,12106.0,12106.0,1063
2026-04-27 04:46:00+00:00,12123.0,12123.0,12125.0,12119.0,12125.0,351
2026-04-27 04:47:00+00:00,12116.0,12116.0,12123.0,12114.0,12123.0,881
2026-04-27 04:48:00+00:00,12102.0,12102.0,12112.0,12098.0,12104.0,571
2026-04-27 04:49:00+00:00,12117.0,12117.0,12121.0,12099.0,12105.0,580
2026-04-27 04:50:00+00:00,12107.0,12107.0,12117.0,12102.0,12117.0,323
2026-04-27 04:51:00+00:00,12100.0,12100.0,12108.0,12100.0,12106.0,891
2026-04-27 04:52:00+00:00,12104.0,12104.0,12105.0,12100.0,12100.0,374
2026-04-27 04:53:00+00:00,12115.0,12115.0,12115.0,12100.0,12104.0,1251
2026-04-27 04:54:00+00:00,12133.0,12133.0,12135.0,12110.0,12110.0,1038
2026-04-27 04:55:00+00:00,12113.0,12113.0,12134.0,12113.0,12132.0,1630
2026-04-27 04:56:00+00:00,12117.0,12117.0,12119.0,12108.0,12118.0,297
2026-04-27 04:57:00+00:00,12117.0,12117.0,12124.0,12112.0,12114.0,190
2026-04-27 04:58:00+00:00,12128.0,12128.0,12130.0,12112.0,12118.0,207
2026-04-27 04:59:00+00:00,12127.0,12127.0,12129.0,12123.0,12128.0,128
2026-04-27 05:00:00+00:00,12121.0,12121.0,12129.0,12121.0,12128.0,284
2026-04-27 05:01:00+00:00,12128.0,12128.0,12135.0,12119.0,12119.0,373
2026-04-27 05:02:00+00:00,12125.0,12125.0,12131.0,12125.0,12130.0,147
2026-04-27 05:03:00+00:00,12133.0,12133.0,12133.0,12122.0,12125.0,676
2026-04-27 05:04:00+00:00,12135.0,12135.0,12136.0,12132.0,12135.0,101
2026-04-27 05:05:00+00:00,12129.0,12129.0,12139.0,12129.0,12139.0,150
2026-04-27 05:06:00+00:00,12125.0,12125.0,12126.0,12120.0,12126.0,235
2026-04-27 05:07:00+00:00,12120.0,12120.0,12128.0,12120.0,12128.0,543
2026-04-27 05:08:00+00:00,12130.0,12130.0,12130.0,12122.0,12122.0,260
2026-04-27 05:09:00+00:00,12138.0,12138.0,12138.0,12130.0,12130.0,238
2026-04-27 05:10:00+00:00,12141.0,12141.0,12143.0,12133.0,12133.0,295
2026-04-27 05:11:00+00:00,12145.0,12145.0,12147.0,12141.0,12142.0,432
2026-04-27 05:12:00+00:00,12146.0,12146.0,12149.0,12141.0,12145.0,249
2026-04-27 05:13:00+00:00,12140.0,12140.0,12147.0,12140.0,12145.0,269
2026-04-27 05:14:00+00:00,12130.0,12130.0,12140.0,12129.0,12140.0,254
2026-04-27 05:15:00+00:00,12125.0,12125.0,12134.0,12123.0,12134.0,227
2026-04-27 05:16:00+00:00,12129.0,12129.0,12129.0,12122.0,12126.0,2763
2026-04-27 05:17:00+00:00,12132.0,12132.0,12136.0,12130.0,12130.0,51
2026-04-27 05:18:00+00:00,12138.0,12138.0,12142.0,12135.0,12135.0,169
2026-04-27 05:19:00+00:00,12145.0,12145.0,12145.0,12134.0,12135.0,134
2026-04-27 05:20:00+00:00,12139.0,12139.0,12146.0,12136.0,12141.0,392
2026-04-27 05:21:00+00:00,12138.0,12138.0,12139.0,12130.0,12136.0,494
2026-04-27 05:22:00+00:00,12136.0,12136.0,12140.0,12134.0,12137.0,91
2026-04-27 05:23:00+00:00,12145.0,12145.0,12145.0,12136.0,12139.0,136
2026-04-27 05:24:00+00:00,12155.0,12155.0,12155.0,12147.0,12147.0,448
2026-04-27 05:25:00+00:00,12160.0,12160.0,12160.0,12153.0,12155.0,263
2026-04-27 05:26:00+00:00,12165.0,12165.0,12165.0,12156.0,12156.0,245
2026-04-27 05:27:00+00:00,12165.0,12165.0,12169.0,12162.0,12169.0,258
2026-04-27 05:28:00+00:00,12158.0,12158.0,12168.0,12155.0,12163.0,275
2026-04-27 05:29:00+00:00,12155.0,12155.0,12158.0,12150.0,12158.0,115
2026-04-27 05:30:00+00:00,12144.0,12144.0,12155.0,12144.0,12154.0,636
2026-04-27 05:31:00+00:00,12132.0,12132.0,12143.0,12129.0,12143.0,558
2026-04-27 05:32:00+00:00,12125.0,12125.0,12131.0,12120.0,12131.0,463
2026-04-27 05:33:00+00:00,12130.0,12130.0,12130.0,12123.0,12125.0,266
2026-04-27 05:34:00+00:00,12136.0,12136.0,12141.0,12128.0,12130.0,415
2026-04-27 05:35:00+00:00,12138.0,12138.0,12141.0,12134.0,12134.0,54
2026-04-27 05:36:00+00:00,12132.0,12132.0,12134.0,12130.0,12134.0,816
2026-04-27 05:37:00+00:00,12129.0,12129.0,12130.0,12121.0,12130.0,363
2026-04-27 05:38:00+00:00,12111.0,12111.0,12128.0,12111.0,12128.0,2742
2026-04-27 05:39:00+00:00,12110.0,12110.0,12113.0,12110.0,12111.0,631
2026-04-27 05:40:00+00:00,12117.0,12117.0,12117.0,12110.0,12110.0,416
2026-04-27 05:41:00+00:00,12122.0,12122.0,12126.0,12118.0,12122.0,378
2026-04-27 05:42:00+00:00,12130.0,12130.0,12130.0,12114.0,12117.0,327
2026-04-27 05:43:00+00:00,12133.0,12133.0,12138.0,12126.0,12130.0,161
2026-04-27 05:44:00+00:00,12136.0,12136.0,12138.0,12126.0,12132.0,108
2026-04-27 05:45:00+00:00,12144.0,12144.0,12144.0,12129.0,12132.0,88
2026-04-27 05:46:00+00:00,12144.0,12144.0,12146.0,12141.0,12144.0,183
2026-04-27 05:47:00+00:00,12142.0,12142.0,12154.0,12142.0,12149.0,505
2026-04-27 05:48:00+00:00,12151.0,12151.0,12151.0,12139.0,12143.0,81
2026-04-27 05:49:00+00:00,12151.0,12151.0,12154.0,12148.0,12148.0,135
2026-04-27 05:50:00+00:00,12146.0,12146.0,12151.0,12143.0,12151.0,155
2026-04-27 05:51:00+00:00,12148.0,12148.0,12152.0,12143.0,12147.0,478
2026-04-27 05:52:00+00:00,12138.0,12138.0,12147.0,12138.0,12147.0,273
2026-04-27 05:53:00+00:00,12139.0,12139.0,12139.0,12132.0,12138.0,142
2026-04-27 05:54:00+00:00,12136.0,12136.0,12140.0,12132.0,12140.0,142
2026-04-27 05:55:00+00:00,12134.0,12134.0,12136.0,12131.0,12136.0,157
2026-04-27 05:56:00+00:00,12125.0,12125.0,12134.0,12125.0,12134.0,337
2026-04-27 05:57:00+00:00,12133.0,12133.0,12133.0,12121.0,12121.0,208
2026-04-27 05:58:00+00:00,12141.0,12141.0,12145.0,12131.0,12131.0,173
2026-04-27 05:59:00+00:00,12130.0,12130.0,12145.0,12128.0,12141.0,302
2026-04-27 06:00:00+00:00,12123.0,12123.0,12132.0,12122.0,12130.0,140
2026-04-27 06:01:00+00:00,12131.0,12131.0,12131.0,12120.0,12124.0,172
2026-04-27 06:02:00+00:00,12125.0,12125.0,12130.0,12124.0,12130.0,70
2026-04-27 06:03:00+00:00,12110.0,12110.0,12125.0,12110.0,12125.0,306
2026-04-27 06:04:00+00:00,12113.0,12113.0,12116.0,12110.0,12114.0,274
2026-04-27 06:05:00+00:00,12111.0,12111.0,12115.0,12107.0,12114.0,267
2026-04-27 06:06:00+00:00,12105.0,12105.0,12111.0,12103.0,12111.0,276
2026-04-27 06:07:00+00:00,12102.0,12102.0,12105.0,12100.0,12105.0,286
2026-04-27 06:08:00+00:00,12099.0,12099.0,12100.0,12093.0,12095.0,544
2026-04-27 06:09:00+00:00,12099.0,12099.0,12100.0,12091.0,12099.0,956
2026-04-27 06:10:00+00:00,12098.0,12098.0,12099.0,12090.0,12090.0,454
2026-04-27 06:11:00+00:00,12093.0,12093.0,12101.0,12089.0,12098.0,290
2026-04-27 06:12:00+00:00,12088.0,12088.0,12093.0,12088.0,12090.0,340
2026-04-27 06:13:00+00:00,12096.0,12096.0,12097.0,12087.0,12088.0,294
2026-04-27 06:14:00+00:00,12098.0,12098.0,12099.0,12095.0,12095.0,85
2026-04-27 06:15:00+00:00,12097.0,12097.0,12100.0,12095.0,12098.0,138
2026-04-27 06:16:00+00:00,12075.0,12075.0,12100.0,12066.0,12100.0,1312
2026-04-27 06:17:00+00:00,12080.0,12080.0,12080.0,12073.0,12075.0,306
2026-04-27 06:18:00+00:00,12080.0,12080.0,12082.0,12075.0,12075.0,143
2026-04-27 06:19:00+00:00,12097.0,12097.0,12097.0,12077.0,12077.0,642
2026-04-27 06:20:00+00:00,12080.0,12080.0,12097.0,12079.0,12097.0,462
2026-04-27 06:21:00+00:00,12081.0,12081.0,12085.0,12080.0,12085.0,112
2026-04-27 06:22:00+00:00,12080.0,12080.0,12084.0,12076.0,12080.0,155
2026-04-27 06:23:00+00:00,12087.0,12087.0,12089.0,12080.0,12086.0,128
2026-04-27 06:24:00+00:00,12086.0,12086.0,12087.0,12080.0,12087.0,112
2026-04-27 06:25:00+00:00,12100.0,12100.0,12100.0,12082.0,12083.0,310
2026-04-27 06:26:00+00:00,12090.0,12090.0,12113.0,12090.0,12100.0,449
2026-04-27 06:27:00+00:00,12111.0,12111.0,12112.0,12090.0,12094.0,109
2026-04-27 06:28:00+00:00,12109.0,12109.0,12111.0,12103.0,12107.0,100
2026-04-27 06:29:00+00:00,12103.0,12103.0,12109.0,12098.0,12109.0,294
2026-04-27 06:30:00+00:00,12099.0,12099.0,12107.0,12095.0,12107.0,174
2026-04-27 06:31:00+00:00,12093.0,12093.0,12102.0,12093.0,12096.0,177
2026-04-27 06:32:00+00:00,12097.0,12097.0,12103.0,12093.0,12099.0,74
2026-04-27 06:33:00+00:00,12101.0,12101.0,12101.0,12097.0,12101.0,70
2026-04-27 06:34:00+00:00,12101.0,12101.0,12101.0,12097.0,12101.0,101
2026-04-27 06:35:00+00:00,12094.0,12094.0,12101.0,12090.0,12101.0,593
2026-04-27 06:36:00+00:00,12102.0,12102.0,12103.0,12088.0,12089.0,348
2026-04-27 06:37:00+00:00,12103.0,12103.0,12107.0,12096.0,12097.0,112
2026-04-27 06:38:00+00:00,12094.0,12094.0,12111.0,12094.0,12111.0,521
2026-04-27 06:39:00+00:00,12083.0,12083.0,12098.0,12080.0,12098.0,366
2026-04-27 06:40:00+00:00,12095.0,12095.0,12097.0,12081.0,12083.0,160
2026-04-27 06:41:00+00:00,12097.0,12097.0,12099.0,12091.0,12091.0,70
2026-04-27 06:42:00+00:00,12111.0,12111.0,12112.0,12098.0,12100.0,292
2026-04-27 06:43:00+00:00,12114.0,12114.0,12115.0,12103.0,12110.0,98
2026-04-27 06:44:00+00:00,12107.0,12107.0,12115.0,12105.0,12111.0,233
2026-04-27 06:45:00+00:00,12126.0,12126.0,12128.0,12101.0,12104.0,348
2026-04-27 06:46:00+00:00,12144.0,12144.0,12144.0,12127.0,12128.0,345
2026-04-27 06:47:00+00:00,12148.0,12148.0,12150.0,12135.0,12143.0,897
2026-04-27 06:48:00+00:00,12144.0,12144.0,12151.0,12144.0,12145.0,412
2026-04-27 06:49:00+00:00,12171.0,12171.0,12174.0,12148.0,12148.0,932
2026-04-27 06:50:00+00:00,12161.0,12161.0,12170.0,12155.0,12165.0,200
2026-04-27 06:51:00+00:00,12144.0,12144.0,12162.0,12138.0,12157.0,374
2026-04-27 06:52:00+00:00,12140.0,12140.0,12142.0,12135.0,12140.0,261
2026-04-27 06:53:00+00:00,12154.0,12154.0,12160.0,12139.0,12140.0,362
2026-04-27 06:54:00+00:00,12150.0,12150.0,12157.0,12144.0,12154.0,153
2026-04-27 06:55:00+00:00,12151.0,12151.0,12152.0,12146.0,12150.0,71
2026-04-27 06:56:00+00:00,12160.0,12160.0,12160.0,12151.0,12152.0,139
2026-04-27 06:57:00+00:00,12156.0,12156.0,12160.0,12156.0,12160.0,143
2026-04-27 06:58:00+00:00,12168.0,12168.0,12168.0,12155.0,12159.0,352
2026-04-27 06:59:00+00:00,12163.0,12163.0,12168.0,12158.0,12165.0,713
2026-04-27 07:00:00+00:00,12160.0,12160.0,12162.0,12156.0,12162.0,159
2026-04-27 07:01:00+00:00,12159.0,12159.0,12162.0,12152.0,12161.0,587
2026-04-27 07:02:00+00:00,12139.0,12139.0,12156.0,12138.0,12154.0,403
2026-04-27 07:03:00+00:00,12157.0,12157.0,12160.0,12142.0,12142.0,181
2026-04-27 07:04:00+00:00,12157.0,12157.0,12161.0,12154.0,12154.0,223
2026-04-27 07:05:00+00:00,12169.0,12169.0,12169.0,12151.0,12151.0,1408
2026-04-27 07:06:00+00:00,12172.0,12172.0,12184.0,12164.0,12164.0,1369
2026-04-27 07:07:00+00:00,12178.0,12178.0,12178.0,12166.0,12172.0,269
2026-04-27 07:08:00+00:00,12182.0,12182.0,12182.0,12176.0,12178.0,96
2026-04-27 07:09:00+00:00,12183.0,12183.0,12183.0,12172.0,12178.0,519
2026-04-27 07:10:00+00:00,12183.0,12183.0,12190.0,12172.0,12181.0,645
2026-04-27 07:11:00+00:00,12181.0,12181.0,12184.0,12176.0,12184.0,178
2026-04-27 07:12:00+00:00,12198.0,12198.0,12198.0,12179.0,12181.0,487
2026-04-27 07:13:00+00:00,12192.0,12192.0,12199.0,12192.0,12198.0,266
2026-04-27 07:14:00+00:00,12196.0,12196.0,12197.0,12188.0,12192.0,186
2026-04-27 07:15:00+00:00,12197.0,12197.0,12197.0,12190.0,12196.0,226
2026-04-27 07:16:00+00:00,12196.0,12196.0,12198.0,12191.0,12197.0,515
2026-04-27 07:17:00+00:00,12180.0,12180.0,12197.0,12176.0,12197.0,382
2026-04-27 07:18:00+00:00,12168.0,12168.0,12179.0,12157.0,12176.0,459
2026-04-27 07:19:00+00:00,12167.0,12167.0,12169.0,12159.0,12169.0,141
2026-04-27 07:20:00+00:00,12151.0,12151.0,12168.0,12151.0,12168.0,900
2026-04-27 07:21:00+00:00,12155.0,12155.0,12157.0,12152.0,12152.0,401
2026-04-27 07:22:00+00:00,12149.0,12149.0,12155.0,12148.0,12153.0,613
2026-04-27 07:23:00+00:00,12155.0,12155.0,12155.0,12148.0,12149.0,854
2026-04-27 07:24:00+00:00,12145.0,12145.0,12155.0,12142.0,12154.0,313
2026-04-27 07:25:00+00:00,12144.0,12144.0,12148.0,12141.0,12145.0,180
2026-04-27 07:26:00+00:00,12137.0,12137.0,12145.0,12135.0,12140.0,191
2026-04-27 07:27:00+00:00,12135.0,12135.0,12141.0,12125.0,12140.0,1518
2026-04-27 07:28:00+00:00,12137.0,12137.0,12140.0,12135.0,12138.0,215
2026-04-27 07:29:00+00:00,12139.0,12139.0,12140.0,12136.0,12140.0,96
2026-04-27 07:30:00+00:00,12150.0,12150.0,12150.0,12140.0,12141.0,1302
2026-04-27 07:31:00+00:00,12144.0,12144.0,12160.0,12140.0,12145.0,870
2026-04-27 07:32:00+00:00,12139.0,12139.0,12144.0,12137.0,12142.0,252
2026-04-27 07:33:00+00:00,12151.0,12151.0,12155.0,12138.0,12139.0,878
2026-04-27 07:34:00+00:00,12150.0,12150.0,12160.0,12149.0,12154.0,1622
2026-04-27 07:35:00+00:00,12148.0,12148.0,12150.0,12141.0,12150.0,231
2026-04-27 07:36:00+00:00,12170.0,12170.0,12170.0,12148.0,12148.0,2507
2026-04-27 07:37:00+00:00,12182.0,12182.0,12183.0,12166.0,12166.0,330
2026-04-27 07:38:00+00:00,12177.0,12177.0,12190.0,12176.0,12182.0,2268
2026-04-27 07:39:00+00:00,12185.0,12185.0,12188.0,12179.0,12180.0,300
2026-04-27 07:40:00+00:00,12191.0,12191.0,12193.0,12185.0,12186.0,254
2026-04-27 07:41:00+00:00,12163.0,12163.0,12191.0,12162.0,12191.0,327
2026-04-27 07:42:00+00:00,12161.0,12161.0,12170.0,12161.0,12165.0,196
2026-04-27 07:43:00+00:00,12192.0,12192.0,12192.0,12165.0,12165.0,150
2026-04-27 07:44:00+00:00,12198.0,12198.0,12198.0,12190.0,12196.0,189
2026-04-27 07:45:00+00:00,12191.0,12191.0,12198.0,12189.0,12197.0,452
2026-04-27 07:46:00+00:00,12190.0,12190.0,12197.0,12187.0,12191.0,579
2026-04-27 07:47:00+00:00,12199.0,12199.0,12199.0,12184.0,12184.0,271
2026-04-27 07:48:00+00:00,12191.0,12191.0,12195.0,12183.0,12195.0,333
2026-04-27 07:49:00+00:00,12185.0,12185.0,12191.0,12181.0,12191.0,99
2026-04-27 07:50:00+00:00,12186.0,12186.0,12191.0,12180.0,12187.0,308
2026-04-27 07:51:00+00:00,12179.0,12179.0,12186.0,12179.0,12186.0,90
2026-04-27 07:52:00+00:00,12186.0,12186.0,12186.0,12179.0,12184.0,112
2026-04-27 07:53:00+00:00,12190.0,12190.0,12190.0,12185.0,12186.0,98
2026-04-27 07:54:00+00:00,12188.0,12188.0,12191.0,12185.0,12190.0,302
2026-04-27 07:55:00+00:00,12186.0,12186.0,12188.0,12183.0,12188.0,84
2026-04-27 07:56:00+00:00,12185.0,12185.0,12186.0,12181.0,12186.0,115
2026-04-27 07:57:00+00:00,12198.0,12198.0,12199.0,12185.0,12185.0,1145
2026-04-27 07:58:00+00:00,12197.0,12197.0,12199.0,12195.0,12198.0,213
2026-04-27 07:59:00+00:00,12204.0,12204.0,12216.0,12195.0,12197.0,1235
2026-04-27 08:00:00+00:00,12208.0,12208.0,12209.0,12195.0,12200.0,481
2026-04-27 08:01:00+00:00,12197.0,12197.0,12211.0,12197.0,12210.0,203
2026-04-27 08:02:00+00:00,12200.0,12200.0,12203.0,12193.0,12200.0,123
2026-04-27 08:03:00+00:00,12204.0,12204.0,12205.0,12195.0,12200.0,151
2026-04-27 08:04:00+00:00,12200.0,12200.0,12211.0,12197.0,12205.0,311
2026-04-27 08:05:00+00:00,12207.0,12207.0,12210.0,12204.0,12206.0,155
2026-04-27 08:06:00+00:00,12206.0,12206.0,12212.0,12206.0,12210.0,277
2026-04-27 08:07:00+00:00,12212.0,12212.0,12212.0,12206.0,12212.0,266
2026-04-27 08:08:00+00:00,12217.0,12217.0,12218.0,12209.0,12209.0,281
2026-04-27 08:09:00+00:00,12217.0,12217.0,12218.0,12212.0,12218.0,289
2026-04-27 08:10:00+00:00,12214.0,12214.0,12220.0,12213.0,12217.0,347
2026-04-27 08:11:00+00:00,12220.0,12220.0,12220.0,12213.0,12218.0,327
2026-04-27 08:12:00+00:00,12219.0,12219.0,12222.0,12217.0,12220.0,317
2026-04-27 08:13:00+00:00,12214.0,12214.0,12220.0,12210.0,12219.0,216
2026-04-27 08:14:00+00:00,12204.0,12204.0,12215.0,12204.0,12213.0,1540
2026-04-27 08:15:00+00:00,12205.0,12205.0,12207.0,12195.0,12202.0,289
2026-04-27 08:16:00+00:00,12199.0,12199.0,12205.0,12199.0,12205.0,188
2026-04-27 08:17:00+00:00,12207.0,12207.0,12207.0,12202.0,12204.0,170
2026-04-27 08:18:00+00:00,12185.0,12185.0,12207.0,12185.0,12207.0,497
2026-04-27 08:19:00+00:00,12180.0,12180.0,12181.0,12176.0,12176.0,572
2026-04-27 08:20:00+00:00,12179.0,12179.0,12180.0,12172.0,12180.0,164
2026-04-27 08:21:00+00:00,12181.0,12181.0,12183.0,12179.0,12179.0,145
2026-04-27 08:22:00+00:00,12179.0,12179.0,12179.0,12173.0,12177.0,678
2026-04-27 08:23:00+00:00,12148.0,12148.0,12178.0,12135.0,12177.0,2899
2026-04-27 08:24:00+00:00,12130.0,12130.0,12155.0,12129.0,12149.0,4574
2026-04-27 08:25:00+00:00,12125.0,12125.0,12130.0,12123.0,12130.0,4873
2026-04-27 08:26:00+00:00,12130.0,12130.0,12131.0,12117.0,12129.0,1867
2026-04-27 08:27:00+00:00,12155.0,12155.0,12155.0,12123.0,12130.0,1261
2026-04-27 08:28:00+00:00,12150.0,12150.0,12159.0,12144.0,12153.0,478
2026-04-27 08:29:00+00:00,12142.0,12142.0,12154.0,12135.0,12154.0,374
2026-04-27 08:30:00+00:00,12130.0,12130.0,12145.0,12130.0,12142.0,1385
2026-04-27 08:31:00+00:00,12130.0,12130.0,12137.0,12128.0,12128.0,2415
2026-04-27 08:32:00+00:00,12136.0,12136.0,12138.0,12129.0,12135.0,837
2026-04-27 08:33:00+00:00,12130.0,12130.0,12139.0,12130.0,12139.0,448
2026-04-27 08:34:00+00:00,12128.0,12128.0,12135.0,12128.0,12134.0,371
2026-04-27 08:35:00+00:00,12128.0,12128.0,12144.0,12128.0,12133.0,3761
2026-04-27 08:36:00+00:00,12132.0,12132.0,12144.0,12129.0,12138.0,4441
2026-04-27 08:37:00+00:00,12131.0,12131.0,12136.0,12124.0,12131.0,1440
2026-04-27 08:38:00+00:00,12129.0,12129.0,12134.0,12125.0,12131.0,318
2026-04-27 08:39:00+00:00,12134.0,12134.0,12139.0,12120.0,12121.0,2687
2026-04-27 08:40:00+00:00,12141.0,12141.0,12143.0,12129.0,12129.0,171
2026-04-27 08:41:00+00:00,12137.0,12137.0,12144.0,12132.0,12144.0,496
2026-04-27 08:42:00+00:00,12155.0,12155.0,12157.0,12137.0,12137.0,462
2026-04-27 08:43:00+00:00,12145.0,12145.0,12157.0,12145.0,12155.0,715
2026-04-27 08:44:00+00:00,12146.0,12146.0,12152.0,12141.0,12150.0,216
2026-04-27 08:45:00+00:00,12150.0,12150.0,12152.0,12144.0,12147.0,239
2026-04-27 08:46:00+00:00,12147.0,12147.0,12150.0,12145.0,12150.0,227
2026-04-27 08:47:00+00:00,12148.0,12148.0,12148.0,12136.0,12143.0,356
2026-04-27 08:48:00+00:00,12149.0,12149.0,12150.0,12141.0,12149.0,123
2026-04-27 08:49:00+00:00,12150.0,12150.0,12152.0,12150.0,12150.0,125
2026-04-27 08:50:00+00:00,12153.0,12153.0,12154.0,12146.0,12150.0,505
2026-04-27 08:51:00+00:00,12154.0,12154.0,12155.0,12153.0,12153.0,154
2026-04-27 08:52:00+00:00,12155.0,12155.0,12155.0,12152.0,12152.0,213
2026-04-27 08:53:00+00:00,12159.0,12159.0,12160.0,12156.0,12157.0,339
2026-04-27 08:54:00+00:00,12157.0,12157.0,12161.0,12154.0,12159.0,428
2026-04-27 08:55:00+00:00,12156.0,12156.0,12157.0,12150.0,12152.0,312
2026-04-27 08:56:00+00:00,12125.0,12125.0,12189.0,12125.0,12153.0,9062
2026-04-27 08:57:00+00:00,12178.0,12178.0,12182.0,12115.0,12115.0,7092
2026-04-27 08:58:00+00:00,12178.0,12178.0,12185.0,12136.0,12181.0,12004
2026-04-27 08:59:00+00:00,12201.0,12201.0,12201.0,12162.0,12176.0,11494
2026-04-27 09:00:00+00:00,12185.0,12185.0,12211.0,12176.0,12201.0,11032
2026-04-27 09:01:00+00:00,12112.0,12112.0,12199.0,12112.0,12190.0,13248
2026-04-27 09:02:00+00:00,12118.0,12118.0,12150.0,12076.0,12103.0,14440
2026-04-27 09:03:00+00:00,12110.0,12110.0,12145.0,12093.0,12129.0,9022
2026-04-27 09:04:00+00:00,12076.0,12076.0,12114.0,12043.0,12114.0,9767
2026-04-27 09:05:00+00:00,12137.0,12137.0,12150.0,12063.0,12075.0,12798
2026-04-27 09:06:00+00:00,12126.0,12126.0,12146.0,12117.0,12144.0,7015
2026-04-27 09:07:00+00:00,12128.0,12128.0,12135.0,12115.0,12127.0,4317
2026-04-27 09:08:00+00:00,12123.0,12123.0,12134.0,12109.0,12134.0,3224
2026-04-27 09:09:00+00:00,12061.0,12061.0,12122.0,12061.0,12110.0,5820
2026-04-27 09:10:00+00:00,12053.0,12053.0,12074.0,11995.0,12063.0,11822
2026-04-27 09:11:00+00:00,12073.0,12073.0,12073.0,12036.0,12048.0,4904
2026-04-27 09:12:00+00:00,12092.0,12092.0,12100.0,12068.0,12073.0,6773
2026-04-27 09:13:00+00:00,12069.0,12069.0,12099.0,12069.0,12092.0,7227
2026-04-27 09:14:00+00:00,12054.0,12054.0,12082.0,12045.0,12082.0,4445
2026-04-27 09:15:00+00:00,12015.0,12015.0,12060.0,12010.0,12054.0,5130
2026-04-27 09:16:00+00:00,12013.0,12013.0,12030.0,12000.0,12017.0,6160
2026-04-27 09:17:00+00:00,11940.0,11940.0,12023.0,11939.0,12019.0,19547
2026-04-27 09:18:00+00:00,11964.0,11964.0,11964.0,11908.0,11941.0,9454
2026-04-27 09:19:00+00:00,11941.0,11941.0,11975.0,11915.0,11963.0,4539
2026-04-27 09:20:00+00:00,11925.0,11925.0,11947.0,11903.0,11939.0,4702
2026-04-27 09:21:00+00:00,11902.0,11902.0,11937.0,11875.0,11937.0,7521
2026-04-27 09:22:00+00:00,11935.0,11935.0,11935.0,11881.0,11897.0,9657
2026-04-27 09:23:00+00:00,11952.0,11952.0,11986.0,11931.0,11944.0,20353
2026-04-27 09:24:00+00:00,11985.0,11985.0,11998.0,11941.0,11941.0,4883
2026-04-27 09:25:00+00:00,11968.0,11968.0,11991.0,11968.0,11991.0,3036
2026-04-27 09:26:00+00:00,11938.0,11938.0,11962.0,11930.0,11962.0,4820
2026-04-27 09:27:00+00:00,11958.0,11958.0,11980.0,11925.0,11939.0,2583
2026-04-27 09:28:00+00:00,12035.0,12035.0,12035.0,11959.0,11959.0,6699
2026-04-27 09:29:00+00:00,12047.0,12047.0,12047.0,12005.0,12026.0,5147
2026-04-27 09:30:00+00:00,12031.0,12031.0,12046.0,12011.0,12046.0,7932
2026-04-27 09:31:00+00:00,11993.0,11993.0,12033.0,11991.0,12029.0,3502
2026-04-27 09:32:00+00:00,12018.0,12018.0,12024.0,11988.0,11993.0,2644
2026-04-27 09:33:00+00:00,12014.0,12014.0,12020.0,11996.0,12018.0,1311
2026-04-27 09:34:00+00:00,12031.0,12031.0,12034.0,12006.0,12006.0,2455
2026-04-27 09:35:00+00:00,12040.0,12040.0,12040.0,12018.0,12031.0,3505
2026-04-27 09:36:00+00:00,12052.0,12052.0,12068.0,12037.0,12040.0,8445
2026-04-27 09:37:00+00:00,12034.0,12034.0,12066.0,12034.0,12053.0,3905
2026-04-27 09:38:00+00:00,12055.0,12055.0,12055.0,12034.0,12034.0,2850
2026-04-27 09:39:00+00:00,12027.0,12027.0,12054.0,12020.0,12050.0,5910
2026-04-27 09:40:00+00:00,12021.0,12021.0,12026.0,12000.0,12023.0,4409
2026-04-27 09:41:00+00:00,12007.0,12007.0,12036.0,12007.0,12026.0,2842
2026-04-27 09:42:00+00:00,12010.0,12010.0,12032.0,11995.0,12010.0,4739
2026-04-27 09:43:00+00:00,12012.0,12012.0,12022.0,12010.0,12010.0,2170
2026-04-27 09:44:00+00:00,12019.0,12019.0,12023.0,12012.0,12016.0,1668
2026-04-27 09:45:00+00:00,12015.0,12015.0,12024.0,12015.0,12020.0,3337
2026-04-27 09:46:00+00:00,12021.0,12021.0,12024.0,12015.0,12024.0,1401
2026-04-27 09:47:00+00:00,12002.0,12002.0,12025.0,12002.0,12025.0,2492
2026-04-27 09:48:00+00:00,11957.0,11957.0,11993.0,11952.0,11993.0,2986
2026-04-27 09:49:00+00:00,11969.0,11969.0,11969.0,11955.0,11957.0,1878
2026-04-27 09:50:00+00:00,11993.0,11993.0,11996.0,11962.0,11962.0,3470
2026-04-27 09:51:00+00:00,11979.0,11979.0,11993.0,11970.0,11993.0,2493
2026-04-27 09:52:00+00:00,11965.0,11965.0,11989.0,11962.0,11984.0,1748
2026-04-27 09:53:00+00:00,11964.0,11964.0,11970.0,11960.0,11970.0,1404
2026-04-27 09:54:00+00:00,11971.0,11971.0,11971.0,11954.0,11954.0,5107
2026-04-27 09:55:00+00:00,11958.0,11958.0,11972.0,11940.0,11971.0,3594
2026-04-27 09:56:00+00:00,11966.0,11966.0,11974.0,11952.0,11957.0,2072
2026-04-27 09:57:00+00:00,11974.0,11974.0,11974.0,11963.0,11969.0,1238
2026-04-27 09:58:00+00:00,12004.0,12004.0,12004.0,11967.0,11974.0,3144
2026-04-27 09:59:00+00:00,11975.0,11975.0,12026.0,11975.0,12014.0,2292
2026-04-28 03:45:00+00:00,11996.0,11996.0,12210.0,11975.0,12210.0,0
2026-04-28 03:46:00+00:00,12063.0,12063.0,12076.0,11988.0,11988.0,12764
2026-04-28 03:47:00+00:00,12030.0,12030.0,12071.0,12030.0,12071.0,6544
2026-04-28 03:48:00+00:00,11970.0,11970.0,12036.0,11937.0,12036.0,10637
2026-04-28 03:49:00+00:00,11974.0,11974.0,11998.0,11942.0,11971.0,12076
2026-04-28 03:50:00+00:00,11970.0,11970.0,12007.0,11970.0,11980.0,5292
2026-04-28 03:51:00+00:00,11970.0,11970.0,11977.0,11955.0,11977.0,4183
2026-04-28 03:52:00+00:00,11921.0,11921.0,11977.0,11918.0,11970.0,5083
2026-04-28 03:53:00+00:00,11929.0,11929.0,11940.0,11917.0,11917.0,4425
2026-04-28 03:54:00+00:00,11934.0,11934.0,11937.0,11881.0,11926.0,10667
2026-04-28 03:55:00+00:00,11910.0,11910.0,11939.0,11894.0,11930.0,6732
2026-04-28 03:56:00+00:00,11910.0,11910.0,11924.0,11901.0,11915.0,2317
2026-04-28 03:57:00+00:00,11920.0,11920.0,11925.0,11910.0,11919.0,1714
2026-04-28 03:58:00+00:00,11920.0,11920.0,11926.0,11912.0,11919.0,1600
2026-04-28 03:59:00+00:00,11925.0,11925.0,11938.0,11916.0,11920.0,1847
2026-04-28 04:00:00+00:00,11915.0,11915.0,11925.0,11902.0,11925.0,2775
2026-04-28 04:01:00+00:00,11902.0,11902.0,11921.0,11902.0,11918.0,1499
2026-04-28 04:02:00+00:00,11915.0,11915.0,11919.0,11890.0,11903.0,1613
2026-04-28 04:03:00+00:00,11938.0,11938.0,11939.0,11907.0,11915.0,1924
2026-04-28 04:04:00+00:00,11926.0,11926.0,11938.0,11919.0,11938.0,1326
2026-04-28 04:05:00+00:00,11915.0,11915.0,11921.0,11915.0,11921.0,1329
2026-04-28 04:06:00+00:00,11904.0,11904.0,11918.0,11904.0,11915.0,1446
2026-04-28 04:07:00+00:00,11906.0,11906.0,11916.0,11898.0,11903.0,1868
2026-04-28 04:08:00+00:00,11891.0,11891.0,11905.0,11891.0,11900.0,3956
2026-04-28 04:09:00+00:00,11897.0,11897.0,11897.0,11877.0,11892.0,4805
2026-04-28 04:10:00+00:00,11895.0,11895.0,11899.0,11889.0,11897.0,819
2026-04-28 04:11:00+00:00,11913.0,11913.0,11919.0,11895.0,11898.0,1613
2026-04-28 04:12:00+00:00,11901.0,11901.0,11911.0,11900.0,11901.0,1387
2026-04-28 04:13:00+00:00,11914.0,11914.0,11915.0,11896.0,11896.0,1268
2026-04-28 04:14:00+00:00,11909.0,11909.0,11915.0,11904.0,11915.0,1527
2026-04-28 04:15:00+00:00,11895.0,11895.0,11904.0,11890.0,11902.0,2277
2026-04-28 04:16:00+00:00,11903.0,11903.0,11905.0,11893.0,11893.0,1073
2026-04-28 04:17:00+00:00,11886.0,11886.0,11902.0,11881.0,11897.0,2968
2026-04-28 04:18:00+00:00,11865.0,11865.0,11878.0,11843.0,11878.0,4737
2026-04-28 04:19:00+00:00,11870.0,11870.0,11878.0,11858.0,11859.0,1785
2026-04-28 04:20:00+00:00,11872.0,11872.0,11878.0,11868.0,11870.0,1935
2026-04-28 04:21:00+00:00,11881.0,11881.0,11886.0,11871.0,11871.0,882
2026-04-28 04:22:00+00:00,11881.0,11881.0,11903.0,11881.0,11888.0,1646
2026-04-28 04:23:00+00:00,11885.0,11885.0,11887.0,11880.0,11881.0,452
2026-04-28 04:24:00+00:00,11864.0,11864.0,11886.0,11851.0,11886.0,2768
2026-04-28 04:25:00+00:00,11871.0,11871.0,11871.0,11860.0,11869.0,613
2026-04-28 04:26:00+00:00,11873.0,11873.0,11888.0,11867.0,11870.0,1336
2026-04-28 04:27:00+00:00,11886.0,11886.0,11890.0,11868.0,11878.0,831
2026-04-28 04:28:00+00:00,11905.0,11905.0,11913.0,11882.0,11889.0,2571
2026-04-28 04:29:00+00:00,11913.0,11913.0,11924.0,11906.0,11907.0,2503
2026-04-28 04:30:00+00:00,11913.0,11913.0,11914.0,11908.0,11914.0,811
2026-04-28 04:31:00+00:00,11913.0,11913.0,11922.0,11912.0,11912.0,867
2026-04-28 04:32:00+00:00,11904.0,11904.0,11916.0,11892.0,11916.0,835
2026-04-28 04:33:00+00:00,11902.0,11902.0,11905.0,11897.0,11904.0,314
2026-04-28 04:34:00+00:00,11910.0,11910.0,11910.0,11900.0,11902.0,324
2026-04-28 04:35:00+00:00,11901.0,11901.0,11906.0,11897.0,11906.0,1148
2026-04-28 04:36:00+00:00,11895.0,11895.0,11902.0,11895.0,11898.0,958
2026-04-28 04:37:00+00:00,11895.0,11895.0,11898.0,11892.0,11897.0,679
2026-04-28 04:38:00+00:00,11892.0,11892.0,11896.0,11892.0,11895.0,710
2026-04-28 04:39:00+00:00,11918.0,11918.0,11918.0,11894.0,11894.0,3525
2026-04-28 04:40:00+00:00,11931.0,11931.0,11941.0,11917.0,11918.0,4716
2026-04-28 04:41:00+00:00,11933.0,11933.0,11936.0,11924.0,11931.0,1670
2026-04-28 04:42:00+00:00,11929.0,11929.0,11936.0,11920.0,11933.0,509
2026-04-28 04:43:00+00:00,11924.0,11924.0,11931.0,11915.0,11930.0,731
2026-04-28 04:44:00+00:00,11906.0,11906.0,11930.0,11906.0,11927.0,1441
2026-04-28 04:45:00+00:00,11895.0,11895.0,11909.0,11890.0,11909.0,860
2026-04-28 04:46:00+00:00,11895.0,11895.0,11905.0,11895.0,11898.0,639
2026-04-28 04:47:00+00:00,11888.0,11888.0,11897.0,11885.0,11897.0,935
2026-04-28 04:48:00+00:00,11882.0,11882.0,11887.0,11872.0,11886.0,1009
2026-04-28 04:49:00+00:00,11875.0,11875.0,11884.0,11872.0,11883.0,1350
2026-04-28 04:50:00+00:00,11882.0,11882.0,11888.0,11875.0,11876.0,1479
2026-04-28 04:51:00+00:00,11875.0,11875.0,11890.0,11874.0,11882.0,3221
2026-04-28 04:52:00+00:00,11878.0,11878.0,11882.0,11874.0,11880.0,929
2026-04-28 04:53:00+00:00,11875.0,11875.0,11881.0,11873.0,11878.0,637
2026-04-28 04:54:00+00:00,11877.0,11877.0,11877.0,11870.0,11875.0,1229
2026-04-28 04:55:00+00:00,11877.0,11877.0,11879.0,11874.0,11874.0,395
2026-04-28 04:56:00+00:00,11875.0,11875.0,11879.0,11874.0,11879.0,354
2026-04-28 04:57:00+00:00,11881.0,11881.0,11881.0,11871.0,11874.0,361
2026-04-28 04:58:00+00:00,11867.0,11867.0,11881.0,11867.0,11881.0,3009
2026-04-28 04:59:00+00:00,11860.0,11860.0,11867.0,11857.0,11867.0,2341
2026-04-28 05:00:00+00:00,11860.0,11860.0,11865.0,11860.0,11863.0,1619
2026-04-28 05:01:00+00:00,11864.0,11864.0,11865.0,11858.0,11864.0,985
2026-04-28 05:02:00+00:00,11864.0,11864.0,11865.0,11862.0,11864.0,891
2026-04-28 05:03:00+00:00,11868.0,11868.0,11874.0,11860.0,11864.0,689
2026-04-28 05:04:00+00:00,11873.0,11873.0,11875.0,11871.0,11873.0,559
2026-04-28 05:05:00+00:00,11879.0,11879.0,11879.0,11869.0,11877.0,413
2026-04-28 05:06:00+00:00,11880.0,11880.0,11884.0,11877.0,11877.0,672
2026-04-28 05:07:00+00:00,11885.0,11885.0,11887.0,11882.0,11884.0,530
2026-04-28 05:08:00+00:00,11887.0,11887.0,11888.0,11880.0,11885.0,375
2026-04-28 05:09:00+00:00,11883.0,11883.0,11887.0,11882.0,11884.0,323
2026-04-28 05:10:00+00:00,11875.0,11875.0,11884.0,11870.0,11883.0,902
2026-04-28 05:11:00+00:00,11871.0,11871.0,11879.0,11868.0,11872.0,938
2026-04-28 05:12:00+00:00,11867.0,11867.0,11877.0,11864.0,11872.0,794
2026-04-28 05:13:00+00:00,11873.0,11873.0,11873.0,11863.0,11866.0,1155
2026-04-28 05:14:00+00:00,11874.0,11874.0,11876.0,11867.0,11871.0,187
2026-04-28 05:15:00+00:00,11878.0,11878.0,11879.0,11871.0,11876.0,493
2026-04-28 05:16:00+00:00,11859.0,11859.0,11883.0,11854.0,11883.0,1761
2026-04-28 05:17:00+00:00,11866.0,11866.0,11873.0,11859.0,11859.0,758
2026-04-28 05:18:00+00:00,11868.0,11868.0,11870.0,11866.0,11870.0,440
2026-04-28 05:19:00+00:00,11866.0,11866.0,11867.0,11858.0,11865.0,296
2026-04-28 05:20:00+00:00,11875.0,11875.0,11875.0,11863.0,11866.0,814
2026-04-28 05:21:00+00:00,11870.0,11870.0,11874.0,11868.0,11874.0,282
2026-04-28 05:22:00+00:00,11869.0,11869.0,11872.0,11868.0,11871.0,261
2026-04-28 05:23:00+00:00,11848.0,11848.0,11868.0,11847.0,11867.0,3967
2026-04-28 05:24:00+00:00,11860.0,11860.0,11861.0,11847.0,11850.0,1153
2026-04-28 05:25:00+00:00,11865.0,11865.0,11866.0,11855.0,11859.0,508
2026-04-28 05:26:00+00:00,11858.0,11858.0,11866.0,11858.0,11864.0,535
2026-04-28 05:27:00+00:00,11855.0,11855.0,11860.0,11850.0,11855.0,594
2026-04-28 05:28:00+00:00,11857.0,11857.0,11859.0,11854.0,11855.0,403
2026-04-28 05:29:00+00:00,11857.0,11857.0,11860.0,11851.0,11858.0,496
2026-04-28 05:30:00+00:00,11849.0,11849.0,11858.0,11849.0,11857.0,929
2026-04-28 05:31:00+00:00,11845.0,11845.0,11853.0,11845.0,11850.0,453
2026-04-28 05:32:00+00:00,11851.0,11851.0,11851.0,11845.0,11845.0,667
2026-04-28 05:33:00+00:00,11849.0,11849.0,11854.0,11847.0,11850.0,429
2026-04-28 05:34:00+00:00,11847.0,11847.0,11852.0,11845.0,11849.0,782
2026-04-28 05:35:00+00:00,11844.0,11844.0,11851.0,11844.0,11851.0,930
2026-04-28 05:36:00+00:00,11855.0,11855.0,11855.0,11849.0,11849.0,188
2026-04-28 05:37:00+00:00,11854.0,11854.0,11855.0,11850.0,11855.0,732
2026-04-28 05:38:00+00:00,11854.0,11854.0,11854.0,11846.0,11854.0,728
2026-04-28 05:39:00+00:00,11853.0,11853.0,11855.0,11847.0,11850.0,320
2026-04-28 05:40:00+00:00,11841.0,11841.0,11856.0,11835.0,11849.0,2131
2026-04-28 05:41:00+00:00,11840.0,11840.0,11843.0,11835.0,11841.0,534
2026-04-28 05:42:00+00:00,11850.0,11850.0,11850.0,11839.0,11840.0,796
2026-04-28 05:43:00+00:00,11854.0,11854.0,11854.0,11847.0,11847.0,786
2026-04-28 05:44:00+00:00,11848.0,11848.0,11854.0,11841.0,11854.0,442
2026-04-28 05:45:00+00:00,11837.0,11837.0,11843.0,11831.0,11839.0,1634
2026-04-28 05:46:00+00:00,11837.0,11837.0,11838.0,11830.0,11835.0,1616
2026-04-28 05:47:00+00:00,11830.0,11830.0,11838.0,11828.0,11833.0,621
2026-04-28 05:48:00+00:00,11830.0,11830.0,11834.0,11828.0,11830.0,1223
2026-04-28 05:49:00+00:00,11834.0,11834.0,11835.0,11830.0,11833.0,300
2026-04-28 05:50:00+00:00,11835.0,11835.0,11835.0,11829.0,11832.0,845
2026-04-28 05:51:00+00:00,11822.0,11822.0,11832.0,11822.0,11823.0,2020
2026-04-28 05:52:00+00:00,11813.0,11813.0,11827.0,11813.0,11823.0,1476
2026-04-28 05:53:00+00:00,11821.0,11821.0,11826.0,11811.0,11811.0,1349
2026-04-28 05:54:00+00:00,11818.0,11818.0,11826.0,11815.0,11821.0,450
2026-04-28 05:55:00+00:00,11815.0,11815.0,11818.0,11813.0,11816.0,788
2026-04-28 05:56:00+00:00,11815.0,11815.0,11816.0,11809.0,11816.0,1479
2026-04-28 05:57:00+00:00,11806.0,11806.0,11812.0,11806.0,11809.0,1193
2026-04-28 05:58:00+00:00,11805.0,11805.0,11806.0,11802.0,11804.0,919
2026-04-28 05:59:00+00:00,11806.0,11806.0,11812.0,11804.0,11812.0,311
2026-04-28 06:00:00+00:00,11811.0,11811.0,11812.0,11803.0,11803.0,280
2026-04-28 06:01:00+00:00,11812.0,11812.0,11812.0,11805.0,11810.0,401
2026-04-28 06:02:00+00:00,11812.0,11812.0,11813.0,11811.0,11812.0,477
2026-04-28 06:03:00+00:00,11810.0,11810.0,11812.0,11807.0,11812.0,455
2026-04-28 06:04:00+00:00,11810.0,11810.0,11810.0,11803.0,11807.0,582
2026-04-28 06:05:00+00:00,11810.0,11810.0,11810.0,11804.0,11810.0,557
2026-04-28 06:06:00+00:00,11813.0,11813.0,11813.0,11804.0,11807.0,348
2026-04-28 06:07:00+00:00,11815.0,11815.0,11815.0,11810.0,11813.0,214
2026-04-28 06:08:00+00:00,11818.0,11818.0,11818.0,11813.0,11815.0,374
2026-04-28 06:09:00+00:00,11826.0,11826.0,11826.0,11820.0,11820.0,376
2026-04-28 06:10:00+00:00,11829.0,11829.0,11833.0,11823.0,11824.0,502
2026-04-28 06:11:00+00:00,11825.0,11825.0,11844.0,11825.0,11825.0,3917
2026-04-28 06:12:00+00:00,11837.0,11837.0,11842.0,11824.0,11827.0,1275
2026-04-28 06:13:00+00:00,11850.0,11850.0,11850.0,11836.0,11839.0,862
2026-04-28 06:14:00+00:00,11854.0,11854.0,11858.0,11847.0,11848.0,797
2026-04-28 06:15:00+00:00,11852.0,11852.0,11855.0,11848.0,11850.0,575
2026-04-28 06:16:00+00:00,11850.0,11850.0,11858.0,11845.0,11852.0,6328
2026-04-28 06:17:00+00:00,11830.0,11830.0,11865.0,11825.0,11854.0,3167
2026-04-28 06:18:00+00:00,11847.0,11847.0,11851.0,11828.0,11833.0,4035
2026-04-28 06:19:00+00:00,11850.0,11850.0,11864.0,11846.0,11851.0,2877
2026-04-28 06:20:00+00:00,11855.0,11855.0,11857.0,11847.0,11850.0,909
2026-04-28 06:21:00+00:00,11854.0,11854.0,11859.0,11851.0,11851.0,437
2026-04-28 06:22:00+00:00,11850.0,11850.0,11856.0,11850.0,11856.0,802
2026-04-28 06:23:00+00:00,11846.0,11846.0,11855.0,11846.0,11853.0,2295
2026-04-28 06:24:00+00:00,11849.0,11849.0,11850.0,11845.0,11849.0,403
2026-04-28 06:25:00+00:00,11845.0,11845.0,11850.0,11845.0,11849.0,1488
2026-04-28 06:26:00+00:00,11833.0,11833.0,11847.0,11833.0,11845.0,1427
2026-04-28 06:27:00+00:00,11833.0,11833.0,11840.0,11833.0,11834.0,302
2026-04-28 06:28:00+00:00,11829.0,11829.0,11835.0,11828.0,11833.0,655
2026-04-28 06:29:00+00:00,11832.0,11832.0,11836.0,11830.0,11830.0,196
2026-04-28 06:30:00+00:00,11830.0,11830.0,11837.0,11830.0,11832.0,514
2026-04-28 06:31:00+00:00,11827.0,11827.0,11834.0,11827.0,11830.0,409
2026-04-28 06:32:00+00:00,11826.0,11826.0,11830.0,11825.0,11829.0,280
2026-04-28 06:33:00+00:00,11830.0,11830.0,11834.0,11827.0,11828.0,220
2026-04-28 06:34:00+00:00,11831.0,11831.0,11835.0,11829.0,11829.0,286
2026-04-28 06:35:00+00:00,11833.0,11833.0,11837.0,11832.0,11834.0,331
2026-04-28 06:36:00+00:00,11839.0,11839.0,11840.0,11832.0,11836.0,333
2026-04-28 06:37:00+00:00,11834.0,11834.0,11840.0,11832.0,11840.0,496
2026-04-28 06:38:00+00:00,11837.0,11837.0,11840.0,11834.0,11834.0,310
2026-04-28 06:39:00+00:00,11837.0,11837.0,11842.0,11835.0,11836.0,219
2026-04-28 06:40:00+00:00,11839.0,11839.0,11841.0,11834.0,11840.0,224
2026-04-28 06:41:00+00:00,11838.0,11838.0,11839.0,11832.0,11839.0,510
2026-04-28 06:42:00+00:00,11835.0,11835.0,11840.0,11832.0,11839.0,441
2026-04-28 06:43:00+00:00,11837.0,11837.0,11840.0,11835.0,11835.0,220
2026-04-28 06:44:00+00:00,11845.0,11845.0,11845.0,11837.0,11838.0,357
2026-04-28 06:45:00+00:00,11851.0,11851.0,11852.0,11845.0,11845.0,484
2026-04-28 06:46:00+00:00,11844.0,11844.0,11850.0,11844.0,11850.0,299
2026-04-28 06:47:00+00:00,11843.0,11843.0,11846.0,11842.0,11845.0,257
2026-04-28 06:48:00+00:00,11834.0,11834.0,11848.0,11834.0,11844.0,518
2026-04-28 06:49:00+00:00,11828.0,11828.0,11837.0,11828.0,11834.0,430
2026-04-28 06:50:00+00:00,11851.0,11851.0,11851.0,11834.0,11836.0,6219
2026-04-28 06:51:00+00:00,11843.0,11843.0,11851.0,11840.0,11851.0,1010
2026-04-28 06:52:00+00:00,11833.0,11833.0,11841.0,11830.0,11840.0,1073
2026-04-28 06:53:00+00:00,11838.0,11838.0,11846.0,11836.0,11836.0,807
2026-04-28 06:54:00+00:00,11842.0,11842.0,11845.0,11836.0,11840.0,456
2026-04-28 06:55:00+00:00,11839.0,11839.0,11848.0,11838.0,11839.0,689
2026-04-28 06:56:00+00:00,11844.0,11844.0,11845.0,11840.0,11845.0,111
2026-04-28 06:57:00+00:00,11840.0,11840.0,11845.0,11833.0,11845.0,469
2026-04-28 06:58:00+00:00,11841.0,11841.0,11850.0,11840.0,11849.0,445
2026-04-28 06:59:00+00:00,11843.0,11843.0,11849.0,11841.0,11845.0,306
2026-04-28 07:00:00+00:00,11840.0,11840.0,11845.0,11839.0,11843.0,250
2026-04-28 07:01:00+00:00,11840.0,11840.0,11846.0,11837.0,11840.0,217
2026-04-28 07:02:00+00:00,11837.0,11837.0,11840.0,11836.0,11837.0,196
2026-04-28 07:03:00+00:00,11834.0,11834.0,11840.0,11834.0,11837.0,285
2026-04-28 07:04:00+00:00,11835.0,11835.0,11840.0,11832.0,11834.0,267
2026-04-28 07:05:00+00:00,11839.0,11839.0,11844.0,11833.0,11839.0,535
2026-04-28 07:06:00+00:00,11838.0,11838.0,11844.0,11833.0,11844.0,357
2026-04-28 07:07:00+00:00,11836.0,11836.0,11844.0,11836.0,11836.0,118
2026-04-28 07:08:00+00:00,11838.0,11838.0,11845.0,11835.0,11836.0,1317
2026-04-28 07:09:00+00:00,11840.0,11840.0,11843.0,11837.0,11841.0,426
2026-04-28 07:10:00+00:00,11842.0,11842.0,11843.0,11838.0,11838.0,142
2026-04-28 07:11:00+00:00,11837.0,11837.0,11842.0,11837.0,11842.0,309
2026-04-28 07:12:00+00:00,11839.0,11839.0,11842.0,11837.0,11838.0,389
2026-04-28 07:13:00+00:00,11838.0,11838.0,11839.0,11833.0,11839.0,328
2026-04-28 07:14:00+00:00,11834.0,11834.0,11840.0,11832.0,11840.0,332
2026-04-28 07:15:00+00:00,11833.0,11833.0,11838.0,11831.0,11833.0,765
2026-04-28 07:16:00+00:00,11837.0,11837.0,11838.0,11834.0,11838.0,138
2026-04-28 07:17:00+00:00,11838.0,11838.0,11842.0,11834.0,11834.0,378
2026-04-28 07:18:00+00:00,11847.0,11847.0,11850.0,11838.0,11838.0,769
2026-04-28 07:19:00+00:00,11849.0,11849.0,11850.0,11842.0,11849.0,590
2026-04-28 07:20:00+00:00,11845.0,11845.0,11849.0,11843.0,11845.0,232
2026-04-28 07:21:00+00:00,11849.0,11849.0,11849.0,11845.0,11845.0,261
2026-04-28 07:22:00+00:00,11848.0,11848.0,11849.0,11843.0,11847.0,146
2026-04-28 07:23:00+00:00,11852.0,11852.0,11852.0,11845.0,11847.0,334
2026-04-28 07:24:00+00:00,11850.0,11850.0,11850.0,11845.0,11846.0,196
2026-04-28 07:25:00+00:00,11850.0,11850.0,11850.0,11845.0,11850.0,114
2026-04-28 07:26:00+00:00,11850.0,11850.0,11850.0,11845.0,11850.0,174
2026-04-28 07:27:00+00:00,11845.0,11845.0,11850.0,11844.0,11849.0,371
2026-04-28 07:28:00+00:00,11843.0,11843.0,11848.0,11840.0,11842.0,346
2026-04-28 07:29:00+00:00,11844.0,11844.0,11850.0,11841.0,11848.0,228
2026-04-28 07:30:00+00:00,11845.0,11845.0,11847.0,11841.0,11844.0,232
2026-04-28 07:31:00+00:00,11848.0,11848.0,11848.0,11838.0,11845.0,853
2026-04-28 07:32:00+00:00,11847.0,11847.0,11850.0,11842.0,11842.0,486
2026-04-28 07:33:00+00:00,11845.0,11845.0,11847.0,11845.0,11847.0,664
2026-04-28 07:34:00+00:00,11844.0,11844.0,11850.0,11844.0,11846.0,930
2026-04-28 07:35:00+00:00,11845.0,11845.0,11846.0,11839.0,11846.0,530
2026-04-28 07:36:00+00:00,11845.0,11845.0,11846.0,11841.0,11841.0,281
2026-04-28 07:37:00+00:00,11842.0,11842.0,11846.0,11840.0,11844.0,588
2026-04-28 07:38:00+00:00,11848.0,11848.0,11849.0,11840.0,11842.0,745
2026-04-28 07:39:00+00:00,11850.0,11850.0,11850.0,11842.0,11850.0,308
2026-04-28 07:40:00+00:00,11845.0,11845.0,11849.0,11845.0,11849.0,130
2026-04-28 07:41:00+00:00,11849.0,11849.0,11849.0,11845.0,11845.0,719
2026-04-28 07:42:00+00:00,11846.0,11846.0,11850.0,11845.0,11845.0,342
2026-04-28 07:43:00+00:00,11848.0,11848.0,11850.0,11845.0,11846.0,206
2026-04-28 07:44:00+00:00,11845.0,11845.0,11849.0,11845.0,11845.0,268
2026-04-28 07:45:00+00:00,11840.0,11840.0,11848.0,11840.0,11845.0,533
2026-04-28 07:46:00+00:00,11847.0,11847.0,11849.0,11841.0,11841.0,257
2026-04-28 07:47:00+00:00,11850.0,11850.0,11852.0,11846.0,11848.0,393
2026-04-28 07:48:00+00:00,11844.0,11844.0,11848.0,11844.0,11848.0,439
2026-04-28 07:49:00+00:00,11844.0,11844.0,11845.0,11839.0,11840.0,659
2026-04-28 07:50:00+00:00,11830.0,11830.0,11842.0,11830.0,11840.0,577
2026-04-28 07:51:00+00:00,11835.0,11835.0,11835.0,11830.0,11830.0,260
2026-04-28 07:52:00+00:00,11837.0,11837.0,11842.0,11832.0,11835.0,413
2026-04-28 07:53:00+00:00,11844.0,11844.0,11844.0,11837.0,11842.0,203
2026-04-28 07:54:00+00:00,11842.0,11842.0,11844.0,11838.0,11844.0,296
2026-04-28 07:55:00+00:00,11835.0,11835.0,11842.0,11835.0,11838.0,372
2026-04-28 07:56:00+00:00,11835.0,11835.0,11839.0,11835.0,11835.0,441
2026-04-28 07:57:00+00:00,11835.0,11835.0,11837.0,11835.0,11835.0,462
2026-04-28 07:58:00+00:00,11837.0,11837.0,11838.0,11835.0,11835.0,470
2026-04-28 07:59:00+00:00,11835.0,11835.0,11837.0,11835.0,11837.0,1443
2026-04-28 08:00:00+00:00,11826.0,11826.0,11838.0,11826.0,11835.0,1582
2026-04-28 08:01:00+00:00,11825.0,11825.0,11826.0,11821.0,11825.0,709
2026-04-28 08:02:00+00:00,11829.0,11829.0,11831.0,11825.0,11825.0,661
2026-04-28 08:03:00+00:00,11828.0,11828.0,11838.0,11826.0,11838.0,1079
2026-04-28 08:04:00+00:00,11829.0,11829.0,11830.0,11825.0,11830.0,989
2026-04-28 08:05:00+00:00,11822.0,11822.0,11829.0,11820.0,11829.0,1057
2026-04-28 08:06:00+00:00,11826.0,11826.0,11826.0,11816.0,11821.0,3244
2026-04-28 08:07:00+00:00,11825.0,11825.0,11832.0,11824.0,11826.0,390
2026-04-28 08:08:00+00:00,11827.0,11827.0,11828.0,11822.0,11825.0,150
2026-04-28 08:09:00+00:00,11824.0,11824.0,11825.0,11820.0,11822.0,195
2026-04-28 08:10:00+00:00,11821.0,11821.0,11828.0,11816.0,11820.0,1134
2026-04-28 08:11:00+00:00,11827.0,11827.0,11830.0,11822.0,11828.0,515
2026-04-28 08:12:00+00:00,11820.0,11820.0,11825.0,11820.0,11825.0,167
2026-04-28 08:13:00+00:00,11819.0,11819.0,11821.0,11819.0,11820.0,266
2026-04-28 08:14:00+00:00,11819.0,11819.0,11820.0,11817.0,11820.0,676
2026-04-28 08:15:00+00:00,11821.0,11821.0,11821.0,11813.0,11816.0,685
2026-04-28 08:16:00+00:00,11827.0,11827.0,11827.0,11819.0,11819.0,142
2026-04-28 08:17:00+00:00,11821.0,11821.0,11825.0,11820.0,11822.0,303
2026-04-28 08:18:00+00:00,11825.0,11825.0,11825.0,11819.0,11820.0,524
2026-04-28 08:19:00+00:00,11826.0,11826.0,11826.0,11820.0,11821.0,272
2026-04-28 08:20:00+00:00,11825.0,11825.0,11825.0,11820.0,11821.0,165
2026-04-28 08:21:00+00:00,11827.0,11827.0,11827.0,11822.0,11825.0,616
2026-04-28 08:22:00+00:00,11824.0,11824.0,11827.0,11823.0,11823.0,204
2026-04-28 08:23:00+00:00,11826.0,11826.0,11831.0,11823.0,11823.0,433
2026-04-28 08:24:00+00:00,11826.0,11826.0,11829.0,11823.0,11825.0,319
2026-04-28 08:25:00+00:00,11832.0,11832.0,11832.0,11823.0,11830.0,669
2026-04-28 08:26:00+00:00,11830.0,11830.0,11835.0,11827.0,11835.0,907
2026-04-28 08:27:00+00:00,11822.0,11822.0,11829.0,11821.0,11829.0,991
2026-04-28 08:28:00+00:00,11822.0,11822.0,11829.0,11820.0,11823.0,1252
2026-04-28 08:29:00+00:00,11819.0,11819.0,11827.0,11819.0,11823.0,1190
2026-04-28 08:30:00+00:00,11822.0,11822.0,11824.0,11818.0,11820.0,502
2026-04-28 08:31:00+00:00,11823.0,11823.0,11823.0,11819.0,11819.0,215
2026-04-28 08:32:00+00:00,11820.0,11820.0,11823.0,11820.0,11822.0,212
2026-04-28 08:33:00+00:00,11819.0,11819.0,11822.0,11819.0,11820.0,626
2026-04-28 08:34:00+00:00,11826.0,11826.0,11828.0,11819.0,11819.0,295
2026-04-28 08:35:00+00:00,11823.0,11823.0,11826.0,11820.0,11824.0,1000
2026-04-28 08:36:00+00:00,11825.0,11825.0,11825.0,11820.0,11820.0,131
2026-04-28 08:37:00+00:00,11822.0,11822.0,11823.0,11819.0,11819.0,527
2026-04-28 08:38:00+00:00,11819.0,11819.0,11825.0,11816.0,11819.0,525
2026-04-28 08:39:00+00:00,11824.0,11824.0,11824.0,11819.0,11819.0,920
2026-04-28 08:40:00+00:00,11825.0,11825.0,11828.0,11824.0,11827.0,1663
2026-04-28 08:41:00+00:00,11831.0,11831.0,11831.0,11823.0,11825.0,1036
2026-04-28 08:42:00+00:00,11833.0,11833.0,11833.0,11824.0,11830.0,3259
2026-04-28 08:43:00+00:00,11836.0,11836.0,11838.0,11831.0,11834.0,3956
2026-04-28 08:44:00+00:00,11829.0,11829.0,11835.0,11824.0,11835.0,2020
2026-04-28 08:45:00+00:00,11825.0,11825.0,11829.0,11824.0,11828.0,760
2026-04-28 08:46:00+00:00,11825.0,11825.0,11827.0,11825.0,11825.0,300
2026-04-28 08:47:00+00:00,11827.0,11827.0,11827.0,11822.0,11825.0,2582
2026-04-28 08:48:00+00:00,11828.0,11828.0,11828.0,11824.0,11826.0,580
2026-04-28 08:49:00+00:00,11831.0,11831.0,11832.0,11828.0,11828.0,417
2026-04-28 08:50:00+00:00,11831.0,11831.0,11831.0,11828.0,11830.0,181
2026-04-28 08:51:00+00:00,11827.0,11827.0,11831.0,11827.0,11828.0,138
2026-04-28 08:52:00+00:00,11834.0,11834.0,11834.0,11827.0,11827.0,381
2026-04-28 08:53:00+00:00,11833.0,11833.0,11834.0,11830.0,11830.0,101
2026-04-28 08:54:00+00:00,11831.0,11831.0,11831.0,11827.0,11831.0,360
2026-04-28 08:55:00+00:00,11827.0,11827.0,11831.0,11826.0,11831.0,171
2026-04-28 08:56:00+00:00,11827.0,11827.0,11832.0,11827.0,11827.0,219
2026-04-28 08:57:00+00:00,11826.0,11826.0,11830.0,11826.0,11829.0,426
2026-04-28 08:58:00+00:00,11825.0,11825.0,11830.0,11824.0,11824.0,261
2026-04-28 08:59:00+00:00,11830.0,11830.0,11831.0,11830.0,11830.0,435
2026-04-28 09:00:00+00:00,11838.0,11838.0,11838.0,11830.0,11830.0,595
2026-04-28 09:01:00+00:00,11844.0,11844.0,11846.0,11833.0,11834.0,1561
2026-04-28 09:02:00+00:00,11835.0,11835.0,11849.0,11835.0,11844.0,2148
2026-04-28 09:03:00+00:00,11843.0,11843.0,11850.0,11843.0,11850.0,5346
2026-04-28 09:04:00+00:00,11837.0,11837.0,11845.0,11837.0,11844.0,281
2026-04-28 09:05:00+00:00,11850.0,11850.0,11853.0,11838.0,11838.0,1474
2026-04-28 09:06:00+00:00,11850.0,11850.0,11852.0,11847.0,11850.0,2435
2026-04-28 09:07:00+00:00,11851.0,11851.0,11852.0,11850.0,11850.0,941
2026-04-28 09:08:00+00:00,11847.0,11847.0,11851.0,11844.0,11850.0,3076
2026-04-28 09:09:00+00:00,11838.0,11838.0,11844.0,11838.0,11844.0,601
2026-04-28 09:10:00+00:00,11839.0,11839.0,11842.0,11835.0,11835.0,1420
2026-04-28 09:11:00+00:00,11843.0,11843.0,11843.0,11834.0,11838.0,434
2026-04-28 09:12:00+00:00,11841.0,11841.0,11841.0,11834.0,11838.0,522
2026-04-28 09:13:00+00:00,11837.0,11837.0,11842.0,11837.0,11839.0,494
2026-04-28 09:14:00+00:00,11847.0,11847.0,11849.0,11837.0,11837.0,435
2026-04-28 09:15:00+00:00,11845.0,11845.0,11846.0,11842.0,11846.0,512
2026-04-28 09:16:00+00:00,11840.0,11840.0,11844.0,11840.0,11842.0,1145
2026-04-28 09:17:00+00:00,11839.0,11839.0,11839.0,11835.0,11836.0,1484
2026-04-28 09:18:00+00:00,11825.0,11825.0,11838.0,11825.0,11837.0,1165
2026-04-28 09:19:00+00:00,11833.0,11833.0,11839.0,11829.0,11829.0,799
2026-04-28 09:20:00+00:00,11838.0,11838.0,11838.0,11828.0,11836.0,594
2026-04-28 09:21:00+00:00,11830.0,11830.0,11838.0,11830.0,11835.0,742
2026-04-28 09:22:00+00:00,11828.0,11828.0,11828.0,11825.0,11828.0,259
2026-04-28 09:23:00+00:00,11830.0,11830.0,11831.0,11826.0,11826.0,423
2026-04-28 09:24:00+00:00,11834.0,11834.0,11836.0,11831.0,11835.0,628
2026-04-28 09:25:00+00:00,11834.0,11834.0,11834.0,11830.0,11831.0,1017
2026-04-28 09:26:00+00:00,11837.0,11837.0,11837.0,11835.0,11836.0,278
2026-04-28 09:27:00+00:00,11833.0,11833.0,11835.0,11831.0,11835.0,436
2026-04-28 09:28:00+00:00,11836.0,11836.0,11839.0,11830.0,11838.0,1049
2026-04-28 09:29:00+00:00,11842.0,11842.0,11850.0,11837.0,11837.0,2491
2026-04-28 09:30:00+00:00,11843.0,11843.0,11847.0,11841.0,11847.0,1659
2026-04-28 09:31:00+00:00,11840.0,11840.0,11841.0,11837.0,11840.0,1599
2026-04-28 09:32:00+00:00,11841.0,11841.0,11845.0,11840.0,11842.0,1638
2026-04-28 09:33:00+00:00,11836.0,11836.0,11842.0,11835.0,11840.0,2280
2026-04-28 09:34:00+00:00,11827.0,11827.0,11837.0,11827.0,11835.0,4071
2026-04-28 09:35:00+00:00,11828.0,11828.0,11833.0,11828.0,11829.0,2078
2026-04-28 09:36:00+00:00,11828.0,11828.0,11832.0,11824.0,11828.0,5690
2026-04-28 09:37:00+00:00,11824.0,11824.0,11835.0,11824.0,11828.0,4431
2026-04-28 09:38:00+00:00,11823.0,11823.0,11826.0,11823.0,11826.0,1390
2026-04-28 09:39:00+00:00,11823.0,11823.0,11823.0,11822.0,11822.0,2453
2026-04-28 09:40:00+00:00,11820.0,11820.0,11825.0,11820.0,11825.0,1628
2026-04-28 09:41:00+00:00,11812.0,11812.0,11821.0,11812.0,11821.0,1655
2026-04-28 09:42:00+00:00,11814.0,11814.0,11814.0,11810.0,11812.0,2294
2026-04-28 09:43:00+00:00,11814.0,11814.0,11815.0,11807.0,11810.0,1875
2026-04-28 09:44:00+00:00,11803.0,11803.0,11812.0,11803.0,11812.0,2342
2026-04-28 09:45:00+00:00,11801.0,11801.0,11810.0,11800.0,11810.0,4073
2026-04-28 09:46:00+00:00,11793.0,11793.0,11800.0,11791.0,11800.0,3108
2026-04-28 09:47:00+00:00,11799.0,11799.0,11800.0,11794.0,11794.0,2473
2026-04-28 09:48:00+00:00,11796.0,11796.0,11799.0,11793.0,11799.0,2354
2026-04-28 09:49:00+00:00,11802.0,11802.0,11803.0,11796.0,11798.0,2782
2026-04-28 09:50:00+00:00,11801.0,11801.0,11805.0,11801.0,11804.0,3275
2026-04-28 09:51:00+00:00,11797.0,11797.0,11804.0,11797.0,11801.0,1987
2026-04-28 09:52:00+00:00,11802.0,11802.0,11803.0,11798.0,11798.0,5774
2026-04-28 09:53:00+00:00,11805.0,11805.0,11809.0,11804.0,11804.0,1382
2026-04-28 09:54:00+00:00,11803.0,11803.0,11805.0,11795.0,11804.0,2070
2026-04-28 09:55:00+00:00,11818.0,11818.0,11824.0,11802.0,11803.0,7920
2026-04-28 09:56:00+00:00,11814.0,11814.0,11818.0,11813.0,11818.0,1526
2026-04-28 09:57:00+00:00,11815.0,11815.0,11815.0,11812.0,11814.0,1637
2026-04-28 09:58:00+00:00,11812.0,11812.0,11818.0,11810.0,11810.0,1715
2026-04-28 09:59:00+00:00,11821.0,11821.0,11824.0,11805.0,11811.0,1668
2026-04-29 03:45:00+00:00,11861.0,11861.0,11870.0,11851.0,11870.0,0
2026-04-29 03:46:00+00:00,11937.0,11937.0,11939.0,11862.0,11862.0,5423
2026-04-29 03:47:00+00:00,11919.0,11919.0,11940.0,11913.0,11939.0,3414
2026-04-29 03:48:00+00:00,11880.0,11880.0,11898.0,11880.0,11883.0,2852
2026-04-29 03:49:00+00:00,11898.0,11898.0,11902.0,11887.0,11887.0,1376
2026-04-29 03:50:00+00:00,11903.0,11903.0,11917.0,11903.0,11917.0,1104
2026-04-29 03:51:00+00:00,11898.0,11898.0,11903.0,11881.0,11903.0,939
2026-04-29 03:52:00+00:00,11910.0,11910.0,11915.0,11896.0,11896.0,1430
2026-04-29 03:53:00+00:00,11895.0,11895.0,11909.0,11890.0,11908.0,403
2026-04-29 03:54:00+00:00,11905.0,11905.0,11905.0,11893.0,11897.0,583
2026-04-29 03:55:00+00:00,11904.0,11904.0,11909.0,11903.0,11909.0,426
2026-04-29 03:56:00+00:00,11911.0,11911.0,11912.0,11898.0,11898.0,1372
2026-04-29 03:57:00+00:00,11923.0,11923.0,11925.0,11910.0,11911.0,1268
2026-04-29 03:58:00+00:00,11901.0,11901.0,11922.0,11901.0,11922.0,1213
2026-04-29 03:59:00+00:00,11923.0,11923.0,11923.0,11903.0,11903.0,399
2026-04-29 04:00:00+00:00,11925.0,11925.0,11925.0,11909.0,11911.0,692
2026-04-29 04:01:00+00:00,11919.0,11919.0,11921.0,11919.0,11920.0,307
2026-04-29 04:02:00+00:00,11918.0,11918.0,11923.0,11913.0,11920.0,440
2026-04-29 04:03:00+00:00,11918.0,11918.0,11920.0,11914.0,11918.0,294
2026-04-29 04:04:00+00:00,11912.0,11912.0,11917.0,11912.0,11917.0,278
2026-04-29 04:05:00+00:00,11903.0,11903.0,11911.0,11903.0,11910.0,785
2026-04-29 04:06:00+00:00,11892.0,11892.0,11910.0,11881.0,11910.0,753
2026-04-29 04:07:00+00:00,11858.0,11858.0,11892.0,11850.0,11892.0,1631
2026-04-29 04:08:00+00:00,11855.0,11855.0,11861.0,11853.0,11859.0,374
2026-04-29 04:09:00+00:00,11857.0,11857.0,11874.0,11840.0,11848.0,3173
2026-04-29 04:10:00+00:00,11894.0,11894.0,11898.0,11860.0,11865.0,2256
2026-04-29 04:11:00+00:00,11890.0,11890.0,11897.0,11890.0,11890.0,462
2026-04-29 04:12:00+00:00,11895.0,11895.0,11896.0,11890.0,11891.0,239
2026-04-29 04:13:00+00:00,11904.0,11904.0,11910.0,11892.0,11892.0,453
2026-04-29 04:14:00+00:00,11907.0,11907.0,11910.0,11904.0,11904.0,183
2026-04-29 04:15:00+00:00,11905.0,11905.0,11914.0,11904.0,11909.0,296
2026-04-29 04:16:00+00:00,11912.0,11912.0,11912.0,11909.0,11910.0,117
2026-04-29 04:17:00+00:00,11908.0,11908.0,11915.0,11908.0,11909.0,384
2026-04-29 04:18:00+00:00,11906.0,11906.0,11907.0,11905.0,11906.0,185
2026-04-29 04:19:00+00:00,11906.0,11906.0,11908.0,11901.0,11901.0,306
2026-04-29 04:20:00+00:00,11900.0,11900.0,11907.0,11899.0,11907.0,600
2026-04-29 04:21:00+00:00,11908.0,11908.0,11908.0,11900.0,11900.0,147
2026-04-29 04:22:00+00:00,11905.0,11905.0,11909.0,11900.0,11903.0,316
2026-04-29 04:23:00+00:00,11909.0,11909.0,11914.0,11902.0,11909.0,510
2026-04-29 04:24:00+00:00,11904.0,11904.0,11913.0,11903.0,11905.0,311
2026-04-29 04:25:00+00:00,11908.0,11908.0,11911.0,11903.0,11903.0,290
2026-04-29 04:26:00+00:00,11918.0,11918.0,11918.0,11908.0,11914.0,1039
2026-04-29 04:27:00+00:00,11927.0,11927.0,11930.0,11916.0,11916.0,863
2026-04-29 04:28:00+00:00,11939.0,11939.0,11939.0,11925.0,11929.0,1157
2026-04-29 04:29:00+00:00,11933.0,11933.0,11939.0,11931.0,11935.0,300
2026-04-29 04:30:00+00:00,11936.0,11936.0,11936.0,11932.0,11933.0,393
2026-04-29 04:31:00+00:00,11931.0,11931.0,11939.0,11928.0,11935.0,1655
2026-04-29 04:32:00+00:00,11931.0,11931.0,11932.0,11920.0,11931.0,571
2026-04-29 04:33:00+00:00,11930.0,11930.0,11934.0,11929.0,11930.0,303
2026-04-29 04:34:00+00:00,11934.0,11934.0,11935.0,11926.0,11934.0,196
2026-04-29 04:35:00+00:00,11932.0,11932.0,11934.0,11928.0,11930.0,1099
2026-04-29 04:36:00+00:00,11935.0,11935.0,11935.0,11929.0,11930.0,117
2026-04-29 04:37:00+00:00,11932.0,11932.0,11935.0,11929.0,11935.0,275
2026-04-29 04:38:00+00:00,11932.0,11932.0,11933.0,11930.0,11933.0,113
2026-04-29 04:39:00+00:00,11945.0,11945.0,11945.0,11939.0,11940.0,1067
2026-04-29 04:40:00+00:00,11952.0,11952.0,11952.0,11943.0,11943.0,1083
2026-04-29 04:41:00+00:00,11950.0,11950.0,11960.0,11950.0,11959.0,1011
2026-04-29 04:42:00+00:00,11945.0,11945.0,11952.0,11945.0,11952.0,327
2026-04-29 04:43:00+00:00,11946.0,11946.0,11946.0,11941.0,11944.0,123
2026-04-29 04:44:00+00:00,11955.0,11955.0,11957.0,11952.0,11952.0,282
2026-04-29 04:45:00+00:00,11984.0,11984.0,11985.0,11957.0,11958.0,3487
2026-04-29 04:46:00+00:00,11982.0,11982.0,11991.0,11980.0,11986.0,1311
2026-04-29 04:47:00+00:00,11985.0,11985.0,11985.0,11982.0,11982.0,339
2026-04-29 04:48:00+00:00,11986.0,11986.0,11987.0,11982.0,11983.0,632
2026-04-29 04:49:00+00:00,11986.0,11986.0,11986.0,11981.0,11986.0,341
2026-04-29 04:50:00+00:00,12002.0,12002.0,12005.0,11986.0,11986.0,4294
2026-04-29 04:51:00+00:00,12000.0,12000.0,12003.0,11994.0,12001.0,693
2026-04-29 04:52:00+00:00,11996.0,11996.0,12000.0,11996.0,11999.0,238
2026-04-29 04:53:00+00:00,11995.0,11995.0,11996.0,11981.0,11996.0,1841
2026-04-29 04:54:00+00:00,11989.0,11989.0,11995.0,11980.0,11995.0,487
2026-04-29 04:55:00+00:00,11977.0,11977.0,11987.0,11977.0,11980.0,515
2026-04-29 04:56:00+00:00,11984.0,11984.0,11984.0,11977.0,11978.0,531
2026-04-29 04:57:00+00:00,11985.0,11985.0,11987.0,11983.0,11987.0,186
2026-04-29 04:58:00+00:00,11988.0,11988.0,11992.0,11987.0,11987.0,131
2026-04-29 04:59:00+00:00,11992.0,11992.0,11992.0,11988.0,11989.0,241
2026-04-29 05:00:00+00:00,11994.0,11994.0,11994.0,11990.0,11992.0,729
2026-04-29 05:01:00+00:00,11980.0,11980.0,11994.0,11980.0,11993.0,404
2026-04-29 05:02:00+00:00,11988.0,11988.0,11990.0,11979.0,11979.0,471
2026-04-29 05:03:00+00:00,11990.0,11990.0,11995.0,11982.0,11985.0,2099
2026-04-29 05:04:00+00:00,11993.0,11993.0,11993.0,11987.0,11990.0,317
2026-04-29 05:05:00+00:00,12001.0,12001.0,12003.0,11995.0,11995.0,1381
2026-04-29 05:06:00+00:00,11990.0,11990.0,11999.0,11988.0,11999.0,950
2026-04-29 05:07:00+00:00,11991.0,11991.0,11992.0,11990.0,11992.0,162
2026-04-29 05:08:00+00:00,11987.0,11987.0,11992.0,11982.0,11990.0,362
2026-04-29 05:09:00+00:00,11982.0,11982.0,11985.0,11982.0,11985.0,95
2026-04-29 05:10:00+00:00,11985.0,11985.0,11987.0,11981.0,11982.0,365
2026-04-29 05:11:00+00:00,11985.0,11985.0,11985.0,11982.0,11985.0,139
2026-04-29 05:12:00+00:00,11981.0,11981.0,11989.0,11980.0,11985.0,1408
2026-04-29 05:13:00+00:00,11982.0,11982.0,11991.0,11982.0,11984.0,300
2026-04-29 05:14:00+00:00,11987.0,11987.0,11987.0,11981.0,11984.0,159
2026-04-29 05:15:00+00:00,11979.0,11979.0,11986.0,11979.0,11986.0,2262
2026-04-29 05:16:00+00:00,11975.0,11975.0,11987.0,11975.0,11980.0,2642
2026-04-29 05:17:00+00:00,11985.0,11985.0,11985.0,11976.0,11978.0,218
2026-04-29 05:18:00+00:00,11981.0,11981.0,11985.0,11981.0,11985.0,644
2026-04-29 05:19:00+00:00,11981.0,11981.0,11984.0,11980.0,11983.0,136
2026-04-29 05:20:00+00:00,11984.0,11984.0,11985.0,11980.0,11981.0,158
2026-04-29 05:21:00+00:00,11980.0,11980.0,11982.0,11980.0,11982.0,290
2026-04-29 05:22:00+00:00,11981.0,11981.0,11981.0,11980.0,11981.0,307
2026-04-29 05:23:00+00:00,11984.0,11984.0,11984.0,11980.0,11981.0,488
2026-04-29 05:24:00+00:00,11985.0,11985.0,11989.0,11981.0,11982.0,1474
2026-04-29 05:25:00+00:00,11984.0,11984.0,11985.0,11982.0,11984.0,68
2026-04-29 05:26:00+00:00,11981.0,11981.0,11985.0,11981.0,11982.0,179
2026-04-29 05:27:00+00:00,11981.0,11981.0,11985.0,11979.0,11981.0,459
2026-04-29 05:28:00+00:00,11985.0,11985.0,11985.0,11980.0,11980.0,204
2026-04-29 05:29:00+00:00,11989.0,11989.0,11990.0,11985.0,11985.0,201
2026-04-29 05:30:00+00:00,11995.0,11995.0,11995.0,11990.0,11990.0,414
2026-04-29 05:31:00+00:00,11995.0,11995.0,11997.0,11992.0,11995.0,421
2026-04-29 05:32:00+00:00,11995.0,11995.0,11995.0,11993.0,11995.0,140
2026-04-29 05:33:00+00:00,11995.0,11995.0,11995.0,11992.0,11995.0,191
2026-04-29 05:34:00+00:00,11986.0,11986.0,11995.0,11986.0,11995.0,474
2026-04-29 05:35:00+00:00,11977.0,11977.0,11980.0,11972.0,11975.0,455
2026-04-29 05:36:00+00:00,11979.0,11979.0,11979.0,11975.0,11975.0,162
2026-04-29 05:37:00+00:00,11985.0,11985.0,11985.0,11975.0,11979.0,324
2026-04-29 05:38:00+00:00,11985.0,11985.0,11985.0,11980.0,11982.0,114
2026-04-29 05:39:00+00:00,11990.0,11990.0,11990.0,11984.0,11987.0,286
2026-04-29 05:40:00+00:00,11987.0,11987.0,11990.0,11987.0,11988.0,91
2026-04-29 05:41:00+00:00,11990.0,11990.0,11991.0,11987.0,11987.0,313
2026-04-29 05:42:00+00:00,11990.0,11990.0,11995.0,11986.0,11986.0,439
2026-04-29 05:43:00+00:00,11990.0,11990.0,11994.0,11989.0,11990.0,128
2026-04-29 05:44:00+00:00,11994.0,11994.0,11997.0,11992.0,11992.0,247
2026-04-29 05:45:00+00:00,12003.0,12003.0,12005.0,11996.0,11996.0,1187
2026-04-29 05:46:00+00:00,12020.0,12020.0,12020.0,12003.0,12003.0,16267
2026-04-29 05:47:00+00:00,12020.0,12020.0,12025.0,12019.0,12022.0,536
2026-04-29 05:48:00+00:00,12029.0,12029.0,12030.0,12023.0,12024.0,1246
2026-04-29 05:49:00+00:00,12030.0,12030.0,12030.0,12028.0,12029.0,723
2026-04-29 05:50:00+00:00,12025.0,12025.0,12030.0,12025.0,12030.0,599
2026-04-29 05:51:00+00:00,12040.0,12040.0,12040.0,12028.0,12029.0,1194
2026-04-29 05:52:00+00:00,12043.0,12043.0,12047.0,12039.0,12039.0,1420
2026-04-29 05:53:00+00:00,12038.0,12038.0,12045.0,12036.0,12045.0,1807
2026-04-29 05:54:00+00:00,12037.0,12037.0,12039.0,12033.0,12039.0,351
2026-04-29 05:55:00+00:00,12035.0,12035.0,12038.0,12030.0,12037.0,289
2026-04-29 05:56:00+00:00,12025.0,12025.0,12034.0,12025.0,12030.0,969
2026-04-29 05:57:00+00:00,12021.0,12021.0,12027.0,12021.0,12021.0,302
2026-04-29 05:58:00+00:00,12008.0,12008.0,12023.0,12008.0,12023.0,613
2026-04-29 05:59:00+00:00,12015.0,12015.0,12015.0,12007.0,12007.0,674
2026-04-29 06:00:00+00:00,12015.0,12015.0,12017.0,12012.0,12016.0,285
2026-04-29 06:01:00+00:00,12003.0,12003.0,12018.0,12000.0,12013.0,1325
2026-04-29 06:02:00+00:00,11998.0,11998.0,12003.0,11992.0,12001.0,583
2026-04-29 06:03:00+00:00,11998.0,11998.0,12000.0,11998.0,11998.0,387
2026-04-29 06:04:00+00:00,12005.0,12005.0,12007.0,12003.0,12003.0,321
2026-04-29 06:05:00+00:00,12006.0,12006.0,12008.0,12004.0,12004.0,201
2026-04-29 06:06:00+00:00,11998.0,11998.0,12009.0,11996.0,12007.0,408
2026-04-29 06:07:00+00:00,12000.0,12000.0,12002.0,11998.0,11998.0,260
2026-04-29 06:08:00+00:00,12005.0,12005.0,12007.0,11999.0,12001.0,297
2026-04-29 06:09:00+00:00,12005.0,12005.0,12007.0,12004.0,12004.0,167
2026-04-29 06:10:00+00:00,12006.0,12006.0,12008.0,12004.0,12006.0,391
2026-04-29 06:11:00+00:00,12001.0,12001.0,12006.0,11999.0,12006.0,502
2026-04-29 06:12:00+00:00,12003.0,12003.0,12006.0,11999.0,12005.0,183
2026-04-29 06:13:00+00:00,12002.0,12002.0,12006.0,11999.0,12006.0,338
2026-04-29 06:14:00+00:00,12006.0,12006.0,12007.0,12003.0,12003.0,275
2026-04-29 06:15:00+00:00,12001.0,12001.0,12005.0,12001.0,12005.0,469
2026-04-29 06:16:00+00:00,12001.0,12001.0,12006.0,12000.0,12003.0,389
2026-04-29 06:17:00+00:00,12002.0,12002.0,12002.0,11998.0,12001.0,284
2026-04-29 06:18:00+00:00,12005.0,12005.0,12006.0,11999.0,11999.0,202
2026-04-29 06:19:00+00:00,12000.0,12000.0,12008.0,12000.0,12006.0,378
2026-04-29 06:20:00+00:00,11999.0,11999.0,12005.0,11998.0,12002.0,317
2026-04-29 06:21:00+00:00,12003.0,12003.0,12003.0,11997.0,11998.0,169
2026-04-29 06:22:00+00:00,12000.0,12000.0,12002.0,12000.0,12002.0,348
2026-04-29 06:23:00+00:00,12001.0,12001.0,12005.0,12000.0,12001.0,386
2026-04-29 06:24:00+00:00,12023.0,12023.0,12025.0,12000.0,12001.0,12061
2026-04-29 06:25:00+00:00,12027.0,12027.0,12028.0,12023.0,12024.0,436
2026-04-29 06:26:00+00:00,12027.0,12027.0,12028.0,12024.0,12026.0,281
2026-04-29 06:27:00+00:00,12035.0,12035.0,12036.0,12027.0,12027.0,722
2026-04-29 06:28:00+00:00,12035.0,12035.0,12035.0,12031.0,12034.0,242
2026-04-29 06:29:00+00:00,12037.0,12037.0,12038.0,12032.0,12032.0,400
2026-04-29 06:30:00+00:00,12039.0,12039.0,12040.0,12029.0,12040.0,703
2026-04-29 06:31:00+00:00,12044.0,12044.0,12045.0,12039.0,12040.0,1045
2026-04-29 06:32:00+00:00,12043.0,12043.0,12045.0,12040.0,12044.0,248
2026-04-29 06:33:00+00:00,12040.0,12040.0,12040.0,12031.0,12039.0,550
2026-04-29 06:34:00+00:00,12039.0,12039.0,12040.0,12035.0,12038.0,281
2026-04-29 06:35:00+00:00,12041.0,12041.0,12044.0,12035.0,12035.0,1584
2026-04-29 06:36:00+00:00,12040.0,12040.0,12044.0,12040.0,12041.0,262
2026-04-29 06:37:00+00:00,12043.0,12043.0,12045.0,12040.0,12040.0,307
2026-04-29 06:38:00+00:00,12050.0,12050.0,12050.0,12043.0,12044.0,896
2026-04-29 06:39:00+00:00,12026.0,12026.0,12056.0,12025.0,12050.0,5388
2026-04-29 06:40:00+00:00,12027.0,12027.0,12041.0,12020.0,12027.0,818
2026-04-29 06:41:00+00:00,12032.0,12032.0,12037.0,12023.0,12023.0,721
2026-04-29 06:42:00+00:00,12035.0,12035.0,12036.0,12032.0,12035.0,366
2026-04-29 06:43:00+00:00,12024.0,12024.0,12035.0,12024.0,12032.0,311
2026-04-29 06:44:00+00:00,12032.0,12032.0,12032.0,12026.0,12031.0,428
2026-04-29 06:45:00+00:00,12034.0,12034.0,12034.0,12024.0,12024.0,344
2026-04-29 06:46:00+00:00,12035.0,12035.0,12036.0,12030.0,12035.0,272
2026-04-29 06:47:00+00:00,12033.0,12033.0,12035.0,12030.0,12033.0,319
2026-04-29 06:48:00+00:00,12031.0,12031.0,12035.0,12028.0,12035.0,303
2026-04-29 06:49:00+00:00,12027.0,12027.0,12031.0,12022.0,12031.0,420
2026-04-29 06:50:00+00:00,12021.0,12021.0,12028.0,12018.0,12028.0,486
2026-04-29 06:51:00+00:00,12027.0,12027.0,12030.0,12022.0,12022.0,379
2026-04-29 06:52:00+00:00,12028.0,12028.0,12028.0,12020.0,12022.0,396
2026-04-29 06:53:00+00:00,12029.0,12029.0,12030.0,12025.0,12025.0,448
2026-04-29 06:54:00+00:00,12024.0,12024.0,12030.0,12024.0,12029.0,548
2026-04-29 06:55:00+00:00,12025.0,12025.0,12026.0,12020.0,12020.0,215
2026-04-29 06:56:00+00:00,12020.0,12020.0,12027.0,12017.0,12027.0,418
2026-04-29 06:57:00+00:00,12017.0,12017.0,12024.0,12017.0,12023.0,430
2026-04-29 06:58:00+00:00,12012.0,12012.0,12018.0,12012.0,12017.0,512
2026-04-29 06:59:00+00:00,12007.0,12007.0,12013.0,12003.0,12013.0,750
2026-04-29 07:00:00+00:00,12006.0,12006.0,12009.0,12006.0,12007.0,349
2026-04-29 07:01:00+00:00,12006.0,12006.0,12007.0,12004.0,12006.0,366
2026-04-29 07:02:00+00:00,12014.0,12014.0,12017.0,12007.0,12007.0,518
2026-04-29 07:03:00+00:00,12015.0,12015.0,12019.0,12014.0,12016.0,471
2026-04-29 07:04:00+00:00,12015.0,12015.0,12019.0,12015.0,12018.0,676
2026-04-29 07:05:00+00:00,12014.0,12014.0,12015.0,12014.0,12014.0,222
2026-04-29 07:06:00+00:00,12015.0,12015.0,12015.0,12014.0,12015.0,285
2026-04-29 07:07:00+00:00,12015.0,12015.0,12015.0,12012.0,12014.0,346
2026-04-29 07:08:00+00:00,12015.0,12015.0,12015.0,12012.0,12013.0,419
2026-04-29 07:09:00+00:00,12016.0,12016.0,12016.0,12014.0,12015.0,413
2026-04-29 07:10:00+00:00,12011.0,12011.0,12019.0,12011.0,12018.0,655
2026-04-29 07:11:00+00:00,12013.0,12013.0,12016.0,12011.0,12015.0,319
2026-04-29 07:12:00+00:00,12004.0,12004.0,12013.0,12004.0,12013.0,473
2026-04-29 07:13:00+00:00,12004.0,12004.0,12010.0,12001.0,12004.0,12588
2026-04-29 07:14:00+00:00,12016.0,12016.0,12016.0,12004.0,12008.0,270
2026-04-29 07:15:00+00:00,12013.0,12013.0,12025.0,12013.0,12019.0,805
2026-04-29 07:16:00+00:00,12014.0,12014.0,12015.0,12012.0,12012.0,185
2026-04-29 07:17:00+00:00,12014.0,12014.0,12017.0,12008.0,12017.0,461
2026-04-29 07:18:00+00:00,12011.0,12011.0,12015.0,12011.0,12015.0,338
2026-04-29 07:19:00+00:00,12010.0,12010.0,12014.0,12005.0,12011.0,444
2026-04-29 07:20:00+00:00,11995.0,11995.0,12013.0,11992.0,12013.0,1799
2026-04-29 07:21:00+00:00,11996.0,11996.0,12001.0,11996.0,11996.0,629
2026-04-29 07:22:00+00:00,11998.0,11998.0,11999.0,11996.0,11998.0,161
2026-04-29 07:23:00+00:00,11997.0,11997.0,12000.0,11996.0,12000.0,187
2026-04-29 07:24:00+00:00,11993.0,11993.0,11998.0,11990.0,11997.0,296
2026-04-29 07:25:00+00:00,11993.0,11993.0,11995.0,11991.0,11994.0,286
2026-04-29 07:26:00+00:00,12003.0,12003.0,12005.0,11989.0,11995.0,2826
2026-04-29 07:27:00+00:00,12004.0,12004.0,12005.0,12000.0,12004.0,716
2026-04-29 07:28:00+00:00,12000.0,12000.0,12005.0,12000.0,12005.0,509
2026-04-29 07:29:00+00:00,12004.0,12004.0,12006.0,12000.0,12002.0,226
2026-04-29 07:30:00+00:00,11995.0,11995.0,12003.0,11995.0,12000.0,701
2026-04-29 07:31:00+00:00,11986.0,11986.0,11994.0,11980.0,11994.0,407
2026-04-29 07:32:00+00:00,11972.0,11972.0,11986.0,11972.0,11986.0,455
2026-04-29 07:33:00+00:00,11975.0,11975.0,11979.0,11969.0,11970.0,1212
2026-04-29 07:34:00+00:00,11985.0,11985.0,11985.0,11975.0,11975.0,693
2026-04-29 07:35:00+00:00,12001.0,12001.0,12001.0,11983.0,11983.0,1073
2026-04-29 07:36:00+00:00,11995.0,11995.0,12008.0,11995.0,12001.0,1321
2026-04-29 07:37:00+00:00,11995.0,11995.0,12002.0,11992.0,12000.0,2487
2026-04-29 07:38:00+00:00,11995.0,11995.0,11997.0,11995.0,11996.0,5473
2026-04-29 07:39:00+00:00,11989.0,11989.0,11996.0,11989.0,11995.0,1041
2026-04-29 07:40:00+00:00,11984.0,11984.0,11990.0,11984.0,11989.0,1248
2026-04-29 07:41:00+00:00,11984.0,11984.0,11990.0,11980.0,11984.0,1251
2026-04-29 07:42:00+00:00,11977.0,11977.0,11986.0,11974.0,11984.0,1740
2026-04-29 07:43:00+00:00,11978.0,11978.0,11988.0,11974.0,11977.0,979
2026-04-29 07:44:00+00:00,11970.0,11970.0,11980.0,11965.0,11979.0,680
2026-04-29 07:45:00+00:00,11968.0,11968.0,11974.0,11965.0,11970.0,325
2026-04-29 07:46:00+00:00,11959.0,11959.0,11970.0,11954.0,11970.0,2093
2026-04-29 07:47:00+00:00,11960.0,11960.0,11962.0,11955.0,11960.0,533
2026-04-29 07:48:00+00:00,11959.0,11959.0,11962.0,11958.0,11958.0,313
2026-04-29 07:49:00+00:00,11965.0,11965.0,11965.0,11959.0,11959.0,1819
2026-04-29 07:50:00+00:00,11963.0,11963.0,11964.0,11961.0,11964.0,650
2026-04-29 07:51:00+00:00,11952.0,11952.0,11963.0,11952.0,11963.0,883
2026-04-29 07:52:00+00:00,11951.0,11951.0,11956.0,11950.0,11953.0,707
2026-04-29 07:53:00+00:00,11956.0,11956.0,11956.0,11951.0,11955.0,586
2026-04-29 07:54:00+00:00,11958.0,11958.0,11959.0,11955.0,11956.0,502
2026-04-29 07:55:00+00:00,11956.0,11956.0,11958.0,11956.0,11957.0,531
2026-04-29 07:56:00+00:00,11953.0,11953.0,11962.0,11953.0,11955.0,1492
2026-04-29 07:57:00+00:00,11945.0,11945.0,11954.0,11944.0,11954.0,1035
2026-04-29 07:58:00+00:00,11945.0,11945.0,11948.0,11945.0,11947.0,286
2026-04-29 07:59:00+00:00,11951.0,11951.0,11954.0,11946.0,11946.0,618
2026-04-29 08:00:00+00:00,11958.0,11958.0,11958.0,11953.0,11955.0,646
2026-04-29 08:01:00+00:00,11959.0,11959.0,11959.0,11956.0,11958.0,334
2026-04-29 08:02:00+00:00,11950.0,11950.0,11960.0,11950.0,11957.0,813
2026-04-29 08:03:00+00:00,11958.0,11958.0,11958.0,11950.0,11950.0,285
2026-04-29 08:04:00+00:00,11951.0,11951.0,11961.0,11951.0,11958.0,398
2026-04-29 08:05:00+00:00,11950.0,11950.0,11950.0,11948.0,11950.0,370
2026-04-29 08:06:00+00:00,11945.0,11945.0,11951.0,11941.0,11950.0,523
2026-04-29 08:07:00+00:00,11944.0,11944.0,11948.0,11942.0,11945.0,1899
2026-04-29 08:08:00+00:00,11925.0,11925.0,11945.0,11925.0,11944.0,695
2026-04-29 08:09:00+00:00,11930.0,11930.0,11932.0,11926.0,11931.0,321
2026-04-29 08:10:00+00:00,11929.0,11929.0,11931.0,11925.0,11931.0,537
2026-04-29 08:11:00+00:00,11927.0,11927.0,11931.0,11926.0,11931.0,354
2026-04-29 08:12:00+00:00,11929.0,11929.0,11930.0,11922.0,11929.0,288
2026-04-29 08:13:00+00:00,11905.0,11905.0,11931.0,11905.0,11931.0,734
2026-04-29 08:14:00+00:00,11912.0,11912.0,11914.0,11905.0,11905.0,507
2026-04-29 08:15:00+00:00,11910.0,11910.0,11915.0,11910.0,11913.0,405
2026-04-29 08:16:00+00:00,11910.0,11910.0,11913.0,11908.0,11910.0,510
2026-04-29 08:17:00+00:00,11910.0,11910.0,11918.0,11910.0,11914.0,613
2026-04-29 08:18:00+00:00,11911.0,11911.0,11911.0,11901.0,11909.0,375
2026-04-29 08:19:00+00:00,11917.0,11917.0,11919.0,11911.0,11911.0,674
2026-04-29 08:20:00+00:00,11921.0,11921.0,11921.0,11917.0,11917.0,326
2026-04-29 08:21:00+00:00,11915.0,11915.0,11920.0,11911.0,11919.0,477
2026-04-29 08:22:00+00:00,11920.0,11920.0,11920.0,11915.0,11918.0,256
2026-04-29 08:23:00+00:00,11921.0,11921.0,11923.0,11919.0,11921.0,381
2026-04-29 08:24:00+00:00,11923.0,11923.0,11924.0,11918.0,11921.0,302
2026-04-29 08:25:00+00:00,11924.0,11924.0,11927.0,11924.0,11926.0,352
2026-04-29 08:26:00+00:00,11930.0,11930.0,11930.0,11927.0,11928.0,324
2026-04-29 08:27:00+00:00,11925.0,11925.0,11930.0,11924.0,11929.0,472
2026-04-29 08:28:00+00:00,11924.0,11924.0,11930.0,11921.0,11925.0,456
2026-04-29 08:29:00+00:00,11915.0,11915.0,11923.0,11915.0,11919.0,484
2026-04-29 08:30:00+00:00,11909.0,11909.0,11913.0,11904.0,11913.0,807
2026-04-29 08:31:00+00:00,11902.0,11902.0,11909.0,11902.0,11908.0,53563
2026-04-29 08:32:00+00:00,11896.0,11896.0,11903.0,11896.0,11903.0,367
2026-04-29 08:33:00+00:00,11885.0,11885.0,11902.0,11883.0,11902.0,1262
2026-04-29 08:34:00+00:00,11881.0,11881.0,11887.0,11880.0,11880.0,699
2026-04-29 08:35:00+00:00,11879.0,11879.0,11883.0,11879.0,11881.0,947
2026-04-29 08:36:00+00:00,11878.0,11878.0,11879.0,11876.0,11877.0,383
2026-04-29 08:37:00+00:00,11874.0,11874.0,11879.0,11874.0,11876.0,354
2026-04-29 08:38:00+00:00,11879.0,11879.0,11879.0,11875.0,11875.0,361
2026-04-29 08:39:00+00:00,11867.0,11867.0,11877.0,11863.0,11877.0,906
2026-04-29 08:40:00+00:00,11868.0,11868.0,11869.0,11866.0,11868.0,435
2026-04-29 08:41:00+00:00,11870.0,11870.0,11872.0,11864.0,11869.0,713
2026-04-29 08:42:00+00:00,11853.0,11853.0,11870.0,11853.0,11870.0,910
2026-04-29 08:43:00+00:00,11847.0,11847.0,11854.0,11847.0,11853.0,644
2026-04-29 08:44:00+00:00,11853.0,11853.0,11857.0,11847.0,11852.0,480
2026-04-29 08:45:00+00:00,11858.0,11858.0,11858.0,11852.0,11856.0,730
2026-04-29 08:46:00+00:00,11847.0,11847.0,11856.0,11846.0,11856.0,658
2026-04-29 08:47:00+00:00,11840.0,11840.0,11849.0,11840.0,11849.0,902
2026-04-29 08:48:00+00:00,11843.0,11843.0,11848.0,11842.0,11845.0,983
2026-04-29 08:49:00+00:00,11838.0,11838.0,11852.0,11838.0,11843.0,1188
2026-04-29 08:50:00+00:00,11824.0,11824.0,11835.0,11821.0,11830.0,1825
2026-04-29 08:51:00+00:00,11834.0,11834.0,11840.0,11817.0,11824.0,697
2026-04-29 08:52:00+00:00,11848.0,11848.0,11848.0,11840.0,11840.0,290
2026-04-29 08:53:00+00:00,11853.0,11853.0,11853.0,11847.0,11848.0,872
2026-04-29 08:54:00+00:00,11861.0,11861.0,11863.0,11853.0,11853.0,406
2026-04-29 08:55:00+00:00,11868.0,11868.0,11868.0,11862.0,11863.0,561
2026-04-29 08:56:00+00:00,11870.0,11870.0,11870.0,11867.0,11869.0,337
2026-04-29 08:57:00+00:00,11856.0,11856.0,11870.0,11856.0,11869.0,740
2026-04-29 08:58:00+00:00,11855.0,11855.0,11858.0,11847.0,11852.0,917
2026-04-29 08:59:00+00:00,11851.0,11851.0,11858.0,11846.0,11858.0,505
2026-04-29 09:00:00+00:00,11847.0,11847.0,11851.0,11845.0,11850.0,365
2026-04-29 09:01:00+00:00,11843.0,11843.0,11849.0,11838.0,11849.0,459
2026-04-29 09:02:00+00:00,11847.0,11847.0,11849.0,11844.0,11847.0,466
2026-04-29 09:03:00+00:00,11849.0,11849.0,11850.0,11846.0,11848.0,638
2026-04-29 09:04:00+00:00,11857.0,11857.0,11857.0,11848.0,11849.0,313
2026-04-29 09:05:00+00:00,11855.0,11855.0,11857.0,11847.0,11857.0,584
2026-04-29 09:06:00+00:00,11861.0,11861.0,11862.0,11852.0,11854.0,322
2026-04-29 09:07:00+00:00,11855.0,11855.0,11857.0,11850.0,11850.0,523
2026-04-29 09:08:00+00:00,11859.0,11859.0,11859.0,11855.0,11855.0,315
2026-04-29 09:09:00+00:00,11864.0,11864.0,11864.0,11859.0,11859.0,312
2026-04-29 09:10:00+00:00,11867.0,11867.0,11868.0,11863.0,11863.0,364
2026-04-29 09:11:00+00:00,11867.0,11867.0,11868.0,11864.0,11867.0,397
2026-04-29 09:12:00+00:00,11867.0,11867.0,11869.0,11861.0,11868.0,511
2026-04-29 09:13:00+00:00,11865.0,11865.0,11870.0,11862.0,11867.0,517
2026-04-29 09:14:00+00:00,11870.0,11870.0,11870.0,11867.0,11867.0,278
2026-04-29 09:15:00+00:00,11863.0,11863.0,11870.0,11862.0,11869.0,378
2026-04-29 09:16:00+00:00,11853.0,11853.0,11861.0,11851.0,11861.0,710
2026-04-29 09:17:00+00:00,11859.0,11859.0,11859.0,11848.0,11852.0,703
2026-04-29 09:18:00+00:00,11865.0,11865.0,11867.0,11859.0,11859.0,275
2026-04-29 09:19:00+00:00,11863.0,11863.0,11866.0,11859.0,11863.0,413
2026-04-29 09:20:00+00:00,11860.0,11860.0,11864.0,11856.0,11864.0,420
2026-04-29 09:21:00+00:00,11861.0,11861.0,11864.0,11857.0,11864.0,333
2026-04-29 09:22:00+00:00,11857.0,11857.0,11863.0,11857.0,11860.0,360
2026-04-29 09:23:00+00:00,11861.0,11861.0,11862.0,11856.0,11858.0,301
2026-04-29 09:24:00+00:00,11860.0,11860.0,11862.0,11855.0,11855.0,527
2026-04-29 09:25:00+00:00,11857.0,11857.0,11860.0,11852.0,11858.0,343
2026-04-29 09:26:00+00:00,11855.0,11855.0,11858.0,11851.0,11858.0,350
2026-04-29 09:27:00+00:00,11847.0,11847.0,11851.0,11842.0,11850.0,559
2026-04-29 09:28:00+00:00,11846.0,11846.0,11848.0,11843.0,11848.0,270
2026-04-29 09:29:00+00:00,11839.0,11839.0,11848.0,11835.0,11847.0,585
2026-04-29 09:30:00+00:00,11848.0,11848.0,11848.0,11838.0,11838.0,838
2026-04-29 09:31:00+00:00,11853.0,11853.0,11859.0,11848.0,11848.0,1449
2026-04-29 09:32:00+00:00,11854.0,11854.0,11858.0,11853.0,11853.0,648
2026-04-29 09:33:00+00:00,11852.0,11852.0,11855.0,11852.0,11854.0,815
2026-04-29 09:34:00+00:00,11849.0,11849.0,11853.0,11845.0,11851.0,604
2026-04-29 09:35:00+00:00,11840.0,11840.0,11850.0,11838.0,11848.0,979
2026-04-29 09:36:00+00:00,11836.0,11836.0,11841.0,11835.0,11840.0,789
2026-04-29 09:37:00+00:00,11841.0,11841.0,11842.0,11833.0,11833.0,857
2026-04-29 09:38:00+00:00,11840.0,11840.0,11847.0,11837.0,11840.0,1245
2026-04-29 09:39:00+00:00,11841.0,11841.0,11843.0,11838.0,11841.0,704
2026-04-29 09:40:00+00:00,11837.0,11837.0,11842.0,11832.0,11842.0,837
2026-04-29 09:41:00+00:00,11830.0,11830.0,11832.0,11826.0,11832.0,962
2026-04-29 09:42:00+00:00,11826.0,11826.0,11829.0,11824.0,11829.0,920
2026-04-29 09:43:00+00:00,11824.0,11824.0,11826.0,11823.0,11825.0,807
2026-04-29 09:44:00+00:00,11824.0,11824.0,11826.0,11822.0,11823.0,810
2026-04-29 09:45:00+00:00,11824.0,11824.0,11825.0,11823.0,11823.0,662
2026-04-29 09:46:00+00:00,11825.0,11825.0,11826.0,11823.0,11823.0,1004
2026-04-29 09:47:00+00:00,11827.0,11827.0,11827.0,11823.0,11823.0,1545
2026-04-29 09:48:00+00:00,11826.0,11826.0,11827.0,11823.0,11827.0,1341
2026-04-29 09:49:00+00:00,11825.0,11825.0,11825.0,11823.0,11825.0,665
2026-04-29 09:50:00+00:00,11827.0,11827.0,11827.0,11825.0,11825.0,690
2026-04-29 09:51:00+00:00,11837.0,11837.0,11838.0,11827.0,11827.0,1545
2026-04-29 09:52:00+00:00,11834.0,11834.0,11839.0,11833.0,11839.0,1219
2026-04-29 09:53:00+00:00,11834.0,11834.0,11836.0,11830.0,11836.0,2049
2026-04-29 09:54:00+00:00,11833.0,11833.0,11833.0,11830.0,11831.0,847
2026-04-29 09:55:00+00:00,11827.0,11827.0,11833.0,11825.0,11830.0,1056
2026-04-29 09:56:00+00:00,11823.0,11823.0,11827.0,11817.0,11827.0,1358
2026-04-29 09:57:00+00:00,11830.0,11830.0,11830.0,11823.0,11823.0,1160
2026-04-29 09:58:00+00:00,11823.0,11823.0,11829.0,11820.0,11828.0,1130
2026-04-29 09:59:00+00:00,11830.0,11830.0,11830.0,11820.0,11820.0,1289
2026-04-30 03:45:00+00:00,11611.0,11611.0,11665.0,11584.0,11665.0,0
2026-04-30 03:46:00+00:00,11643.0,11643.0,11644.0,11610.0,11626.0,3879
2026-04-30 03:47:00+00:00,11646.0,11646.0,11646.0,11621.0,11640.0,1592
2026-04-30 03:48:00+00:00,11641.0,11641.0,11649.0,11638.0,11649.0,2065
2026-04-30 03:49:00+00:00,11626.0,11626.0,11645.0,11625.0,11645.0,1932
2026-04-30 03:50:00+00:00,11616.0,11616.0,11622.0,11609.0,11622.0,2715
2026-04-30 03:51:00+00:00,11587.0,11587.0,11615.0,11587.0,11615.0,2299
2026-04-30 03:52:00+00:00,11575.0,11575.0,11592.0,11569.0,11590.0,2581
2026-04-30 03:53:00+00:00,11580.0,11580.0,11589.0,11580.0,11586.0,957
2026-04-30 03:54:00+00:00,11576.0,11576.0,11580.0,11576.0,11580.0,1062
2026-04-30 03:55:00+00:00,11560.0,11560.0,11580.0,11560.0,11577.0,1672
2026-04-30 03:56:00+00:00,11547.0,11547.0,11562.0,11543.0,11562.0,4366
2026-04-30 03:57:00+00:00,11538.0,11538.0,11545.0,11538.0,11545.0,1087
2026-04-30 03:58:00+00:00,11544.0,11544.0,11547.0,11532.0,11540.0,1326
2026-04-30 03:59:00+00:00,11536.0,11536.0,11537.0,11530.0,11536.0,2190
2026-04-30 04:00:00+00:00,11527.0,11527.0,11533.0,11527.0,11533.0,558
2026-04-30 04:01:00+00:00,11531.0,11531.0,11533.0,11524.0,11529.0,918
2026-04-30 04:02:00+00:00,11545.0,11545.0,11546.0,11530.0,11530.0,1576
2026-04-30 04:03:00+00:00,11543.0,11543.0,11545.0,11520.0,11545.0,2839
2026-04-30 04:04:00+00:00,11561.0,11561.0,11561.0,11542.0,11549.0,2886
2026-04-30 04:05:00+00:00,11543.0,11543.0,11561.0,11534.0,11560.0,3809
2026-04-30 04:06:00+00:00,11544.0,11544.0,11544.0,11530.0,11539.0,1659
2026-04-30 04:07:00+00:00,11555.0,11555.0,11555.0,11543.0,11544.0,1719
2026-04-30 04:08:00+00:00,11568.0,11568.0,11574.0,11553.0,11557.0,3408
2026-04-30 04:09:00+00:00,11550.0,11550.0,11569.0,11547.0,11568.0,967
2026-04-30 04:10:00+00:00,11541.0,11541.0,11550.0,11533.0,11550.0,1273
2026-04-30 04:11:00+00:00,11554.0,11554.0,11554.0,11541.0,11549.0,463
2026-04-30 04:12:00+00:00,11578.0,11578.0,11578.0,11549.0,11554.0,2571
2026-04-30 04:13:00+00:00,11586.0,11586.0,11590.0,11571.0,11580.0,4098
2026-04-30 04:14:00+00:00,11583.0,11583.0,11598.0,11579.0,11580.0,2261
2026-04-30 04:15:00+00:00,11594.0,11594.0,11594.0,11582.0,11583.0,1302
2026-04-30 04:16:00+00:00,11590.0,11590.0,11594.0,11590.0,11591.0,942
2026-04-30 04:17:00+00:00,11588.0,11588.0,11593.0,11583.0,11590.0,728
2026-04-30 04:18:00+00:00,11580.0,11580.0,11588.0,11578.0,11582.0,507
2026-04-30 04:19:00+00:00,11588.0,11588.0,11588.0,11580.0,11585.0,1796
2026-04-30 04:20:00+00:00,11583.0,11583.0,11590.0,11581.0,11581.0,948
2026-04-30 04:21:00+00:00,11579.0,11579.0,11588.0,11573.0,11588.0,1098
2026-04-30 04:22:00+00:00,11578.0,11578.0,11589.0,11574.0,11579.0,678
2026-04-30 04:23:00+00:00,11582.0,11582.0,11587.0,11578.0,11578.0,303
2026-04-30 04:24:00+00:00,11576.0,11576.0,11587.0,11576.0,11586.0,1101
2026-04-30 04:25:00+00:00,11577.0,11577.0,11583.0,11570.0,11575.0,946
2026-04-30 04:26:00+00:00,11582.0,11582.0,11582.0,11575.0,11578.0,257
2026-04-30 04:27:00+00:00,11580.0,11580.0,11585.0,11580.0,11580.0,960
2026-04-30 04:28:00+00:00,11576.0,11576.0,11586.0,11576.0,11583.0,813
2026-04-30 04:29:00+00:00,11569.0,11569.0,11577.0,11569.0,11577.0,561
2026-04-30 04:30:00+00:00,11565.0,11565.0,11568.0,11556.0,11568.0,1464
2026-04-30 04:31:00+00:00,11555.0,11555.0,11563.0,11544.0,11557.0,4052
2026-04-30 04:32:00+00:00,11553.0,11553.0,11562.0,11545.0,11551.0,2167
2026-04-30 04:33:00+00:00,11551.0,11551.0,11559.0,11547.0,11551.0,488
2026-04-30 04:34:00+00:00,11548.0,11548.0,11556.0,11548.0,11554.0,2219
2026-04-30 04:35:00+00:00,11546.0,11546.0,11559.0,11546.0,11548.0,908
2026-04-30 04:36:00+00:00,11546.0,11546.0,11550.0,11537.0,11550.0,2423
2026-04-30 04:37:00+00:00,11541.0,11541.0,11546.0,11537.0,11546.0,1607
2026-04-30 04:38:00+00:00,11535.0,11535.0,11539.0,11531.0,11538.0,635
2026-04-30 04:39:00+00:00,11530.0,11530.0,11536.0,11525.0,11536.0,1303
2026-04-30 04:40:00+00:00,11527.0,11527.0,11532.0,11523.0,11525.0,1311
2026-04-30 04:41:00+00:00,11523.0,11523.0,11530.0,11514.0,11521.0,2863
2026-04-30 04:42:00+00:00,11512.0,11512.0,11526.0,11512.0,11522.0,1285
2026-04-30 04:43:00+00:00,11527.0,11527.0,11530.0,11513.0,11514.0,2660
2026-04-30 04:44:00+00:00,11528.0,11528.0,11528.0,11520.0,11524.0,761
2026-04-30 04:45:00+00:00,11525.0,11525.0,11528.0,11514.0,11524.0,1214
2026-04-30 04:46:00+00:00,11521.0,11521.0,11532.0,11521.0,11523.0,1130
2026-04-30 04:47:00+00:00,11515.0,11515.0,11522.0,11510.0,11522.0,1314
2026-04-30 04:48:00+00:00,11518.0,11518.0,11518.0,11514.0,11518.0,549
2026-04-30 04:49:00+00:00,11526.0,11526.0,11530.0,11517.0,11525.0,1701
2026-04-30 04:50:00+00:00,11520.0,11520.0,11528.0,11519.0,11528.0,504
2026-04-30 04:51:00+00:00,11522.0,11522.0,11522.0,11520.0,11520.0,722
2026-04-30 04:52:00+00:00,11512.0,11512.0,11521.0,11512.0,11521.0,1135
2026-04-30 04:53:00+00:00,11511.0,11511.0,11518.0,11510.0,11518.0,827
2026-04-30 04:54:00+00:00,11513.0,11513.0,11516.0,11507.0,11510.0,1424
2026-04-30 04:55:00+00:00,11513.0,11513.0,11516.0,11508.0,11513.0,718
2026-04-30 04:56:00+00:00,11509.0,11509.0,11514.0,11507.0,11510.0,1258
2026-04-30 04:57:00+00:00,11513.0,11513.0,11514.0,11511.0,11511.0,772
2026-04-30 04:58:00+00:00,11515.0,11515.0,11519.0,11510.0,11519.0,1043
2026-04-30 04:59:00+00:00,11497.0,11497.0,11516.0,11497.0,11515.0,5110
2026-04-30 05:00:00+00:00,11497.0,11497.0,11501.0,11490.0,11496.0,6423
2026-04-30 05:01:00+00:00,11498.0,11498.0,11500.0,11488.0,11496.0,950
2026-04-30 05:02:00+00:00,11503.0,11503.0,11507.0,11498.0,11498.0,1225
2026-04-30 05:03:00+00:00,11526.0,11526.0,11530.0,11502.0,11502.0,3218
2026-04-30 05:04:00+00:00,11532.0,11532.0,11537.0,11516.0,11519.0,4410
2026-04-30 05:05:00+00:00,11542.0,11542.0,11542.0,11528.0,11533.0,1064
2026-04-30 05:06:00+00:00,11539.0,11539.0,11543.0,11531.0,11541.0,1751
2026-04-30 05:07:00+00:00,11548.0,11548.0,11548.0,11529.0,11539.0,860
2026-04-30 05:08:00+00:00,11547.0,11547.0,11548.0,11541.0,11543.0,1207
2026-04-30 05:09:00+00:00,11550.0,11550.0,11554.0,11543.0,11543.0,1559
2026-04-30 05:10:00+00:00,11545.0,11545.0,11553.0,11544.0,11550.0,946
2026-04-30 05:11:00+00:00,11541.0,11541.0,11550.0,11541.0,11547.0,884
2026-04-30 05:12:00+00:00,11544.0,11544.0,11548.0,11541.0,11545.0,2433
2026-04-30 05:13:00+00:00,11541.0,11541.0,11542.0,11532.0,11539.0,839
2026-04-30 05:14:00+00:00,11552.0,11552.0,11552.0,11539.0,11540.0,908
2026-04-30 05:15:00+00:00,11536.0,11536.0,11552.0,11536.0,11552.0,1111
2026-04-30 05:16:00+00:00,11561.0,11561.0,11567.0,11542.0,11542.0,3472
2026-04-30 05:17:00+00:00,11558.0,11558.0,11568.0,11555.0,11560.0,2052
2026-04-30 05:18:00+00:00,11556.0,11556.0,11568.0,11556.0,11568.0,850
2026-04-30 05:19:00+00:00,11551.0,11551.0,11560.0,11551.0,11559.0,650
2026-04-30 05:20:00+00:00,11558.0,11558.0,11561.0,11550.0,11557.0,1146
2026-04-30 05:21:00+00:00,11557.0,11557.0,11565.0,11552.0,11553.0,1140
2026-04-30 05:22:00+00:00,11547.0,11547.0,11559.0,11547.0,11559.0,526
2026-04-30 05:23:00+00:00,11555.0,11555.0,11557.0,11546.0,11551.0,1233
2026-04-30 05:24:00+00:00,11546.0,11546.0,11553.0,11546.0,11552.0,447
2026-04-30 05:25:00+00:00,11525.0,11525.0,11549.0,11525.0,11545.0,1356
2026-04-30 05:26:00+00:00,11525.0,11525.0,11529.0,11523.0,11529.0,1047
2026-04-30 05:27:00+00:00,11539.0,11539.0,11542.0,11521.0,11521.0,1601
2026-04-30 05:28:00+00:00,11531.0,11531.0,11540.0,11531.0,11539.0,476
2026-04-30 05:29:00+00:00,11533.0,11533.0,11538.0,11529.0,11538.0,1093
2026-04-30 05:30:00+00:00,11534.0,11534.0,11535.0,11533.0,11533.0,607
2026-04-30 05:31:00+00:00,11533.0,11533.0,11534.0,11527.0,11534.0,648
2026-04-30 05:32:00+00:00,11537.0,11537.0,11539.0,11532.0,11533.0,871
2026-04-30 05:33:00+00:00,11534.0,11534.0,11537.0,11529.0,11530.0,806
2026-04-30 05:34:00+00:00,11534.0,11534.0,11536.0,11527.0,11529.0,1282
2026-04-30 05:35:00+00:00,11533.0,11533.0,11535.0,11529.0,11534.0,779
2026-04-30 05:36:00+00:00,11523.0,11523.0,11534.0,11523.0,11533.0,949
2026-04-30 05:37:00+00:00,11526.0,11526.0,11529.0,11521.0,11524.0,1219
2026-04-30 05:38:00+00:00,11525.0,11525.0,11527.0,11521.0,11525.0,747
2026-04-30 05:39:00+00:00,11528.0,11528.0,11529.0,11520.0,11521.0,1368
2026-04-30 05:40:00+00:00,11515.0,11515.0,11529.0,11510.0,11529.0,1480
2026-04-30 05:41:00+00:00,11513.0,11513.0,11519.0,11510.0,11516.0,837
2026-04-30 05:42:00+00:00,11510.0,11510.0,11513.0,11506.0,11513.0,934
2026-04-30 05:43:00+00:00,11513.0,11513.0,11516.0,11510.0,11513.0,757
2026-04-30 05:44:00+00:00,11523.0,11523.0,11523.0,11512.0,11512.0,712
2026-04-30 05:45:00+00:00,11521.0,11521.0,11523.0,11514.0,11523.0,947
2026-04-30 05:46:00+00:00,11526.0,11526.0,11526.0,11514.0,11516.0,1047
2026-04-30 05:47:00+00:00,11523.0,11523.0,11531.0,11523.0,11528.0,647
2026-04-30 05:48:00+00:00,11523.0,11523.0,11531.0,11518.0,11528.0,724
2026-04-30 05:49:00+00:00,11530.0,11530.0,11536.0,11523.0,11523.0,870
2026-04-30 05:50:00+00:00,11524.0,11524.0,11529.0,11520.0,11529.0,975
2026-04-30 05:51:00+00:00,11528.0,11528.0,11532.0,11526.0,11527.0,855
2026-04-30 05:52:00+00:00,11526.0,11526.0,11529.0,11524.0,11529.0,776
2026-04-30 05:53:00+00:00,11524.0,11524.0,11528.0,11520.0,11524.0,707
2026-04-30 05:54:00+00:00,11525.0,11525.0,11531.0,11524.0,11524.0,767
2026-04-30 05:55:00+00:00,11530.0,11530.0,11531.0,11524.0,11531.0,1102
2026-04-30 05:56:00+00:00,11530.0,11530.0,11530.0,11524.0,11529.0,1339
2026-04-30 05:57:00+00:00,11521.0,11521.0,11531.0,11514.0,11531.0,1508
2026-04-30 05:58:00+00:00,11520.0,11520.0,11527.0,11514.0,11515.0,1951
2026-04-30 05:59:00+00:00,11520.0,11520.0,11525.0,11520.0,11525.0,717
2026-04-30 06:00:00+00:00,11529.0,11529.0,11530.0,11520.0,11523.0,1504
2026-04-30 06:01:00+00:00,11532.0,11532.0,11532.0,11529.0,11529.0,1102
2026-04-30 06:02:00+00:00,11534.0,11534.0,11537.0,11529.0,11534.0,759
2026-04-30 06:03:00+00:00,11538.0,11538.0,11539.0,11528.0,11528.0,1251
2026-04-30 06:04:00+00:00,11538.0,11538.0,11544.0,11537.0,11538.0,871
2026-04-30 06:05:00+00:00,11529.0,11529.0,11538.0,11527.0,11532.0,1140
2026-04-30 06:06:00+00:00,11539.0,11539.0,11544.0,11520.0,11523.0,3583
2026-04-30 06:07:00+00:00,11541.0,11541.0,11546.0,11530.0,11535.0,1365
2026-04-30 06:08:00+00:00,11528.0,11528.0,11544.0,11523.0,11542.0,1288
2026-04-30 06:09:00+00:00,11534.0,11534.0,11539.0,11522.0,11523.0,866
2026-04-30 06:10:00+00:00,11522.0,11522.0,11535.0,11520.0,11535.0,1052
2026-04-30 06:11:00+00:00,11529.0,11529.0,11529.0,11521.0,11521.0,724
2026-04-30 06:12:00+00:00,11529.0,11529.0,11529.0,11523.0,11529.0,721
2026-04-30 06:13:00+00:00,11516.0,11516.0,11539.0,11511.0,11527.0,6340
2026-04-30 06:14:00+00:00,11531.0,11531.0,11534.0,11510.0,11512.0,935
2026-04-30 06:15:00+00:00,11508.0,11508.0,11530.0,11508.0,11529.0,773
2026-04-30 06:16:00+00:00,11513.0,11513.0,11515.0,11505.0,11507.0,1231
2026-04-30 06:17:00+00:00,11513.0,11513.0,11513.0,11504.0,11513.0,928
2026-04-30 06:18:00+00:00,11517.0,11517.0,11519.0,11508.0,11513.0,854
2026-04-30 06:19:00+00:00,11517.0,11517.0,11517.0,11510.0,11515.0,719
2026-04-30 06:20:00+00:00,11511.0,11511.0,11517.0,11508.0,11517.0,794
2026-04-30 06:21:00+00:00,11515.0,11515.0,11515.0,11505.0,11511.0,1124
2026-04-30 06:22:00+00:00,11510.0,11510.0,11514.0,11510.0,11514.0,481
2026-04-30 06:23:00+00:00,11506.0,11506.0,11512.0,11505.0,11510.0,796
2026-04-30 06:24:00+00:00,11516.0,11516.0,11516.0,11505.0,11509.0,898
2026-04-30 06:25:00+00:00,11515.0,11515.0,11516.0,11510.0,11516.0,672
2026-04-30 06:26:00+00:00,11520.0,11520.0,11523.0,11510.0,11516.0,655
2026-04-30 06:27:00+00:00,11520.0,11520.0,11521.0,11511.0,11512.0,887
2026-04-30 06:28:00+00:00,11520.0,11520.0,11521.0,11514.0,11520.0,581
2026-04-30 06:29:00+00:00,11517.0,11517.0,11521.0,11513.0,11513.0,873
2026-04-30 06:30:00+00:00,11514.0,11514.0,11524.0,11511.0,11516.0,910
2026-04-30 06:31:00+00:00,11508.0,11508.0,11514.0,11504.0,11514.0,738
2026-04-30 06:32:00+00:00,11505.0,11505.0,11508.0,11502.0,11508.0,651
2026-04-30 06:33:00+00:00,11515.0,11515.0,11515.0,11507.0,11507.0,701
2026-04-30 06:34:00+00:00,11508.0,11508.0,11515.0,11508.0,11515.0,633
2026-04-30 06:35:00+00:00,11542.0,11542.0,11545.0,11513.0,11513.0,4209
2026-04-30 06:36:00+00:00,11547.0,11547.0,11548.0,11542.0,11544.0,1438
2026-04-30 06:37:00+00:00,11546.0,11546.0,11547.0,11541.0,11547.0,955
2026-04-30 06:38:00+00:00,11566.0,11566.0,11579.0,11546.0,11547.0,3452
2026-04-30 06:39:00+00:00,11566.0,11566.0,11575.0,11560.0,11566.0,1101
2026-04-30 06:40:00+00:00,11550.0,11550.0,11568.0,11550.0,11564.0,1275
2026-04-30 06:41:00+00:00,11554.0,11554.0,11556.0,11550.0,11554.0,489
2026-04-30 06:42:00+00:00,11550.0,11550.0,11554.0,11550.0,11550.0,680
2026-04-30 06:43:00+00:00,11546.0,11546.0,11554.0,11534.0,11554.0,3244
2026-04-30 06:44:00+00:00,11549.0,11549.0,11550.0,11532.0,11542.0,944
2026-04-30 06:45:00+00:00,11538.0,11538.0,11549.0,11533.0,11549.0,693
2026-04-30 06:46:00+00:00,11533.0,11533.0,11541.0,11530.0,11541.0,684
2026-04-30 06:47:00+00:00,11524.0,11524.0,11534.0,11524.0,11533.0,1172
2026-04-30 06:48:00+00:00,11548.0,11548.0,11550.0,11524.0,11524.0,4170
2026-04-30 06:49:00+00:00,11538.0,11538.0,11548.0,11537.0,11548.0,1150
2026-04-30 06:50:00+00:00,11541.0,11541.0,11541.0,11535.0,11537.0,800
2026-04-30 06:51:00+00:00,11558.0,11558.0,11558.0,11541.0,11545.0,835
2026-04-30 06:52:00+00:00,11562.0,11562.0,11569.0,11550.0,11557.0,3219
2026-04-30 06:53:00+00:00,11552.0,11552.0,11560.0,11550.0,11554.0,1500
2026-04-30 06:54:00+00:00,11567.0,11567.0,11570.0,11550.0,11551.0,3103
2026-04-30 06:55:00+00:00,11560.0,11560.0,11565.0,11551.0,11562.0,893
2026-04-30 06:56:00+00:00,11550.0,11550.0,11560.0,11550.0,11560.0,506
2026-04-30 06:57:00+00:00,11554.0,11554.0,11555.0,11550.0,11555.0,538
2026-04-30 06:58:00+00:00,11554.0,11554.0,11555.0,11550.0,11550.0,722
2026-04-30 06:59:00+00:00,11569.0,11569.0,11574.0,11552.0,11552.0,1546
2026-04-30 07:00:00+00:00,11569.0,11569.0,11573.0,11564.0,11569.0,668
2026-04-30 07:01:00+00:00,11566.0,11566.0,11569.0,11560.0,11567.0,847
2026-04-30 07:02:00+00:00,11539.0,11539.0,11544.0,11527.0,11544.0,8810
2026-04-30 07:03:00+00:00,11550.0,11550.0,11554.0,11537.0,11540.0,3081
2026-04-30 07:04:00+00:00,11540.0,11540.0,11550.0,11540.0,11550.0,3330
2026-04-30 07:05:00+00:00,11531.0,11531.0,11545.0,11530.0,11540.0,1463
2026-04-30 07:06:00+00:00,11539.0,11539.0,11542.0,11531.0,11531.0,550
2026-04-30 07:07:00+00:00,11540.0,11540.0,11541.0,11535.0,11535.0,1932
2026-04-30 07:08:00+00:00,11544.0,11544.0,11544.0,11540.0,11540.0,3146
2026-04-30 07:09:00+00:00,11540.0,11540.0,11550.0,11540.0,11541.0,945
2026-04-30 07:10:00+00:00,11543.0,11543.0,11550.0,11541.0,11546.0,887
2026-04-30 07:11:00+00:00,11543.0,11543.0,11549.0,11540.0,11542.0,719
2026-04-30 07:12:00+00:00,11540.0,11540.0,11544.0,11537.0,11540.0,584
2026-04-30 07:13:00+00:00,11535.0,11535.0,11544.0,11535.0,11540.0,790
2026-04-30 07:14:00+00:00,11542.0,11542.0,11542.0,11535.0,11542.0,667
2026-04-30 07:15:00+00:00,11545.0,11545.0,11550.0,11542.0,11542.0,1750
2026-04-30 07:16:00+00:00,11569.0,11569.0,11569.0,11550.0,11550.0,30001
2026-04-30 07:17:00+00:00,11570.0,11570.0,11573.0,11558.0,11570.0,1400
2026-04-30 07:18:00+00:00,11559.0,11559.0,11571.0,11552.0,11569.0,959
2026-04-30 07:19:00+00:00,11558.0,11558.0,11561.0,11553.0,11559.0,1477
2026-04-30 07:20:00+00:00,11558.0,11558.0,11565.0,11555.0,11555.0,960
2026-04-30 07:21:00+00:00,11554.0,11554.0,11563.0,11554.0,11563.0,694
2026-04-30 07:22:00+00:00,11562.0,11562.0,11565.0,11553.0,11553.0,1620
2026-04-30 07:23:00+00:00,11559.0,11559.0,11565.0,11551.0,11565.0,760
2026-04-30 07:24:00+00:00,11564.0,11564.0,11564.0,11552.0,11554.0,1071
2026-04-30 07:25:00+00:00,11552.0,11552.0,11564.0,11552.0,11564.0,611
2026-04-30 07:26:00+00:00,11558.0,11558.0,11558.0,11550.0,11551.0,691
2026-04-30 07:27:00+00:00,11563.0,11563.0,11564.0,11559.0,11560.0,929
2026-04-30 07:28:00+00:00,11562.0,11562.0,11563.0,11557.0,11558.0,732
2026-04-30 07:29:00+00:00,11563.0,11563.0,11565.0,11560.0,11562.0,2621
2026-04-30 07:30:00+00:00,11564.0,11564.0,11565.0,11560.0,11562.0,2516
2026-04-30 07:31:00+00:00,11563.0,11563.0,11565.0,11560.0,11560.0,721
2026-04-30 07:32:00+00:00,11560.0,11560.0,11563.0,11560.0,11563.0,537
2026-04-30 07:33:00+00:00,11558.0,11558.0,11562.0,11558.0,11562.0,582
2026-04-30 07:34:00+00:00,11560.0,11560.0,11562.0,11560.0,11561.0,581
2026-04-30 07:35:00+00:00,11557.0,11557.0,11561.0,11557.0,11560.0,2376
2026-04-30 07:36:00+00:00,11555.0,11555.0,11555.0,11550.0,11551.0,661
2026-04-30 07:37:00+00:00,11550.0,11550.0,11555.0,11550.0,11550.0,640
2026-04-30 07:38:00+00:00,11560.0,11560.0,11564.0,11555.0,11555.0,730
2026-04-30 07:39:00+00:00,11560.0,11560.0,11561.0,11554.0,11554.0,635
2026-04-30 07:40:00+00:00,11552.0,11552.0,11563.0,11552.0,11560.0,524
2026-04-30 07:41:00+00:00,11561.0,11561.0,11565.0,11554.0,11554.0,2655
2026-04-30 07:42:00+00:00,11561.0,11561.0,11565.0,11559.0,11559.0,660
2026-04-30 07:43:00+00:00,11564.0,11564.0,11565.0,11563.0,11563.0,631
2026-04-30 07:44:00+00:00,11561.0,11561.0,11565.0,11561.0,11564.0,932
2026-04-30 07:45:00+00:00,11565.0,11565.0,11565.0,11562.0,11564.0,748
2026-04-30 07:46:00+00:00,11558.0,11558.0,11565.0,11556.0,11565.0,774
2026-04-30 07:47:00+00:00,11565.0,11565.0,11565.0,11555.0,11555.0,3903
2026-04-30 07:48:00+00:00,11564.0,11564.0,11565.0,11558.0,11565.0,9320
2026-04-30 07:49:00+00:00,11564.0,11564.0,11565.0,11554.0,11565.0,1098
2026-04-30 07:50:00+00:00,11565.0,11565.0,11565.0,11557.0,11565.0,2262
2026-04-30 07:51:00+00:00,11578.0,11578.0,11588.0,11564.0,11565.0,12747
2026-04-30 07:52:00+00:00,11574.0,11574.0,11584.0,11570.0,11578.0,1170
2026-04-30 07:53:00+00:00,11584.0,11584.0,11584.0,11573.0,11574.0,1220
2026-04-30 07:54:00+00:00,11576.0,11576.0,11587.0,11575.0,11584.0,985
2026-04-30 07:55:00+00:00,11579.0,11579.0,11583.0,11572.0,11583.0,1230
2026-04-30 07:56:00+00:00,11584.0,11584.0,11588.0,11579.0,11579.0,1394
2026-04-30 07:57:00+00:00,11583.0,11583.0,11590.0,11583.0,11586.0,1722
2026-04-30 07:58:00+00:00,11583.0,11583.0,11587.0,11583.0,11586.0,903
2026-04-30 07:59:00+00:00,11573.0,11573.0,11582.0,11573.0,11577.0,1312
2026-04-30 08:00:00+00:00,11580.0,11580.0,11584.0,11572.0,11573.0,1452
2026-04-30 08:01:00+00:00,11580.0,11580.0,11583.0,11572.0,11573.0,1156
2026-04-30 08:02:00+00:00,11577.0,11577.0,11580.0,11573.0,11573.0,1018
2026-04-30 08:03:00+00:00,11578.0,11578.0,11580.0,11573.0,11573.0,1349
2026-04-30 08:04:00+00:00,11587.0,11587.0,11587.0,11573.0,11579.0,2002
2026-04-30 08:05:00+00:00,11590.0,11590.0,11590.0,11587.0,11590.0,1481
2026-04-30 08:06:00+00:00,11590.0,11590.0,11592.0,11590.0,11591.0,1860
2026-04-30 08:07:00+00:00,11591.0,11591.0,11591.0,11590.0,11590.0,3278
2026-04-30 08:08:00+00:00,11580.0,11580.0,11589.0,11580.0,11588.0,1264
2026-04-30 08:09:00+00:00,11577.0,11577.0,11589.0,11577.0,11583.0,1355
2026-04-30 08:10:00+00:00,11585.0,11585.0,11590.0,11580.0,11580.0,1382
2026-04-30 08:11:00+00:00,11591.0,11591.0,11592.0,11585.0,11589.0,1219
2026-04-30 08:12:00+00:00,11593.0,11593.0,11601.0,11585.0,11588.0,4106
2026-04-30 08:13:00+00:00,11590.0,11590.0,11599.0,11585.0,11590.0,2177
2026-04-30 08:14:00+00:00,11596.0,11596.0,11597.0,11590.0,11590.0,1224
2026-04-30 08:15:00+00:00,11598.0,11598.0,11604.0,11595.0,11596.0,1189
2026-04-30 08:16:00+00:00,11595.0,11595.0,11600.0,11595.0,11598.0,1439
2026-04-30 08:17:00+00:00,11592.0,11592.0,11601.0,11592.0,11595.0,1259
2026-04-30 08:18:00+00:00,11597.0,11597.0,11599.0,11590.0,11597.0,1085
2026-04-30 08:19:00+00:00,11600.0,11600.0,11603.0,11592.0,11592.0,1383
2026-04-30 08:20:00+00:00,11596.0,11596.0,11600.0,11593.0,11600.0,1257
2026-04-30 08:21:00+00:00,11592.0,11592.0,11596.0,11589.0,11596.0,1299
2026-04-30 08:22:00+00:00,11598.0,11598.0,11600.0,11588.0,11592.0,1697
2026-04-30 08:23:00+00:00,11589.0,11589.0,11599.0,11589.0,11591.0,1602
2026-04-30 08:24:00+00:00,11590.0,11590.0,11590.0,11586.0,11588.0,1539
2026-04-30 08:25:00+00:00,11591.0,11591.0,11592.0,11589.0,11590.0,989
2026-04-30 08:26:00+00:00,11591.0,11591.0,11593.0,11582.0,11590.0,1358
2026-04-30 08:27:00+00:00,11591.0,11591.0,11594.0,11581.0,11590.0,1862
2026-04-30 08:28:00+00:00,11598.0,11598.0,11599.0,11585.0,11591.0,1996
2026-04-30 08:29:00+00:00,11599.0,11599.0,11604.0,11593.0,11593.0,2064
2026-04-30 08:30:00+00:00,11592.0,11592.0,11608.0,11588.0,11594.0,2347
2026-04-30 08:31:00+00:00,11593.0,11593.0,11600.0,11588.0,11591.0,2537
2026-04-30 08:32:00+00:00,11596.0,11596.0,11598.0,11587.0,11592.0,2069
2026-04-30 08:33:00+00:00,11596.0,11596.0,11599.0,11589.0,11591.0,1464
2026-04-30 08:34:00+00:00,11593.0,11593.0,11596.0,11587.0,11596.0,1765
2026-04-30 08:35:00+00:00,11583.0,11583.0,11593.0,11580.0,11593.0,1638
2026-04-30 08:36:00+00:00,11573.0,11573.0,11583.0,11570.0,11583.0,3565
2026-04-30 08:37:00+00:00,11573.0,11573.0,11579.0,11568.0,11573.0,1791
2026-04-30 08:38:00+00:00,11570.0,11570.0,11572.0,11562.0,11572.0,1795
2026-04-30 08:39:00+00:00,11581.0,11581.0,11582.0,11563.0,11570.0,2171
2026-04-30 08:40:00+00:00,11577.0,11577.0,11584.0,11571.0,11583.0,2407
2026-04-30 08:41:00+00:00,11574.0,11574.0,11578.0,11568.0,11576.0,1699
2026-04-30 08:42:00+00:00,11575.0,11575.0,11582.0,11573.0,11581.0,1551
2026-04-30 08:43:00+00:00,11584.0,11584.0,11585.0,11570.0,11575.0,1867
2026-04-30 08:44:00+00:00,11577.0,11577.0,11587.0,11572.0,11584.0,1805
2026-04-30 08:45:00+00:00,11580.0,11580.0,11583.0,11572.0,11577.0,1602
2026-04-30 08:46:00+00:00,11580.0,11580.0,11585.0,11573.0,11580.0,1672
2026-04-30 08:47:00+00:00,11579.0,11579.0,11589.0,11572.0,11574.0,2345
2026-04-30 08:48:00+00:00,11567.0,11567.0,11579.0,11565.0,11579.0,1648
2026-04-30 08:49:00+00:00,11565.0,11565.0,11573.0,11563.0,11565.0,1553
2026-04-30 08:50:00+00:00,11562.0,11562.0,11566.0,11560.0,11565.0,1019
2026-04-30 08:51:00+00:00,11550.0,11550.0,11562.0,11550.0,11562.0,1478
2026-04-30 08:52:00+00:00,11554.0,11554.0,11559.0,11548.0,11555.0,1089
2026-04-30 08:53:00+00:00,11544.0,11544.0,11554.0,11543.0,11554.0,1828
2026-04-30 08:54:00+00:00,11547.0,11547.0,11550.0,11545.0,11550.0,1489
2026-04-30 08:55:00+00:00,11536.0,11536.0,11548.0,11536.0,11544.0,1454
2026-04-30 08:56:00+00:00,11550.0,11550.0,11557.0,11541.0,11541.0,3061
2026-04-30 08:57:00+00:00,11549.0,11549.0,11550.0,11542.0,11550.0,7682
2026-04-30 08:58:00+00:00,11550.0,11550.0,11551.0,11544.0,11550.0,2187
2026-04-30 08:59:00+00:00,11550.0,11550.0,11550.0,11548.0,11549.0,2556
2026-04-30 09:00:00+00:00,11548.0,11548.0,11550.0,11546.0,11550.0,576
2026-04-30 09:01:00+00:00,11550.0,11550.0,11550.0,11548.0,11549.0,684
2026-04-30 09:02:00+00:00,11550.0,11550.0,11550.0,11550.0,11550.0,15685
2026-04-30 09:03:00+00:00,11549.0,11549.0,11550.0,11548.0,11550.0,385
2026-04-30 09:04:00+00:00,11550.0,11550.0,11550.0,11549.0,11550.0,3160
2026-04-30 09:05:00+00:00,11550.0,11550.0,11550.0,11550.0,11550.0,23680
2026-04-30 09:06:00+00:00,11559.0,11559.0,11561.0,11546.0,11550.0,2903
2026-04-30 09:07:00+00:00,11564.0,11564.0,11569.0,11557.0,11560.0,1130
2026-04-30 09:08:00+00:00,11569.0,11569.0,11570.0,11562.0,11564.0,495
2026-04-30 09:09:00+00:00,11584.0,11584.0,11584.0,11570.0,11570.0,881
2026-04-30 09:10:00+00:00,11583.0,11583.0,11585.0,11578.0,11582.0,1697
2026-04-30 09:11:00+00:00,11584.0,11584.0,11585.0,11582.0,11585.0,648
2026-04-30 09:12:00+00:00,11587.0,11587.0,11588.0,11583.0,11584.0,602
2026-04-30 09:13:00+00:00,11599.0,11599.0,11600.0,11593.0,11593.0,3134
2026-04-30 09:14:00+00:00,11595.0,11595.0,11599.0,11589.0,11599.0,806
2026-04-30 09:15:00+00:00,11598.0,11598.0,11600.0,11594.0,11594.0,633
2026-04-30 09:16:00+00:00,11599.0,11599.0,11599.0,11596.0,11598.0,1533
2026-04-30 09:17:00+00:00,11611.0,11611.0,11619.0,11596.0,11596.0,5239
2026-04-30 09:18:00+00:00,11604.0,11604.0,11611.0,11601.0,11611.0,1884
2026-04-30 09:19:00+00:00,11605.0,11605.0,11606.0,11603.0,11604.0,1430
2026-04-30 09:20:00+00:00,11585.0,11585.0,11594.0,11585.0,11593.0,2641
2026-04-30 09:21:00+00:00,11600.0,11600.0,11600.0,11578.0,11586.0,2070
2026-04-30 09:22:00+00:00,11597.0,11597.0,11600.0,11595.0,11600.0,392
2026-04-30 09:23:00+00:00,11593.0,11593.0,11598.0,11590.0,11598.0,477
2026-04-30 09:24:00+00:00,11599.0,11599.0,11600.0,11593.0,11595.0,1259
2026-04-30 09:25:00+00:00,11596.0,11596.0,11597.0,11591.0,11593.0,2213
2026-04-30 09:26:00+00:00,11597.0,11597.0,11599.0,11592.0,11595.0,195
2026-04-30 09:27:00+00:00,11598.0,11598.0,11598.0,11594.0,11594.0,158
2026-04-30 09:28:00+00:00,11599.0,11599.0,11600.0,11596.0,11598.0,1946
2026-04-30 09:29:00+00:00,11606.0,11606.0,11609.0,11597.0,11599.0,1742
2026-04-30 09:30:00+00:00,11599.0,11599.0,11607.0,11590.0,11607.0,3336
2026-04-30 09:31:00+00:00,11601.0,11601.0,11607.0,11599.0,11603.0,3035
2026-04-30 09:32:00+00:00,11601.0,11601.0,11602.0,11597.0,11597.0,3028
2026-04-30 09:33:00+00:00,11600.0,11600.0,11602.0,11599.0,11600.0,1458
2026-04-30 09:34:00+00:00,11571.0,11571.0,11600.0,11571.0,11600.0,12796
2026-04-30 09:35:00+00:00,11572.0,11572.0,11573.0,11570.0,11572.0,3412
2026-04-30 09:36:00+00:00,11574.0,11574.0,11574.0,11572.0,11573.0,1761
2026-04-30 09:37:00+00:00,11584.0,11584.0,11590.0,11579.0,11579.0,2970
2026-04-30 09:38:00+00:00,11581.0,11581.0,11584.0,11581.0,11584.0,931
2026-04-30 09:39:00+00:00,11583.0,11583.0,11583.0,11581.0,11582.0,1294
2026-04-30 09:40:00+00:00,11580.0,11580.0,11583.0,11579.0,11583.0,1924
2026-04-30 09:41:00+00:00,11582.0,11582.0,11582.0,11580.0,11580.0,1829
2026-04-30 09:42:00+00:00,11581.0,11581.0,11582.0,11580.0,11582.0,1377
2026-04-30 09:43:00+00:00,11595.0,11595.0,11595.0,11580.0,11580.0,8762
2026-04-30 09:44:00+00:00,11589.0,11589.0,11595.0,11589.0,11595.0,1771
2026-04-30 09:45:00+00:00,11587.0,11587.0,11588.0,11586.0,11586.0,1590
2026-04-30 09:46:00+00:00,11586.0,11586.0,11587.0,11585.0,11587.0,2163
2026-04-30 09:47:00+00:00,11597.0,11597.0,11597.0,11585.0,11586.0,4802
2026-04-30 09:48:00+00:00,11592.0,11592.0,11597.0,11588.0,11595.0,2863
2026-04-30 09:49:00+00:00,11585.0,11585.0,11592.0,11582.0,11592.0,3444
2026-04-30 09:50:00+00:00,11585.0,11585.0,11588.0,11580.0,11580.0,5320
2026-04-30 09:51:00+00:00,11593.0,11593.0,11593.0,11580.0,11585.0,5178
2026-04-30 09:52:00+00:00,11576.0,11576.0,11590.0,11575.0,11590.0,3817
2026-04-30 09:53:00+00:00,11582.0,11582.0,11584.0,11572.0,11580.0,4241
2026-04-30 09:54:00+00:00,11583.0,11583.0,11585.0,11580.0,11583.0,5403
2026-04-30 09:55:00+00:00,11585.0,11585.0,11588.0,11580.0,11586.0,4351
2026-04-30 09:56:00+00:00,11591.0,11591.0,11593.0,11581.0,11582.0,5521
2026-04-30 09:57:00+00:00,11594.0,11594.0,11596.0,11582.0,11591.0,4832
2026-04-30 09:58:00+00:00,11593.0,11593.0,11600.0,11590.0,11593.0,6511
2026-04-30 09:59:00+00:00,11597.0,11597.0,11600.0,11570.0,11599.0,2534
