Price,Adj Close,Close,High,Low,Open,Volume
Ticker,WIPRO.NS,WIPRO.NS,WIPRO.NS,WIPRO.NS,WIPRO.NS,WIPRO.NS
Datetime,,,,,,
2026-04-23 03:45:00+00:00,203.88999938964844,203.88999938964844,204.38999938964844,203.27999877929688,204.38999938964844,0
2026-04-23 03:46:00+00:00,204.2899932861328,204.2899932861328,204.42999267578125,203.7100067138672,203.9600067138672,241683
2026-04-23 03:47:00+00:00,204.16000366210938,204.16000366210938,204.35000610351562,203.97999572753906,204.3300018310547,171538
2026-04-23 03:48:00+00:00,204.02000427246094,204.02000427246094,204.25,203.99000549316406,204.2100067138672,139351
2026-04-23 03:49:00+00:00,203.80999755859375,203.80999755859375,204.02000427246094,203.77999877929688,204.02000427246094,153622
2026-04-23 03:50:00+00:00,203.6999969482422,203.6999969482422,203.8699951171875,203.39999389648438,203.8699951171875,248516
2026-04-23 03:51:00+00:00,203.61000061035156,203.61000061035156,203.82000732421875,203.61000061035156,203.67999267578125,61881
2026-04-23 03:52:00+00:00,203.77000427246094,203.77000427246094,203.77999877929688,203.52999877929688,203.5399932861328,91838
2026-04-23 03:53:00+00:00,204.0399932861328,204.0399932861328,204.0399932861328,203.75999450683594,203.75999450683594,103052
2026-04-23 03:54:00+00:00,203.9199981689453,203.9199981689453,204.11000061035156,203.89999389648438,204.05999755859375,61532
2026-04-23 03:55:00+00:00,204.0,204.0,204.1300048828125,203.9499969482422,203.9600067138672,87917
2026-04-23 03:56:00+00:00,203.80999755859375,203.80999755859375,204.0,203.80999755859375,204.0,45872
2026-04-23 03:57:00+00:00,203.75999450683594,203.75999450683594,203.77000427246094,203.5800018310547,203.7100067138672,56590
2026-04-23 03:58:00+00:00,203.75,203.75,203.75,203.52000427246094,203.6699981689453,80420
2026-04-23 03:59:00+00:00,203.6300048828125,203.6300048828125,203.75,203.60000610351562,203.75,45946
2026-04-23 04:00:00+00:00,203.47000122070312,203.47000122070312,203.60000610351562,203.38999938964844,203.60000610351562,151112
2026-04-23 04:01:00+00:00,203.39999389648438,203.39999389648438,203.58999633789062,203.39999389648438,203.4600067138672,54387
2026-04-23 04:02:00+00:00,203.3000030517578,203.3000030517578,203.39999389648438,203.3000030517578,203.39999389648438,73439
2026-04-23 04:03:00+00:00,203.2100067138672,203.2100067138672,203.33999633789062,203.2100067138672,203.33999633789062,111291
2026-04-23 04:04:00+00:00,203.19000244140625,203.19000244140625,203.22000122070312,203.0399932861328,203.10000610351562,78921
2026-04-23 04:05:00+00:00,203.25,203.25,203.25,203.22999572753906,203.24000549316406,38098
2026-04-23 04:06:00+00:00,203.1999969482422,203.1999969482422,203.38999938964844,203.1999969482422,203.36000061035156,41517
2026-04-23 04:07:00+00:00,203.19000244140625,203.19000244140625,203.1999969482422,203.10000610351562,203.10000610351562,65540
2026-04-23 04:08:00+00:00,203.2100067138672,203.2100067138672,203.2100067138672,203.0800018310547,203.0800018310547,52511
2026-04-23 04:09:00+00:00,203.1999969482422,203.1999969482422,203.3000030517578,203.1999969482422,203.3000030517578,52080
2026-04-23 04:10:00+00:00,203.17999267578125,203.17999267578125,203.3000030517578,203.17999267578125,203.25999450683594,34479
2026-04-23 04:11:00+00:00,203.36000061035156,203.36000061035156,203.36000061035156,203.17999267578125,203.2100067138672,39353
2026-04-23 04:12:00+00:00,203.39999389648438,203.39999389648438,203.39999389648438,203.2100067138672,203.2899932861328,45980
2026-04-23 04:13:00+00:00,203.41000366210938,203.41000366210938,203.4499969482422,203.39999389648438,203.39999389648438,36301
2026-04-23 04:14:00+00:00,203.3300018310547,203.3300018310547,203.42999267578125,203.24000549316406,203.38999938964844,39298
2026-04-23 04:15:00+00:00,203.22999572753906,203.22999572753906,203.25999450683594,203.16000366210938,203.25999450683594,45193
2026-04-23 04:16:00+00:00,203.3800048828125,203.3800048828125,203.47999572753906,203.3000030517578,203.3000030517578,28704
2026-04-23 04:17:00+00:00,203.47999572753906,203.47999572753906,203.47999572753906,203.3300018310547,203.4499969482422,35548
2026-04-23 04:18:00+00:00,203.57000732421875,203.57000732421875,203.57000732421875,203.47000122070312,203.47999572753906,31177
2026-04-23 04:19:00+00:00,203.83999633789062,203.83999633789062,203.85000610351562,203.63999938964844,203.63999938964844,41740
2026-04-23 04:20:00+00:00,203.6999969482422,203.6999969482422,203.77999877929688,203.6699981689453,203.77999877929688,28956
2026-04-23 04:21:00+00:00,203.85000610351562,203.85000610351562,203.89999389648438,203.77000427246094,203.8000030517578,34936
2026-04-23 04:22:00+00:00,203.85000610351562,203.85000610351562,203.89999389648438,203.77000427246094,203.8300018310547,30503
2026-04-23 04:23:00+00:00,203.82000732421875,203.82000732421875,203.8800048828125,203.8000030517578,203.80999755859375,39704
2026-04-23 04:24:00+00:00,203.8000030517578,203.8000030517578,203.91000366210938,203.8000030517578,203.80999755859375,40127
2026-04-23 04:25:00+00:00,203.86000061035156,203.86000061035156,203.86000061035156,203.77999877929688,203.85000610351562,34476
2026-04-23 04:26:00+00:00,203.86000061035156,203.86000061035156,203.86000061035156,203.80999755859375,203.80999755859375,18498
2026-04-23 04:27:00+00:00,204.0500030517578,204.0500030517578,204.0500030517578,203.86000061035156,203.86000061035156,139427
2026-04-23 04:28:00+00:00,204.0500030517578,204.0500030517578,204.10000610351562,204.0399932861328,204.0500030517578,32032
2026-04-23 04:29:00+00:00,204.02999877929688,204.02999877929688,204.07000732421875,203.99000549316406,204.0399932861328,119234
2026-04-23 04:30:00+00:00,203.77000427246094,203.77000427246094,204.0500030517578,203.6999969482422,204.0500030517578,54339
2026-04-23 04:31:00+00:00,203.6999969482422,203.6999969482422,203.86000061035156,203.6199951171875,203.77999877929688,60648
2026-04-23 04:32:00+00:00,203.82000732421875,203.82000732421875,203.8800048828125,203.66000366210938,203.66000366210938,71723
2026-04-23 04:33:00+00:00,203.99000549316406,203.99000549316406,203.99000549316406,203.83999633789062,203.8699951171875,43944
2026-04-23 04:34:00+00:00,204.1199951171875,204.1199951171875,204.1199951171875,204.0,204.0,49914
2026-04-23 04:35:00+00:00,204.1300048828125,204.1300048828125,204.1300048828125,204.0500030517578,204.05999755859375,33310
2026-04-23 04:36:00+00:00,204.1300048828125,204.1300048828125,204.17999267578125,204.1199951171875,204.14999389648438,49408
2026-04-23 04:37:00+00:00,204.25,204.25,204.25,204.1300048828125,204.13999938964844,30041
2026-04-23 04:38:00+00:00,204.2100067138672,204.2100067138672,204.27999877929688,204.19000244140625,204.27999877929688,18410
2026-04-23 04:39:00+00:00,204.25,204.25,204.25,204.17999267578125,204.1999969482422,31932
2026-04-23 04:40:00+00:00,204.0500030517578,204.0500030517578,204.24000549316406,204.0500030517578,204.24000549316406,29510
2026-04-23 04:41:00+00:00,203.9499969482422,203.9499969482422,204.0399932861328,203.9499969482422,204.0399932861328,54998
2026-04-23 04:42:00+00:00,203.92999267578125,203.92999267578125,204.0,203.92999267578125,203.9499969482422,23444
2026-04-23 04:43:00+00:00,203.82000732421875,203.82000732421875,203.89999389648438,203.72000122070312,203.89999389648438,47660
2026-04-23 04:44:00+00:00,203.82000732421875,203.82000732421875,203.83999633789062,203.6999969482422,203.82000732421875,18024
2026-04-23 04:45:00+00:00,203.80999755859375,203.80999755859375,203.85000610351562,203.77000427246094,203.82000732421875,26690
2026-04-23 04:46:00+00:00,203.8000030517578,203.8000030517578,203.83999633789062,203.8000030517578,203.8300018310547,24725
2026-04-23 04:47:00+00:00,203.86000061035156,203.86000061035156,203.86000061035156,203.6999969482422,203.86000061035156,29878
2026-04-23 04:48:00+00:00,203.80999755859375,203.80999755859375,203.82000732421875,203.72999572753906,203.8000030517578,20595
2026-04-23 04:49:00+00:00,203.80999755859375,203.80999755859375,203.80999755859375,203.75,203.77000427246094,16777
2026-04-23 04:50:00+00:00,203.77000427246094,203.77000427246094,203.80999755859375,203.74000549316406,203.7899932861328,53722
2026-04-23 04:51:00+00:00,204.02000427246094,204.02000427246094,204.10000610351562,203.80999755859375,203.80999755859375,127455
2026-04-23 04:52:00+00:00,204.1999969482422,204.1999969482422,204.22999572753906,204.0,204.0,60719
2026-04-23 04:53:00+00:00,204.3699951171875,204.3699951171875,204.3699951171875,204.19000244140625,204.1999969482422,58424
2026-04-23 04:54:00+00:00,204.4600067138672,204.4600067138672,204.4600067138672,204.36000061035156,204.44000244140625,51004
2026-04-23 04:55:00+00:00,204.41000366210938,204.41000366210938,204.47999572753906,204.38999938964844,204.4499969482422,16929
2026-04-23 04:56:00+00:00,204.58999633789062,204.58999633789062,204.60000610351562,204.47999572753906,204.47999572753906,104391
2026-04-23 04:57:00+00:00,204.60000610351562,204.60000610351562,204.60000610351562,204.5800018310547,204.58999633789062,21178
2026-04-23 04:58:00+00:00,204.50999450683594,204.50999450683594,204.63999938964844,204.5,204.60000610351562,28695
2026-04-23 04:59:00+00:00,204.5,204.5,204.52999877929688,204.47000122070312,204.5,16538
2026-04-23 05:00:00+00:00,204.49000549316406,204.49000549316406,204.5399932861328,204.4600067138672,204.49000549316406,27426
2026-04-23 05:01:00+00:00,204.47999572753906,204.47999572753906,204.5,204.47999572753906,204.5,9377
2026-04-23 05:02:00+00:00,204.4499969482422,204.4499969482422,204.47000122070312,204.36000061035156,204.47000122070312,66375
2026-04-23 05:03:00+00:00,204.30999755859375,204.30999755859375,204.4499969482422,204.30999755859375,204.42999267578125,32516
2026-04-23 05:04:00+00:00,204.2899932861328,204.2899932861328,204.3300018310547,204.24000549316406,204.3000030517578,22546
2026-04-23 05:05:00+00:00,204.3800048828125,204.3800048828125,204.39999389648438,204.27999877929688,204.2899932861328,28972
2026-04-23 05:06:00+00:00,204.3699951171875,204.3699951171875,204.3699951171875,204.25,204.3699951171875,35369
2026-04-23 05:07:00+00:00,204.38999938964844,204.38999938964844,204.42999267578125,204.3300018310547,204.35000610351562,25670
2026-04-23 05:08:00+00:00,204.35000610351562,204.35000610351562,204.38999938964844,204.32000732421875,204.3800048828125,16840
2026-04-23 05:09:00+00:00,204.4499969482422,204.4499969482422,204.4499969482422,204.35000610351562,204.35000610351562,37273
2026-04-23 05:10:00+00:00,204.39999389648438,204.39999389648438,204.47999572753906,204.39999389648438,204.4499969482422,33621
2026-04-23 05:11:00+00:00,204.4499969482422,204.4499969482422,204.49000549316406,204.39999389648438,204.42999267578125,16110
2026-04-23 05:12:00+00:00,204.44000244140625,204.44000244140625,204.5,204.44000244140625,204.4499969482422,28293
2026-04-23 05:13:00+00:00,204.25,204.25,204.44000244140625,204.25,204.44000244140625,27689
2026-04-23 05:14:00+00:00,204.1999969482422,204.1999969482422,204.25999450683594,204.10000610351562,204.10000610351562,33686
2026-04-23 05:15:00+00:00,204.27000427246094,204.27000427246094,204.3000030517578,204.17999267578125,204.1999969482422,41559
2026-04-23 05:16:00+00:00,204.14999389648438,204.14999389648438,204.2899932861328,204.1300048828125,204.24000549316406,27203
2026-04-23 05:17:00+00:00,204.25,204.25,204.25,204.13999938964844,204.13999938964844,23891
2026-04-23 05:18:00+00:00,204.22999572753906,204.22999572753906,204.25999450683594,204.14999389648438,204.25,16470
2026-04-23 05:19:00+00:00,204.25999450683594,204.25999450683594,204.27999877929688,204.1999969482422,204.22999572753906,18765
2026-04-23 05:20:00+00:00,204.27999877929688,204.27999877929688,204.2899932861328,204.25999450683594,204.27999877929688,18823
2026-04-23 05:21:00+00:00,204.27999877929688,204.27999877929688,204.27999877929688,204.22999572753906,204.27000427246094,9516
2026-04-23 05:22:00+00:00,204.4199981689453,204.4199981689453,204.4600067138672,204.30999755859375,204.30999755859375,34728
2026-04-23 05:23:00+00:00,204.52000427246094,204.52000427246094,204.52000427246094,204.4199981689453,204.4199981689453,54135
2026-04-23 05:24:00+00:00,204.5500030517578,204.5500030517578,204.5500030517578,204.52000427246094,204.5500030517578,24386
2026-04-23 05:25:00+00:00,204.4199981689453,204.4199981689453,204.50999450683594,204.4199981689453,204.50999450683594,18975
2026-04-23 05:26:00+00:00,204.3699951171875,204.3699951171875,204.4499969482422,204.3699951171875,204.4499969482422,10498
2026-04-23 05:27:00+00:00,204.39999389648438,204.39999389648438,204.39999389648438,204.36000061035156,204.3800048828125,11003
2026-04-23 05:28:00+00:00,204.5399932861328,204.5399932861328,204.5500030517578,204.3699951171875,204.3699951171875,35351
2026-04-23 05:29:00+00:00,204.57000732421875,204.57000732421875,204.5800018310547,204.47999572753906,204.57000732421875,9897
2026-04-23 05:30:00+00:00,204.5500030517578,204.5500030517578,204.5800018310547,204.5500030517578,204.5800018310547,16607
2026-04-23 05:31:00+00:00,204.5500030517578,204.5500030517578,204.5800018310547,204.52000427246094,204.5500030517578,10552
2026-04-23 05:32:00+00:00,204.4199981689453,204.4199981689453,204.5800018310547,204.4199981689453,204.55999755859375,63283
2026-04-23 05:33:00+00:00,204.5,204.5,204.5,204.39999389648438,204.4199981689453,15613
2026-04-23 05:34:00+00:00,204.52999877929688,204.52999877929688,204.5800018310547,204.47000122070312,204.5,11626
2026-04-23 05:35:00+00:00,204.60000610351562,204.60000610351562,204.60000610351562,204.55999755859375,204.57000732421875,14246
2026-04-23 05:36:00+00:00,204.5,204.5,204.58999633789062,204.5,204.58999633789062,24329
2026-04-23 05:37:00+00:00,204.58999633789062,204.58999633789062,204.58999633789062,204.5,204.58999633789062,17561
2026-04-23 05:38:00+00:00,204.61000061035156,204.61000061035156,204.64999389648438,204.52999877929688,204.52999877929688,36901
2026-04-23 05:39:00+00:00,204.5,204.5,204.63999938964844,204.5,204.61000061035156,24137
2026-04-23 05:40:00+00:00,204.5500030517578,204.5500030517578,204.64999389648438,204.39999389648438,204.5500030517578,40226
2026-04-23 05:41:00+00:00,204.4199981689453,204.4199981689453,204.5800018310547,204.41000366210938,204.5399932861328,15746
2026-04-23 05:42:00+00:00,204.38999938964844,204.38999938964844,204.4600067138672,204.36000061035156,204.44000244140625,12232
2026-04-23 05:43:00+00:00,204.22000122070312,204.22000122070312,204.38999938964844,204.22000122070312,204.38999938964844,21142
2026-04-23 05:44:00+00:00,204.3000030517578,204.3000030517578,204.3000030517578,204.1999969482422,204.25,14491
2026-04-23 05:45:00+00:00,204.1999969482422,204.1999969482422,204.3300018310547,204.13999938964844,204.22999572753906,17904
2026-04-23 05:46:00+00:00,204.3800048828125,204.3800048828125,204.39999389648438,204.27999877929688,204.3000030517578,6816
2026-04-23 05:47:00+00:00,204.38999938964844,204.38999938964844,204.49000549316406,204.35000610351562,204.35000610351562,16628
2026-04-23 05:48:00+00:00,204.39999389648438,204.39999389648438,204.47999572753906,204.36000061035156,204.36000061035156,15108
2026-04-23 05:49:00+00:00,204.32000732421875,204.32000732421875,204.44000244140625,204.32000732421875,204.44000244140625,18461
2026-04-23 05:50:00+00:00,204.39999389648438,204.39999389648438,204.39999389648438,204.22999572753906,204.33999633789062,27182
2026-04-23 05:51:00+00:00,204.36000061035156,204.36000061035156,204.39999389648438,204.27000427246094,204.39999389648438,25986
2026-04-23 05:52:00+00:00,204.4199981689453,204.4199981689453,204.5500030517578,204.3000030517578,204.3000030517578,28233
2026-04-23 05:53:00+00:00,204.38999938964844,204.38999938964844,204.44000244140625,204.3699951171875,204.44000244140625,13576
2026-04-23 05:54:00+00:00,204.33999633789062,204.33999633789062,204.39999389648438,204.3300018310547,204.3300018310547,11884
2026-04-23 05:55:00+00:00,204.38999938964844,204.38999938964844,204.42999267578125,204.27999877929688,204.27999877929688,33904
2026-04-23 05:56:00+00:00,204.47999572753906,204.47999572753906,204.49000549316406,204.36000061035156,204.4199981689453,7357
2026-04-23 05:57:00+00:00,204.52999877929688,204.52999877929688,204.5399932861328,204.42999267578125,204.49000549316406,10147
2026-04-23 05:58:00+00:00,204.5500030517578,204.5500030517578,204.57000732421875,204.47000122070312,204.52999877929688,16775
2026-04-23 05:59:00+00:00,204.52000427246094,204.52000427246094,204.57000732421875,204.5,204.5500030517578,9547
2026-04-23 06:00:00+00:00,204.57000732421875,204.57000732421875,204.57000732421875,204.52000427246094,204.52000427246094,14866
2026-04-23 06:01:00+00:00,204.72999572753906,204.72999572753906,204.75999450683594,204.55999755859375,204.57000732421875,45977
2026-04-23 06:02:00+00:00,204.77000427246094,204.77000427246094,204.77999877929688,204.69000244140625,204.72999572753906,31283
2026-04-23 06:03:00+00:00,204.8800048828125,204.8800048828125,204.8800048828125,204.7100067138672,204.77000427246094,44049
2026-04-23 06:04:00+00:00,204.8699951171875,204.8699951171875,204.88999938964844,204.8300018310547,204.8800048828125,26643
2026-04-23 06:05:00+00:00,204.8000030517578,204.8000030517578,204.8699951171875,204.72999572753906,204.8699951171875,20940
2026-04-23 06:06:00+00:00,204.72000122070312,204.72000122070312,204.8000030517578,204.6300048828125,204.75999450683594,24612
2026-04-23 06:07:00+00:00,204.72000122070312,204.72000122070312,204.72000122070312,204.66000366210938,204.6699981689453,9840
2026-04-23 06:08:00+00:00,204.35000610351562,204.35000610351562,204.75,204.33999633789062,204.67999267578125,248943
2026-04-23 06:09:00+00:00,204.3000030517578,204.3000030517578,204.3699951171875,204.1999969482422,204.25,171193
2026-04-23 06:10:00+00:00,204.27999877929688,204.27999877929688,204.3000030517578,204.22999572753906,204.3000030517578,6204
2026-04-23 06:11:00+00:00,204.1999969482422,204.1999969482422,204.27999877929688,204.17999267578125,204.24000549316406,13995
2026-04-23 06:12:00+00:00,204.22999572753906,204.22999572753906,204.24000549316406,204.17999267578125,204.17999267578125,8427
2026-04-23 06:13:00+00:00,204.32000732421875,204.32000732421875,204.35000610351562,204.22999572753906,204.22999572753906,18496
2026-04-23 06:14:00+00:00,204.3000030517578,204.3000030517578,204.32000732421875,204.27999877929688,204.32000732421875,15242
2026-04-23 06:15:00+00:00,204.32000732421875,204.32000732421875,204.35000610351562,204.25,204.25999450683594,19738
2026-04-23 06:16:00+00:00,204.3000030517578,204.3000030517578,204.3000030517578,204.2899932861328,204.2899932861328,4810
2026-04-23 06:17:00+00:00,204.27000427246094,204.27000427246094,204.32000732421875,204.25999450683594,204.2899932861328,17013
2026-04-23 06:18:00+00:00,204.3000030517578,204.3000030517578,204.35000610351562,204.27000427246094,204.27000427246094,12925
2026-04-23 06:19:00+00:00,204.35000610351562,204.35000610351562,204.35000610351562,204.32000732421875,204.35000610351562,6500
2026-04-23 06:20:00+00:00,204.30999755859375,204.30999755859375,204.35000610351562,204.27999877929688,204.32000732421875,21434
2026-04-23 06:21:00+00:00,204.3000030517578,204.3000030517578,204.32000732421875,204.1999969482422,204.32000732421875,23323
2026-04-23 06:22:00+00:00,204.1999969482422,204.1999969482422,204.3000030517578,204.1999969482422,204.3000030517578,11867
2026-04-23 06:23:00+00:00,204.14999389648438,204.14999389648438,204.25,204.14999389648438,204.1999969482422,13506
2026-04-23 06:24:00+00:00,204.1999969482422,204.1999969482422,204.1999969482422,204.10000610351562,204.17999267578125,5991
2026-04-23 06:25:00+00:00,204.24000549316406,204.24000549316406,204.25,204.19000244140625,204.1999969482422,9727
2026-04-23 06:26:00+00:00,204.11000061035156,204.11000061035156,204.24000549316406,204.11000061035156,204.1999969482422,27794
2026-04-23 06:27:00+00:00,204.10000610351562,204.10000610351562,204.10000610351562,203.92999267578125,204.0500030517578,120555
2026-04-23 06:28:00+00:00,204.0500030517578,204.0500030517578,204.10000610351562,204.0500030517578,204.10000610351562,10845
2026-04-23 06:29:00+00:00,204.14999389648438,204.14999389648438,204.2100067138672,204.00999450683594,204.00999450683594,13534
2026-04-23 06:30:00+00:00,204.10000610351562,204.10000610351562,204.1300048828125,204.05999755859375,204.1300048828125,3946
2026-04-23 06:31:00+00:00,204.1999969482422,204.1999969482422,204.1999969482422,204.05999755859375,204.05999755859375,14279
2026-04-23 06:32:00+00:00,204.17999267578125,204.17999267578125,204.2100067138672,204.16000366210938,204.16000366210938,10125
2026-04-23 06:33:00+00:00,204.25,204.25,204.27999877929688,204.2100067138672,204.2100067138672,18893
2026-04-23 06:34:00+00:00,204.07000732421875,204.07000732421875,204.22000122070312,204.07000732421875,204.22000122070312,26330
2026-04-23 06:35:00+00:00,204.16000366210938,204.16000366210938,204.16000366210938,204.0,204.11000061035156,30142
2026-04-23 06:36:00+00:00,204.17999267578125,204.17999267578125,204.1999969482422,204.07000732421875,204.1199951171875,18735
2026-04-23 06:37:00+00:00,204.22000122070312,204.22000122070312,204.25,204.14999389648438,204.17999267578125,14674
2026-04-23 06:38:00+00:00,204.27000427246094,204.27000427246094,204.27000427246094,204.22000122070312,204.25,19104
2026-04-23 06:39:00+00:00,204.35000610351562,204.35000610351562,204.35000610351562,204.3000030517578,204.3000030517578,11823
2026-04-23 06:40:00+00:00,204.3300018310547,204.3300018310547,204.35000610351562,204.32000732421875,204.35000610351562,19402
2026-04-23 06:41:00+00:00,204.3000030517578,204.3000030517578,204.35000610351562,204.3000030517578,204.35000610351562,9994
2026-04-23 06:42:00+00:00,204.3800048828125,204.3800048828125,204.39999389648438,204.25,204.3000030517578,21592
2026-04-23 06:43:00+00:00,204.3000030517578,204.3000030517578,204.41000366210938,204.3000030517578,204.38999938964844,12776
2026-04-23 06:44:00+00:00,204.3000030517578,204.3000030517578,204.33999633789062,204.27999877929688,204.30999755859375,10500
2026-04-23 06:45:00+00:00,204.32000732421875,204.32000732421875,204.35000610351562,204.30999755859375,204.3300018310547,10334
2026-04-23 06:46:00+00:00,204.33999633789062,204.33999633789062,204.38999938964844,204.32000732421875,204.35000610351562,10468
2026-04-23 06:47:00+00:00,204.14999389648438,204.14999389648438,204.36000061035156,204.14999389648438,204.36000061035156,30728
2026-04-23 06:48:00+00:00,204.13999938964844,204.13999938964844,204.17999267578125,204.10000610351562,204.17999267578125,13188
2026-04-23 06:49:00+00:00,204.02999877929688,204.02999877929688,204.13999938964844,204.02999877929688,204.13999938964844,13999
2026-04-23 06:50:00+00:00,204.05999755859375,204.05999755859375,204.0800018310547,204.02999877929688,204.0800018310547,9837
2026-04-23 06:51:00+00:00,204.0800018310547,204.0800018310547,204.0800018310547,204.0399932861328,204.05999755859375,12676
2026-04-23 06:52:00+00:00,204.14999389648438,204.14999389648438,204.14999389648438,204.0800018310547,204.0800018310547,14854
2026-04-23 06:53:00+00:00,204.10000610351562,204.10000610351562,204.17999267578125,204.10000610351562,204.14999389648438,17125
2026-04-23 06:54:00+00:00,204.0800018310547,204.0800018310547,204.10000610351562,204.0800018310547,204.10000610351562,7479
2026-04-23 06:55:00+00:00,203.88999938964844,203.88999938964844,204.08999633789062,203.86000061035156,204.08999633789062,54229
2026-04-23 06:56:00+00:00,203.75,203.75,203.8800048828125,203.75,203.86000061035156,56017
2026-04-23 06:57:00+00:00,203.69000244140625,203.69000244140625,203.75999450683594,203.64999389648438,203.75999450683594,50238
2026-04-23 06:58:00+00:00,203.72000122070312,203.72000122070312,203.72000122070312,203.66000366210938,203.7100067138672,28619
2026-04-23 06:59:00+00:00,203.66000366210938,203.66000366210938,203.6999969482422,203.60000610351562,203.6699981689453,21669
2026-04-23 07:00:00+00:00,203.66000366210938,203.66000366210938,203.66000366210938,203.61000061035156,203.66000366210938,21654
2026-04-23 07:01:00+00:00,203.61000061035156,203.61000061035156,203.66000366210938,203.60000610351562,203.64999389648438,28361
2026-04-23 07:02:00+00:00,203.72999572753906,203.72999572753906,203.74000549316406,203.61000061035156,203.61000061035156,29726
2026-04-23 07:03:00+00:00,203.7100067138672,203.7100067138672,203.7100067138672,203.67999267578125,203.69000244140625,31669
2026-04-23 07:04:00+00:00,203.67999267578125,203.67999267578125,203.72000122070312,203.61000061035156,203.72000122070312,24716
2026-04-23 07:05:00+00:00,203.6999969482422,203.6999969482422,203.74000549316406,203.66000366210938,203.67999267578125,15680
2026-04-23 07:06:00+00:00,203.60000610351562,203.60000610351562,203.67999267578125,203.58999633789062,203.67999267578125,35376
2026-04-23 07:07:00+00:00,203.63999938964844,203.63999938964844,203.66000366210938,203.55999755859375,203.60000610351562,26154
2026-04-23 07:08:00+00:00,203.61000061035156,203.61000061035156,203.61000061035156,203.60000610351562,203.60000610351562,11270
2026-04-23 07:09:00+00:00,203.6199951171875,203.6199951171875,203.6199951171875,203.58999633789062,203.60000610351562,23112
2026-04-23 07:10:00+00:00,203.6699981689453,203.6699981689453,203.72999572753906,203.61000061035156,203.61000061035156,21359
2026-04-23 07:11:00+00:00,203.72999572753906,203.72999572753906,203.72999572753906,203.67999267578125,203.67999267578125,19482
2026-04-23 07:12:00+00:00,203.75,203.75,203.75,203.72000122070312,203.72999572753906,12247
2026-04-23 07:13:00+00:00,203.75999450683594,203.75999450683594,203.9199981689453,203.74000549316406,203.75,30387
2026-04-23 07:14:00+00:00,203.88999938964844,203.88999938964844,203.97000122070312,203.75999450683594,203.75999450683594,63925
2026-04-23 07:15:00+00:00,203.8800048828125,203.8800048828125,203.9600067138672,203.8800048828125,203.9600067138672,28555
2026-04-23 07:16:00+00:00,203.82000732421875,203.82000732421875,203.8699951171875,203.82000732421875,203.8699951171875,13068
2026-04-23 07:17:00+00:00,203.82000732421875,203.82000732421875,203.83999633789062,203.8000030517578,203.83999633789062,12484
2026-04-23 07:18:00+00:00,203.77000427246094,203.77000427246094,203.82000732421875,203.77000427246094,203.82000732421875,23204
2026-04-23 07:19:00+00:00,203.75,203.75,203.77000427246094,203.75,203.77000427246094,13068
2026-04-23 07:20:00+00:00,203.69000244140625,203.69000244140625,203.75,203.69000244140625,203.75,22276
2026-04-23 07:21:00+00:00,203.6999969482422,203.6999969482422,203.6999969482422,203.6300048828125,203.69000244140625,20580
2026-04-23 07:22:00+00:00,203.67999267578125,203.67999267578125,203.6999969482422,203.61000061035156,203.6999969482422,11593
2026-04-23 07:23:00+00:00,203.7100067138672,203.7100067138672,203.75,203.67999267578125,203.6999969482422,14963
2026-04-23 07:24:00+00:00,203.75999450683594,203.75999450683594,203.80999755859375,203.75,203.75,10762
2026-04-23 07:25:00+00:00,203.82000732421875,203.82000732421875,203.8300018310547,203.75999450683594,203.7899932861328,12910
2026-04-23 07:26:00+00:00,203.80999755859375,203.80999755859375,203.8300018310547,203.8000030517578,203.82000732421875,8780
2026-04-23 07:27:00+00:00,203.8699951171875,203.8699951171875,203.89999389648438,203.82000732421875,203.83999633789062,12671
2026-04-23 07:28:00+00:00,203.85000610351562,203.85000610351562,203.97000122070312,203.8000030517578,203.8699951171875,28749
2026-04-23 07:29:00+00:00,203.77000427246094,203.77000427246094,203.85000610351562,203.77000427246094,203.85000610351562,21203
2026-04-23 07:30:00+00:00,203.8800048828125,203.8800048828125,203.8800048828125,203.75999450683594,203.8000030517578,28351
2026-04-23 07:31:00+00:00,203.75,203.75,203.8800048828125,203.6999969482422,203.8300018310547,17470
2026-04-23 07:32:00+00:00,203.69000244140625,203.69000244140625,203.74000549316406,203.67999267578125,203.6999969482422,14403
2026-04-23 07:33:00+00:00,203.77000427246094,203.77000427246094,203.77000427246094,203.67999267578125,203.67999267578125,18897
2026-04-23 07:34:00+00:00,203.77000427246094,203.77000427246094,203.77999877929688,203.72999572753906,203.77000427246094,18757
2026-04-23 07:35:00+00:00,203.75,203.75,203.77000427246094,203.69000244140625,203.77000427246094,19300
2026-04-23 07:36:00+00:00,203.77999877929688,203.77999877929688,203.77999877929688,203.7100067138672,203.75,20200
2026-04-23 07:37:00+00:00,203.75,203.75,203.83999633789062,203.6999969482422,203.77999877929688,22497
2026-04-23 07:38:00+00:00,203.8000030517578,203.8000030517578,203.80999755859375,203.77000427246094,203.77000427246094,19452
2026-04-23 07:39:00+00:00,203.82000732421875,203.82000732421875,203.85000610351562,203.7899932861328,203.8000030517578,15038
2026-04-23 07:40:00+00:00,203.82000732421875,203.82000732421875,203.85000610351562,203.80999755859375,203.82000732421875,7364
2026-04-23 07:41:00+00:00,203.75999450683594,203.75999450683594,203.83999633789062,203.75,203.8300018310547,18487
2026-04-23 07:42:00+00:00,203.8000030517578,203.8000030517578,203.8000030517578,203.75999450683594,203.7899932861328,12824
2026-04-23 07:43:00+00:00,203.88999938964844,203.88999938964844,203.88999938964844,203.77999877929688,203.80999755859375,13052
2026-04-23 07:44:00+00:00,203.9199981689453,203.9199981689453,203.9199981689453,203.86000061035156,203.89999389648438,9060
2026-04-23 07:45:00+00:00,203.8800048828125,203.8800048828125,203.94000244140625,203.8800048828125,203.91000366210938,18971
2026-04-23 07:46:00+00:00,203.82000732421875,203.82000732421875,203.88999938964844,203.82000732421875,203.86000061035156,13068
2026-04-23 07:47:00+00:00,203.91000366210938,203.91000366210938,203.9600067138672,203.89999389648438,203.9600067138672,19848
2026-04-23 07:48:00+00:00,203.9199981689453,203.9199981689453,203.92999267578125,203.82000732421875,203.92999267578125,23910
2026-04-23 07:49:00+00:00,204.0,204.0,204.0399932861328,203.89999389648438,203.89999389648438,33442
2026-04-23 07:50:00+00:00,204.0399932861328,204.0399932861328,204.07000732421875,203.97000122070312,204.07000732421875,25909
2026-04-23 07:51:00+00:00,203.97999572753906,203.97999572753906,204.02000427246094,203.9600067138672,204.02000427246094,24434
2026-04-23 07:52:00+00:00,204.0500030517578,204.0500030517578,204.08999633789062,203.9499969482422,203.9499969482422,38602
2026-04-23 07:53:00+00:00,204.1999969482422,204.1999969482422,204.1999969482422,204.02000427246094,204.0500030517578,48315
2026-04-23 07:54:00+00:00,204.19000244140625,204.19000244140625,204.1999969482422,204.1699981689453,204.1999969482422,21522
2026-04-23 07:55:00+00:00,204.17999267578125,204.17999267578125,204.2899932861328,204.10000610351562,204.19000244140625,64760
2026-04-23 07:56:00+00:00,204.10000610351562,204.10000610351562,204.16000366210938,204.05999755859375,204.10000610351562,25682
2026-04-23 07:57:00+00:00,204.07000732421875,204.07000732421875,204.1300048828125,204.05999755859375,204.1300048828125,9420
2026-04-23 07:58:00+00:00,204.07000732421875,204.07000732421875,204.13999938964844,204.0500030517578,204.07000732421875,22756
2026-04-23 07:59:00+00:00,204.10000610351562,204.10000610351562,204.13999938964844,204.07000732421875,204.08999633789062,45278
2026-04-23 08:00:00+00:00,204.0399932861328,204.0399932861328,204.1300048828125,204.0399932861328,204.10000610351562,19628
2026-04-23 08:01:00+00:00,203.9600067138672,203.9600067138672,204.0,203.91000366210938,204.0,41787
2026-04-23 08:02:00+00:00,203.97000122070312,203.97000122070312,203.97000122070312,203.89999389648438,203.9499969482422,18243
2026-04-23 08:03:00+00:00,203.99000549316406,203.99000549316406,204.0,203.9600067138672,203.97000122070312,21899
2026-04-23 08:04:00+00:00,203.99000549316406,203.99000549316406,204.02000427246094,203.9499969482422,203.99000549316406,18973
2026-04-23 08:05:00+00:00,203.88999938964844,203.88999938964844,203.97999572753906,203.83999633789062,203.97999572753906,20509
2026-04-23 08:06:00+00:00,203.83999633789062,203.83999633789062,203.88999938964844,203.8000030517578,203.88999938964844,14146
2026-04-23 08:07:00+00:00,203.8000030517578,203.8000030517578,203.85000610351562,203.8000030517578,203.80999755859375,24906
2026-04-23 08:08:00+00:00,203.7100067138672,203.7100067138672,203.80999755859375,203.6999969482422,203.80999755859375,62580
2026-04-23 08:09:00+00:00,203.61000061035156,203.61000061035156,203.64999389648438,203.61000061035156,203.64999389648438,71135
2026-04-23 08:10:00+00:00,203.55999755859375,203.55999755859375,203.61000061035156,203.5500030517578,203.61000061035156,28832
2026-04-23 08:11:00+00:00,203.5500030517578,203.5500030517578,203.5800018310547,203.5399932861328,203.5800018310547,22402
2026-04-23 08:12:00+00:00,203.5800018310547,203.5800018310547,203.63999938964844,203.5500030517578,203.5500030517578,21362
2026-04-23 08:13:00+00:00,203.63999938964844,203.63999938964844,203.67999267578125,203.61000061035156,203.61000061035156,22365
2026-04-23 08:14:00+00:00,203.60000610351562,203.60000610351562,203.64999389648438,203.5800018310547,203.64999389648438,37678
2026-04-23 08:15:00+00:00,203.60000610351562,203.60000610351562,203.60000610351562,203.52000427246094,203.58999633789062,42056
2026-04-23 08:16:00+00:00,203.60000610351562,203.60000610351562,203.6699981689453,203.58999633789062,203.60000610351562,14619
2026-04-23 08:17:00+00:00,203.60000610351562,203.60000610351562,203.6300048828125,203.5800018310547,203.6300048828125,25483
2026-04-23 08:18:00+00:00,203.61000061035156,203.61000061035156,203.66000366210938,203.61000061035156,203.6300048828125,24739
2026-04-23 08:19:00+00:00,203.5800018310547,203.5800018310547,203.61000061035156,203.57000732421875,203.61000061035156,24459
2026-04-23 08:20:00+00:00,203.60000610351562,203.60000610351562,203.66000366210938,203.58999633789062,203.61000061035156,49778
2026-04-23 08:21:00+00:00,203.5399932861328,203.5399932861328,203.60000610351562,203.5399932861328,203.60000610351562,43427
2026-04-23 08:22:00+00:00,203.5399932861328,203.5399932861328,203.5800018310547,203.50999450683594,203.5399932861328,18636
2026-04-23 08:23:00+00:00,203.49000549316406,203.49000549316406,203.5800018310547,203.41000366210938,203.5399932861328,180685
2026-04-23 08:24:00+00:00,203.55999755859375,203.55999755859375,203.60000610351562,203.50999450683594,203.50999450683594,15485
2026-04-23 08:25:00+00:00,203.42999267578125,203.42999267578125,203.5800018310547,203.1699981689453,203.5800018310547,396926
2026-04-23 08:26:00+00:00,203.6199951171875,203.6199951171875,203.6999969482422,203.35000610351562,203.44000244140625,90483
2026-04-23 08:27:00+00:00,203.57000732421875,203.57000732421875,203.6300048828125,203.55999755859375,203.6199951171875,41147
2026-04-23 08:28:00+00:00,203.55999755859375,203.55999755859375,203.60000610351562,203.5500030517578,203.60000610351562,19764
2026-04-23 08:29:00+00:00,203.55999755859375,203.55999755859375,203.55999755859375,203.42999267578125,203.52999877929688,28508
2026-04-23 08:30:00+00:00,203.55999755859375,203.55999755859375,203.57000732421875,203.4600067138672,203.57000732421875,21218
2026-04-23 08:31:00+00:00,203.5,203.5,203.5399932861328,203.47999572753906,203.47999572753906,14125
2026-04-23 08:32:00+00:00,203.4499969482422,203.4499969482422,203.52999877929688,203.4199981689453,203.52999877929688,20618
2026-04-23 08:33:00+00:00,203.5500030517578,203.5500030517578,203.5500030517578,203.4499969482422,203.47000122070312,36013
2026-04-23 08:34:00+00:00,203.52000427246094,203.52000427246094,203.55999755859375,203.50999450683594,203.50999450683594,21976
2026-04-23 08:35:00+00:00,203.47000122070312,203.47000122070312,203.5,203.47000122070312,203.5,20034
2026-04-23 08:36:00+00:00,203.5,203.5,203.5,203.47000122070312,203.47999572753906,22561
2026-04-23 08:37:00+00:00,203.4199981689453,203.4199981689453,203.5,203.4199981689453,203.49000549316406,20114
2026-04-23 08:38:00+00:00,203.35000610351562,203.35000610351562,203.42999267578125,203.30999755859375,203.42999267578125,43926
2026-04-23 08:39:00+00:00,203.27000427246094,203.27000427246094,203.35000610351562,203.27000427246094,203.35000610351562,30345
2026-04-23 08:40:00+00:00,203.16000366210938,203.16000366210938,203.27000427246094,203.14999389648438,203.27000427246094,64928
2026-04-23 08:41:00+00:00,203.14999389648438,203.14999389648438,203.16000366210938,203.1199951171875,203.1300048828125,54056
2026-04-23 08:42:00+00:00,203.25,203.25,203.27000427246094,203.1699981689453,203.1699981689453,22255
2026-04-23 08:43:00+00:00,203.0500030517578,203.0500030517578,203.1999969482422,203.0500030517578,203.1999969482422,224774
2026-04-23 08:44:00+00:00,203.1300048828125,203.1300048828125,203.19000244140625,203.0500030517578,203.08999633789062,149295
2026-04-23 08:45:00+00:00,203.17999267578125,203.17999267578125,203.1999969482422,203.10000610351562,203.11000061035156,52446
2026-04-23 08:46:00+00:00,203.0800018310547,203.0800018310547,203.17999267578125,203.0800018310547,203.17999267578125,61022
2026-04-23 08:47:00+00:00,203.13999938964844,203.13999938964844,203.2100067138672,203.0800018310547,203.14999389648438,67895
2026-04-23 08:48:00+00:00,203.0500030517578,203.0500030517578,203.13999938964844,203.0500030517578,203.13999938964844,53906
2026-04-23 08:49:00+00:00,203.05999755859375,203.05999755859375,203.11000061035156,203.0500030517578,203.05999755859375,48583
2026-04-23 08:50:00+00:00,203.14999389648438,203.14999389648438,203.14999389648438,203.0500030517578,203.0500030517578,36396
2026-04-23 08:51:00+00:00,203.1199951171875,203.1199951171875,203.14999389648438,203.11000061035156,203.11000061035156,15878
2026-04-23 08:52:00+00:00,203.1199951171875,203.1199951171875,203.1199951171875,203.10000610351562,203.11000061035156,27364
2026-04-23 08:53:00+00:00,203.14999389648438,203.14999389648438,203.1699981689453,203.1199951171875,203.13999938964844,13513
2026-04-23 08:54:00+00:00,203.14999389648438,203.14999389648438,203.1699981689453,203.11000061035156,203.1300048828125,28560
2026-04-23 08:55:00+00:00,203.10000610351562,203.10000610351562,203.14999389648438,203.10000610351562,203.14999389648438,28109
2026-04-23 08:56:00+00:00,203.11000061035156,203.11000061035156,203.1300048828125,203.07000732421875,203.11000061035156,49379
2026-04-23 08:57:00+00:00,203.05999755859375,203.05999755859375,203.1199951171875,203.0500030517578,203.11000061035156,26605
2026-04-23 08:58:00+00:00,203.02999877929688,203.02999877929688,203.10000610351562,203.02999877929688,203.10000610351562,38704
2026-04-23 08:59:00+00:00,203.0,203.0,203.07000732421875,203.0,203.0399932861328,346518
2026-04-23 09:00:00+00:00,203.0,203.0,203.02999877929688,202.9499969482422,202.9499969482422,30349
2026-04-23 09:01:00+00:00,202.9499969482422,202.9499969482422,203.0,202.9499969482422,203.0,19556
2026-04-23 09:02:00+00:00,202.99000549316406,202.99000549316406,202.99000549316406,202.91000366210938,202.91000366210938,37340
2026-04-23 09:03:00+00:00,203.1699981689453,203.1699981689453,203.1699981689453,202.97999572753906,202.97999572753906,19346
2026-04-23 09:04:00+00:00,203.1199951171875,203.1199951171875,203.16000366210938,203.10000610351562,203.16000366210938,47709
2026-04-23 09:05:00+00:00,203.0,203.0,203.1199951171875,202.99000549316406,203.1199951171875,38116
2026-04-23 09:06:00+00:00,203.08999633789062,203.08999633789062,203.08999633789062,202.99000549316406,202.99000549316406,19218
2026-04-23 09:07:00+00:00,203.0500030517578,203.0500030517578,203.14999389648438,203.0500030517578,203.05999755859375,23915
2026-04-23 09:08:00+00:00,203.1300048828125,203.1300048828125,203.13999938964844,203.07000732421875,203.07000732421875,26221
2026-04-23 09:09:00+00:00,203.02999877929688,203.02999877929688,203.1300048828125,203.02999877929688,203.1300048828125,23368
2026-04-23 09:10:00+00:00,203.0399932861328,203.0399932861328,203.05999755859375,203.00999450683594,203.02999877929688,52063
2026-04-23 09:11:00+00:00,203.11000061035156,203.11000061035156,203.11000061035156,203.0500030517578,203.10000610351562,20870
2026-04-23 09:12:00+00:00,203.13999938964844,203.13999938964844,203.14999389648438,203.0399932861328,203.11000061035156,24671
2026-04-23 09:13:00+00:00,203.05999755859375,203.05999755859375,203.13999938964844,203.00999450683594,203.13999938964844,31125
2026-04-23 09:14:00+00:00,203.0399932861328,203.0399932861328,203.05999755859375,203.00999450683594,203.05999755859375,19149
2026-04-23 09:15:00+00:00,203.10000610351562,203.10000610351562,203.10000610351562,202.97000122070312,203.0399932861328,66307
2026-04-23 09:16:00+00:00,203.08999633789062,203.08999633789062,203.1199951171875,203.0,203.0800018310547,35897
2026-04-23 09:17:00+00:00,203.25,203.25,203.25,203.10000610351562,203.10000610351562,111819
2026-04-23 09:18:00+00:00,203.33999633789062,203.33999633789062,203.41000366210938,203.25,203.25,47685
2026-04-23 09:19:00+00:00,203.27000427246094,203.27000427246094,203.33999633789062,203.24000549316406,203.3300018310547,27981
2026-04-23 09:20:00+00:00,203.3800048828125,203.3800048828125,203.3800048828125,203.19000244140625,203.25,35605
2026-04-23 09:21:00+00:00,203.3300018310547,203.3300018310547,203.36000061035156,203.30999755859375,203.36000061035156,20908
2026-04-23 09:22:00+00:00,203.35000610351562,203.35000610351562,203.36000061035156,203.3000030517578,203.30999755859375,34592
2026-04-23 09:23:00+00:00,203.3300018310547,203.3300018310547,203.33999633789062,203.30999755859375,203.33999633789062,47350
2026-04-23 09:24:00+00:00,203.38999938964844,203.38999938964844,203.38999938964844,203.32000732421875,203.32000732421875,49693
2026-04-23 09:25:00+00:00,203.42999267578125,203.42999267578125,203.42999267578125,203.38999938964844,203.4199981689453,54168
2026-04-23 09:26:00+00:00,203.4199981689453,203.4199981689453,203.44000244140625,203.38999938964844,203.44000244140625,23747
2026-04-23 09:27:00+00:00,203.3000030517578,203.3000030517578,203.39999389648438,203.3000030517578,203.39999389648438,42996
2026-04-23 09:28:00+00:00,203.3800048828125,203.3800048828125,203.3800048828125,203.3000030517578,203.3000030517578,43422
2026-04-23 09:29:00+00:00,203.42999267578125,203.42999267578125,203.5,203.3000030517578,203.30999755859375,325139
2026-04-23 09:30:00+00:00,203.47000122070312,203.47000122070312,203.49000549316406,203.41000366210938,203.41000366210938,82302
2026-04-23 09:31:00+00:00,203.52999877929688,203.52999877929688,203.5800018310547,203.47000122070312,203.47000122070312,65921
2026-04-23 09:32:00+00:00,203.52000427246094,203.52000427246094,203.5800018310547,203.5,203.5500030517578,79329
2026-04-23 09:33:00+00:00,203.5,203.5,203.5500030517578,203.4600067138672,203.52000427246094,98866
2026-04-23 09:34:00+00:00,203.49000549316406,203.49000549316406,203.5399932861328,203.4600067138672,203.5399932861328,73242
2026-04-23 09:35:00+00:00,203.50999450683594,203.50999450683594,203.50999450683594,203.4600067138672,203.5,58561
2026-04-23 09:36:00+00:00,203.4600067138672,203.4600067138672,203.57000732421875,203.44000244140625,203.50999450683594,86350
2026-04-23 09:37:00+00:00,203.42999267578125,203.42999267578125,203.4499969482422,203.3699951171875,203.4499969482422,100998
2026-04-23 09:38:00+00:00,203.42999267578125,203.42999267578125,203.47999572753906,203.36000061035156,203.38999938964844,100938
2026-04-23 09:39:00+00:00,203.49000549316406,203.49000549316406,203.5399932861328,203.44000244140625,203.4499969482422,61733
2026-04-23 09:40:00+00:00,203.47000122070312,203.47000122070312,203.5,203.39999389648438,203.4600067138672,63998
2026-04-23 09:41:00+00:00,203.4199981689453,203.4199981689453,203.42999267578125,203.36000061035156,203.4199981689453,100139
2026-04-23 09:42:00+00:00,203.39999389648438,203.39999389648438,203.47999572753906,203.35000610351562,203.41000366210938,84151
2026-04-23 09:43:00+00:00,203.4499969482422,203.4499969482422,203.47999572753906,203.36000061035156,203.38999938964844,112460
2026-04-23 09:44:00+00:00,203.4600067138672,203.4600067138672,203.5,203.39999389648438,203.42999267578125,103952
2026-04-23 09:45:00+00:00,203.22999572753906,203.22999572753906,203.49000549316406,203.22000122070312,203.4600067138672,104063
2026-04-23 09:46:00+00:00,203.1199951171875,203.1199951171875,203.22999572753906,203.1199951171875,203.1999969482422,91885
2026-04-23 09:47:00+00:00,203.0800018310547,203.0800018310547,203.11000061035156,203.0500030517578,203.11000061035156,86954
2026-04-23 09:48:00+00:00,203.02000427246094,203.02000427246094,203.05999755859375,202.97000122070312,203.05999755859375,195315
2026-04-23 09:49:00+00:00,203.0,203.0,203.02000427246094,202.97000122070312,202.97000122070312,75547
2026-04-23 09:50:00+00:00,203.02000427246094,203.02000427246094,203.0500030517578,203.0,203.0,59793
2026-04-23 09:51:00+00:00,202.97999572753906,202.97999572753906,203.02000427246094,202.9499969482422,203.02000427246094,79676
2026-04-23 09:52:00+00:00,202.8000030517578,202.8000030517578,202.97999572753906,202.8000030517578,202.97999572753906,785985
2026-04-23 09:53:00+00:00,202.5500030517578,202.5500030517578,202.7100067138672,202.39999389648438,202.7100067138672,1578146
2026-04-23 09:54:00+00:00,202.4199981689453,202.4199981689453,202.5399932861328,202.30999755859375,202.52999877929688,552497
2026-04-23 09:55:00+00:00,202.36000061035156,202.36000061035156,202.5399932861328,202.30999755859375,202.35000610351562,527767
2026-04-23 09:56:00+00:00,202.41000366210938,202.41000366210938,202.4600067138672,202.30999755859375,202.3800048828125,303657
2026-04-23 09:57:00+00:00,202.44000244140625,202.44000244140625,202.5,202.35000610351562,202.4199981689453,444248
2026-04-23 09:58:00+00:00,202.64999389648438,202.64999389648438,202.64999389648438,202.36000061035156,202.4600067138672,258156
2026-04-23 09:59:00+00:00,202.80999755859375,202.80999755859375,202.85000610351562,202.55999755859375,202.55999755859375,83270
2026-04-24 03:45:00+00:00,201.89999389648438,201.89999389648438,202.60000610351562,201.6199951171875,202.60000610351562,0
2026-04-24 03:46:00+00:00,202.5,202.5,202.66000366210938,201.64999389648438,201.86000061035156,386348
2026-04-24 03:47:00+00:00,202.6300048828125,202.6300048828125,202.6999969482422,202.44000244140625,202.63999938964844,107451
2026-04-24 03:48:00+00:00,202.05999755859375,202.05999755859375,202.47999572753906,201.92999267578125,202.47999572753906,132758
2026-04-24 03:49:00+00:00,202.4199981689453,202.4199981689453,202.5,202.13999938964844,202.13999938964844,73756
2026-04-24 03:50:00+00:00,201.99000549316406,201.99000549316406,202.5500030517578,201.99000549316406,202.4499969482422,137196
2026-04-24 03:51:00+00:00,201.86000061035156,201.86000061035156,202.11000061035156,201.8000030517578,201.85000610351562,111355
2026-04-24 03:52:00+00:00,201.94000244140625,201.94000244140625,202.08999633789062,201.8300018310547,201.8300018310547,79019
2026-04-24 03:53:00+00:00,201.47999572753906,201.47999572753906,201.8699951171875,201.47999572753906,201.8699951171875,204568
2026-04-24 03:54:00+00:00,201.39999389648438,201.39999389648438,201.52999877929688,201.25,201.44000244140625,149967
2026-04-24 03:55:00+00:00,201.42999267578125,201.42999267578125,201.58999633789062,201.3300018310547,201.47000122070312,92413
2026-04-24 03:56:00+00:00,201.3000030517578,201.3000030517578,201.5,201.1999969482422,201.47000122070312,120479
2026-04-24 03:57:00+00:00,201.38999938964844,201.38999938964844,201.38999938964844,201.11000061035156,201.3000030517578,86081
2026-04-24 03:58:00+00:00,201.27999877929688,201.27999877929688,201.36000061035156,201.25,201.3300018310547,54095
2026-04-24 03:59:00+00:00,201.3300018310547,201.3300018310547,201.41000366210938,201.3000030517578,201.3000030517578,69325
2026-04-24 04:00:00+00:00,201.16000366210938,201.16000366210938,201.3000030517578,201.08999633789062,201.3000030517578,173785
2026-04-24 04:01:00+00:00,201.19000244140625,201.19000244140625,201.2100067138672,201.10000610351562,201.13999938964844,88342
2026-04-24 04:02:00+00:00,200.77000427246094,200.77000427246094,201.16000366210938,200.77000427246094,201.10000610351562,384762
2026-04-24 04:03:00+00:00,200.7899932861328,200.7899932861328,200.83999633789062,200.7100067138672,200.83999633789062,77971
2026-04-24 04:04:00+00:00,200.55999755859375,200.55999755859375,200.91000366210938,200.5399932861328,200.77000427246094,160071
2026-04-24 04:05:00+00:00,200.64999389648438,200.64999389648438,200.6699981689453,200.5500030517578,200.60000610351562,80320
2026-04-24 04:06:00+00:00,200.60000610351562,200.60000610351562,200.60000610351562,200.5500030517578,200.5500030517578,92423
2026-04-24 04:07:00+00:00,200.6300048828125,200.6300048828125,200.6300048828125,200.52999877929688,200.58999633789062,162731
2026-04-24 04:08:00+00:00,200.61000061035156,200.61000061035156,200.75999450683594,200.60000610351562,200.67999267578125,65116
2026-04-24 04:09:00+00:00,200.7899932861328,200.7899932861328,200.7899932861328,200.6199951171875,200.69000244140625,198338
2026-04-24 04:10:00+00:00,200.52000427246094,200.52000427246094,200.7899932861328,200.4499969482422,200.7899932861328,133746
2026-04-24 04:11:00+00:00,200.32000732421875,200.32000732421875,200.52999877929688,200.30999755859375,200.5,171472
2026-04-24 04:12:00+00:00,200.3000030517578,200.3000030517578,200.44000244140625,200.27000427246094,200.2899932861328,70075
2026-04-24 04:13:00+00:00,200.1999969482422,200.1999969482422,200.36000061035156,200.1999969482422,200.33999633789062,115280
2026-04-24 04:14:00+00:00,200.22999572753906,200.22999572753906,200.2899932861328,200.14999389648438,200.2100067138672,93880
2026-04-24 04:15:00+00:00,200.10000610351562,200.10000610351562,200.25999450683594,200.10000610351562,200.25,229491
2026-04-24 04:16:00+00:00,199.8800048828125,199.8800048828125,200.10000610351562,199.8800048828125,200.10000610351562,856581
2026-04-24 04:17:00+00:00,199.64999389648438,199.64999389648438,199.97000122070312,199.64999389648438,199.85000610351562,160203
2026-04-24 04:18:00+00:00,199.5,199.5,199.72000122070312,199.44000244140625,199.72000122070312,268171
2026-04-24 04:19:00+00:00,199.38999938964844,199.38999938964844,199.5,199.3300018310547,199.4600067138672,243892
2026-04-24 04:20:00+00:00,199.39999389648438,199.39999389648438,199.41000366210938,199.3000030517578,199.36000061035156,167897
2026-04-24 04:21:00+00:00,199.72000122070312,199.72000122070312,199.72000122070312,199.35000610351562,199.3800048828125,145935
2026-04-24 04:22:00+00:00,199.6699981689453,199.6699981689453,199.75999450683594,199.5,199.6300048828125,71233
2026-04-24 04:23:00+00:00,199.7100067138672,199.7100067138672,199.80999755859375,199.60000610351562,199.60000610351562,63327
2026-04-24 04:24:00+00:00,199.58999633789062,199.58999633789062,199.7899932861328,199.58999633789062,199.7100067138672,77628
2026-04-24 04:25:00+00:00,199.6699981689453,199.6699981689453,199.6699981689453,199.52000427246094,199.5800018310547,69340
2026-04-24 04:26:00+00:00,199.25999450683594,199.25999450683594,199.61000061035156,199.25999450683594,199.58999633789062,231430
2026-04-24 04:27:00+00:00,199.27000427246094,199.27000427246094,199.38999938964844,199.08999633789062,199.32000732421875,621106
2026-04-24 04:28:00+00:00,199.5,199.5,199.52999877929688,199.22000122070312,199.25999450683594,78225
2026-04-24 04:29:00+00:00,199.4199981689453,199.4199981689453,199.7899932861328,199.25,199.5,592794
2026-04-24 04:30:00+00:00,199.57000732421875,199.57000732421875,199.7100067138672,199.42999267578125,199.42999267578125,70386
2026-04-24 04:31:00+00:00,199.39999389648438,199.39999389648438,199.72999572753906,199.30999755859375,199.69000244140625,81121
2026-04-24 04:32:00+00:00,199.39999389648438,199.39999389648438,199.52000427246094,199.3000030517578,199.4499969482422,64986
2026-04-24 04:33:00+00:00,199.38999938964844,199.38999938964844,199.49000549316406,199.35000610351562,199.35000610351562,47260
2026-04-24 04:34:00+00:00,199.3000030517578,199.3000030517578,199.39999389648438,199.25999450683594,199.3300018310547,96185
2026-04-24 04:35:00+00:00,199.44000244140625,199.44000244140625,199.44000244140625,199.10000610351562,199.33999633789062,102988
2026-04-24 04:36:00+00:00,199.69000244140625,199.69000244140625,199.6999969482422,199.39999389648438,199.44000244140625,67384
2026-04-24 04:37:00+00:00,199.6300048828125,199.6300048828125,199.69000244140625,199.60000610351562,199.69000244140625,73804
2026-04-24 04:38:00+00:00,199.58999633789062,199.58999633789062,199.6300048828125,199.50999450683594,199.60000610351562,91510
2026-04-24 04:39:00+00:00,198.88999938964844,198.88999938964844,199.58999633789062,198.8000030517578,199.52000427246094,525260
2026-04-24 04:40:00+00:00,198.9600067138672,198.9600067138672,198.97000122070312,198.66000366210938,198.82000732421875,215706
2026-04-24 04:41:00+00:00,198.92999267578125,198.92999267578125,199.0,198.92999267578125,198.99000549316406,89784
2026-04-24 04:42:00+00:00,199.17999267578125,199.17999267578125,199.1999969482422,199.0,199.0,250898
2026-04-24 04:43:00+00:00,199.11000061035156,199.11000061035156,199.24000549316406,199.0800018310547,199.14999389648438,75596
2026-04-24 04:44:00+00:00,198.97999572753906,198.97999572753906,199.22000122070312,198.91000366210938,199.00999450683594,318172
2026-04-24 04:45:00+00:00,198.66000366210938,198.66000366210938,198.92999267578125,198.60000610351562,198.89999389648438,108205
2026-04-24 04:46:00+00:00,198.47000122070312,198.47000122070312,198.63999938964844,198.08999633789062,198.6300048828125,466318
2026-04-24 04:47:00+00:00,198.25,198.25,198.5,198.16000366210938,198.39999389648438,326814
2026-04-24 04:48:00+00:00,198.3300018310547,198.3300018310547,198.5,198.1300048828125,198.1300048828125,82484
2026-04-24 04:49:00+00:00,198.33999633789062,198.33999633789062,198.44000244140625,198.22000122070312,198.3300018310547,78018
2026-04-24 04:50:00+00:00,198.4199981689453,198.4199981689453,198.5,198.27999877929688,198.33999633789062,85589
2026-04-24 04:51:00+00:00,198.17999267578125,198.17999267578125,198.39999389648438,198.0399932861328,198.36000061035156,259641
2026-04-24 04:52:00+00:00,198.25999450683594,198.25999450683594,198.3800048828125,198.16000366210938,198.16000366210938,67710
2026-04-24 04:53:00+00:00,198.10000610351562,198.10000610351562,198.36000061035156,198.07000732421875,198.27999877929688,405328
2026-04-24 04:54:00+00:00,198.13999938964844,198.13999938964844,198.22000122070312,198.07000732421875,198.19000244140625,78277
2026-04-24 04:55:00+00:00,198.19000244140625,198.19000244140625,198.39999389648438,198.10000610351562,198.10000610351562,583308
2026-04-24 04:56:00+00:00,198.33999633789062,198.33999633789062,198.39999389648438,198.1300048828125,198.1699981689453,45638
2026-04-24 04:57:00+00:00,198.35000610351562,198.35000610351562,198.47000122070312,198.27999877929688,198.3300018310547,53097
2026-04-24 04:58:00+00:00,197.97000122070312,197.97000122070312,198.42999267578125,197.91000366210938,198.4199981689453,506612
2026-04-24 04:59:00+00:00,197.99000549316406,197.99000549316406,198.0,197.91000366210938,197.9600067138672,82086
2026-04-24 05:00:00+00:00,197.97999572753906,197.97999572753906,198.0,197.88999938964844,197.97999572753906,89906
2026-04-24 05:01:00+00:00,198.36000061035156,198.36000061035156,198.36000061035156,197.99000549316406,198.0,130084
2026-04-24 05:02:00+00:00,198.1999969482422,198.1999969482422,198.35000610351562,198.0,198.3000030517578,41023
2026-04-24 05:03:00+00:00,198.3300018310547,198.3300018310547,198.47000122070312,198.1999969482422,198.24000549316406,63940
2026-04-24 05:04:00+00:00,198.5,198.5,198.55999755859375,198.32000732421875,198.32000732421875,69444
2026-04-24 05:05:00+00:00,198.60000610351562,198.60000610351562,198.66000366210938,198.47000122070312,198.5,52312
2026-04-24 05:06:00+00:00,198.52999877929688,198.52999877929688,198.60000610351562,198.2100067138672,198.60000610351562,74408
2026-04-24 05:07:00+00:00,198.60000610351562,198.60000610351562,198.6199951171875,198.39999389648438,198.52999877929688,46671
2026-04-24 05:08:00+00:00,198.47999572753906,198.47999572753906,198.6199951171875,198.47999572753906,198.60000610351562,59773
2026-04-24 05:09:00+00:00,198.3800048828125,198.3800048828125,198.44000244140625,198.33999633789062,198.39999389648438,54572
2026-04-24 05:10:00+00:00,198.47000122070312,198.47000122070312,198.47000122070312,198.35000610351562,198.3800048828125,43923
2026-04-24 05:11:00+00:00,198.2100067138672,198.2100067138672,198.4199981689453,198.2100067138672,198.41000366210938,75189
2026-04-24 05:12:00+00:00,198.1699981689453,198.1699981689453,198.2899932861328,198.14999389648438,198.24000549316406,73984
2026-04-24 05:13:00+00:00,198.14999389648438,198.14999389648438,198.1999969482422,198.13999938964844,198.1699981689453,55693
2026-04-24 05:14:00+00:00,198.0,198.0,198.1199951171875,197.9499969482422,198.11000061035156,222136
2026-04-24 05:15:00+00:00,198.4499969482422,198.4499969482422,198.4499969482422,197.9499969482422,198.0,230366
2026-04-24 05:16:00+00:00,198.41000366210938,198.41000366210938,198.5399932861328,198.25,198.4499969482422,80205
2026-04-24 05:17:00+00:00,198.3800048828125,198.3800048828125,198.4600067138672,198.25,198.41000366210938,42559
2026-04-24 05:18:00+00:00,198.3300018310547,198.3300018310547,198.39999389648438,198.25,198.35000610351562,28162
2026-04-24 05:19:00+00:00,198.6199951171875,198.6199951171875,198.6199951171875,198.1999969482422,198.3800048828125,110389
2026-04-24 05:20:00+00:00,198.6199951171875,198.6199951171875,198.6199951171875,198.44000244140625,198.57000732421875,97717
2026-04-24 05:21:00+00:00,198.74000549316406,198.74000549316406,198.82000732421875,198.55999755859375,198.6300048828125,177184
2026-04-24 05:22:00+00:00,199.0500030517578,199.0500030517578,199.10000610351562,198.63999938964844,198.77999877929688,119778
2026-04-24 05:23:00+00:00,199.0,199.0,199.14999389648438,198.91000366210938,199.11000061035156,92731
2026-04-24 05:24:00+00:00,199.0500030517578,199.0500030517578,199.10000610351562,198.9199981689453,199.02000427246094,54629
2026-04-24 05:25:00+00:00,199.0399932861328,199.0399932861328,199.0800018310547,198.94000244140625,199.00999450683594,46467
2026-04-24 05:26:00+00:00,198.89999389648438,198.89999389648438,199.0,198.88999938964844,198.97999572753906,35591
2026-04-24 05:27:00+00:00,198.85000610351562,198.85000610351562,198.9499969482422,198.8000030517578,198.89999389648438,36571
2026-04-24 05:28:00+00:00,198.94000244140625,198.94000244140625,198.94000244140625,198.74000549316406,198.85000610351562,44206
2026-04-24 05:29:00+00:00,198.8699951171875,198.8699951171875,198.94000244140625,198.77000427246094,198.94000244140625,46729
2026-04-24 05:30:00+00:00,198.8800048828125,198.8800048828125,198.8800048828125,198.7100067138672,198.86000061035156,50906
2026-04-24 05:31:00+00:00,198.88999938964844,198.88999938964844,198.9600067138672,198.74000549316406,198.92999267578125,82492
2026-04-24 05:32:00+00:00,198.67999267578125,198.67999267578125,198.91000366210938,198.61000061035156,198.91000366210938,83626
2026-04-24 05:33:00+00:00,198.92999267578125,198.92999267578125,198.92999267578125,198.64999389648438,198.77000427246094,62010
2026-04-24 05:34:00+00:00,198.88999938964844,198.88999938964844,199.02999877929688,198.77999877929688,198.99000549316406,100069
2026-04-24 05:35:00+00:00,199.13999938964844,199.13999938964844,199.13999938964844,198.75999450683594,198.85000610351562,91985
2026-04-24 05:36:00+00:00,199.14999389648438,199.14999389648438,199.17999267578125,199.0,199.13999938964844,98766
2026-04-24 05:37:00+00:00,199.3800048828125,199.3800048828125,199.38999938964844,199.1699981689453,199.1699981689453,103024
2026-04-24 05:38:00+00:00,199.4499969482422,199.4499969482422,199.5,199.3000030517578,199.38999938964844,90302
2026-04-24 05:39:00+00:00,199.4199981689453,199.4199981689453,199.5,199.35000610351562,199.47000122070312,98444
2026-04-24 05:40:00+00:00,199.27000427246094,199.27000427246094,199.4600067138672,199.25,199.42999267578125,115030
2026-04-24 05:41:00+00:00,199.39999389648438,199.39999389648438,199.39999389648438,199.1999969482422,199.25999450683594,72111
2026-04-24 05:42:00+00:00,199.2899932861328,199.2899932861328,199.39999389648438,199.27999877929688,199.39999389648438,46733
2026-04-24 05:43:00+00:00,199.3699951171875,199.3699951171875,199.49000549316406,199.27000427246094,199.27999877929688,84082
2026-04-24 05:44:00+00:00,199.35000610351562,199.35000610351562,199.42999267578125,199.3000030517578,199.3800048828125,68014
2026-04-24 05:45:00+00:00,199.3800048828125,199.3800048828125,199.3800048828125,199.25999450683594,199.3300018310547,55400
2026-04-24 05:46:00+00:00,199.3000030517578,199.3000030517578,199.4199981689453,199.3000030517578,199.33999633789062,53316
2026-04-24 05:47:00+00:00,199.2100067138672,199.2100067138672,199.3800048828125,199.2100067138672,199.3300018310547,92282
2026-04-24 05:48:00+00:00,199.38999938964844,199.38999938964844,199.44000244140625,199.13999938964844,199.2899932861328,143625
2026-04-24 05:49:00+00:00,199.41000366210938,199.41000366210938,199.5,199.22999572753906,199.3800048828125,94404
2026-04-24 05:50:00+00:00,199.32000732421875,199.32000732421875,199.42999267578125,199.25999450683594,199.41000366210938,84961
2026-04-24 05:51:00+00:00,199.3699951171875,199.3699951171875,199.39999389648438,199.1999969482422,199.3000030517578,106238
2026-04-24 05:52:00+00:00,199.4199981689453,199.4199981689453,199.4600067138672,199.25999450683594,199.3699951171875,131344
2026-04-24 05:53:00+00:00,199.4600067138672,199.4600067138672,199.47000122070312,199.3699951171875,199.3800048828125,53523
2026-04-24 05:54:00+00:00,199.6199951171875,199.6199951171875,199.72000122070312,199.5,199.5,164962
2026-04-24 05:55:00+00:00,199.57000732421875,199.57000732421875,199.66000366210938,199.47999572753906,199.61000061035156,86381
2026-04-24 05:56:00+00:00,199.7100067138672,199.7100067138672,199.8000030517578,199.55999755859375,199.61000061035156,84872
2026-04-24 05:57:00+00:00,199.60000610351562,199.60000610351562,199.77000427246094,199.57000732421875,199.7100067138672,66386
2026-04-24 05:58:00+00:00,199.58999633789062,199.58999633789062,199.6199951171875,199.55999755859375,199.60000610351562,52842
2026-04-24 05:59:00+00:00,199.58999633789062,199.58999633789062,199.7100067138672,199.55999755859375,199.5800018310547,73637
2026-04-24 06:00:00+00:00,199.5,199.5,199.58999633789062,199.47999572753906,199.58999633789062,40394
2026-04-24 06:01:00+00:00,199.50999450683594,199.50999450683594,199.52999877929688,199.4499969482422,199.4499969482422,39501
2026-04-24 06:02:00+00:00,199.5,199.5,199.5399932861328,199.4499969482422,199.50999450683594,30283
2026-04-24 06:03:00+00:00,199.6699981689453,199.6699981689453,199.69000244140625,199.52000427246094,199.6300048828125,69717
2026-04-24 06:04:00+00:00,199.64999389648438,199.64999389648438,199.6699981689453,199.47999572753906,199.6699981689453,66329
2026-04-24 06:05:00+00:00,199.5399932861328,199.5399932861328,199.69000244140625,199.50999450683594,199.63999938964844,35551
2026-04-24 06:06:00+00:00,199.36000061035156,199.36000061035156,199.52999877929688,199.36000061035156,199.52999877929688,51758
2026-04-24 06:07:00+00:00,199.38999938964844,199.38999938964844,199.49000549316406,199.3000030517578,199.36000061035156,65217
2026-04-24 06:08:00+00:00,199.4600067138672,199.4600067138672,199.47000122070312,199.27000427246094,199.3800048828125,41493
2026-04-24 06:09:00+00:00,199.5,199.5,199.50999450683594,199.36000061035156,199.41000366210938,36169
2026-04-24 06:10:00+00:00,199.5,199.5,199.5399932861328,199.3800048828125,199.52000427246094,25756
2026-04-24 06:11:00+00:00,199.47000122070312,199.47000122070312,199.52000427246094,199.47000122070312,199.52000427246094,28951
2026-04-24 06:12:00+00:00,199.1699981689453,199.1699981689453,199.47000122070312,199.10000610351562,199.47000122070312,89095
2026-04-24 06:13:00+00:00,199.1999969482422,199.1999969482422,199.22999572753906,199.08999633789062,199.22999572753906,71281
2026-04-24 06:14:00+00:00,199.27000427246094,199.27000427246094,199.38999938964844,199.16000366210938,199.16000366210938,41857
2026-04-24 06:15:00+00:00,199.32000732421875,199.32000732421875,199.35000610351562,199.1699981689453,199.35000610351562,100222
2026-04-24 06:16:00+00:00,199.25,199.25,199.3800048828125,199.1999969482422,199.30999755859375,53545
2026-04-24 06:17:00+00:00,199.25,199.25,199.30999755859375,199.17999267578125,199.30999755859375,56627
2026-04-24 06:18:00+00:00,199.22000122070312,199.22000122070312,199.32000732421875,199.14999389648438,199.25,56010
2026-04-24 06:19:00+00:00,199.22999572753906,199.22999572753906,199.25,199.14999389648438,199.22000122070312,40560
2026-04-24 06:20:00+00:00,199.17999267578125,199.17999267578125,199.27999877929688,199.11000061035156,199.22999572753906,53981
2026-04-24 06:21:00+00:00,199.07000732421875,199.07000732421875,199.22000122070312,199.02999877929688,199.11000061035156,98053
2026-04-24 06:22:00+00:00,199.10000610351562,199.10000610351562,199.16000366210938,199.0,199.07000732421875,59584
2026-04-24 06:23:00+00:00,198.99000549316406,198.99000549316406,199.11000061035156,198.9199981689453,199.02000427246094,188896
2026-04-24 06:24:00+00:00,198.88999938964844,198.88999938964844,198.9600067138672,198.8800048828125,198.9600067138672,41699
2026-04-24 06:25:00+00:00,198.92999267578125,198.92999267578125,198.97000122070312,198.83999633789062,198.8800048828125,22071
2026-04-24 06:26:00+00:00,199.22999572753906,199.22999572753906,199.2899932861328,198.9499969482422,198.9499969482422,71313
2026-04-24 06:27:00+00:00,199.27999877929688,199.27999877929688,199.35000610351562,199.17999267578125,199.22999572753906,74469
2026-04-24 06:28:00+00:00,199.16000366210938,199.16000366210938,199.30999755859375,199.10000610351562,199.27000427246094,42089
2026-04-24 06:29:00+00:00,199.22000122070312,199.22000122070312,199.32000732421875,199.16000366210938,199.16000366210938,70539
2026-04-24 06:30:00+00:00,199.0399932861328,199.0399932861328,199.22999572753906,198.92999267578125,199.22000122070312,72089
2026-04-24 06:31:00+00:00,199.0399932861328,199.0399932861328,199.1300048828125,198.97999572753906,199.0399932861328,64058
2026-04-24 06:32:00+00:00,199.1199951171875,199.1199951171875,199.1199951171875,198.9499969482422,199.0,57671
2026-04-24 06:33:00+00:00,199.16000366210938,199.16000366210938,199.22999572753906,199.05999755859375,199.2100067138672,95693
2026-04-24 06:34:00+00:00,199.16000366210938,199.16000366210938,199.25,199.02999877929688,199.1300048828125,43315
2026-04-24 06:35:00+00:00,199.17999267578125,199.17999267578125,199.17999267578125,199.05999755859375,199.13999938964844,94115
2026-04-24 06:36:00+00:00,199.3000030517578,199.3000030517578,199.3000030517578,199.11000061035156,199.11000061035156,30899
2026-04-24 06:37:00+00:00,199.3699951171875,199.3699951171875,199.4499969482422,199.1999969482422,199.27999877929688,33346
2026-04-24 06:38:00+00:00,199.50999450683594,199.50999450683594,199.50999450683594,199.35000610351562,199.3699951171875,61554
2026-04-24 06:39:00+00:00,199.5399932861328,199.5399932861328,199.5500030517578,199.4600067138672,199.50999450683594,57828
2026-04-24 06:40:00+00:00,199.5,199.5,199.5399932861328,199.32000732421875,199.5399932861328,73514
2026-04-24 06:41:00+00:00,199.33999633789062,199.33999633789062,199.5399932861328,199.3000030517578,199.50999450683594,60544
2026-04-24 06:42:00+00:00,199.58999633789062,199.58999633789062,199.58999633789062,199.35000610351562,199.35000610351562,35041
2026-04-24 06:43:00+00:00,199.58999633789062,199.58999633789062,199.6300048828125,199.5800018310547,199.5800018310547,165502
2026-04-24 06:44:00+00:00,199.52999877929688,199.52999877929688,199.60000610351562,199.52999877929688,199.58999633789062,33111
2026-04-24 06:45:00+00:00,199.52000427246094,199.52000427246094,199.64999389648438,199.52000427246094,199.63999938964844,165475
2026-04-24 06:46:00+00:00,199.6199951171875,199.6199951171875,199.6199951171875,199.4600067138672,199.4600067138672,53454
2026-04-24 06:47:00+00:00,199.5800018310547,199.5800018310547,199.58999633789062,199.5500030517578,199.55999755859375,59527
2026-04-24 06:48:00+00:00,199.47999572753906,199.47999572753906,199.57000732421875,199.39999389648438,199.50999450683594,51117
2026-04-24 06:49:00+00:00,199.4199981689453,199.4199981689453,199.5,199.39999389648438,199.4499969482422,30393
2026-04-24 06:50:00+00:00,199.4199981689453,199.4199981689453,199.47999572753906,199.36000061035156,199.47999572753906,30811
2026-04-24 06:51:00+00:00,199.5,199.5,199.5,199.3000030517578,199.36000061035156,47593
2026-04-24 06:52:00+00:00,199.4600067138672,199.4600067138672,199.5500030517578,199.4499969482422,199.5,20001
2026-04-24 06:53:00+00:00,199.36000061035156,199.36000061035156,199.49000549316406,199.36000061035156,199.4600067138672,32803
2026-04-24 06:54:00+00:00,199.3800048828125,199.3800048828125,199.41000366210938,199.30999755859375,199.3699951171875,42562
2026-04-24 06:55:00+00:00,199.2899932861328,199.2899932861328,199.35000610351562,199.2899932861328,199.30999755859375,33387
2026-04-24 06:56:00+00:00,199.27999877929688,199.27999877929688,199.35000610351562,199.22000122070312,199.27999877929688,19454
2026-04-24 06:57:00+00:00,199.27999877929688,199.27999877929688,199.3300018310547,199.27999877929688,199.3300018310547,17794
2026-04-24 06:58:00+00:00,199.14999389648438,199.14999389648438,199.27999877929688,199.1199951171875,199.25,32099
2026-04-24 06:59:00+00:00,199.2100067138672,199.2100067138672,199.32000732421875,199.1699981689453,199.1699981689453,17167
2026-04-24 07:00:00+00:00,199.39999389648438,199.39999389648438,199.39999389648438,199.22000122070312,199.27999877929688,33689
2026-04-24 07:01:00+00:00,199.25,199.25,199.4499969482422,199.25,199.39999389648438,55714
2026-04-24 07:02:00+00:00,199.35000610351562,199.35000610351562,199.35000610351562,199.25,199.25,72988
2026-04-24 07:03:00+00:00,199.24000549316406,199.24000549316406,199.33999633789062,199.2100067138672,199.25999450683594,33473
2026-04-24 07:04:00+00:00,199.3000030517578,199.3000030517578,199.38999938964844,199.25999450683594,199.3000030517578,43940
2026-04-24 07:05:00+00:00,199.3000030517578,199.3000030517578,199.3699951171875,199.25999450683594,199.25999450683594,15343
2026-04-24 07:06:00+00:00,199.35000610351562,199.35000610351562,199.35000610351562,199.30999755859375,199.30999755859375,19554
2026-04-24 07:07:00+00:00,199.39999389648438,199.39999389648438,199.39999389648438,199.3300018310547,199.35000610351562,14505
2026-04-24 07:08:00+00:00,199.4199981689453,199.4199981689453,199.42999267578125,199.36000061035156,199.39999389648438,15424
2026-04-24 07:09:00+00:00,199.5,199.5,199.5,199.42999267578125,199.42999267578125,19741
2026-04-24 07:10:00+00:00,199.39999389648438,199.39999389648438,199.5399932861328,199.39999389648438,199.5399932861328,30034
2026-04-24 07:11:00+00:00,199.4199981689453,199.4199981689453,199.4499969482422,199.39999389648438,199.41000366210938,16701
2026-04-24 07:12:00+00:00,199.39999389648438,199.39999389648438,199.44000244140625,199.3000030517578,199.42999267578125,74145
2026-04-24 07:13:00+00:00,199.3000030517578,199.3000030517578,199.42999267578125,199.27000427246094,199.35000610351562,17804
2026-04-24 07:14:00+00:00,199.13999938964844,199.13999938964844,199.41000366210938,199.13999938964844,199.3000030517578,50241
2026-04-24 07:15:00+00:00,199.27000427246094,199.27000427246094,199.30999755859375,199.14999389648438,199.22000122070312,17237
2026-04-24 07:16:00+00:00,199.00999450683594,199.00999450683594,199.1999969482422,199.00999450683594,199.1999969482422,64998
2026-04-24 07:17:00+00:00,199.14999389648438,199.14999389648438,199.1999969482422,199.00999450683594,199.00999450683594,25383
2026-04-24 07:18:00+00:00,199.1699981689453,199.1699981689453,199.1999969482422,199.1300048828125,199.16000366210938,15934
2026-04-24 07:19:00+00:00,199.14999389648438,199.14999389648438,199.25,199.14999389648438,199.1699981689453,16174
2026-04-24 07:20:00+00:00,199.24000549316406,199.24000549316406,199.24000549316406,199.14999389648438,199.19000244140625,25035
2026-04-24 07:21:00+00:00,199.07000732421875,199.07000732421875,199.2899932861328,199.07000732421875,199.2899932861328,32507
2026-04-24 07:22:00+00:00,199.02000427246094,199.02000427246094,199.1199951171875,199.02000427246094,199.0800018310547,36435
2026-04-24 07:23:00+00:00,199.0500030517578,199.0500030517578,199.0500030517578,199.0,199.02000427246094,43406
2026-04-24 07:24:00+00:00,198.82000732421875,198.82000732421875,199.07000732421875,198.82000732421875,199.0399932861328,156917
2026-04-24 07:25:00+00:00,198.75999450683594,198.75999450683594,198.9199981689453,198.75999450683594,198.89999389648438,49151
2026-04-24 07:26:00+00:00,198.7899932861328,198.7899932861328,198.8300018310547,198.64999389648438,198.75999450683594,53624
2026-04-24 07:27:00+00:00,198.7899932861328,198.7899932861328,198.8699951171875,198.7100067138672,198.82000732421875,29764
2026-04-24 07:28:00+00:00,198.80999755859375,198.80999755859375,198.82000732421875,198.7100067138672,198.7100067138672,27780
2026-04-24 07:29:00+00:00,198.75,198.75,198.8300018310547,198.6999969482422,198.80999755859375,31310
2026-04-24 07:30:00+00:00,198.64999389648438,198.64999389648438,198.7899932861328,198.6300048828125,198.75,39441
2026-04-24 07:31:00+00:00,198.61000061035156,198.61000061035156,198.72000122070312,198.60000610351562,198.64999389648438,53047
2026-04-24 07:32:00+00:00,198.52000427246094,198.52000427246094,198.6699981689453,198.52000427246094,198.5800018310547,51929
2026-04-24 07:33:00+00:00,198.44000244140625,198.44000244140625,198.60000610351562,198.42999267578125,198.5800018310547,182104
2026-04-24 07:34:00+00:00,198.41000366210938,198.41000366210938,198.5399932861328,198.35000610351562,198.49000549316406,55289
2026-04-24 07:35:00+00:00,198.24000549316406,198.24000549316406,198.39999389648438,198.22000122070312,198.39999389648438,66057
2026-04-24 07:36:00+00:00,198.24000549316406,198.24000549316406,198.3000030517578,198.1999969482422,198.24000549316406,81643
2026-04-24 07:37:00+00:00,198.14999389648438,198.14999389648438,198.3000030517578,198.14999389648438,198.3000030517578,155517
2026-04-24 07:38:00+00:00,198.14999389648438,198.14999389648438,198.1999969482422,198.05999755859375,198.14999389648438,107599
2026-04-24 07:39:00+00:00,198.16000366210938,198.16000366210938,198.1999969482422,198.05999755859375,198.10000610351562,63934
2026-04-24 07:40:00+00:00,198.07000732421875,198.07000732421875,198.1999969482422,198.0500030517578,198.10000610351562,40227
2026-04-24 07:41:00+00:00,198.02999877929688,198.02999877929688,198.14999389648438,198.02000427246094,198.14999389648438,46654
2026-04-24 07:42:00+00:00,198.02000427246094,198.02000427246094,198.0500030517578,198.0,198.0500030517578,75917
2026-04-24 07:43:00+00:00,198.1999969482422,198.1999969482422,198.1999969482422,198.02000427246094,198.02000427246094,66497
2026-04-24 07:44:00+00:00,198.3800048828125,198.3800048828125,198.3800048828125,198.14999389648438,198.14999389648438,162515
2026-04-24 07:45:00+00:00,198.25,198.25,198.3699951171875,198.22000122070312,198.3699951171875,58735
2026-04-24 07:46:00+00:00,198.3000030517578,198.3000030517578,198.35000610351562,198.22000122070312,198.3000030517578,33932
2026-04-24 07:47:00+00:00,198.2899932861328,198.2899932861328,198.32000732421875,198.1699981689453,198.27000427246094,50539
2026-04-24 07:48:00+00:00,198.2899932861328,198.2899932861328,198.2899932861328,198.22999572753906,198.24000549316406,39575
2026-04-24 07:49:00+00:00,198.57000732421875,198.57000732421875,198.57000732421875,198.36000061035156,198.36000061035156,29676
2026-04-24 07:50:00+00:00,198.5500030517578,198.5500030517578,198.5500030517578,198.50999450683594,198.5399932861328,30857
2026-04-24 07:51:00+00:00,198.42999267578125,198.42999267578125,198.5500030517578,198.35000610351562,198.5500030517578,40788
2026-04-24 07:52:00+00:00,198.58999633789062,198.58999633789062,198.58999633789062,198.4199981689453,198.4199981689453,31275
2026-04-24 07:53:00+00:00,198.38999938964844,198.38999938964844,198.57000732421875,198.38999938964844,198.57000732421875,35125
2026-04-24 07:54:00+00:00,198.35000610351562,198.35000610351562,198.4199981689453,198.30999755859375,198.4199981689453,69255
2026-04-24 07:55:00+00:00,198.33999633789062,198.33999633789062,198.3800048828125,198.25999450683594,198.3300018310547,75441
2026-04-24 07:56:00+00:00,198.47999572753906,198.47999572753906,198.47999572753906,198.3000030517578,198.36000061035156,45194
2026-04-24 07:57:00+00:00,198.4499969482422,198.4499969482422,198.5,198.4199981689453,198.47999572753906,31707
2026-04-24 07:58:00+00:00,198.44000244140625,198.44000244140625,198.5,198.3699951171875,198.3699951171875,52065
2026-04-24 07:59:00+00:00,198.58999633789062,198.58999633789062,198.61000061035156,198.47000122070312,198.47000122070312,53520
2026-04-24 08:00:00+00:00,198.39999389648438,198.39999389648438,198.60000610351562,198.35000610351562,198.60000610351562,55774
2026-04-24 08:01:00+00:00,198.41000366210938,198.41000366210938,198.5399932861328,198.32000732421875,198.32000732421875,34348
2026-04-24 08:02:00+00:00,198.4199981689453,198.4199981689453,198.4199981689453,198.3000030517578,198.3000030517578,31469
2026-04-24 08:03:00+00:00,198.52999877929688,198.52999877929688,198.5800018310547,198.36000061035156,198.4199981689453,67630
2026-04-24 08:04:00+00:00,198.44000244140625,198.44000244140625,198.52000427246094,198.39999389648438,198.52000427246094,46233
2026-04-24 08:05:00+00:00,198.4600067138672,198.4600067138672,198.4600067138672,198.33999633789062,198.44000244140625,67331
2026-04-24 08:06:00+00:00,198.4600067138672,198.4600067138672,198.49000549316406,198.3699951171875,198.4600067138672,43864
2026-04-24 08:07:00+00:00,198.5,198.5,198.5,198.4499969482422,198.47000122070312,33798
2026-04-24 08:08:00+00:00,198.5500030517578,198.5500030517578,198.55999755859375,198.47000122070312,198.5,50423
2026-04-24 08:09:00+00:00,198.57000732421875,198.57000732421875,198.60000610351562,198.5399932861328,198.5500030517578,20161
2026-04-24 08:10:00+00:00,198.60000610351562,198.60000610351562,198.60000610351562,198.55999755859375,198.57000732421875,21866
2026-04-24 08:11:00+00:00,198.9199981689453,198.9199981689453,198.9199981689453,198.6999969482422,198.6999969482422,70886
2026-04-24 08:12:00+00:00,198.9199981689453,198.9199981689453,198.9199981689453,198.75,198.8800048828125,38416
2026-04-24 08:13:00+00:00,198.72999572753906,198.72999572753906,198.9199981689453,198.66000366210938,198.9199981689453,272692
2026-04-24 08:14:00+00:00,198.77000427246094,198.77000427246094,198.82000732421875,198.63999938964844,198.74000549316406,150022
2026-04-24 08:15:00+00:00,198.9499969482422,198.9499969482422,198.9499969482422,198.77000427246094,198.77000427246094,59389
2026-04-24 08:16:00+00:00,199.10000610351562,199.10000610351562,199.10000610351562,198.91000366210938,198.9499969482422,108319
2026-04-24 08:17:00+00:00,199.30999755859375,199.30999755859375,199.3800048828125,199.02000427246094,199.02000427246094,149310
2026-04-24 08:18:00+00:00,199.17999267578125,199.17999267578125,199.36000061035156,199.17999267578125,199.30999755859375,107498
2026-04-24 08:19:00+00:00,199.33999633789062,199.33999633789062,199.3800048828125,199.1999969482422,199.1999969482422,166043
2026-04-24 08:20:00+00:00,199.1699981689453,199.1699981689453,199.4600067138672,199.10000610351562,199.30999755859375,78104
2026-04-24 08:21:00+00:00,199.1199951171875,199.1199951171875,199.19000244140625,199.10000610351562,199.1699981689453,32672
2026-04-24 08:22:00+00:00,199.0800018310547,199.0800018310547,199.13999938964844,199.00999450683594,199.02999877929688,42476
2026-04-24 08:23:00+00:00,199.1999969482422,199.1999969482422,199.1999969482422,199.0500030517578,199.1199951171875,47695
2026-04-24 08:24:00+00:00,199.3300018310547,199.3300018310547,199.3800048828125,199.1300048828125,199.1300048828125,81793
2026-04-24 08:25:00+00:00,199.19000244140625,199.19000244140625,199.3300018310547,199.14999389648438,199.32000732421875,42964
2026-04-24 08:26:00+00:00,199.08999633789062,199.08999633789062,199.19000244140625,199.08999633789062,199.1699981689453,34138
2026-04-24 08:27:00+00:00,198.9600067138672,198.9600067138672,199.07000732421875,198.9600067138672,199.02999877929688,88595
2026-04-24 08:28:00+00:00,198.9499969482422,198.9499969482422,198.9499969482422,198.7899932861328,198.92999267578125,166299
2026-04-24 08:29:00+00:00,198.91000366210938,198.91000366210938,199.0,198.8000030517578,198.9499969482422,103249
2026-04-24 08:30:00+00:00,198.9499969482422,198.9499969482422,199.05999755859375,198.9199981689453,198.9199981689453,28417
2026-04-24 08:31:00+00:00,198.82000732421875,198.82000732421875,198.9499969482422,198.82000732421875,198.9499969482422,127463
2026-04-24 08:32:00+00:00,198.82000732421875,198.82000732421875,198.88999938964844,198.75,198.8699951171875,95738
2026-04-24 08:33:00+00:00,198.63999938964844,198.63999938964844,198.77999877929688,198.5800018310547,198.77999877929688,118280
2026-04-24 08:34:00+00:00,198.66000366210938,198.66000366210938,198.6699981689453,198.55999755859375,198.57000732421875,119567
2026-04-24 08:35:00+00:00,198.75,198.75,198.82000732421875,198.60000610351562,198.6699981689453,74560
2026-04-24 08:36:00+00:00,198.58999633789062,198.58999633789062,198.72000122070312,198.58999633789062,198.64999389648438,68793
2026-04-24 08:37:00+00:00,198.61000061035156,198.61000061035156,198.63999938964844,198.52999877929688,198.61000061035156,66817
2026-04-24 08:38:00+00:00,198.74000549316406,198.74000549316406,198.75,198.50999450683594,198.60000610351562,36776
2026-04-24 08:39:00+00:00,198.75,198.75,198.86000061035156,198.64999389648438,198.74000549316406,45407
2026-04-24 08:40:00+00:00,198.77999877929688,198.77999877929688,198.8000030517578,198.74000549316406,198.74000549316406,35527
2026-04-24 08:41:00+00:00,198.66000366210938,198.66000366210938,198.75,198.6300048828125,198.75,50463
2026-04-24 08:42:00+00:00,198.75999450683594,198.75999450683594,198.75999450683594,198.60000610351562,198.64999389648438,111053
2026-04-24 08:43:00+00:00,198.63999938964844,198.63999938964844,198.6999969482422,198.55999755859375,198.67999267578125,91033
2026-04-24 08:44:00+00:00,198.5399932861328,198.5399932861328,198.63999938964844,198.5399932861328,198.6300048828125,112809
2026-04-24 08:45:00+00:00,198.5500030517578,198.5500030517578,198.58999633789062,198.50999450683594,198.57000732421875,67489
2026-04-24 08:46:00+00:00,198.82000732421875,198.82000732421875,198.82000732421875,198.55999755859375,198.55999755859375,47733
2026-04-24 08:47:00+00:00,198.8800048828125,198.8800048828125,198.94000244140625,198.8300018310547,198.83999633789062,43440
2026-04-24 08:48:00+00:00,198.8800048828125,198.8800048828125,198.8800048828125,198.6699981689453,198.86000061035156,77166
2026-04-24 08:49:00+00:00,198.99000549316406,198.99000549316406,198.99000549316406,198.75,198.88999938964844,180210
2026-04-24 08:50:00+00:00,199.0500030517578,199.0500030517578,199.10000610351562,198.94000244140625,199.0,63841
2026-04-24 08:51:00+00:00,199.2899932861328,199.2899932861328,199.3000030517578,199.0,199.0,79489
2026-04-24 08:52:00+00:00,199.22999572753906,199.22999572753906,199.36000061035156,199.22999572753906,199.27000427246094,68528
2026-04-24 08:53:00+00:00,199.13999938964844,199.13999938964844,199.25,199.13999938964844,199.25,33575
2026-04-24 08:54:00+00:00,199.1199951171875,199.1199951171875,199.25,199.10000610351562,199.2100067138672,271286
2026-04-24 08:55:00+00:00,199.10000610351562,199.10000610351562,199.14999389648438,199.10000610351562,199.14999389648438,51119
2026-04-24 08:56:00+00:00,199.13999938964844,199.13999938964844,199.14999389648438,199.0500030517578,199.0500030517578,40214
2026-04-24 08:57:00+00:00,199.25999450683594,199.25999450683594,199.25999450683594,199.1199951171875,199.1199951171875,46512
2026-04-24 08:58:00+00:00,199.10000610351562,199.10000610351562,199.27999877929688,199.10000610351562,199.27999877929688,48346
2026-04-24 08:59:00+00:00,199.14999389648438,199.14999389648438,199.19000244140625,199.08999633789062,199.1300048828125,108746
2026-04-24 09:00:00+00:00,199.22999572753906,199.22999572753906,199.24000549316406,199.07000732421875,199.14999389648438,38541
2026-04-24 09:01:00+00:00,199.27000427246094,199.27000427246094,199.3000030517578,199.1999969482422,199.1999969482422,32559
2026-04-24 09:02:00+00:00,199.19000244140625,199.19000244140625,199.30999755859375,199.1300048828125,199.27000427246094,30755
2026-04-24 09:03:00+00:00,199.10000610351562,199.10000610351562,199.14999389648438,199.0399932861328,199.14999389648438,33150
2026-04-24 09:04:00+00:00,199.0500030517578,199.0500030517578,199.05999755859375,199.0399932861328,199.05999755859375,51368
2026-04-24 09:05:00+00:00,199.2100067138672,199.2100067138672,199.2100067138672,199.0399932861328,199.0500030517578,94929
2026-04-24 09:06:00+00:00,199.27000427246094,199.27000427246094,199.3000030517578,199.1999969482422,199.1999969482422,25055
2026-04-24 09:07:00+00:00,199.14999389648438,199.14999389648438,199.25,199.08999633789062,199.25,46271
2026-04-24 09:08:00+00:00,199.11000061035156,199.11000061035156,199.14999389648438,199.08999633789062,199.14999389648438,46437
2026-04-24 09:09:00+00:00,199.25,199.25,199.25,199.1199951171875,199.1199951171875,42753
2026-04-24 09:10:00+00:00,199.27000427246094,199.27000427246094,199.27999877929688,199.1999969482422,199.25999450683594,25019
2026-04-24 09:11:00+00:00,199.27999877929688,199.27999877929688,199.2899932861328,199.25,199.27999877929688,35558
2026-04-24 09:12:00+00:00,199.27000427246094,199.27000427246094,199.33999633789062,199.27000427246094,199.27000427246094,79598
2026-04-24 09:13:00+00:00,199.3800048828125,199.3800048828125,199.3800048828125,199.3000030517578,199.3000030517578,24682
2026-04-24 09:14:00+00:00,199.3699951171875,199.3699951171875,199.38999938964844,199.35000610351562,199.3699951171875,26997
2026-04-24 09:15:00+00:00,199.4199981689453,199.4199981689453,199.44000244140625,199.30999755859375,199.30999755859375,41511
2026-04-24 09:16:00+00:00,199.35000610351562,199.35000610351562,199.3800048828125,199.33999633789062,199.33999633789062,41005
2026-04-24 09:17:00+00:00,199.58999633789062,199.58999633789062,199.64999389648438,199.30999755859375,199.35000610351562,166107
2026-04-24 09:18:00+00:00,199.5,199.5,199.58999633789062,199.4600067138672,199.58999633789062,92857
2026-04-24 09:19:00+00:00,199.75,199.75,199.75,199.47000122070312,199.47000122070312,132901
2026-04-24 09:20:00+00:00,199.74000549316406,199.74000549316406,199.77000427246094,199.67999267578125,199.75,148386
2026-04-24 09:21:00+00:00,199.6999969482422,199.6999969482422,199.74000549316406,199.66000366210938,199.74000549316406,122109
2026-04-24 09:22:00+00:00,199.61000061035156,199.61000061035156,199.72999572753906,199.58999633789062,199.7100067138672,100630
2026-04-24 09:23:00+00:00,199.69000244140625,199.69000244140625,199.69000244140625,199.55999755859375,199.6300048828125,74480
2026-04-24 09:24:00+00:00,199.64999389648438,199.64999389648438,199.6699981689453,199.6300048828125,199.64999389648438,71563
2026-04-24 09:25:00+00:00,199.52999877929688,199.52999877929688,199.6699981689453,199.49000549316406,199.61000061035156,96420
2026-04-24 09:26:00+00:00,199.5399932861328,199.5399932861328,199.5500030517578,199.4600067138672,199.4600067138672,75278
2026-04-24 09:27:00+00:00,199.6199951171875,199.6199951171875,199.6199951171875,199.52000427246094,199.5399932861328,49739
2026-04-24 09:28:00+00:00,199.69000244140625,199.69000244140625,199.69000244140625,199.5399932861328,199.64999389648438,58379
2026-04-24 09:29:00+00:00,199.64999389648438,199.64999389648438,199.6999969482422,199.57000732421875,199.69000244140625,99444
2026-04-24 09:30:00+00:00,199.60000610351562,199.60000610351562,199.67999267578125,199.5500030517578,199.5500030517578,135423
2026-04-24 09:31:00+00:00,199.6300048828125,199.6300048828125,199.6300048828125,199.52999877929688,199.55999755859375,74967
2026-04-24 09:32:00+00:00,199.61000061035156,199.61000061035156,199.6699981689453,199.5500030517578,199.6699981689453,99239
2026-04-24 09:33:00+00:00,199.50999450683594,199.50999450683594,199.61000061035156,199.50999450683594,199.60000610351562,106244
2026-04-24 09:34:00+00:00,199.35000610351562,199.35000610351562,199.49000549316406,199.33999633789062,199.49000549316406,152562
2026-04-24 09:35:00+00:00,199.3699951171875,199.3699951171875,199.3800048828125,199.2899932861328,199.32000732421875,147852
2026-04-24 09:36:00+00:00,199.49000549316406,199.49000549316406,199.49000549316406,199.3300018310547,199.36000061035156,139115
2026-04-24 09:37:00+00:00,199.6300048828125,199.6300048828125,199.63999938964844,199.44000244140625,199.49000549316406,323209
2026-04-24 09:38:00+00:00,199.57000732421875,199.57000732421875,199.6699981689453,199.5,199.6199951171875,193272
2026-04-24 09:39:00+00:00,199.5500030517578,199.5500030517578,199.5800018310547,199.5,199.57000732421875,229543
2026-04-24 09:40:00+00:00,199.38999938964844,199.38999938964844,199.6199951171875,199.3000030517578,199.57000732421875,583919
2026-04-24 09:41:00+00:00,199.19000244140625,199.19000244140625,199.38999938964844,199.14999389648438,199.36000061035156,225700
2026-04-24 09:42:00+00:00,199.32000732421875,199.32000732421875,199.3699951171875,199.14999389648438,199.25,410119
2026-04-24 09:43:00+00:00,199.25,199.25,199.32000732421875,199.1300048828125,199.22999572753906,601359
2026-04-24 09:44:00+00:00,199.33999633789062,199.33999633789062,199.39999389648438,199.17999267578125,199.17999267578125,242995
2026-04-24 09:45:00+00:00,199.33999633789062,199.33999633789062,199.4499969482422,199.32000732421875,199.33999633789062,101959
2026-04-24 09:46:00+00:00,199.49000549316406,199.49000549316406,199.5399932861328,199.3000030517578,199.32000732421875,238918
2026-04-24 09:47:00+00:00,199.4499969482422,199.4499969482422,199.52999877929688,199.36000061035156,199.39999389648438,203526
2026-04-24 09:48:00+00:00,199.3800048828125,199.3800048828125,199.5,199.3000030517578,199.4600067138672,281688
2026-04-24 09:49:00+00:00,199.44000244140625,199.44000244140625,199.44000244140625,199.24000549316406,199.35000610351562,340897
2026-04-24 09:50:00+00:00,199.35000610351562,199.35000610351562,199.5,199.33999633789062,199.44000244140625,300278
2026-04-24 09:51:00+00:00,199.3800048828125,199.3800048828125,199.4199981689453,199.27999877929688,199.4199981689453,185890
2026-04-24 09:52:00+00:00,199.25999450683594,199.25999450683594,199.39999389648438,199.25999450683594,199.3800048828125,268367
2026-04-24 09:53:00+00:00,199.3300018310547,199.3300018310547,199.38999938964844,199.25,199.33999633789062,239481
2026-04-24 09:54:00+00:00,199.36000061035156,199.36000061035156,199.36000061035156,199.1199951171875,199.32000732421875,798291
2026-04-24 09:55:00+00:00,199.25999450683594,199.25999450683594,199.39999389648438,199.1999969482422,199.3000030517578,144775
2026-04-24 09:56:00+00:00,199.39999389648438,199.39999389648438,199.39999389648438,199.25,199.25,88061
2026-04-24 09:57:00+00:00,199.38999938964844,199.38999938964844,199.39999389648438,199.25,199.2899932861328,131382
2026-04-24 09:58:00+00:00,199.4499969482422,199.4499969482422,199.49000549316406,199.36000061035156,199.38999938964844,125200
2026-04-24 09:59:00+00:00,199.4499969482422,199.4499969482422,199.4499969482422,199.39999389648438,199.4499969482422,152716
2026-04-27 03:45:00+00:00,202.0500030517578,202.0500030517578,202.08999633789062,199.8800048828125,199.8800048828125,0
2026-04-27 03:46:00+00:00,202.0399932861328,202.0399932861328,202.0800018310547,201.7100067138672,202.0800018310547,276177
2026-04-27 03:47:00+00:00,202.0,202.0,202.10000610351562,201.52000427246094,202.0800018310547,190768
2026-04-27 03:48:00+00:00,202.2100067138672,202.2100067138672,202.27999877929688,201.89999389648438,201.9499969482422,174752
2026-04-27 03:49:00+00:00,202.25,202.25,202.2899932861328,201.75,202.25,138524
2026-04-27 03:50:00+00:00,202.13999938964844,202.13999938964844,202.39999389648438,202.0800018310547,202.19000244140625,75786
2026-04-27 03:51:00+00:00,203.11000061035156,203.11000061035156,203.19000244140625,202.1999969482422,202.1999969482422,278694
2026-04-27 03:52:00+00:00,203.13999938964844,203.13999938964844,203.25,202.9499969482422,203.11000061035156,133977
2026-04-27 03:53:00+00:00,203.25,203.25,203.3300018310547,203.00999450683594,203.0800018310547,177155
2026-04-27 03:54:00+00:00,203.3300018310547,203.3300018310547,203.39999389648438,203.0800018310547,203.3300018310547,136741
2026-04-27 03:55:00+00:00,203.63999938964844,203.63999938964844,203.7899932861328,203.39999389648438,203.39999389648438,184819
2026-04-27 03:56:00+00:00,203.22999572753906,203.22999572753906,203.89999389648438,203.11000061035156,203.60000610351562,789169
2026-04-27 03:57:00+00:00,203.8000030517578,203.8000030517578,203.8000030517578,203.22999572753906,203.24000549316406,232138
2026-04-27 03:58:00+00:00,203.30999755859375,203.30999755859375,203.77000427246094,203.11000061035156,203.77000427246094,809720
2026-04-27 03:59:00+00:00,202.89999389648438,202.89999389648438,203.38999938964844,202.83999633789062,203.38999938964844,392442
2026-04-27 04:00:00+00:00,202.67999267578125,202.67999267578125,203.0,202.67999267578125,202.9499969482422,74147
2026-04-27 04:01:00+00:00,202.72999572753906,202.72999572753906,202.75,202.35000610351562,202.5500030517578,128677
2026-04-27 04:02:00+00:00,202.67999267578125,202.67999267578125,202.91000366210938,202.5500030517578,202.77999877929688,139383
2026-04-27 04:03:00+00:00,202.74000549316406,202.74000549316406,202.75999450683594,202.57000732421875,202.74000549316406,78765
2026-04-27 04:04:00+00:00,202.57000732421875,202.57000732421875,202.8000030517578,202.57000732421875,202.6999969482422,59046
2026-04-27 04:05:00+00:00,202.5,202.5,202.6199951171875,202.5,202.5800018310547,39656
2026-04-27 04:06:00+00:00,202.58999633789062,202.58999633789062,202.75,202.58999633789062,202.72000122070312,24973
2026-04-27 04:07:00+00:00,202.75,202.75,202.75,202.36000061035156,202.36000061035156,65586
2026-04-27 04:08:00+00:00,202.6999969482422,202.6999969482422,202.75,202.58999633789062,202.75,46854
2026-04-27 04:09:00+00:00,202.60000610351562,202.60000610351562,202.6999969482422,202.52000427246094,202.66000366210938,69799
2026-04-27 04:10:00+00:00,202.91000366210938,202.91000366210938,202.92999267578125,202.63999938964844,202.63999938964844,72984
2026-04-27 04:11:00+00:00,202.8300018310547,202.8300018310547,203.0,202.8300018310547,202.83999633789062,125353
2026-04-27 04:12:00+00:00,203.0,203.0,203.0,202.8699951171875,202.94000244140625,62985
2026-04-27 04:13:00+00:00,203.11000061035156,203.11000061035156,203.11000061035156,202.97000122070312,203.0,316766
2026-04-27 04:14:00+00:00,203.39999389648438,203.39999389648438,203.39999389648438,203.1199951171875,203.1199951171875,186165
2026-04-27 04:15:00+00:00,203.1999969482422,203.1999969482422,203.49000549316406,203.10000610351562,203.39999389648438,465577
2026-04-27 04:16:00+00:00,203.10000610351562,203.10000610351562,203.3000030517578,203.0,203.1999969482422,374742
2026-04-27 04:17:00+00:00,202.85000610351562,202.85000610351562,203.10000610351562,202.85000610351562,203.0500030517578,81776
2026-04-27 04:18:00+00:00,202.99000549316406,202.99000549316406,203.0500030517578,202.85000610351562,202.89999389648438,150763
2026-04-27 04:19:00+00:00,203.0,203.0,203.10000610351562,202.9199981689453,202.94000244140625,361623
2026-04-27 04:20:00+00:00,203.3000030517578,203.3000030517578,203.3000030517578,203.0399932861328,203.0399932861328,180561
2026-04-27 04:21:00+00:00,203.2899932861328,203.2899932861328,203.33999633789062,203.1999969482422,203.3000030517578,83670
2026-04-27 04:22:00+00:00,203.05999755859375,203.05999755859375,203.1999969482422,202.89999389648438,203.1999969482422,187725
2026-04-27 04:23:00+00:00,203.47000122070312,203.47000122070312,203.49000549316406,203.00999450683594,203.00999450683594,153697
2026-04-27 04:24:00+00:00,203.27999877929688,203.27999877929688,203.49000549316406,203.2100067138672,203.44000244140625,56532
2026-04-27 04:25:00+00:00,203.24000549316406,203.24000549316406,203.36000061035156,203.1999969482422,203.27999877929688,37491
2026-04-27 04:26:00+00:00,203.5500030517578,203.5500030517578,203.5500030517578,203.3000030517578,203.3000030517578,79538
2026-04-27 04:27:00+00:00,203.4499969482422,203.4499969482422,203.63999938964844,203.4199981689453,203.5,167760
2026-04-27 04:28:00+00:00,203.47999572753906,203.47999572753906,203.5399932861328,203.35000610351562,203.47000122070312,27808
2026-04-27 04:29:00+00:00,203.08999633789062,203.08999633789062,203.52999877929688,203.08999633789062,203.52999877929688,36205
2026-04-27 04:30:00+00:00,203.0500030517578,203.0500030517578,203.1699981689453,202.88999938964844,203.1699981689453,55572
2026-04-27 04:31:00+00:00,203.38999938964844,203.38999938964844,203.38999938964844,203.0399932861328,203.1199951171875,19511
2026-04-27 04:32:00+00:00,203.27999877929688,203.27999877929688,203.39999389648438,203.24000549316406,203.36000061035156,33046
2026-04-27 04:33:00+00:00,203.2100067138672,203.2100067138672,203.3800048828125,203.1699981689453,203.3800048828125,42067
2026-04-27 04:34:00+00:00,203.1300048828125,203.1300048828125,203.3000030517578,203.1199951171875,203.2100067138672,23726
2026-04-27 04:35:00+00:00,203.22000122070312,203.22000122070312,203.22000122070312,203.0,203.0800018310547,121099
2026-04-27 04:36:00+00:00,203.30999755859375,203.30999755859375,203.33999633789062,203.14999389648438,203.25,25383
2026-04-27 04:37:00+00:00,203.25,203.25,203.3699951171875,203.22000122070312,203.3699951171875,21686
2026-04-27 04:38:00+00:00,203.3699951171875,203.3699951171875,203.42999267578125,203.32000732421875,203.3300018310547,30882
2026-04-27 04:39:00+00:00,203.36000061035156,203.36000061035156,203.4499969482422,203.2899932861328,203.3699951171875,39973
2026-04-27 04:40:00+00:00,203.42999267578125,203.42999267578125,203.4600067138672,203.2899932861328,203.2899932861328,21183
2026-04-27 04:41:00+00:00,203.50999450683594,203.50999450683594,203.50999450683594,203.39999389648438,203.42999267578125,50684
2026-04-27 04:42:00+00:00,203.52000427246094,203.52000427246094,203.5800018310547,203.50999450683594,203.5500030517578,36379
2026-04-27 04:43:00+00:00,203.60000610351562,203.60000610351562,203.6999969482422,203.52000427246094,203.5399932861328,53437
2026-04-27 04:44:00+00:00,203.6699981689453,203.6699981689453,203.6699981689453,203.5800018310547,203.61000061035156,28914
2026-04-27 04:45:00+00:00,203.75,203.75,203.8000030517578,203.6999969482422,203.6999969482422,86590
2026-04-27 04:46:00+00:00,203.75999450683594,203.75999450683594,203.77999877929688,203.6999969482422,203.77999877929688,36987
2026-04-27 04:47:00+00:00,203.86000061035156,203.86000061035156,203.86000061035156,203.72000122070312,203.82000732421875,34374
2026-04-27 04:48:00+00:00,203.86000061035156,203.86000061035156,203.86000061035156,203.80999755859375,203.83999633789062,38701
2026-04-27 04:49:00+00:00,203.9600067138672,203.9600067138672,203.97999572753906,203.8699951171875,203.88999938964844,67385
2026-04-27 04:50:00+00:00,203.89999389648438,203.89999389648438,203.9600067138672,203.88999938964844,203.9499969482422,35944
2026-04-27 04:51:00+00:00,204.02000427246094,204.02000427246094,204.10000610351562,203.88999938964844,203.89999389648438,240616
2026-04-27 04:52:00+00:00,203.89999389648438,203.89999389648438,204.13999938964844,203.89999389648438,204.07000732421875,71163
2026-04-27 04:53:00+00:00,203.85000610351562,203.85000610351562,203.9600067138672,203.8300018310547,203.89999389648438,35917
2026-04-27 04:54:00+00:00,203.85000610351562,203.85000610351562,203.8699951171875,203.8000030517578,203.86000061035156,18086
2026-04-27 04:55:00+00:00,203.9199981689453,203.9199981689453,203.99000549316406,203.89999389648438,203.89999389648438,28918
2026-04-27 04:56:00+00:00,203.8000030517578,203.8000030517578,203.89999389648438,203.75,203.89999389648438,27359
2026-04-27 04:57:00+00:00,203.8000030517578,203.8000030517578,203.85000610351562,203.75999450683594,203.8000030517578,21515
2026-04-27 04:58:00+00:00,203.9499969482422,203.9499969482422,203.9499969482422,203.80999755859375,203.80999755859375,32590
2026-04-27 04:59:00+00:00,203.8699951171875,203.8699951171875,203.99000549316406,203.8699951171875,203.9199981689453,35760
2026-04-27 05:00:00+00:00,203.92999267578125,203.92999267578125,203.9600067138672,203.8300018310547,203.8699951171875,30813
2026-04-27 05:01:00+00:00,203.85000610351562,203.85000610351562,203.97999572753906,203.7899932861328,203.97999572753906,61117
2026-04-27 05:02:00+00:00,203.64999389648438,203.64999389648438,203.8000030517578,203.52999877929688,203.7899932861328,47109
2026-04-27 05:03:00+00:00,203.66000366210938,203.66000366210938,203.6999969482422,203.61000061035156,203.63999938964844,24006
2026-04-27 05:04:00+00:00,203.7899932861328,203.7899932861328,203.7899932861328,203.61000061035156,203.66000366210938,48469
2026-04-27 05:05:00+00:00,203.72999572753906,203.72999572753906,203.75999450683594,203.69000244140625,203.6999969482422,18170
2026-04-27 05:06:00+00:00,203.8000030517578,203.8000030517578,203.88999938964844,203.67999267578125,203.77999877929688,67037
2026-04-27 05:07:00+00:00,203.8000030517578,203.8000030517578,203.85000610351562,203.77000427246094,203.8000030517578,20657
2026-04-27 05:08:00+00:00,203.77000427246094,203.77000427246094,203.8300018310547,203.7100067138672,203.8000030517578,22017
2026-04-27 05:09:00+00:00,203.75999450683594,203.75999450683594,203.8000030517578,203.6699981689453,203.6699981689453,37839
2026-04-27 05:10:00+00:00,203.60000610351562,203.60000610351562,203.77999877929688,203.60000610351562,203.75999450683594,24114
2026-04-27 05:11:00+00:00,203.63999938964844,203.63999938964844,203.7100067138672,203.57000732421875,203.66000366210938,14596
2026-04-27 05:12:00+00:00,203.67999267578125,203.67999267578125,203.77999877929688,203.60000610351562,203.60000610351562,35683
2026-04-27 05:13:00+00:00,203.6999969482422,203.6999969482422,203.77000427246094,203.67999267578125,203.7100067138672,13413
2026-04-27 05:14:00+00:00,203.67999267578125,203.67999267578125,203.74000549316406,203.6699981689453,203.6999969482422,35627
2026-04-27 05:15:00+00:00,203.74000549316406,203.74000549316406,203.82000732421875,203.67999267578125,203.67999267578125,21147
2026-04-27 05:16:00+00:00,203.6999969482422,203.6999969482422,203.74000549316406,203.63999938964844,203.6699981689453,17638
2026-04-27 05:17:00+00:00,203.8000030517578,203.8000030517578,203.85000610351562,203.75,203.75,10130
2026-04-27 05:18:00+00:00,203.8000030517578,203.8000030517578,203.88999938964844,203.8000030517578,203.8000030517578,19746
2026-04-27 05:19:00+00:00,203.89999389648438,203.89999389648438,203.89999389648438,203.80999755859375,203.80999755859375,18143
2026-04-27 05:20:00+00:00,203.88999938964844,203.88999938964844,203.88999938964844,203.8000030517578,203.88999938964844,12309
2026-04-27 05:21:00+00:00,203.8699951171875,203.8699951171875,203.88999938964844,203.7899932861328,203.8300018310547,14885
2026-04-27 05:22:00+00:00,203.77999877929688,203.77999877929688,203.97999572753906,203.72999572753906,203.88999938964844,48994
2026-04-27 05:23:00+00:00,203.67999267578125,203.67999267578125,203.75999450683594,203.6199951171875,203.75999450683594,33193
2026-04-27 05:24:00+00:00,203.6999969482422,203.6999969482422,203.72000122070312,203.63999938964844,203.6699981689453,11389
2026-04-27 05:25:00+00:00,203.63999938964844,203.63999938964844,203.6999969482422,203.52000427246094,203.6999969482422,17129
2026-04-27 05:26:00+00:00,203.64999389648438,203.64999389648438,203.64999389648438,203.55999755859375,203.55999755859375,21425
2026-04-27 05:27:00+00:00,203.63999938964844,203.63999938964844,203.6999969482422,203.52000427246094,203.58999633789062,42139
2026-04-27 05:28:00+00:00,203.66000366210938,203.66000366210938,203.74000549316406,203.6199951171875,203.7100067138672,19357
2026-04-27 05:29:00+00:00,203.74000549316406,203.74000549316406,203.77999877929688,203.66000366210938,203.72999572753906,10367
2026-04-27 05:30:00+00:00,203.88999938964844,203.88999938964844,203.88999938964844,203.6999969482422,203.6999969482422,26212
2026-04-27 05:31:00+00:00,203.85000610351562,203.85000610351562,203.89999389648438,203.75999450683594,203.8800048828125,21604
2026-04-27 05:32:00+00:00,203.60000610351562,203.60000610351562,203.85000610351562,203.60000610351562,203.83999633789062,17547
2026-04-27 05:33:00+00:00,203.5399932861328,203.5399932861328,203.60000610351562,203.52000427246094,203.5500030517578,22960
2026-04-27 05:34:00+00:00,203.5,203.5,203.64999389648438,203.5,203.60000610351562,55161
2026-04-27 05:35:00+00:00,203.52999877929688,203.52999877929688,203.61000061035156,203.5,203.61000061035156,13669
2026-04-27 05:36:00+00:00,203.42999267578125,203.42999267578125,203.49000549316406,203.41000366210938,203.4499969482422,24290
2026-04-27 05:37:00+00:00,203.11000061035156,203.11000061035156,203.5,203.11000061035156,203.5,57100
2026-04-27 05:38:00+00:00,203.0500030517578,203.0500030517578,203.16000366210938,202.9499969482422,203.1300048828125,121935
2026-04-27 05:39:00+00:00,203.17999267578125,203.17999267578125,203.19000244140625,202.99000549316406,202.99000549316406,22728
2026-04-27 05:40:00+00:00,203.1999969482422,203.1999969482422,203.24000549316406,203.13999938964844,203.19000244140625,20347
2026-04-27 05:41:00+00:00,203.35000610351562,203.35000610351562,203.38999938964844,203.1999969482422,203.2100067138672,16786
2026-04-27 05:42:00+00:00,203.4600067138672,203.4600067138672,203.4600067138672,203.3699951171875,203.3699951171875,16400
2026-04-27 05:43:00+00:00,203.39999389648438,203.39999389648438,203.52000427246094,203.39999389648438,203.4600067138672,20881
2026-04-27 05:44:00+00:00,203.3000030517578,203.3000030517578,203.41000366210938,203.2899932861328,203.41000366210938,16468
2026-04-27 05:45:00+00:00,203.30999755859375,203.30999755859375,203.3300018310547,203.27000427246094,203.2899932861328,19863
2026-04-27 05:46:00+00:00,203.27999877929688,203.27999877929688,203.33999633789062,203.25,203.32000732421875,15279
2026-04-27 05:47:00+00:00,203.25,203.25,203.3699951171875,203.25,203.3699951171875,5800
2026-04-27 05:48:00+00:00,203.24000549316406,203.24000549316406,203.2899932861328,203.24000549316406,203.25,9839
2026-04-27 05:49:00+00:00,203.16000366210938,203.16000366210938,203.25,203.16000366210938,203.22999572753906,14128
2026-04-27 05:50:00+00:00,203.05999755859375,203.05999755859375,203.17999267578125,203.05999755859375,203.17999267578125,26000
2026-04-27 05:51:00+00:00,203.08999633789062,203.08999633789062,203.19000244140625,202.97000122070312,203.0800018310547,105469
2026-04-27 05:52:00+00:00,203.1300048828125,203.1300048828125,203.19000244140625,203.08999633789062,203.10000610351562,6706
2026-04-27 05:53:00+00:00,203.22000122070312,203.22000122070312,203.25,203.11000061035156,203.1300048828125,15017
2026-04-27 05:54:00+00:00,203.17999267578125,203.17999267578125,203.1999969482422,203.17999267578125,203.17999267578125,9663
2026-04-27 05:55:00+00:00,203.2100067138672,203.2100067138672,203.27000427246094,203.14999389648438,203.25999450683594,26031
2026-04-27 05:56:00+00:00,203.10000610351562,203.10000610351562,203.27000427246094,203.10000610351562,203.27000427246094,17098
2026-04-27 05:57:00+00:00,202.9600067138672,202.9600067138672,203.1699981689453,202.9600067138672,203.1199951171875,171996
2026-04-27 05:58:00+00:00,202.94000244140625,202.94000244140625,203.08999633789062,202.8800048828125,202.99000549316406,286928
2026-04-27 05:59:00+00:00,202.88999938964844,202.88999938964844,203.1199951171875,202.85000610351562,202.9499969482422,353499
2026-04-27 06:00:00+00:00,202.88999938964844,202.88999938964844,203.0,202.83999633789062,202.97000122070312,144309
2026-04-27 06:01:00+00:00,202.85000610351562,202.85000610351562,203.0500030517578,202.8000030517578,202.88999938964844,64049
2026-04-27 06:02:00+00:00,202.97999572753906,202.97999572753906,202.99000549316406,202.86000061035156,202.9199981689453,127781
2026-04-27 06:03:00+00:00,202.85000610351562,202.85000610351562,203.0,202.85000610351562,202.8800048828125,79384
2026-04-27 06:04:00+00:00,202.83999633789062,202.83999633789062,202.9499969482422,202.8000030517578,202.89999389648438,103744
2026-04-27 06:05:00+00:00,202.7100067138672,202.7100067138672,202.91000366210938,202.69000244140625,202.91000366210938,83590
2026-04-27 06:06:00+00:00,202.75,202.75,202.85000610351562,202.6999969482422,202.77000427246094,186574
2026-04-27 06:07:00+00:00,202.6999969482422,202.6999969482422,202.85000610351562,202.6999969482422,202.75999450683594,107821
2026-04-27 06:08:00+00:00,202.57000732421875,202.57000732421875,202.75999450683594,202.57000732421875,202.6999969482422,171571
2026-04-27 06:09:00+00:00,202.6300048828125,202.6300048828125,202.72999572753906,202.52000427246094,202.57000732421875,292518
2026-04-27 06:10:00+00:00,202.69000244140625,202.69000244140625,202.8000030517578,202.60000610351562,202.6199951171875,103539
2026-04-27 06:11:00+00:00,202.94000244140625,202.94000244140625,202.94000244140625,202.6699981689453,202.7100067138672,108092
2026-04-27 06:12:00+00:00,202.86000061035156,202.86000061035156,202.9499969482422,202.75,202.88999938964844,126076
2026-04-27 06:13:00+00:00,202.91000366210938,202.91000366210938,203.0500030517578,202.85000610351562,202.85000610351562,449337
2026-04-27 06:14:00+00:00,203.0500030517578,203.0500030517578,203.10000610351562,202.9499969482422,203.00999450683594,123566
2026-04-27 06:15:00+00:00,202.8800048828125,202.8800048828125,203.05999755859375,202.8300018310547,203.0500030517578,68392
2026-04-27 06:16:00+00:00,203.02000427246094,203.02000427246094,203.0500030517578,202.80999755859375,202.8699951171875,145874
2026-04-27 06:17:00+00:00,203.0,203.0,203.10000610351562,202.94000244140625,203.0,237795
2026-04-27 06:18:00+00:00,203.0,203.0,203.0399932861328,202.88999938964844,202.99000549316406,78232
2026-04-27 06:19:00+00:00,202.88999938964844,202.88999938964844,203.00999450683594,202.8699951171875,203.0,95912
2026-04-27 06:20:00+00:00,202.86000061035156,202.86000061035156,202.92999267578125,202.75,202.8699951171875,431301
2026-04-27 06:21:00+00:00,202.74000549316406,202.74000549316406,202.89999389648438,202.6999969482422,202.86000061035156,134477
2026-04-27 06:22:00+00:00,202.74000549316406,202.74000549316406,202.8000030517578,202.60000610351562,202.75999450683594,155998
2026-04-27 06:23:00+00:00,202.63999938964844,202.63999938964844,202.8000030517578,202.58999633789062,202.8000030517578,242785
2026-04-27 06:24:00+00:00,202.8000030517578,202.8000030517578,202.8699951171875,202.63999938964844,202.6699981689453,122929
2026-04-27 06:25:00+00:00,202.82000732421875,202.82000732421875,202.88999938964844,202.75,202.7899932861328,115421
2026-04-27 06:26:00+00:00,202.8699951171875,202.8699951171875,202.88999938964844,202.75,202.85000610351562,336783
2026-04-27 06:27:00+00:00,202.85000610351562,202.85000610351562,202.9499969482422,202.77000427246094,202.85000610351562,416036
2026-04-27 06:28:00+00:00,202.89999389648438,202.89999389648438,202.97000122070312,202.80999755859375,202.80999755859375,148093
2026-04-27 06:29:00+00:00,202.97000122070312,202.97000122070312,203.05999755859375,202.88999938964844,202.89999389648438,229870
2026-04-27 06:30:00+00:00,202.77000427246094,202.77000427246094,203.0,202.77000427246094,202.97000122070312,209127
2026-04-27 06:31:00+00:00,202.86000061035156,202.86000061035156,202.97000122070312,202.7899932861328,202.7899932861328,87997
2026-04-27 06:32:00+00:00,202.85000610351562,202.85000610351562,202.92999267578125,202.8000030517578,202.92999267578125,14550
2026-04-27 06:33:00+00:00,202.7100067138672,202.7100067138672,202.85000610351562,202.69000244140625,202.85000610351562,21986
2026-04-27 06:34:00+00:00,202.77000427246094,202.77000427246094,202.8000030517578,202.64999389648438,202.72000122070312,222781
2026-04-27 06:35:00+00:00,202.77000427246094,202.77000427246094,202.88999938964844,202.6999969482422,202.77000427246094,112906
2026-04-27 06:36:00+00:00,202.7899932861328,202.7899932861328,202.86000061035156,202.72999572753906,202.77000427246094,141172
2026-04-27 06:37:00+00:00,202.85000610351562,202.85000610351562,202.92999267578125,202.7899932861328,202.8000030517578,299534
2026-04-27 06:38:00+00:00,202.89999389648438,202.89999389648438,202.94000244140625,202.80999755859375,202.8300018310547,162934
2026-04-27 06:39:00+00:00,202.91000366210938,202.91000366210938,202.97999572753906,202.8800048828125,202.92999267578125,102151
2026-04-27 06:40:00+00:00,202.97999572753906,202.97999572753906,203.00999450683594,202.8699951171875,202.91000366210938,142360
2026-04-27 06:41:00+00:00,203.0500030517578,203.0500030517578,203.08999633789062,202.9199981689453,202.97999572753906,370536
2026-04-27 06:42:00+00:00,203.0399932861328,203.0399932861328,203.1199951171875,203.0,203.05999755859375,312986
2026-04-27 06:43:00+00:00,202.99000549316406,202.99000549316406,203.08999633789062,202.9199981689453,203.05999755859375,150941
2026-04-27 06:44:00+00:00,203.0,203.0,203.0500030517578,202.94000244140625,203.00999450683594,149270
2026-04-27 06:45:00+00:00,203.00999450683594,203.00999450683594,203.0500030517578,202.92999267578125,202.9499969482422,418383
2026-04-27 06:46:00+00:00,202.97000122070312,202.97000122070312,203.02999877929688,202.88999938964844,203.00999450683594,147130
2026-04-27 06:47:00+00:00,203.1199951171875,203.1199951171875,203.13999938964844,202.97000122070312,202.97000122070312,123716
2026-04-27 06:48:00+00:00,203.19000244140625,203.19000244140625,203.25999450683594,203.0800018310547,203.11000061035156,205402
2026-04-27 06:49:00+00:00,203.32000732421875,203.32000732421875,203.3800048828125,203.1999969482422,203.22000122070312,77861
2026-04-27 06:50:00+00:00,203.1199951171875,203.1199951171875,203.36000061035156,203.05999755859375,203.32000732421875,39721
2026-04-27 06:51:00+00:00,203.16000366210938,203.16000366210938,203.25,203.10000610351562,203.14999389648438,55434
2026-04-27 06:52:00+00:00,203.4600067138672,203.4600067138672,203.49000549316406,203.16000366210938,203.24000549316406,93769
2026-04-27 06:53:00+00:00,203.64999389648438,203.64999389648438,203.6999969482422,203.4499969482422,203.49000549316406,92538
2026-04-27 06:54:00+00:00,203.72999572753906,203.72999572753906,203.8000030517578,203.6699981689453,203.6999969482422,55627
2026-04-27 06:55:00+00:00,203.85000610351562,203.85000610351562,203.88999938964844,203.67999267578125,203.67999267578125,60063
2026-04-27 06:56:00+00:00,203.89999389648438,203.89999389648438,203.89999389648438,203.82000732421875,203.85000610351562,49645
2026-04-27 06:57:00+00:00,203.9199981689453,203.9199981689453,203.97999572753906,203.8300018310547,203.8300018310547,26458
2026-04-27 06:58:00+00:00,203.7100067138672,203.7100067138672,203.9499969482422,203.50999450683594,203.9499969482422,319985
2026-04-27 06:59:00+00:00,203.66000366210938,203.66000366210938,203.69000244140625,203.50999450683594,203.64999389648438,497544
2026-04-27 07:00:00+00:00,203.41000366210938,203.41000366210938,203.63999938964844,203.3000030517578,203.60000610351562,93339
2026-04-27 07:01:00+00:00,203.5500030517578,203.5500030517578,203.57000732421875,203.3800048828125,203.44000244140625,136719
2026-04-27 07:02:00+00:00,203.4600067138672,203.4600067138672,203.60000610351562,203.39999389648438,203.5500030517578,273411
2026-04-27 07:03:00+00:00,203.4499969482422,203.4499969482422,203.5800018310547,203.41000366210938,203.5500030517578,324075
2026-04-27 07:04:00+00:00,203.41000366210938,203.41000366210938,203.52000427246094,203.35000610351562,203.5,166432
2026-04-27 07:05:00+00:00,203.33999633789062,203.33999633789062,203.4499969482422,203.30999755859375,203.41000366210938,110917
2026-04-27 07:06:00+00:00,203.44000244140625,203.44000244140625,203.4499969482422,203.30999755859375,203.32000732421875,338824
2026-04-27 07:07:00+00:00,203.32000732421875,203.32000732421875,203.47000122070312,203.24000549316406,203.44000244140625,133955
2026-04-27 07:08:00+00:00,203.35000610351562,203.35000610351562,203.3800048828125,203.25999450683594,203.33999633789062,144520
2026-04-27 07:09:00+00:00,203.4199981689453,203.4199981689453,203.47999572753906,203.3000030517578,203.35000610351562,347609
2026-04-27 07:10:00+00:00,203.25,203.25,203.49000549316406,203.25,203.39999389648438,227142
2026-04-27 07:11:00+00:00,203.2899932861328,203.2899932861328,203.38999938964844,203.17999267578125,203.32000732421875,131880
2026-04-27 07:12:00+00:00,203.3000030517578,203.3000030517578,203.39999389648438,203.27000427246094,203.3300018310547,94397
2026-04-27 07:13:00+00:00,203.38999938964844,203.38999938964844,203.41000366210938,203.2899932861328,203.3699951171875,338315
2026-04-27 07:14:00+00:00,203.41000366210938,203.41000366210938,203.5,203.35000610351562,203.38999938964844,88553
2026-04-27 07:15:00+00:00,203.5,203.5,203.5,203.41000366210938,203.47999572753906,28838
2026-04-27 07:16:00+00:00,203.57000732421875,203.57000732421875,203.64999389648438,203.5399932861328,203.5500030517578,31983
2026-04-27 07:17:00+00:00,203.4499969482422,203.4499969482422,203.67999267578125,203.44000244140625,203.63999938964844,137929
2026-04-27 07:18:00+00:00,203.24000549316406,203.24000549316406,203.5,203.22999572753906,203.5,134912
2026-04-27 07:19:00+00:00,203.39999389648438,203.39999389648438,203.4499969482422,203.25,203.3300018310547,192781
2026-04-27 07:20:00+00:00,203.3699951171875,203.3699951171875,203.42999267578125,203.2899932861328,203.39999389648438,135285
2026-04-27 07:21:00+00:00,203.5,203.5,203.50999450683594,203.32000732421875,203.44000244140625,384989
2026-04-27 07:22:00+00:00,203.55999755859375,203.55999755859375,203.60000610351562,203.42999267578125,203.42999267578125,201137
2026-04-27 07:23:00+00:00,203.4199981689453,203.4199981689453,203.58999633789062,203.39999389648438,203.55999755859375,66639
2026-04-27 07:24:00+00:00,203.5,203.5,203.5,203.33999633789062,203.4600067138672,395615
2026-04-27 07:25:00+00:00,203.42999267578125,203.42999267578125,203.5500030517578,203.38999938964844,203.44000244140625,149669
2026-04-27 07:26:00+00:00,203.5500030517578,203.5500030517578,203.58999633789062,203.3699951171875,203.41000366210938,140585
2026-04-27 07:27:00+00:00,203.55999755859375,203.55999755859375,203.6699981689453,203.50999450683594,203.50999450683594,211866
2026-04-27 07:28:00+00:00,203.57000732421875,203.57000732421875,203.67999267578125,203.52000427246094,203.63999938964844,247116
2026-04-27 07:29:00+00:00,203.6300048828125,203.6300048828125,203.6999969482422,203.52999877929688,203.6300048828125,257325
2026-04-27 07:30:00+00:00,203.58999633789062,203.58999633789062,203.64999389648438,203.47999572753906,203.57000732421875,227119
2026-04-27 07:31:00+00:00,203.75,203.75,203.77000427246094,203.63999938964844,203.63999938964844,215259
2026-04-27 07:32:00+00:00,203.77000427246094,203.77000427246094,203.83999633789062,203.6699981689453,203.75,201296
2026-04-27 07:33:00+00:00,203.89999389648438,203.89999389648438,203.89999389648438,203.72999572753906,203.8300018310547,194019
2026-04-27 07:34:00+00:00,203.9199981689453,203.9199981689453,203.9600067138672,203.80999755859375,203.85000610351562,130708
2026-04-27 07:35:00+00:00,204.1999969482422,204.1999969482422,204.1999969482422,203.83999633789062,203.85000610351562,295262
2026-04-27 07:36:00+00:00,204.1699981689453,204.1699981689453,204.24000549316406,204.0399932861328,204.13999938964844,66090
2026-04-27 07:37:00+00:00,204.39999389648438,204.39999389648438,204.4600067138672,204.1199951171875,204.1699981689453,204195
2026-04-27 07:38:00+00:00,204.5800018310547,204.5800018310547,204.69000244140625,204.3800048828125,204.4600067138672,266692
2026-04-27 07:39:00+00:00,204.60000610351562,204.60000610351562,204.67999267578125,204.5500030517578,204.64999389648438,101806
2026-04-27 07:40:00+00:00,204.6699981689453,204.6699981689453,204.6699981689453,204.5500030517578,204.63999938964844,59354
2026-04-27 07:41:00+00:00,204.64999389648438,204.64999389648438,204.69000244140625,204.5399932861328,204.67999267578125,89906
2026-04-27 07:42:00+00:00,204.67999267578125,204.67999267578125,204.72000122070312,204.6300048828125,204.6300048828125,75161
2026-04-27 07:43:00+00:00,204.85000610351562,204.85000610351562,205.10000610351562,204.72000122070312,204.72000122070312,416623
2026-04-27 07:44:00+00:00,204.75,204.75,204.80999755859375,204.7100067138672,204.8000030517578,43631
2026-04-27 07:45:00+00:00,204.8300018310547,204.8300018310547,204.8300018310547,204.75,204.7899932861328,33073
2026-04-27 07:46:00+00:00,204.86000061035156,204.86000061035156,204.89999389648438,204.8000030517578,204.85000610351562,53664
2026-04-27 07:47:00+00:00,205.0,205.0,205.0,204.82000732421875,204.82000732421875,81863
2026-04-27 07:48:00+00:00,204.85000610351562,204.85000610351562,205.0,204.8300018310547,204.99000549316406,63001
2026-04-27 07:49:00+00:00,204.88999938964844,204.88999938964844,204.9600067138672,204.77000427246094,204.9199981689453,55196
2026-04-27 07:50:00+00:00,204.9499969482422,204.9499969482422,204.97999572753906,204.8699951171875,204.88999938964844,42104
2026-04-27 07:51:00+00:00,204.9499969482422,204.9499969482422,204.99000549316406,204.89999389648438,204.99000549316406,114654
2026-04-27 07:52:00+00:00,204.89999389648438,204.89999389648438,204.97000122070312,204.83999633789062,204.9199981689453,235784
2026-04-27 07:53:00+00:00,204.86000061035156,204.86000061035156,204.97000122070312,204.8300018310547,204.9499969482422,91900
2026-04-27 07:54:00+00:00,204.67999267578125,204.67999267578125,204.9499969482422,204.67999267578125,204.89999389648438,42223
2026-04-27 07:55:00+00:00,204.6199951171875,204.6199951171875,204.75,204.5800018310547,204.75,72504
2026-04-27 07:56:00+00:00,204.6999969482422,204.6999969482422,204.77999877929688,204.6300048828125,204.6300048828125,63409
2026-04-27 07:57:00+00:00,204.6999969482422,204.6999969482422,204.74000549316406,204.66000366210938,204.6999969482422,33887
2026-04-27 07:58:00+00:00,204.69000244140625,204.69000244140625,204.6999969482422,204.66000366210938,204.6999969482422,41412
2026-04-27 07:59:00+00:00,204.50999450683594,204.50999450683594,204.6999969482422,204.5,204.69000244140625,300720
2026-04-27 08:00:00+00:00,204.85000610351562,204.85000610351562,204.85000610351562,204.57000732421875,204.57000732421875,131183
2026-04-27 08:01:00+00:00,204.60000610351562,204.60000610351562,204.89999389648438,204.39999389648438,204.85000610351562,378451
2026-04-27 08:02:00+00:00,204.72999572753906,204.72999572753906,204.75999450683594,204.55999755859375,204.60000610351562,211307
2026-04-27 08:03:00+00:00,204.72999572753906,204.72999572753906,204.77999877929688,204.64999389648438,204.75,69664
2026-04-27 08:04:00+00:00,204.61000061035156,204.61000061035156,204.72000122070312,204.5,204.7100067138672,547299
2026-04-27 08:05:00+00:00,204.63999938964844,204.63999938964844,204.72000122070312,204.52000427246094,204.6300048828125,63891
2026-04-27 08:06:00+00:00,204.50999450683594,204.50999450683594,204.67999267578125,204.50999450683594,204.64999389648438,102801
2026-04-27 08:07:00+00:00,204.61000061035156,204.61000061035156,204.6699981689453,204.5,204.55999755859375,79895
2026-04-27 08:08:00+00:00,204.64999389648438,204.64999389648438,204.67999267578125,204.57000732421875,204.61000061035156,34923
2026-04-27 08:09:00+00:00,204.77999877929688,204.77999877929688,204.77999877929688,204.64999389648438,204.67999267578125,62876
2026-04-27 08:10:00+00:00,204.77999877929688,204.77999877929688,204.8000030517578,204.72999572753906,204.77000427246094,34930
2026-04-27 08:11:00+00:00,204.6999969482422,204.6999969482422,204.75,204.67999267578125,204.6999969482422,36118
2026-04-27 08:12:00+00:00,204.80999755859375,204.80999755859375,204.83999633789062,204.72999572753906,204.75,31446
2026-04-27 08:13:00+00:00,204.77999877929688,204.77999877929688,204.80999755859375,204.7100067138672,204.80999755859375,22630
2026-04-27 08:14:00+00:00,204.8000030517578,204.8000030517578,204.85000610351562,204.77999877929688,204.77999877929688,38104
2026-04-27 08:15:00+00:00,204.85000610351562,204.85000610351562,204.8800048828125,204.75,204.8000030517578,44526
2026-04-27 08:16:00+00:00,204.82000732421875,204.82000732421875,204.9199981689453,204.82000732421875,204.8800048828125,69650
2026-04-27 08:17:00+00:00,204.64999389648438,204.64999389648438,204.6999969482422,204.57000732421875,204.6999969482422,39897
2026-04-27 08:18:00+00:00,204.60000610351562,204.60000610351562,204.67999267578125,204.5800018310547,204.66000366210938,28534
2026-04-27 08:19:00+00:00,204.5800018310547,204.5800018310547,204.64999389648438,204.55999755859375,204.6199951171875,16296
2026-04-27 08:20:00+00:00,204.57000732421875,204.57000732421875,204.60000610351562,204.50999450683594,204.60000610351562,45089
2026-04-27 08:21:00+00:00,204.67999267578125,204.67999267578125,204.7899932861328,204.60000610351562,204.6999969482422,89265
2026-04-27 08:22:00+00:00,204.64999389648438,204.64999389648438,204.75999450683594,204.61000061035156,204.69000244140625,28505
2026-04-27 08:23:00+00:00,204.7100067138672,204.7100067138672,204.7100067138672,204.61000061035156,204.64999389648438,36325
2026-04-27 08:24:00+00:00,204.75,204.75,204.75,204.66000366210938,204.7100067138672,30129
2026-04-27 08:25:00+00:00,204.64999389648438,204.64999389648438,204.8000030517578,204.64999389648438,204.74000549316406,33072
2026-04-27 08:26:00+00:00,204.75,204.75,204.8000030517578,204.6999969482422,204.6999969482422,27354
2026-04-27 08:27:00+00:00,204.72000122070312,204.72000122070312,204.74000549316406,204.64999389648438,204.66000366210938,26307
2026-04-27 08:28:00+00:00,204.75,204.75,204.75,204.69000244140625,204.6999969482422,14937
2026-04-27 08:29:00+00:00,204.39999389648438,204.39999389648438,204.75,204.39999389648438,204.74000549316406,76597
2026-04-27 08:30:00+00:00,204.42999267578125,204.42999267578125,204.55999755859375,204.3300018310547,204.3699951171875,52136
2026-04-27 08:31:00+00:00,204.44000244140625,204.44000244140625,204.55999755859375,204.4199981689453,204.49000549316406,25435
2026-04-27 08:32:00+00:00,204.52999877929688,204.52999877929688,204.5500030517578,204.39999389648438,204.44000244140625,34620
2026-04-27 08:33:00+00:00,204.39999389648438,204.39999389648438,204.55999755859375,204.39999389648438,204.5500030517578,46369
2026-04-27 08:34:00+00:00,204.4600067138672,204.4600067138672,204.47999572753906,204.39999389648438,204.39999389648438,37693
2026-04-27 08:35:00+00:00,204.5,204.5,204.5,204.4499969482422,204.4499969482422,17385
2026-04-27 08:36:00+00:00,204.52999877929688,204.52999877929688,204.5500030517578,204.47000122070312,204.47000122070312,29523
2026-04-27 08:37:00+00:00,204.47999572753906,204.47999572753906,204.5,204.4199981689453,204.4199981689453,50601
2026-04-27 08:38:00+00:00,204.41000366210938,204.41000366210938,204.47000122070312,204.39999389648438,204.44000244140625,69555
2026-04-27 08:39:00+00:00,204.47000122070312,204.47000122070312,204.47999572753906,204.3800048828125,204.47999572753906,50920
2026-04-27 08:40:00+00:00,204.4499969482422,204.4499969482422,204.5,204.35000610351562,204.47999572753906,57495
2026-04-27 08:41:00+00:00,204.47000122070312,204.47000122070312,204.47000122070312,204.3000030517578,204.36000061035156,74405
2026-04-27 08:42:00+00:00,204.47000122070312,204.47000122070312,204.5,204.39999389648438,204.47000122070312,38074
2026-04-27 08:43:00+00:00,204.5500030517578,204.5500030517578,204.5500030517578,204.39999389648438,204.39999389648438,20452
2026-04-27 08:44:00+00:00,204.5399932861328,204.5399932861328,204.5800018310547,204.50999450683594,204.5500030517578,41178
2026-04-27 08:45:00+00:00,204.5800018310547,204.5800018310547,204.58999633789062,204.52999877929688,204.5500030517578,12391
2026-04-27 08:46:00+00:00,204.47999572753906,204.47999572753906,204.57000732421875,204.47999572753906,204.5500030517578,103745
2026-04-27 08:47:00+00:00,204.52000427246094,204.52000427246094,204.52000427246094,204.4499969482422,204.4499969482422,25039
2026-04-27 08:48:00+00:00,204.57000732421875,204.57000732421875,204.5800018310547,204.52000427246094,204.52999877929688,19586
2026-04-27 08:49:00+00:00,204.44000244140625,204.44000244140625,204.57000732421875,204.4199981689453,204.5,21348
2026-04-27 08:50:00+00:00,204.57000732421875,204.57000732421875,204.57000732421875,204.4499969482422,204.4600067138672,69463
2026-04-27 08:51:00+00:00,204.4600067138672,204.4600067138672,204.5800018310547,204.4600067138672,204.57000732421875,42257
2026-04-27 08:52:00+00:00,204.4600067138672,204.4600067138672,204.5,204.39999389648438,204.4600067138672,29940
2026-04-27 08:53:00+00:00,204.3699951171875,204.3699951171875,204.49000549316406,204.35000610351562,204.4600067138672,55105
2026-04-27 08:54:00+00:00,204.1999969482422,204.1999969482422,204.3800048828125,204.1999969482422,204.3800048828125,38929
2026-04-27 08:55:00+00:00,204.07000732421875,204.07000732421875,204.22000122070312,204.07000732421875,204.22000122070312,41025
2026-04-27 08:56:00+00:00,204.05999755859375,204.05999755859375,204.07000732421875,203.85000610351562,204.05999755859375,268424
2026-04-27 08:57:00+00:00,203.9499969482422,203.9499969482422,204.0500030517578,203.9199981689453,204.0500030517578,48161
2026-04-27 08:58:00+00:00,203.94000244140625,203.94000244140625,204.0,203.86000061035156,204.0,25725
2026-04-27 08:59:00+00:00,204.16000366210938,204.16000366210938,204.16000366210938,203.99000549316406,203.99000549316406,27891
2026-04-27 09:00:00+00:00,204.1699981689453,204.1699981689453,204.17999267578125,204.11000061035156,204.1300048828125,10629
2026-04-27 09:01:00+00:00,204.13999938964844,204.13999938964844,204.24000549316406,204.07000732421875,204.1699981689453,53497
2026-04-27 09:02:00+00:00,204.1699981689453,204.1699981689453,204.25,204.05999755859375,204.13999938964844,57517
2026-04-27 09:03:00+00:00,204.27000427246094,204.27000427246094,204.33999633789062,204.11000061035156,204.24000549316406,85795
2026-04-27 09:04:00+00:00,204.3800048828125,204.3800048828125,204.44000244140625,204.11000061035156,204.27000427246094,132239
2026-04-27 09:05:00+00:00,204.6699981689453,204.6699981689453,204.6999969482422,204.38999938964844,204.44000244140625,127963
2026-04-27 09:06:00+00:00,204.60000610351562,204.60000610351562,204.69000244140625,204.4600067138672,204.5800018310547,79150
2026-04-27 09:07:00+00:00,204.67999267578125,204.67999267578125,204.67999267578125,204.5,204.60000610351562,145171
2026-04-27 09:08:00+00:00,204.7899932861328,204.7899932861328,204.85000610351562,204.6699981689453,204.75,102947
2026-04-27 09:09:00+00:00,204.69000244140625,204.69000244140625,204.7899932861328,204.64999389648438,204.77999877929688,52195
2026-04-27 09:10:00+00:00,204.64999389648438,204.64999389648438,204.75,204.5399932861328,204.75,170830
2026-04-27 09:11:00+00:00,204.63999938964844,204.63999938964844,204.75999450683594,204.63999938964844,204.6999969482422,236602
2026-04-27 09:12:00+00:00,204.6699981689453,204.6699981689453,204.77999877929688,204.66000366210938,204.74000549316406,65723
2026-04-27 09:13:00+00:00,204.6699981689453,204.6699981689453,204.74000549316406,204.6699981689453,204.7100067138672,29459
2026-04-27 09:14:00+00:00,204.61000061035156,204.61000061035156,204.69000244140625,204.60000610351562,204.69000244140625,41405
2026-04-27 09:15:00+00:00,204.50999450683594,204.50999450683594,204.72999572753906,204.5,204.64999389648438,293072
2026-04-27 09:16:00+00:00,204.61000061035156,204.61000061035156,204.74000549316406,204.49000549316406,204.55999755859375,507136
2026-04-27 09:17:00+00:00,204.58999633789062,204.58999633789062,204.69000244140625,204.47999572753906,204.66000366210938,314825
2026-04-27 09:18:00+00:00,204.6300048828125,204.6300048828125,204.6999969482422,204.4600067138672,204.5800018310547,164710
2026-04-27 09:19:00+00:00,204.77999877929688,204.77999877929688,204.77999877929688,204.5800018310547,204.6999969482422,86734
2026-04-27 09:20:00+00:00,204.80999755859375,204.80999755859375,204.89999389648438,204.66000366210938,204.75999450683594,84858
2026-04-27 09:21:00+00:00,204.7899932861328,204.7899932861328,204.8800048828125,204.7100067138672,204.8800048828125,84156
2026-04-27 09:22:00+00:00,204.85000610351562,204.85000610351562,204.89999389648438,204.77999877929688,204.8699951171875,93365
2026-04-27 09:23:00+00:00,204.92999267578125,204.92999267578125,204.92999267578125,204.8000030517578,204.8699951171875,94276
2026-04-27 09:24:00+00:00,205.0,205.0,205.10000610351562,204.94000244140625,204.94000244140625,338157
2026-04-27 09:25:00+00:00,204.8800048828125,204.8800048828125,205.0,204.80999755859375,205.0,40885
2026-04-27 09:26:00+00:00,204.83999633789062,204.83999633789062,204.91000366210938,204.8000030517578,204.88999938964844,37793
2026-04-27 09:27:00+00:00,204.9199981689453,204.9199981689453,204.9199981689453,204.80999755859375,204.85000610351562,56855
2026-04-27 09:28:00+00:00,204.94000244140625,204.94000244140625,204.94000244140625,204.82000732421875,204.82000732421875,30791
2026-04-27 09:29:00+00:00,204.97999572753906,204.97999572753906,205.0,204.97000122070312,205.0,81701
2026-04-27 09:30:00+00:00,204.86000061035156,204.86000061035156,204.88999938964844,204.77000427246094,204.80999755859375,98026
2026-04-27 09:31:00+00:00,204.88999938964844,204.88999938964844,204.9199981689453,204.85000610351562,204.8800048828125,106850
2026-04-27 09:32:00+00:00,204.99000549316406,204.99000549316406,205.0,204.86000061035156,204.86000061035156,180889
2026-04-27 09:33:00+00:00,205.10000610351562,205.10000610351562,205.19000244140625,204.97000122070312,204.99000549316406,295445
2026-04-27 09:34:00+00:00,205.19000244140625,205.19000244140625,205.19000244140625,205.0800018310547,205.1699981689453,126037
2026-04-27 09:35:00+00:00,205.22000122070312,205.22000122070312,205.24000549316406,205.1699981689453,205.22000122070312,136721
2026-04-27 09:36:00+00:00,205.14999389648438,205.14999389648438,205.19000244140625,205.07000732421875,205.16000366210938,69219
2026-04-27 09:37:00+00:00,205.14999389648438,205.14999389648438,205.17999267578125,205.1300048828125,205.17999267578125,36131
2026-04-27 09:38:00+00:00,205.1300048828125,205.1300048828125,205.14999389648438,205.10000610351562,205.1199951171875,43207
2026-04-27 09:39:00+00:00,205.14999389648438,205.14999389648438,205.17999267578125,205.1300048828125,205.1300048828125,66572
2026-04-27 09:40:00+00:00,205.14999389648438,205.14999389648438,205.17999267578125,205.02000427246094,205.02000427246094,145834
2026-04-27 09:41:00+00:00,205.1999969482422,205.1999969482422,205.24000549316406,205.1199951171875,205.14999389648438,66547
2026-04-27 09:42:00+00:00,205.22000122070312,205.22000122070312,205.22000122070312,205.1699981689453,205.1699981689453,51238
2026-04-27 09:43:00+00:00,205.17999267578125,205.17999267578125,205.19000244140625,205.1199951171875,205.1199951171875,61747
2026-04-27 09:44:00+00:00,205.19000244140625,205.19000244140625,205.1999969482422,205.14999389648438,205.14999389648438,110034
2026-04-27 09:45:00+00:00,205.14999389648438,205.14999389648438,205.19000244140625,205.10000610351562,205.14999389648438,70478
2026-04-27 09:46:00+00:00,205.17999267578125,205.17999267578125,205.17999267578125,205.11000061035156,205.1300048828125,100481
2026-04-27 09:47:00+00:00,205.0500030517578,205.0500030517578,205.17999267578125,205.0500030517578,205.1199951171875,59547
2026-04-27 09:48:00+00:00,205.0399932861328,205.0399932861328,205.1300048828125,204.97000122070312,205.0,121605
2026-04-27 09:49:00+00:00,205.02999877929688,205.02999877929688,205.14999389648438,205.02000427246094,205.05999755859375,124377
2026-04-27 09:50:00+00:00,205.05999755859375,205.05999755859375,205.13999938964844,204.97999572753906,205.0500030517578,134436
2026-04-27 09:51:00+00:00,205.07000732421875,205.07000732421875,205.14999389648438,205.00999450683594,205.1199951171875,73341
2026-04-27 09:52:00+00:00,205.08999633789062,205.08999633789062,205.1300048828125,205.0,205.07000732421875,65909
2026-04-27 09:53:00+00:00,205.0399932861328,205.0399932861328,205.10000610351562,204.85000610351562,205.08999633789062,125886
2026-04-27 09:54:00+00:00,205.0,205.0,205.0800018310547,204.8800048828125,205.02999877929688,162851
2026-04-27 09:55:00+00:00,204.92999267578125,204.92999267578125,205.08999633789062,204.88999938964844,205.0,108429
2026-04-27 09:56:00+00:00,205.0399932861328,205.0399932861328,205.05999755859375,204.89999389648438,205.0,97044
2026-04-27 09:57:00+00:00,204.99000549316406,204.99000549316406,205.02999877929688,204.8800048828125,205.0,97836
2026-04-27 09:58:00+00:00,204.9199981689453,204.9199981689453,205.0500030517578,204.9199981689453,205.0,127960
2026-04-27 09:59:00+00:00,204.83999633789062,204.83999633789062,205.0500030517578,204.8000030517578,204.89999389648438,112802
2026-04-28 03:45:00+00:00,204.47000122070312,204.47000122070312,204.69000244140625,204.1300048828125,204.69000244140625,0
2026-04-28 03:46:00+00:00,204.72999572753906,204.72999572753906,204.8699951171875,204.38999938964844,204.38999938964844,188799
2026-04-28 03:47:00+00:00,204.6999969482422,204.6999969482422,204.97999572753906,204.6999969482422,204.80999755859375,113710
2026-04-28 03:48:00+00:00,204.99000549316406,204.99000549316406,205.0,204.69000244140625,204.7100067138672,111025
2026-04-28 03:49:00+00:00,204.91000366210938,204.91000366210938,205.02999877929688,204.89999389648438,205.0,73346
2026-04-28 03:50:00+00:00,204.82000732421875,204.82000732421875,204.97999572753906,204.77999877929688,204.91000366210938,94502
2026-04-28 03:51:00+00:00,204.58999633789062,204.58999633789062,204.7899932861328,204.5,204.7899932861328,142289
2026-04-28 03:52:00+00:00,204.42999267578125,204.42999267578125,204.58999633789062,204.42999267578125,204.58999633789062,79425
2026-04-28 03:53:00+00:00,204.32000732421875,204.32000732421875,204.44000244140625,204.32000732421875,204.44000244140625,49133
2026-04-28 03:54:00+00:00,204.4600067138672,204.4600067138672,204.49000549316406,204.22000122070312,204.3000030517578,92105
2026-04-28 03:55:00+00:00,204.61000061035156,204.61000061035156,204.63999938964844,204.38999938964844,204.49000549316406,218228
2026-04-28 03:56:00+00:00,205.19000244140625,205.19000244140625,205.19000244140625,204.6199951171875,204.6199951171875,250431
2026-04-28 03:57:00+00:00,205.25,205.25,205.33999633789062,204.9199981689453,205.13999938964844,196845
2026-04-28 03:58:00+00:00,205.1699981689453,205.1699981689453,205.27999877929688,205.1199951171875,205.24000549316406,65085
2026-04-28 03:59:00+00:00,205.25,205.25,205.25,205.10000610351562,205.17999267578125,112258
2026-04-28 04:00:00+00:00,205.0399932861328,205.0399932861328,205.27999877929688,205.0399932861328,205.25,234308
2026-04-28 04:01:00+00:00,205.0399932861328,205.0399932861328,205.11000061035156,204.9199981689453,205.10000610351562,87143
2026-04-28 04:02:00+00:00,204.97999572753906,204.97999572753906,205.0800018310547,204.9199981689453,205.0,59416
2026-04-28 04:03:00+00:00,204.9600067138672,204.9600067138672,205.0,204.86000061035156,204.9499969482422,135958
2026-04-28 04:04:00+00:00,204.82000732421875,204.82000732421875,204.9499969482422,204.8000030517578,204.89999389648438,53769
2026-04-28 04:05:00+00:00,204.97999572753906,204.97999572753906,204.97999572753906,204.82000732421875,204.82000732421875,56498
2026-04-28 04:06:00+00:00,205.10000610351562,205.10000610351562,205.10000610351562,204.92999267578125,204.9499969482422,92485
2026-04-28 04:07:00+00:00,205.08999633789062,205.08999633789062,205.1999969482422,205.08999633789062,205.10000610351562,67963
2026-04-28 04:08:00+00:00,204.9499969482422,204.9499969482422,205.11000061035156,204.9499969482422,205.0399932861328,36262
2026-04-28 04:09:00+00:00,205.0,205.0,205.02000427246094,204.9600067138672,205.02000427246094,53349
2026-04-28 04:10:00+00:00,205.00999450683594,205.00999450683594,205.0500030517578,204.97999572753906,205.0,88163
2026-04-28 04:11:00+00:00,205.14999389648438,205.14999389648438,205.14999389648438,205.00999450683594,205.08999633789062,62880
2026-04-28 04:12:00+00:00,205.14999389648438,205.14999389648438,205.17999267578125,205.05999755859375,205.14999389648438,102416
2026-04-28 04:13:00+00:00,205.07000732421875,205.07000732421875,205.14999389648438,204.92999267578125,205.11000061035156,61785
2026-04-28 04:14:00+00:00,205.02000427246094,205.02000427246094,205.07000732421875,204.97000122070312,205.02999877929688,98291
2026-04-28 04:15:00+00:00,205.08999633789062,205.08999633789062,205.14999389648438,205.0399932861328,205.0399932861328,75386
2026-04-28 04:16:00+00:00,205.14999389648438,205.14999389648438,205.1999969482422,205.08999633789062,205.08999633789062,46611
2026-04-28 04:17:00+00:00,204.97999572753906,204.97999572753906,205.13999938964844,204.9199981689453,205.13999938964844,113992
2026-04-28 04:18:00+00:00,205.07000732421875,205.07000732421875,205.08999633789062,204.9600067138672,205.0,117814
2026-04-28 04:19:00+00:00,204.86000061035156,204.86000061035156,205.0800018310547,204.85000610351562,205.0500030517578,99043
2026-04-28 04:20:00+00:00,204.97000122070312,204.97000122070312,204.97999572753906,204.77999877929688,204.83999633789062,74804
2026-04-28 04:21:00+00:00,205.0500030517578,205.0500030517578,205.0500030517578,204.89999389648438,204.9499969482422,135409
2026-04-28 04:22:00+00:00,205.1300048828125,205.1300048828125,205.1300048828125,204.89999389648438,204.89999389648438,104545
2026-04-28 04:23:00+00:00,205.07000732421875,205.07000732421875,205.14999389648438,205.0399932861328,205.13999938964844,47109
2026-04-28 04:24:00+00:00,205.1300048828125,205.1300048828125,205.14999389648438,205.00999450683594,205.10000610351562,96506
2026-04-28 04:25:00+00:00,205.10000610351562,205.10000610351562,205.10000610351562,204.99000549316406,205.10000610351562,48324
2026-04-28 04:26:00+00:00,205.0800018310547,205.0800018310547,205.1199951171875,204.99000549316406,205.08999633789062,47130
2026-04-28 04:27:00+00:00,205.11000061035156,205.11000061035156,205.16000366210938,205.02000427246094,205.08999633789062,55505
2026-04-28 04:28:00+00:00,205.39999389648438,205.39999389648438,205.39999389648438,205.10000610351562,205.11000061035156,98981
2026-04-28 04:29:00+00:00,205.39999389648438,205.39999389648438,205.4499969482422,205.3300018310547,205.4499969482422,44607
2026-04-28 04:30:00+00:00,205.35000610351562,205.35000610351562,205.38999938964844,205.32000732421875,205.3800048828125,104793
2026-04-28 04:31:00+00:00,205.49000549316406,205.49000549316406,205.5,205.38999938964844,205.38999938964844,72974
2026-04-28 04:32:00+00:00,205.35000610351562,205.35000610351562,205.67999267578125,205.30999755859375,205.49000549316406,132765
2026-04-28 04:33:00+00:00,205.4600067138672,205.4600067138672,205.4600067138672,205.3800048828125,205.38999938964844,45462
2026-04-28 04:34:00+00:00,205.36000061035156,205.36000061035156,205.47999572753906,205.36000061035156,205.4499969482422,51773
2026-04-28 04:35:00+00:00,205.41000366210938,205.41000366210938,205.41000366210938,205.30999755859375,205.3300018310547,55969
2026-04-28 04:36:00+00:00,205.4199981689453,205.4199981689453,205.42999267578125,205.25999450683594,205.42999267578125,81823
2026-04-28 04:37:00+00:00,205.4499969482422,205.4499969482422,205.47999572753906,205.4499969482422,205.4499969482422,51854
2026-04-28 04:38:00+00:00,205.49000549316406,205.49000549316406,205.5,205.39999389648438,205.4199981689453,54723
2026-04-28 04:39:00+00:00,205.35000610351562,205.35000610351562,205.5800018310547,205.35000610351562,205.5,64188
2026-04-28 04:40:00+00:00,205.33999633789062,205.33999633789062,205.5,205.33999633789062,205.5,33255
2026-04-28 04:41:00+00:00,205.44000244140625,205.44000244140625,205.4600067138672,205.3699951171875,205.3699951171875,52679
2026-04-28 04:42:00+00:00,205.41000366210938,205.41000366210938,205.4199981689453,205.3300018310547,205.41000366210938,53148
2026-04-28 04:43:00+00:00,205.4199981689453,205.4199981689453,205.44000244140625,205.38999938964844,205.41000366210938,42388
2026-04-28 04:44:00+00:00,205.33999633789062,205.33999633789062,205.42999267578125,205.33999633789062,205.4199981689453,40475
2026-04-28 04:45:00+00:00,205.38999938964844,205.38999938964844,205.4199981689453,205.27999877929688,205.33999633789062,64950
2026-04-28 04:46:00+00:00,205.27000427246094,205.27000427246094,205.33999633789062,205.25,205.30999755859375,50429
2026-04-28 04:47:00+00:00,205.3000030517578,205.3000030517578,205.3000030517578,205.27000427246094,205.27999877929688,64350
2026-04-28 04:48:00+00:00,205.1999969482422,205.1999969482422,205.2899932861328,205.1699981689453,205.25999450683594,40466
2026-04-28 04:49:00+00:00,205.25,205.25,205.3000030517578,205.2100067138672,205.2100067138672,42174
2026-04-28 04:50:00+00:00,205.2899932861328,205.2899932861328,205.3000030517578,205.24000549316406,205.25999450683594,36684
2026-04-28 04:51:00+00:00,205.3300018310547,205.3300018310547,205.35000610351562,205.27999877929688,205.3300018310547,29815
2026-04-28 04:52:00+00:00,205.3000030517578,205.3000030517578,205.32000732421875,205.25999450683594,205.30999755859375,61425
2026-04-28 04:53:00+00:00,205.25,205.25,205.33999633789062,205.2100067138672,205.32000732421875,34295
2026-04-28 04:54:00+00:00,205.3000030517578,205.3000030517578,205.3300018310547,205.2100067138672,205.32000732421875,34958
2026-04-28 04:55:00+00:00,205.25,205.25,205.2899932861328,205.22999572753906,205.22999572753906,36039
2026-04-28 04:56:00+00:00,205.27999877929688,205.27999877929688,205.32000732421875,205.1999969482422,205.1999969482422,44531
2026-04-28 04:57:00+00:00,205.19000244140625,205.19000244140625,205.30999755859375,205.19000244140625,205.3000030517578,50646
2026-04-28 04:58:00+00:00,205.0,205.0,205.17999267578125,205.0,205.08999633789062,49147
2026-04-28 04:59:00+00:00,204.97000122070312,204.97000122070312,205.07000732421875,204.91000366210938,205.02000427246094,105294
2026-04-28 05:00:00+00:00,205.0,205.0,205.0500030517578,204.92999267578125,205.00999450683594,50915
2026-04-28 05:01:00+00:00,204.72000122070312,204.72000122070312,204.99000549316406,204.6699981689453,204.99000549316406,59625
2026-04-28 05:02:00+00:00,204.63999938964844,204.63999938964844,204.75999450683594,204.5500030517578,204.64999389648438,55437
2026-04-28 05:03:00+00:00,204.63999938964844,204.63999938964844,204.63999938964844,204.5500030517578,204.6199951171875,52273
2026-04-28 05:04:00+00:00,204.8300018310547,204.8300018310547,204.8300018310547,204.5800018310547,204.5800018310547,108047
2026-04-28 05:05:00+00:00,204.75999450683594,204.75999450683594,204.8300018310547,204.6999969482422,204.8300018310547,39632
2026-04-28 05:06:00+00:00,204.89999389648438,204.89999389648438,204.89999389648438,204.7100067138672,204.77999877929688,36424
2026-04-28 05:07:00+00:00,204.69000244140625,204.69000244140625,204.89999389648438,204.69000244140625,204.89999389648438,57029
2026-04-28 05:08:00+00:00,204.6999969482422,204.6999969482422,204.82000732421875,204.6199951171875,204.63999938964844,77674
2026-04-28 05:09:00+00:00,204.88999938964844,204.88999938964844,204.94000244140625,204.6999969482422,204.77000427246094,72466
2026-04-28 05:10:00+00:00,205.0500030517578,205.0500030517578,205.05999755859375,204.8300018310547,204.88999938964844,104084
2026-04-28 05:11:00+00:00,204.8699951171875,204.8699951171875,205.07000732421875,204.86000061035156,205.0,63340
2026-04-28 05:12:00+00:00,204.77000427246094,204.77000427246094,204.89999389648438,204.72999572753906,204.8800048828125,76060
2026-04-28 05:13:00+00:00,204.77999877929688,204.77999877929688,204.85000610351562,204.7100067138672,204.7899932861328,42694
2026-04-28 05:14:00+00:00,204.91000366210938,204.91000366210938,204.94000244140625,204.7100067138672,204.77999877929688,64144
2026-04-28 05:15:00+00:00,204.89999389648438,204.89999389648438,205.0,204.8300018310547,204.89999389648438,50293
2026-04-28 05:16:00+00:00,205.0800018310547,205.0800018310547,205.14999389648438,204.9600067138672,205.02000427246094,81177
2026-04-28 05:17:00+00:00,205.07000732421875,205.07000732421875,205.13999938964844,205.0,205.10000610351562,43441
2026-04-28 05:18:00+00:00,205.0,205.0,205.10000610351562,204.89999389648438,205.00999450683594,40350
2026-04-28 05:19:00+00:00,204.88999938964844,204.88999938964844,205.0,204.8800048828125,205.0,34021
2026-04-28 05:20:00+00:00,204.8000030517578,204.8000030517578,204.89999389648438,204.75999450683594,204.89999389648438,44529
2026-04-28 05:21:00+00:00,204.77999877929688,204.77999877929688,204.86000061035156,204.74000549316406,204.8000030517578,44282
2026-04-28 05:22:00+00:00,204.8000030517578,204.8000030517578,204.8000030517578,204.74000549316406,204.77000427246094,39414
2026-04-28 05:23:00+00:00,204.82000732421875,204.82000732421875,204.89999389648438,204.77999877929688,204.80999755859375,33240
2026-04-28 05:24:00+00:00,204.8699951171875,204.8699951171875,204.97999572753906,204.82000732421875,204.8800048828125,54872
2026-04-28 05:25:00+00:00,204.9499969482422,204.9499969482422,205.0,204.89999389648438,204.9199981689453,29852
2026-04-28 05:26:00+00:00,204.94000244140625,204.94000244140625,205.0,204.92999267578125,204.94000244140625,36734
2026-04-28 05:27:00+00:00,204.97999572753906,204.97999572753906,205.00999450683594,204.89999389648438,204.99000549316406,40752
2026-04-28 05:28:00+00:00,205.02999877929688,205.02999877929688,205.0399932861328,204.9199981689453,204.97000122070312,45139
2026-04-28 05:29:00+00:00,205.0,205.0,205.02999877929688,204.9199981689453,205.02999877929688,27885
2026-04-28 05:30:00+00:00,204.97000122070312,204.97000122070312,205.0,204.89999389648438,204.9199981689453,25075
2026-04-28 05:31:00+00:00,204.92999267578125,204.92999267578125,205.02000427246094,204.89999389648438,204.94000244140625,31676
2026-04-28 05:32:00+00:00,204.9600067138672,204.9600067138672,204.97999572753906,204.8800048828125,204.9199981689453,42579
2026-04-28 05:33:00+00:00,204.9499969482422,204.9499969482422,204.97999572753906,204.8699951171875,204.91000366210938,23875
2026-04-28 05:34:00+00:00,204.85000610351562,204.85000610351562,204.88999938964844,204.8300018310547,204.88999938964844,39065
2026-04-28 05:35:00+00:00,204.6999969482422,204.6999969482422,204.8300018310547,204.69000244140625,204.8300018310547,55479
2026-04-28 05:36:00+00:00,204.60000610351562,204.60000610351562,204.74000549316406,204.5500030517578,204.6999969482422,138863
2026-04-28 05:37:00+00:00,204.5500030517578,204.5500030517578,204.6300048828125,204.52000427246094,204.5800018310547,146564
2026-04-28 05:38:00+00:00,204.50999450683594,204.50999450683594,204.60000610351562,204.5,204.5500030517578,47620
2026-04-28 05:39:00+00:00,204.64999389648438,204.64999389648438,204.67999267578125,204.50999450683594,204.50999450683594,58657
2026-04-28 05:40:00+00:00,204.5399932861328,204.5399932861328,204.63999938964844,204.52000427246094,204.6199951171875,39124
2026-04-28 05:41:00+00:00,204.5,204.5,204.60000610351562,204.5,204.5399932861328,36129
2026-04-28 05:42:00+00:00,204.61000061035156,204.61000061035156,204.61000061035156,204.52000427246094,204.5800018310547,38697
2026-04-28 05:43:00+00:00,204.64999389648438,204.64999389648438,204.69000244140625,204.55999755859375,204.60000610351562,45802
2026-04-28 05:44:00+00:00,204.63999938964844,204.63999938964844,204.6699981689453,204.5800018310547,204.63999938964844,31532
2026-04-28 05:45:00+00:00,204.67999267578125,204.67999267578125,204.6999969482422,204.60000610351562,204.64999389648438,32068
2026-04-28 05:46:00+00:00,204.52999877929688,204.52999877929688,204.74000549316406,204.5,204.69000244140625,71486
2026-04-28 05:47:00+00:00,204.49000549316406,204.49000549316406,204.5500030517578,204.39999389648438,204.52000427246094,60748
2026-04-28 05:48:00+00:00,204.4600067138672,204.4600067138672,204.47999572753906,204.39999389648438,204.41000366210938,31879
2026-04-28 05:49:00+00:00,204.6199951171875,204.6199951171875,204.6199951171875,204.39999389648438,204.42999267578125,52493
2026-04-28 05:50:00+00:00,204.49000549316406,204.49000549316406,204.55999755859375,204.47999572753906,204.5,29764
2026-04-28 05:51:00+00:00,204.61000061035156,204.61000061035156,204.6199951171875,204.47000122070312,204.49000549316406,52303
2026-04-28 05:52:00+00:00,204.4499969482422,204.4499969482422,204.5800018310547,204.4499969482422,204.5399932861328,30374
2026-04-28 05:53:00+00:00,204.44000244140625,204.44000244140625,204.5,204.39999389648438,204.4499969482422,55732
2026-04-28 05:54:00+00:00,204.3300018310547,204.3300018310547,204.4499969482422,204.3300018310547,204.39999389648438,46334
2026-04-28 05:55:00+00:00,204.27999877929688,204.27999877929688,204.3300018310547,204.2100067138672,204.3300018310547,54030
2026-04-28 05:56:00+00:00,204.25999450683594,204.25999450683594,204.27999877929688,204.2100067138672,204.25,47777
2026-04-28 05:57:00+00:00,204.10000610351562,204.10000610351562,204.25,204.0800018310547,204.22000122070312,105959
2026-04-28 05:58:00+00:00,204.0500030517578,204.0500030517578,204.10000610351562,204.0,204.10000610351562,53419
2026-04-28 05:59:00+00:00,204.0399932861328,204.0399932861328,204.17999267578125,204.0399932861328,204.0500030517578,62726
2026-04-28 06:00:00+00:00,204.08999633789062,204.08999633789062,204.10000610351562,204.00999450683594,204.07000732421875,58963
2026-04-28 06:01:00+00:00,204.2899932861328,204.2899932861328,204.2899932861328,204.10000610351562,204.1300048828125,125606
2026-04-28 06:02:00+00:00,204.2899932861328,204.2899932861328,204.2899932861328,204.2100067138672,204.2100067138672,29577
2026-04-28 06:03:00+00:00,204.19000244140625,204.19000244140625,204.2899932861328,204.16000366210938,204.2899932861328,39577
2026-04-28 06:04:00+00:00,204.2899932861328,204.2899932861328,204.2899932861328,204.16000366210938,204.22000122070312,40081
2026-04-28 06:05:00+00:00,204.27999877929688,204.27999877929688,204.39999389648438,204.22999572753906,204.2899932861328,32103
2026-04-28 06:06:00+00:00,204.47999572753906,204.47999572753906,204.5,204.25,204.25,46700
2026-04-28 06:07:00+00:00,204.44000244140625,204.44000244140625,204.5399932861328,204.3699951171875,204.47999572753906,44384
2026-04-28 06:08:00+00:00,204.44000244140625,204.44000244140625,204.47999572753906,204.3699951171875,204.39999389648438,37505
2026-04-28 06:09:00+00:00,204.3800048828125,204.3800048828125,204.47000122070312,204.3300018310547,204.44000244140625,47749
2026-04-28 06:10:00+00:00,204.47999572753906,204.47999572753906,204.5,204.33999633789062,204.4499969482422,47191
2026-04-28 06:11:00+00:00,204.41000366210938,204.41000366210938,204.47999572753906,204.3699951171875,204.47000122070312,28389
2026-04-28 06:12:00+00:00,204.39999389648438,204.39999389648438,204.4600067138672,204.3699951171875,204.44000244140625,32176
2026-04-28 06:13:00+00:00,204.41000366210938,204.41000366210938,204.4499969482422,204.3699951171875,204.3800048828125,39966
2026-04-28 06:14:00+00:00,204.5800018310547,204.5800018310547,204.60000610351562,204.49000549316406,204.49000549316406,34559
2026-04-28 06:15:00+00:00,204.52999877929688,204.52999877929688,204.57000732421875,204.4600067138672,204.55999755859375,42661
2026-04-28 06:16:00+00:00,204.47999572753906,204.47999572753906,204.5500030517578,204.42999267578125,204.5500030517578,40975
2026-04-28 06:17:00+00:00,204.5,204.5,204.55999755859375,204.4600067138672,204.5,36533
2026-04-28 06:18:00+00:00,204.5500030517578,204.5500030517578,204.5500030517578,204.44000244140625,204.5,31877
2026-04-28 06:19:00+00:00,204.47000122070312,204.47000122070312,204.55999755859375,204.4199981689453,204.5500030517578,47268
2026-04-28 06:20:00+00:00,204.39999389648438,204.39999389648438,204.5,204.39999389648438,204.5,45304
2026-04-28 06:21:00+00:00,204.47000122070312,204.47000122070312,204.5,204.41000366210938,204.44000244140625,41736
2026-04-28 06:22:00+00:00,204.42999267578125,204.42999267578125,204.42999267578125,204.35000610351562,204.38999938964844,25262
2026-04-28 06:23:00+00:00,204.30999755859375,204.30999755859375,204.44000244140625,204.3000030517578,204.42999267578125,31941
2026-04-28 06:24:00+00:00,204.41000366210938,204.41000366210938,204.5,204.3699951171875,204.44000244140625,45280
2026-04-28 06:25:00+00:00,204.4600067138672,204.4600067138672,204.49000549316406,204.33999633789062,204.44000244140625,40489
2026-04-28 06:26:00+00:00,204.3800048828125,204.3800048828125,204.4499969482422,204.35000610351562,204.4499969482422,27292
2026-04-28 06:27:00+00:00,204.47000122070312,204.47000122070312,204.5,204.41000366210938,204.47999572753906,30404
2026-04-28 06:28:00+00:00,204.39999389648438,204.39999389648438,204.50999450683594,204.39999389648438,204.47000122070312,32536
2026-04-28 06:29:00+00:00,204.3699951171875,204.3699951171875,204.4199981689453,204.27000427246094,204.33999633789062,32434
2026-04-28 06:30:00+00:00,204.3699951171875,204.3699951171875,204.47999572753906,204.35000610351562,204.35000610351562,44582
2026-04-28 06:31:00+00:00,204.5399932861328,204.5399932861328,204.69000244140625,204.4199981689453,204.5399932861328,88265
2026-04-28 06:32:00+00:00,204.67999267578125,204.67999267578125,204.6999969482422,204.49000549316406,204.63999938964844,50910
2026-04-28 06:33:00+00:00,204.61000061035156,204.61000061035156,204.80999755859375,204.5800018310547,204.77000427246094,63425
2026-04-28 06:34:00+00:00,204.7100067138672,204.7100067138672,204.77000427246094,204.52000427246094,204.61000061035156,51107
2026-04-28 06:35:00+00:00,204.5800018310547,204.5800018310547,204.72000122070312,204.55999755859375,204.6999969482422,29605
2026-04-28 06:36:00+00:00,204.52000427246094,204.52000427246094,204.61000061035156,204.5,204.55999755859375,33441
2026-04-28 06:37:00+00:00,204.60000610351562,204.60000610351562,204.6699981689453,204.5,204.6300048828125,20149
2026-04-28 06:38:00+00:00,204.57000732421875,204.57000732421875,204.7100067138672,204.55999755859375,204.60000610351562,47883
2026-04-28 06:39:00+00:00,204.60000610351562,204.60000610351562,204.64999389648438,204.5399932861328,204.57000732421875,45874
2026-04-28 06:40:00+00:00,204.4499969482422,204.4499969482422,204.6199951171875,204.3800048828125,204.60000610351562,40930
2026-04-28 06:41:00+00:00,204.39999389648438,204.39999389648438,204.4499969482422,204.32000732421875,204.4499969482422,16593
2026-04-28 06:42:00+00:00,204.44000244140625,204.44000244140625,204.44000244140625,204.3000030517578,204.35000610351562,23639
2026-04-28 06:43:00+00:00,204.47000122070312,204.47000122070312,204.49000549316406,204.39999389648438,204.44000244140625,23613
2026-04-28 06:44:00+00:00,204.49000549316406,204.49000549316406,204.67999267578125,204.4499969482422,204.61000061035156,161362
2026-04-28 06:45:00+00:00,204.50999450683594,204.50999450683594,204.55999755859375,204.3800048828125,204.44000244140625,52304
2026-04-28 06:46:00+00:00,204.4199981689453,204.4199981689453,204.55999755859375,204.4199981689453,204.50999450683594,50392
2026-04-28 06:47:00+00:00,204.41000366210938,204.41000366210938,204.50999450683594,204.39999389648438,204.41000366210938,31877
2026-04-28 06:48:00+00:00,204.39999389648438,204.39999389648438,204.4499969482422,204.33999633789062,204.41000366210938,30557
2026-04-28 06:49:00+00:00,204.5,204.5,204.61000061035156,204.39999389648438,204.39999389648438,36284
2026-04-28 06:50:00+00:00,204.41000366210938,204.41000366210938,204.5,204.39999389648438,204.49000549316406,24585
2026-04-28 06:51:00+00:00,204.33999633789062,204.33999633789062,204.5,204.33999633789062,204.41000366210938,42698
2026-04-28 06:52:00+00:00,204.19000244140625,204.19000244140625,204.35000610351562,204.14999389648438,204.32000732421875,50194
2026-04-28 06:53:00+00:00,204.16000366210938,204.16000366210938,204.22000122070312,204.16000366210938,204.19000244140625,43165
2026-04-28 06:54:00+00:00,204.1300048828125,204.1300048828125,204.22999572753906,204.11000061035156,204.22999572753906,17574
2026-04-28 06:55:00+00:00,204.07000732421875,204.07000732421875,204.19000244140625,204.07000732421875,204.11000061035156,79357
2026-04-28 06:56:00+00:00,204.1699981689453,204.1699981689453,204.19000244140625,204.0399932861328,204.07000732421875,124358
2026-04-28 06:57:00+00:00,204.25999450683594,204.25999450683594,204.30999755859375,204.0500030517578,204.17999267578125,109149
2026-04-28 06:58:00+00:00,204.22999572753906,204.22999572753906,204.2899932861328,204.14999389648438,204.2100067138672,76033
2026-04-28 06:59:00+00:00,204.4600067138672,204.4600067138672,204.5399932861328,204.1999969482422,204.1999969482422,141755
2026-04-28 07:00:00+00:00,204.50999450683594,204.50999450683594,204.5800018310547,204.38999938964844,204.52000427246094,159629
2026-04-28 07:01:00+00:00,204.5,204.5,204.52999877929688,204.41000366210938,204.52999877929688,63255
2026-04-28 07:02:00+00:00,204.27999877929688,204.27999877929688,204.52000427246094,204.27999877929688,204.5,51705
2026-04-28 07:03:00+00:00,204.42999267578125,204.42999267578125,204.49000549316406,204.32000732421875,204.32000732421875,27704
2026-04-28 07:04:00+00:00,204.47000122070312,204.47000122070312,204.47999572753906,204.30999755859375,204.4199981689453,103291
2026-04-28 07:05:00+00:00,204.38999938964844,204.38999938964844,204.47999572753906,204.3300018310547,204.47999572753906,32326
2026-04-28 07:06:00+00:00,204.3800048828125,204.3800048828125,204.4600067138672,204.3300018310547,204.4600067138672,34676
2026-04-28 07:07:00+00:00,204.27999877929688,204.27999877929688,204.36000061035156,204.17999267578125,204.35000610351562,36692
2026-04-28 07:08:00+00:00,204.19000244140625,204.19000244140625,204.27999877929688,204.1199951171875,204.27000427246094,33581
2026-04-28 07:09:00+00:00,204.2100067138672,204.2100067138672,204.2899932861328,204.13999938964844,204.1699981689453,46979
2026-04-28 07:10:00+00:00,204.25999450683594,204.25999450683594,204.25999450683594,204.11000061035156,204.1999969482422,36114
2026-04-28 07:11:00+00:00,204.07000732421875,204.07000732421875,204.27999877929688,204.0,204.27999877929688,65281
2026-04-28 07:12:00+00:00,204.11000061035156,204.11000061035156,204.13999938964844,204.0,204.0800018310547,38740
2026-04-28 07:13:00+00:00,203.97000122070312,203.97000122070312,204.11000061035156,203.97000122070312,204.11000061035156,100779
2026-04-28 07:14:00+00:00,203.94000244140625,203.94000244140625,203.99000549316406,203.8300018310547,203.99000549316406,53040
2026-04-28 07:15:00+00:00,203.8800048828125,203.8800048828125,203.9600067138672,203.85000610351562,203.9600067138672,34102
2026-04-28 07:16:00+00:00,203.80999755859375,203.80999755859375,203.88999938964844,203.75999450683594,203.8800048828125,52622
2026-04-28 07:17:00+00:00,203.7899932861328,203.7899932861328,203.8300018310547,203.72999572753906,203.75,39274
2026-04-28 07:18:00+00:00,203.6199951171875,203.6199951171875,203.8000030517578,203.61000061035156,203.7899932861328,57616
2026-04-28 07:19:00+00:00,203.60000610351562,203.60000610351562,203.72000122070312,203.5800018310547,203.67999267578125,54139
2026-04-28 07:20:00+00:00,203.49000549316406,203.49000549316406,203.60000610351562,203.49000549316406,203.5800018310547,63586
2026-04-28 07:21:00+00:00,203.67999267578125,203.67999267578125,203.67999267578125,203.49000549316406,203.55999755859375,37132
2026-04-28 07:22:00+00:00,203.5,203.5,203.67999267578125,203.5,203.67999267578125,52055
2026-04-28 07:23:00+00:00,203.4499969482422,203.4499969482422,203.50999450683594,203.39999389648438,203.50999450683594,26839
2026-04-28 07:24:00+00:00,203.4199981689453,203.4199981689453,203.4600067138672,203.39999389648438,203.39999389648438,27822
2026-04-28 07:25:00+00:00,203.4199981689453,203.4199981689453,203.4199981689453,203.39999389648438,203.39999389648438,42894
2026-04-28 07:26:00+00:00,203.3800048828125,203.3800048828125,203.4199981689453,203.3000030517578,203.4199981689453,40187
2026-04-28 07:27:00+00:00,203.32000732421875,203.32000732421875,203.38999938964844,203.3000030517578,203.3300018310547,61117
2026-04-28 07:28:00+00:00,203.1999969482422,203.1999969482422,203.35000610351562,203.1199951171875,203.2899932861328,56180
2026-04-28 07:29:00+00:00,203.27000427246094,203.27000427246094,203.3000030517578,203.1999969482422,203.1999969482422,29155
2026-04-28 07:30:00+00:00,203.17999267578125,203.17999267578125,203.27000427246094,203.16000366210938,203.24000549316406,24498
2026-04-28 07:31:00+00:00,203.32000732421875,203.32000732421875,203.35000610351562,203.16000366210938,203.2100067138672,46677
2026-04-28 07:32:00+00:00,203.27000427246094,203.27000427246094,203.32000732421875,203.17999267578125,203.32000732421875,30436
2026-04-28 07:33:00+00:00,203.47999572753906,203.47999572753906,203.5,203.2100067138672,203.27000427246094,39677
2026-04-28 07:34:00+00:00,203.3800048828125,203.3800048828125,203.55999755859375,203.35000610351562,203.47999572753906,27495
2026-04-28 07:35:00+00:00,203.36000061035156,203.36000061035156,203.42999267578125,203.3000030517578,203.3800048828125,33822
2026-04-28 07:36:00+00:00,203.4499969482422,203.4499969482422,203.4600067138672,203.36000061035156,203.38999938964844,33320
2026-04-28 07:37:00+00:00,203.35000610351562,203.35000610351562,203.47000122070312,203.35000610351562,203.4499969482422,51937
2026-04-28 07:38:00+00:00,203.39999389648438,203.39999389648438,203.39999389648438,203.30999755859375,203.3300018310547,51579
2026-04-28 07:39:00+00:00,203.30999755859375,203.30999755859375,203.44000244140625,203.3000030517578,203.3699951171875,19820
2026-04-28 07:40:00+00:00,203.3699951171875,203.3699951171875,203.4499969482422,203.30999755859375,203.3300018310547,37240
2026-04-28 07:41:00+00:00,203.47000122070312,203.47000122070312,203.47000122070312,203.35000610351562,203.3699951171875,33017
2026-04-28 07:42:00+00:00,203.4600067138672,203.4600067138672,203.49000549316406,203.3800048828125,203.4600067138672,30281
2026-04-28 07:43:00+00:00,203.4499969482422,203.4499969482422,203.55999755859375,203.39999389648438,203.44000244140625,57475
2026-04-28 07:44:00+00:00,203.38999938964844,203.38999938964844,203.5,203.38999938964844,203.4600067138672,27814
2026-04-28 07:45:00+00:00,203.30999755859375,203.30999755859375,203.38999938964844,203.2899932861328,203.38999938964844,30810
2026-04-28 07:46:00+00:00,203.35000610351562,203.35000610351562,203.35000610351562,203.25999450683594,203.35000610351562,30688
2026-04-28 07:47:00+00:00,203.30999755859375,203.30999755859375,203.30999755859375,203.24000549316406,203.3000030517578,37214
2026-04-28 07:48:00+00:00,203.3800048828125,203.3800048828125,203.39999389648438,203.2899932861328,203.33999633789062,31275
2026-04-28 07:49:00+00:00,203.25999450683594,203.25999450683594,203.3800048828125,203.25999450683594,203.36000061035156,24282
2026-04-28 07:50:00+00:00,203.24000549316406,203.24000549316406,203.2899932861328,203.1999969482422,203.25,39243
2026-04-28 07:51:00+00:00,203.13999938964844,203.13999938964844,203.2100067138672,203.1300048828125,203.1999969482422,37477
2026-04-28 07:52:00+00:00,203.13999938964844,203.13999938964844,203.22999572753906,203.1199951171875,203.14999389648438,29239
2026-04-28 07:53:00+00:00,203.1199951171875,203.1199951171875,203.17999267578125,203.11000061035156,203.14999389648438,26706
2026-04-28 07:54:00+00:00,202.82000732421875,202.82000732421875,203.1199951171875,202.80999755859375,203.1199951171875,289038
2026-04-28 07:55:00+00:00,202.75999450683594,202.75999450683594,202.8300018310547,202.6999969482422,202.8300018310547,42355
2026-04-28 07:56:00+00:00,202.74000549316406,202.74000549316406,202.8000030517578,202.6999969482422,202.75999450683594,36036
2026-04-28 07:57:00+00:00,202.8300018310547,202.8300018310547,202.86000061035156,202.72999572753906,202.74000549316406,41084
2026-04-28 07:58:00+00:00,202.72999572753906,202.72999572753906,202.8300018310547,202.64999389648438,202.8300018310547,38121
2026-04-28 07:59:00+00:00,202.60000610351562,202.60000610351562,202.72000122070312,202.55999755859375,202.72000122070312,33745
2026-04-28 08:00:00+00:00,202.52000427246094,202.52000427246094,202.67999267578125,202.50999450683594,202.60000610351562,80867
2026-04-28 08:01:00+00:00,202.52999877929688,202.52999877929688,202.58999633789062,202.50999450683594,202.52000427246094,38189
2026-04-28 08:02:00+00:00,202.55999755859375,202.55999755859375,202.61000061035156,202.5,202.5800018310547,45485
2026-04-28 08:03:00+00:00,202.47000122070312,202.47000122070312,202.5500030517578,202.3800048828125,202.5500030517578,77307
2026-04-28 08:04:00+00:00,202.41000366210938,202.41000366210938,202.5,202.35000610351562,202.47999572753906,38728
2026-04-28 08:05:00+00:00,202.3000030517578,202.3000030517578,202.42999267578125,202.2100067138672,202.41000366210938,71656
2026-04-28 08:06:00+00:00,202.35000610351562,202.35000610351562,202.35000610351562,202.19000244140625,202.1999969482422,67563
2026-04-28 08:07:00+00:00,202.44000244140625,202.44000244140625,202.52999877929688,202.33999633789062,202.41000366210938,47581
2026-04-28 08:08:00+00:00,202.4499969482422,202.4499969482422,202.5,202.36000061035156,202.41000366210938,36647
2026-04-28 08:09:00+00:00,202.44000244140625,202.44000244140625,202.52000427246094,202.39999389648438,202.49000549316406,35289
2026-04-28 08:10:00+00:00,202.52000427246094,202.52000427246094,202.52999877929688,202.41000366210938,202.44000244140625,34376
2026-04-28 08:11:00+00:00,202.5500030517578,202.5500030517578,202.61000061035156,202.49000549316406,202.55999755859375,37724
2026-04-28 08:12:00+00:00,202.44000244140625,202.44000244140625,202.60000610351562,202.44000244140625,202.5399932861328,32891
2026-04-28 08:13:00+00:00,202.50999450683594,202.50999450683594,202.50999450683594,202.47999572753906,202.5,37011
2026-04-28 08:14:00+00:00,202.42999267578125,202.42999267578125,202.50999450683594,202.41000366210938,202.50999450683594,35742
2026-04-28 08:15:00+00:00,202.50999450683594,202.50999450683594,202.50999450683594,202.38999938964844,202.42999267578125,45848
2026-04-28 08:16:00+00:00,202.39999389648438,202.39999389648438,202.52000427246094,202.39999389648438,202.5,40592
2026-04-28 08:17:00+00:00,202.38999938964844,202.38999938964844,202.42999267578125,202.33999633789062,202.42999267578125,25955
2026-04-28 08:18:00+00:00,202.3000030517578,202.3000030517578,202.42999267578125,202.25,202.35000610351562,39454
2026-04-28 08:19:00+00:00,202.35000610351562,202.35000610351562,202.3699951171875,202.27000427246094,202.3000030517578,53419
2026-04-28 08:20:00+00:00,202.39999389648438,202.39999389648438,202.4199981689453,202.3000030517578,202.33999633789062,42970
2026-04-28 08:21:00+00:00,202.4199981689453,202.4199981689453,202.42999267578125,202.3000030517578,202.39999389648438,42523
2026-04-28 08:22:00+00:00,202.47000122070312,202.47000122070312,202.5,202.39999389648438,202.4199981689453,32260
2026-04-28 08:23:00+00:00,202.5,202.5,202.5800018310547,202.42999267578125,202.42999267578125,52877
2026-04-28 08:24:00+00:00,202.4199981689453,202.4199981689453,202.5,202.41000366210938,202.5,27798
2026-04-28 08:25:00+00:00,202.52999877929688,202.52999877929688,202.52999877929688,202.35000610351562,202.35000610351562,41653
2026-04-28 08:26:00+00:00,202.52999877929688,202.52999877929688,202.52999877929688,202.4199981689453,202.52999877929688,36573
2026-04-28 08:27:00+00:00,202.30999755859375,202.30999755859375,202.5,202.30999755859375,202.5,53031
2026-04-28 08:28:00+00:00,202.38999938964844,202.38999938964844,202.39999389648438,202.30999755859375,202.33999633789062,40504
2026-04-28 08:29:00+00:00,202.38999938964844,202.38999938964844,202.38999938964844,202.3000030517578,202.38999938964844,36534
2026-04-28 08:30:00+00:00,202.33999633789062,202.33999633789062,202.38999938964844,202.33999633789062,202.38999938964844,26606
2026-04-28 08:31:00+00:00,202.3000030517578,202.3000030517578,202.39999389648438,202.25,202.30999755859375,47290
2026-04-28 08:32:00+00:00,202.3300018310547,202.3300018310547,202.39999389648438,202.3000030517578,202.3000030517578,33589
2026-04-28 08:33:00+00:00,202.3000030517578,202.3000030517578,202.36000061035156,202.24000549316406,202.32000732421875,37464
2026-04-28 08:34:00+00:00,202.24000549316406,202.24000549316406,202.3000030517578,202.1999969482422,202.3000030517578,37464
2026-04-28 08:35:00+00:00,202.22999572753906,202.22999572753906,202.27999877929688,202.10000610351562,202.24000549316406,134529
2026-04-28 08:36:00+00:00,202.33999633789062,202.33999633789062,202.33999633789062,202.17999267578125,202.22000122070312,34621
2026-04-28 08:37:00+00:00,202.44000244140625,202.44000244140625,202.44000244140625,202.27999877929688,202.2899932861328,34735
2026-04-28 08:38:00+00:00,202.1999969482422,202.1999969482422,202.44000244140625,202.14999389648438,202.44000244140625,42890
2026-04-28 08:39:00+00:00,202.22000122070312,202.22000122070312,202.25999450683594,202.14999389648438,202.1999969482422,49007
2026-04-28 08:40:00+00:00,202.16000366210938,202.16000366210938,202.22000122070312,202.11000061035156,202.1699981689453,45037
2026-04-28 08:41:00+00:00,202.02999877929688,202.02999877929688,202.16000366210938,202.02000427246094,202.11000061035156,45519
2026-04-28 08:42:00+00:00,202.10000610351562,202.10000610351562,202.13999938964844,202.02000427246094,202.02999877929688,48013
2026-04-28 08:43:00+00:00,202.00999450683594,202.00999450683594,202.14999389648438,202.00999450683594,202.14999389648438,56615
2026-04-28 08:44:00+00:00,202.1699981689453,202.1699981689453,202.1699981689453,202.0,202.0500030517578,100041
2026-04-28 08:45:00+00:00,202.38999938964844,202.38999938964844,202.4199981689453,202.08999633789062,202.08999633789062,196927
2026-04-28 08:46:00+00:00,202.67999267578125,202.67999267578125,202.77000427246094,202.4199981689453,202.4600067138672,298199
2026-04-28 08:47:00+00:00,202.25999450683594,202.25999450683594,202.7100067138672,202.25,202.67999267578125,119392
2026-04-28 08:48:00+00:00,202.22000122070312,202.22000122070312,202.3000030517578,202.14999389648438,202.3000030517578,53163
2026-04-28 08:49:00+00:00,202.25999450683594,202.25999450683594,202.3699951171875,202.22000122070312,202.22000122070312,26826
2026-04-28 08:50:00+00:00,202.24000549316406,202.24000549316406,202.3000030517578,202.22000122070312,202.2899932861328,27932
2026-04-28 08:51:00+00:00,202.3000030517578,202.3000030517578,202.33999633789062,202.2100067138672,202.24000549316406,35352
2026-04-28 08:52:00+00:00,202.2899932861328,202.2899932861328,202.3000030517578,202.14999389648438,202.25,79549
2026-04-28 08:53:00+00:00,202.32000732421875,202.32000732421875,202.3300018310547,202.24000549316406,202.2899932861328,27159
2026-04-28 08:54:00+00:00,202.22000122070312,202.22000122070312,202.33999633789062,202.1999969482422,202.3300018310547,39188
2026-04-28 08:55:00+00:00,202.2100067138672,202.2100067138672,202.22999572753906,202.1999969482422,202.22999572753906,26431
2026-04-28 08:56:00+00:00,202.10000610351562,202.10000610351562,202.22999572753906,202.10000610351562,202.1999969482422,70728
2026-04-28 08:57:00+00:00,202.19000244140625,202.19000244140625,202.24000549316406,202.1199951171875,202.1199951171875,87416
2026-04-28 08:58:00+00:00,202.1199951171875,202.1199951171875,202.1999969482422,202.1199951171875,202.16000366210938,38995
2026-04-28 08:59:00+00:00,202.02000427246094,202.02000427246094,202.08999633789062,202.0,202.08999633789062,88150
2026-04-28 09:00:00+00:00,202.14999389648438,202.14999389648438,202.14999389648438,202.0,202.0500030517578,73379
2026-04-28 09:01:00+00:00,202.19000244140625,202.19000244140625,202.2100067138672,202.0800018310547,202.13999938964844,62767
2026-04-28 09:02:00+00:00,202.08999633789062,202.08999633789062,202.1999969482422,202.0399932861328,202.1999969482422,82791
2026-04-28 09:03:00+00:00,202.08999633789062,202.08999633789062,202.16000366210938,202.0500030517578,202.08999633789062,40853
2026-04-28 09:04:00+00:00,202.05999755859375,202.05999755859375,202.1300048828125,202.00999450683594,202.11000061035156,45916
2026-04-28 09:05:00+00:00,201.91000366210938,201.91000366210938,202.05999755859375,201.89999389648438,202.05999755859375,240418
2026-04-28 09:06:00+00:00,201.9499969482422,201.9499969482422,201.97000122070312,201.80999755859375,201.97000122070312,59369
2026-04-28 09:07:00+00:00,202.0,202.0,202.0,201.88999938964844,201.99000549316406,44576
2026-04-28 09:08:00+00:00,201.99000549316406,201.99000549316406,202.0800018310547,201.92999267578125,202.0,42799
2026-04-28 09:09:00+00:00,202.0,202.0,202.0399932861328,201.97000122070312,201.99000549316406,46841
2026-04-28 09:10:00+00:00,202.00999450683594,202.00999450683594,202.02999877929688,201.99000549316406,202.0,35430
2026-04-28 09:11:00+00:00,202.08999633789062,202.08999633789062,202.10000610351562,201.9499969482422,202.00999450683594,46646
2026-04-28 09:12:00+00:00,202.14999389648438,202.14999389648438,202.14999389648438,202.0,202.08999633789062,46754
2026-04-28 09:13:00+00:00,202.14999389648438,202.14999389648438,202.24000549316406,202.10000610351562,202.11000061035156,57612
2026-04-28 09:14:00+00:00,202.1199951171875,202.1199951171875,202.16000366210938,202.0500030517578,202.1300048828125,30454
2026-04-28 09:15:00+00:00,202.17999267578125,202.17999267578125,202.17999267578125,202.0500030517578,202.11000061035156,35385
2026-04-28 09:16:00+00:00,202.11000061035156,202.11000061035156,202.19000244140625,202.08999633789062,202.14999389648438,32827
2026-04-28 09:17:00+00:00,202.19000244140625,202.19000244140625,202.24000549316406,202.13999938964844,202.1999969482422,48498
2026-04-28 09:18:00+00:00,202.1999969482422,202.1999969482422,202.25,202.16000366210938,202.19000244140625,43368
2026-04-28 09:19:00+00:00,202.07000732421875,202.07000732421875,202.2100067138672,202.07000732421875,202.2100067138672,136295
2026-04-28 09:20:00+00:00,202.08999633789062,202.08999633789062,202.1699981689453,202.05999755859375,202.1300048828125,92100
2026-04-28 09:21:00+00:00,202.07000732421875,202.07000732421875,202.17999267578125,202.02000427246094,202.10000610351562,112003
2026-04-28 09:22:00+00:00,202.0800018310547,202.0800018310547,202.11000061035156,202.00999450683594,202.07000732421875,49304
2026-04-28 09:23:00+00:00,202.14999389648438,202.14999389648438,202.1999969482422,202.05999755859375,202.0800018310547,57474
2026-04-28 09:24:00+00:00,202.14999389648438,202.14999389648438,202.19000244140625,202.10000610351562,202.1699981689453,51508
2026-04-28 09:25:00+00:00,202.1300048828125,202.1300048828125,202.17999267578125,202.10000610351562,202.1699981689453,34730
2026-04-28 09:26:00+00:00,202.0800018310547,202.0800018310547,202.16000366210938,202.05999755859375,202.16000366210938,66484
2026-04-28 09:27:00+00:00,202.0800018310547,202.0800018310547,202.11000061035156,202.0500030517578,202.08999633789062,29223
2026-04-28 09:28:00+00:00,202.1699981689453,202.1699981689453,202.1999969482422,202.0500030517578,202.0800018310547,30201
2026-04-28 09:29:00+00:00,202.1699981689453,202.1699981689453,202.24000549316406,202.14999389648438,202.14999389648438,31742
2026-04-28 09:30:00+00:00,202.0500030517578,202.0500030517578,202.24000549316406,202.02000427246094,202.24000549316406,184729
2026-04-28 09:31:00+00:00,202.05999755859375,202.05999755859375,202.0800018310547,202.00999450683594,202.05999755859375,59980
2026-04-28 09:32:00+00:00,202.02999877929688,202.02999877929688,202.05999755859375,202.00999450683594,202.05999755859375,54280
2026-04-28 09:33:00+00:00,201.86000061035156,201.86000061035156,202.0,201.86000061035156,202.0,174313
2026-04-28 09:34:00+00:00,201.8000030517578,201.8000030517578,201.91000366210938,201.77999877929688,201.91000366210938,54122
2026-04-28 09:35:00+00:00,201.97999572753906,201.97999572753906,201.97999572753906,201.75999450683594,201.80999755859375,97361
2026-04-28 09:36:00+00:00,201.97999572753906,201.97999572753906,202.0,201.9600067138672,201.99000549316406,55333
2026-04-28 09:37:00+00:00,201.88999938964844,201.88999938964844,201.97999572753906,201.83999633789062,201.97999572753906,155710
2026-04-28 09:38:00+00:00,201.85000610351562,201.85000610351562,201.8800048828125,201.8000030517578,201.8800048828125,97509
2026-04-28 09:39:00+00:00,201.72000122070312,201.72000122070312,201.85000610351562,201.72000122070312,201.85000610351562,88473
2026-04-28 09:40:00+00:00,201.88999938964844,201.88999938964844,201.88999938964844,201.75,201.77999877929688,80997
2026-04-28 09:41:00+00:00,201.8300018310547,201.8300018310547,201.88999938964844,201.8000030517578,201.86000061035156,60300
2026-04-28 09:42:00+00:00,201.75999450683594,201.75999450683594,201.82000732421875,201.75999450683594,201.82000732421875,70755
2026-04-28 09:43:00+00:00,201.64999389648438,201.64999389648438,201.77999877929688,201.64999389648438,201.77999877929688,98568
2026-04-28 09:44:00+00:00,201.60000610351562,201.60000610351562,201.63999938964844,201.5500030517578,201.61000061035156,77210
2026-04-28 09:45:00+00:00,201.5,201.5,201.60000610351562,201.5,201.57000732421875,151145
2026-04-28 09:46:00+00:00,201.5500030517578,201.5500030517578,201.58999633789062,201.47999572753906,201.58999633789062,98550
2026-04-28 09:47:00+00:00,201.5,201.5,201.5500030517578,201.47999572753906,201.5500030517578,48448
2026-04-28 09:48:00+00:00,201.5,201.5,201.52000427246094,201.41000366210938,201.5,107795
2026-04-28 09:49:00+00:00,201.38999938964844,201.38999938964844,201.5,201.3699951171875,201.4499969482422,110824
2026-04-28 09:50:00+00:00,201.36000061035156,201.36000061035156,201.3800048828125,201.3000030517578,201.3800048828125,85666
2026-04-28 09:51:00+00:00,201.27000427246094,201.27000427246094,201.36000061035156,201.25,201.36000061035156,108190
2026-04-28 09:52:00+00:00,201.11000061035156,201.11000061035156,201.27000427246094,201.11000061035156,201.25,118436
2026-04-28 09:53:00+00:00,201.13999938964844,201.13999938964844,201.17999267578125,201.02999877929688,201.11000061035156,175890
2026-04-28 09:54:00+00:00,201.1999969482422,201.1999969482422,201.2100067138672,201.10000610351562,201.1300048828125,152767
2026-04-28 09:55:00+00:00,201.27999877929688,201.27999877929688,201.3000030517578,201.1999969482422,201.1999969482422,144935
2026-04-28 09:56:00+00:00,201.42999267578125,201.42999267578125,201.5,201.27999877929688,201.2899932861328,109444
2026-04-28 09:57:00+00:00,201.6199951171875,201.6199951171875,201.64999389648438,201.42999267578125,201.42999267578125,92632
2026-04-28 09:58:00+00:00,201.67999267578125,201.67999267578125,201.6999969482422,201.41000366210938,201.57000732421875,148201
2026-04-28 09:59:00+00:00,201.6300048828125,201.6300048828125,201.6999969482422,201.50999450683594,201.64999389648438,125250
2026-04-29 03:45:00+00:00,202.75999450683594,202.75999450683594,202.82000732421875,201.97000122070312,201.97000122070312,0
2026-04-29 03:46:00+00:00,202.7899932861328,202.7899932861328,202.8000030517578,202.55999755859375,202.75999450683594,165534
2026-04-29 03:47:00+00:00,202.32000732421875,202.32000732421875,202.75999450683594,202.30999755859375,202.75999450683594,178423
2026-04-29 03:48:00+00:00,202.27999877929688,202.27999877929688,202.42999267578125,202.17999267578125,202.4199981689453,121833
2026-04-29 03:49:00+00:00,202.2899932861328,202.2899932861328,202.3000030517578,202.08999633789062,202.3000030517578,97618
2026-04-29 03:50:00+00:00,202.39999389648438,202.39999389648438,202.5500030517578,202.3000030517578,202.3000030517578,104958
2026-04-29 03:51:00+00:00,202.2100067138672,202.2100067138672,202.25999450683594,202.00999450683594,202.00999450683594,168446
2026-04-29 03:52:00+00:00,202.1199951171875,202.1199951171875,202.30999755859375,202.10000610351562,202.25999450683594,34116
2026-04-29 03:53:00+00:00,202.2100067138672,202.2100067138672,202.2100067138672,202.14999389648438,202.14999389648438,55274
2026-04-29 03:54:00+00:00,202.3699951171875,202.3699951171875,202.38999938964844,202.2100067138672,202.2100067138672,34027
2026-04-29 03:55:00+00:00,202.32000732421875,202.32000732421875,202.4499969482422,202.32000732421875,202.3699951171875,50443
2026-04-29 03:56:00+00:00,202.16000366210938,202.16000366210938,202.4199981689453,202.16000366210938,202.35000610351562,58563
2026-04-29 03:57:00+00:00,202.1999969482422,202.1999969482422,202.22000122070312,202.08999633789062,202.08999633789062,31275
2026-04-29 03:58:00+00:00,202.3699951171875,202.3699951171875,202.39999389648438,202.22000122070312,202.22000122070312,41872
2026-04-29 03:59:00+00:00,202.24000549316406,202.24000549316406,202.38999938964844,202.17999267578125,202.35000610351562,48557
2026-04-29 04:00:00+00:00,202.2100067138672,202.2100067138672,202.27000427246094,202.10000610351562,202.27000427246094,19024
2026-04-29 04:01:00+00:00,202.10000610351562,202.10000610351562,202.1999969482422,201.97999572753906,202.1999969482422,71324
2026-04-29 04:02:00+00:00,202.25999450683594,202.25999450683594,202.25999450683594,202.0800018310547,202.10000610351562,49120
2026-04-29 04:03:00+00:00,202.27000427246094,202.27000427246094,202.2899932861328,202.24000549316406,202.27000427246094,35188
2026-04-29 04:04:00+00:00,202.24000549316406,202.24000549316406,202.25,202.1300048828125,202.1300048828125,16764
2026-04-29 04:05:00+00:00,202.41000366210938,202.41000366210938,202.44000244140625,202.24000549316406,202.24000549316406,27242
2026-04-29 04:06:00+00:00,202.58999633789062,202.58999633789062,202.58999633789062,202.44000244140625,202.44000244140625,55552
2026-04-29 04:07:00+00:00,202.60000610351562,202.60000610351562,202.72000122070312,202.60000610351562,202.64999389648438,40546
2026-04-29 04:08:00+00:00,202.67999267578125,202.67999267578125,202.72000122070312,202.64999389648438,202.64999389648438,25446
2026-04-29 04:09:00+00:00,202.9600067138672,202.9600067138672,202.9600067138672,202.67999267578125,202.67999267578125,85402
2026-04-29 04:10:00+00:00,203.3000030517578,203.3000030517578,203.3000030517578,202.97000122070312,202.99000549316406,99646
2026-04-29 04:11:00+00:00,203.0,203.0,203.2899932861328,202.91000366210938,203.27999877929688,128000
2026-04-29 04:12:00+00:00,202.92999267578125,202.92999267578125,203.10000610351562,202.9199981689453,203.08999633789062,60248
2026-04-29 04:13:00+00:00,202.86000061035156,202.86000061035156,202.86000061035156,202.6999969482422,202.86000061035156,56989
2026-04-29 04:14:00+00:00,202.89999389648438,202.89999389648438,202.94000244140625,202.82000732421875,202.85000610351562,27861
2026-04-29 04:15:00+00:00,202.89999389648438,202.89999389648438,202.9199981689453,202.80999755859375,202.9199981689453,20923
2026-04-29 04:16:00+00:00,202.97999572753906,202.97999572753906,202.97999572753906,202.89999389648438,202.89999389648438,23080
2026-04-29 04:17:00+00:00,203.17999267578125,203.17999267578125,203.2100067138672,202.97999572753906,202.97999572753906,51290
2026-04-29 04:18:00+00:00,203.0399932861328,203.0399932861328,203.2100067138672,203.0399932861328,203.1699981689453,42001
2026-04-29 04:19:00+00:00,203.1999969482422,203.1999969482422,203.1999969482422,203.0399932861328,203.0399932861328,26499
2026-04-29 04:20:00+00:00,203.07000732421875,203.07000732421875,203.3000030517578,203.0500030517578,203.1999969482422,45397
2026-04-29 04:21:00+00:00,203.16000366210938,203.16000366210938,203.19000244140625,203.0500030517578,203.10000610351562,19948
2026-04-29 04:22:00+00:00,203.14999389648438,203.14999389648438,203.2899932861328,203.14999389648438,203.25,24189
2026-04-29 04:23:00+00:00,203.5399932861328,203.5399932861328,203.58999633789062,203.39999389648438,203.39999389648438,96780
2026-04-29 04:24:00+00:00,203.30999755859375,203.30999755859375,203.58999633789062,203.3000030517578,203.5399932861328,40102
2026-04-29 04:25:00+00:00,203.1199951171875,203.1199951171875,203.39999389648438,203.1199951171875,203.3699951171875,97840
2026-04-29 04:26:00+00:00,202.91000366210938,202.91000366210938,203.13999938964844,202.86000061035156,203.13999938964844,71078
2026-04-29 04:27:00+00:00,202.8300018310547,202.8300018310547,202.91000366210938,202.8000030517578,202.91000366210938,35214
2026-04-29 04:28:00+00:00,202.72999572753906,202.72999572753906,202.8300018310547,202.72999572753906,202.8300018310547,37303
2026-04-29 04:29:00+00:00,202.6999969482422,202.6999969482422,202.72999572753906,202.50999450683594,202.72999572753906,38566
2026-04-29 04:30:00+00:00,202.66000366210938,202.66000366210938,202.6999969482422,202.6300048828125,202.6999969482422,31507
2026-04-29 04:31:00+00:00,202.74000549316406,202.74000549316406,202.8300018310547,202.5800018310547,202.64999389648438,47924
2026-04-29 04:32:00+00:00,202.8300018310547,202.8300018310547,202.97000122070312,202.6999969482422,202.72000122070312,151755
2026-04-29 04:33:00+00:00,202.75,202.75,202.8300018310547,202.66000366210938,202.8300018310547,20746
2026-04-29 04:34:00+00:00,202.69000244140625,202.69000244140625,202.75,202.6199951171875,202.64999389648438,32379
2026-04-29 04:35:00+00:00,202.66000366210938,202.66000366210938,202.74000549316406,202.66000366210938,202.6999969482422,26298
2026-04-29 04:36:00+00:00,202.77000427246094,202.77000427246094,202.77000427246094,202.66000366210938,202.66000366210938,25140
2026-04-29 04:37:00+00:00,202.74000549316406,202.74000549316406,202.77000427246094,202.6999969482422,202.77000427246094,10424
2026-04-29 04:38:00+00:00,202.89999389648438,202.89999389648438,202.89999389648438,202.74000549316406,202.74000549316406,12390
2026-04-29 04:39:00+00:00,202.80999755859375,202.80999755859375,202.89999389648438,202.80999755859375,202.88999938964844,15092
2026-04-29 04:40:00+00:00,202.9499969482422,202.9499969482422,202.9499969482422,202.8300018310547,202.85000610351562,21081
2026-04-29 04:41:00+00:00,202.80999755859375,202.80999755859375,202.99000549316406,202.80999755859375,202.97000122070312,24035
2026-04-29 04:42:00+00:00,202.94000244140625,202.94000244140625,202.94000244140625,202.72999572753906,202.75999450683594,22427
2026-04-29 04:43:00+00:00,202.9199981689453,202.9199981689453,202.97000122070312,202.89999389648438,202.94000244140625,19989
2026-04-29 04:44:00+00:00,203.00999450683594,203.00999450683594,203.0500030517578,202.9199981689453,202.9199981689453,26477
2026-04-29 04:45:00+00:00,203.0,203.0,203.0800018310547,202.99000549316406,203.0500030517578,42098
2026-04-29 04:46:00+00:00,202.94000244140625,202.94000244140625,203.0,202.89999389648438,203.0,21919
2026-04-29 04:47:00+00:00,202.92999267578125,202.92999267578125,203.02000427246094,202.92999267578125,202.9499969482422,54659
2026-04-29 04:48:00+00:00,203.0,203.0,203.0,202.91000366210938,202.92999267578125,32524
2026-04-29 04:49:00+00:00,202.8300018310547,202.8300018310547,202.99000549316406,202.8300018310547,202.99000549316406,47752
2026-04-29 04:50:00+00:00,202.75,202.75,202.83999633789062,202.6999969482422,202.8000030517578,54117
2026-04-29 04:51:00+00:00,202.75999450683594,202.75999450683594,202.80999755859375,202.72000122070312,202.80999755859375,22692
2026-04-29 04:52:00+00:00,202.83999633789062,202.83999633789062,202.83999633789062,202.75999450683594,202.75999450683594,5083
2026-04-29 04:53:00+00:00,202.8699951171875,202.8699951171875,202.8699951171875,202.8000030517578,202.8000030517578,21530
2026-04-29 04:54:00+00:00,203.0500030517578,203.0500030517578,203.0500030517578,202.8699951171875,202.8699951171875,24918
2026-04-29 04:55:00+00:00,202.9499969482422,202.9499969482422,203.0500030517578,202.9199981689453,203.0500030517578,19970
2026-04-29 04:56:00+00:00,202.89999389648438,202.89999389648438,202.99000549316406,202.86000061035156,202.99000549316406,21508
2026-04-29 04:57:00+00:00,202.97000122070312,202.97000122070312,202.97000122070312,202.89999389648438,202.89999389648438,15028
2026-04-29 04:58:00+00:00,202.9499969482422,202.9499969482422,202.99000549316406,202.89999389648438,202.99000549316406,12335
2026-04-29 04:59:00+00:00,202.89999389648438,202.89999389648438,202.94000244140625,202.89999389648438,202.94000244140625,11980
2026-04-29 05:00:00+00:00,202.72000122070312,202.72000122070312,202.94000244140625,202.72000122070312,202.94000244140625,45414
2026-04-29 05:01:00+00:00,202.77000427246094,202.77000427246094,202.85000610351562,202.77000427246094,202.77000427246094,16868
2026-04-29 05:02:00+00:00,202.8699951171875,202.8699951171875,202.89999389648438,202.75,202.8000030517578,24954
2026-04-29 05:03:00+00:00,202.8800048828125,202.8800048828125,202.89999389648438,202.8699951171875,202.8800048828125,10343
2026-04-29 05:04:00+00:00,202.75,202.75,202.89999389648438,202.66000366210938,202.89999389648438,14540
2026-04-29 05:05:00+00:00,202.74000549316406,202.74000549316406,202.74000549316406,202.67999267578125,202.74000549316406,7531
2026-04-29 05:06:00+00:00,202.6999969482422,202.6999969482422,202.6999969482422,202.67999267578125,202.67999267578125,15232
2026-04-29 05:07:00+00:00,202.77999877929688,202.77999877929688,202.8000030517578,202.64999389648438,202.69000244140625,33383
2026-04-29 05:08:00+00:00,202.8000030517578,202.8000030517578,202.85000610351562,202.8000030517578,202.8000030517578,20195
2026-04-29 05:09:00+00:00,202.8000030517578,202.8000030517578,202.85000610351562,202.7100067138672,202.8000030517578,27134
2026-04-29 05:10:00+00:00,202.77000427246094,202.77000427246094,202.82000732421875,202.67999267578125,202.7100067138672,23244
2026-04-29 05:11:00+00:00,202.74000549316406,202.74000549316406,202.77000427246094,202.6999969482422,202.77000427246094,18377
2026-04-29 05:12:00+00:00,202.7100067138672,202.7100067138672,202.75,202.6300048828125,202.74000549316406,16770
2026-04-29 05:13:00+00:00,202.61000061035156,202.61000061035156,202.72999572753906,202.57000732421875,202.6999969482422,20602
2026-04-29 05:14:00+00:00,202.58999633789062,202.58999633789062,202.63999938964844,202.55999755859375,202.63999938964844,12496
2026-04-29 05:15:00+00:00,202.5500030517578,202.5500030517578,202.58999633789062,202.52000427246094,202.58999633789062,13199
2026-04-29 05:16:00+00:00,202.3800048828125,202.3800048828125,202.55999755859375,202.3000030517578,202.55999755859375,101288
2026-04-29 05:17:00+00:00,202.41000366210938,202.41000366210938,202.4199981689453,202.35000610351562,202.35000610351562,10800
2026-04-29 05:18:00+00:00,202.55999755859375,202.55999755859375,202.55999755859375,202.4199981689453,202.4199981689453,20658
2026-04-29 05:19:00+00:00,202.55999755859375,202.55999755859375,202.6199951171875,202.50999450683594,202.50999450683594,17552
2026-04-29 05:20:00+00:00,202.60000610351562,202.60000610351562,202.60000610351562,202.55999755859375,202.60000610351562,18906
2026-04-29 05:21:00+00:00,202.63999938964844,202.63999938964844,202.63999938964844,202.5500030517578,202.60000610351562,9508
2026-04-29 05:22:00+00:00,202.5500030517578,202.5500030517578,202.63999938964844,202.5,202.63999938964844,38208
2026-04-29 05:23:00+00:00,202.4199981689453,202.4199981689453,202.5500030517578,202.4199981689453,202.52000427246094,13955
2026-04-29 05:24:00+00:00,202.5,202.5,202.50999450683594,202.4600067138672,202.47999572753906,15467
2026-04-29 05:25:00+00:00,202.44000244140625,202.44000244140625,202.5,202.33999633789062,202.49000549316406,107933
2026-04-29 05:26:00+00:00,202.4600067138672,202.4600067138672,202.50999450683594,202.32000732421875,202.4199981689453,116110
2026-04-29 05:27:00+00:00,202.60000610351562,202.60000610351562,202.6999969482422,202.47000122070312,202.47000122070312,80645
2026-04-29 05:28:00+00:00,202.60000610351562,202.60000610351562,202.6999969482422,202.5,202.64999389648438,81666
2026-04-29 05:29:00+00:00,202.5800018310547,202.5800018310547,202.64999389648438,202.50999450683594,202.61000061035156,32298
2026-04-29 05:30:00+00:00,202.8000030517578,202.8000030517578,202.8699951171875,202.60000610351562,202.60000610351562,57997
2026-04-29 05:31:00+00:00,202.86000061035156,202.86000061035156,202.89999389648438,202.77000427246094,202.8000030517578,25250
2026-04-29 05:32:00+00:00,202.74000549316406,202.74000549316406,202.85000610351562,202.74000549316406,202.8000030517578,21189
2026-04-29 05:33:00+00:00,202.8000030517578,202.8000030517578,202.83999633789062,202.77000427246094,202.8000030517578,27987
2026-04-29 05:34:00+00:00,202.75,202.75,202.80999755859375,202.7100067138672,202.80999755859375,11806
2026-04-29 05:35:00+00:00,202.6699981689453,202.6699981689453,202.6699981689453,202.60000610351562,202.60000610351562,18631
2026-04-29 05:36:00+00:00,202.63999938964844,202.63999938964844,202.6699981689453,202.52000427246094,202.6699981689453,13111
2026-04-29 05:37:00+00:00,202.85000610351562,202.85000610351562,202.85000610351562,202.58999633789062,202.63999938964844,29056
2026-04-29 05:38:00+00:00,202.77999877929688,202.77999877929688,202.85000610351562,202.67999267578125,202.85000610351562,33075
2026-04-29 05:39:00+00:00,202.63999938964844,202.63999938964844,202.77000427246094,202.6199951171875,202.77000427246094,22472
2026-04-29 05:40:00+00:00,202.6699981689453,202.6699981689453,202.6699981689453,202.60000610351562,202.64999389648438,7269
2026-04-29 05:41:00+00:00,202.8000030517578,202.8000030517578,202.8000030517578,202.6699981689453,202.67999267578125,14544
2026-04-29 05:42:00+00:00,202.8000030517578,202.8000030517578,202.83999633789062,202.7100067138672,202.7899932861328,19203
2026-04-29 05:43:00+00:00,202.75,202.75,202.82000732421875,202.7100067138672,202.77000427246094,47595
2026-04-29 05:44:00+00:00,202.60000610351562,202.60000610351562,202.85000610351562,202.5,202.8000030517578,151391
2026-04-29 05:45:00+00:00,202.35000610351562,202.35000610351562,202.6199951171875,202.30999755859375,202.5399932861328,46291
2026-04-29 05:46:00+00:00,202.32000732421875,202.32000732421875,202.50999450683594,202.30999755859375,202.35000610351562,83340
2026-04-29 05:47:00+00:00,202.39999389648438,202.39999389648438,202.52000427246094,202.30999755859375,202.3699951171875,61592
2026-04-29 05:48:00+00:00,202.3800048828125,202.3800048828125,202.52000427246094,202.36000061035156,202.39999389648438,73712
2026-04-29 05:49:00+00:00,202.25,202.25,202.39999389648438,202.1300048828125,202.39999389648438,47039
2026-04-29 05:50:00+00:00,202.2899932861328,202.2899932861328,202.2899932861328,202.2100067138672,202.2899932861328,18190
2026-04-29 05:51:00+00:00,202.30999755859375,202.30999755859375,202.39999389648438,202.22000122070312,202.22000122070312,7294
2026-04-29 05:52:00+00:00,202.35000610351562,202.35000610351562,202.39999389648438,202.3300018310547,202.38999938964844,18493
2026-04-29 05:53:00+00:00,202.22999572753906,202.22999572753906,202.25999450683594,202.1999969482422,202.25999450683594,29506
2026-04-29 05:54:00+00:00,202.1999969482422,202.1999969482422,202.22999572753906,202.10000610351562,202.2100067138672,45939
2026-04-29 05:55:00+00:00,202.27999877929688,202.27999877929688,202.27999877929688,202.1699981689453,202.19000244140625,43796
2026-04-29 05:56:00+00:00,202.1199951171875,202.1199951171875,202.36000061035156,202.1199951171875,202.3000030517578,297001
2026-04-29 05:57:00+00:00,202.3000030517578,202.3000030517578,202.3000030517578,202.14999389648438,202.19000244140625,14753
2026-04-29 05:58:00+00:00,202.19000244140625,202.19000244140625,202.30999755859375,202.19000244140625,202.3000030517578,24728
2026-04-29 05:59:00+00:00,202.11000061035156,202.11000061035156,202.2100067138672,202.10000610351562,202.17999267578125,9861
2026-04-29 06:00:00+00:00,202.0800018310547,202.0800018310547,202.13999938964844,202.05999755859375,202.1199951171875,30016
2026-04-29 06:01:00+00:00,202.1999969482422,202.1999969482422,202.22999572753906,202.05999755859375,202.10000610351562,13535
2026-04-29 06:02:00+00:00,202.10000610351562,202.10000610351562,202.22999572753906,202.10000610351562,202.22999572753906,17359
2026-04-29 06:03:00+00:00,202.2899932861328,202.2899932861328,202.36000061035156,202.13999938964844,202.13999938964844,59167
2026-04-29 06:04:00+00:00,202.3699951171875,202.3699951171875,202.38999938964844,202.27999877929688,202.3300018310547,8824
2026-04-29 06:05:00+00:00,202.3000030517578,202.3000030517578,202.3699951171875,202.1999969482422,202.3699951171875,17647
2026-04-29 06:06:00+00:00,202.17999267578125,202.17999267578125,202.32000732421875,202.14999389648438,202.32000732421875,17765
2026-04-29 06:07:00+00:00,202.1999969482422,202.1999969482422,202.27999877929688,202.17999267578125,202.24000549316406,8994
2026-04-29 06:08:00+00:00,202.2100067138672,202.2100067138672,202.25,202.1999969482422,202.1999969482422,10839
2026-04-29 06:09:00+00:00,202.1999969482422,202.1999969482422,202.27000427246094,202.17999267578125,202.25999450683594,27970
2026-04-29 06:10:00+00:00,202.27000427246094,202.27000427246094,202.2899932861328,202.16000366210938,202.1999969482422,19321
2026-04-29 06:11:00+00:00,202.2899932861328,202.2899932861328,202.3300018310547,202.22000122070312,202.3000030517578,8138
2026-04-29 06:12:00+00:00,202.25999450683594,202.25999450683594,202.2899932861328,202.17999267578125,202.22999572753906,11262
2026-04-29 06:13:00+00:00,202.25999450683594,202.25999450683594,202.27999877929688,202.17999267578125,202.25999450683594,12755
2026-04-29 06:14:00+00:00,202.14999389648438,202.14999389648438,202.25999450683594,202.14999389648438,202.17999267578125,8996
2026-04-29 06:15:00+00:00,202.19000244140625,202.19000244140625,202.2100067138672,202.1199951171875,202.14999389648438,11125
2026-04-29 06:16:00+00:00,202.1999969482422,202.1999969482422,202.1999969482422,202.1199951171875,202.1300048828125,12069
2026-04-29 06:17:00+00:00,202.25,202.25,202.3000030517578,202.1699981689453,202.1699981689453,13342
2026-04-29 06:18:00+00:00,202.22000122070312,202.22000122070312,202.27000427246094,202.1999969482422,202.27000427246094,6770
2026-04-29 06:19:00+00:00,202.25999450683594,202.25999450683594,202.2899932861328,202.22000122070312,202.22000122070312,8281
2026-04-29 06:20:00+00:00,202.27000427246094,202.27000427246094,202.33999633789062,202.27000427246094,202.2899932861328,11759
2026-04-29 06:21:00+00:00,202.4199981689453,202.4199981689453,202.4199981689453,202.27000427246094,202.27999877929688,18187
2026-04-29 06:22:00+00:00,202.32000732421875,202.32000732421875,202.38999938964844,202.3000030517578,202.30999755859375,17298
2026-04-29 06:23:00+00:00,202.35000610351562,202.35000610351562,202.36000061035156,202.30999755859375,202.30999755859375,8632
2026-04-29 06:24:00+00:00,202.1999969482422,202.1999969482422,202.35000610351562,202.1999969482422,202.32000732421875,33913
2026-04-29 06:25:00+00:00,202.14999389648438,202.14999389648438,202.25,202.14999389648438,202.2100067138672,12551
2026-04-29 06:26:00+00:00,202.1699981689453,202.1699981689453,202.22000122070312,202.14999389648438,202.14999389648438,21317
2026-04-29 06:27:00+00:00,202.16000366210938,202.16000366210938,202.24000549316406,202.1300048828125,202.19000244140625,67690
2026-04-29 06:28:00+00:00,202.25,202.25,202.25999450683594,202.14999389648438,202.22999572753906,46358
2026-04-29 06:29:00+00:00,202.25,202.25,202.3699951171875,202.2100067138672,202.2100067138672,43790
2026-04-29 06:30:00+00:00,202.14999389648438,202.14999389648438,202.33999633789062,202.14999389648438,202.33999633789062,36511
2026-04-29 06:31:00+00:00,202.07000732421875,202.07000732421875,202.22999572753906,202.07000732421875,202.14999389648438,27321
2026-04-29 06:32:00+00:00,202.0500030517578,202.0500030517578,202.16000366210938,202.0500030517578,202.16000366210938,23300
2026-04-29 06:33:00+00:00,201.91000366210938,201.91000366210938,202.11000061035156,201.89999389648438,202.11000061035156,140166
2026-04-29 06:34:00+00:00,202.0,202.0,202.0500030517578,201.91000366210938,201.91000366210938,40417
2026-04-29 06:35:00+00:00,201.8800048828125,201.8800048828125,202.0,201.8800048828125,202.0,22191
2026-04-29 06:36:00+00:00,201.8800048828125,201.8800048828125,201.89999389648438,201.8000030517578,201.89999389648438,25440
2026-04-29 06:37:00+00:00,201.8000030517578,201.8000030517578,201.8699951171875,201.75,201.8699951171875,29820
2026-04-29 06:38:00+00:00,201.97000122070312,201.97000122070312,201.97999572753906,201.74000549316406,201.8000030517578,44026
2026-04-29 06:39:00+00:00,201.94000244140625,201.94000244140625,201.97999572753906,201.89999389648438,201.9600067138672,25342
2026-04-29 06:40:00+00:00,202.02000427246094,202.02000427246094,202.02000427246094,201.94000244140625,201.94000244140625,22523
2026-04-29 06:41:00+00:00,202.02000427246094,202.02000427246094,202.10000610351562,202.02000427246094,202.02000427246094,35628
2026-04-29 06:42:00+00:00,202.02000427246094,202.02000427246094,202.10000610351562,201.89999389648438,202.10000610351562,34561
2026-04-29 06:43:00+00:00,201.97999572753906,201.97999572753906,202.02000427246094,201.89999389648438,201.99000549316406,11767
2026-04-29 06:44:00+00:00,201.99000549316406,201.99000549316406,202.0,201.9499969482422,201.97999572753906,18418
2026-04-29 06:45:00+00:00,201.8800048828125,201.8800048828125,201.97999572753906,201.80999755859375,201.89999389648438,37876
2026-04-29 06:46:00+00:00,201.9499969482422,201.9499969482422,201.9600067138672,201.91000366210938,201.94000244140625,19734
2026-04-29 06:47:00+00:00,201.9499969482422,201.9499969482422,201.97000122070312,201.88999938964844,201.9499969482422,15115
2026-04-29 06:48:00+00:00,202.0,202.0,202.0,201.99000549316406,202.0,20663
2026-04-29 06:49:00+00:00,201.9600067138672,201.9600067138672,202.0,201.9499969482422,201.99000549316406,26357
2026-04-29 06:50:00+00:00,201.82000732421875,201.82000732421875,201.9600067138672,201.80999755859375,201.9600067138672,56543
2026-04-29 06:51:00+00:00,201.99000549316406,201.99000549316406,201.99000549316406,201.80999755859375,201.82000732421875,44080
2026-04-29 06:52:00+00:00,201.8699951171875,201.8699951171875,201.9499969482422,201.83999633789062,201.9199981689453,17401
2026-04-29 06:53:00+00:00,202.0,202.0,202.00999450683594,201.83999633789062,201.94000244140625,30987
2026-04-29 06:54:00+00:00,201.92999267578125,201.92999267578125,202.0,201.92999267578125,201.99000549316406,5914
2026-04-29 06:55:00+00:00,202.0,202.0,202.0,201.94000244140625,201.94000244140625,3324
2026-04-29 06:56:00+00:00,202.0,202.0,202.05999755859375,201.97000122070312,201.97000122070312,17491
2026-04-29 06:57:00+00:00,201.97999572753906,201.97999572753906,202.0,201.89999389648438,202.0,23593
2026-04-29 06:58:00+00:00,202.0,202.0,202.0,201.97000122070312,201.97000122070312,13941
2026-04-29 06:59:00+00:00,202.0,202.0,202.02999877929688,201.9600067138672,202.02999877929688,7130
2026-04-29 07:00:00+00:00,201.99000549316406,201.99000549316406,202.07000732421875,201.97000122070312,202.0,13359
2026-04-29 07:01:00+00:00,202.0,202.0,202.00999450683594,201.97999572753906,201.97999572753906,13841
2026-04-29 07:02:00+00:00,202.00999450683594,202.00999450683594,202.0500030517578,202.0,202.0,9749
2026-04-29 07:03:00+00:00,202.02000427246094,202.02000427246094,202.0800018310547,202.00999450683594,202.00999450683594,16116
2026-04-29 07:04:00+00:00,202.10000610351562,202.10000610351562,202.2100067138672,202.0,202.02000427246094,54055
2026-04-29 07:05:00+00:00,202.13999938964844,202.13999938964844,202.1699981689453,202.08999633789062,202.14999389648438,15464
2026-04-29 07:06:00+00:00,202.1199951171875,202.1199951171875,202.14999389648438,202.0399932861328,202.11000061035156,20140
2026-04-29 07:07:00+00:00,202.08999633789062,202.08999633789062,202.11000061035156,202.02000427246094,202.11000061035156,11817
2026-04-29 07:08:00+00:00,202.13999938964844,202.13999938964844,202.17999267578125,202.08999633789062,202.08999633789062,16646
2026-04-29 07:09:00+00:00,202.11000061035156,202.11000061035156,202.17999267578125,202.11000061035156,202.13999938964844,13001
2026-04-29 07:10:00+00:00,202.08999633789062,202.08999633789062,202.14999389648438,202.08999633789062,202.1199951171875,14597
2026-04-29 07:11:00+00:00,202.10000610351562,202.10000610351562,202.1199951171875,202.05999755859375,202.11000061035156,28477
2026-04-29 07:12:00+00:00,202.00999450683594,202.00999450683594,202.1199951171875,202.0,202.10000610351562,20654
2026-04-29 07:13:00+00:00,202.0399932861328,202.0399932861328,202.0800018310547,202.0,202.05999755859375,14268
2026-04-29 07:14:00+00:00,202.02000427246094,202.02000427246094,202.05999755859375,202.0,202.05999755859375,25576
2026-04-29 07:15:00+00:00,202.0500030517578,202.0500030517578,202.0800018310547,202.0,202.02999877929688,19015
2026-04-29 07:16:00+00:00,202.08999633789062,202.08999633789062,202.08999633789062,202.0,202.0800018310547,11434
2026-04-29 07:17:00+00:00,202.02000427246094,202.02000427246094,202.08999633789062,202.00999450683594,202.08999633789062,20685
2026-04-29 07:18:00+00:00,202.0399932861328,202.0399932861328,202.10000610351562,202.02000427246094,202.02000427246094,27356
2026-04-29 07:19:00+00:00,202.0,202.0,202.13999938964844,202.0,202.05999755859375,35544
2026-04-29 07:20:00+00:00,202.02999877929688,202.02999877929688,202.10000610351562,201.99000549316406,201.99000549316406,21159
2026-04-29 07:21:00+00:00,202.0500030517578,202.0500030517578,202.10000610351562,202.02000427246094,202.08999633789062,21111
2026-04-29 07:22:00+00:00,202.08999633789062,202.08999633789062,202.1300048828125,202.02999877929688,202.02999877929688,20681
2026-04-29 07:23:00+00:00,202.0500030517578,202.0500030517578,202.1300048828125,202.0500030517578,202.07000732421875,32830
2026-04-29 07:24:00+00:00,202.0500030517578,202.0500030517578,202.0500030517578,202.00999450683594,202.0500030517578,21806
2026-04-29 07:25:00+00:00,202.02999877929688,202.02999877929688,202.02999877929688,201.97999572753906,202.0,21168
2026-04-29 07:26:00+00:00,202.0,202.0,202.0399932861328,202.0,202.00999450683594,11821
2026-04-29 07:27:00+00:00,202.00999450683594,202.00999450683594,202.0399932861328,201.9600067138672,202.0399932861328,14454
2026-04-29 07:28:00+00:00,201.97000122070312,201.97000122070312,202.00999450683594,201.97000122070312,202.0,13276
2026-04-29 07:29:00+00:00,202.02999877929688,202.02999877929688,202.02999877929688,201.9600067138672,201.99000549316406,16556
2026-04-29 07:30:00+00:00,202.02999877929688,202.02999877929688,202.0399932861328,202.0,202.00999450683594,6340
2026-04-29 07:31:00+00:00,202.0500030517578,202.0500030517578,202.0500030517578,202.0,202.0,12814
2026-04-29 07:32:00+00:00,202.02000427246094,202.02000427246094,202.07000732421875,202.02000427246094,202.0500030517578,17435
2026-04-29 07:33:00+00:00,201.9600067138672,201.9600067138672,202.00999450683594,201.9600067138672,202.00999450683594,19325
2026-04-29 07:34:00+00:00,201.97999572753906,201.97999572753906,202.0,201.97000122070312,202.0,8370
2026-04-29 07:35:00+00:00,201.92999267578125,201.92999267578125,202.0,201.92999267578125,201.97999572753906,46142
2026-04-29 07:36:00+00:00,201.97999572753906,201.97999572753906,202.00999450683594,201.92999267578125,201.94000244140625,12598
2026-04-29 07:37:00+00:00,201.97000122070312,201.97000122070312,202.0,201.97000122070312,202.0,18539
2026-04-29 07:38:00+00:00,202.02999877929688,202.02999877929688,202.02999877929688,201.92999267578125,201.97999572753906,26568
2026-04-29 07:39:00+00:00,202.0,202.0,202.0800018310547,201.92999267578125,202.0,78689
2026-04-29 07:40:00+00:00,202.0,202.0,202.00999450683594,201.92999267578125,202.0,10589
2026-04-29 07:41:00+00:00,201.9499969482422,201.9499969482422,202.00999450683594,201.94000244140625,202.0,16864
2026-04-29 07:42:00+00:00,201.80999755859375,201.80999755859375,201.97999572753906,201.75999450683594,201.92999267578125,69423
2026-04-29 07:43:00+00:00,201.91000366210938,201.91000366210938,201.94000244140625,201.75999450683594,201.75999450683594,45034
2026-04-29 07:44:00+00:00,201.82000732421875,201.82000732421875,201.94000244140625,201.82000732421875,201.9199981689453,8932
2026-04-29 07:45:00+00:00,201.85000610351562,201.85000610351562,201.89999389648438,201.83999633789062,201.89999389648438,14962
2026-04-29 07:46:00+00:00,201.8300018310547,201.8300018310547,201.85000610351562,201.75,201.85000610351562,128348
2026-04-29 07:47:00+00:00,201.80999755859375,201.80999755859375,201.8300018310547,201.77000427246094,201.8300018310547,13307
2026-04-29 07:48:00+00:00,201.89999389648438,201.89999389648438,201.89999389648438,201.80999755859375,201.80999755859375,28275
2026-04-29 07:49:00+00:00,201.99000549316406,201.99000549316406,202.0,201.89999389648438,201.89999389648438,15401
2026-04-29 07:50:00+00:00,201.8800048828125,201.8800048828125,202.0500030517578,201.8800048828125,201.99000549316406,37002
2026-04-29 07:51:00+00:00,201.9499969482422,201.9499969482422,201.9600067138672,201.89999389648438,201.89999389648438,19199
2026-04-29 07:52:00+00:00,201.8800048828125,201.8800048828125,201.9600067138672,201.8300018310547,201.9499969482422,11948
2026-04-29 07:53:00+00:00,201.8699951171875,201.8699951171875,201.88999938964844,201.8000030517578,201.88999938964844,15417
2026-04-29 07:54:00+00:00,201.7899932861328,201.7899932861328,201.86000061035156,201.77999877929688,201.86000061035156,20868
2026-04-29 07:55:00+00:00,201.82000732421875,201.82000732421875,201.8300018310547,201.77999877929688,201.77999877929688,11599
2026-04-29 07:56:00+00:00,201.8800048828125,201.8800048828125,201.91000366210938,201.80999755859375,201.82000732421875,31949
2026-04-29 07:57:00+00:00,201.85000610351562,201.85000610351562,201.8800048828125,201.80999755859375,201.8800048828125,23015
2026-04-29 07:58:00+00:00,201.7899932861328,201.7899932861328,201.8800048828125,201.7899932861328,201.86000061035156,13590
2026-04-29 07:59:00+00:00,201.75999450683594,201.75999450683594,201.83999633789062,201.7100067138672,201.7899932861328,16063
2026-04-29 08:00:00+00:00,201.72000122070312,201.72000122070312,201.7899932861328,201.64999389648438,201.64999389648438,30463
2026-04-29 08:01:00+00:00,201.67999267578125,201.67999267578125,201.72999572753906,201.63999938964844,201.72000122070312,21442
2026-04-29 08:02:00+00:00,201.64999389648438,201.64999389648438,201.6699981689453,201.6199951171875,201.63999938964844,12337
2026-04-29 08:03:00+00:00,201.67999267578125,201.67999267578125,201.67999267578125,201.64999389648438,201.64999389648438,20215
2026-04-29 08:04:00+00:00,201.64999389648438,201.64999389648438,201.6999969482422,201.60000610351562,201.6999969482422,63660
2026-04-29 08:05:00+00:00,201.52999877929688,201.52999877929688,201.66000366210938,201.52000427246094,201.63999938964844,40896
2026-04-29 08:06:00+00:00,201.5,201.5,201.52999877929688,201.39999389648438,201.52999877929688,94384
2026-04-29 08:07:00+00:00,201.49000549316406,201.49000549316406,201.5,201.4499969482422,201.5,30741
2026-04-29 08:08:00+00:00,201.25,201.25,201.47999572753906,201.25,201.4600067138672,61101
2026-04-29 08:09:00+00:00,201.35000610351562,201.35000610351562,201.35000610351562,201.25999450683594,201.33999633789062,30481
2026-04-29 08:10:00+00:00,201.22000122070312,201.22000122070312,201.35000610351562,201.2100067138672,201.2899932861328,40480
2026-04-29 08:11:00+00:00,201.1999969482422,201.1999969482422,201.2899932861328,201.1999969482422,201.2899932861328,44485
2026-04-29 08:12:00+00:00,201.22999572753906,201.22999572753906,201.22999572753906,201.14999389648438,201.1999969482422,53843
2026-04-29 08:13:00+00:00,201.30999755859375,201.30999755859375,201.36000061035156,201.24000549316406,201.2899932861328,38254
2026-04-29 08:14:00+00:00,201.32000732421875,201.32000732421875,201.38999938964844,201.30999755859375,201.35000610351562,35332
2026-04-29 08:15:00+00:00,201.3300018310547,201.3300018310547,201.38999938964844,201.3000030517578,201.38999938964844,19672
2026-04-29 08:16:00+00:00,201.3699951171875,201.3699951171875,201.3800048828125,201.27999877929688,201.33999633789062,27270
2026-04-29 08:17:00+00:00,201.47999572753906,201.47999572753906,201.5,201.38999938964844,201.38999938964844,33330
2026-04-29 08:18:00+00:00,201.41000366210938,201.41000366210938,201.47999572753906,201.39999389648438,201.4600067138672,17705
2026-04-29 08:19:00+00:00,201.4499969482422,201.4499969482422,201.4499969482422,201.4199981689453,201.42999267578125,16520
2026-04-29 08:20:00+00:00,201.4199981689453,201.4199981689453,201.49000549316406,201.4199981689453,201.42999267578125,13031
2026-04-29 08:21:00+00:00,201.41000366210938,201.41000366210938,201.4600067138672,201.39999389648438,201.39999389648438,10926
2026-04-29 08:22:00+00:00,201.47999572753906,201.47999572753906,201.47999572753906,201.41000366210938,201.41000366210938,4093
2026-04-29 08:23:00+00:00,201.4199981689453,201.4199981689453,201.49000549316406,201.39999389648438,201.4199981689453,16662
2026-04-29 08:24:00+00:00,201.41000366210938,201.41000366210938,201.42999267578125,201.35000610351562,201.39999389648438,20042
2026-04-29 08:25:00+00:00,201.41000366210938,201.41000366210938,201.41000366210938,201.3800048828125,201.3800048828125,10828
2026-04-29 08:26:00+00:00,201.4499969482422,201.4499969482422,201.47999572753906,201.39999389648438,201.41000366210938,18305
2026-04-29 08:27:00+00:00,201.25999450683594,201.25999450683594,201.4499969482422,201.25999450683594,201.44000244140625,65499
2026-04-29 08:28:00+00:00,201.3800048828125,201.3800048828125,201.3800048828125,201.27000427246094,201.35000610351562,42120
2026-04-29 08:29:00+00:00,201.33999633789062,201.33999633789062,201.3800048828125,201.3000030517578,201.32000732421875,10238
2026-04-29 08:30:00+00:00,201.27000427246094,201.27000427246094,201.3000030517578,201.25999450683594,201.3000030517578,22308
2026-04-29 08:31:00+00:00,201.25999450683594,201.25999450683594,201.3000030517578,201.24000549316406,201.27999877929688,31077
2026-04-29 08:32:00+00:00,201.10000610351562,201.10000610351562,201.25999450683594,201.0800018310547,201.25999450683594,138657
2026-04-29 08:33:00+00:00,200.99000549316406,200.99000549316406,201.10000610351562,200.91000366210938,201.10000610351562,255984
2026-04-29 08:34:00+00:00,200.82000732421875,200.82000732421875,200.97000122070312,200.8000030517578,200.97000122070312,70479
2026-04-29 08:35:00+00:00,200.83999633789062,200.83999633789062,200.92999267578125,200.8000030517578,200.85000610351562,59952
2026-04-29 08:36:00+00:00,201.05999755859375,201.05999755859375,201.05999755859375,200.85000610351562,200.8800048828125,50543
2026-04-29 08:37:00+00:00,200.9600067138672,200.9600067138672,201.02999877929688,200.9600067138672,201.00999450683594,31696
2026-04-29 08:38:00+00:00,200.91000366210938,200.91000366210938,200.97000122070312,200.89999389648438,200.92999267578125,35385
2026-04-29 08:39:00+00:00,200.8800048828125,200.8800048828125,200.91000366210938,200.82000732421875,200.91000366210938,19452
2026-04-29 08:40:00+00:00,200.8699951171875,200.8699951171875,200.89999389648438,200.8699951171875,200.88999938964844,35844
2026-04-29 08:41:00+00:00,200.91000366210938,200.91000366210938,200.9199981689453,200.89999389648438,200.91000366210938,33976
2026-04-29 08:42:00+00:00,200.8699951171875,200.8699951171875,200.97999572753906,200.82000732421875,200.91000366210938,52724
2026-04-29 08:43:00+00:00,200.8300018310547,200.8300018310547,200.86000061035156,200.8000030517578,200.86000061035156,35086
2026-04-29 08:44:00+00:00,200.97999572753906,200.97999572753906,200.97999572753906,200.8300018310547,200.8699951171875,34221
2026-04-29 08:45:00+00:00,200.99000549316406,200.99000549316406,201.02999877929688,200.91000366210938,200.97999572753906,39713
2026-04-29 08:46:00+00:00,201.0,201.0,201.05999755859375,201.0,201.02000427246094,23382
2026-04-29 08:47:00+00:00,201.0500030517578,201.0500030517578,201.05999755859375,201.02999877929688,201.02999877929688,24692
2026-04-29 08:48:00+00:00,201.05999755859375,201.05999755859375,201.10000610351562,201.0399932861328,201.05999755859375,35258
2026-04-29 08:49:00+00:00,200.97999572753906,200.97999572753906,201.02999877929688,200.91000366210938,201.0,24141
2026-04-29 08:50:00+00:00,200.97000122070312,200.97000122070312,201.0,200.9499969482422,201.0,43332
2026-04-29 08:51:00+00:00,200.9499969482422,200.9499969482422,200.9600067138672,200.94000244140625,200.9600067138672,19246
2026-04-29 08:52:00+00:00,200.9600067138672,200.9600067138672,200.99000549316406,200.91000366210938,200.9499969482422,50907
2026-04-29 08:53:00+00:00,200.9600067138672,200.9600067138672,201.05999755859375,200.9600067138672,200.9600067138672,50778
2026-04-29 08:54:00+00:00,201.00999450683594,201.00999450683594,201.05999755859375,200.9600067138672,200.9600067138672,18741
2026-04-29 08:55:00+00:00,201.02000427246094,201.02000427246094,201.0500030517578,201.00999450683594,201.02000427246094,21219
2026-04-29 08:56:00+00:00,201.05999755859375,201.05999755859375,201.05999755859375,201.02999877929688,201.02999877929688,14373
2026-04-29 08:57:00+00:00,200.97999572753906,200.97999572753906,201.05999755859375,200.97999572753906,201.05999755859375,27177
2026-04-29 08:58:00+00:00,200.99000549316406,200.99000549316406,201.0,200.97000122070312,200.97999572753906,25683
2026-04-29 08:59:00+00:00,200.9499969482422,200.9499969482422,200.99000549316406,200.92999267578125,200.97000122070312,14702
2026-04-29 09:00:00+00:00,200.85000610351562,200.85000610351562,200.97999572753906,200.8300018310547,200.9499969482422,72348
2026-04-29 09:01:00+00:00,200.9199981689453,200.9199981689453,200.92999267578125,200.88999938964844,200.88999938964844,65476
2026-04-29 09:02:00+00:00,200.97999572753906,200.97999572753906,200.97999572753906,200.8800048828125,200.8800048828125,30786
2026-04-29 09:03:00+00:00,200.9600067138672,200.9600067138672,200.97999572753906,200.91000366210938,200.97999572753906,26302
2026-04-29 09:04:00+00:00,201.05999755859375,201.05999755859375,201.05999755859375,200.9600067138672,200.9600067138672,37740
2026-04-29 09:05:00+00:00,200.97999572753906,200.97999572753906,201.05999755859375,200.9499969482422,201.05999755859375,21890
2026-04-29 09:06:00+00:00,201.02000427246094,201.02000427246094,201.02000427246094,200.94000244140625,200.9499969482422,23047
2026-04-29 09:07:00+00:00,201.00999450683594,201.00999450683594,201.05999755859375,200.97999572753906,201.0500030517578,7965
2026-04-29 09:08:00+00:00,201.0399932861328,201.0399932861328,201.0500030517578,201.02000427246094,201.02000427246094,16861
2026-04-29 09:09:00+00:00,201.02999877929688,201.02999877929688,201.0500030517578,201.00999450683594,201.0399932861328,24136
2026-04-29 09:10:00+00:00,201.02999877929688,201.02999877929688,201.02999877929688,201.0,201.0,10382
2026-04-29 09:11:00+00:00,201.05999755859375,201.05999755859375,201.07000732421875,201.02999877929688,201.02999877929688,10612
2026-04-29 09:12:00+00:00,201.1199951171875,201.1199951171875,201.1199951171875,201.05999755859375,201.07000732421875,32797
2026-04-29 09:13:00+00:00,201.10000610351562,201.10000610351562,201.14999389648438,201.10000610351562,201.1199951171875,43607
2026-04-29 09:14:00+00:00,201.17999267578125,201.17999267578125,201.17999267578125,201.11000061035156,201.1199951171875,25418
2026-04-29 09:15:00+00:00,201.17999267578125,201.17999267578125,201.24000549316406,201.16000366210938,201.1999969482422,34921
2026-04-29 09:16:00+00:00,201.13999938964844,201.13999938964844,201.2100067138672,201.1199951171875,201.17999267578125,18017
2026-04-29 09:17:00+00:00,201.1199951171875,201.1199951171875,201.1699981689453,201.10000610351562,201.16000366210938,20457
2026-04-29 09:18:00+00:00,201.10000610351562,201.10000610351562,201.13999938964844,201.0500030517578,201.1199951171875,56869
2026-04-29 09:19:00+00:00,201.00999450683594,201.00999450683594,201.08999633789062,201.0,201.02000427246094,106820
2026-04-29 09:20:00+00:00,201.0,201.0,201.07000732421875,200.94000244140625,201.05999755859375,17601
2026-04-29 09:21:00+00:00,201.0,201.0,201.05999755859375,201.0,201.00999450683594,23313
2026-04-29 09:22:00+00:00,201.02999877929688,201.02999877929688,201.0500030517578,201.0,201.0,17667
2026-04-29 09:23:00+00:00,201.05999755859375,201.05999755859375,201.05999755859375,201.0500030517578,201.0500030517578,34086
2026-04-29 09:24:00+00:00,201.02000427246094,201.02000427246094,201.05999755859375,201.02000427246094,201.05999755859375,28166
2026-04-29 09:25:00+00:00,201.0,201.0,201.0399932861328,201.0,201.00999450683594,23656
2026-04-29 09:26:00+00:00,200.94000244140625,200.94000244140625,200.99000549316406,200.89999389648438,200.99000549316406,28478
2026-04-29 09:27:00+00:00,200.89999389648438,200.89999389648438,200.9499969482422,200.8699951171875,200.94000244140625,42351
2026-04-29 09:28:00+00:00,200.8300018310547,200.8300018310547,200.91000366210938,200.8300018310547,200.91000366210938,19949
2026-04-29 09:29:00+00:00,200.8800048828125,200.8800048828125,200.8800048828125,200.83999633789062,200.86000061035156,21888
2026-04-29 09:30:00+00:00,201.02000427246094,201.02000427246094,201.02000427246094,200.85000610351562,200.85000610351562,85863
2026-04-29 09:31:00+00:00,200.99000549316406,200.99000549316406,201.00999450683594,200.9499969482422,201.00999450683594,61584
2026-04-29 09:32:00+00:00,200.9199981689453,200.9199981689453,200.9600067138672,200.9199981689453,200.9499969482422,46530
2026-04-29 09:33:00+00:00,200.9199981689453,200.9199981689453,200.94000244140625,200.89999389648438,200.92999267578125,33443
2026-04-29 09:34:00+00:00,200.8300018310547,200.8300018310547,200.89999389648438,200.80999755859375,200.88999938964844,104658
2026-04-29 09:35:00+00:00,200.80999755859375,200.80999755859375,200.83999633789062,200.8000030517578,200.8300018310547,47596
2026-04-29 09:36:00+00:00,200.75999450683594,200.75999450683594,200.82000732421875,200.75999450683594,200.80999755859375,98488
2026-04-29 09:37:00+00:00,200.75999450683594,200.75999450683594,200.7899932861328,200.75,200.75,43783
2026-04-29 09:38:00+00:00,200.85000610351562,200.85000610351562,200.86000061035156,200.75999450683594,200.77000427246094,147244
2026-04-29 09:39:00+00:00,200.8000030517578,200.8000030517578,200.82000732421875,200.75999450683594,200.82000732421875,106299
2026-04-29 09:40:00+00:00,200.72999572753906,200.72999572753906,200.8000030517578,200.72999572753906,200.8000030517578,80723
2026-04-29 09:41:00+00:00,200.6999969482422,200.6999969482422,200.74000549316406,200.6999969482422,200.72000122070312,72132
2026-04-29 09:42:00+00:00,200.67999267578125,200.67999267578125,200.72999572753906,200.67999267578125,200.6999969482422,67531
2026-04-29 09:43:00+00:00,200.60000610351562,200.60000610351562,200.66000366210938,200.5399932861328,200.66000366210938,79700
2026-04-29 09:44:00+00:00,200.52000427246094,200.52000427246094,200.61000061035156,200.50999450683594,200.61000061035156,110756
2026-04-29 09:45:00+00:00,200.5399932861328,200.5399932861328,200.5500030517578,200.5,200.5399932861328,80863
2026-04-29 09:46:00+00:00,200.44000244140625,200.44000244140625,200.5399932861328,200.44000244140625,200.5399932861328,120159
2026-04-29 09:47:00+00:00,200.39999389648438,200.39999389648438,200.47999572753906,200.39999389648438,200.4499969482422,84094
2026-04-29 09:48:00+00:00,200.35000610351562,200.35000610351562,200.4499969482422,200.30999755859375,200.39999389648438,67021
2026-04-29 09:49:00+00:00,200.5800018310547,200.5800018310547,200.5800018310547,200.3800048828125,200.3800048828125,77650
2026-04-29 09:50:00+00:00,200.61000061035156,200.61000061035156,200.6300048828125,200.57000732421875,200.6300048828125,164037
2026-04-29 09:51:00+00:00,200.63999938964844,200.63999938964844,200.63999938964844,200.61000061035156,200.61000061035156,91810
2026-04-29 09:52:00+00:00,200.63999938964844,200.63999938964844,200.63999938964844,200.60000610351562,200.63999938964844,71133
2026-04-29 09:53:00+00:00,200.6699981689453,200.6699981689453,200.7899932861328,200.6300048828125,200.6300048828125,229950
2026-04-29 09:54:00+00:00,200.61000061035156,200.61000061035156,200.77999877929688,200.58999633789062,200.66000366210938,449391
2026-04-29 09:55:00+00:00,200.52999877929688,200.52999877929688,200.66000366210938,200.50999450683594,200.60000610351562,74521
2026-04-29 09:56:00+00:00,200.5500030517578,200.5500030517578,200.55999755859375,200.52000427246094,200.52999877929688,57345
2026-04-29 09:57:00+00:00,200.60000610351562,200.60000610351562,200.6699981689453,200.52999877929688,200.5399932861328,169781
2026-04-29 09:58:00+00:00,200.57000732421875,200.57000732421875,200.67999267578125,200.52999877929688,200.6199951171875,86767
2026-04-29 09:59:00+00:00,200.97000122070312,200.97000122070312,201.0,200.5500030517578,200.6999969482422,270714
2026-04-30 03:45:00+00:00,201.75,201.75,201.77999877929688,200.74000549316406,200.74000549316406,0
2026-04-30 03:46:00+00:00,200.99000549316406,200.99000549316406,201.3000030517578,200.91000366210938,201.25,105542
2026-04-30 03:47:00+00:00,200.9199981689453,200.9199981689453,200.9199981689453,200.67999267578125,200.80999755859375,134114
2026-04-30 03:48:00+00:00,200.60000610351562,200.60000610351562,201.13999938964844,200.60000610351562,201.13999938964844,98162
2026-04-30 03:49:00+00:00,200.63999938964844,200.63999938964844,200.66000366210938,200.41000366210938,200.66000366210938,146359
2026-04-30 03:50:00+00:00,200.77000427246094,200.77000427246094,200.99000549316406,200.77000427246094,200.83999633789062,57584
2026-04-30 03:51:00+00:00,200.4499969482422,200.4499969482422,200.8000030517578,200.4499969482422,200.8000030517578,58071
2026-04-30 03:52:00+00:00,200.27999877929688,200.27999877929688,200.47999572753906,200.27999877929688,200.47999572753906,49014
2026-04-30 03:53:00+00:00,200.44000244140625,200.44000244140625,200.5500030517578,200.42999267578125,200.44000244140625,44476
2026-04-30 03:54:00+00:00,200.27000427246094,200.27000427246094,200.44000244140625,200.25,200.44000244140625,43582
2026-04-30 03:55:00+00:00,200.10000610351562,200.10000610351562,200.2899932861328,200.10000610351562,200.2899932861328,68134
2026-04-30 03:56:00+00:00,200.3300018310547,200.3300018310547,200.3300018310547,200.08999633789062,200.19000244140625,48655
2026-04-30 03:57:00+00:00,200.4199981689453,200.4199981689453,200.4600067138672,200.35000610351562,200.3800048828125,30364
2026-04-30 03:58:00+00:00,200.58999633789062,200.58999633789062,200.60000610351562,200.38999938964844,200.41000366210938,29463
2026-04-30 03:59:00+00:00,200.4499969482422,200.4499969482422,200.5500030517578,200.4499969482422,200.5500030517578,45119
2026-04-30 04:00:00+00:00,200.75999450683594,200.75999450683594,200.8000030517578,200.52999877929688,200.52999877929688,29550
2026-04-30 04:01:00+00:00,201.07000732421875,201.07000732421875,201.13999938964844,200.7100067138672,200.75999450683594,79316
2026-04-30 04:02:00+00:00,201.69000244140625,201.69000244140625,201.69000244140625,201.19000244140625,201.19000244140625,68909
2026-04-30 04:03:00+00:00,201.6999969482422,201.6999969482422,201.8000030517578,201.6199951171875,201.75,93931
2026-04-30 04:04:00+00:00,201.89999389648438,201.89999389648438,201.89999389648438,201.6699981689453,201.67999267578125,223249
2026-04-30 04:05:00+00:00,201.75,201.75,201.8699951171875,201.6199951171875,201.8699951171875,173299
2026-04-30 04:06:00+00:00,202.02999877929688,202.02999877929688,202.02999877929688,201.7100067138672,201.77000427246094,118495
2026-04-30 04:07:00+00:00,201.89999389648438,201.89999389648438,202.13999938964844,201.89999389648438,202.11000061035156,51954
2026-04-30 04:08:00+00:00,201.92999267578125,201.92999267578125,201.97000122070312,201.8000030517578,201.89999389648438,119314
2026-04-30 04:09:00+00:00,202.02000427246094,202.02000427246094,202.02000427246094,201.92999267578125,201.92999267578125,61367
2026-04-30 04:10:00+00:00,201.97000122070312,201.97000122070312,201.97999572753906,201.75,201.8800048828125,43163
2026-04-30 04:11:00+00:00,202.0500030517578,202.0500030517578,202.0500030517578,201.8699951171875,201.92999267578125,45818
2026-04-30 04:12:00+00:00,201.89999389648438,201.89999389648438,201.99000549316406,201.8800048828125,201.91000366210938,59205
2026-04-30 04:13:00+00:00,201.6999969482422,201.6999969482422,201.86000061035156,201.6999969482422,201.86000061035156,105739
2026-04-30 04:14:00+00:00,201.75999450683594,201.75999450683594,201.75999450683594,201.6699981689453,201.7100067138672,69311
2026-04-30 04:15:00+00:00,201.77000427246094,201.77000427246094,201.77999877929688,201.67999267578125,201.72999572753906,23319
2026-04-30 04:16:00+00:00,201.77000427246094,201.77000427246094,201.83999633789062,201.67999267578125,201.72000122070312,30717
2026-04-30 04:17:00+00:00,201.72000122070312,201.72000122070312,201.83999633789062,201.72000122070312,201.83999633789062,16390
2026-04-30 04:18:00+00:00,201.6699981689453,201.6699981689453,201.72000122070312,201.58999633789062,201.72000122070312,39143
2026-04-30 04:19:00+00:00,201.66000366210938,201.66000366210938,201.69000244140625,201.60000610351562,201.67999267578125,41667
2026-04-30 04:20:00+00:00,201.69000244140625,201.69000244140625,201.69000244140625,201.57000732421875,201.64999389648438,56783
2026-04-30 04:21:00+00:00,201.8000030517578,201.8000030517578,201.85000610351562,201.63999938964844,201.77000427246094,89912
2026-04-30 04:22:00+00:00,201.89999389648438,201.89999389648438,202.0,201.75999450683594,201.83999633789062,90906
2026-04-30 04:23:00+00:00,202.0,202.0,202.0399932861328,201.85000610351562,201.89999389648438,56583
2026-04-30 04:24:00+00:00,201.9199981689453,201.9199981689453,202.08999633789062,201.9199981689453,202.0,55579
2026-04-30 04:25:00+00:00,201.77999877929688,201.77999877929688,201.9199981689453,201.77999877929688,201.9199981689453,21567
2026-04-30 04:26:00+00:00,201.77000427246094,201.77000427246094,201.8699951171875,201.75999450683594,201.85000610351562,38315
2026-04-30 04:27:00+00:00,201.72999572753906,201.72999572753906,201.8000030517578,201.72999572753906,201.72999572753906,13548
2026-04-30 04:28:00+00:00,201.72999572753906,201.72999572753906,201.8000030517578,201.64999389648438,201.64999389648438,29492
2026-04-30 04:29:00+00:00,201.7899932861328,201.7899932861328,201.8699951171875,201.6999969482422,201.6999969482422,12608
2026-04-30 04:30:00+00:00,201.61000061035156,201.61000061035156,201.7899932861328,201.5399932861328,201.7899932861328,64967
2026-04-30 04:31:00+00:00,201.4499969482422,201.4499969482422,201.60000610351562,201.4499969482422,201.5800018310547,47196
2026-04-30 04:32:00+00:00,201.4600067138672,201.4600067138672,201.5500030517578,201.39999389648438,201.5,35643
2026-04-30 04:33:00+00:00,201.41000366210938,201.41000366210938,201.47999572753906,201.32000732421875,201.39999389648438,26505
2026-04-30 04:34:00+00:00,201.1999969482422,201.1999969482422,201.41000366210938,201.1999969482422,201.41000366210938,53264
2026-04-30 04:35:00+00:00,201.2899932861328,201.2899932861328,201.2899932861328,201.05999755859375,201.16000366210938,41395
2026-04-30 04:36:00+00:00,201.25999450683594,201.25999450683594,201.39999389648438,201.1999969482422,201.27999877929688,16916
2026-04-30 04:37:00+00:00,201.24000549316406,201.24000549316406,201.2899932861328,201.1699981689453,201.2899932861328,12143
2026-04-30 04:38:00+00:00,201.1999969482422,201.1999969482422,201.25,201.05999755859375,201.25,16208
2026-04-30 04:39:00+00:00,201.0399932861328,201.0399932861328,201.1999969482422,201.0399932861328,201.1999969482422,19271
2026-04-30 04:40:00+00:00,200.97999572753906,200.97999572753906,201.0800018310547,200.85000610351562,200.89999389648438,113608
2026-04-30 04:41:00+00:00,201.00999450683594,201.00999450683594,201.07000732421875,200.9199981689453,200.97999572753906,21949
2026-04-30 04:42:00+00:00,200.9499969482422,200.9499969482422,201.0399932861328,200.92999267578125,201.0399932861328,20908
2026-04-30 04:43:00+00:00,201.0,201.0,201.0399932861328,200.9499969482422,201.02000427246094,17395
2026-04-30 04:44:00+00:00,201.0,201.0,201.05999755859375,200.97999572753906,201.0,14983
2026-04-30 04:45:00+00:00,201.02999877929688,201.02999877929688,201.02999877929688,200.97999572753906,200.97999572753906,18277
2026-04-30 04:46:00+00:00,201.0,201.0,201.10000610351562,201.0,201.05999755859375,30203
2026-04-30 04:47:00+00:00,200.75,200.75,201.0,200.67999267578125,201.0,69429
2026-04-30 04:48:00+00:00,200.75,200.75,200.75,200.67999267578125,200.75,24318
2026-04-30 04:49:00+00:00,200.77999877929688,200.77999877929688,200.92999267578125,200.77999877929688,200.88999938964844,59948
2026-04-30 04:50:00+00:00,200.8000030517578,200.8000030517578,200.8699951171875,200.77000427246094,200.82000732421875,23293
2026-04-30 04:51:00+00:00,200.8000030517578,200.8000030517578,200.8699951171875,200.8000030517578,200.82000732421875,35079
2026-04-30 04:52:00+00:00,200.86000061035156,200.86000061035156,200.94000244140625,200.86000061035156,200.89999389648438,24200
2026-04-30 04:53:00+00:00,200.69000244140625,200.69000244140625,200.77999877929688,200.69000244140625,200.77999877929688,44863
2026-04-30 04:54:00+00:00,200.75999450683594,200.75999450683594,200.75999450683594,200.64999389648438,200.69000244140625,16503
2026-04-30 04:55:00+00:00,200.7100067138672,200.7100067138672,200.7899932861328,200.6999969482422,200.7899932861328,37404
2026-04-30 04:56:00+00:00,200.74000549316406,200.74000549316406,200.88999938964844,200.74000549316406,200.8300018310547,22750
2026-04-30 04:57:00+00:00,200.8800048828125,200.8800048828125,200.88999938964844,200.72000122070312,200.72000122070312,35789
2026-04-30 04:58:00+00:00,200.8300018310547,200.8300018310547,200.89999389648438,200.8000030517578,200.8800048828125,25370
2026-04-30 04:59:00+00:00,200.82000732421875,200.82000732421875,200.89999389648438,200.8000030517578,200.8300018310547,14567
2026-04-30 05:00:00+00:00,200.80999755859375,200.80999755859375,200.88999938964844,200.8000030517578,200.8000030517578,10443
2026-04-30 05:01:00+00:00,200.9499969482422,200.9499969482422,200.9499969482422,200.85000610351562,200.85000610351562,9249
2026-04-30 05:02:00+00:00,200.94000244140625,200.94000244140625,200.97999572753906,200.94000244140625,200.9499969482422,12636
2026-04-30 05:03:00+00:00,200.83999633789062,200.83999633789062,200.92999267578125,200.7899932861328,200.89999389648438,16519
2026-04-30 05:04:00+00:00,200.7100067138672,200.7100067138672,200.85000610351562,200.69000244140625,200.85000610351562,31084
2026-04-30 05:05:00+00:00,200.6999969482422,200.6999969482422,200.77999877929688,200.66000366210938,200.6999969482422,14186
2026-04-30 05:06:00+00:00,200.69000244140625,200.69000244140625,200.75999450683594,200.6699981689453,200.75,12347
2026-04-30 05:07:00+00:00,200.63999938964844,200.63999938964844,200.6999969482422,200.63999938964844,200.64999389648438,5718
2026-04-30 05:08:00+00:00,200.6199951171875,200.6199951171875,200.69000244140625,200.55999755859375,200.67999267578125,46939
2026-04-30 05:09:00+00:00,200.64999389648438,200.64999389648438,200.64999389648438,200.5800018310547,200.5800018310547,20168
2026-04-30 05:10:00+00:00,200.67999267578125,200.67999267578125,200.6999969482422,200.5800018310547,200.64999389648438,9986
2026-04-30 05:11:00+00:00,200.55999755859375,200.55999755859375,200.67999267578125,200.52000427246094,200.67999267578125,45944
2026-04-30 05:12:00+00:00,200.52999877929688,200.52999877929688,200.60000610351562,200.52999877929688,200.60000610351562,84261
2026-04-30 05:13:00+00:00,200.69000244140625,200.69000244140625,200.69000244140625,200.57000732421875,200.57000732421875,8742
2026-04-30 05:14:00+00:00,200.64999389648438,200.64999389648438,200.74000549316406,200.60000610351562,200.67999267578125,15647
2026-04-30 05:15:00+00:00,200.5,200.5,200.64999389648438,200.5,200.64999389648438,58195
2026-04-30 05:16:00+00:00,200.49000549316406,200.49000549316406,200.5,200.42999267578125,200.5,12935
2026-04-30 05:17:00+00:00,200.36000061035156,200.36000061035156,200.49000549316406,200.27999877929688,200.4499969482422,60803
2026-04-30 05:18:00+00:00,200.4499969482422,200.4499969482422,200.47999572753906,200.3300018310547,200.3300018310547,4967
2026-04-30 05:19:00+00:00,200.35000610351562,200.35000610351562,200.42999267578125,200.3300018310547,200.42999267578125,17934
2026-04-30 05:20:00+00:00,200.3300018310547,200.3300018310547,200.35000610351562,200.25,200.35000610351562,21808
2026-04-30 05:21:00+00:00,200.5,200.5,200.52000427246094,200.3800048828125,200.3800048828125,18758
2026-04-30 05:22:00+00:00,200.42999267578125,200.42999267578125,200.5399932861328,200.3800048828125,200.5,15678
2026-04-30 05:23:00+00:00,200.41000366210938,200.41000366210938,200.49000549316406,200.41000366210938,200.47999572753906,4993
2026-04-30 05:24:00+00:00,200.39999389648438,200.39999389648438,200.4499969482422,200.38999938964844,200.4499969482422,14424
2026-04-30 05:25:00+00:00,200.3300018310547,200.3300018310547,200.39999389648438,200.3300018310547,200.39999389648438,8149
2026-04-30 05:26:00+00:00,200.27000427246094,200.27000427246094,200.33999633789062,200.27000427246094,200.32000732421875,18183
2026-04-30 05:27:00+00:00,200.39999389648438,200.39999389648438,200.39999389648438,200.25,200.27000427246094,36086
2026-04-30 05:28:00+00:00,200.35000610351562,200.35000610351562,200.39999389648438,200.33999633789062,200.38999938964844,11332
2026-04-30 05:29:00+00:00,200.30999755859375,200.30999755859375,200.3699951171875,200.3000030517578,200.3699951171875,10464
2026-04-30 05:30:00+00:00,200.39999389648438,200.39999389648438,200.41000366210938,200.32000732421875,200.35000610351562,10672
2026-04-30 05:31:00+00:00,200.3800048828125,200.3800048828125,200.41000366210938,200.27000427246094,200.38999938964844,28587
2026-04-30 05:32:00+00:00,200.35000610351562,200.35000610351562,200.39999389648438,200.30999755859375,200.3699951171875,20388
2026-04-30 05:33:00+00:00,200.39999389648438,200.39999389648438,200.39999389648438,200.3000030517578,200.38999938964844,42208
2026-04-30 05:34:00+00:00,200.4499969482422,200.4499969482422,200.4600067138672,200.39999389648438,200.39999389648438,18439
2026-04-30 05:35:00+00:00,200.55999755859375,200.55999755859375,200.58999633789062,200.4499969482422,200.4600067138672,26080
2026-04-30 05:36:00+00:00,200.5800018310547,200.5800018310547,200.63999938964844,200.55999755859375,200.55999755859375,14306
2026-04-30 05:37:00+00:00,200.52999877929688,200.52999877929688,200.5500030517578,200.52999877929688,200.52999877929688,9848
2026-04-30 05:38:00+00:00,200.4600067138672,200.4600067138672,200.5,200.39999389648438,200.5,24719
2026-04-30 05:39:00+00:00,200.49000549316406,200.49000549316406,200.52000427246094,200.44000244140625,200.52000427246094,6045
2026-04-30 05:40:00+00:00,200.30999755859375,200.30999755859375,200.52000427246094,200.3000030517578,200.49000549316406,24270
2026-04-30 05:41:00+00:00,200.33999633789062,200.33999633789062,200.39999389648438,200.3000030517578,200.3000030517578,18114
2026-04-30 05:42:00+00:00,200.30999755859375,200.30999755859375,200.35000610351562,200.30999755859375,200.35000610351562,11995
2026-04-30 05:43:00+00:00,200.27999877929688,200.27999877929688,200.39999389648438,200.27999877929688,200.33999633789062,22602
2026-04-30 05:44:00+00:00,200.33999633789062,200.33999633789062,200.3699951171875,200.30999755859375,200.36000061035156,14069
2026-04-30 05:45:00+00:00,200.3300018310547,200.3300018310547,200.3300018310547,200.27999877929688,200.2899932861328,84616
2026-04-30 05:46:00+00:00,200.25999450683594,200.25999450683594,200.33999633789062,200.25,200.33999633789062,74938
2026-04-30 05:47:00+00:00,200.3699951171875,200.3699951171875,200.3699951171875,200.3000030517578,200.36000061035156,5611
2026-04-30 05:48:00+00:00,200.2899932861328,200.2899932861328,200.3699951171875,200.25,200.3699951171875,25293
2026-04-30 05:49:00+00:00,200.22000122070312,200.22000122070312,200.27999877929688,200.2100067138672,200.27999877929688,27717
2026-04-30 05:50:00+00:00,200.14999389648438,200.14999389648438,200.25999450683594,200.14999389648438,200.22000122070312,43488
2026-04-30 05:51:00+00:00,200.16000366210938,200.16000366210938,200.1999969482422,200.1300048828125,200.14999389648438,14872
2026-04-30 05:52:00+00:00,200.0800018310547,200.0800018310547,200.16000366210938,200.0,200.14999389648438,166748
2026-04-30 05:53:00+00:00,200.16000366210938,200.16000366210938,200.17999267578125,200.0,200.0800018310547,28128
2026-04-30 05:54:00+00:00,200.1999969482422,200.1999969482422,200.2100067138672,200.0500030517578,200.0500030517578,67200
2026-04-30 05:55:00+00:00,200.0500030517578,200.0500030517578,200.1999969482422,200.02000427246094,200.10000610351562,151072
2026-04-30 05:56:00+00:00,200.11000061035156,200.11000061035156,200.19000244140625,200.02999877929688,200.0500030517578,12030
2026-04-30 05:57:00+00:00,200.11000061035156,200.11000061035156,200.16000366210938,200.08999633789062,200.16000366210938,28650
2026-04-30 05:58:00+00:00,200.1999969482422,200.1999969482422,200.22999572753906,200.02999877929688,200.0399932861328,64698
2026-04-30 05:59:00+00:00,200.22000122070312,200.22000122070312,200.25,200.14999389648438,200.1999969482422,20318
2026-04-30 06:00:00+00:00,200.25,200.25,200.2899932861328,200.2100067138672,200.2100067138672,27308
2026-04-30 06:01:00+00:00,200.24000549316406,200.24000549316406,200.27999877929688,200.1699981689453,200.27999877929688,101998
2026-04-30 06:02:00+00:00,200.1699981689453,200.1699981689453,200.22999572753906,200.1699981689453,200.17999267578125,35549
2026-04-30 06:03:00+00:00,200.24000549316406,200.24000549316406,200.24000549316406,200.16000366210938,200.1999969482422,30436
2026-04-30 06:04:00+00:00,200.32000732421875,200.32000732421875,200.35000610351562,200.22000122070312,200.25999450683594,26004
2026-04-30 06:05:00+00:00,200.39999389648438,200.39999389648438,200.39999389648438,200.25,200.25,34444
2026-04-30 06:06:00+00:00,200.42999267578125,200.42999267578125,200.49000549316406,200.3800048828125,200.3800048828125,22446
2026-04-30 06:07:00+00:00,200.44000244140625,200.44000244140625,200.47999572753906,200.30999755859375,200.4199981689453,40227
2026-04-30 06:08:00+00:00,200.3800048828125,200.3800048828125,200.4600067138672,200.25999450683594,200.42999267578125,138125
2026-04-30 06:09:00+00:00,200.35000610351562,200.35000610351562,200.4199981689453,200.25,200.35000610351562,115808
2026-04-30 06:10:00+00:00,200.3300018310547,200.3300018310547,200.3800048828125,200.25999450683594,200.35000610351562,17748
2026-04-30 06:11:00+00:00,200.32000732421875,200.32000732421875,200.32000732421875,200.2100067138672,200.32000732421875,31530
2026-04-30 06:12:00+00:00,200.5800018310547,200.5800018310547,200.5800018310547,200.3800048828125,200.3800048828125,23588
2026-04-30 06:13:00+00:00,200.3300018310547,200.3300018310547,200.58999633789062,200.3300018310547,200.58999633789062,37247
2026-04-30 06:14:00+00:00,200.41000366210938,200.41000366210938,200.4199981689453,200.32000732421875,200.32000732421875,13198
2026-04-30 06:15:00+00:00,200.35000610351562,200.35000610351562,200.38999938964844,200.3000030517578,200.3000030517578,25961
2026-04-30 06:16:00+00:00,200.4499969482422,200.4499969482422,200.47999572753906,200.35000610351562,200.35000610351562,13606
2026-04-30 06:17:00+00:00,200.39999389648438,200.39999389648438,200.4499969482422,200.33999633789062,200.4499969482422,16556
2026-04-30 06:18:00+00:00,200.35000610351562,200.35000610351562,200.4499969482422,200.33999633789062,200.39999389648438,10646
2026-04-30 06:19:00+00:00,200.50999450683594,200.50999450683594,200.58999633789062,200.41000366210938,200.42999267578125,12338
2026-04-30 06:20:00+00:00,200.67999267578125,200.67999267578125,200.69000244140625,200.5800018310547,200.58999633789062,17405
2026-04-30 06:21:00+00:00,200.7899932861328,200.7899932861328,200.8000030517578,200.60000610351562,200.60000610351562,23713
2026-04-30 06:22:00+00:00,200.8000030517578,200.8000030517578,200.8000030517578,200.72000122070312,200.77999877929688,24794
2026-04-30 06:23:00+00:00,200.8699951171875,200.8699951171875,200.97000122070312,200.77000427246094,200.7899932861328,68039
2026-04-30 06:24:00+00:00,200.92999267578125,200.92999267578125,200.9499969482422,200.85000610351562,200.89999389648438,14280
2026-04-30 06:25:00+00:00,200.97999572753906,200.97999572753906,200.97999572753906,200.8300018310547,200.97999572753906,29473
2026-04-30 06:26:00+00:00,200.97000122070312,200.97000122070312,201.10000610351562,200.97000122070312,200.97000122070312,20561
2026-04-30 06:27:00+00:00,201.1199951171875,201.1199951171875,201.25999450683594,200.92999267578125,200.97000122070312,57280
2026-04-30 06:28:00+00:00,201.16000366210938,201.16000366210938,201.2100067138672,201.05999755859375,201.1199951171875,13851
2026-04-30 06:29:00+00:00,201.16000366210938,201.16000366210938,201.22999572753906,201.16000366210938,201.1999969482422,16354
2026-04-30 06:30:00+00:00,201.1999969482422,201.1999969482422,201.22999572753906,201.16000366210938,201.1999969482422,18904
2026-04-30 06:31:00+00:00,201.19000244140625,201.19000244140625,201.25,201.14999389648438,201.17999267578125,23022
2026-04-30 06:32:00+00:00,201.11000061035156,201.11000061035156,201.19000244140625,201.11000061035156,201.19000244140625,16320
2026-04-30 06:33:00+00:00,201.1999969482422,201.1999969482422,201.27999877929688,201.11000061035156,201.11000061035156,37510
2026-04-30 06:34:00+00:00,201.25999450683594,201.25999450683594,201.36000061035156,201.17999267578125,201.17999267578125,29555
2026-04-30 06:35:00+00:00,201.38999938964844,201.38999938964844,201.38999938964844,201.25999450683594,201.25999450683594,16507
2026-04-30 06:36:00+00:00,201.35000610351562,201.35000610351562,201.38999938964844,201.22000122070312,201.3800048828125,49174
2026-04-30 06:37:00+00:00,201.25,201.25,201.3800048828125,201.25,201.36000061035156,13771
2026-04-30 06:38:00+00:00,201.13999938964844,201.13999938964844,201.27999877929688,201.13999938964844,201.27999877929688,25855
2026-04-30 06:39:00+00:00,201.24000549316406,201.24000549316406,201.25,201.08999633789062,201.08999633789062,53339
2026-04-30 06:40:00+00:00,201.17999267578125,201.17999267578125,201.3000030517578,201.16000366210938,201.27999877929688,223599
2026-04-30 06:41:00+00:00,201.1999969482422,201.1999969482422,201.25999450683594,201.10000610351562,201.1999969482422,100508
2026-04-30 06:42:00+00:00,201.13999938964844,201.13999938964844,201.22000122070312,201.10000610351562,201.1999969482422,15300
2026-04-30 06:43:00+00:00,201.3000030517578,201.3000030517578,201.3000030517578,201.14999389648438,201.22000122070312,13488
2026-04-30 06:44:00+00:00,201.3699951171875,201.3699951171875,201.3800048828125,201.3000030517578,201.3000030517578,18844
2026-04-30 06:45:00+00:00,201.32000732421875,201.32000732421875,201.39999389648438,201.22000122070312,201.39999389648438,16781
2026-04-30 06:46:00+00:00,201.24000549316406,201.24000549316406,201.35000610351562,201.2100067138672,201.25999450683594,21889
2026-04-30 06:47:00+00:00,201.2100067138672,201.2100067138672,201.3000030517578,201.2100067138672,201.3000030517578,16274
2026-04-30 06:48:00+00:00,201.1999969482422,201.1999969482422,201.2899932861328,201.14999389648438,201.25,6984
2026-04-30 06:49:00+00:00,201.25,201.25,201.3000030517578,201.14999389648438,201.14999389648438,11930
2026-04-30 06:50:00+00:00,201.2899932861328,201.2899932861328,201.3000030517578,201.1999969482422,201.24000549316406,13691
2026-04-30 06:51:00+00:00,201.25999450683594,201.25999450683594,201.3000030517578,201.1999969482422,201.27999877929688,17144
2026-04-30 06:52:00+00:00,201.2899932861328,201.2899932861328,201.3000030517578,201.25,201.25999450683594,19246
2026-04-30 06:53:00+00:00,201.2100067138672,201.2100067138672,201.2899932861328,201.14999389648438,201.2100067138672,17016
2026-04-30 06:54:00+00:00,201.41000366210938,201.41000366210938,201.4499969482422,201.2100067138672,201.2100067138672,30331
2026-04-30 06:55:00+00:00,201.32000732421875,201.32000732421875,201.4199981689453,201.32000732421875,201.39999389648438,32029
2026-04-30 06:56:00+00:00,201.3300018310547,201.3300018310547,201.3800048828125,201.3000030517578,201.32000732421875,21504
2026-04-30 06:57:00+00:00,201.3300018310547,201.3300018310547,201.3699951171875,201.2899932861328,201.3699951171875,16562
2026-04-30 06:58:00+00:00,201.27999877929688,201.27999877929688,201.38999938964844,201.27999877929688,201.30999755859375,13479
2026-04-30 06:59:00+00:00,201.38999938964844,201.38999938964844,201.38999938964844,201.24000549316406,201.27999877929688,16201
2026-04-30 07:00:00+00:00,201.44000244140625,201.44000244140625,201.4499969482422,201.3800048828125,201.3800048828125,18023
2026-04-30 07:01:00+00:00,201.49000549316406,201.49000549316406,201.5500030517578,201.39999389648438,201.44000244140625,31297
2026-04-30 07:02:00+00:00,201.49000549316406,201.49000549316406,201.5399932861328,201.42999267578125,201.5399932861328,24029
2026-04-30 07:03:00+00:00,201.52999877929688,201.52999877929688,201.52999877929688,201.44000244140625,201.49000549316406,17437
2026-04-30 07:04:00+00:00,201.8800048828125,201.8800048828125,201.88999938964844,201.5500030517578,201.5500030517578,104173
2026-04-30 07:05:00+00:00,201.74000549316406,201.74000549316406,201.97999572753906,201.66000366210938,201.8800048828125,36913
2026-04-30 07:06:00+00:00,201.5800018310547,201.5800018310547,201.75,201.52000427246094,201.6999969482422,14569
2026-04-30 07:07:00+00:00,201.5399932861328,201.5399932861328,201.60000610351562,201.50999450683594,201.52000427246094,15671
2026-04-30 07:08:00+00:00,201.57000732421875,201.57000732421875,201.69000244140625,201.57000732421875,201.60000610351562,13984
2026-04-30 07:09:00+00:00,201.5399932861328,201.5399932861328,201.69000244140625,201.5399932861328,201.64999389648438,36074
2026-04-30 07:10:00+00:00,201.77999877929688,201.77999877929688,201.77999877929688,201.5500030517578,201.60000610351562,27060
2026-04-30 07:11:00+00:00,201.83999633789062,201.83999633789062,201.94000244140625,201.6999969482422,201.75999450683594,25304
2026-04-30 07:12:00+00:00,202.0,202.0,202.02000427246094,201.83999633789062,201.83999633789062,128560
2026-04-30 07:13:00+00:00,202.0800018310547,202.0800018310547,202.10000610351562,202.0,202.07000732421875,39492
2026-04-30 07:14:00+00:00,202.0500030517578,202.0500030517578,202.08999633789062,202.02000427246094,202.0500030517578,24310
2026-04-30 07:15:00+00:00,202.07000732421875,202.07000732421875,202.08999633789062,202.02000427246094,202.05999755859375,18442
2026-04-30 07:16:00+00:00,202.1199951171875,202.1199951171875,202.1199951171875,202.02000427246094,202.0500030517578,97371
2026-04-30 07:17:00+00:00,201.92999267578125,201.92999267578125,202.1199951171875,201.8800048828125,202.10000610351562,22046
2026-04-30 07:18:00+00:00,202.0,202.0,202.0,201.91000366210938,202.0,11664
2026-04-30 07:19:00+00:00,202.13999938964844,202.13999938964844,202.13999938964844,202.0,202.0,28238
2026-04-30 07:20:00+00:00,202.1199951171875,202.1199951171875,202.13999938964844,202.00999450683594,202.1300048828125,12157
2026-04-30 07:21:00+00:00,201.9499969482422,201.9499969482422,202.0800018310547,201.9499969482422,202.0500030517578,21434
2026-04-30 07:22:00+00:00,201.8699951171875,201.8699951171875,202.0,201.8300018310547,201.9499969482422,24824
2026-04-30 07:23:00+00:00,201.86000061035156,201.86000061035156,201.86000061035156,201.6999969482422,201.83999633789062,37752
2026-04-30 07:24:00+00:00,201.85000610351562,201.85000610351562,201.91000366210938,201.8000030517578,201.86000061035156,23438
2026-04-30 07:25:00+00:00,201.86000061035156,201.86000061035156,201.91000366210938,201.75,201.85000610351562,20559
2026-04-30 07:26:00+00:00,201.77999877929688,201.77999877929688,201.85000610351562,201.75,201.82000732421875,35385
2026-04-30 07:27:00+00:00,201.80999755859375,201.80999755859375,201.89999389648438,201.8000030517578,201.83999633789062,15022
2026-04-30 07:28:00+00:00,201.86000061035156,201.86000061035156,201.8699951171875,201.8000030517578,201.85000610351562,10310
2026-04-30 07:29:00+00:00,201.8000030517578,201.8000030517578,201.89999389648438,201.8000030517578,201.8000030517578,13792
2026-04-30 07:30:00+00:00,201.83999633789062,201.83999633789062,201.85000610351562,201.75999450683594,201.77999877929688,34665
2026-04-30 07:31:00+00:00,201.88999938964844,201.88999938964844,201.89999389648438,201.8300018310547,201.8300018310547,41866
2026-04-30 07:32:00+00:00,201.6699981689453,201.6699981689453,201.8699951171875,201.5500030517578,201.8699951171875,36170
2026-04-30 07:33:00+00:00,201.69000244140625,201.69000244140625,201.6999969482422,201.60000610351562,201.60000610351562,14574
2026-04-30 07:34:00+00:00,201.66000366210938,201.66000366210938,201.69000244140625,201.60000610351562,201.67999267578125,12766
2026-04-30 07:35:00+00:00,201.58999633789062,201.58999633789062,201.72999572753906,201.58999633789062,201.64999389648438,11218
2026-04-30 07:36:00+00:00,201.61000061035156,201.61000061035156,201.6699981689453,201.61000061035156,201.6199951171875,12098
2026-04-30 07:37:00+00:00,201.58999633789062,201.58999633789062,201.74000549316406,201.58999633789062,201.64999389648438,12547
2026-04-30 07:38:00+00:00,201.61000061035156,201.61000061035156,201.72000122070312,201.55999755859375,201.57000732421875,11608
2026-04-30 07:39:00+00:00,201.63999938964844,201.63999938964844,201.72000122070312,201.60000610351562,201.60000610351562,11583
2026-04-30 07:40:00+00:00,201.72000122070312,201.72000122070312,201.75,201.60000610351562,201.6999969482422,19658
2026-04-30 07:41:00+00:00,201.74000549316406,201.74000549316406,201.8300018310547,201.6699981689453,201.72000122070312,17352
2026-04-30 07:42:00+00:00,201.5399932861328,201.5399932861328,201.72999572753906,201.5399932861328,201.72999572753906,16517
2026-04-30 07:43:00+00:00,201.5,201.5,201.6300048828125,201.5,201.5399932861328,12639
2026-04-30 07:44:00+00:00,201.60000610351562,201.60000610351562,201.64999389648438,201.52999877929688,201.52999877929688,20262
2026-04-30 07:45:00+00:00,201.64999389648438,201.64999389648438,201.64999389648438,201.5500030517578,201.60000610351562,12890
2026-04-30 07:46:00+00:00,201.5500030517578,201.5500030517578,201.6199951171875,201.50999450683594,201.60000610351562,10389
2026-04-30 07:47:00+00:00,201.5399932861328,201.5399932861328,201.6199951171875,201.5,201.5500030517578,15485
2026-04-30 07:48:00+00:00,201.55999755859375,201.55999755859375,201.64999389648438,201.52000427246094,201.57000732421875,8012
2026-04-30 07:49:00+00:00,201.57000732421875,201.57000732421875,201.64999389648438,201.5,201.52999877929688,10303
2026-04-30 07:50:00+00:00,201.7100067138672,201.7100067138672,201.75999450683594,201.52999877929688,201.5500030517578,14309
2026-04-30 07:51:00+00:00,201.60000610351562,201.60000610351562,201.7100067138672,201.60000610351562,201.6699981689453,9658
2026-04-30 07:52:00+00:00,201.60000610351562,201.60000610351562,201.69000244140625,201.55999755859375,201.60000610351562,10247
2026-04-30 07:53:00+00:00,201.67999267578125,201.67999267578125,201.67999267578125,201.55999755859375,201.55999755859375,12411
2026-04-30 07:54:00+00:00,201.52999877929688,201.52999877929688,201.75,201.52999877929688,201.69000244140625,18342
2026-04-30 07:55:00+00:00,201.52000427246094,201.52000427246094,201.60000610351562,201.5,201.52000427246094,20898
2026-04-30 07:56:00+00:00,201.55999755859375,201.55999755859375,201.5800018310547,201.5,201.55999755859375,12181
2026-04-30 07:57:00+00:00,201.58999633789062,201.58999633789062,201.58999633789062,201.47999572753906,201.55999755859375,25144
2026-04-30 07:58:00+00:00,201.57000732421875,201.57000732421875,201.57000732421875,201.47999572753906,201.50999450683594,19548
2026-04-30 07:59:00+00:00,201.6300048828125,201.6300048828125,201.6300048828125,201.47999572753906,201.5,23992
2026-04-30 08:00:00+00:00,201.63999938964844,201.63999938964844,201.64999389648438,201.52999877929688,201.52999877929688,14674
2026-04-30 08:01:00+00:00,201.63999938964844,201.63999938964844,201.75999450683594,201.63999938964844,201.63999938964844,18461
2026-04-30 08:02:00+00:00,201.60000610351562,201.60000610351562,201.6999969482422,201.58999633789062,201.6999969482422,11329
2026-04-30 08:03:00+00:00,201.6999969482422,201.6999969482422,201.72999572753906,201.61000061035156,201.72999572753906,20829
2026-04-30 08:04:00+00:00,201.77000427246094,201.77000427246094,201.85000610351562,201.75,201.75,52430
2026-04-30 08:05:00+00:00,201.83999633789062,201.83999633789062,201.85000610351562,201.74000549316406,201.74000549316406,23194
2026-04-30 08:06:00+00:00,201.83999633789062,201.83999633789062,201.85000610351562,201.80999755859375,201.85000610351562,39766
2026-04-30 08:07:00+00:00,201.8000030517578,201.8000030517578,201.89999389648438,201.8000030517578,201.83999633789062,75860
2026-04-30 08:08:00+00:00,201.75,201.75,201.86000061035156,201.6999969482422,201.86000061035156,15096
2026-04-30 08:09:00+00:00,201.63999938964844,201.63999938964844,201.75,201.61000061035156,201.6999969482422,24080
2026-04-30 08:10:00+00:00,201.66000366210938,201.66000366210938,201.72000122070312,201.61000061035156,201.61000061035156,10185
2026-04-30 08:11:00+00:00,201.77999877929688,201.77999877929688,201.8000030517578,201.63999938964844,201.69000244140625,16313
2026-04-30 08:12:00+00:00,201.75,201.75,201.7899932861328,201.6999969482422,201.72000122070312,13078
2026-04-30 08:13:00+00:00,201.72000122070312,201.72000122070312,201.8000030517578,201.7100067138672,201.75,22141
2026-04-30 08:14:00+00:00,201.67999267578125,201.67999267578125,201.80999755859375,201.67999267578125,201.77000427246094,29196
2026-04-30 08:15:00+00:00,201.64999389648438,201.64999389648438,201.75999450683594,201.60000610351562,201.67999267578125,25902
2026-04-30 08:16:00+00:00,201.66000366210938,201.66000366210938,201.75,201.64999389648438,201.72999572753906,17112
2026-04-30 08:17:00+00:00,201.74000549316406,201.74000549316406,201.7899932861328,201.61000061035156,201.64999389648438,16166
2026-04-30 08:18:00+00:00,201.75,201.75,201.80999755859375,201.7100067138672,201.7899932861328,11520
2026-04-30 08:19:00+00:00,201.75,201.75,201.85000610351562,201.72999572753906,201.75999450683594,13834
2026-04-30 08:20:00+00:00,201.75999450683594,201.75999450683594,201.86000061035156,201.75,201.75999450683594,16520
2026-04-30 08:21:00+00:00,201.7100067138672,201.7100067138672,201.77000427246094,201.66000366210938,201.74000549316406,14886
2026-04-30 08:22:00+00:00,201.75,201.75,201.8000030517578,201.6999969482422,201.6999969482422,13642
2026-04-30 08:23:00+00:00,201.6999969482422,201.6999969482422,201.8000030517578,201.6999969482422,201.75,14475
2026-04-30 08:24:00+00:00,201.64999389648438,201.64999389648438,201.72000122070312,201.6199951171875,201.6999969482422,27080
2026-04-30 08:25:00+00:00,201.72999572753906,201.72999572753906,201.75,201.6999969482422,201.7100067138672,12149
2026-04-30 08:26:00+00:00,201.72000122070312,201.72000122070312,201.77999877929688,201.6999969482422,201.72999572753906,10041
2026-04-30 08:27:00+00:00,201.72000122070312,201.72000122070312,201.77000427246094,201.72000122070312,201.75,18132
2026-04-30 08:28:00+00:00,201.8000030517578,201.8000030517578,201.8699951171875,201.72999572753906,201.72999572753906,20018
2026-04-30 08:29:00+00:00,201.77999877929688,201.77999877929688,201.88999938964844,201.75999450683594,201.80999755859375,12135
2026-04-30 08:30:00+00:00,201.85000610351562,201.85000610351562,201.85000610351562,201.77000427246094,201.83999633789062,17014
2026-04-30 08:31:00+00:00,201.8000030517578,201.8000030517578,201.88999938964844,201.8000030517578,201.88999938964844,20510
2026-04-30 08:32:00+00:00,201.83999633789062,201.83999633789062,201.85000610351562,201.72999572753906,201.74000549316406,22074
2026-04-30 08:33:00+00:00,201.8300018310547,201.8300018310547,201.88999938964844,201.77999877929688,201.8300018310547,15855
2026-04-30 08:34:00+00:00,201.88999938964844,201.88999938964844,202.0,201.88999938964844,201.99000549316406,38063
2026-04-30 08:35:00+00:00,201.8300018310547,201.8300018310547,201.9199981689453,201.75999450683594,201.88999938964844,15924
2026-04-30 08:36:00+00:00,201.8000030517578,201.8000030517578,201.8300018310547,201.72999572753906,201.8000030517578,22458
2026-04-30 08:37:00+00:00,201.75,201.75,201.82000732421875,201.7100067138672,201.80999755859375,32231
2026-04-30 08:38:00+00:00,201.99000549316406,201.99000549316406,201.99000549316406,201.75,201.75,27117
2026-04-30 08:39:00+00:00,201.89999389648438,201.89999389648438,201.92999267578125,201.8000030517578,201.85000610351562,23138
2026-04-30 08:40:00+00:00,202.0,202.0,202.0500030517578,201.91000366210938,201.91000366210938,39667
2026-04-30 08:41:00+00:00,201.89999389648438,201.89999389648438,202.0,201.82000732421875,201.97999572753906,20281
2026-04-30 08:42:00+00:00,201.83999633789062,201.83999633789062,201.88999938964844,201.8000030517578,201.88999938964844,15286
2026-04-30 08:43:00+00:00,201.8800048828125,201.8800048828125,201.9199981689453,201.83999633789062,201.83999633789062,14629
2026-04-30 08:44:00+00:00,201.88999938964844,201.88999938964844,201.88999938964844,201.80999755859375,201.86000061035156,14557
2026-04-30 08:45:00+00:00,201.89999389648438,201.89999389648438,201.89999389648438,201.8300018310547,201.8300018310547,20740
2026-04-30 08:46:00+00:00,201.8300018310547,201.8300018310547,201.89999389648438,201.8300018310547,201.83999633789062,37660
2026-04-30 08:47:00+00:00,201.80999755859375,201.80999755859375,201.89999389648438,201.77000427246094,201.82000732421875,22326
2026-04-30 08:48:00+00:00,201.75,201.75,201.80999755859375,201.75,201.80999755859375,13743
2026-04-30 08:49:00+00:00,201.6999969482422,201.6999969482422,201.75,201.6999969482422,201.75,28521
2026-04-30 08:50:00+00:00,201.7100067138672,201.7100067138672,201.8000030517578,201.7100067138672,201.75999450683594,36546
2026-04-30 08:51:00+00:00,201.63999938964844,201.63999938964844,201.77999877929688,201.61000061035156,201.7100067138672,40429
2026-04-30 08:52:00+00:00,201.6199951171875,201.6199951171875,201.6999969482422,201.52000427246094,201.64999389648438,33041
2026-04-30 08:53:00+00:00,201.6999969482422,201.6999969482422,201.74000549316406,201.5800018310547,201.6199951171875,20255
2026-04-30 08:54:00+00:00,201.7100067138672,201.7100067138672,201.7899932861328,201.64999389648438,201.75,18663
2026-04-30 08:55:00+00:00,201.63999938964844,201.63999938964844,201.8000030517578,201.63999938964844,201.77999877929688,18390
2026-04-30 08:56:00+00:00,201.57000732421875,201.57000732421875,201.64999389648438,201.5500030517578,201.6300048828125,22929
2026-04-30 08:57:00+00:00,201.4199981689453,201.4199981689453,201.6300048828125,201.4199981689453,201.60000610351562,47513
2026-04-30 08:58:00+00:00,201.49000549316406,201.49000549316406,201.5,201.3699951171875,201.4600067138672,46002
2026-04-30 08:59:00+00:00,201.55999755859375,201.55999755859375,201.61000061035156,201.47000122070312,201.5,33431
2026-04-30 09:00:00+00:00,201.5800018310547,201.5800018310547,201.6300048828125,201.49000549316406,201.49000549316406,16807
2026-04-30 09:01:00+00:00,201.58999633789062,201.58999633789062,201.61000061035156,201.5,201.57000732421875,18194
2026-04-30 09:02:00+00:00,201.5,201.5,201.6699981689453,201.5,201.64999389648438,32416
2026-04-30 09:03:00+00:00,201.72000122070312,201.72000122070312,201.75999450683594,201.5,201.5,23958
2026-04-30 09:04:00+00:00,201.77999877929688,201.77999877929688,201.86000061035156,201.75,201.75,35117
2026-04-30 09:05:00+00:00,201.85000610351562,201.85000610351562,201.91000366210938,201.8000030517578,201.8000030517578,41438
2026-04-30 09:06:00+00:00,201.8699951171875,201.8699951171875,201.88999938964844,201.80999755859375,201.85000610351562,20576
2026-04-30 09:07:00+00:00,201.77999877929688,201.77999877929688,201.8800048828125,201.77999877929688,201.86000061035156,23680
2026-04-30 09:08:00+00:00,201.7100067138672,201.7100067138672,201.8300018310547,201.6999969482422,201.8300018310547,22291
2026-04-30 09:09:00+00:00,201.8000030517578,201.8000030517578,201.8000030517578,201.6999969482422,201.72999572753906,20434
2026-04-30 09:10:00+00:00,201.86000061035156,201.86000061035156,201.8699951171875,201.77999877929688,201.77999877929688,25138
2026-04-30 09:11:00+00:00,201.75999450683594,201.75999450683594,201.89999389648438,201.75999450683594,201.8699951171875,25691
2026-04-30 09:12:00+00:00,201.8699951171875,201.8699951171875,201.8699951171875,201.77999877929688,201.8300018310547,19595
2026-04-30 09:13:00+00:00,201.8699951171875,201.8699951171875,201.88999938964844,201.83999633789062,201.86000061035156,24021
2026-04-30 09:14:00+00:00,201.9499969482422,201.9499969482422,201.9499969482422,201.86000061035156,201.8800048828125,34696
2026-04-30 09:15:00+00:00,201.97999572753906,201.97999572753906,201.97999572753906,201.9199981689453,201.92999267578125,31184
2026-04-30 09:16:00+00:00,201.91000366210938,201.91000366210938,202.00999450683594,201.91000366210938,202.00999450683594,35444
2026-04-30 09:17:00+00:00,201.8000030517578,201.8000030517578,201.89999389648438,201.72000122070312,201.89999389648438,27902
2026-04-30 09:18:00+00:00,201.72000122070312,201.72000122070312,201.8000030517578,201.61000061035156,201.8000030517578,27588
2026-04-30 09:19:00+00:00,201.60000610351562,201.60000610351562,201.75999450683594,201.60000610351562,201.74000549316406,29056
2026-04-30 09:20:00+00:00,201.4600067138672,201.4600067138672,201.5800018310547,201.44000244140625,201.5500030517578,59556
2026-04-30 09:21:00+00:00,201.60000610351562,201.60000610351562,201.60000610351562,201.4199981689453,201.4499969482422,67849
2026-04-30 09:22:00+00:00,201.5,201.5,201.61000061035156,201.4199981689453,201.60000610351562,28247
2026-04-30 09:23:00+00:00,201.5,201.5,201.5,201.4499969482422,201.49000549316406,18962
2026-04-30 09:24:00+00:00,201.39999389648438,201.39999389648438,201.5,201.3800048828125,201.5,46825
2026-04-30 09:25:00+00:00,201.3699951171875,201.3699951171875,201.39999389648438,201.3300018310547,201.3300018310547,24002
2026-04-30 09:26:00+00:00,201.47000122070312,201.47000122070312,201.47000122070312,201.3699951171875,201.3699951171875,27907
2026-04-30 09:27:00+00:00,201.39999389648438,201.39999389648438,201.5,201.38999938964844,201.4600067138672,61829
2026-04-30 09:28:00+00:00,201.3800048828125,201.3800048828125,201.47000122070312,201.3800048828125,201.47000122070312,17961
2026-04-30 09:29:00+00:00,201.4600067138672,201.4600067138672,201.5,201.39999389648438,201.39999389648438,43871
2026-04-30 09:30:00+00:00,201.24000549316406,201.24000549316406,201.38999938964844,201.11000061035156,201.38999938964844,273040
2026-04-30 09:31:00+00:00,201.0500030517578,201.0500030517578,201.1999969482422,201.0399932861328,201.1999969482422,66153
2026-04-30 09:32:00+00:00,200.89999389648438,200.89999389648438,201.02999877929688,200.8699951171875,201.02999877929688,193936
2026-04-30 09:33:00+00:00,200.8800048828125,200.8800048828125,200.8800048828125,200.82000732421875,200.8800048828125,106005
2026-04-30 09:34:00+00:00,200.83999633789062,200.83999633789062,200.8699951171875,200.8000030517578,200.8699951171875,63618
2026-04-30 09:35:00+00:00,200.75,200.75,200.8300018310547,200.7100067138672,200.8300018310547,101434
2026-04-30 09:36:00+00:00,200.72000122070312,200.72000122070312,200.72999572753906,200.6999969482422,200.72999572753906,78263
2026-04-30 09:37:00+00:00,200.6199951171875,200.6199951171875,200.72000122070312,200.6199951171875,200.72000122070312,56482
2026-04-30 09:38:00+00:00,200.64999389648438,200.64999389648438,200.6699981689453,200.61000061035156,200.6699981689453,107798
2026-04-30 09:39:00+00:00,200.5500030517578,200.5500030517578,200.64999389648438,200.5500030517578,200.64999389648438,70282
2026-04-30 09:40:00+00:00,200.41000366210938,200.41000366210938,200.5500030517578,200.41000366210938,200.5500030517578,122804
2026-04-30 09:41:00+00:00,200.4499969482422,200.4499969482422,200.47999572753906,200.39999389648438,200.41000366210938,131414
2026-04-30 09:42:00+00:00,200.44000244140625,200.44000244140625,200.44000244140625,200.3699951171875,200.4199981689453,128338
2026-04-30 09:43:00+00:00,200.44000244140625,200.44000244140625,200.47000122070312,200.38999938964844,200.39999389648438,86416
2026-04-30 09:44:00+00:00,200.47999572753906,200.47999572753906,200.47999572753906,200.41000366210938,200.4199981689453,114662
2026-04-30 09:45:00+00:00,200.41000366210938,200.41000366210938,200.44000244140625,200.39999389648438,200.41000366210938,93657
2026-04-30 09:46:00+00:00,200.44000244140625,200.44000244140625,200.4499969482422,200.39999389648438,200.4499969482422,83104
2026-04-30 09:47:00+00:00,200.41000366210938,200.41000366210938,200.44000244140625,200.3800048828125,200.4199981689453,73087
2026-04-30 09:48:00+00:00,200.5,200.5,200.5,200.3000030517578,200.35000610351562,177621
2026-04-30 09:49:00+00:00,200.49000549316406,200.49000549316406,200.52999877929688,200.49000549316406,200.52999877929688,69716
2026-04-30 09:50:00+00:00,200.60000610351562,200.60000610351562,200.60000610351562,200.42999267578125,200.47999572753906,214307
2026-04-30 09:51:00+00:00,200.52999877929688,200.52999877929688,200.52999877929688,200.5,200.5,54764
2026-04-30 09:52:00+00:00,200.3300018310547,200.3300018310547,200.50999450683594,200.3300018310547,200.50999450683594,106340
2026-04-30 09:53:00+00:00,200.5500030517578,200.5500030517578,200.61000061035156,200.3699951171875,200.38999938964844,191676
2026-04-30 09:54:00+00:00,200.74000549316406,200.74000549316406,200.74000549316406,200.4499969482422,200.5500030517578,272999
2026-04-30 09:55:00+00:00,200.67999267578125,200.67999267578125,200.7100067138672,200.5800018310547,200.7100067138672,121543
2026-04-30 09:56:00+00:00,200.75,200.75,200.82000732421875,200.6999969482422,200.6999969482422,122568
2026-04-30 09:57:00+00:00,200.97999572753906,200.97999572753906,200.97999572753906,200.77000427246094,200.77000427246094,128705
2026-04-30 09:58:00+00:00,201.1999969482422,201.1999969482422,201.1999969482422,201.0399932861328,201.0399932861328,113110
2026-04-30 09:59:00+00:00,201.0500030517578,201.0500030517578,201.19000244140625,201.00999450683594,201.19000244140625,95681
